n,seconds
1,0.000
2,0.033
3,0.048
4,0.052
5,0.108
6,0.111
7,0.155
8,0.169
9,0.172
10,0.321
11,0.325
12,0.397
13,0.449
14,0.451
15,0.453
16,0.477
17,0.479
18,0.481
19,0.483
20,0.485
21,0.488
22,0.497
23,0.498
24,0.539
25,0.541
26,0.573
27,0.582
28,0.584
29,0.696
30,0.699
31,0.769
32,0.819
33,0.821
34,0.823
35,0.845
36,0.847
37,0.849
38,0.851
39,0.853
40,0.856
41,0.865
42,0.867
43,0.909
44,0.911
45,0.942
46,0.950
47,0.952
48,1.071
49,1.074
50,1.143
51,1.195
52,1.197
53,1.199
54,1.222
55,1.224
56,1.227
57,1.228
58,1.230
59,1.234
60,1.242
61,1.244
62,1.286
63,1.288
64,1.320
65,1.328
66,1.330
67,1.449
68,1.452
69,1.535
70,1.602
71,1.605
72,1.607
73,1.637
74,1.640
75,1.642
76,1.645
77,1.647
78,1.651
79,1.665
80,1.667
81,1.721
82,1.723
83,1.767
84,1.786
85,1.790
86,1.997
87,2.001
88,2.079
89,2.132
90,2.134
91,2.136
92,2.159
93,2.161
94,2.163
95,2.165
96,2.167
97,2.170
98,2.179
99,2.180
100,2.223
101,2.225
102,2.257
103,2.266
104,2.268
105,2.398
106,2.401
107,2.523
108,2.610
109,2.615
110,2.620
111,2.679
112,2.684
113,2.689
114,2.693
115,2.697
116,2.704
117,2.723
118,2.727
119,2.782
120,2.785
121,2.825
122,2.840
123,2.843
124,2.989
125,2.992
126,3.070
127,3.122
128,3.125
129,3.127
130,3.150
131,3.153
132,3.155
133,3.157
134,3.160
135,3.163
136,3.173
137,3.175
138,3.219
139,3.222
140,3.255
141,3.265
142,3.267
143,3.396
144,3.399
145,3.484
146,3.552
147,3.554
148,3.557
149,3.589
150,3.591
151,3.594
152,3.596
153,3.599
154,3.603
155,3.620
156,3.623
157,3.684
158,3.687
159,3.730
160,3.746
161,3.748
162,3.930
163,3.933
164,4.015
165,4.070
166,4.073
167,4.075
168,4.098
169,4.103
170,4.105
171,4.108
172,4.111
173,4.115
174,4.125
175,4.127
176,4.176
177,4.179
178,4.219
179,4.229
180,4.233
181,4.385
182,4.389
183,4.482
184,4.542
185,4.546
186,4.548
187,4.576
188,4.579
189,4.582
190,4.584
191,4.587
192,4.592
193,4.603
194,4.605
195,4.658
196,4.661
197,4.699
198,4.710
199,4.712
200,4.872
201,4.876
202,4.965
203,5.021
204,5.024
205,5.028
206,5.053
207,5.056
208,5.059
209,5.061
210,5.064
211,5.068
212,5.079
213,5.082
214,5.136
215,5.139
216,5.180
217,5.190
218,5.193
219,5.376
220,5.379
221,5.489
222,5.557
223,5.559
224,5.562
225,5.593
226,5.595
227,5.598
228,5.600
229,5.602
230,5.606
231,5.621
232,5.623
233,5.688
234,5.691
235,5.743
236,5.756
237,5.758
238,5.918
239,5.920
240,6.014
241,6.067
242,6.069
243,6.071
244,6.093
245,6.095
246,6.097
247,6.099
248,6.101
249,6.105
250,6.114
251,6.116
252,6.170
253,6.172
254,6.208
255,6.217
256,6.219
257,6.222
258,6.228
259,6.229
260,6.385
261,6.389
262,6.392
263,6.395
264,6.491
265,6.652
266,6.656
267,6.658
268,6.661
269,6.751
270,6.815
271,6.817
272,6.819
273,6.850
274,6.852
275,6.854
276,6.856
277,6.858
278,6.860
279,6.910
280,6.912
281,6.914
282,6.939
283,6.948
284,6.951
285,7.006
286,7.010
287,7.056
288,7.071
289,7.074
290,7.268
291,7.271
292,7.385
293,7.478
294,7.481
295,7.483
296,7.520
297,7.522
298,7.524
299,7.526
300,7.528
301,7.530
302,7.583
303,7.586
304,7.588
305,7.612
306,7.621
307,7.623
308,7.674
309,7.676
310,7.711
311,7.721
312,7.723
313,7.876
314,7.879
315,7.970
316,8.038
317,8.041
318,8.043
319,8.077
320,8.079
321,8.081
322,8.083
323,8.085
324,8.087
325,8.142
326,8.144
327,8.146
328,8.171
329,8.181
330,8.183
331,8.241
332,8.243
333,8.282
334,8.292
335,8.295
336,8.462
337,8.465
338,8.560
339,8.627
340,8.630
341,8.632
342,8.665
343,8.668
344,8.670
345,8.672
346,8.674
347,8.676
348,8.729
349,8.732
350,8.734
351,8.757
352,8.772
353,8.774
354,8.924
355,8.928
356,9.016
357,9.066
358,9.082
359,9.085
360,9.279
361,9.283
362,9.286
363,9.379
364,9.547
365,9.551
366,9.554
367,9.657
368,9.826
369,9.829
370,9.833
371,9.925
372,9.966
373,9.976
374,9.979
375,10.046
376,10.048
377,10.119
378,10.121
379,10.124
380,10.159
381,10.162
382,10.164
383,10.166
384,10.168
385,10.170
386,10.173
387,10.231
388,10.234
389,10.236
390,10.262
391,10.273
392,10.275
393,10.393
394,10.396
395,10.466
396,10.501
397,10.516
398,10.519
399,10.603
400,10.605
401,10.661
402,10.678
403,10.681
404,10.765
405,10.768
406,10.825
407,10.841
408,10.843
409,10.929
410,10.931
411,10.983
412,11.003
413,11.007
414,11.078
415,11.080
416,11.131
417,11.134
418,11.137
419,11.139
420,11.141
421,11.144
422,11.146
423,11.149
424,11.151
425,11.153
426,11.156
427,11.158
428,11.161
429,11.163
430,11.186
431,11.261
432,11.265
433,11.268
434,11.272
435,11.352
436,11.357
437,11.362
438,11.367
439,11.426
440,11.429
441,11.433
442,11.436
443,11.503
444,11.507
445,11.511
446,11.514
447,11.592
448,11.596
449,11.601
450,11.605
451,11.668
452,11.672
453,11.676
454,11.679
455,11.747
456,11.752
457,11.757
458,11.789
459,11.850
460,11.855
461,11.859
462,11.864
463,11.912
464,11.930
465,11.932
466,11.942
467,11.962
468,12.031
469,12.035
470,12.038
471,12.041
472,12.110
473,12.113
474,12.116
475,12.119
476,12.181
477,12.185
478,12.190
479,12.194
480,12.258
481,12.263
482,12.268
483,12.272
484,12.320
485,12.323
486,12.325
487,12.327
488,12.330
489,12.333
490,12.337
491,12.341
492,12.345
493,12.348
494,12.352
495,12.355
496,12.359
497,12.363
498,12.394
499,12.499
500,12.504
501,12.509
502,12.514
503,12.615
504,12.620
505,12.627
506,12.632
507,12.712
508,12.716
509,12.720
510,12.724
511,12.814
512,12.819
513,12.824
514,12.828
515,12.919
516,12.924
517,12.929
518,12.932
519,12.999
520,13.003
521,13.007
522,13.010
523,13.077
524,13.080
525,13.084
526,13.087
527,13.154
528,13.157
529,13.160
530,13.164
531,13.208
532,13.224
533,13.227
534,13.237
535,13.254
536,13.325
537,13.329
538,13.333
539,13.337
540,13.407
541,13.411
542,13.415
543,13.419
544,13.483
545,13.488
546,13.492
547,13.497
548,13.563
549,13.569
550,13.576
551,13.580
552,13.655
553,13.701
554,13.705
555,13.708
556,13.712
557,13.715
558,13.719
559,13.722
560,13.726
561,13.730
562,13.734
563,13.738
564,13.742
565,13.746
566,13.750
567,13.818
568,13.822
569,13.825
570,13.900
571,13.905
572,13.908
573,13.977
574,13.981
575,13.984
576,14.053
577,14.056
578,14.060
579,14.130
580,14.133
581,14.136
582,14.228
583,14.232
584,14.235
585,14.320
586,14.377
587,14.380
588,14.382
589,14.385
590,14.387
591,14.389
592,14.392
593,14.394
594,14.397
595,14.399
596,14.402
597,14.405
598,14.407
599,14.410
600,14.413
601,14.416
602,14.419
603,14.422
604,14.425
605,14.429
606,14.432
607,14.462
608,14.519
609,14.616
610,14.619
611,14.621
612,14.624
613,14.693
614,14.696
615,14.699
616,14.701
617,14.774
618,14.778
619,14.781
620,14.784
621,14.853
622,14.857
623,14.860
624,14.863
625,14.932
626,14.935
627,14.938
628,14.941
629,15.010
630,15.013
631,15.017
632,15.021
633,15.091
634,15.095
635,15.099
636,15.102
637,15.172
638,15.177
639,15.181
640,15.184
641,15.255
642,15.259
643,15.264
644,15.266
645,15.339
646,15.343
647,15.347
648,15.351
649,15.425
650,15.430
651,15.434
652,15.438
653,15.518
654,15.523
655,15.527
656,15.532
657,15.606
658,15.610
659,15.615
660,15.618
661,15.691
662,15.696
663,15.700
664,15.703
665,15.777
666,15.782
667,15.786
668,15.790
669,15.866
670,15.870
671,15.874
672,15.879
673,15.975
674,15.979
675,15.983
676,15.986
677,16.079
678,16.083
679,16.086
680,16.089
681,16.182
682,16.186
683,16.190
684,16.193
685,16.287
686,16.291
687,16.295
688,16.298
689,16.386
690,16.388
691,16.391
692,16.463
693,16.466
694,16.469
695,16.540
696,16.543
697,16.545
698,16.622
699,16.624
700,16.627
701,16.695
702,16.698
703,16.701
704,16.778
705,16.781
706,16.783
707,16.855
708,16.858
709,16.861
710,16.935
711,16.981
712,16.984
713,16.986
714,16.989
715,16.992
716,16.994
717,16.997
718,17.000
719,17.003
720,17.005
721,17.008
722,17.011
723,17.014
724,17.017
725,17.108
726,17.111
727,17.114
728,17.260
729,17.267
730,17.272
731,17.369
732,17.373
733,17.376
734,17.469
735,17.473
736,17.476
737,17.584
738,17.591
739,17.596
740,17.733
741,17.739
742,17.744
743,17.828
744,17.897
745,17.901
746,17.903
747,17.906
748,17.908
749,17.911
750,17.914
751,17.917
752,17.920
753,17.923
754,17.926
755,17.929
756,17.933
757,17.936
758,17.939
759,17.942
760,17.945
761,17.949
762,17.952
763,17.955
764,17.959
765,17.988
766,18.056
767,18.154
768,18.157
769,18.161
770,18.164
771,18.260
772,18.264
773,18.267
774,18.271
775,18.386
776,18.390
777,18.394
778,18.398
779,18.492
780,18.496
781,18.500
782,18.503
783,18.600
784,18.604
785,18.607
786,18.610
787,18.709
788,18.713
789,18.717
790,18.720
791,18.822
792,18.826
793,18.830
794,18.834
795,18.957
796,18.961
797,18.965
798,18.968
799,19.066
800,19.070
801,19.074
802,19.077
803,19.185
804,19.189
805,19.192
806,19.196
807,19.297
808,19.300
809,19.304
810,19.307
811,19.456
812,19.465
813,19.471
814,19.475
815,19.629
816,19.634
817,19.639
818,19.643
819,19.780
820,19.784
821,19.789
822,19.794
823,19.912
824,19.916
825,19.920
826,19.923
827,20.024
828,20.027
829,20.031
830,20.034
831,20.133
832,20.137
833,20.140
834,20.144
835,20.243
836,20.247
837,20.251
838,20.254
839,20.354
840,20.358
841,20.362
842,20.365
843,20.467
844,20.471
845,20.475
846,20.478
847,20.575
848,20.579
849,20.582
850,20.681
851,20.685
852,20.689
853,20.787
854,20.791
855,20.794
856,20.895
857,20.898
858,20.902
859,21.002
860,21.006
861,21.010
862,21.109
863,21.114
864,21.118
865,21.244
866,21.249
867,21.253
868,21.351
869,21.412
870,21.416
871,21.419
872,21.422
873,21.425
874,21.429
875,21.432
876,21.436
877,21.439
878,21.443
879,21.446
880,21.450
881,21.454
882,21.458
883,21.587
884,21.591
885,21.595
886,21.656
887,21.701
888,21.703
889,21.798
890,21.801
891,21.805
892,21.903
893,21.907
894,21.910
895,22.015
896,22.021
897,22.025
898,22.130
899,22.135
900,22.139
901,22.200
902,22.246
903,22.248
904,22.250
905,22.252
906,22.254
907,22.256
908,22.258
909,22.261
910,22.263
911,22.265
912,22.267
913,22.270
914,22.272
915,22.275
916,22.277
917,22.280
918,22.282
919,22.285
920,22.287
921,22.290
922,22.292
923,22.315
924,22.361
925,22.465
926,22.468
927,22.472
928,22.476
929,22.580
930,22.584
931,22.588
932,22.591
933,22.697
934,22.701
935,22.705
936,22.709
937,22.813
938,22.817
939,22.822
940,22.827
941,22.963
942,22.968
943,22.972
944,22.976
945,23.111
946,23.115
947,23.120
948,23.125
949,23.259
950,23.263
951,23.268
952,23.273
953,23.396
954,23.400
955,23.404
956,23.407
957,23.508
958,23.513
959,23.517
960,23.520
961,23.625
962,23.629
963,23.633
964,23.637
965,23.744
966,23.748
967,23.752
968,23.756
969,23.867
970,23.873
971,23.878
972,23.882
973,23.987
974,23.991
975,23.995
976,23.999
977,24.102
978,24.105
979,24.109
980,24.113
981,24.215
982,24.219
983,24.223
984,24.226
985,24.331
986,24.334
987,24.338
988,24.342
989,24.446
990,24.449
991,24.453
992,24.457
993,24.560
994,24.564
995,24.568
996,24.571
997,24.696
998,24.701
999,24.706
1000,24.710
1001,24.843
1002,24.847
1003,24.852
1004,24.856
1005,24.982
1006,24.986
1007,24.990
1008,25.124
1009,25.128
1010,25.131
1011,25.228
1012,25.232
1013,25.235
1014,25.331
1015,25.335
1016,25.338
1017,25.439
1018,25.443
1019,25.446
1020,25.545
1021,25.549
1022,25.553
1023,25.648
1024,25.651
1025,25.655
1026,25.729
1027,25.778
1028,25.781
1029,25.784
1030,25.786
1031,25.789
1032,25.792
1033,25.795
1034,25.797
1035,25.800
1036,25.803
1037,25.806
1038,25.809
1039,25.812
1040,25.815
1041,25.915
1042,25.919
1043,25.922
1044,26.128
1045,26.136
1046,26.142
1047,26.239
1048,26.242
1049,26.245
1050,26.341
1051,26.345
1052,26.348
1053,26.491
1054,26.498
1055,26.503
1056,26.639
1057,26.644
1058,26.650
1059,26.733
1060,26.795
1061,26.798
1062,26.801
1063,26.804
1064,26.807
1065,26.810
1066,26.812
1067,26.816
1068,26.820
1069,26.823
1070,26.826
1071,26.830
1072,26.834
1073,26.837
1074,26.841
1075,26.845
1076,26.848
1077,26.852
1078,26.855
1079,26.858
1080,26.860
1081,26.883
1082,26.929
1083,27.031
1084,27.035
1085,27.038
1086,27.042
1087,27.140
1088,27.144
1089,27.147
1090,27.151
1091,27.266
1092,27.271
1093,27.275
1094,27.278
1095,27.377
1096,27.381
1097,27.384
1098,27.388
1099,27.489
1100,27.493
1101,27.497
1102,27.502
1103,27.613
1104,27.617
1105,27.621
1106,27.624
1107,27.729
1108,27.733
1109,27.737
1110,27.740
1111,27.865
1112,27.869
1113,27.873
1114,27.877
1115,27.980
1116,27.983
1117,27.987
1118,27.991
1119,28.096
1120,28.100
1121,28.103
1122,28.106
1123,28.239
1124,28.244
1125,28.249
1126,28.254
1127,28.406
1128,28.414
1129,28.420
1130,28.424
1131,28.566
1132,28.570
1133,28.575
1134,28.579
1135,28.709
1136,28.712
1137,28.716
1138,28.719
1139,28.836
1140,28.839
1141,28.843
1142,28.847
1143,28.950
1144,28.954
1145,28.958
1146,28.961
1147,29.068
1148,29.071
1149,29.075
1150,29.078
1151,29.182
1152,29.185
1153,29.189
1154,29.192
1155,29.299
1156,29.302
1157,29.306
1158,29.309
1159,29.419
1160,29.423
1161,29.427
1162,29.430
1163,29.533
1164,29.537
1165,29.541
1166,29.647
1167,29.651
1168,29.655
1169,29.763
1170,29.767
1171,29.771
1172,29.871
1173,29.875
1174,29.878
1175,29.988
1176,29.993
1177,29.999
1178,30.139
1179,30.143
1180,30.148
1181,30.277
1182,30.282
1183,30.286
1184,30.342
1185,30.348
1186,30.351
1187,30.411
1188,30.543
1189,30.600
1190,30.651
1191,30.706
1192,30.708
1193,30.709
1194,30.750
1195,30.805
1196,30.807
1197,30.891
1198,30.894
1199,30.897
1200,30.899
1201,30.903
1202,30.905
1203,30.972
1204,31.029
1205,31.031
1206,31.033
1207,31.035
1208,31.039
1209,31.046
1210,31.048
1211,31.089
1212,31.191
1213,31.250
1214,31.307
1215,31.310
1216,31.313
1217,31.316
1218,31.319
1219,31.321
1220,31.388
1221,31.441
1222,31.443
1223,31.484
1224,31.541
1225,31.544
1226,31.546
1227,31.549
1228,31.552
1229,31.564
1230,31.647
1231,31.651
1232,31.655
1233,31.660
1234,31.664
1235,31.748
1236,31.823
1237,31.825
1238,31.827
1239,31.830
1240,31.920
1241,31.925
1242,31.931
1243,31.936
1244,32.028
1245,32.084
1246,32.087
1247,32.089
1248,32.091
1249,32.156
1250,32.215
1251,32.217
1252,32.220
1253,32.223
1254,32.225
1255,32.228
1256,32.231
1257,32.233
1258,32.236
1259,32.239
1260,32.242
1261,32.245
1262,32.248
1263,32.251
1264,32.363
1265,32.367
1266,32.370
1267,32.477
1268,32.481
1269,32.484
1270,32.592
1271,32.596
1272,32.599
1273,32.715
1274,32.719
1275,32.722
1276,32.846
1277,32.851
1278,32.856
1279,32.983
1280,32.987
1281,32.991
1282,33.060
1283,33.115
1284,33.118
1285,33.120
1286,33.122
1287,33.124
1288,33.126
1289,33.128
1290,33.130
1291,33.132
1292,33.134
1293,33.136
1294,33.138
1295,33.140
1296,33.143
1297,33.145
1298,33.147
1299,33.150
1300,33.152
1301,33.155
1302,33.157
1303,33.159
1304,33.188
1305,33.253
1306,33.405
1307,33.409
1308,33.414
1309,33.418
1310,33.567
1311,33.571
1312,33.575
1313,33.579
1314,33.744
1315,33.748
1316,33.752
1317,33.755
1318,33.872
1319,33.876
1320,33.880
1321,33.883
1322,33.999
1323,34.003
1324,34.007
1325,34.011
1326,34.131
1327,34.135
1328,34.139
1329,34.143
1330,34.259
1331,34.263
1332,34.267
1333,34.271
1334,34.400
1335,34.404
1336,34.408
1337,34.412
1338,34.534
1339,34.538
1340,34.542
1341,34.546
1342,34.671
1343,34.675
1344,34.679
1345,34.683
1346,34.813
1347,34.817
1348,34.821
1349,34.825
1350,34.958
1351,34.964
1352,34.969
1353,34.973
1354,35.116
1355,35.121
1356,35.126
1357,35.130
1358,35.291
1359,35.295
1360,35.300
1361,35.304
1362,35.463
1363,35.467
1364,35.472
1365,35.477
1366,35.629
1367,35.633
1368,35.637
1369,35.641
1370,35.765
1371,35.769
1372,35.773
1373,35.777
1374,35.897
1375,35.901
1376,35.905
1377,35.908
1378,36.029
1379,36.032
1380,36.036
1381,36.040
1382,36.160
1383,36.164
1384,36.168
1385,36.172
1386,36.293
1387,36.297
1388,36.301
1389,36.427
1390,36.431
1391,36.435
1392,36.557
1393,36.561
1394,36.565
1395,36.685
1396,36.689
1397,36.693
1398,36.812
1399,36.816
1400,36.820
1401,36.937
1402,36.942
1403,36.947
1404,37.102
1405,37.106
1406,37.111
1407,37.162
1408,37.177
1409,37.180
1410,37.422
1411,37.426
1412,37.544
1413,37.613
1414,37.616
1415,37.618
1416,37.649
1417,37.651
1418,37.653
1419,37.655
1420,37.657
1421,37.659
1422,37.661
1423,37.691
1424,37.693
1425,37.695
1426,37.697
1427,37.751
1428,37.753
1429,37.755
1430,37.829
1431,37.889
1432,37.892
1433,37.895
1434,37.897
1435,37.900
1436,37.902
1437,37.905
1438,37.908
1439,37.911
1440,37.913
1441,37.916
1442,37.919
1443,37.922
1444,37.925
1445,38.041
1446,38.045
1447,38.048
1448,38.164
1449,38.167
1450,38.170
1451,38.292
1452,38.296
1453,38.299
1454,38.421
1455,38.425
1456,38.429
1457,38.569
1458,38.574
1459,38.579
1460,38.711
1461,38.715
1462,38.719
1463,38.803
1464,38.888
1465,38.891
1466,38.894
1467,38.896
1468,38.899
1469,38.902
1470,38.905
1471,38.908
1472,38.911
1473,38.915
1474,38.918
1475,38.921
1476,38.925
1477,38.928
1478,38.931
1479,38.934
1480,38.938
1481,38.941
1482,38.944
1483,38.948
1484,38.951
1485,38.990
1486,39.072
1487,39.239
1488,39.244
1489,39.248
1490,39.252
1491,39.383
1492,39.387
1493,39.391
1494,39.394
1495,39.542
1496,39.547
1497,39.551
1498,39.555
1499,39.683
1500,39.686
1501,39.690
1502,39.694
1503,39.821
1504,39.825
1505,39.829
1506,39.833
1507,39.967
1508,39.972
1509,39.976
1510,39.980
1511,40.122
1512,40.126
1513,40.130
1514,40.134
1515,40.287
1516,40.292
1517,40.296
1518,40.300
1519,40.440
1520,40.444
1521,40.448
1522,40.452
1523,40.598
1524,40.602
1525,40.606
1526,40.610
1527,40.776
1528,40.781
1529,40.786
1530,40.791
1531,40.979
1532,40.988
1533,40.994
1534,40.999
1535,41.207
1536,41.216
1537,41.222
1538,41.226
1539,41.376
1540,41.380
1541,41.384
1542,41.388
1543,41.523
1544,41.527
1545,41.531
1546,41.535
1547,41.672
1548,41.676
1549,41.680
1550,41.683
1551,41.824
1552,41.828
1553,41.833
1554,41.836
1555,41.978
1556,41.984
1557,41.988
1558,41.991
1559,42.143
1560,42.148
1561,42.153
1562,42.156
1563,42.306
1564,42.311
1565,42.316
1566,42.320
1567,42.445
1568,42.449
1569,42.453
1570,42.582
1571,42.586
1572,42.590
1573,42.744
1574,42.748
1575,42.752
1576,42.913
1577,42.918
1578,42.922
1579,43.121
1580,43.126
1581,43.130
1582,43.284
1583,43.288
1584,43.292
1585,43.428
1586,43.433
1587,43.437
1588,43.476
1589,43.486
1590,43.488
1591,43.699
1592,43.702
1593,43.820
1594,43.888
1595,43.890
1596,43.892
1597,43.924
1598,43.927
1599,43.929
1600,43.931
1601,43.933
1602,43.935
1603,43.937
1604,43.995
1605,43.998
1606,44.004
1607,44.079
1608,44.140
1609,44.142
1610,44.145
1611,44.147
1612,44.150
1613,44.152
1614,44.155
1615,44.158
1616,44.160
1617,44.164
1618,44.167
1619,44.169
1620,44.172
1621,44.175
1622,44.314
1623,44.318
1624,44.322
1625,44.570
1626,44.581
1627,44.590
1628,44.768
1629,44.774
1630,44.778
1631,44.953
1632,44.958
1633,44.963
1634,45.147
1635,45.153
1636,45.158
1637,45.305
1638,45.310
1639,45.314
1640,45.383
1641,45.442
1642,45.444
1643,45.447
1644,45.449
1645,45.451
1646,45.453
1647,45.455
1648,45.456
1649,45.458
1650,45.460
1651,45.462
1652,45.464
1653,45.467
1654,45.469
1655,45.471
1656,45.473
1657,45.475
1658,45.477
1659,45.480
1660,45.482
1661,45.484
1662,45.513
1663,45.566
1664,45.704
1665,45.709
1666,45.713
1667,45.716
1668,45.859
1669,45.863
1670,45.867
1671,45.871
1672,46.024
1673,46.029
1674,46.034
1675,46.038
1676,46.181
1677,46.186
1678,46.190
1679,46.193
1680,46.335
1681,46.339
1682,46.344
1683,46.348
1684,46.515
1685,46.521
1686,46.527
1687,46.532
1688,46.716
1689,46.721
1690,46.726
1691,46.731
1692,46.929
1693,46.935
1694,46.941
1695,46.947
1696,47.094
1697,47.098
1698,47.102
1699,47.106
1700,47.250
1701,47.254
1702,47.258
1703,47.262
1704,47.408
1705,47.412
1706,47.417
1707,47.421
1708,47.575
1709,47.582
1710,47.587
1711,47.592
1712,47.745
1713,47.749
1714,47.754
1715,47.758
1716,47.907
1717,47.912
1718,47.917
1719,47.921
1720,48.067
1721,48.071
1722,48.076
1723,48.080
1724,48.225
1725,48.229
1726,48.234
1727,48.237
1728,48.386
1729,48.392
1730,48.397
1731,48.402
1732,48.591
1733,48.596
1734,48.602
1735,48.606
1736,48.792
1737,48.798
1738,48.803
1739,48.808
1740,48.983
1741,48.988
1742,48.992
1743,48.996
1744,49.134
1745,49.138
1746,49.141
1747,49.282
1748,49.287
1749,49.290
1750,49.427
1751,49.431
1752,49.435
1753,49.575
1754,49.580
1755,49.583
1756,49.725
1757,49.730
1758,49.734
1759,49.886
1760,49.891
1761,49.894
1762,50.034
1763,50.038
1764,50.042
1765,50.134
1766,50.203
1767,50.206
1768,50.209
1769,50.212
1770,50.215
1771,50.218
1772,50.222
1773,50.225
1774,50.228
1775,50.231
1776,50.234
1777,50.237
1778,50.240
1779,50.243
1780,50.410
1781,50.415
1782,50.419
1783,50.584
1784,50.589
1785,50.592
1786,50.764
1787,50.769
1788,50.773
1789,50.930
1790,50.934
1791,50.938
1792,51.108
1793,51.113
1794,51.118
1795,51.266
1796,51.271
1797,51.275
1798,51.349
1799,51.411
1800,51.413
1801,51.415
1802,51.418
1803,51.420
1804,51.422
1805,51.425
1806,51.427
1807,51.430
1808,51.432
1809,51.435
1810,51.437
1811,51.440
1812,51.442
1813,51.445
1814,51.448
1815,51.451
1816,51.454
1817,51.456
1818,51.459
1819,51.462
1820,51.506
1821,51.551
1822,51.700
1823,51.704
1824,51.708
1825,51.712
1826,51.859
1827,51.864
1828,51.868
1829,51.872
1830,52.036
1831,52.041
1832,52.045
1833,52.049
1834,52.199
1835,52.203
1836,52.207
1837,52.211
1838,52.380
1839,52.386
1840,52.391
1841,52.396
1842,52.594
1843,52.600
1844,52.605
1845,52.609
1846,52.809
1847,52.815
1848,52.820
1849,52.825
1850,53.019
1851,53.026
1852,53.030
1853,53.035
1854,53.185
1855,53.189
1856,53.193
1857,53.197
1858,53.366
1859,53.370
1860,53.374
1861,53.378
1862,53.547
1863,53.553
1864,53.558
1865,53.562
1866,53.746
1867,53.753
1868,53.759
1869,53.764
1870,53.944
1871,53.951
1872,53.956
1873,53.960
1874,54.128
1875,54.135
1876,54.139
1877,54.143
1878,54.307
1879,54.313
1880,54.317
1881,54.321
1882,54.496
1883,54.504
1884,54.509
1885,54.514
1886,54.722
1887,54.730
1888,54.734
1889,54.739
1890,54.941
1891,54.950
1892,54.955
1893,54.961
1894,55.181
1895,55.188
1896,55.192
1897,55.195
1898,55.365
1899,55.371
1900,55.375
1901,55.379
1902,55.513
1903,55.517
1904,55.520
1905,55.664
1906,55.668
1907,55.672
1908,55.809
1909,55.813
1910,55.816
1911,55.957
1912,55.961
1913,55.965
1914,56.109
1915,56.114
1916,56.117
1917,56.263
1918,56.267
1919,56.271
1920,56.415
1921,56.420
1922,56.423
1923,56.515
1924,56.597
1925,56.601
1926,56.604
1927,56.607
1928,56.611
1929,56.614
1930,56.618
1931,56.621
1932,56.625
1933,56.629
1934,56.633
1935,56.638
1936,56.642
1937,56.646
1938,56.814
1939,56.818
1940,56.822
1941,56.984
1942,56.989
1943,56.993
1944,57.150
1945,57.154
1946,57.157
1947,57.294
1948,57.298
1949,57.301
1950,57.445
1951,57.450
1952,57.455
1953,57.603
1954,57.610
1955,57.614
1956,57.692
1957,57.756
1958,57.758
1959,57.760
1960,57.762
1961,57.765
1962,57.767
1963,57.769
1964,57.772
1965,57.774
1966,57.777
1967,57.779
1968,57.782
1969,57.784
1970,57.787
1971,57.789
1972,57.792
1973,57.795
1974,57.797
1975,57.800
1976,57.803
1977,57.806
1978,57.834
1979,57.893
1980,58.041
1981,58.046
1982,58.050
1983,58.054
1984,58.201
1985,58.206
1986,58.210
1987,58.214
1988,58.375
1989,58.380
1990,58.384
1991,58.388
1992,58.565
1993,58.570
1994,58.575
1995,58.579
1996,58.773
1997,58.778
1998,58.783
1999,58.787
2000,58.994
2001,59.000
2002,59.005
2003,59.009
2004,59.190
2005,59.194
2006,59.198
2007,59.202
2008,59.382
2009,59.389
2010,59.394
2011,59.399
2012,59.559
2013,59.564
2014,59.568
2015,59.572
2016,59.746
2017,59.751
2018,59.755
2019,59.759
2020,59.929
2021,59.936
2022,59.941
2023,59.945
2024,60.131
2025,60.139
2026,60.145
2027,60.149
2028,60.339
2029,60.346
2030,60.350
2031,60.354
2032,60.528
2033,60.534
2034,60.539
2035,60.542
2036,60.707
2037,60.716
2038,60.722
2039,60.726
2040,60.949
2041,60.958
2042,60.963
2043,60.968
2044,61.190
2045,61.198
2046,61.203
2047,61.208
2048,61.414
2049,61.420
2050,61.425
2051,61.429
2052,61.607
2053,61.614
2054,61.618
2055,61.622
2056,61.803
2057,61.809
2058,61.813
2059,61.817
2060,61.961
2061,61.965
2062,61.969
2063,62.116
2064,62.120
2065,62.124
2066,62.273
2067,62.278
2068,62.282
2069,62.447
2070,62.452
2071,62.455
2072,62.612
2073,62.617
2074,62.620
2075,62.779
2076,62.784
2077,62.788
2078,62.938
2079,62.942
2080,62.945
2081,63.076
2082,63.168
2083,63.171
2084,63.175
2085,63.178
2086,63.182
2087,63.186
2088,63.189
2089,63.193
2090,63.196
2091,63.199
2092,63.203
2093,63.206
2094,63.210
2095,63.213
2096,63.396
2097,63.401
2098,63.405
2099,63.585
2100,63.590
2101,63.594
2102,63.735
2103,63.739
2104,63.743
2105,63.880
2106,63.884
2107,63.888
2108,64.034
2109,64.041
2110,64.046
2111,64.189
2112,64.194
2113,64.198
2114,64.270
2115,64.332
2116,64.335
2117,64.337
2118,64.339
2119,64.341
2120,64.343
2121,64.345
2122,64.348
2123,64.350
2124,64.352
2125,64.354
2126,64.356
2127,64.359
2128,64.361
2129,64.364
2130,64.366
2131,64.369
2132,64.372
2133,64.374
2134,64.377
2135,64.379
2136,64.410
2137,64.472
2138,64.605
2139,64.609
2140,64.613
2141,64.616
2142,64.748
2143,64.751
2144,64.755
2145,64.759
2146,64.901
2147,64.906
2148,64.911
2149,64.914
2150,65.073
2151,65.077
2152,65.082
2153,65.087
2154,65.251
2155,65.255
2156,65.259
2157,65.264
2158,65.433
2159,65.438
2160,65.443
2161,65.447
2162,65.605
2163,65.609
2164,65.613
2165,65.616
2166,65.760
2167,65.764
2168,65.768
2169,65.772
2170,65.904
2171,65.910
2172,65.912
2173,65.915
2174,66.053
2175,66.057
2176,66.061
2177,66.065
2178,66.200
2179,66.204
2180,66.209
2181,66.212
2182,66.354
2183,66.362
2184,66.367
2185,66.371
2186,66.510
2187,66.515
2188,66.519
2189,66.523
2190,66.658
2191,66.662
2192,66.667
2193,66.670
2194,66.802
2195,66.806
2196,66.810
2197,66.814
2198,66.950
2199,66.955
2200,66.960
2201,66.964
2202,67.142
2203,67.147
2204,67.152
2205,67.156
2206,67.323
2207,67.330
2208,67.335
2209,67.340
2210,67.515
2211,67.519
2212,67.523
2213,67.527
2214,67.667
2215,67.671
2216,67.675
2217,67.678
2218,67.802
2219,67.806
2220,67.810
2221,67.939
2222,67.943
2223,67.947
2224,68.072
2225,68.076
2226,68.080
2227,68.204
2228,68.208
2229,68.211
2230,68.341
2231,68.345
2232,68.349
2233,68.486
2234,68.491
2235,68.494
2236,68.628
2237,68.633
2238,68.637
2239,68.688
2240,68.691
2241,68.734
2242,68.737
2243,68.817
2244,68.821
2245,69.120
2246,69.126
2247,69.130
2248,69.133
2249,69.311
2250,69.382
2251,69.413
2252,69.417
2253,69.455
2254,69.497
2255,69.525
2256,69.549
2257,69.551
2258,69.776
2259,69.780
2260,69.918
2261,69.978
2262,69.981
2263,70.028
2264,70.030
2265,70.085
2266,70.088
2267,70.090
2268,70.125
2269,70.128
2270,70.130
2271,70.132
2272,70.135
2273,70.137
2274,70.139
2275,70.141
2276,70.200
2277,70.203
2278,70.205
2279,70.236
2280,70.246
2281,70.248
2282,70.268
2283,70.278
2284,70.280
2285,70.289
2286,70.291
2287,70.293
2288,70.298
2289,70.308
2290,70.310
2291,70.316
2292,70.326
2293,70.328
2294,70.367
2295,70.370
2296,70.372
2297,70.374
2298,70.377
2299,70.379
2300,70.381
2301,70.383
2302,70.419
2303,70.421
2304,70.424
2305,70.426
2306,70.428
2307,70.430
2308,70.432
2309,70.487
2310,70.489
2311,70.492
2312,70.494
2313,70.496
2314,70.498
2315,70.500
2316,70.502
2317,70.524
2318,70.526
2319,70.528
2320,70.530
2321,70.565
2322,70.568
2323,70.570
2324,70.572
2325,70.574
2326,70.576
2327,70.579
2328,70.633
2329,70.636
2330,70.638
2331,70.640
2332,70.643
2333,70.645
2334,70.647
2335,70.649
2336,70.704
2337,70.707
2338,70.709
2339,70.711
2340,70.714
2341,70.750
2342,70.752
2343,70.755
2344,70.757
2345,70.759
2346,70.763
2347,70.765
2348,70.767
2349,70.769
2350,70.806
2351,70.808
2352,70.811
2353,70.813
2354,70.827
2355,70.829
2356,70.831
2357,70.833
2358,70.847
2359,70.859
2360,70.870
2361,70.873
2362,70.983
2363,71.078
2364,71.082
2365,71.086
2366,71.090
2367,71.094
2368,71.097
2369,71.102
2370,71.106
2371,71.110
2372,71.115
2373,71.120
2374,71.125
2375,71.129
2376,71.134
2377,71.327
2378,71.333
2379,71.338
2380,71.511
2381,71.514
2382,71.518
2383,71.666
2384,71.670
2385,71.674
2386,71.821
2387,71.825
2388,71.829
2389,71.993
2390,72.000
2391,72.005
2392,72.162
2393,72.167
2394,72.171
2395,72.250
2396,72.317
2397,72.319
2398,72.322
2399,72.325
2400,72.327
2401,72.330
2402,72.333
2403,72.336
2404,72.339
2405,72.342
2406,72.344
2407,72.347
2408,72.350
2409,72.353
2410,72.356
2411,72.360
2412,72.363
2413,72.367
2414,72.370
2415,72.373
2416,72.377
2417,72.407
2418,72.469
2419,72.628
2420,72.633
2421,72.638
2422,72.641
2423,72.800
2424,72.804
2425,72.808
2426,72.811
2427,73.046
2428,73.053
2429,73.059
2430,73.065
2431,73.260
2432,73.265
2433,73.270
2434,73.275
2435,73.476
2436,73.480
2437,73.484
2438,73.488
2439,73.649
2440,73.654
2441,73.658
2442,73.662
2443,73.823
2444,73.827
2445,73.831
2446,73.835
2447,74.021
2448,74.026
2449,74.031
2450,74.035
2451,74.191
2452,74.195
2453,74.199
2454,74.203
2455,74.373
2456,74.377
2457,74.381
2458,74.385
2459,74.554
2460,74.559
2461,74.565
2462,74.569
2463,74.746
2464,74.754
2465,74.759
2466,74.764
2467,74.953
2468,74.960
2469,74.965
2470,74.970
2471,75.181
2472,75.188
2473,75.195
2474,75.200
2475,75.418
2476,75.423
2477,75.428
2478,75.433
2479,75.645
2480,75.652
2481,75.657
2482,75.661
2483,75.834
2484,75.838
2485,75.843
2486,75.846
2487,76.015
2488,76.021
2489,76.026
2490,76.030
2491,76.210
2492,76.215
2493,76.220
2494,76.224
2495,76.399
2496,76.403
2497,76.408
2498,76.411
2499,76.568
2500,76.572
2501,76.576
2502,76.736
2503,76.740
2504,76.744
2505,76.902
2506,76.907
2507,76.911
2508,77.066
2509,77.070
2510,77.074
2511,77.229
2512,77.234
2513,77.239
2514,77.445
2515,77.450
2516,77.455
2517,77.653
2518,77.658
2519,77.662
2520,77.796
2521,77.871
2522,77.874
2523,77.877
2524,77.880
2525,77.883
2526,77.886
2527,77.889
2528,77.892
2529,77.895
2530,77.899
2531,77.902
2532,77.905
2533,77.909
2534,77.912
2535,78.060
2536,78.064
2537,78.068
2538,78.214
2539,78.218
2540,78.222
2541,78.378
2542,78.382
2543,78.386
2544,78.540
2545,78.544
2546,78.548
2547,78.713
2548,78.720
2549,78.725
2550,78.905
2551,78.910
2552,78.914
2553,78.994
2554,79.060
2555,79.063
2556,79.065
2557,79.067
2558,79.070
2559,79.073
2560,79.075
2561,79.078
2562,79.081
2563,79.083
2564,79.086
2565,79.089
2566,79.092
2567,79.096
2568,79.099
2569,79.102
2570,79.105
2571,79.108
2572,79.112
2573,79.115
2574,79.119
2575,79.152
2576,79.215
2577,79.420
2578,79.426
2579,79.431
2580,79.437
2581,79.654
2582,79.660
2583,79.665
2584,79.671
2585,79.906
2586,79.911
2587,79.916
2588,79.920
2589,80.084
2590,80.089
2591,80.092
2592,80.096
2593,80.262
2594,80.267
2595,80.272
2596,80.276
2597,80.461
2598,80.466
2599,80.472
2600,80.476
2601,80.654
2602,80.659
2603,80.663
2604,80.667
2605,80.854
2606,80.859
2607,80.864
2608,80.869
2609,81.052
2610,81.057
2611,81.062
2612,81.066
2613,81.251
2614,81.256
2615,81.261
2616,81.265
2617,81.453
2618,81.458
2619,81.463
2620,81.467
2621,81.687
2622,81.697
2623,81.705
2624,81.711
2625,81.956
2626,81.963
2627,81.969
2628,81.974
2629,82.220
2630,82.226
2631,82.232
2632,82.238
2633,82.422
2634,82.427
2635,82.432
2636,82.436
2637,82.620
2638,82.625
2639,82.630
2640,82.634
2641,82.833
2642,82.838
2643,82.843
2644,82.848
2645,83.044
2646,83.051
2647,83.056
2648,83.061
2649,83.257
2650,83.262
2651,83.267
2652,83.271
2653,83.469
2654,83.476
2655,83.481
2656,83.485
2657,83.658
2658,83.663
2659,83.667
2660,83.835
2661,83.839
2662,83.843
2663,84.024
2664,84.030
2665,84.035
2666,84.248
2667,84.253
2668,84.257
2669,84.468
2670,84.474
2671,84.479
2672,84.673
2673,84.678
2674,84.682
2675,84.845
2676,84.849
2677,84.853
2678,84.958
2679,85.032
2680,85.036
2681,85.039
2682,85.043
2683,85.046
2684,85.049
2685,85.053
2686,85.056
2687,85.060
2688,85.063
2689,85.067
2690,85.071
2691,85.075
2692,85.079
2693,85.233
2694,85.238
2695,85.241
2696,85.397
2697,85.401
2698,85.404
2699,85.566
2700,85.570
2701,85.574
2702,85.735
2703,85.739
2704,85.743
2705,85.915
2706,85.922
2707,85.927
2708,86.101
2709,86.106
2710,86.111
2711,86.221
2712,86.324
2713,86.328
2714,86.331
2715,86.335
2716,86.339
2717,86.342
2718,86.346
2719,86.350
2720,86.354
2721,86.358
2722,86.362
2723,86.366
2724,86.371
2725,86.375
2726,86.380
2727,86.384
2728,86.388
2729,86.392
2730,86.396
2731,86.400
2732,86.405
2733,86.449
2734,86.538
2735,86.745
2736,86.750
2737,86.755
2738,86.759
2739,86.945
2740,86.949
2741,86.954
2742,86.958
2743,87.157
2744,87.163
2745,87.167
2746,87.172
2747,87.341
2748,87.346
2749,87.350
2750,87.354
2751,87.521
2752,87.525
2753,87.530
2754,87.534
2755,87.713
2756,87.718
2757,87.723
2758,87.727
2759,87.907
2760,87.912
2761,87.916
2762,87.921
2763,88.119
2764,88.124
2765,88.129
2766,88.134
2767,88.304
2768,88.308
2769,88.312
2770,88.316
2771,88.545
2772,88.552
2773,88.558
2774,88.562
2775,88.790
2776,88.796
2777,88.803
2778,88.807
2779,89.041
2780,89.049
2781,89.054
2782,89.059
2783,89.251
2784,89.255
2785,89.260
2786,89.265
2787,89.450
2788,89.455
2789,89.460
2790,89.464
2791,89.644
2792,89.648
2793,89.653
2794,89.657
2795,89.833
2796,89.838
2797,89.842
2798,89.846
2799,90.034
2800,90.039
2801,90.044
2802,90.049
2803,90.239
2804,90.246
2805,90.250
2806,90.255
2807,90.445
2808,90.450
2809,90.455
2810,90.459
2811,90.647
2812,90.655
2813,90.660
2814,90.666
2815,90.872
2816,90.877
2817,90.881
2818,91.091
2819,91.096
2820,91.100
2821,91.307
2822,91.312
2823,91.315
2824,91.477
2825,91.481
2826,91.485
2827,91.649
2828,91.653
2829,91.657
2830,91.822
2831,91.826
2832,91.830
2833,91.992
2834,91.997
2835,92.000
2836,92.101
2837,92.169
2838,92.173
2839,92.176
2840,92.179
2841,92.182
2842,92.185
2843,92.188
2844,92.192
2845,92.195
2846,92.198
2847,92.202
2848,92.206
2849,92.209
2850,92.213
2851,92.364
2852,92.368
2853,92.371
2854,92.523
2855,92.527
2856,92.531
2857,92.682
2858,92.686
2859,92.689
2860,92.865
2861,92.870
2862,92.875
2863,93.092
2864,93.100
2865,93.106
2866,93.322
2867,93.329
2868,93.333
2869,93.436
2870,93.506
2871,93.509
2872,93.512
2873,93.515
2874,93.518
2875,93.520
2876,93.523
2877,93.526
2878,93.529
2879,93.532
2880,93.535
2881,93.538
2882,93.541
2883,93.544
2884,93.547
2885,93.550
2886,93.553
2887,93.557
2888,93.560
2889,93.564
2890,93.568
2891,93.599
2892,93.663
2893,93.829
2894,93.834
2895,93.838
2896,93.842
2897,94.005
2898,94.009
2899,94.013
2900,94.017
2901,94.202
2902,94.208
2903,94.212
2904,94.217
2905,94.388
2906,94.393
2907,94.397
2908,94.401
2909,94.571
2910,94.576
2911,94.580
2912,94.584
2913,94.760
2914,94.765
2915,94.769
2916,94.773
2917,94.969
2918,94.975
2919,94.980
2920,94.985
2921,95.226
2922,95.232
2923,95.239
2924,95.245
2925,95.467
2926,95.474
2927,95.479
2928,95.484
2929,95.681
2930,95.685
2931,95.690
2932,95.694
2933,95.877
2934,95.882
2935,95.888
2936,95.892
2937,96.087
2938,96.094
2939,96.100
2940,96.105
2941,96.294
2942,96.299
2943,96.304
2944,96.308
2945,96.492
2946,96.497
2947,96.501
2948,96.505
2949,96.687
2950,96.692
2951,96.697
2952,96.701
2953,96.880
2954,96.885
2955,96.889
2956,96.893
2957,97.079
2958,97.085
2959,97.089
2960,97.094
2961,97.303
2962,97.312
2963,97.318
2964,97.324
2965,97.566
2966,97.575
2967,97.581
2968,97.587
2969,97.833
2970,97.843
2971,97.849
2972,97.853
2973,98.018
2974,98.023
2975,98.027
2976,98.191
2977,98.195
2978,98.199
2979,98.362
2980,98.367
2981,98.371
2982,98.533
2983,98.537
2984,98.541
2985,98.715
2986,98.720
2987,98.724
2988,98.893
2989,98.898
2990,98.902
2991,99.069
2992,99.074
2993,99.078
2994,99.185
2995,99.258
2996,99.261
2997,99.265
2998,99.268
2999,99.271
3000,99.274
3001,99.277
3002,99.281
3003,99.284
3004,99.288
3005,99.291
3006,99.295
3007,99.299
3008,99.303
3009,99.476
3010,99.481
3011,99.486
3012,99.694
3013,99.699
3014,99.703
3015,99.908
3016,99.914
3017,99.919
3018,100.115
3019,100.120
3020,100.124
3021,100.300
3022,100.306
3023,100.311
3024,100.492
3025,100.498
3026,100.502
3027,100.593
3028,100.666
3029,100.669
3030,100.672
3031,100.675
3032,100.678
3033,100.680
3034,100.683
3035,100.686
3036,100.689
3037,100.692
3038,100.695
3039,100.698
3040,100.702
3041,100.705
3042,100.708
3043,100.711
3044,100.715
3045,100.718
3046,100.722
3047,100.725
3048,100.729
3049,100.761
3050,100.826
3051,101.002
3052,101.007
3053,101.011
3054,101.015
3055,101.194
3056,101.199
3057,101.204
3058,101.208
3059,101.403
3060,101.409
3061,101.414
3062,101.419
3063,101.601
3064,101.607
3065,101.613
3066,101.619
3067,101.841
3068,101.847
3069,101.852
3070,101.857
3071,102.082
3072,102.088
3073,102.095
3074,102.100
3075,102.317
3076,102.322
3077,102.327
3078,102.331
3079,102.525
3080,102.530
3081,102.535
3082,102.539
3083,102.717
3084,102.722
3085,102.727
3086,102.731
3087,102.918
3088,102.923
3089,102.929
3090,102.933
3091,103.116
3092,103.122
3093,103.127
3094,103.131
3095,103.321
3096,103.329
3097,103.335
3098,103.340
3099,103.534
3100,103.542
3101,103.548
3102,103.552
3103,103.743
3104,103.751
3105,103.756
3106,103.761
3107,103.975
3108,103.985
3109,103.991
3110,103.996
3111,104.235
3112,104.245
3113,104.250
3114,104.256
3115,104.498
3116,104.508
3117,104.515
3118,104.521
3119,104.729
3120,104.737
3121,104.742
3122,104.746
3123,104.946
3124,104.953
3125,104.958
3126,104.962
3127,105.162
3128,105.169
3129,105.174
3130,105.178
3131,105.355
3132,105.360
3133,105.364
3134,105.533
3135,105.538
3136,105.542
3137,105.710
3138,105.715
3139,105.719
3140,105.889
3141,105.894
3142,105.898
3143,106.071
3144,106.076
3145,106.080
3146,106.266
3147,106.272
3148,106.277
3149,106.504
3150,106.509
3151,106.514
3152,106.814
3153,106.819
3154,106.963
3155,107.165
3156,107.168
3157,107.289
3158,107.501
3159,107.504
3160,107.625
3161,107.862
3162,107.866
3163,108.011
3164,108.226
3165,108.229
3166,108.232
3167,108.349
3168,108.403
3169,108.435
3170,108.479
3171,108.510
3172,108.596
3173,108.599
3174,108.686
3175,108.689
3176,108.770
3177,108.773
3178,108.855
3179,108.859
3180,108.958
3181,108.962
3182,108.965
3183,109.011
3184,109.014
3185,109.016
3186,109.018
3187,109.020
3188,109.023
3189,109.025
3190,109.088
3191,109.091
3192,109.093
3193,109.126
3194,109.137
3195,109.140
3196,109.149
3197,109.151
3198,109.153
3199,109.185
3200,109.188
3201,109.190
3202,109.223
3203,109.225
3204,109.227
3205,109.229
3206,109.231
3207,109.234
3208,109.236
3209,109.284
3210,109.286
3211,109.288
3212,109.307
3213,109.317
3214,109.319
3215,109.327
3216,109.338
3217,109.340
3218,109.378
3219,109.381
3220,109.383
3221,109.418
3222,109.421
3223,109.423
3224,109.425
3225,109.427
3226,109.430
3227,109.432
3228,109.482
3229,109.484
3230,109.487
3231,109.505
3232,109.515
3233,109.517
3234,109.525
3235,109.534
3236,109.536
3237,109.574
3238,109.577
3239,109.579
3240,109.615
3241,109.617
3242,109.620
3243,109.622
3244,109.624
3245,109.626
3246,109.629
3247,109.691
3248,109.694
3249,109.696
3250,109.728
3251,109.739
3252,109.741
3253,109.749
3254,109.759
3255,109.762
3256,109.800
3257,109.803
3258,109.805
3259,109.841
3260,109.844
3261,109.847
3262,109.849
3263,109.851
3264,109.854
3265,109.857
3266,109.909
3267,109.912
3268,109.914
3269,109.945
3270,109.957
3271,109.959
3272,109.969
3273,109.980
3274,109.983
3275,110.095
3276,110.098
3277,110.197
3278,110.200
3279,110.279
3280,110.282
3281,110.320
3282,110.322
3283,110.324
3284,110.326
3285,110.328
3286,110.344
3287,110.378
3288,110.396
3289,110.427
3290,110.487
3291,110.491
3292,110.495
3293,110.548
3294,110.551
3295,110.555
3296,110.559
3297,110.562
3298,110.565
3299,110.568
3300,110.571
3301,110.576
3302,110.578
3303,110.581
3304,110.584
3305,110.588
3306,110.591
3307,110.593
3308,110.596
3309,110.599
3310,110.604
3311,110.606
3312,110.609
3313,110.611
3314,110.614
3315,110.621
3316,110.624
3317,110.627
3318,110.630
3319,110.633
3320,110.636
3321,110.639
3322,110.643
3323,110.646
3324,110.649
3325,110.653
3326,110.655
3327,110.660
3328,110.662
3329,110.665
3330,110.667
3331,110.670
3332,110.678
3333,110.680
3334,110.684
3335,110.687
3336,110.690
3337,110.693
3338,110.696
3339,110.704
3340,110.707
3341,110.709
3342,110.713
3343,110.716
3344,110.719
3345,110.722
3346,110.725
3347,110.728
3348,110.777
3349,110.781
3350,110.784
3351,110.787
3352,110.838
3353,110.842
3354,110.845
3355,110.848
3356,110.898
3357,110.901
3358,110.904
3359,110.907
3360,110.947
3361,110.949
3362,110.953
3363,110.955
3364,110.995
3365,110.998
3366,111.001
3367,111.003
3368,111.041
3369,111.045
3370,111.048
3371,111.050
3372,111.088
3373,111.091
3374,111.094
3375,111.097
3376,111.135
3377,111.137
3378,111.141
3379,111.143
3380,111.180
3381,111.184
3382,111.188
3383,111.190
3384,111.228
3385,111.231
3386,111.234
3387,111.237
3388,111.277
3389,111.280
3390,111.282
3391,111.321
3392,111.324
3393,111.327
3394,111.329
3395,111.332
3396,111.335
3397,111.337
3398,111.340
3399,111.371
3400,111.433
3401,111.469
3402,111.472
3403,111.475
3404,111.518
3405,111.539
3406,111.541
3407,111.544
3408,111.546
3409,111.548
3410,111.550
3411,111.553
3412,111.556
3413,111.559
3414,111.562
3415,111.565
3416,111.568
3417,111.571
3418,111.574
3419,111.578
3420,111.581
3421,111.585
3422,111.588
3423,111.592
3424,111.658
3425,111.781
3426,111.785
3427,111.788
3428,111.841
3429,111.907
3430,111.961
3431,112.031
3432,112.084
3433,112.152
3434,112.211
3435,112.304
3436,112.307
3437,112.310
3438,112.313
3439,112.320
3440,112.365
3441,112.368
3442,112.372
3443,112.375
3444,112.447
3445,112.537
3446,112.540
3447,112.543
3448,112.547
3449,112.553
3450,112.598
3451,112.602
3452,112.606
3453,112.609
3454,112.682
3455,112.763
3456,112.765
3457,112.767
3458,112.770
3459,112.774
3460,112.808
3461,112.811
3462,112.814
3463,112.816
3464,112.869
3465,112.935
3466,112.939
3467,112.942
3468,112.945
3469,112.949
3470,112.987
3471,112.992
3472,112.995
3473,112.999
3474,113.053
3475,113.121
3476,113.125
3477,113.128
3478,113.131
3479,113.136
3480,113.173
3481,113.177
3482,113.181
3483,113.184
3484,113.238
3485,113.302
3486,113.305
3487,113.308
3488,113.312
3489,113.316
3490,113.353
3491,113.357
3492,113.360
3493,113.363
3494,113.419
3495,113.483
3496,113.486
3497,113.489
3498,113.493
3499,113.498
3500,113.533
3501,113.536
3502,113.539
3503,113.543
3504,113.598
3505,113.663
3506,113.666
3507,113.669
3508,113.673
3509,113.677
3510,113.713
3511,113.717
3512,113.720
3513,113.723
3514,113.776
3515,113.842
3516,113.845
3517,113.848
3518,113.852
3519,113.856
3520,113.893
3521,113.897
3522,113.900
3523,113.903
3524,113.959
3525,114.033
3526,114.037
3527,114.040
3528,114.043
3529,114.048
3530,114.094
3531,114.098
3532,114.102
3533,114.105
3534,114.180
3535,114.272
3536,114.275
3537,114.278
3538,114.281
3539,114.286
3540,114.330
3541,114.334
3542,114.337
3543,114.341
3544,114.413
3545,114.506
3546,114.510
3547,114.513
3548,114.516
3549,114.523
3550,114.569
3551,114.572
3552,114.575
3553,114.578
3554,114.634
3555,114.701
3556,114.703
3557,114.706
3558,114.708
3559,114.712
3560,114.747
3561,114.749
3562,114.752
3563,114.754
3564,114.805
3565,114.868
3566,114.870
3567,114.873
3568,114.875
3569,114.879
3570,114.916
3571,114.919
3572,114.922
3573,114.925
3574,114.978
3575,115.042
3576,115.044
3577,115.047
3578,115.049
3579,115.053
3580,115.091
3581,115.095
3582,115.097
3583,115.100
3584,115.153
3585,115.220
3586,115.223
3587,115.225
3588,115.227
3589,115.232
3590,115.270
3591,115.273
3592,115.276
3593,115.279
3594,115.332
3595,115.393
3596,115.396
3597,115.398
3598,115.401
3599,115.405
3600,115.441
3601,115.444
3602,115.447
3603,115.450
3604,115.503
3605,115.566
3606,115.569
3607,115.571
3608,115.575
3609,115.605
3610,115.608
3611,115.610
3612,115.612
3613,115.666
3614,115.733
3615,115.736
3616,115.738
3617,115.741
3618,115.743
3619,115.745
3620,115.747
3621,115.749
3622,115.752
3623,115.754
3624,115.756
3625,115.760
3626,115.795
3627,115.799
3628,115.801
3629,115.804
3630,115.848
3631,115.852
3632,115.857
3633,115.861
3634,115.895
3635,115.898
3636,115.901
3637,115.904
3638,115.950
3639,115.957
3640,115.961
3641,115.965
3642,116.014
3643,116.022
3644,116.026
3645,116.029
3646,116.076
3647,116.084
3648,116.087
3649,116.091
3650,116.136
3651,116.143
3652,116.146
3653,116.150
3654,116.183
3655,116.186
3656,116.190
3657,116.193
3658,116.228
3659,116.232
3660,116.235
3661,116.238
3662,116.432
3663,116.438
3664,116.525
3665,116.529
3666,116.581
3667,116.584
3668,116.586
3669,116.589
3670,116.612
3671,116.616
3672,116.619
3673,116.653
3674,116.656
3675,116.659
3676,116.693
3677,116.696
3678,116.732
3679,116.735
3680,116.771
3681,116.773
3682,116.776
3683,116.811
3684,116.814
3685,116.817
3686,116.819
3687,116.873
3688,116.878
3689,116.881
3690,116.930
3691,116.933
3692,116.966
3693,116.968
3694,116.971
3695,117.001
3696,117.004
3697,117.038
3698,117.041
3699,117.093
3700,117.095
3701,117.147
3702,117.150
3703,117.152
3704,117.160
3705,117.220
3706,117.223
3707,117.319
3708,117.323
3709,117.385
3710,117.387
3711,117.390
3712,117.393
3713,117.463
3714,117.467
3715,117.562
3716,117.566
3717,117.625
3718,117.628
3719,117.631
3720,117.633
3721,117.701
3722,117.704
3723,117.801
3724,117.804
3725,117.860
3726,117.862
3727,117.865
3728,117.867
3729,117.933
3730,117.936
3731,118.047
3732,118.051
3733,118.151
3734,118.155
3735,118.159
3736,118.162
3737,118.166
3738,118.320
3739,118.325
3740,118.541
3741,118.546
3742,118.751
3743,118.756
3744,118.834
3745,118.837
3746,118.840
3747,118.842
3748,118.845
3749,118.965
3750,118.969
3751,119.142
3752,119.146
3753,119.322
3754,119.325
3755,119.406
3756,119.410
3757,119.412
3758,119.416
3759,119.418
3760,119.541
3761,119.545
3762,119.716
3763,119.720
3764,119.892
3765,119.896
3766,119.979
3767,119.982
3768,119.985
3769,119.987
3770,119.990
3771,120.111
3772,120.115
3773,120.281
3774,120.285
3775,120.449
3776,120.454
3777,120.570
3778,120.574
3779,120.578
3780,120.582
3781,120.797
3782,120.802
3783,121.021
3784,121.027
3785,121.140
3786,121.144
3787,121.148
3788,121.151
3789,121.338
3790,121.343
3791,121.517
3792,121.521
3793,121.611
3794,121.614
3795,121.617
3796,121.620
3797,121.782
3798,121.786
3799,121.967
3800,121.972
3801,122.061
3802,122.064
3803,122.067
3804,122.070
3805,122.228
3806,122.232
3807,122.404
3808,122.409
3809,122.513
3810,122.516
3811,122.520
3812,122.523
3813,122.676
3814,122.680
3815,122.857
3816,122.861
3817,122.967
3818,122.970
3819,122.974
3820,122.976
3821,123.172
3822,123.176
3823,123.396
3824,123.401
3825,123.604
3826,123.609
3827,123.614
3828,123.618
3829,123.783
3830,123.787
3831,123.944
3832,123.949
3833,124.117
3834,124.121
3835,124.128
3836,124.132
3837,124.191
3838,124.193
3839,124.359
3840,124.363
3841,124.366
3842,124.370
3843,124.373
3844,124.536
3845,124.540
3846,124.706
3847,124.710
3848,124.872
3849,124.876
3850,125.048
3851,125.052
3852,125.056
3853,125.219
3854,125.223
3855,125.394
3856,125.398
3857,125.402
3858,125.583
3859,125.588
3860,125.807
3861,125.811
3862,125.816
3863,126.018
3864,126.023
3865,126.094
3866,126.097
3867,126.100
3868,126.102
3869,126.190
3870,126.193
3871,126.292
3872,126.296
3873,126.380
3874,126.383
3875,126.386
3876,126.451
3877,126.477
3878,126.559
3879,126.562
3880,126.564
3881,126.630
3882,126.655
3883,126.800
3884,126.804
3885,126.807
3886,126.957
3887,126.961
3888,127.187
3889,127.192
3890,127.196
3891,127.357
3892,127.361
3893,127.421
3894,127.423
3895,127.479
3896,127.482
3897,127.538
3898,127.540
3899,127.918
3900,127.980
3901,127.987
3902,127.993
3903,127.999
3904,128.005
3905,128.011
3906,128.017
3907,128.023
3908,128.030
3909,128.037
3910,128.043
3911,128.049
3912,128.055
3913,128.061
3914,128.067
3915,128.073
3916,128.079
3917,128.085
3918,128.092
3919,128.098
3920,128.105
3921,128.111
3922,128.117
3923,128.124
3924,128.131
3925,128.137
3926,128.143
3927,128.149
3928,128.155
3929,128.573
3930,128.939
3931,128.983
3932,129.023
3933,129.062
3934,129.102
3935,129.132
3936,129.147
3937,129.185
3938,129.215
3939,129.660
3940,129.697
3941,130.205
3942,130.251
3943,130.692
3944,130.732
3945,131.201
3946,131.206
3947,131.696
3948,131.701
3949,132.042
3950,132.080
3951,132.123
3952,132.166
3953,132.188
3954,132.232
3955,132.843
3956,132.849
3957,133.196
3958,133.237
3959,133.272
3960,133.714
3961,133.719
3962,134.188
3963,134.193
3964,134.777
3965,134.784
3966,135.263
3967,135.268
3968,135.726
3969,135.731
3970,136.204
3971,136.210
3972,136.843
3973,136.849
3974,137.332
3975,137.338
3976,137.702
3977,137.745
3978,137.750
3979,137.755
3980,137.759
3981,137.764
3982,137.768
3983,137.772
3984,137.777
3985,137.781
3986,137.786
3987,137.791
3988,137.795
3989,137.800
3990,137.805
3991,137.809
3992,137.814
3993,137.819
3994,137.824
3995,137.829
3996,137.834
3997,137.839
3998,137.844
3999,137.849
4000,137.854
4001,137.859
4002,137.865
4003,137.870
4004,137.875
4005,137.880
4006,138.232
4007,138.594
4008,138.649
4009,138.702
4010,138.751
4011,138.801
4012,138.839
4013,138.857
4014,138.906
4015,138.942
4016,139.462
4017,139.494
4018,139.933
4019,139.965
4020,140.305
4021,140.341
4022,140.832
4023,140.838
4024,141.478
4025,141.483
4026,141.841
4027,141.879
4028,141.917
4029,141.947
4030,141.963
4031,141.994
4032,142.468
4033,142.474
4034,142.820
4035,142.859
4036,142.888
4037,143.480
4038,143.487
4039,143.968
4040,143.974
4041,144.439
4042,144.445
4043,144.916
4044,144.923
4045,145.519
4046,145.526
4047,146.067
4048,146.072
4049,146.585
4050,146.591
4051,147.056
4052,147.061
4053,147.512
4054,147.569
4055,147.575
4056,147.580
4057,147.586
4058,147.591
4059,147.597
4060,147.603
4061,147.608
4062,147.614
4063,147.620
4064,147.626
4065,147.632
4066,147.638
4067,147.644
4068,147.650
4069,147.656
4070,147.662
4071,147.668
4072,147.675
4073,147.682
4074,147.688
4075,147.695
4076,147.701
4077,147.707
4078,147.714
4079,147.720
4080,147.726
4081,147.733
4082,147.739
4083,148.143
4084,148.520
4085,148.558
4086,148.596
4087,148.634
4088,148.671
4089,148.701
4090,148.715
4091,148.753
4092,148.783
4093,149.234
4094,149.265
4095,149.806
4096,149.847
4097,150.275
4098,150.312
4099,150.787
4100,150.792
4101,151.283
4102,151.288
4103,151.640
4104,151.688
4105,151.734
4106,151.774
4107,151.796
4108,151.838
4109,152.400
4110,152.405
4111,152.756
4112,152.791
4113,152.818
4114,153.269
4115,153.274
4116,153.775
4117,153.781
4118,154.382
4119,154.387
4120,154.859
4121,154.864
4122,155.336
4123,155.341
4124,155.847
4125,155.854
4126,156.507
4127,156.513
4128,156.997
4129,157.003
4130,157.384
4131,157.431
4132,157.436
4133,157.441
4134,157.445
4135,157.450
4136,157.454
4137,157.459
4138,157.463
4139,157.468
4140,157.473
4141,157.478
4142,157.482
4143,157.487
4144,157.491
4145,157.496
4146,157.501
4147,157.505
4148,157.510
4149,157.515
4150,157.521
4151,157.525
4152,157.530
4153,157.535
4154,157.540
4155,157.544
4156,157.549
4157,157.554
4158,157.559
4159,157.564
4160,157.929
4161,158.432
4162,158.480
4163,158.526
4164,158.574
4165,158.623
4166,158.670
4167,158.691
4168,158.732
4169,158.761
4170,159.241
4171,159.277
4172,159.773
4173,159.807
4174,160.202
4175,160.242
4176,160.869
4177,160.876
4178,161.428
4179,161.433
4180,161.789
4181,161.825
4182,161.859
4183,161.888
4184,161.904
4185,161.933
4186,162.423
4187,162.428
4188,162.886
4189,162.935
4190,162.974
4191,163.484
4192,163.489
4193,163.970
4194,163.975
4195,164.477
4196,164.483
4197,165.100
4198,165.107
4199,165.643
4200,165.649
4201,166.153
4202,166.158
4203,166.703
4204,166.708
4205,167.343
4206,167.351
4207,167.771
4208,167.819
4209,167.824
4210,167.829
4211,167.833
4212,167.838
4213,167.843
4214,167.848
4215,167.852
4216,167.857
4217,167.862
4218,167.867
4219,167.872
4220,167.877
4221,167.881
4222,167.886
4223,167.891
4224,167.896
4225,167.900
4226,167.905
4227,167.910
4228,167.915
4229,167.920
4230,167.925
4231,167.930
4232,167.935
4233,167.940
4234,167.945
4235,167.951
4236,167.956
4237,168.342
4238,168.730
4239,168.767
4240,168.802
4241,168.839
4242,168.877
4243,168.907
4244,168.922
4245,168.962
4246,168.992
4247,169.594
4248,169.636
4249,170.184
4250,170.220
4251,170.609
4252,170.646
4253,171.161
4254,171.167
4255,171.832
4256,171.840
4257,172.275
4258,172.311
4259,172.348
4260,172.377
4261,172.393
4262,172.426
4263,172.935
4264,172.941
4265,173.314
4266,173.350
4267,173.379
4268,173.941
4269,173.948
4270,174.521
4271,174.526
4272,175.042
4273,175.047
4274,175.545
4275,175.550
4276,176.151
4277,176.157
4278,176.738
4279,176.744
4280,177.314
4281,177.319
4282,177.831
4283,177.837
4284,178.351
4285,178.407
4286,178.414
4287,178.419
4288,178.425
4289,178.431
4290,178.436
4291,178.441
4292,178.447
4293,178.453
4294,178.459
4295,178.465
4296,178.470
4297,178.476
4298,178.483
4299,178.489
4300,178.495
4301,178.501
4302,178.508
4303,178.515
4304,178.521
4305,178.528
4306,178.535
4307,178.542
4308,178.548
4309,178.555
4310,178.562
4311,178.569
4312,178.576
4313,178.583
4314,179.004
4315,179.421
4316,179.458
4317,179.497
4318,179.533
4319,179.569
4320,179.598
4321,179.611
4322,179.647
4323,179.674
4324,180.165
4325,180.196
4326,180.830
4327,180.875
4328,181.271
4329,181.307
4330,181.811
4331,181.816
4332,182.364
4333,182.370
4334,182.854
4335,182.902
4336,182.952
4337,182.992
4338,183.015
4339,183.059
4340,183.599
4341,183.605
4342,184.000
4343,184.038
4344,184.067
4345,184.569
4346,184.574
4347,185.217
4348,185.223
4349,185.756
4350,185.761
4351,186.299
4352,186.305
4353,186.835
4354,186.842
4355,187.540
4356,187.545
4357,188.101
4358,188.106
4359,188.600
4360,188.606
4361,189.028
4362,189.088
4363,189.095
4364,189.103
4365,189.109
4366,189.116
4367,189.123
4368,189.130
4369,189.136
4370,189.142
4371,189.148
4372,189.154
4373,189.161
4374,189.167
4375,189.173
4376,189.179
4377,189.185
4378,189.191
4379,189.198
4380,189.204
4381,189.211
4382,189.218
4383,189.225
4384,189.232
4385,189.240
4386,189.247
4387,189.254
4388,189.261
4389,189.268
4390,189.275
4391,189.802
4392,190.245
4393,190.289
4394,190.333
4395,190.372
4396,190.411
4397,190.415
4398,190.420
4399,190.424
4400,190.429
4401,190.433
4402,190.447
4403,190.484
4404,190.489
4405,190.502
4406,190.530
4407,190.534
4408,190.547
4409,190.552
4410,190.565
4411,191.099
4412,191.566
4413,191.572
4414,191.578
4415,191.584
4416,192.192
4417,192.199
4418,192.204
4419,192.212
4420,192.613
4421,192.652
4422,192.680
4423,192.695
4424,192.699
4425,192.704
4426,192.709
4427,192.713
4428,192.727
4429,192.731
4430,192.746
4431,192.751
4432,193.249
4433,193.737
4434,193.743
4435,193.749
4436,194.267
4437,194.274
4438,194.280
4439,194.286
4440,194.292
4441,194.312
4442,194.319
4443,194.339
4444,194.344
4445,194.835
4446,195.286
4447,195.291
4448,195.296
4449,195.691
4450,195.729
4451,196.348
4452,196.354
4453,196.935
4454,196.940
4455,197.330
4456,197.368
4457,197.788
4458,197.793
4459,197.798
4460,197.802
4461,197.806
4462,197.811
4463,198.238
4464,198.244
4465,198.754
4466,199.199
4467,199.761
4468,200.197
4469,200.235
4470,200.263
4471,200.268
4472,200.744
4473,200.749
4474,200.755
4475,200.761
4476,200.766
4477,200.772
4478,200.778
4479,201.261
4480,201.266
4481,201.656
4482,202.081
4483,202.623
4484,203.150
4485,203.202
4486,203.838
4487,203.844
4488,204.261
4489,204.736
4490,204.741
4491,204.747
4492,204.753
4493,205.156
4494,205.215
4495,205.222
4496,205.241
4497,205.282
4498,205.288
4499,205.974
4500,205.979
4501,205.984
4502,206.377
4503,206.382
4504,206.386
4505,206.884
4506,206.889
4507,207.453
4508,207.460
4509,208.102
4510,208.108
4511,208.635
4512,208.641
4513,209.163
4514,209.169
4515,209.812
4516,209.819
4517,210.488
4518,210.494
4519,211.019
4520,211.025
4521,211.449
4522,211.493
4523,211.497
4524,211.502
4525,211.506
4526,211.511
4527,211.515
4528,211.520
4529,211.524
4530,211.529
4531,211.533
4532,211.538
4533,211.543
4534,211.547
4535,211.552
4536,211.556
4537,211.561
4538,211.566
4539,211.570
4540,211.575
4541,211.580
4542,211.585
4543,211.590
4544,211.594
4545,211.600
4546,211.605
4547,211.610
4548,211.615
4549,211.620
4550,211.625
4551,212.138
4552,212.625
4553,212.662
4554,212.697
4555,212.733
4556,213.344
4557,213.378
4558,213.781
4559,213.819
4560,213.848
4561,213.863
4562,213.891
4563,213.896
4564,213.914
4565,213.961
4566,213.980
4567,214.018
4568,214.036
4569,214.041
4570,214.059
4571,214.065
4572,214.686
4573,215.207
4574,215.210
4575,215.215
4576,215.628
4577,215.665
4578,215.670
4579,215.674
4580,215.678
4581,215.682
4582,216.269
4583,216.275
4584,216.282
4585,216.289
4586,216.296
4587,216.303
4588,216.310
4589,216.822
4590,216.826
4591,216.830
4592,216.849
4593,216.888
4594,216.901
4595,216.927
4596,216.941
4597,216.945
4598,216.949
4599,216.961
4600,216.995
4601,217.516
4602,217.521
4603,218.085
4604,218.090
4605,218.554
4606,218.607
4607,219.310
4608,219.345
4609,219.928
4610,219.962
4611,220.526
4612,220.532
4613,221.045
4614,221.082
4615,221.110
4616,221.613
4617,221.618
4618,222.137
4619,222.142
4620,222.707
4621,222.713
4622,223.333
4623,223.338
4624,223.868
4625,223.874
4626,224.424
4627,224.429
4628,225.142
4629,225.149
4630,225.699
4631,225.705
4632,226.138
4633,226.184
4634,226.189
4635,226.194
4636,226.199
4637,226.203
4638,226.208
4639,226.212
4640,226.217
4641,226.222
4642,226.226
4643,226.231
4644,226.236
4645,226.241
4646,226.246
4647,226.251
4648,226.256
4649,226.260
4650,226.265
4651,226.271
4652,226.276
4653,226.281
4654,226.287
4655,226.292
4656,226.297
4657,226.302
4658,226.308
4659,226.313
4660,226.318
4661,226.324
4662,226.741
4663,227.276
4664,227.328
4665,227.379
4666,227.435
4667,227.487
4668,227.528
4669,227.551
4670,227.608
4671,227.640
4672,228.191
4673,228.224
4674,228.769
4675,228.808
4676,229.243
4677,229.285
4678,229.995
4679,230.000
4680,230.573
4681,230.578
4682,230.996
4683,231.033
4684,231.073
4685,231.103
4686,231.119
4687,231.152
4688,231.815
4689,231.821
4690,232.316
4691,232.352
4692,232.380
4693,232.922
4694,232.927
4695,233.479
4696,233.484
4697,234.152
4698,234.158
4699,234.740
4700,234.745
4701,235.279
4702,235.284
4703,235.851
4704,235.858
4705,236.585
4706,236.590
4707,237.113
4708,237.118
4709,237.557
4710,237.601
4711,237.605
4712,237.610
4713,237.614
4714,237.618
4715,237.622
4716,237.627
4717,237.631
4718,237.636
4719,237.640
4720,237.645
4721,237.649
4722,237.654
4723,237.659
4724,237.663
4725,237.668
4726,237.672
4727,237.677
4728,237.682
4729,237.687
4730,237.692
4731,237.697
4732,237.702
4733,237.706
4734,237.711
4735,237.716
4736,237.721
4737,237.726
4738,237.731
4739,238.203
4740,238.742
4741,238.777
4742,238.809
4743,238.842
4744,238.874
4745,238.899
4746,238.911
4747,238.945
4748,238.972
4749,239.499
4750,239.529
4751,240.057
4752,240.090
4753,240.603
4754,240.649
4755,241.260
4756,241.265
4757,241.868
4758,241.873
4759,242.311
4760,242.347
4761,242.381
4762,242.410
4763,242.425
4764,242.462
4765,243.171
4766,243.176
4767,243.585
4768,243.621
4769,243.649
4770,244.184
4771,244.189
4772,244.785
4773,244.792
4774,245.446
4775,245.452
4776,246.021
4777,246.026
4778,246.587
4779,246.592
4780,247.313
4781,247.320
4782,247.946
4783,247.951
4784,248.503
4785,248.508
4786,248.967
4787,249.023
4788,249.029
4789,249.035
4790,249.040
4791,249.047
4792,249.052
4793,249.058
4794,249.063
4795,249.069
4796,249.075
4797,249.081
4798,249.087
4799,249.094
4800,249.100
4801,249.106
4802,249.112
4803,249.118
4804,249.124
4805,249.131
4806,249.137
4807,249.143
4808,249.150
4809,249.156
4810,249.162
4811,249.169
4812,249.175
4813,249.183
4814,249.189
4815,249.196
4816,249.735
4817,250.179
4818,250.215
4819,250.250
4820,250.288
4821,250.324
4822,250.329
4823,250.333
4824,250.337
4825,250.341
4826,250.346
4827,250.359
4828,250.396
4829,250.401
4830,250.413
4831,250.440
4832,250.444
4833,250.457
4834,250.461
4835,250.474
4836,251.033
4837,251.564
4838,251.569
4839,251.575
4840,251.580
4841,252.172
4842,252.177
4843,252.182
4844,252.186
4845,252.608
4846,252.646
4847,252.673
4848,252.686
4849,252.714
4850,252.718
4851,252.732
4852,252.762
4853,252.774
4854,252.801
4855,252.814
4856,252.818
4857,252.830
4858,253.371
4859,253.993
4860,254.000
4861,254.006
4862,254.012
4863,254.018
4864,254.446
4865,254.483
4866,254.488
4867,254.492
4868,254.496
4869,254.500
4870,254.504
4871,254.951
4872,254.955
4873,254.960
4874,254.964
4875,254.968
4876,255.496
4877,255.502
4878,255.507
4879,255.511
4880,255.516
4881,256.038
4882,256.089
4883,256.094
4884,256.099
4885,256.612
4886,256.617
4887,257.046
4888,257.075
4889,257.089
4890,257.094
4891,257.099
4892,257.113
4893,257.152
4894,257.710
4895,257.715
4896,258.466
4897,258.471
4898,258.896
4899,258.934
4900,259.579
4901,259.613
4902,260.336
4903,260.381
4904,261.010
4905,261.016
4906,261.461
4907,261.957
4908,261.962
4909,261.967
4910,261.972
4911,261.977
4912,261.982
4913,262.485
4914,262.528
4915,262.547
4916,262.585
4917,262.604
4918,262.654
4919,262.659
4920,262.678
4921,262.714
4922,262.719
4923,262.725
4924,262.741
4925,262.784
4926,262.790
4927,262.810
4928,263.391
4929,263.971
4930,263.976
4931,264.637
4932,264.644
4933,265.322
4934,265.328
4935,265.914
4936,265.920
4937,266.502
4938,266.507
4939,267.276
4940,267.281
4941,267.915
4942,267.920
4943,268.497
4944,268.503
4945,269.033
4946,269.089
4947,269.095
4948,269.101
4949,269.106
4950,269.112
4951,269.117
4952,269.122
4953,269.128
4954,269.133
4955,269.139
4956,269.145
4957,269.151
4958,269.156
4959,269.162
4960,269.167
4961,269.173
4962,269.179
4963,269.185
4964,269.191
4965,269.198
4966,269.204
4967,269.211
4968,269.217
4969,269.223
4970,269.229
4971,269.235
4972,269.241
4973,269.248
4974,269.255
4975,269.770
4976,270.238
4977,270.277
4978,270.314
4979,270.351
4980,270.821
4981,270.854
4982,270.858
4983,270.862
4984,270.867
4985,270.871
4986,270.877
4987,271.358
4988,271.364
4989,271.382
4990,271.388
4991,271.406
4992,271.412
4993,272.075
4994,272.638
4995,273.100
4996,273.139
4997,273.166
4998,273.180
4999,273.207
5000,273.212
5001,273.756
5002,273.762
5003,274.294
5004,274.323
5005,274.336
5006,274.340
5007,274.352
5008,274.356
5009,274.890
5010,275.352
5011,275.357
5012,275.361
5013,275.965
5014,275.971
5015,275.977
5016,276.509
5017,276.547
5018,276.552
5019,276.556
5020,276.560
5021,276.565
5022,277.150
5023,277.156
5024,277.161
5025,277.166
5026,277.171
5027,277.176
5028,277.181
5029,277.625
5030,277.630
5031,277.635
5032,278.167
5033,278.173
5034,278.745
5035,278.776
5036,278.789
5037,278.794
5038,278.798
5039,278.812
5040,278.852
5041,279.432
5042,279.437
5043,280.055
5044,280.061
5045,280.599
5046,280.649
5047,280.700
5048,280.743
5049,280.763
5050,280.804
5051,281.451
5052,281.456
5053,281.903
5054,282.409
5055,282.414
5056,282.419
5057,282.423
5058,282.428
5059,282.432
5060,282.437
5061,282.441
5062,283.030
5063,283.037
5064,283.548
5065,283.576
5066,283.590
5067,283.594
5068,283.607
5069,283.611
5070,284.184
5071,284.674
5072,284.679
5073,284.683
5074,284.688
5075,285.338
5076,285.344
5077,285.980
5078,285.985
5079,286.565
5080,286.571
5081,287.171
5082,287.178
5083,287.908
5084,287.913
5085,288.512
5086,288.517
5087,289.168
5088,289.173
5089,289.915
5090,289.921
5091,290.395
5092,290.436
5093,290.441
5094,290.446
5095,290.450
5096,290.455
5097,290.459
5098,290.464
5099,290.469
5100,290.473
5101,290.478
5102,290.483
5103,290.488
5104,290.492
5105,290.497
5106,290.502
5107,290.506
5108,290.511
5109,290.516
5110,290.521
5111,290.526
5112,290.530
5113,290.536
5114,290.541
5115,290.546
5116,290.551
5117,290.556
5118,290.561
5119,290.566
5120,290.571
5121,291.033
5122,291.512
5123,291.552
5124,291.588
5125,291.623
5126,292.230
5127,292.274
5128,292.279
5129,292.285
5130,292.291
5131,292.296
5132,292.306
5133,292.762
5134,292.766
5135,292.780
5136,292.784
5137,292.797
5138,292.801
5139,293.357
5140,293.958
5141,294.597
5142,295.127
5143,295.131
5144,295.136
5145,295.140
5146,295.145
5147,295.589
5148,295.594
5149,296.046
5150,296.052
5151,296.696
5152,296.703
5153,296.709
5154,297.226
5155,297.254
5156,297.258
5157,297.753
5158,297.758
5159,298.224
5160,298.253
5161,298.268
5162,298.272
5163,298.285
5164,298.289
5165,298.936
5166,299.492
5167,299.497
5168,299.501
5169,300.049
5170,300.054
5171,300.060
5172,300.500
5173,300.538
5174,300.543
5175,300.547
5176,300.552
5177,300.556
5178,301.254
5179,301.261
5180,301.267
5181,301.274
5182,301.280
5183,301.286
5184,301.292
5185,301.788
5186,301.793
5187,301.797
5188,302.277
5189,302.282
5190,302.721
5191,302.748
5192,302.760
5193,302.765
5194,302.769
5195,302.782
5196,302.816
5197,303.475
5198,303.482
5199,304.187
5200,304.192
5201,304.673
5202,304.712
5203,304.756
5204,304.790
5205,304.808
5206,304.839
5207,305.514
5208,305.520
5209,306.118
5210,306.644
5211,306.648
5212,306.653
5213,306.658
5214,306.662
5215,306.666
5216,306.671
5217,306.675
5218,307.192
5219,307.193
5220,307.652
5221,307.680
5222,307.694
5223,307.699
5224,307.713
5225,307.717
5226,308.464
5227,308.952
5228,308.956
5229,308.961
5230,308.965
5231,309.553
5232,309.559
5233,310.204
5234,310.211
5235,310.954
5236,310.960
5237,311.572
5238,311.578
5239,312.169
5240,312.175
5241,312.952
5242,312.959
5243,313.609
5244,313.615
5245,314.200
5246,314.206
5247,314.712
5248,314.776
5249,314.783
5250,314.789
5251,314.795
5252,314.800
5253,314.807
5254,314.813
5255,314.819
5256,314.824
5257,314.830
5258,314.836
5259,314.842
5260,314.847
5261,314.853
5262,314.859
5263,314.864
5264,314.870
5265,314.876
5266,314.882
5267,314.888
5268,314.894
5269,314.900
5270,314.906
5271,314.912
5272,314.918
5273,314.924
5274,314.929
5275,314.935
5276,314.942
5277,315.486
5278,315.968
5279,316.007
5280,316.045
5281,316.083
5282,316.124
5283,316.154
5284,316.158
5285,316.163
5286,316.168
5287,316.172
5288,316.178
5289,316.193
5290,316.198
5291,316.212
5292,316.216
5293,316.231
5294,316.236
5295,316.810
5296,317.565
5297,318.055
5298,318.558
5299,318.563
5300,318.567
5301,318.571
5302,318.576
5303,319.032
5304,319.037
5305,319.565
5306,319.571
5307,320.220
5308,320.225
5309,320.231
5310,320.694
5311,320.724
5312,320.729
5313,321.231
5314,321.236
5315,321.734
5316,321.774
5317,321.792
5318,321.799
5319,321.816
5320,321.822
5321,322.491
5322,322.992
5323,322.996
5324,323.001
5325,323.600
5326,323.606
5327,323.612
5328,324.157
5329,324.213
5330,324.219
5331,324.225
5332,324.231
5333,324.237
5334,324.951
5335,324.957
5336,324.962
5337,324.968
5338,324.973
5339,324.977
5340,324.982
5341,325.448
5342,325.452
5343,325.457
5344,325.973
5345,325.978
5346,326.494
5347,326.534
5348,326.552
5349,326.557
5350,326.562
5351,326.580
5352,326.629
5353,327.306
5354,327.311
5355,327.964
5356,327.969
5357,328.424
5358,328.463
5359,328.505
5360,328.547
5361,328.569
5362,328.611
5363,329.363
5364,329.369
5365,329.834
5366,330.371
5367,330.376
5368,330.381
5369,330.385
5370,330.390
5371,330.394
5372,330.399
5373,330.403
5374,330.952
5375,330.960
5376,331.566
5377,331.595
5378,331.608
5379,331.612
5380,331.625
5381,331.630
5382,332.204
5383,332.696
5384,332.701
5385,332.706
5386,332.710
5387,333.386
5388,333.393
5389,334.108
5390,334.114
5391,334.723
5392,334.728
5393,335.336
5394,335.341
5395,336.117
5396,336.122
5397,336.750
5398,336.755
5399,337.422
5400,337.428
5401,338.195
5402,338.200
5403,338.683
5404,338.730
5405,338.735
5406,338.740
5407,338.744
5408,338.749
5409,338.753
5410,338.758
5411,338.762
5412,338.767
5413,338.771
5414,338.776
5415,338.780
5416,338.785
5417,338.789
5418,338.794
5419,338.799
5420,338.803
5421,338.808
5422,338.813
5423,338.818
5424,338.823
5425,338.829
5426,338.834
5427,338.839
5428,338.844
5429,338.849
5430,338.854
5431,338.859
5432,338.863
5433,339.343
5434,339.834
5435,339.874
5436,339.910
5437,339.957
5438,340.005
5439,340.041
5440,340.060
5441,340.110
5442,340.148
5443,340.811
5444,340.841
5445,341.426
5446,341.458
5447,341.918
5448,341.954
5449,342.723
5450,342.730
5451,343.392
5452,343.398
5453,343.862
5454,343.898
5455,343.937
5456,343.969
5457,343.985
5458,344.015
5459,344.753
5460,344.760
5461,345.275
5462,345.313
5463,345.342
5464,345.941
5465,345.946
5466,346.602
5467,346.609
5468,347.381
5469,347.386
5470,347.998
5471,348.004
5472,348.629
5473,348.634
5474,349.445
5475,349.450
5476,350.136
5477,350.141
5478,350.749
5479,350.754
5480,351.343
5481,351.398
5482,351.404
5483,351.409
5484,351.415
5485,351.420
5486,351.426
5487,351.432
5488,351.437
5489,351.443
5490,351.449
5491,351.454
5492,351.461
5493,351.467
5494,351.473
5495,351.478
5496,351.484
5497,351.490
5498,351.496
5499,351.502
5500,351.509
5501,351.515
5502,351.521
5503,351.527
5504,351.533
5505,351.539
5506,351.546
5507,351.552
5508,351.559
5509,351.565
5510,352.072
5511,352.561
5512,352.597
5513,352.633
5514,352.668
5515,352.705
5516,352.733
5517,352.747
5518,352.784
5519,352.811
5520,353.433
5521,353.473
5522,354.187
5523,354.218
5524,354.694
5525,354.729
5526,355.328
5527,355.334
5528,356.145
5529,356.150
5530,356.633
5531,356.669
5532,356.706
5533,356.738
5534,356.753
5535,356.784
5536,357.410
5537,357.416
5538,357.960
5539,358.009
5540,358.043
5541,358.728
5542,358.734
5543,359.350
5544,359.356
5545,360.013
5546,360.020
5547,360.791
5548,360.796
5549,361.417
5550,361.422
5551,362.056
5552,362.062
5553,362.917
5554,362.922
5555,363.527
5556,363.532
5557,364.033
5558,364.081
5559,364.085
5560,364.090
5561,364.094
5562,364.098
5563,364.103
5564,364.107
5565,364.111
5566,364.116
5567,364.121
5568,364.125
5569,364.130
5570,364.134
5571,364.138
5572,364.143
5573,364.147
5574,364.152
5575,364.156
5576,364.161
5577,364.166
5578,364.171
5579,364.175
5580,364.180
5581,364.185
5582,364.190
5583,364.194
5584,364.199
5585,364.204
5586,364.209
5587,364.803
5588,365.361
5589,365.397
5590,365.432
5591,365.469
5592,365.505
5593,365.532
5594,365.546
5595,365.582
5596,365.609
5597,366.198
5598,366.229
5599,366.918
5600,366.957
5601,367.512
5602,367.547
5603,368.165
5604,368.170
5605,368.835
5606,368.842
5607,369.461
5608,369.497
5609,369.538
5610,369.568
5611,369.583
5612,369.613
5613,370.256
5614,370.261
5615,370.744
5616,370.779
5617,370.806
5618,371.540
5619,371.546
5620,372.189
5621,372.194
5622,372.818
5623,372.823
5624,373.555
5625,373.561
5626,374.249
5627,374.254
5628,374.904
5629,374.909
5630,375.695
5631,375.701
5632,376.378
5633,376.383
5634,376.450
5635,376.538
5636,376.622
5637,376.725
5638,376.806
5639,376.877
5640,376.967
5641,377.048
5642,377.146
5643,377.247
5644,377.351
5645,377.480
5646,377.593
5647,377.692
5648,377.838
5649,377.948
5650,378.034
5651,378.150
5652,378.268
5653,378.387
5654,378.472
5655,378.593
5656,378.712
5657,378.832
5658,378.959
5659,379.044
5660,379.116
5661,379.189
5662,379.319
5663,379.457
5664,379.614
5665,379.784
5666,379.953
5667,380.127
5668,380.274
5669,380.411
5670,380.580
5671,380.611
5672,380.614
5673,380.665
5674,380.670
5675,380.672
5676,380.742
5677,380.753
5678,380.868
5679,381.012
5680,381.105
5681,381.155
5682,381.157
5683,381.408
5684,381.570
5685,381.575
5686,381.581
5687,381.587
5688,381.593
5689,381.599
5690,381.606
5691,381.614
5692,381.622
5693,381.631
5694,381.640
5695,381.649
5696,381.659
5697,381.669
5698,381.680
5699,381.691
5700,381.703
5701,381.715
5702,381.727
5703,381.740
5704,381.753
5705,381.767
5706,381.781
5707,381.796
5708,381.811
5709,381.828
5710,381.848
5711,381.868
5712,381.888
5713,381.909
5714,381.932
5715,381.953
5716,381.976
5717,382.001
5718,382.026
5719,382.052
5720,382.077
5721,382.103
5722,382.129
5723,382.157
5724,382.220
5725,382.230
5726,382.294
5727,382.376
5728,382.380
5729,382.383
5730,382.386
5731,382.473
5732,382.504
5733,382.590
5734,382.611
5735,383.135
5736,383.178
5737,383.183
5738,383.188
5739,383.192
5740,383.197
5741,383.202
5742,383.206
5743,383.211
5744,383.216
5745,383.221
5746,383.225
5747,383.230
5748,383.235
5749,383.240
5750,383.247
5751,383.252
5752,383.257
5753,383.262
5754,383.268
5755,383.274
5756,383.279
5757,383.284
5758,383.289
5759,383.296
5760,383.301
5761,383.306
5762,383.311
5763,383.316
5764,383.321
5765,383.840
5766,384.408
5767,384.459
5768,384.506
5769,384.554
5770,384.603
5771,384.644
5772,384.663
5773,384.713
5774,384.753
5775,385.419
5776,385.454
5777,386.000
5778,386.006
5779,386.011
5780,386.015
5781,386.021
5782,386.591
5783,386.598
5784,387.239
5785,387.244
5786,387.819
5787,387.823
5788,387.828
5789,388.351
5790,388.387
5791,389.165
5792,389.172
5793,389.925
5794,389.931
5795,390.481
5796,390.518
5797,390.557
5798,390.588
5799,390.605
5800,390.637
5801,391.248
5802,391.254
5803,391.260
5804,391.266
5805,391.272
5806,391.862
5807,391.867
5808,392.419
5809,392.424
5810,392.949
5811,392.988
5812,393.017
5813,393.791
5814,393.798
5815,394.537
5816,394.542
5817,395.226
5818,395.231
5819,396.047
5820,396.053
5821,396.797
5822,396.803
5823,397.521
5824,397.526
5825,398.445
5826,398.450
5827,399.132
5828,399.138
5829,399.729
5830,399.782
5831,399.787
5832,399.793
5833,399.797
5834,399.802
5835,399.807
5836,399.812
5837,399.816
5838,399.821
5839,399.826
5840,399.831
5841,399.836
5842,399.841
5843,399.846
5844,399.851
5845,399.856
5846,399.861
5847,399.866
5848,399.871
5849,399.877
5850,399.882
5851,399.888
5852,399.893
5853,399.899
5854,399.904
5855,399.910
5856,399.915
5857,399.921
5858,399.926
5859,400.599
5860,401.264
5861,401.304
5862,401.343
5863,401.384
5864,401.427
5865,401.459
5866,401.476
5867,401.516
5868,401.546
5869,402.226
5870,402.263
5871,403.088
5872,403.138
5873,403.733
5874,403.774
5875,404.487
5876,404.494
5877,405.325
5878,405.332
5879,405.941
5880,405.978
5881,406.018
5882,406.048
5883,406.065
5884,406.097
5885,406.771
5886,406.776
5887,407.326
5888,407.381
5889,407.426
5890,407.446
5891,408.286
5892,408.291
5893,408.996
5894,409.002
5895,409.775
5896,409.781
5897,410.578
5898,410.584
5899,411.333
5900,411.339
5901,412.309
5902,412.316
5903,413.064
5904,413.069
5905,413.637
5906,413.681
5907,413.685
5908,413.690
5909,413.694
5910,413.699
5911,413.704
5912,413.709
5913,413.713
5914,413.718
5915,413.723
5916,413.728
5917,413.733
5918,413.738
5919,413.743
5920,413.748
5921,413.753
5922,413.758
5923,413.763
5924,413.768
5925,413.774
5926,413.779
5927,413.784
5928,413.790
5929,413.795
5930,413.801
5931,413.806
5932,413.812
5933,413.817
5934,413.822
5935,414.425
5936,415.112
5937,415.148
5938,415.185
5939,415.221
5940,415.257
5941,415.287
5942,415.301
5943,415.338
5944,415.367
5945,416.043
5946,416.080
5947,416.850
5948,416.894
5949,417.516
5950,417.553
5951,417.589
5952,418.348
5953,418.354
5954,418.917
5955,418.965
5956,419.017
5957,419.060
5958,419.081
5959,419.120
5960,419.930
5961,419.936
5962,420.481
5963,420.522
5964,420.553
5965,420.568
5966,421.365
5967,421.371
5968,422.166
5969,422.171
5970,422.874
5971,422.880
5972,423.684
5973,423.691
5974,424.511
5975,424.517
5976,425.329
5977,425.335
5978,426.231
5979,426.239
5980,426.827
5981,426.871
5982,426.876
5983,426.880
5984,426.885
5985,426.889
5986,426.894
5987,426.899
5988,426.904
5989,426.909
5990,426.914
5991,426.919
5992,426.924
5993,426.929
5994,426.934
5995,426.939
5996,426.944
5997,426.948
5998,426.954
5999,426.959
6000,426.964
6001,426.969
6002,426.975
6003,426.980
6004,426.986
6005,426.991
6006,426.996
6007,427.001
6008,427.007
6009,427.012
6010,427.582
6011,428.195
6012,428.244
6013,428.293
6014,428.342
6015,428.391
6016,428.429
6017,428.448
6018,428.498
6019,428.538
6020,429.293
6021,429.328
6022,430.039
6023,430.077
6024,430.713
6025,430.761
6026,431.538
6027,431.544
6028,432.313
6029,432.319
6030,432.954
6031,433.001
6032,433.061
6033,433.121
6034,433.150
6035,433.210
6036,433.978
6037,433.986
6038,434.577
6039,434.616
6040,434.647
6041,434.661
6042,435.542
6043,435.549
6044,436.301
6045,436.307
6046,437.042
6047,437.048
6048,437.938
6049,437.943
6050,438.665
6051,438.670
6052,439.483
6053,439.490
6054,440.327
6055,440.332
6056,440.916
6057,440.961
6058,440.966
6059,440.971
6060,440.976
6061,440.981
6062,440.986
6063,440.990
6064,440.995
6065,441.000
6066,441.005
6067,441.009
6068,441.014
6069,441.019
6070,441.024
6071,441.028
6072,441.033
6073,441.038
6074,441.043
6075,441.048
6076,441.053
6077,441.058
6078,441.063
6079,441.068
6080,441.073
6081,441.079
6082,441.087
6083,441.089
6084,441.095
6085,441.100
6086,441.674
6087,442.397
6088,442.452
6089,442.494
6090,442.530
6091,442.572
6092,442.608
6093,442.622
6094,442.659
6095,442.686
6096,443.365
6097,443.400
6098,444.115
6099,444.164
6100,444.862
6101,444.898
6102,444.903
6103,444.916
6104,445.709
6105,445.715
6106,446.279
6107,446.284
6108,446.298
6109,446.339
6110,446.371
6111,446.394
6112,446.437
6113,447.304
6114,447.309
6115,447.880
6116,447.916
6117,447.943
6118,447.955
6119,448.700
6120,448.707
6121,449.518
6122,449.523
6123,450.204
6124,450.209
6125,450.959
6126,450.965
6127,451.750
6128,451.756
6129,452.498
6130,452.503
6131,453.308
6132,453.313
6133,453.869
6134,453.909
6135,453.913
6136,453.917
6137,453.921
6138,453.926
6139,453.930
6140,453.934
6141,453.938
6142,453.942
6143,453.947
6144,453.951
6145,453.956
6146,453.960
6147,453.964
6148,453.969
6149,453.973
6150,453.978
6151,453.982
6152,453.987
6153,453.991
6154,453.996
6155,454.000
6156,454.005
6157,454.010
6158,454.014
6159,454.019
6160,454.024
6161,454.029
6162,454.033
6163,454.574
6164,455.174
6165,455.220
6166,455.264
6167,455.307
6168,455.352
6169,455.390
6170,455.407
6171,455.452
6172,455.487
6173,456.150
6174,456.182
6175,456.846
6176,456.878
6177,457.534
6178,457.579
6179,457.632
6180,458.393
6181,458.399
6182,458.941
6183,458.975
6184,459.011
6185,459.039
6186,459.053
6187,459.081
6188,459.933
6189,459.938
6190,460.474
6191,460.508
6192,460.535
6193,460.548
6194,461.290
6195,461.296
6196,462.114
6197,462.119
6198,462.813
6199,462.818
6200,463.594
6201,463.600
6202,464.375
6203,464.380
6204,465.142
6205,465.147
6206,465.978
6207,465.983
6208,466.558
6209,466.599
6210,466.604
6211,466.608
6212,466.613
6213,466.617
6214,466.622
6215,466.627
6216,466.631
6217,466.636
6218,466.640
6219,466.645
6220,466.650
6221,466.655
6222,466.659
6223,466.664
6224,466.668
6225,466.673
6226,466.678
6227,466.683
6228,466.688
6229,466.693
6230,466.698
6231,466.703
6232,466.708
6233,466.713
6234,466.718
6235,466.723
6236,466.728
6237,466.733
6238,467.285
6239,467.939
6240,467.987
6241,468.036
6242,468.084
6243,468.133
6244,468.175
6245,468.189
6246,468.228
6247,468.255
6248,468.936
6249,468.970
6250,469.661
6251,469.707
6252,470.392
6253,470.429
6254,470.468
6255,471.239
6256,471.245
6257,471.984
6258,471.990
6259,472.757
6260,472.763
6261,473.316
6262,473.363
6263,473.384
6264,473.429
6265,474.233
6266,474.239
6267,474.860
6268,474.899
6269,474.933
6270,474.949
6271,475.694
6272,475.699
6273,476.572
6274,476.579
6275,477.361
6276,477.366
6277,478.092
6278,478.097
6279,479.023
6280,479.028
6281,479.864
6282,479.871
6283,480.691
6284,480.697
6285,481.430
6286,481.478
6287,481.483
6288,481.488
6289,481.492
6290,481.497
6291,481.501
6292,481.506
6293,481.511
6294,481.515
6295,481.520
6296,481.524
6297,481.529
6298,481.533
6299,481.538
6300,481.543
6301,481.548
6302,481.552
6303,481.557
6304,481.562
6305,481.566
6306,481.571
6307,481.576
6308,481.581
6309,481.586
6310,481.590
6311,481.595
6312,481.600
6313,481.605
6314,481.610
6315,482.221
6316,482.818
6317,482.856
6318,482.892
6319,482.928
6320,482.975
6321,483.016
6322,483.034
6323,483.081
6324,483.119
6325,483.935
6326,483.968
6327,484.679
6328,484.712
6329,485.324
6330,485.373
6331,485.419
6332,486.282
6333,486.287
6334,486.839
6335,486.874
6336,486.913
6337,486.943
6338,486.964
6339,487.009
6340,487.884
6341,487.889
6342,488.445
6343,488.481
6344,488.507
6345,489.175
6346,489.180
6347,490.049
6348,490.054
6349,490.804
6350,490.809
6351,491.545
6352,491.552
6353,492.455
6354,492.460
6355,493.217
6356,493.222
6357,494.148
6358,494.155
6359,494.933
6360,494.938
6361,495.534
6362,495.577
6363,495.582
6364,495.587
6365,495.592
6366,495.597
6367,495.601
6368,495.607
6369,495.612
6370,495.617
6371,495.622
6372,495.626
6373,495.631
6374,495.636
6375,495.641
6376,495.645
6377,495.650
6378,495.656
6379,495.660
6380,495.665
6381,495.670
6382,495.675
6383,495.681
6384,495.686
6385,495.691
6386,495.696
6387,495.701
6388,495.706
6389,495.711
6390,495.716
6391,496.408
6392,497.083
6393,497.121
6394,497.157
6395,497.193
6396,497.230
6397,497.259
6398,497.274
6399,497.312
6400,497.339
6401,498.060
6402,498.093
6403,498.987
6404,499.019
6405,499.612
6406,499.647
6407,499.683
6408,500.539
6409,500.546
6410,501.286
6411,501.323
6412,501.361
6413,501.390
6414,501.404
6415,501.433
6416,502.212
6417,502.217
6418,502.843
6419,502.897
6420,502.938
6421,502.956
6422,503.848
6423,503.853
6424,504.615
6425,504.620
6426,505.533
6427,505.539
6428,506.287
6429,506.292
6430,507.079
6431,507.087
6432,508.055
6433,508.060
6434,508.782
6435,508.787
6436,509.428
6437,509.485
6438,509.491
6439,509.496
6440,509.501
6441,509.507
6442,509.512
6443,509.517
6444,509.523
6445,509.529
6446,509.534
6447,509.540
6448,509.546
6449,509.551
6450,509.557
6451,509.562
6452,509.567
6453,509.573
6454,509.578
6455,509.584
6456,509.589
6457,509.595
6458,509.601
6459,509.607
6460,509.613
6461,509.619
6462,509.625
6463,509.631
6464,509.636
6465,509.642
6466,510.301
6467,510.898
6468,510.933
6469,510.966
6470,511.000
6471,511.033
6472,511.060
6473,511.073
6474,511.108
6475,511.136
6476,511.945
6477,511.988
6478,512.763
6479,512.795
6480,513.502
6481,513.507
6482,513.512
6483,514.207
6484,514.253
6485,515.077
6486,515.082
6487,515.666
6488,515.702
6489,515.738
6490,515.767
6491,515.782
6492,515.810
6493,515.829
6494,515.887
6495,515.905
6496,515.955
6497,515.993
6498,516.009
6499,516.871
6500,516.876
6501,517.626
6502,517.631
6503,518.542
6504,518.547
6505,519.302
6506,519.307
6507,520.138
6508,520.145
6509,521.101
6510,521.106
6511,521.842
6512,521.847
6513,522.543
6514,522.596
6515,522.601
6516,522.607
6517,522.612
6518,522.617
6519,522.622
6520,522.628
6521,522.634
6522,522.640
6523,522.646
6524,522.651
6525,522.657
6526,522.663
6527,522.670
6528,522.678
6529,522.683
6530,522.690
6531,522.696
6532,522.702
6533,522.708
6534,522.714
6535,522.720
6536,522.726
6537,522.732
6538,522.739
6539,522.745
6540,522.752
6541,522.758
6542,522.764
6543,523.379
6544,523.974
6545,524.008
6546,524.042
6547,524.074
6548,524.109
6549,524.137
6550,524.150
6551,524.188
6552,524.216
6553,525.071
6554,525.103
6555,525.813
6556,525.844
6557,526.433
6558,526.468
6559,526.502
6560,527.481
6561,527.486
6562,528.072
6563,528.107
6564,528.143
6565,528.172
6566,528.187
6567,528.216
6568,529.105
6569,529.111
6570,529.749
6571,529.785
6572,529.812
6573,529.825
6574,530.604
6575,530.610
6576,531.533
6577,531.539
6578,532.301
6579,532.306
6580,533.111
6581,533.118
6582,534.014
6583,534.018
6584,534.853
6585,534.859
6586,535.759
6587,535.764
6588,536.383
6589,536.423
6590,536.428
6591,536.432
6592,536.436
6593,536.440
6594,536.444
6595,536.449
6596,536.453
6597,536.457
6598,536.462
6599,536.466
6600,536.470
6601,536.475
6602,536.479
6603,536.484
6604,536.488
6605,536.493
6606,536.497
6607,536.502
6608,536.508
6609,536.513
6610,536.518
6611,536.523
6612,536.528
6613,536.532
6614,536.537
6615,536.542
6616,536.547
6617,536.552
6618,537.172
6619,537.964
6620,538.012
6621,538.058
6622,538.092
6623,538.128
6624,538.156
6625,538.168
6626,538.204
6627,538.232
6628,538.950
6629,538.982
6630,539.779
6631,539.822
6632,540.509
6633,540.543
6634,540.576
6635,541.420
6636,541.426
6637,542.125
6638,542.173
6639,542.224
6640,542.266
6641,542.287
6642,542.328
6643,543.137
6644,543.142
6645,543.762
6646,543.799
6647,543.829
6648,543.843
6649,544.797
6650,544.802
6651,545.591
6652,545.596
6653,546.541
6654,546.547
6655,547.390
6656,547.395
6657,548.244
6658,548.250
6659,549.239
6660,549.244
6661,550.038
6662,550.043
6663,550.804
6664,550.858
6665,550.864
6666,550.870
6667,550.875
6668,550.881
6669,550.886
6670,550.892
6671,550.897
6672,550.903
6673,550.908
6674,550.914
6675,550.920
6676,550.926
6677,550.932
6678,550.939
6679,550.945
6680,550.951
6681,550.958
6682,550.965
6683,550.971
6684,550.978
6685,550.986
6686,550.993
6687,551.000
6688,551.007
6689,551.012
6690,551.018
6691,551.023
6692,551.028
6693,551.695
6694,552.343
6695,552.387
6696,552.424
6697,552.463
6698,552.500
6699,552.530
6700,552.543
6701,552.580
6702,552.610
6703,553.514
6704,553.547
6705,554.317
6706,554.352
6707,554.997
6708,555.045
6709,555.092
6710,556.069
6711,556.074
6712,556.696
6713,556.731
6714,556.771
6715,556.804
6716,556.821
6717,556.852
6718,557.809
6719,557.814
6720,558.448
6721,558.486
6722,558.516
6723,558.531
6724,559.443
6725,559.451
6726,560.391
6727,560.397
6728,561.222
6729,561.228
6730,562.215
6731,562.220
6732,563.084
6733,563.089
6734,564.091
6735,564.096
6736,564.924
6737,564.929
6738,565.568
6739,565.610
6740,565.615
6741,565.619
6742,565.623
6743,565.628
6744,565.632
6745,565.636
6746,565.641
6747,565.645
6748,565.650
6749,565.654
6750,565.659
6751,565.663
6752,565.668
6753,565.672
6754,565.676
6755,565.681
6756,565.685
6757,565.690
6758,565.695
6759,565.699
6760,565.704
6761,565.709
6762,565.713
6763,565.718
6764,565.723
6765,565.727
6766,565.732
6767,565.737
6768,566.505
6769,567.182
6770,567.216
6771,567.251
6772,567.286
6773,567.321
6774,567.349
6775,567.362
6776,567.398
6777,567.426
6778,568.250
6779,568.295
6780,569.237
6781,569.269
6782,569.913
6783,569.949
6784,569.987
6785,571.044
6786,571.050
6787,571.716
6788,571.751
6789,571.789
6790,571.819
6791,571.836
6792,571.867
6793,572.742
6794,572.748
6795,573.534
6796,573.570
6797,573.599
6798,573.612
6799,574.444
6800,574.450
6801,575.423
6802,575.429
6803,576.269
6804,576.274
6805,577.085
6806,577.091
6807,578.065
6808,578.070
6809,578.952
6810,578.957
6811,579.896
6812,579.901
6813,580.582
6814,580.624
6815,580.628
6816,580.632
6817,580.637
6818,580.641
6819,580.646
6820,580.650
6821,580.654
6822,580.659
6823,580.663
6824,580.667
6825,580.672
6826,580.677
6827,580.681
6828,580.686
6829,580.690
6830,580.695
6831,580.699
6832,580.704
6833,580.709
6834,580.713
6835,580.718
6836,580.723
6837,580.728
6838,580.732
6839,580.737
6840,580.742
6841,580.747
6842,580.752
6843,581.423
6844,582.261
6845,582.297
6846,582.331
6847,582.364
6848,582.405
6849,582.446
6850,582.461
6851,582.499
6852,582.529
6853,583.311
6854,583.343
6855,584.280
6856,584.321
6857,585.007
6858,585.044
6859,585.079
6860,585.986
6861,585.991
6862,586.798
6863,586.833
6864,586.869
6865,586.900
6866,586.915
6867,586.945
6868,587.789
6869,587.794
6870,588.500
6871,588.556
6872,588.617
6873,588.636
6874,589.551
6875,589.556
6876,590.390
6877,590.395
6878,591.374
6879,591.379
6880,592.196
6881,592.201
6882,593.202
6883,593.207
6884,594.122
6885,594.128
6886,595.048
6887,595.054
6888,595.827
6889,595.867
6890,595.872
6891,595.876
6892,595.881
6893,595.885
6894,595.890
6895,595.894
6896,595.899
6897,595.903
6898,595.908
6899,595.912
6900,595.917
6901,595.922
6902,595.926
6903,595.931
6904,595.935
6905,595.940
6906,595.945
6907,595.949
6908,595.954
6909,595.959
6910,595.964
6911,595.969
6912,595.974
6913,595.979
6914,595.984
6915,595.989
6916,595.995
6917,596.000
6918,596.686
6919,597.415
6920,597.464
6921,597.509
6922,597.552
6923,597.599
6924,597.636
6925,597.653
6926,597.699
6927,597.737
6928,598.567
6929,598.599
6930,599.425
6931,599.463
6932,600.283
6933,600.318
6934,600.351
6935,601.244
6936,601.249
6937,601.963
6938,602.008
6939,602.054
6940,602.094
6941,602.112
6942,602.151
6943,603.021
6944,603.026
6945,603.667
6946,603.702
6947,603.728
6948,603.741
6949,604.727
6950,604.732
6951,605.551
6952,605.556
6953,606.532
6954,606.537
6955,607.360
6956,607.365
6957,608.301
6958,608.307
6959,609.299
6960,609.304
6961,610.112
6962,610.117
6963,610.946
6964,610.985
6965,610.990
6966,610.995
6967,610.999
6968,611.003
6969,611.008
6970,611.012
6971,611.017
6972,611.021
6973,611.025
6974,611.030
6975,611.034
6976,611.039
6977,611.043
6978,611.048
6979,611.052
6980,611.057
6981,611.061
6982,611.066
6983,611.075
6984,611.076
6985,611.081
6986,611.086
6987,611.091
6988,611.096
6989,611.101
6990,611.105
6991,611.110
6992,611.115
6993,611.783
6994,612.448
6995,612.482
6996,612.514
6997,612.551
6998,612.600
6999,612.638
7000,612.654
7001,612.700
7002,612.740
7003,613.623
7004,613.655
7005,614.450
7006,614.482
7007,615.252
7008,615.302
7009,615.340
7010,616.236
7011,616.242
7012,616.931
7013,616.977
7014,617.027
7015,617.068
7016,617.089
7017,617.130
7018,618.099
7019,618.104
7020,618.762
7021,618.803
7022,618.831
7023,618.845
7024,619.906
7025,619.911
7026,620.779
7027,620.785
7028,621.822
7029,621.829
7030,622.719
7031,622.724
7032,623.680
7033,623.687
7034,624.733
7035,624.738
7036,625.588
7037,625.593
7038,626.463
7039,626.505
7040,626.510
7041,626.514
7042,626.518
7043,626.523
7044,626.527
7045,626.531
7046,626.535
7047,626.540
7048,626.544
7049,626.549
7050,626.553
7051,626.559
7052,626.564
7053,626.570
7054,626.575
7055,626.580
7056,626.585
7057,626.590
7058,626.596
7059,626.601
7060,626.607
7061,626.612
7062,626.617
7063,626.622
7064,626.627
7065,626.632
7066,626.637
7067,626.642
7068,627.340
7069,627.368
7070,628.076
7071,628.081
7072,628.901
7073,628.905
7074,628.910
7075,628.924
7076,628.961
7077,629.000
7078,629.036
7079,629.074
7080,629.105
7081,629.120
7082,629.161
7083,629.189
7084,629.997
7085,630.030
7086,631.006
7087,631.040
7088,631.715
7089,631.749
7090,631.784
7091,632.779
7092,632.785
7093,633.532
7094,633.567
7095,633.604
7096,633.634
7097,633.649
7098,633.680
7099,634.556
7100,634.561
7101,635.384
7102,636.152
7103,636.160
7104,636.166
7105,636.846
7106,637.900
7107,637.905
7108,638.768
7109,638.773
7110,639.775
7111,639.782
7112,640.651
7113,640.656
7114,641.614
7115,641.620
7116,642.663
7117,642.668
7118,643.522
7119,643.529
7120,644.401
7121,644.443
7122,644.448
7123,644.452
7124,644.457
7125,644.461
7126,644.465
7127,644.469
7128,644.474
7129,644.478
7130,644.483
7131,644.487
7132,644.492
7133,644.496
7134,644.501
7135,644.505
7136,644.510
7137,644.514
7138,644.519
7139,644.524
7140,644.528
7141,644.533
7142,644.538
7143,644.543
7144,644.548
7145,644.553
7146,644.558
7147,644.563
7148,644.568
7149,644.573
7150,645.290
7151,646.025
7152,646.074
7153,646.121
7154,646.172
7155,646.225
7156,646.261
7157,646.280
7158,646.331
7159,646.368
7160,647.281
7161,647.315
7162,648.220
7163,648.270
7164,649.109
7165,649.144
7166,649.180
7167,650.172
7168,650.178
7169,651.039
7170,651.091
7171,651.139
7172,651.171
7173,651.187
7174,651.220
7175,652.128
7176,652.133
7177,652.859
7178,653.754
7179,653.763
7180,653.769
7181,654.469
7182,655.485
7183,655.491
7184,656.415
7185,656.421
7186,657.363
7187,657.369
7188,658.339
7189,658.344
7190,659.243
7191,659.248
7192,660.375
7193,660.380
7194,661.236
7195,661.241
7196,662.112
7197,662.154
7198,662.159
7199,662.163
7200,662.168
7201,662.172
7202,662.177
7203,662.181
7204,662.185
7205,662.190
7206,662.195
7207,662.199
7208,662.203
7209,662.208
7210,662.212
7211,662.217
7212,662.222
7213,662.226
7214,662.231
7215,662.235
7216,662.240
7217,662.245
7218,662.249
7219,662.254
7220,662.259
7221,662.264
7222,662.269
7223,662.274
7224,662.279
7225,662.284
7226,663.013
7227,663.754
7228,663.791
7229,663.826
7230,664.874
7231,664.879
7232,665.576
7233,665.620
7234,665.634
7235,665.673
7236,665.701
7237,666.684
7238,666.717
7239,667.574
7240,667.605
7241,668.354
7242,668.404
7243,668.454
7244,669.570
7245,669.575
7246,670.267
7247,670.303
7248,670.339
7249,670.368
7250,670.382
7251,670.413
7252,671.467
7253,671.472
7254,672.161
7255,672.204
7256,672.248
7257,672.260
7258,673.318
7259,673.325
7260,674.237
7261,674.243
7262,675.224
7263,675.230
7264,676.208
7265,676.213
7266,677.200
7267,677.207
7268,678.372
7269,678.377
7270,679.281
7271,679.286
7272,680.205
7273,680.248
7274,680.253
7275,680.258
7276,680.262
7277,680.267
7278,680.271
7279,680.276
7280,680.280
7281,680.285
7282,680.289
7283,680.294
7284,680.299
7285,680.304
7286,680.309
7287,680.313
7288,680.319
7289,680.324
7290,680.329
7291,680.333
7292,680.338
7293,680.344
7294,680.348
7295,680.353
7296,680.358
7297,680.363
7298,680.368
7299,680.374
7300,680.379
7301,680.384
7302,681.135
7303,681.867
7304,681.918
7305,681.965
7306,682.010
7307,682.059
7308,682.097
7309,682.115
7310,682.160
7311,682.197
7312,683.126
7313,683.160
7314,684.026
7315,684.069
7316,684.923
7317,684.960
7318,684.996
7319,685.963
7320,685.969
7321,686.803
7322,686.852
7323,686.905
7324,686.940
7325,686.956
7326,686.989
7327,687.903
7328,687.908
7329,688.699
7330,688.757
7331,688.795
7332,688.811
7333,689.798
7334,689.803
7335,690.715
7336,690.721
7337,691.740
7338,691.745
7339,692.639
7340,692.645
7341,693.743
7342,693.748
7343,694.744
7344,694.749
7345,695.792
7346,695.797
7347,696.527
7348,696.566
7349,696.571
7350,696.575
7351,696.579
7352,696.584
7353,696.588
7354,696.592
7355,696.596
7356,696.601
7357,696.605
7358,696.610
7359,696.614
7360,696.619
7361,696.623
7362,696.627
7363,696.632
7364,696.637
7365,696.641
7366,696.646
7367,696.650
7368,696.655
7369,696.660
7370,696.665
7371,696.669
7372,696.674
7373,696.679
7374,696.684
7375,696.688
7376,696.693
7377,697.505
7378,698.328
7379,698.363
7380,698.399
7381,698.435
7382,698.478
7383,698.524
7384,698.540
7385,698.579
7386,698.608
7387,699.484
7388,699.528
7389,700.592
7390,700.625
7391,701.375
7392,701.414
7393,701.453
7394,702.656
7395,702.662
7396,703.401
7397,703.436
7398,703.473
7399,703.503
7400,703.517
7401,703.548
7402,704.670
7403,704.676
7404,705.421
7405,705.465
7406,705.513
7407,705.526
7408,706.559
7409,706.565
7410,707.650
7411,707.656
7412,708.685
7413,708.691
7414,709.763
7415,709.768
7416,710.733
7417,710.739
7418,711.941
7419,711.947
7420,712.888
7421,712.893
7422,713.812
7423,713.855
7424,713.860
7425,713.864
7426,713.869
7427,713.873
7428,713.877
7429,713.882
7430,713.887
7431,713.891
7432,713.896
7433,713.901
7434,713.906
7435,713.911
7436,713.916
7437,713.920
7438,713.926
7439,713.930
7440,713.935
7441,713.940
7442,713.945
7443,713.950
7444,713.955
7445,713.961
7446,713.966
7447,713.971
7448,713.976
7449,713.981
7450,713.986
7451,713.991
7452,714.731
7453,715.496
7454,715.551
7455,715.603
7456,715.652
7457,715.703
7458,715.743
7459,715.762
7460,715.812
7461,715.853
7462,716.798
7463,716.834
7464,717.782
7465,717.831
7466,718.681
7467,718.720
7468,718.759
7469,719.766
7470,719.772
7471,720.692
7472,720.734
7473,720.773
7474,720.807
7475,720.822
7476,720.855
7477,721.797
7478,721.803
7479,722.628
7480,723.494
7481,723.502
7482,723.508
7483,724.239
7484,725.398
7485,725.404
7486,726.358
7487,726.363
7488,727.514
7489,727.519
7490,728.489
7491,728.495
7492,729.633
7493,729.640
7494,730.742
7495,730.748
7496,731.860
7497,731.867
7498,732.703
7499,732.747
7500,732.752
7501,732.757
7502,732.762
7503,732.767
7504,732.772
7505,732.777
7506,732.782
7507,732.787
7508,732.792
7509,732.797
7510,732.802
7511,732.807
7512,732.812
7513,732.817
7514,732.822
7515,732.827
7516,732.833
7517,732.838
7518,732.843
7519,732.848
7520,732.853
7521,732.858
7522,732.864
7523,732.869
7524,732.874
7525,732.879
7526,732.884
7527,732.890
7528,733.662
7529,734.586
7530,734.626
7531,734.664
7532,734.701
7533,734.739
7534,734.769
7535,734.784
7536,734.824
7537,734.853
7538,735.742
7539,735.778
7540,736.869
7541,736.904
7542,737.646
7543,737.685
7544,737.723
7545,738.845
7546,738.851
7547,739.613
7548,739.652
7549,739.691
7550,739.724
7551,739.740
7552,739.775
7553,740.832
7554,740.839
7555,741.666
7556,741.712
7557,741.756
7558,741.771
7559,742.739
7560,742.745
7561,743.839
7562,743.845
7563,744.804
7564,744.809
7565,745.923
7566,745.929
7567,746.910
7568,746.915
7569,748.112
7570,748.117
7571,749.031
7572,749.036
7573,749.923
7574,749.974
7575,749.980
7576,749.985
7577,749.992
7578,749.998
7579,750.004
7580,750.010
7581,750.016
7582,750.022
7583,750.028
7584,750.034
7585,750.040
7586,750.046
7587,750.052
7588,750.058
7589,750.065
7590,750.071
7591,750.077
7592,750.081
7593,750.086
7594,750.091
7595,750.096
7596,750.101
7597,750.105
7598,750.110
7599,750.115
7600,750.120
7601,750.125
7602,750.130
7603,750.888
7604,751.645
7605,751.680
7606,751.713
7607,751.748
7608,751.793
7609,751.854
7610,751.875
7611,751.931
7612,751.970
7613,752.960
7614,752.991
7615,753.915
7616,753.961
7617,754.844
7618,754.879
7619,754.914
7620,755.925
7621,755.930
7622,756.830
7623,756.867
7624,756.905
7625,756.934
7626,756.949
7627,756.978
7628,757.975
7629,757.980
7630,758.876
7631,758.934
7632,758.992
7633,759.012
7634,760.010
7635,760.016
7636,761.120
7637,761.126
7638,762.111
7639,762.116
7640,763.199
7641,763.206
7642,764.279
7643,764.285
7644,765.456
7645,765.462
7646,766.433
7647,766.438
7648,767.307
7649,767.363
7650,767.369
7651,767.376
7652,767.381
7653,767.387
7654,767.393
7655,767.398
7656,767.404
7657,767.410
7658,767.416
7659,767.421
7660,767.427
7661,767.433
7662,767.439
7663,767.446
7664,767.452
7665,767.459
7666,767.465
7667,767.471
7668,767.477
7669,767.482
7670,767.488
7671,767.495
7672,767.502
7673,767.509
7674,767.515
7675,767.522
7676,767.528
7677,767.535
7678,768.453
7679,769.284
7680,769.323
7681,769.361
7682,769.399
7683,769.437
7684,769.466
7685,769.480
7686,769.530
7687,769.570
7688,770.680
7689,770.712
7690,771.754
7691,771.798
7692,772.715
7693,772.752
7694,772.790
7695,773.961
7696,773.967
7697,774.875
7698,774.911
7699,774.948
7700,774.978
7701,774.992
7702,775.021
7703,776.135
7704,776.141
7705,777.239
7706,777.244
7707,778.303
7708,778.345
7709,779.255
7710,780.382
7711,780.388
7712,781.562
7713,781.567
7714,782.708
7715,782.715
7716,783.858
7717,783.863
7718,785.109
7719,785.116
7720,786.224
7721,786.230
7722,787.433
7723,787.438
7724,788.261
7725,788.303
7726,788.308
7727,788.313
7728,788.317
7729,788.322
7730,788.326
7731,788.331
7732,788.335
7733,788.340
7734,788.344
7735,788.349
7736,788.354
7737,788.359
7738,788.364
7739,788.368
7740,788.373
7741,788.378
7742,788.383
7743,788.387
7744,788.392
7745,788.397
7746,788.402
7747,788.407
7748,788.413
7749,788.418
7750,788.423
7751,788.428
7752,788.433
7753,788.439
7754,789.246
7755,790.197
7756,790.233
7757,790.268
7758,790.304
7759,790.341
7760,790.373
7761,790.388
7762,790.428
7763,790.456
7764,791.407
7765,791.439
7766,792.571
7767,792.604
7768,793.371
7769,793.408
7770,793.443
7771,794.663
7772,794.668
7773,795.451
7774,795.488
7775,795.527
7776,795.560
7777,795.576
7778,795.609
7779,796.823
7780,796.829
7781,797.838
7782,797.844
7783,798.711
7784,798.769
7785,798.788
7786,799.896
7787,799.901
7788,801.023
7789,801.029
7790,802.094
7791,802.099
7792,803.169
7793,803.176
7794,804.271
7795,804.276
7796,805.452
7797,805.458
7798,806.474
7799,806.479
7800,807.293
7801,807.342
7802,807.348
7803,807.354
7804,807.360
7805,807.366
7806,807.372
7807,807.377
7808,807.383
7809,807.389
7810,807.394
7811,807.400
7812,807.406
7813,807.412
7814,807.418
7815,807.424
7816,807.431
7817,807.438
7818,807.444
7819,807.451
7820,807.457
7821,807.463
7822,807.470
7823,807.476
7824,807.482
7825,807.489
7826,807.495
7827,807.501
7828,807.508
7829,807.514
7830,808.435
7831,809.222
7832,809.256
7833,809.291
7834,809.327
7835,809.365
7836,809.393
7837,809.407
7838,809.443
7839,809.470
7840,810.559
7841,810.591
7842,811.531
7843,811.564
7844,812.484
7845,812.519
7846,812.554
7847,813.607
7848,813.613
7849,814.504
7850,814.550
7851,814.602
7852,814.639
7853,814.655
7854,814.687
7855,815.694
7856,815.700
7857,816.563
7858,816.609
7859,816.648
7860,816.664
7861,817.705
7862,817.710
7863,818.836
7864,818.842
7865,819.849
7866,819.854
7867,820.982
7868,820.988
7869,822.034
7870,822.039
7871,823.299
7872,823.305
7873,824.279
7874,824.284
7875,825.195
7876,825.247
7877,825.253
7878,825.259
7879,825.264
7880,825.269
7881,825.275
7882,825.280
7883,825.286
7884,825.291
7885,825.297
7886,825.302
7887,825.308
7888,825.313
7889,825.319
7890,825.324
7891,825.330
7892,825.336
7893,825.342
7894,825.348
7895,825.354
7896,825.360
7897,825.366
7898,825.372
7899,825.378
7900,825.384
7901,825.390
7902,825.396
7903,825.402
7904,825.408
7905,826.240
7906,827.062
7907,827.098
7908,827.132
7909,827.165
7910,827.198
7911,827.237
7912,827.259
7913,827.309
7914,827.346
7915,827.374
7916,827.436
7917,828.500
7918,828.535
7919,829.335
7920,829.371
7921,829.407
7922,830.641
7923,830.646
7924,831.444
7925,831.480
7926,831.517
7927,831.546
7928,831.561
7929,831.591
7930,832.797
7931,832.802
7932,833.589
7933,833.626
7934,833.656
7935,833.669
7936,834.862
7937,834.867
7938,835.924
7939,835.929
7940,837.130
7941,837.136
7942,838.156
7943,838.161
7944,839.404
7945,839.409
7946,840.588
7947,840.594
7948,841.730
7949,841.735
7950,842.548
7951,842.591
7952,842.596
7953,842.601
7954,842.605
7955,842.609
7956,842.613
7957,842.618
7958,842.622
7959,842.626
7960,842.631
7961,842.635
7962,842.640
7963,842.644
7964,842.649
7965,842.654
7966,842.658
7967,842.663
7968,842.667
7969,842.672
7970,842.677
7971,842.681
7972,842.686
7973,842.691
7974,842.695
7975,842.700
7976,842.705
7977,842.710
7978,842.714
7979,842.719
7980,843.684
7981,844.484
7982,844.520
7983,844.553
7984,844.586
7985,844.621
7986,844.650
7987,844.664
7988,845.783
7989,845.814
7990,846.753
7991,846.786
7992,847.909
7993,847.944
7994,848.751
7995,848.786
7996,848.820
7997,850.095
7998,850.102
7999,850.941
8000,850.990
8001,851.029
8002,851.062
8003,851.078
8004,851.111
8005,852.283
8006,852.289
8007,853.133
8008,853.170
8009,853.199
8010,853.211
8011,854.316
8012,854.323
8013,855.454
8014,855.459
8015,856.572
8016,856.578
8017,857.713
8018,857.718
8019,858.852
8020,858.858
8021,860.052
8022,860.058
8023,861.173
8024,861.179
8025,862.134
8026,862.178
8027,862.183
8028,862.188
8029,862.192
8030,862.196
8031,862.200
8032,862.205
8033,862.209
8034,862.213
8035,862.218
8036,862.222
8037,862.227
8038,862.231
8039,862.236
8040,862.240
8041,862.245
8042,862.249
8043,862.254
8044,862.259
8045,862.264
8046,862.268
8047,862.273
8048,862.278
8049,862.283
8050,862.288
8051,862.293
8052,862.297
8053,862.302
8054,862.307
8055,863.284
8056,864.283
8057,864.322
8058,864.358
8059,864.395
8060,864.430
8061,864.458
8062,864.473
8063,864.510
8064,864.539
8065,865.690
8066,865.732
8067,866.818
8068,866.851
8069,867.825
8070,867.872
8071,867.921
8072,869.141
8073,869.146
8074,870.174
8075,870.223
8076,870.263
8077,870.294
8078,870.310
8079,870.342
8080,871.480
8081,871.485
8082,872.546
8083,872.588
8084,872.617
8085,872.632
8086,873.821
8087,873.826
8088,875.183
8089,875.189
8090,876.433
8091,876.440
8092,877.704
8093,877.710
8094,879.038
8095,879.045
8096,880.224
8097,880.229
8098,881.498
8099,881.503
8100,882.432
8101,882.474
8102,882.479
8103,882.484
8104,882.489
8105,882.494
8106,882.498
8107,882.503
8108,882.508
8109,882.514
8110,882.518
8111,882.523
8112,882.528
8113,882.532
8114,882.537
8115,882.541
8116,882.546
8117,882.551
8118,882.556
8119,882.560
8120,882.565
8121,882.571
8122,882.577
8123,882.582
8124,882.587
8125,882.593
8126,882.599
8127,882.604
8128,882.609
8129,882.615
8130,883.696
8131,884.618
8132,884.657
8133,884.692
8134,884.726
8135,884.761
8136,884.789
8137,884.803
8138,884.840
8139,884.870
8140,886.124
8141,886.129
8142,886.134
8143,887.530
8144,887.537
8145,888.811
8146,888.847
8147,889.789
8148,889.835
8149,889.886
8150,891.321
8151,891.327
8152,892.305
8153,892.364
8154,892.419
8155,892.466
8156,892.487
8157,892.532
8158,893.825
8159,893.830
8160,894.845
8161,894.909
8162,894.957
8163,894.980
8164,896.272
8165,896.277
8166,897.670
8167,897.676
8168,898.842
8169,898.848
8170,900.225
8171,900.231
8172,901.502
8173,901.509
8174,902.780
8175,902.785
8176,904.020
8177,904.026
8178,904.914
8179,904.957
8180,904.962
8181,904.967
8182,904.972
8183,904.976
8184,904.981
8185,904.986
8186,904.991
8187,904.996
8188,905.000
8189,905.005
8190,905.009
8191,905.014
8192,905.019
8193,905.024
8194,905.029
8195,905.034
8196,905.038
8197,905.043
8198,905.048
8199,905.053
8200,905.058
8201,905.063
8202,905.069
8203,905.074
8204,905.079
8205,905.084
8206,905.089
8207,905.095
8208,905.976
8209,906.990
8210,907.031
8211,907.067
8212,907.108
8213,907.143
8214,907.174
8215,907.189
8216,908.208
8217,908.244
8218,909.233
8219,909.278
8220,910.342
8221,910.377
8222,911.413
8223,911.451
8224,911.486
8225,912.640
8226,912.645
8227,913.678
8228,913.719
8229,913.760
8230,913.792
8231,913.808
8232,913.842
8233,914.956
8234,914.961
8235,915.968
8236,916.007
8237,916.036
8238,916.052
8239,917.119
8240,917.125
8241,918.352
8242,918.357
8243,919.410
8244,919.416
8245,920.647
8246,920.653
8247,921.800
8248,921.806
8249,922.830
8250,922.877
8251,923.970
8252,923.976
8253,925.032
8254,925.097
8255,925.104
8256,925.110
8257,925.117
8258,925.123
8259,925.130
8260,925.137
8261,925.143
8262,925.150
8263,925.155
8264,925.159
8265,925.164
8266,925.169
8267,925.174
8268,925.179
8269,925.185
8270,925.190
8271,925.195
8272,925.200
8273,925.205
8274,925.211
8275,925.216
8276,925.221
8277,925.227
8278,925.232
8279,925.238
8280,925.244
8281,925.249
8282,925.255
8283,926.206
8284,927.126
8285,927.179
8286,927.236
8287,927.294
8288,927.348
8289,927.387
8290,928.489
8291,928.494
8292,929.378
8293,929.425
8294,930.627
8295,930.662
8296,931.756
8297,931.807
8298,932.752
8299,932.788
8300,932.826
8301,934.063
8302,934.069
8303,935.010
8304,935.048
8305,935.087
8306,935.118
8307,935.133
8308,935.165
8309,936.344
8310,936.350
8311,937.477
8312,937.482
8313,938.345
8314,938.406
8315,938.427
8316,939.684
8317,939.689
8318,940.841
8319,940.847
8320,942.027
8321,942.032
8322,943.215
8323,943.221
8324,944.386
8325,944.391
8326,945.738
8327,945.744
8328,946.799
8329,946.805
8330,947.829
8331,947.878
8332,947.883
8333,947.888
8334,947.892
8335,947.897
8336,947.901
8337,947.906
8338,947.910
8339,947.915
8340,947.919
8341,947.924
8342,947.928
8343,947.933
8344,947.937
8345,947.942
8346,947.947
8347,947.951
8348,947.956
8349,947.961
8350,947.966
8351,947.970
8352,947.975
8353,947.980
8354,947.985
8355,947.990
8356,947.995
8357,948.000
8358,948.005
8359,948.010
8360,948.883
8361,949.805
8362,949.860
8363,949.909
8364,949.957
8365,950.003
8366,950.042
8367,951.116
8368,951.123
8369,951.128
8370,952.017
8371,952.057
8372,953.173
8373,953.204
8374,954.319
8375,954.370
8376,955.297
8377,955.336
8378,955.373
8379,956.648
8380,956.655
8381,957.561
8382,957.601
8383,957.639
8384,957.668
8385,957.682
8386,957.714
8387,958.928
8388,958.934
8389,959.983
8390,959.988
8391,960.907
8392,960.952
8393,960.973
8394,962.176
8395,962.181
8396,963.393
8397,963.399
8398,964.513
8399,964.518
8400,965.781
8401,965.787
8402,966.911
8403,966.916
8404,968.289
8405,968.294
8406,969.392
8407,969.397
8408,970.446
8409,970.490
8410,970.495
8411,970.500
8412,970.504
8413,970.509
8414,970.513
8415,970.517
8416,970.522
8417,970.526
8418,970.531
8419,970.535
8420,970.540
8421,970.546
8422,970.551
8423,970.555
8424,970.560
8425,970.564
8426,970.569
8427,970.574
8428,970.579
8429,970.583
8430,970.588
8431,970.593
8432,970.598
8433,970.603
8434,970.608
8435,970.613
8436,970.617
8437,970.622
8438,971.498
8439,972.488
8440,972.535
8441,972.583
8442,972.633
8443,972.673
8444,972.704
8445,973.730
8446,973.735
8447,974.724
8448,974.764
8449,975.847
8450,975.877
8451,977.087
8452,977.132
8453,978.031
8454,978.068
8455,978.103
8456,979.474
8457,979.479
8458,980.348
8459,980.383
8460,980.419
8461,980.448
8462,980.462
8463,980.493
8464,981.767
8465,981.772
8466,982.652
8467,982.689
8468,982.718
8469,982.731
8470,984.029
8471,984.035
8472,985.175
8473,985.181
8474,986.492
8475,986.498
8476,987.676
8477,987.682
8478,989.016
8479,989.021
8480,990.303
8481,990.310
8482,991.541
8483,991.546
8484,992.449
8485,992.488
8486,992.493
8487,992.497
8488,992.501
8489,992.506
8490,992.510
8491,992.516
8492,992.522
8493,992.528
8494,992.534
8495,992.540
8496,992.547
8497,992.553
8498,992.560
8499,992.566
8500,992.572
8501,992.578
8502,992.585
8503,992.591
8504,992.597
8505,992.603
8506,992.609
8507,992.615
8508,992.621
8509,992.627
8510,992.634
8511,992.641
8512,992.648
8513,992.655
8514,993.693
8515,994.599
8516,994.637
8517,994.677
8518,994.717
8519,994.756
8520,994.786
8521,996.003
8522,996.008
8523,996.904
8524,996.936
8525,998.153
8526,998.184
8527,999.251
8528,999.287
8529,1000.331
8530,1000.369
8531,1000.406
8532,1001.624
8533,1001.629
8534,1002.705
8535,1002.747
8536,1002.788
8537,1002.821
8538,1002.835
8539,1002.867
8540,1004.017
8541,1004.023
8542,1005.114
8543,1005.162
8544,1005.210
8545,1005.226
8546,1006.380
8547,1006.386
8548,1007.657
8549,1007.662
8550,1008.852
8551,1008.858
8552,1010.053
8553,1010.058
8554,1011.364
8555,1011.371
8556,1012.620
8557,1012.625
8558,1013.899
8559,1013.905
8560,1014.864
8561,1014.909
8562,1014.914
8563,1014.918
8564,1014.922
8565,1014.927
8566,1014.932
8567,1014.937
8568,1014.942
8569,1014.946
8570,1014.951
8571,1014.956
8572,1014.961
8573,1014.966
8574,1014.971
8575,1014.976
8576,1014.981
8577,1014.986
8578,1014.991
8579,1014.996
8580,1015.002
8581,1015.007
8582,1015.013
8583,1015.018
8584,1015.024
8585,1015.029
8586,1015.035
8587,1015.040
8588,1015.046
8589,1015.051
8590,1016.177
8591,1017.123
8592,1017.159
8593,1017.196
8594,1017.233
8595,1017.271
8596,1017.299
8597,1018.575
8598,1018.581
8599,1019.725
8600,1019.759
8601,1021.004
8602,1021.036
8603,1022.121
8604,1022.155
8605,1023.202
8606,1023.251
8607,1023.290
8608,1024.501
8609,1024.506
8610,1025.558
8611,1025.600
8612,1025.640
8613,1025.672
8614,1025.687
8615,1025.718
8616,1026.868
8617,1026.873
8618,1027.941
8619,1027.989
8620,1028.038
8621,1028.052
8622,1029.208
8623,1029.213
8624,1030.537
8625,1030.542
8626,1031.699
8627,1031.704
8628,1033.011
8629,1033.016
8630,1034.262
8631,1034.268
8632,1035.624
8633,1035.630
8634,1036.909
8635,1036.914
8636,1037.840
8637,1037.882
8638,1037.886
8639,1037.891
8640,1037.896
8641,1037.900
8642,1037.905
8643,1037.910
8644,1037.914
8645,1037.919
8646,1037.923
8647,1037.928
8648,1037.932
8649,1037.937
8650,1037.941
8651,1037.946
8652,1037.951
8653,1037.955
8654,1037.960
8655,1037.964
8656,1037.969
8657,1037.974
8658,1037.979
8659,1037.984
8660,1037.989
8661,1037.993
8662,1037.999
8663,1038.004
8664,1038.008
8665,1038.013
8666,1039.037
8667,1040.051
8668,1040.086
8669,1040.121
8670,1040.155
8671,1040.192
8672,1040.222
8673,1041.376
8674,1041.382
8675,1042.364
8676,1042.394
8677,1043.487
8678,1043.529
8679,1044.743
8680,1044.774
8681,1045.671
8682,1045.719
8683,1045.765
8684,1047.106
8685,1047.111
8686,1048.060
8687,1048.106
8688,1048.157
8689,1048.197
8690,1048.217
8691,1048.257
8692,1049.496
8693,1049.502
8694,1050.494
8695,1051.838
8696,1051.874
8697,1052.899
8698,1054.114
8699,1054.119
8700,1055.440
8701,1055.446
8702,1056.635
8703,1056.640
8704,1057.971
8705,1057.977
8706,1059.219
8707,1059.226
8708,1060.639
8709,1060.644
8710,1061.945
8711,1061.952
8712,1062.057
8713,1062.061
8714,1062.063
8715,1062.066
8716,1062.069
8717,1062.074
8718,1062.078
8719,1062.083
8720,1062.087
8721,1062.091
8722,1062.095
8723,1062.100
8724,1062.102
8725,1062.198
8726,1062.201
8727,1062.207
8728,1062.210
8729,1062.222
8730,1062.224
8731,1062.229
8732,1062.232
8733,1063.161
8734,1063.200
8735,1063.205
8736,1063.209
8737,1063.213
8738,1063.218
8739,1063.222
8740,1063.227
8741,1063.231
8742,1063.236
8743,1063.240
8744,1063.245
8745,1063.249
8746,1063.254
8747,1063.259
8748,1063.263
8749,1063.268
8750,1063.272
8751,1063.277
8752,1063.282
8753,1063.287
8754,1063.292
8755,1063.297
8756,1063.303
8757,1063.308
8758,1063.313
8759,1063.318
8760,1063.323
8761,1063.328
8762,1063.333
8763,1064.409
8764,1065.417
8765,1065.457
8766,1065.495
8767,1065.532
8768,1065.569
8769,1065.600
8770,1065.615
8771,1065.656
8772,1065.686
8773,1066.984
8774,1067.014
8775,1068.136
8776,1068.168
8777,1069.240
8778,1069.275
8779,1070.408
8780,1070.413
8781,1071.882
8782,1071.887
8783,1072.824
8784,1072.859
8785,1072.895
8786,1072.938
8787,1072.958
8788,1073.005
8789,1074.363
8790,1074.369
8791,1075.351
8792,1076.745
8793,1076.780
8794,1078.084
8795,1078.090
8796,1079.318
8797,1079.324
8798,1080.684
8799,1080.689
8800,1081.863
8801,1081.868
8802,1083.196
8803,1083.201
8804,1084.445
8805,1084.452
8806,1085.854
8807,1085.859
8808,1087.162
8809,1087.168
8810,1087.308
8811,1087.314
8812,1087.317
8813,1087.321
8814,1087.324
8815,1087.327
8816,1087.330
8817,1087.333
8818,1087.336
8819,1087.339
8820,1087.343
8821,1087.346
8822,1087.350
8823,1087.353
8824,1087.356
8825,1087.360
8826,1087.363
8827,1087.428
8828,1087.492
8829,1087.503
8830,1087.506
8831,1087.508
8832,1087.553
8833,1087.556
8834,1087.558
8835,1087.723
8836,1087.726
8837,1087.729
8838,1087.732
8839,1088.756
8840,1088.763
8841,1088.770
8842,1088.777
8843,1089.095
8844,1089.100
8845,1089.105
8846,1089.109
8847,1089.204
8848,1089.208
8849,1089.212
8850,1089.215
8851,1089.219
8852,1089.223
8853,1089.227
8854,1089.231
8855,1089.235
8856,1089.239
8857,1089.298
8858,1089.328
8859,1089.425
8860,1089.428
8861,1089.431
8862,1089.434
8863,1089.437
8864,1089.440
8865,1089.444
8866,1089.447
8867,1089.530
8868,1089.533
8869,1089.536
8870,1089.540
8871,1089.543
8872,1089.547
8873,1089.554
8874,1089.557
8875,1089.564
8876,1089.572
8877,1089.575
8878,1089.660
8879,1089.663
8880,1089.666
8881,1089.669
8882,1089.671
8883,1089.674
8884,1089.677
8885,1089.745
8886,1089.747
8887,1089.750
8888,1089.752
8889,1089.755
8890,1089.758
8891,1089.760
8892,1089.830
8893,1089.833
8894,1089.835
8895,1089.838
8896,1089.841
8897,1089.844
8898,1089.847
8899,1089.850
8900,1089.852
8901,1089.857
8902,1089.861
8903,1089.865
8904,1089.870
8905,1089.873
8906,1089.945
8907,1089.949
8908,1089.953
8909,1089.957
8910,1089.962
8911,1089.967
8912,1089.970
8913,1090.039
8914,1090.043
8915,1090.045
8916,1090.048
8917,1090.051
8918,1090.056
8919,1090.059
8920,1090.126
8921,1090.129
8922,1090.132
8923,1090.135
8924,1090.137
8925,1090.168
8926,1090.171
8927,1090.174
8928,1090.177
8929,1090.179
8930,1090.209
8931,1090.212
8932,1090.214
8933,1090.217
8934,1090.220
8935,1090.222
8936,1090.225
8937,1090.228
8938,1090.231
8939,1090.233
8940,1090.263
8941,1090.266
8942,1090.268
8943,1090.271
8944,1090.273
8945,1090.276
8946,1090.279
8947,1090.281
8948,1090.314
8949,1090.318
8950,1090.321
8951,1090.324
8952,1090.326
8953,1090.329
8954,1090.332
8955,1090.335
8956,1090.338
8957,1090.341
8958,1090.343
8959,1090.346
8960,1090.349
8961,1090.352
8962,1090.355
8963,1090.362
8964,1090.363
8965,1090.365
8966,1090.368
8967,1090.371
8968,1090.374
8969,1090.378
8970,1090.381
8971,1090.384
8972,1090.414
8973,1090.417
8974,1090.419
8975,1090.421
8976,1090.424
8977,1090.453
8978,1090.456
8979,1090.459
8980,1090.461
8981,1090.464
8982,1090.493
8983,1090.495
8984,1090.498
8985,1090.500
8986,1090.503
8987,1090.532
8988,1090.535
8989,1090.537
8990,1090.540
8991,1090.542
8992,1090.572
8993,1090.574
8994,1090.577
8995,1090.579
8996,1090.582
8997,1090.612
8998,1090.614
8999,1090.617
9000,1090.621
9001,1090.624
9002,1090.656
9003,1090.660
9004,1090.663
9005,1090.667
9006,1090.670
9007,1090.714
9008,1090.736
9009,1090.739
9010,1090.801
9011,1090.894
9012,1090.955
9013,1090.958
9014,1090.990
9015,1091.054
9016,1091.058
9017,1091.061
9018,1091.152
9019,1091.237
9020,1091.240
9021,1091.243
9022,1091.331
9023,1091.413
9024,1091.418
9025,1091.472
9026,1091.501
9027,1091.505
9028,1091.509
9029,1091.513
9030,1091.569
9031,1091.615
9032,1091.637
9033,1091.640
9034,1091.644
9035,1091.732
9036,1091.736
9037,1091.741
9038,1091.821
9039,1091.826
9040,1091.831
9041,1091.907
9042,1091.913
9043,1091.917
9044,1091.996
9045,1092.002
9046,1092.006
9047,1092.085
9048,1092.091
9049,1092.096
9050,1092.174
9051,1092.179
9052,1092.184
9053,1092.259
9054,1092.265
9055,1092.270
9056,1092.346
9057,1092.352
9058,1092.357
9059,1092.431
9060,1092.438
9061,1092.443
9062,1092.519
9063,1092.526
9064,1092.530
9065,1092.606
9066,1092.614
9067,1092.618
9068,1092.694
9069,1092.700
9070,1092.705
9071,1092.779
9072,1092.786
9073,1092.791
9074,1092.868
9075,1092.876
9076,1092.881
9077,1092.957
9078,1092.964
9079,1092.972
9080,1092.977
9081,1093.056
9082,1093.063
9083,1093.068
9084,1093.149
9085,1093.156
9086,1093.161
9087,1093.236
9088,1093.243
9089,1093.247
9090,1093.311
9091,1093.322
9092,1093.326
9093,1093.329
9094,1093.332
9095,1093.335
9096,1093.338
9097,1093.341
9098,1093.344
9099,1093.347
9100,1093.350
9101,1093.353
9102,1093.357
9103,1093.361
9104,1093.364
9105,1093.367
9106,1093.403
9107,1093.413
9108,1093.415
9109,1093.417
9110,1093.577
9111,1093.585
9112,1093.589
9113,1093.677
9114,1093.703
9115,1093.707
9116,1093.710
9117,1093.713
9118,1093.717
9119,1093.720
9120,1093.724
9121,1093.776
9122,1093.848
9123,1093.874
9124,1093.877
9125,1093.880
9126,1093.883
9127,1093.887
9128,1093.890
9129,1093.904
9130,1093.930
9131,1094.064
9132,1094.067
9133,1094.070
9134,1094.074
9135,1094.077
9136,1094.192
9137,1094.195
9138,1094.199
9139,1094.201
9140,1094.205
9141,1094.319
9142,1094.322
9143,1094.325
9144,1094.329
9145,1094.332
9146,1094.443
9147,1094.446
9148,1094.449
9149,1094.452
9150,1094.455
9151,1094.568
9152,1094.571
9153,1094.574
9154,1094.578
9155,1094.581
9156,1094.685
9157,1094.688
9158,1094.691
9159,1094.694
9160,1094.761
9161,1094.777
9162,1094.780
9163,1094.787
9164,1094.802
9165,1094.921
9166,1094.923
9167,1094.927
9168,1094.930
9169,1094.934
9170,1095.003
9171,1095.020
9172,1095.023
9173,1095.025
9174,1095.028
9175,1095.030
9176,1095.033
9177,1095.035
9178,1095.038
9179,1095.041
9180,1095.052
9181,1095.071
9182,1095.188
9183,1095.192
9184,1095.197
9185,1095.201
9186,1095.205
9187,1095.324
9188,1095.328
9189,1095.332
9190,1095.337
9191,1095.341
9192,1095.456
9193,1095.460
9194,1095.464
9195,1095.469
9196,1095.473
9197,1095.588
9198,1095.592
9199,1095.597
9200,1095.601
9201,1095.605
9202,1095.724
9203,1095.727
9204,1095.730
9205,1095.733
9206,1095.736
9207,1095.878
9208,1095.882
9209,1095.886
9210,1095.891
9211,1095.895
9212,1096.043
9213,1096.047
9214,1096.051
9215,1096.055
9216,1096.059
9217,1096.201
9218,1096.204
9219,1096.208
9220,1096.212
9221,1096.216
9222,1096.303
9223,1096.328
9224,1096.331
9225,1096.343
9226,1096.366
9227,1096.482
9228,1096.485
9229,1096.488
9230,1096.491
9231,1096.494
9232,1096.563
9233,1096.581
9234,1096.584
9235,1096.592
9236,1096.607
9237,1096.719
9238,1096.722
9239,1096.725
9240,1096.728
9241,1096.731
9242,1096.801
9243,1096.817
9244,1096.820
9245,1096.828
9246,1096.843
9247,1096.851
9248,1096.853
9249,1096.855
9250,1096.917
9251,1096.935
9252,1096.995
9253,1097.015
9254,1097.018
9255,1097.021
9256,1097.024
9257,1097.027
9258,1097.030
9259,1097.033
9260,1097.074
9261,1097.132
9262,1097.150
9263,1097.153
9264,1097.155
9265,1097.158
9266,1097.160
9267,1097.163
9268,1097.172
9269,1097.189
9270,1097.302
9271,1097.305
9272,1097.308
9273,1097.312
9274,1097.314
9275,1097.433
9276,1097.436
9277,1097.440
9278,1097.443
9279,1097.446
9280,1097.562
9281,1097.566
9282,1097.569
9283,1097.573
9284,1097.577
9285,1097.707
9286,1097.711
9287,1097.714
9288,1097.718
9289,1097.721
9290,1097.840
9291,1097.843
9292,1097.847
9293,1097.850
9294,1097.854
9295,1097.965
9296,1097.968
9297,1097.972
9298,1097.974
9299,1098.049
9300,1098.075
9301,1098.079
9302,1098.090
9303,1098.117
9304,1098.270
9305,1098.274
9306,1098.278
9307,1098.283
9308,1098.287
9309,1098.383
9310,1098.413
9311,1098.417
9312,1098.420
9313,1098.423
9314,1098.427
9315,1098.430
9316,1098.434
9317,1098.438
9318,1098.441
9319,1098.456
9320,1098.478
9321,1098.633
9322,1098.637
9323,1098.641
9324,1098.644
9325,1098.647
9326,1098.773
9327,1098.776
9328,1098.780
9329,1098.783
9330,1098.787
9331,1098.905
9332,1098.908
9333,1098.912
9334,1098.915
9335,1098.918
9336,1099.044
9337,1099.047
9338,1099.050
9339,1099.054
9340,1099.057
9341,1099.187
9342,1099.190
9343,1099.193
9344,1099.197
9345,1099.200
9346,1099.275
9347,1099.278
9348,1099.281
9349,1099.361
9350,1099.381
9351,1099.459
9352,1099.462
9353,1099.465
9354,1099.544
9355,1099.563
9356,1099.695
9357,1099.698
9358,1099.701
9359,1099.705
9360,1099.708
9361,1099.776
9362,1099.795
9363,1099.797
9364,1099.807
9365,1099.825
9366,1099.944
9367,1099.947
9368,1099.950
9369,1099.953
9370,1099.956
9371,1100.028
9372,1100.046
9373,1100.049
9374,1100.058
9375,1100.077
9376,1100.195
9377,1100.198
9378,1100.201
9379,1100.204
9380,1100.208
9381,1100.285
9382,1100.313
9383,1100.317
9384,1100.328
9385,1100.355
9386,1100.504
9387,1100.508
9388,1100.512
9389,1100.516
9390,1100.520
9391,1100.601
9392,1100.604
9393,1100.608
9394,1100.678
9395,1100.825
9396,1100.885
9397,1100.889
9398,1100.892
9399,1100.895
9400,1100.898
9401,1100.901
9402,1100.904
9403,1100.907
9404,1100.911
9405,1100.914
9406,1100.917
9407,1100.921
9408,1100.924
9409,1100.928
9410,1101.055
9411,1101.059
9412,1101.062
9413,1101.145
9414,1101.189
9415,1101.191
9416,1101.322
9417,1101.326
9418,1101.330
9419,1101.466
9420,1101.470
9421,1101.473
9422,1101.554
9423,1101.597
9424,1101.600
9425,1101.602
9426,1101.605
9427,1101.607
9428,1101.609
9429,1101.612
9430,1101.634
9431,1101.678
9432,1101.817
9433,1101.821
9434,1101.826
9435,1101.829
9436,1101.972
9437,1101.977
9438,1101.981
9439,1101.985
9440,1102.127
9441,1102.131
9442,1102.135
9443,1102.138
9444,1102.276
9445,1102.280
9446,1102.284
9447,1102.287
9448,1102.400
9449,1102.465
9450,1102.471
9451,1102.475
9452,1102.479
9453,1102.562
9454,1102.623
9455,1102.626
9456,1102.721
9457,1102.786
9458,1102.913
9459,1102.916
9460,1102.919
9461,1103.063
9462,1103.067
9463,1103.071
9464,1103.075
9465,1103.160
9466,1103.206
9467,1103.209
9468,1103.212
9469,1103.214
9470,1103.217
9471,1103.242
9472,1103.287
9473,1103.310
9474,1103.352
9475,1103.355
9476,1103.435
9477,1103.482
9478,1103.485
9479,1103.625
9480,1103.629
9481,1103.633
9482,1103.637
9483,1103.776
9484,1103.780
9485,1103.785
9486,1103.788
9487,1103.924
9488,1103.928
9489,1103.932
9490,1103.935
9491,1104.026
9492,1104.072
9493,1104.075
9494,1104.077
9495,1104.080
9496,1104.083
9497,1104.086
9498,1104.088
9499,1104.091
9500,1104.094
9501,1104.096
9502,1104.099
9503,1104.102
9504,1104.104
9505,1104.107
9506,1104.110
9507,1104.113
9508,1104.116
9509,1104.118
9510,1104.121
9511,1104.124
9512,1104.127
9513,1104.149
9514,1104.195
9515,1104.377
9516,1104.382
9517,1104.387
9518,1104.392
9519,1104.570
9520,1104.575
9521,1104.580
9522,1104.585
9523,1104.788
9524,1104.793
9525,1104.798
9526,1104.804
9527,1104.961
9528,1104.965
9529,1104.969
9530,1104.973
9531,1105.113
9532,1105.117
9533,1105.121
9534,1105.125
9535,1105.274
9536,1105.278
9537,1105.283
9538,1105.287
9539,1105.435
9540,1105.439
9541,1105.444
9542,1105.448
9543,1105.602
9544,1105.606
9545,1105.611
9546,1105.614
9547,1105.754
9548,1105.758
9549,1105.762
9550,1105.766
9551,1105.914
9552,1105.918
9553,1105.922
9554,1105.926
9555,1106.078
9556,1106.085
9557,1106.089
9558,1106.095
9559,1106.260
9560,1106.268
9561,1106.273
9562,1106.277
9563,1106.428
9564,1106.433
9565,1106.437
9566,1106.441
9567,1106.622
9568,1106.631
9569,1106.636
9570,1106.641
9571,1106.820
9572,1106.828
9573,1106.833
9574,1106.838
9575,1107.011
9576,1107.020
9577,1107.025
9578,1107.030
9579,1107.183
9580,1107.188
9581,1107.192
9582,1107.196
9583,1107.338
9584,1107.346
9585,1107.353
9586,1107.359
9587,1107.503
9588,1107.509
9589,1107.513
9590,1107.516
9591,1107.659
9592,1107.665
9593,1107.669
9594,1107.672
9595,1107.806
9596,1107.810
9597,1107.814
9598,1107.949
9599,1107.953
9600,1107.957
9601,1108.089
9602,1108.093
9603,1108.096
9604,1108.232
9605,1108.236
9606,1108.239
9607,1108.382
9608,1108.387
9609,1108.390
9610,1108.531
9611,1108.535
9612,1108.539
9613,1108.685
9614,1108.690
9615,1108.695
9616,1108.849
9617,1108.913
9618,1108.917
9619,1108.921
9620,1108.925
9621,1108.929
9622,1108.933
9623,1108.938
9624,1108.942
9625,1108.946
9626,1108.951
9627,1108.955
9628,1108.960
9629,1108.964
9630,1108.969
9631,1109.133
9632,1109.138
9633,1109.142
9634,1109.248
9635,1109.293
9636,1109.296
9637,1109.433
9638,1109.437
9639,1109.441
9640,1109.582
9641,1109.586
9642,1109.589
9643,1109.675
9644,1109.720
9645,1109.723
9646,1109.726
9647,1109.728
9648,1109.731
9649,1109.733
9650,1109.736
9651,1109.757
9652,1109.798
9653,1109.936
9654,1109.940
9655,1109.944
9656,1109.947
9657,1110.091
9658,1110.095
9659,1110.100
9660,1110.104
9661,1110.243
9662,1110.247
9663,1110.251
9664,1110.255
9665,1110.397
9666,1110.401
9667,1110.405
9668,1110.408
9669,1110.572
9670,1110.576
9671,1110.581
9672,1110.585
9673,1110.728
9674,1110.732
9675,1110.735
9676,1110.739
9677,1110.846
9678,1110.907
9679,1110.911
9680,1110.914
9681,1110.918
9682,1110.921
9683,1110.951
9684,1111.007
9685,1111.188
9686,1111.192
9687,1111.197
9688,1111.202
9689,1111.372
9690,1111.376
9691,1111.380
9692,1111.384
9693,1111.532
9694,1111.536
9695,1111.540
9696,1111.544
9697,1111.693
9698,1111.698
9699,1111.702
9700,1111.706
9701,1111.797
9702,1111.843
9703,1111.846
9704,1111.849
9705,1111.852
9706,1111.855
9707,1111.858
9708,1111.861
9709,1111.864
9710,1111.867
9711,1111.870
9712,1111.873
9713,1111.876
9714,1111.879
9715,1111.882
9716,1111.885
9717,1111.888
9718,1111.891
9719,1111.895
9720,1111.898
9721,1111.901
9722,1111.904
9723,1111.926
9724,1111.968
9725,1112.107
9726,1112.111
9727,1112.115
9728,1112.119
9729,1112.263
9730,1112.267
9731,1112.272
9732,1112.277
9733,1112.446
9734,1112.451
9735,1112.456
9736,1112.460
9737,1112.612
9738,1112.617
9739,1112.621
9740,1112.625
9741,1112.773
9742,1112.777
9743,1112.781
9744,1112.786
9745,1112.945
9746,1112.949
9747,1112.954
9748,1112.959
9749,1113.151
9750,1113.157
9751,1113.162
9752,1113.166
9753,1113.371
9754,1113.377
9755,1113.382
9756,1113.387
9757,1113.570
9758,1113.576
9759,1113.582
9760,1113.587
9761,1113.749
9762,1113.753
9763,1113.757
9764,1113.761
9765,1113.919
9766,1113.925
9767,1113.930
9768,1113.934
9769,1114.121
9770,1114.129
9771,1114.135
9772,1114.140
9773,1114.298
9774,1114.303
9775,1114.307
9776,1114.311
9777,1114.466
9778,1114.471
9779,1114.475
9780,1114.479
9781,1114.627
9782,1114.633
9783,1114.637
9784,1114.641
9785,1114.790
9786,1114.796
9787,1114.800
9788,1114.804
9789,1114.963
9790,1114.969
9791,1114.973
9792,1114.977
9793,1115.127
9794,1115.133
9795,1115.137
9796,1115.140
9797,1115.330
9798,1115.330
9799,1115.331
9800,1115.331
9801,1115.517
9802,1115.526
9803,1115.532
9804,1115.537
9805,1115.716
9806,1115.720
9807,1115.725
9808,1115.909
9809,1115.913
9810,1115.917
9811,1116.059
9812,1116.063
9813,1116.067
9814,1116.208
9815,1116.213
9816,1116.216
9817,1116.364
9818,1116.368
9819,1116.372
9820,1116.518
9821,1116.522
9822,1116.526
9823,1116.664
9824,1116.668
9825,1116.671
9826,1116.796
9827,1116.843
9828,1116.847
9829,1116.850
9830,1116.853
9831,1116.856
9832,1116.859
9833,1116.862
9834,1116.865
9835,1116.868
9836,1116.871
9837,1116.875
9838,1116.878
9839,1116.881
9840,1116.885
9841,1117.007
9842,1117.011
9843,1117.014
9844,1117.139
9845,1117.142
9846,1117.146
9847,1117.276
9848,1117.280
9849,1117.283
9850,1117.411
9851,1117.416
9852,1117.420
9853,1117.509
9854,1117.566
9855,1117.570
9856,1117.574
9857,1117.578
9858,1117.582
9859,1117.586
9860,1117.590
9861,1117.624
9862,1117.690
9863,1117.851
9864,1117.856
9865,1117.860
9866,1117.865
9867,1118.026
9868,1118.031
9869,1118.035
9870,1118.040
9871,1118.199
9872,1118.203
9873,1118.207
9874,1118.210
9875,1118.345
9876,1118.349
9877,1118.353
9878,1118.356
9879,1118.492
9880,1118.496
9881,1118.500
9882,1118.504
9883,1118.640
9884,1118.644
9885,1118.647
9886,1118.651
9887,1118.737
9888,1118.782
9889,1118.785
9890,1118.787
9891,1118.790
9892,1118.792
9893,1118.815
9894,1118.858
9895,1118.987
9896,1118.991
9897,1118.995
9898,1118.998
9899,1119.127
9900,1119.131
9901,1119.135
9902,1119.138
9903,1119.270
9904,1119.273
9905,1119.277
9906,1119.280
9907,1119.411
9908,1119.414
9909,1119.418
9910,1119.421
9911,1119.510
9912,1119.557
9913,1119.561
9914,1119.563
9915,1119.566
9916,1119.569
9917,1119.572
9918,1119.575
9919,1119.578
9920,1119.581
9921,1119.585
9922,1119.587
9923,1119.590
9924,1119.593
9925,1119.596
9926,1119.599
9927,1119.602
9928,1119.605
9929,1119.608
9930,1119.611
9931,1119.614
9932,1119.617
9933,1119.640
9934,1119.685
9935,1119.853
9936,1119.858
9937,1119.863
9938,1119.869
9939,1120.034
9940,1120.039
9941,1120.043
9942,1120.047
9943,1120.218
9944,1120.223
9945,1120.228
9946,1120.233
9947,1120.405
9948,1120.409
9949,1120.412
9950,1120.416
9951,1120.550
9952,1120.554
9953,1120.557
9954,1120.561
9955,1120.693
9956,1120.697
9957,1120.701
9958,1120.704
9959,1120.838
9960,1120.842
9961,1120.846
9962,1120.849
9963,1120.987
9964,1120.991
9965,1120.995
9966,1120.998
9967,1121.130
9968,1121.133
9969,1121.137
9970,1121.140
9971,1121.274
9972,1121.278
9973,1121.282
9974,1121.285
9975,1121.416
9976,1121.419
9977,1121.423
9978,1121.426
9979,1121.565
9980,1121.571
9981,1121.575
9982,1121.579
9983,1121.715
9984,1121.719
9985,1121.723
9986,1121.726
9987,1121.867
9988,1121.871
9989,1121.875
9990,1121.878
9991,1122.012
9992,1122.017
9993,1122.021
9994,1122.025
9995,1122.151
9996,1122.155
9997,1122.159
9998,1122.164
9999,1122.328
10000,1122.333
10001,1122.338
10002,1122.342
10003,1122.500
10004,1122.505
10005,1122.510
10006,1122.514
10007,1122.671
10008,1122.675
10009,1122.680
10010,1122.684
10011,1122.841
10012,1122.844
10013,1122.848
10014,1122.851
10015,1122.981
10016,1122.985
10017,1122.988
10018,1123.114
10019,1123.117
10020,1123.120
10021,1123.247
10022,1123.251
10023,1123.254
10024,1123.381
10025,1123.385
10026,1123.388
10027,1123.512
10028,1123.516
10029,1123.519
10030,1123.642
10031,1123.646
10032,1123.649
10033,1123.771
10034,1123.775
10035,1123.778
10036,1123.855
10037,1123.869
10038,1123.873
10039,1123.876
10040,1123.878
10041,1123.881
10042,1123.884
10043,1123.887
10044,1123.930
10045,1123.991
10046,1124.009
10047,1124.012
10048,1124.014
10049,1124.017
10050,1124.019
10051,1124.021
10052,1124.031
10053,1124.049
10054,1124.163
10055,1124.166
10056,1124.170
10057,1124.173
10058,1124.176
10059,1124.293
10060,1124.296
10061,1124.300
10062,1124.303
10063,1124.307
10064,1124.422
10065,1124.425
10066,1124.428
10067,1124.431
10068,1124.433
10069,1124.575
10070,1124.579
10071,1124.583
10072,1124.587
10073,1124.590
10074,1124.733
10075,1124.737
10076,1124.740
10077,1124.744
10078,1124.748
10079,1124.881
10080,1124.885
10081,1124.890
10082,1124.893
10083,1124.983
10084,1125.013
10085,1125.016
10086,1125.028
10087,1125.051
10088,1125.177
10089,1125.180
10090,1125.184
10091,1125.187
10092,1125.190
10093,1125.261
10094,1125.278
10095,1125.281
10096,1125.283
10097,1125.286
10098,1125.288
10099,1125.290
10100,1125.293
10101,1125.296
10102,1125.298
10103,1125.308
10104,1125.324
10105,1125.440
10106,1125.443
10107,1125.447
10108,1125.450
10109,1125.453
10110,1125.573
10111,1125.576
10112,1125.580
10113,1125.583
10114,1125.586
10115,1125.702
10116,1125.705
10117,1125.708
10118,1125.711
10119,1125.714
10120,1125.833
10121,1125.836
10122,1125.839
10123,1125.843
10124,1125.846
10125,1125.966
10126,1125.969
10127,1125.973
10128,1125.976
10129,1125.979
10130,1126.099
10131,1126.102
10132,1126.105
10133,1126.108
10134,1126.112
10135,1126.236
10136,1126.239
10137,1126.242
10138,1126.246
10139,1126.249
10140,1126.370
10141,1126.372
10142,1126.376
10143,1126.380
10144,1126.383
10145,1126.453
10146,1126.471
10147,1126.474
10148,1126.482
10149,1126.499
10150,1126.613
10151,1126.616
10152,1126.619
10153,1126.622
10154,1126.627
10155,1126.700
10156,1126.727
10157,1126.731
10158,1126.741
10159,1126.768
10160,1126.912
10161,1126.915
10162,1126.919
10163,1126.922
10164,1126.926
10165,1127.013
10166,1127.039
10167,1127.043
10168,1127.053
10169,1127.075
10170,1127.218
10171,1127.223
10172,1127.227
10173,1127.230
10174,1127.234
10175,1127.364
10176,1127.411
10177,1127.414
10178,1127.417
10179,1127.421
10180,1127.424
10181,1127.427
10182,1127.430
10183,1127.433
10184,1127.436
10185,1127.440
10186,1127.443
10187,1127.447
10188,1127.450
10189,1127.453
10190,1127.583
10191,1127.587
10192,1127.590
10193,1127.683
10194,1127.686
10195,1127.689
10196,1127.691
10197,1127.818
10198,1127.821
10199,1127.825
10200,1127.959
10201,1127.963
10202,1127.966
10203,1128.045
10204,1128.084
10205,1128.086
10206,1128.089
10207,1128.091
10208,1128.093
10209,1128.096
10210,1128.098
10211,1128.119
10212,1128.158
10213,1128.291
10214,1128.295
10215,1128.299
10216,1128.303
10217,1128.441
10218,1128.445
10219,1128.449
10220,1128.452
10221,1128.588
10222,1128.592
10223,1128.596
10224,1128.599
10225,1128.748
10226,1128.752
10227,1128.757
10228,1128.762
10229,1128.948
10230,1128.953
10231,1128.958
10232,1128.963
10233,1129.134
10234,1129.138
10235,1129.143
10236,1129.148
10237,1129.256
10238,1129.303
10239,1129.305
10240,1129.308
10241,1129.311
10242,1129.313
10243,1129.336
10244,1129.379
10245,1129.520
10246,1129.524
10247,1129.528
10248,1129.531
10249,1129.675
10250,1129.679
10251,1129.683
10252,1129.687
10253,1129.822
10254,1129.826
10255,1129.830
10256,1129.833
10257,1129.982
10258,1129.986
10259,1129.990
10260,1129.993
10261,1130.079
10262,1130.125
10263,1130.128
10264,1130.130
10265,1130.133
10266,1130.136
10267,1130.138
10268,1130.141
10269,1130.144
10270,1130.146
10271,1130.149
10272,1130.152
10273,1130.154
10274,1130.157
10275,1130.160
10276,1130.163
10277,1130.165
10278,1130.168
10279,1130.171
10280,1130.174
10281,1130.177
10282,1130.180
10283,1130.201
10284,1130.245
10285,1130.385
10286,1130.389
10287,1130.393
10288,1130.397
10289,1130.539
10290,1130.543
10291,1130.547
10292,1130.551
10293,1130.714
10294,1130.718
10295,1130.724
10296,1130.729
10297,1130.910
10298,1130.915
10299,1130.920
10300,1130.925
10301,1131.097
10302,1131.103
10303,1131.107
10304,1131.112
10305,1131.297
10306,1131.302
10307,1131.308
10308,1131.313
10309,1131.477
10310,1131.481
10311,1131.485
10312,1131.489
10313,1131.652
10314,1131.656
10315,1131.661
10316,1131.665
10317,1131.808
10318,1131.812
10319,1131.816
10320,1131.820
10321,1131.972
10322,1131.976
10323,1131.980
10324,1131.984
10325,1132.135
10326,1132.141
10327,1132.145
10328,1132.149
10329,1132.315
10330,1132.322
10331,1132.327
10332,1132.331
10333,1132.485
10334,1132.490
10335,1132.494
10336,1132.498
10337,1132.646
10338,1132.652
10339,1132.657
10340,1132.660
10341,1132.806
10342,1132.812
10343,1132.815
10344,1132.819
10345,1132.958
10346,1132.965
10347,1132.970
10348,1132.975
10349,1133.155
10350,1133.164
10351,1133.169
10352,1133.173
10353,1133.349
10354,1133.357
10355,1133.361
10356,1133.366
10357,1133.552
10358,1133.561
10359,1133.566
10360,1133.571
10361,1133.719
10362,1133.724
10363,1133.729
10364,1133.732
10365,1133.872
10366,1133.876
10367,1133.879
10368,1134.019
10369,1134.023
10370,1134.027
10371,1134.164
10372,1134.168
10373,1134.172
10374,1134.305
10375,1134.309
10376,1134.312
10377,1134.453
10378,1134.457
10379,1134.461
10380,1134.603
10381,1134.607
10382,1134.611
10383,1134.749
10384,1134.753
10385,1134.756
10386,1134.883
10387,1134.930
10388,1134.933
10389,1134.936
10390,1134.940
10391,1134.943
10392,1134.946
10393,1134.950
10394,1134.953
10395,1134.956
10396,1134.959
10397,1134.963
10398,1134.966
10399,1134.969
10400,1134.973
10401,1135.100
10402,1135.103
10403,1135.107
10404,1135.274
10405,1135.278
10406,1135.281
10407,1135.445
10408,1135.450
10409,1135.454
10410,1135.625
10411,1135.630
10412,1135.635
10413,1135.741
10414,1135.785
10415,1135.788
10416,1135.790
10417,1135.793
10418,1135.795
10419,1135.798
10420,1135.801
10421,1135.823
10422,1135.864
10423,1136.000
10424,1136.004
10425,1136.008
10426,1136.011
10427,1136.155
10428,1136.159
10429,1136.164
10430,1136.168
10431,1136.305
10432,1136.309
10433,1136.313
10434,1136.316
10435,1136.453
10436,1136.457
10437,1136.461
10438,1136.464
10439,1136.627
10440,1136.632
10441,1136.637
10442,1136.641
10443,1136.798
10444,1136.802
10445,1136.807
10446,1136.811
10447,1136.898
10448,1136.942
10449,1136.945
10450,1136.947
10451,1136.950
10452,1136.952
10453,1136.975
10454,1137.017
10455,1137.167
10456,1137.171
10457,1137.175
10458,1137.178
10459,1137.357
10460,1137.362
10461,1137.367
10462,1137.372
10463,1137.545
10464,1137.551
10465,1137.556
10466,1137.560
10467,1137.736
10468,1137.741
10469,1137.745
10470,1137.749
10471,1137.864
10472,1137.913
10473,1137.916
10474,1137.919
10475,1137.922
10476,1137.925
10477,1137.928
10478,1137.930
10479,1137.933
10480,1137.936
10481,1137.939
10482,1137.942
10483,1137.945
10484,1137.947
10485,1137.950
10486,1137.953
10487,1137.956
10488,1137.959
10489,1137.962
10490,1137.965
10491,1137.968
10492,1137.971
10493,1137.993
10494,1138.039
10495,1138.184
10496,1138.188
10497,1138.193
10498,1138.196
10499,1138.348
10500,1138.352
10501,1138.356
10502,1138.360
10503,1138.524
10504,1138.528
10505,1138.532
10506,1138.536
10507,1138.677
10508,1138.681
10509,1138.685
10510,1138.689
10511,1138.833
10512,1138.837
10513,1138.841
10514,1138.845
10515,1138.998
10516,1139.002
10517,1139.007
10518,1139.011
10519,1139.175
10520,1139.180
10521,1139.185
10522,1139.189
10523,1139.361
10524,1139.366
10525,1139.370
10526,1139.374
10527,1139.532
10528,1139.537
10529,1139.541
10530,1139.546
10531,1139.740
10532,1139.742
10533,1139.747
10534,1139.751
10535,1139.957
10536,1139.966
10537,1139.971
10538,1139.976
10539,1140.180
10540,1140.187
10541,1140.193
10542,1140.197
10543,1140.355
10544,1140.360
10545,1140.364
10546,1140.368
10547,1140.530
10548,1140.536
10549,1140.541
10550,1140.545
10551,1140.697
10552,1140.703
10553,1140.707
10554,1140.711
10555,1140.858
10556,1140.864
10557,1140.869
10558,1140.872
10559,1141.018
10560,1141.023
10561,1141.027
10562,1141.031
10563,1141.180
10564,1141.186
10565,1141.190
10566,1141.193
10567,1141.350
10568,1141.356
10569,1141.360
10570,1141.364
10571,1141.520
10572,1141.526
10573,1141.530
10574,1141.534
10575,1141.676
10576,1141.681
10577,1141.684
10578,1141.854
10579,1141.859
10580,1141.864
10581,1141.973
10582,1142.029
10583,1142.032
10584,1142.065
10585,1142.130
10586,1142.243
10587,1142.247
10588,1142.250
10589,1142.363
10590,1142.412
10591,1142.416
10592,1142.514
10593,1142.518
10594,1142.521
10595,1142.524
10596,1142.674
10597,1142.678
10598,1142.682
10599,1142.833
10600,1142.838
10601,1142.842
10602,1142.992
10603,1142.996
10604,1143.000
10605,1143.138
10606,1143.142
10607,1143.145
10608,1143.417
10609,1143.421
10610,1143.515
10611,1143.578
10612,1143.581
10613,1143.583
10614,1143.648
10615,1143.813
10616,1143.874
10617,1143.903
10618,1143.989
10619,1143.992
10620,1144.072
10621,1144.150
10622,1144.232
10623,1144.315
10624,1144.318
10625,1144.321
10626,1144.325
10627,1144.388
10628,1144.391
10629,1144.395
10630,1144.403
10631,1144.406
10632,1144.454
10633,1144.544
10634,1144.611
10635,1144.633
10636,1144.636
10637,1144.683
10638,1144.686
10639,1144.688
10640,1144.737
10641,1144.760
10642,1144.762
10643,1144.765
10644,1144.814
10645,1144.839
10646,1144.842
10647,1144.914
10648,1144.979
10649,1144.982
10650,1144.985
10651,1144.987
10652,1145.057
10653,1145.116
10654,1145.177
10655,1145.302
10656,1145.362
10657,1145.432
10658,1145.491
10659,1145.493
10660,1145.496
10661,1145.566
10662,1145.626
10663,1145.696
10664,1145.845
10665,1145.932
10666,1145.936
10667,1145.939
10668,1145.943
10669,1146.031
10670,1146.114
10671,1146.203
10672,1146.278
10673,1146.283
10674,1146.354
10675,1146.415
10676,1146.485
10677,1146.547
10678,1146.579
10679,1146.642
10680,1146.645
10681,1146.647
10682,1146.650
10683,1146.958
10684,1146.961
10685,1147.129
10686,1147.239
10687,1147.242
10688,1147.309
10689,1147.317
10690,1147.320
10691,1147.627
10692,1147.631
10693,1147.634
10694,1147.805
10695,1148.178
10696,1148.183
10697,1148.186
10698,1148.382
10699,1148.450
10700,1148.459
10701,1148.462
10702,1148.465
10703,1148.472
10704,1148.736
10705,1148.740
10706,1148.899
10707,1149.009
10708,1149.013
10709,1149.140
10710,1149.185
10711,1149.189
10712,1149.192
10713,1149.195
10714,1149.198
10715,1149.201
10716,1149.205
10717,1149.208
10718,1149.211
10719,1149.215
10720,1149.218
10721,1149.221
10722,1149.225
10723,1149.229
10724,1149.353
10725,1149.356
10726,1149.359
10727,1149.487
10728,1149.490
10729,1149.493
10730,1149.623
10731,1149.627
10732,1149.630
10733,1149.765
10734,1149.768
10735,1149.771
10736,1149.858
10737,1149.903
10738,1149.906
10739,1149.909
10740,1149.911
10741,1149.914
10742,1149.916
10743,1149.919
10744,1149.940
10745,1150.005
10746,1150.170
10747,1150.174
10748,1150.178
10749,1150.182
10750,1150.346
10751,1150.351
10752,1150.355
10753,1150.359
10754,1150.527
10755,1150.532
10756,1150.536
10757,1150.541
10758,1150.696
10759,1150.700
10760,1150.704
10761,1150.707
10762,1150.845
10763,1150.848
10764,1150.852
10765,1150.856
10766,1150.995
10767,1150.999
10768,1151.003
10769,1151.006
10770,1151.090
10771,1151.134
10772,1151.137
10773,1151.139
10774,1151.142
10775,1151.144
10776,1151.169
10777,1151.211
10778,1151.343
10779,1151.346
10780,1151.350
10781,1151.353
10782,1151.488
10783,1151.492
10784,1151.495
10785,1151.499
10786,1151.633
10787,1151.636
10788,1151.640
10789,1151.643
10790,1151.780
10791,1151.784
10792,1151.787
10793,1151.790
10794,1151.880
10795,1151.926
10796,1151.929
10797,1151.932
10798,1151.935
10799,1151.938
10800,1151.941
10801,1151.944
10802,1151.947
10803,1151.950
10804,1151.953
10805,1151.956
10806,1151.959
10807,1151.962
10808,1151.965
10809,1151.968
10810,1151.971
10811,1151.974
10812,1151.977
10813,1151.981
10814,1151.984
10815,1151.987
10816,1152.010
10817,1152.054
10818,1152.195
10819,1152.200
10820,1152.205
10821,1152.209
10822,1152.380
10823,1152.385
10824,1152.390
10825,1152.395
10826,1152.573
10827,1152.577
10828,1152.582
10829,1152.587
10830,1152.755
10831,1152.760
10832,1152.764
10833,1152.769
10834,1152.931
10835,1152.935
10836,1152.939
10837,1152.942
10838,1153.082
10839,1153.086
10840,1153.090
10841,1153.093
10842,1153.230
10843,1153.234
10844,1153.238
10845,1153.241
10846,1153.388
10847,1153.391
10848,1153.395
10849,1153.399
10850,1153.535
10851,1153.539
10852,1153.543
10853,1153.546
10854,1153.681
10855,1153.685
10856,1153.688
10857,1153.692
10858,1153.829
10859,1153.832
10860,1153.836
10861,1153.839
10862,1153.983
10863,1153.989
10864,1153.993
10865,1153.997
10866,1154.136
10867,1154.140
10868,1154.143
10869,1154.147
10870,1154.285
10871,1154.289
10872,1154.292
10873,1154.296
10874,1154.441
10875,1154.447
10876,1154.451
10877,1154.454
10878,1154.602
10879,1154.607
10880,1154.611
10881,1154.614
10882,1154.772
10883,1154.777
10884,1154.781
10885,1154.785
10886,1154.959
10887,1154.967
10888,1154.971
10889,1154.975
10890,1155.143
10891,1155.147
10892,1155.151
10893,1155.155
10894,1155.330
10895,1155.339
10896,1155.344
10897,1155.350
10898,1155.494
10899,1155.497
10900,1155.501
10901,1155.639
10902,1155.643
10903,1155.647
10904,1155.785
10905,1155.789
10906,1155.793
10907,1155.930
10908,1155.934
10909,1155.938
10910,1156.083
10911,1156.087
10912,1156.091
10913,1156.233
10914,1156.237
10915,1156.240
10916,1156.385
10917,1156.389
10918,1156.392
10919,1156.468
10920,1156.488
10921,1156.491
10922,1156.494
10923,1156.497
10924,1156.500
10925,1156.503
10926,1156.506
10927,1156.553
10928,1156.620
10929,1156.641
10930,1156.644
10931,1156.646
10932,1156.649
10933,1156.651
10934,1156.654
10935,1156.664
10936,1156.684
10937,1156.841
10938,1156.844
10939,1156.848
10940,1156.851
10941,1156.855
10942,1157.012
10943,1157.015
10944,1157.019
10945,1157.022
10946,1157.026
10947,1157.198
10948,1157.202
10949,1157.207
10950,1157.212
10951,1157.216
10952,1157.405
10953,1157.410
10954,1157.414
10955,1157.418
10956,1157.422
10957,1157.606
10958,1157.610
10959,1157.614
10960,1157.618
10961,1157.623
10962,1157.806
10963,1157.810
10964,1157.815
10965,1157.820
10966,1157.906
10967,1157.925
10968,1157.928
10969,1157.938
10970,1157.957
10971,1158.122
10972,1158.125
10973,1158.129
10974,1158.133
10975,1158.137
10976,1158.209
10977,1158.228
10978,1158.231
10979,1158.234
10980,1158.236
10981,1158.239
10982,1158.242
10983,1158.244
10984,1158.247
10985,1158.250
10986,1158.261
10987,1158.280
10988,1158.447
10989,1158.451
10990,1158.455
10991,1158.459
10992,1158.463
10993,1158.627
10994,1158.631
10995,1158.636
10996,1158.641
10997,1158.645
10998,1158.812
10999,1158.816
11000,1158.819
11001,1158.823
11002,1158.826
11003,1158.988
11004,1158.991
11005,1158.995
11006,1158.998
11007,1159.002
11008,1159.168
11009,1159.171
11010,1159.175
11011,1159.179
11012,1159.183
11013,1159.349
11014,1159.353
11015,1159.357
11016,1159.361
11017,1159.364
11018,1159.536
11019,1159.540
11020,1159.544
11021,1159.548
11022,1159.552
11023,1159.721
11024,1159.725
11025,1159.729
11026,1159.733
11027,1159.736
11028,1159.809
11029,1159.840
11030,1159.844
11031,1159.860
11032,1159.887
11033,1160.090
11034,1160.095
11035,1160.099
11036,1160.103
11037,1160.108
11038,1160.199
11039,1160.227
11040,1160.230
11041,1160.245
11042,1160.271
11043,1160.467
11044,1160.471
11045,1160.476
11046,1160.481
11047,1160.487
11048,1160.569
11049,1160.591
11050,1160.594
11051,1160.605
11052,1160.624
11053,1160.785
11054,1160.789
11055,1160.792
11056,1160.796
11057,1160.799
11058,1160.950
11059,1161.016
11060,1161.020
11061,1161.024
11062,1161.027
11063,1161.030
11064,1161.034
11065,1161.037
11066,1161.041
11067,1161.044
11068,1161.048
11069,1161.051
11070,1161.055
11071,1161.059
11072,1161.062
11073,1161.256
11074,1161.260
11075,1161.264
11076,1161.519
11077,1161.583
11078,1161.587
11079,1161.778
11080,1161.782
11081,1161.786
11082,1161.980
11083,1161.985
11084,1161.989
11085,1162.084
11086,1162.146
11087,1162.149
11088,1162.151
11089,1162.154
11090,1162.157
11091,1162.159
11092,1162.162
11093,1162.198
11094,1162.287
11095,1162.521
11096,1162.525
11097,1162.530
11098,1162.535
11099,1162.791
11100,1162.796
11101,1162.801
11102,1162.807
11103,1163.015
11104,1163.019
11105,1163.023
11106,1163.027
11107,1163.221
11108,1163.225
11109,1163.229
11110,1163.233
11111,1163.442
11112,1163.447
11113,1163.452
11114,1163.457
11115,1163.644
11116,1163.648
11117,1163.652
11118,1163.656
11119,1163.749
11120,1163.808
11121,1163.811
11122,1163.814
11123,1163.816
11124,1163.820
11125,1163.848
11126,1163.908
11127,1164.099
11128,1164.103
11129,1164.108
11130,1164.112
11131,1164.299
11132,1164.303
11133,1164.307
11134,1164.311
11135,1164.498
11136,1164.502
11137,1164.506
11138,1164.509
11139,1164.740
11140,1164.744
11141,1164.749
11142,1164.754
11143,1164.881
11144,1164.970
11145,1164.974
11146,1164.978
11147,1164.982
11148,1164.987
11149,1164.990
11150,1164.994
11151,1164.998
11152,1165.002
11153,1165.007
11154,1165.010
11155,1165.014
11156,1165.018
11157,1165.022
11158,1165.026
11159,1165.030
11160,1165.035
11161,1165.039
11162,1165.043
11163,1165.047
11164,1165.051
11165,1165.095
11166,1165.171
11167,1165.372
11168,1165.379
11169,1165.381
11170,1165.384
11171,1165.582
11172,1165.587
11173,1165.591
11174,1165.595
11175,1165.817
11176,1165.822
11177,1165.826
11178,1165.831
11179,1166.020
11180,1166.024
11181,1166.028
11182,1166.032
11183,1166.214
11184,1166.218
11185,1166.222
11186,1166.227
11187,1166.422
11188,1166.427
11189,1166.431
11190,1166.435
11191,1166.635
11192,1166.639
11193,1166.643
11194,1166.647
11195,1166.852
11196,1166.856
11197,1166.860
11198,1166.864
11199,1167.075
11200,1167.080
11201,1167.085
11202,1167.090
11203,1167.334
11204,1167.339
11205,1167.345
11206,1167.349
11207,1167.599
11208,1167.609
11209,1167.614
11210,1167.620
11211,1167.836
11212,1167.843
11213,1167.848
11214,1167.852
11215,1168.065
11216,1168.071
11217,1168.075
11218,1168.079
11219,1168.274
11220,1168.280
11221,1168.284
11222,1168.288
11223,1168.473
11224,1168.478
11225,1168.482
11226,1168.486
11227,1168.674
11228,1168.680
11229,1168.684
11230,1168.687
11231,1168.874
11232,1168.880
11233,1168.884
11234,1168.888
11235,1169.076
11236,1169.082
11237,1169.086
11238,1169.090
11239,1169.283
11240,1169.288
11241,1169.293
11242,1169.296
11243,1169.507
11244,1169.515
11245,1169.520
11246,1169.525
11247,1169.747
11248,1169.752
11249,1169.757
11250,1169.994
11251,1169.999
11252,1170.004
11253,1170.209
11254,1170.213
11255,1170.217
11256,1170.401
11257,1170.405
11258,1170.408
11259,1170.599
11260,1170.604
11261,1170.608
11262,1170.799
11263,1170.804
11264,1170.808
11265,1170.989
11266,1170.993
11267,1170.996
11268,1171.140
11269,1171.206
11270,1171.209
11271,1171.212
11272,1171.216
11273,1171.219
11274,1171.222
11275,1171.226
11276,1171.229
11277,1171.233
11278,1171.236
11279,1171.240
11280,1171.244
11281,1171.248
11282,1171.252
11283,1171.429
11284,1171.433
11285,1171.437
11286,1171.539
11287,1171.543
11288,1171.546
11289,1171.727
11290,1171.731
11291,1171.735
11292,1171.953
11293,1171.958
11294,1171.963
11295,1172.080
11296,1172.159
11297,1172.162
11298,1172.165
11299,1172.169
11300,1172.173
11301,1172.177
11302,1172.181
11303,1172.223
11304,1172.308
11305,1172.501
11306,1172.505
11307,1172.509
11308,1172.513
11309,1172.702
11310,1172.706
11311,1172.710
11312,1172.714
11313,1172.905
11314,1172.910
11315,1172.914
11316,1172.917
11317,1173.099
11318,1173.103
11319,1173.107
11320,1173.111
11321,1173.306
11322,1173.310
11323,1173.315
11324,1173.319
11325,1173.504
11326,1173.509
11327,1173.513
11328,1173.516
11329,1173.609
11330,1173.667
11331,1173.670
11332,1173.673
11333,1173.675
11334,1173.678
11335,1173.707
11336,1173.765
11337,1173.952
11338,1173.956
11339,1173.960
11340,1173.964
11341,1174.196
11342,1174.201
11343,1174.206
11344,1174.210
11345,1174.436
11346,1174.441
11347,1174.446
11348,1174.451
11349,1174.677
11350,1174.681
11351,1174.685
11352,1174.688
11353,1174.786
11354,1174.845
11355,1174.849
11356,1174.852
11357,1174.854
11358,1174.857
11359,1174.860
11360,1174.863
11361,1174.865
11362,1174.868
11363,1174.871
11364,1174.874
11365,1174.877
11366,1174.880
11367,1174.883
11368,1174.886
11369,1174.889
11370,1174.892
11371,1174.895
11372,1174.898
11373,1174.902
11374,1174.905
11375,1174.934
11376,1174.993
11377,1175.186
11378,1175.190
11379,1175.194
11380,1175.198
11381,1175.387
11382,1175.391
11383,1175.395
11384,1175.399
11385,1175.607
11386,1175.611
11387,1175.615
11388,1175.619
11389,1175.808
11390,1175.812
11391,1175.816
11392,1175.820
11393,1176.007
11394,1176.011
11395,1176.015
11396,1176.019
11397,1176.214
11398,1176.218
11399,1176.222
11400,1176.226
11401,1176.448
11402,1176.453
11403,1176.458
11404,1176.463
11405,1176.717
11406,1176.722
11407,1176.728
11408,1176.733
11409,1176.968
11410,1176.973
11411,1176.979
11412,1176.985
11413,1177.197
11414,1177.202
11415,1177.206
11416,1177.210
11417,1177.414
11418,1177.420
11419,1177.424
11420,1177.429
11421,1177.649
11422,1177.656
11423,1177.662
11424,1177.666
11425,1177.872
11426,1177.878
11427,1177.882
11428,1177.886
11429,1178.079
11430,1178.084
11431,1178.089
11432,1178.092
11433,1178.288
11434,1178.293
11435,1178.298
11436,1178.301
11437,1178.498
11438,1178.505
11439,1178.510
11440,1178.514
11441,1178.716
11442,1178.722
11443,1178.726
11444,1178.730
11445,1178.939
11446,1178.947
11447,1178.952
11448,1178.957
11449,1179.196
11450,1179.203
11451,1179.208
11452,1179.213
11453,1179.451
11454,1179.459
11455,1179.464
11456,1179.470
11457,1179.671
11458,1179.675
11459,1179.679
11460,1179.867
11461,1179.871
11462,1179.875
11463,1180.061
11464,1180.065
11465,1180.069
11466,1180.252
11467,1180.258
11468,1180.261
11469,1180.452
11470,1180.457
11471,1180.461
11472,1180.659
11473,1180.664
11474,1180.668
11475,1180.851
11476,1180.855
11477,1180.859
11478,1180.950
11479,1181.012
11480,1181.015
11481,1181.080
11482,1181.389
11483,1181.573
11484,1181.654
11485,1181.657
11486,1181.742
11487,1181.822
11488,1181.889
11489,1181.952
11490,1181.955
11491,1181.957
11492,1181.960
11493,1181.963
11494,1181.994
11495,1182.053
11496,1182.056
11497,1182.058
11498,1182.061
11499,1182.114
11500,1182.137
11501,1182.140
11502,1182.143
11503,1182.146
11504,1182.149
11505,1182.152
11506,1182.155
11507,1182.203
11508,1182.271
11509,1182.291
11510,1182.293
11511,1182.296
11512,1182.298
11513,1182.301
11514,1182.303
11515,1182.312
11516,1182.331
11517,1182.493
11518,1182.496
11519,1182.500
11520,1182.504
11521,1182.507
11522,1182.669
11523,1182.673
11524,1182.676
11525,1182.680
11526,1182.683
11527,1182.849
11528,1182.852
11529,1182.856
11530,1182.860
11531,1182.863
11532,1183.026
11533,1183.030
11534,1183.033
11535,1183.037
11536,1183.040
11537,1183.200
11538,1183.203
11539,1183.207
11540,1183.210
11541,1183.214
11542,1183.368
11543,1183.371
11544,1183.375
11545,1183.378
11546,1183.449
11547,1183.468
11548,1183.470
11549,1183.482
11550,1183.509
11551,1183.717
11552,1183.721
11553,1183.725
11554,1183.730
11555,1183.735
11556,1183.826
11557,1183.856
11558,1183.859
11559,1183.862
11560,1183.865
11561,1183.868
11562,1183.871
11563,1183.874
11564,1183.877
11565,1183.881
11566,1183.893
11567,1183.917
11568,1184.124
11569,1184.129
11570,1184.134
11571,1184.138
11572,1184.141
11573,1184.308
11574,1184.311
11575,1184.315
11576,1184.319
11577,1184.323
11578,1184.493
11579,1184.496
11580,1184.500
11581,1184.504
11582,1184.508
11583,1184.684
11584,1184.687
11585,1184.691
11586,1184.695
11587,1184.699
11588,1184.873
11589,1184.877
11590,1184.880
11591,1184.884
11592,1184.888
11593,1185.057
11594,1185.060
11595,1185.064
11596,1185.068
11597,1185.071
11598,1185.237
11599,1185.241
11600,1185.245
11601,1185.249
11602,1185.252
11603,1185.418
11604,1185.421
11605,1185.425
11606,1185.428
11607,1185.432
11608,1185.504
11609,1185.523
11610,1185.526
11611,1185.535
11612,1185.557
11613,1185.731
11614,1185.735
11615,1185.738
11616,1185.742
11617,1185.745
11618,1185.820
11619,1185.840
11620,1185.843
11621,1185.852
11622,1185.872
11623,1186.036
11624,1186.040
11625,1186.043
11626,1186.046
11627,1186.049
11628,1186.137
11629,1186.167
11630,1186.171
11631,1186.186
11632,1186.212
11633,1186.404
11634,1186.408
11635,1186.413
11636,1186.418
11637,1186.422
11638,1186.933
11639,1186.938
11640,1187.397
11641,1187.402
11642,1187.840
11643,1187.845
11644,1188.305
11645,1188.310
11646,1188.759
11647,1188.764
11648,1189.299
11649,1189.305
11650,1189.851
11651,1189.856
11652,1189.860
11653,1189.865
11654,1190.080
11655,1190.084
11656,1190.161
11657,1190.164
11658,1190.169
11659,1190.172
11660,1190.267
11661,1190.270
11662,1190.736
11663,1190.741
11664,1190.886
11665,1190.949
11666,1190.953
11667,1190.956
11668,1190.959
11669,1190.962
11670,1190.965
11671,1190.968
11672,1190.971
11673,1190.975
11674,1190.978
11675,1190.981
11676,1190.984
11677,1190.987
11678,1190.991
11679,1191.175
11680,1191.179
11681,1191.183
11682,1191.284
11683,1191.345
11684,1191.348
11685,1191.535
11686,1191.539
11687,1191.542
11688,1191.742
11689,1191.748
11690,1191.753
11691,1191.875
11692,1191.958
11693,1191.961
11694,1191.964
11695,1191.967
11696,1191.970
11697,1191.973
11698,1191.976
11699,1192.017
11700,1192.097
11701,1192.325
11702,1192.329
11703,1192.334
11704,1192.337
11705,1192.537
11706,1192.541
11707,1192.545
11708,1192.549
11709,1192.757
11710,1192.761
11711,1192.766
11712,1192.769
11713,1192.963
11714,1192.968
11715,1192.972
11716,1192.975
11717,1193.173
11718,1193.178
11719,1193.182
11720,1193.186
11721,1193.374
11722,1193.378
11723,1193.382
11724,1193.386
11725,1193.482
11726,1193.540
11727,1193.543
11728,1193.545
11729,1193.548
11730,1193.551
11731,1193.581
11732,1193.641
11733,1193.840
11734,1193.845
11735,1193.850
11736,1193.853
11737,1194.059
11738,1194.063
11739,1194.066
11740,1194.070
11741,1194.307
11742,1194.312
11743,1194.318
11744,1194.323
11745,1194.552
11746,1194.557
11747,1194.563
11748,1194.567
11749,1194.693
11750,1194.768
11751,1194.772
11752,1194.775
11753,1194.777
11754,1194.780
11755,1194.783
11756,1194.786
11757,1194.789
11758,1194.791
11759,1194.794
11760,1194.797
11761,1194.800
11762,1194.803
11763,1194.805
11764,1194.808
11765,1194.811
11766,1194.814
11767,1194.818
11768,1194.820
11769,1194.824
11770,1194.827
11771,1194.859
11772,1194.920
11773,1195.120
11774,1195.124
11775,1195.128
11776,1195.132
11777,1195.328
11778,1195.333
11779,1195.337
11780,1195.341
11781,1195.567
11782,1195.572
11783,1195.576
11784,1195.580
11785,1195.786
11786,1195.790
11787,1195.794
11788,1195.798
11789,1195.992
11790,1195.997
11791,1196.001
11792,1196.005
11793,1196.217
11794,1196.221
11795,1196.226
11796,1196.230
11797,1196.441
11798,1196.445
11799,1196.450
11800,1196.453
11801,1196.682
11802,1196.691
11803,1196.696
11804,1196.701
11805,1196.944
11806,1196.949
11807,1196.954
11808,1196.959
11809,1197.218
11810,1197.223
11811,1197.228
11812,1197.233
11813,1197.467
11814,1197.474
11815,1197.478
11816,1197.482
11817,1197.707
11818,1197.714
11819,1197.719
11820,1197.724
11821,1197.939
11822,1197.945
11823,1197.949
11824,1197.953
11825,1198.157
11826,1198.163
11827,1198.167
11828,1198.171
11829,1198.376
11830,1198.382
11831,1198.387
11832,1198.390
11833,1198.486
11834,1198.561
11835,1198.564
11836,1198.567
11837,1198.599
11838,1198.664
11839,1198.668
11840,1198.672
11841,1198.705
11842,1198.776
11843,1198.778
11844,1198.781
11845,1199.002
11846,1199.009
11847,1199.014
11848,1199.017
11849,1199.284
11850,1199.293
11851,1199.298
11852,1199.303
11853,1199.547
11854,1199.552
11855,1199.557
11856,1199.685
11857,1199.764
11858,1199.767
11859,1199.798
11860,1199.858
11861,1199.887
11862,1199.941
11863,1199.944
11864,1199.973
11865,1200.029
11866,1200.235
11867,1200.239
11868,1200.242
11869,1200.337
11870,1200.397
11871,1200.400
11872,1200.428
11873,1200.486
11874,1200.516
11875,1200.575
11876,1200.578
11877,1200.609
11878,1200.668
11879,1200.699
11880,1200.757
11881,1200.760
11882,1200.791
11883,1200.850
11884,1200.934
11885,1200.938
11886,1201.056
11887,1201.078
11888,1201.081
11889,1201.084
11890,1201.146
11891,1201.173
11892,1201.212
11893,1201.289
11894,1201.386
11895,1201.390
11896,1201.393
11897,1201.488
11898,1201.510
11899,1201.519
11900,1201.522
11901,1201.544
11902,1201.568
11903,1201.651
11904,1201.654
11905,1201.656
11906,1201.659
11907,1201.707
11908,1201.717
11909,1201.747
11910,1201.806
11911,1201.838
11912,1201.898
11913,1201.928
11914,1201.988
11915,1202.017
11916,1202.074
11917,1202.103
11918,1202.162
11919,1202.192
11920,1202.251
11921,1202.291
11922,1202.305
11923,1202.308
11924,1202.311
11925,1202.314
11926,1202.316
11927,1202.319
11928,1202.321
11929,1202.324
11930,1202.390
11931,1202.405
11932,1202.414
11933,1202.417
11934,1202.420
11935,1202.502
11936,1202.614
11937,1202.660
11938,1202.664
11939,1202.745
11940,1202.841
11941,1202.851
11942,1202.886
11943,1202.890
11944,1202.893
11945,1202.896
11946,1202.930
11947,1202.951
11948,1202.954
11949,1203.043
11950,1203.047
11951,1203.050
11952,1203.053
11953,1203.142
11954,1203.218
11955,1203.221
11956,1203.225
11957,1203.295
11958,1203.367
11959,1203.375
11960,1203.377
11961,1203.511
11962,1203.515
11963,1203.643
11964,1203.647
11965,1203.735
11966,1203.778
11967,1203.781
11968,1203.919
11969,1203.923
11970,1203.927
11971,1204.101
11972,1204.106
11973,1204.111
11974,1204.195
11975,1204.242
11976,1204.246
11977,1204.393
11978,1204.398
11979,1204.402
11980,1204.406
11981,1204.491
11982,1204.537
11983,1204.559
11984,1204.602
11985,1204.642
11986,1204.711
11987,1204.745
11988,1204.748
11989,1204.763
11990,1204.792
11991,1205.511
11992,1205.516
11993,1205.519
11994,1205.817
11995,1206.149
11996,1206.155
11997,1206.160
11998,1206.314
11999,1206.390
12000,1206.531
12001,1206.535
12002,1206.610
12003,1206.618
12004,1206.974
12005,1206.979
12006,1207.199
12007,1207.289
12008,1207.305
12009,1207.308
12010,1207.360
12011,1207.526
12012,1207.531
12013,1207.932
12014,1207.936
12015,1208.122
12016,1208.246
12017,1208.249
12018,1209.921
12019,1209.929
12020,1211.797
12021,1211.807
12022,1211.915
12023,1211.918
12024,1211.921
12025,1211.958
12026,1211.961
12027,1211.964
12028,1211.966
12029,1211.969
12030,1211.971
12031,1211.974
12032,1212.047
12033,1212.050
12034,1212.053
12035,1212.107
12036,1212.119
12037,1212.122
12038,1212.133
12039,1212.145
12040,1212.147
12041,1212.176
12042,1212.189
12043,1212.192
12044,1212.250
12045,1212.272
12046,1212.275
12047,1212.278
12048,1212.281
12049,1212.284
12050,1212.287
12051,1212.290
12052,1212.345
12053,1212.421
12054,1212.439
12055,1212.442
12056,1212.445
12057,1212.447
12058,1212.450
12059,1212.453
12060,1212.462
12061,1212.482
12062,1212.683
12063,1212.687
12064,1212.691
12065,1212.695
12066,1212.699
12067,1212.902
12068,1212.906
12069,1212.910
12070,1212.915
12071,1212.919
12072,1213.122
12073,1213.126
12074,1213.130
12075,1213.134
12076,1213.138
12077,1213.339
12078,1213.343
12079,1213.347
12080,1213.351
12081,1213.355
12082,1213.555
12083,1213.559
12084,1213.563
12085,1213.567
12086,1213.571
12087,1213.765
12088,1213.769
12089,1213.773
12090,1213.777
12091,1213.852
12092,1213.878
12093,1213.882
12094,1213.896
12095,1213.925
12096,1214.173
12097,1214.178
12098,1214.184
12099,1214.189
12100,1214.194
12101,1214.288
12102,1214.315
12103,1214.319
12104,1214.322
12105,1214.325
12106,1214.329
12107,1214.333
12108,1214.336
12109,1214.339
12110,1214.343
12111,1214.356
12112,1214.379
12113,1214.628
12114,1214.632
12115,1214.636
12116,1214.640
12117,1214.644
12118,1214.849
12119,1214.854
12120,1214.858
12121,1214.862
12122,1214.866
12123,1215.067
12124,1215.071
12125,1215.075
12126,1215.079
12127,1215.082
12128,1215.287
12129,1215.291
12130,1215.296
12131,1215.300
12132,1215.304
12133,1215.516
12134,1215.520
12135,1215.524
12136,1215.529
12137,1215.533
12138,1215.741
12139,1215.745
12140,1215.749
12141,1215.753
12142,1215.757
12143,1215.965
12144,1215.969
12145,1215.973
12146,1215.977
12147,1215.981
12148,1216.185
12149,1216.189
12150,1216.193
12151,1216.197
12152,1216.201
12153,1216.278
12154,1216.297
12155,1216.300
12156,1216.309
12157,1216.329
12158,1216.532
12159,1216.536
12160,1216.540
12161,1216.544
12162,1216.548
12163,1216.632
12164,1216.652
12165,1216.655
12166,1216.665
12167,1216.686
12168,1216.894
12169,1216.899
12170,1216.904
12171,1216.909
12172,1216.915
12173,1217.012
12174,1217.039
12175,1217.042
12176,1217.057
12177,1217.086
12178,1217.320
12179,1217.324
12180,1217.330
12181,1217.335
12182,1217.340
12183,1217.528
12184,1217.580
12185,1217.584
12186,1217.588
12187,1217.591
12188,1217.595
12189,1217.599
12190,1217.603
12191,1217.607
12192,1217.611
12193,1217.614
12194,1217.618
12195,1217.622
12196,1217.626
12197,1217.630
12198,1217.847
12199,1217.852
12200,1217.856
12201,1218.033
12202,1218.037
12203,1218.045
12204,1218.049
12205,1218.268
12206,1218.273
12207,1218.278
12208,1218.495
12209,1218.500
12210,1218.504
12211,1218.598
12212,1218.646
12213,1218.649
12214,1218.652
12215,1218.656
12216,1218.660
12217,1218.663
12218,1218.666
12219,1218.689
12220,1218.737
12221,1218.962
12222,1218.967
12223,1218.972
12224,1218.978
12225,1219.211
12226,1219.217
12227,1219.222
12228,1219.227
12229,1219.468
12230,1219.473
12231,1219.480
12232,1219.486
12233,1219.756
12234,1219.762
12235,1219.768
12236,1219.773
12237,1220.053
12238,1220.059
12239,1220.066
12240,1220.071
12241,1220.317
12242,1220.321
12243,1220.325
12244,1220.329
12245,1220.421
12246,1220.463
12247,1220.466
12248,1220.469
12249,1220.472
12250,1220.475
12251,1220.497
12252,1220.544
12253,1220.776
12254,1220.781
12255,1220.785
12256,1220.790
12257,1221.034
12258,1221.038
12259,1221.043
12260,1221.047
12261,1221.266
12262,1221.271
12263,1221.275
12264,1221.279
12265,1221.499
12266,1221.503
12267,1221.508
12268,1221.512
12269,1221.607
12270,1221.657
12271,1221.660
12272,1221.663
12273,1221.666
12274,1221.669
12275,1221.672
12276,1221.675
12277,1221.678
12278,1221.681
12279,1221.684
12280,1221.687
12281,1221.690
12282,1221.693
12283,1221.696
12284,1221.699
12285,1221.702
12286,1221.705
12287,1221.708
12288,1221.711
12289,1221.714
12290,1221.718
12291,1221.742
12292,1221.790
12293,1222.035
12294,1222.040
12295,1222.047
12296,1222.052
12297,1222.327
12298,1222.332
12299,1222.338
12300,1222.343
12301,1222.660
12302,1222.667
12303,1222.674
12304,1222.680
12305,1222.922
12306,1222.927
12307,1222.932
12308,1222.936
12309,1223.165
12310,1223.170
12311,1223.175
12312,1223.179
12313,1223.413
12314,1223.418
12315,1223.423
12316,1223.427
12317,1223.670
12318,1223.674
12319,1223.679
12320,1223.683
12321,1223.948
12322,1223.954
12323,1223.959
12324,1223.964
12325,1224.192
12326,1224.197
12327,1224.201
12328,1224.206
12329,1224.459
12330,1224.464
12331,1224.469
12332,1224.473
12333,1224.718
12334,1224.725
12335,1224.731
12336,1224.735
12337,1225.022
12338,1225.033
12339,1225.041
12340,1225.047
12341,1225.340
12342,1225.350
12343,1225.356
12344,1225.361
12345,1225.656
12346,1225.664
12347,1225.669
12348,1225.673
12349,1225.919
12350,1225.926
12351,1225.931
12352,1225.936
12353,1226.192
12354,1226.199
12355,1226.204
12356,1226.209
12357,1226.458
12358,1226.465
12359,1226.470
12360,1226.474
12361,1226.717
12362,1226.724
12363,1226.729
12364,1226.734
12365,1226.975
12366,1226.983
12367,1226.988
12368,1226.993
12369,1227.235
12370,1227.242
12371,1227.247
12372,1227.252
12373,1227.484
12374,1227.488
12375,1227.493
12376,1227.737
12377,1227.742
12378,1227.747
12379,1228.023
12380,1228.029
12381,1228.035
12382,1228.311
12383,1228.317
12384,1228.322
12385,1228.616
12386,1228.621
12387,1228.626
12388,1228.863
12389,1228.868
12390,1228.873
12391,1229.104
12392,1229.109
12393,1229.114
12394,1229.194
12395,1229.242
12396,1229.245
12397,1229.248
12398,1229.254
12399,1229.257
12400,1229.259
12401,1229.262
12402,1229.359
12403,1229.362
12404,1229.365
12405,1229.423
12406,1229.425
12407,1229.428
12408,1229.430
12409,1229.454
12410,1229.467
12411,1229.469
12412,1229.480
12413,1229.492
12414,1229.494
12415,1229.521
12416,1229.534
12417,1229.537
12418,1229.548
12419,1229.560
12420,1229.563
12421,1229.572
12422,1229.575
12423,1229.577
12424,1229.580
12425,1229.612
12426,1229.615
12427,1229.618
12428,1229.621
12429,1229.623
12430,1229.627
12431,1229.640
12432,1229.643
12433,1229.652
12434,1229.655
12435,1229.657
12436,1229.659
12437,1229.663
12438,1229.666
12439,1229.668
12440,1229.670
12441,1229.673
12442,1229.706
12443,1229.709
12444,1229.711
12445,1229.714
12446,1229.717
12447,1229.719
12448,1229.721
12449,1229.754
12450,1229.757
12451,1229.760
12452,1229.762
12453,1229.795
12454,1229.798
12455,1229.801
12456,1229.803
12457,1229.806
12458,1229.808
12459,1229.811
12460,1229.813
12461,1229.848
12462,1229.852
12463,1229.855
12464,1229.858
12465,1229.860
12466,1229.863
12467,1229.865
12468,1229.868
12469,1229.871
12470,1229.874
12471,1229.876
12472,1229.879
12473,1229.892
12474,1229.905
12475,1229.908
12476,1229.911
12477,1229.913
12478,1229.916
12479,1229.918
12480,1229.984
12481,1230.112
12482,1230.115
12483,1230.119
12484,1230.122
12485,1230.125
12486,1230.218
12487,1230.224
12488,1230.229
12489,1230.311
12490,1230.315
12491,1230.319
12492,1230.416
12493,1230.420
12494,1230.423
12495,1230.427
12496,1230.431
12497,1230.477
12498,1230.481
12499,1230.484
12500,1230.488
12501,1230.491
12502,1230.497
12503,1230.518
12504,1230.521
12505,1230.534
12506,1230.554
12507,1230.558
12508,1230.762
12509,1230.767
12510,1230.771
12511,1230.861
12512,1230.909
12513,1231.024
12514,1231.028
12515,1231.186
12516,1231.241
12517,1231.245
12518,1231.248
12519,1231.252
12520,1231.255
12521,1231.259
12522,1231.263
12523,1231.266
12524,1231.270
12525,1231.274
12526,1231.278
12527,1231.282
12528,1231.286
12529,1231.290
12530,1231.524
12531,1231.529
12532,1231.534
12533,1231.719
12534,1231.724
12535,1231.731
12536,1231.736
12537,1231.972
12538,1231.978
12539,1231.982
12540,1232.219
12541,1232.224
12542,1232.229
12543,1232.325
12544,1232.373
12545,1232.376
12546,1232.380
12547,1232.383
12548,1232.386
12549,1232.388
12550,1232.391
12551,1232.415
12552,1232.465
12553,1232.733
12554,1232.738
12555,1232.744
12556,1232.749
12557,1233.033
12558,1233.038
12559,1233.044
12560,1233.049
12561,1233.335
12562,1233.340
12563,1233.345
12564,1233.349
12565,1233.594
12566,1233.599
12567,1233.604
12568,1233.608
12569,1233.867
12570,1233.873
12571,1233.878
12572,1233.883
12573,1234.130
12574,1234.135
12575,1234.139
12576,1234.144
12577,1234.239
12578,1234.286
12579,1234.289
12580,1234.292
12581,1234.295
12582,1234.297
12583,1234.320
12584,1234.367
12585,1234.609
12586,1234.614
12587,1234.619
12588,1234.623
12589,1234.862
12590,1234.867
12591,1234.871
12592,1234.876
12593,1235.119
12594,1235.124
12595,1235.129
12596,1235.134
12597,1235.407
12598,1235.412
12599,1235.417
12600,1235.423
12601,1235.549
12602,1235.615
12603,1235.619
12604,1235.623
12605,1235.627
12606,1235.631
12607,1235.635
12608,1235.638
12609,1235.642
12610,1235.646
12611,1235.650
12612,1235.654
12613,1235.658
12614,1235.662
12615,1235.666
12616,1235.670
12617,1235.675
12618,1235.679
12619,1235.684
12620,1235.688
12621,1235.693
12622,1235.697
12623,1235.732
12624,1235.802
12625,1236.056
12626,1236.061
12627,1236.066
12628,1236.070
12629,1236.312
12630,1236.316
12631,1236.321
12632,1236.325
12633,1236.587
12634,1236.592
12635,1236.597
12636,1236.601
12637,1236.837
12638,1236.842
12639,1236.846
12640,1236.851
12641,1237.085
12642,1237.090
12643,1237.095
12644,1237.099
12645,1237.348
12646,1237.353
12647,1237.358
12648,1237.363
12649,1237.615
12650,1237.620
12651,1237.624
12652,1237.629
12653,1237.889
12654,1237.896
12655,1237.901
12656,1237.905
12657,1238.186
12658,1238.192
12659,1238.198
12660,1238.204
12661,1238.506
12662,1238.512
12663,1238.518
12664,1238.523
12665,1238.826
12666,1238.833
12667,1238.839
12668,1238.843
12669,1239.109
12670,1239.118
12671,1239.123
12672,1239.128
12673,1239.394
12674,1239.401
12675,1239.407
12676,1239.411
12677,1239.656
12678,1239.663
12679,1239.668
12680,1239.672
12681,1239.929
12682,1239.936
12683,1239.940
12684,1239.945
12685,1240.183
12686,1240.189
12687,1240.194
12688,1240.202
12689,1240.445
12690,1240.452
12691,1240.456
12692,1240.461
12693,1240.699
12694,1240.706
12695,1240.710
12696,1240.714
12697,1240.978
12698,1240.988
12699,1240.994
12700,1240.999
12701,1241.290
12702,1241.300
12703,1241.305
12704,1241.310
12705,1241.589
12706,1241.595
12707,1241.601
12708,1241.839
12709,1241.843
12710,1241.848
12711,1242.078
12712,1242.083
12713,1242.087
12714,1242.325
12715,1242.330
12716,1242.334
12717,1242.569
12718,1242.574
12719,1242.578
12720,1242.818
12721,1242.823
12722,1242.827
12723,1243.060
12724,1243.065
12725,1243.070
12726,1243.228
12727,1243.277
12728,1243.281
12729,1243.284
12730,1243.288
12731,1243.291
12732,1243.294
12733,1243.298
12734,1243.301
12735,1243.305
12736,1243.309
12737,1243.312
12738,1243.316
12739,1243.320
12740,1243.324
12741,1243.468
12742,1243.472
12743,1243.475
12744,1243.632
12745,1243.636
12746,1243.639
12747,1243.818
12748,1243.822
12749,1243.827
12750,1244.002
12751,1244.007
12752,1244.011
12753,1244.126
12754,1244.189
12755,1244.193
12756,1244.196
12757,1244.198
12758,1244.201
12759,1244.204
12760,1244.207
12761,1244.230
12762,1244.275
12763,1244.424
12764,1244.428
12765,1244.432
12766,1244.435
12767,1244.584
12768,1244.588
12769,1244.592
12770,1244.595
12771,1244.748
12772,1244.752
12773,1244.756
12774,1244.759
12775,1244.908
12776,1244.913
12777,1244.917
12778,1244.921
12779,1245.073
12780,1245.077
12781,1245.081
12782,1245.085
12783,1245.232
12784,1245.236
12785,1245.240
12786,1245.244
12787,1245.341
12788,1245.388
12789,1245.391
12790,1245.394
12791,1245.396
12792,1245.399
12793,1245.423
12794,1245.467
12795,1245.617
12796,1245.621
12797,1245.625
12798,1245.628
12799,1245.780
12800,1245.784
12801,1245.788
12802,1245.791
12803,1245.937
12804,1245.941
12805,1245.944
12806,1245.947
12807,1246.132
12808,1246.137
12809,1246.141
12810,1246.146
12811,1246.270
12812,1246.340
12813,1246.345
12814,1246.350
12815,1246.354
12816,1246.359
12817,1246.363
12818,1246.367
12819,1246.371
12820,1246.375
12821,1246.380
12822,1246.384
12823,1246.388
12824,1246.392
12825,1246.397
12826,1246.401
12827,1246.405
12828,1246.411
12829,1246.416
12830,1246.421
12831,1246.425
12832,1246.431
12833,1246.464
12834,1246.529
12835,1246.694
12836,1246.698
12837,1246.701
12838,1246.705
12839,1246.861
12840,1246.865
12841,1246.869
12842,1246.873
12843,1247.050
12844,1247.054
12845,1247.059
12846,1247.063
12847,1247.224
12848,1247.228
12849,1247.232
12850,1247.236
12851,1247.393
12852,1247.397
12853,1247.400
12854,1247.404
12855,1247.562
12856,1247.566
12857,1247.570
12858,1247.574
12859,1247.740
12860,1247.744
12861,1247.748
12862,1247.751
12863,1247.927
12864,1247.931
12865,1247.935
12866,1247.938
12867,1248.097
12868,1248.101
12869,1248.106
12870,1248.109
12871,1248.268
12872,1248.272
12873,1248.276
12874,1248.279
12875,1248.440
12876,1248.446
12877,1248.450
12878,1248.454
12879,1248.637
12880,1248.646
12881,1248.651
12882,1248.656
12883,1248.850
12884,1248.858
12885,1248.864
12886,1248.869
12887,1249.057
12888,1249.066
12889,1249.070
12890,1249.076
12891,1249.262
12892,1249.268
12893,1249.272
12894,1249.276
12895,1249.440
12896,1249.446
12897,1249.450
12898,1249.454
12899,1249.613
12900,1249.619
12901,1249.623
12902,1249.627
12903,1249.791
12904,1249.797
12905,1249.801
12906,1249.804
12907,1249.963
12908,1249.969
12909,1249.973
12910,1249.977
12911,1250.144
12912,1250.150
12913,1250.154
12914,1250.157
12915,1250.310
12916,1250.314
12917,1250.317
12918,1250.470
12919,1250.475
12920,1250.479
12921,1250.646
12922,1250.652
12923,1250.657
12924,1250.817
12925,1250.822
12926,1250.826
12927,1250.987
12928,1250.991
12929,1250.995
12930,1251.156
12931,1251.160
12932,1251.163
12933,1251.362
12934,1251.368
12935,1251.373
12936,1251.513
12937,1251.596
12938,1251.600
12939,1251.698
12940,1251.880
12941,1251.884
12942,1252.025
12943,1252.030
12944,1252.034
12945,1252.133
12946,1252.197
12947,1252.200
12948,1252.233
12949,1252.296
12950,1252.299
12951,1252.303
12952,1252.381
12953,1252.384
12954,1252.387
12955,1252.465
12956,1252.468
12957,1252.471
12958,1252.474
12959,1252.552
12960,1252.613
12961,1252.616
12962,1252.620
12963,1252.722
12964,1252.783
12965,1252.786
12966,1252.788
12967,1252.791
12968,1252.934
12969,1252.939
12970,1252.942
12971,1252.946
12972,1252.949
12973,1252.953
12974,1253.129
12975,1253.133
12976,1253.136
12977,1253.142
12978,1253.146
12979,1253.242
12980,1253.314
12981,1253.317
12982,1253.323
12983,1253.585
12984,1253.591
12985,1253.601
12986,1253.606
12987,1253.834
12988,1253.839
12989,1253.843
12990,1253.847
12991,1253.856
12992,1253.860
12993,1253.992
12994,1253.995
12995,1253.998
12996,1254.000
12997,1254.003
12998,1254.005
12999,1254.182
13000,1254.185
13001,1254.188
13002,1254.191
13003,1254.193
13004,1254.199
13005,1254.202
13006,1254.304
13007,1254.308
13008,1254.311
13009,1254.314
13010,1254.423
13011,1254.492
13012,1254.495
13013,1254.498
13014,1254.647
13015,1254.653
13016,1254.657
13017,1254.661
13018,1254.757
13019,1254.845
13020,1254.905
13021,1254.908
13022,1254.912
13023,1254.995
13024,1255.009
13025,1255.012
13026,1255.022
13027,1255.025
13028,1255.121
13029,1255.126
13030,1255.226
13031,1255.285
13032,1255.291
13033,1255.308
13034,1255.313
13035,1255.435
13036,1255.439
13037,1255.620
13038,1255.625
13039,1255.815
13040,1255.821
13041,1255.957
13042,1255.961
13043,1256.160
13044,1256.228
13045,1256.232
13046,1256.235
13047,1256.238
13048,1256.242
13049,1256.245
13050,1256.249
13051,1256.252
13052,1256.256
13053,1256.260
13054,1256.263
13055,1256.267
13056,1256.271
13057,1256.275
13058,1256.428
13059,1256.431
13060,1256.435
13061,1256.588
13062,1256.592
13063,1256.595
13064,1256.755
13065,1256.760
13066,1256.764
13067,1256.918
13068,1256.922
13069,1256.926
13070,1257.018
13071,1257.063
13072,1257.066
13073,1257.069
13074,1257.072
13075,1257.075
13076,1257.078
13077,1257.081
13078,1257.105
13079,1257.149
13080,1257.308
13081,1257.312
13082,1257.316
13083,1257.320
13084,1257.482
13085,1257.486
13086,1257.491
13087,1257.495
13088,1257.657
13089,1257.661
13090,1257.665
13091,1257.669
13092,1257.828
13093,1257.833
13094,1257.839
13095,1257.844
13096,1258.060
13097,1258.066
13098,1258.072
13099,1258.077
13100,1258.270
13101,1258.275
13102,1258.279
13103,1258.284
13104,1258.402
13105,1258.462
13106,1258.465
13107,1258.467
13108,1258.470
13109,1258.473
13110,1258.497
13111,1258.541
13112,1258.703
13113,1258.708
13114,1258.712
13115,1258.716
13116,1258.882
13117,1258.887
13118,1258.891
13119,1258.896
13120,1259.058
13121,1259.062
13122,1259.066
13123,1259.070
13124,1259.228
13125,1259.232
13126,1259.236
13127,1259.240
13128,1259.334
13129,1259.381
13130,1259.385
13131,1259.388
13132,1259.390
13133,1259.393
13134,1259.396
13135,1259.399
13136,1259.402
13137,1259.405
13138,1259.408
13139,1259.411
13140,1259.414
13141,1259.417
13142,1259.420
13143,1259.423
13144,1259.426
13145,1259.429
13146,1259.432
13147,1259.435
13148,1259.439
13149,1259.442
13150,1259.464
13151,1259.507
13152,1259.670
13153,1259.675
13154,1259.679
13155,1259.683
13156,1259.847
13157,1259.851
13158,1259.855
13159,1259.859
13160,1260.061
13161,1260.067
13162,1260.074
13163,1260.080
13164,1260.281
13165,1260.286
13166,1260.291
13167,1260.296
13168,1260.491
13169,1260.495
13170,1260.502
13171,1260.507
13172,1260.715
13173,1260.719
13174,1260.724
13175,1260.728
13176,1260.901
13177,1260.905
13178,1260.909
13179,1260.914
13180,1261.107
13181,1261.114
13182,1261.118
13183,1261.122
13184,1261.289
13185,1261.293
13186,1261.297
13187,1261.301
13188,1261.472
13189,1261.478
13190,1261.482
13191,1261.486
13192,1261.656
13193,1261.662
13194,1261.667
13195,1261.671
13196,1261.857
13197,1261.865
13198,1261.870
13199,1261.874
13200,1262.054
13201,1262.060
13202,1262.065
13203,1262.069
13204,1262.238
13205,1262.244
13206,1262.249
13207,1262.253
13208,1262.416
13209,1262.422
13210,1262.426
13211,1262.430
13212,1262.629
13213,1262.638
13214,1262.643
13215,1262.648
13216,1262.853
13217,1262.862
13218,1262.867
13219,1262.872
13220,1263.080
13221,1263.089
13222,1263.094
13223,1263.100
13224,1263.275
13225,1263.281
13226,1263.285
13227,1263.289
13228,1263.458
13229,1263.464
13230,1263.469
13231,1263.473
13232,1263.569
13233,1263.573
13234,1263.575
13235,1263.578
13236,1263.669
13237,1263.712
13238,1263.785
13239,1263.826
13240,1263.895
13241,1263.898
13242,1263.901
13243,1263.903
13244,1263.999
13245,1264.043
13246,1264.206
13247,1264.211
13248,1264.215
13249,1264.374
13250,1264.379
13251,1264.383
13252,1264.544
13253,1264.549
13254,1264.553
13255,1264.724
13256,1264.730
13257,1264.735
13258,1264.944
13259,1264.950
13260,1264.955
13261,1265.152
13262,1265.157
13263,1265.161
13264,1265.367
13265,1265.427
13266,1265.431
13267,1265.435
13268,1265.438
13269,1265.442
13270,1265.445
13271,1265.449
13272,1265.452
13273,1265.456
13274,1265.460
13275,1265.463
13276,1265.467
13277,1265.471
13278,1265.474
13279,1265.629
13280,1265.633
13281,1265.636
13282,1265.788
13283,1265.792
13284,1265.795
13285,1265.953
13286,1265.957
13287,1265.961
13288,1266.118
13289,1266.123
13290,1266.127
13291,1266.219
13292,1266.262
13293,1266.265
13294,1266.267
13295,1266.270
13296,1266.273
13297,1266.275
13298,1266.278
13299,1266.300
13300,1266.344
13301,1266.504
13302,1266.508
13303,1266.512
13304,1266.516
13305,1266.681
13306,1266.686
13307,1266.690
13308,1266.694
13309,1266.865
13310,1266.870
13311,1266.874
13312,1266.878
13313,1267.049
13314,1267.055
13315,1267.060
13316,1267.065
13317,1267.284
13318,1267.291
13319,1267.296
13320,1267.302
13321,1267.497
13322,1267.502
13323,1267.508
13324,1267.513
13325,1267.635
13326,1267.701
13327,1267.704
13328,1267.706
13329,1267.709
13330,1267.712
13331,1267.736
13332,1267.781
13333,1267.955
13334,1267.960
13335,1267.964
13336,1267.969
13337,1268.147
13338,1268.152
13339,1268.157
13340,1268.161
13341,1268.326
13342,1268.331
13343,1268.335
13344,1268.339
13345,1268.501
13346,1268.506
13347,1268.510
13348,1268.513
13349,1268.611
13350,1268.659
13351,1268.662
13352,1268.665
13353,1268.668
13354,1268.671
13355,1268.674
13356,1268.677
13357,1268.680
13358,1268.683
13359,1268.685
13360,1268.688
13361,1268.691
13362,1268.694
13363,1268.697
13364,1268.701
13365,1268.704
13366,1268.707
13367,1268.710
13368,1268.713
13369,1268.717
13370,1268.720
13371,1268.742
13372,1268.788
13373,1268.952
13374,1268.957
13375,1268.962
13376,1268.966
13377,1269.134
13378,1269.139
13379,1269.143
13380,1269.147
13381,1269.329
13382,1269.333
13383,1269.337
13384,1269.341
13385,1269.538
13386,1269.542
13387,1269.548
13388,1269.552
13389,1269.746
13390,1269.751
13391,1269.757
13392,1269.762
13393,1269.997
13394,1270.003
13395,1270.008
13396,1270.013
13397,1270.195
13398,1270.199
13399,1270.203
13400,1270.207
13401,1270.388
13402,1270.394
13403,1270.398
13404,1270.403
13405,1270.567
13406,1270.571
13407,1270.576
13408,1270.579
13409,1270.753
13410,1270.759
13411,1270.763
13412,1270.767
13413,1270.938
13414,1270.945
13415,1270.949
13416,1270.953
13417,1271.146
13418,1271.154
13419,1271.161
13420,1271.165
13421,1271.341
13422,1271.347
13423,1271.351
13424,1271.355
13425,1271.532
13426,1271.538
13427,1271.543
13428,1271.548
13429,1271.713
13430,1271.719
13431,1271.724
13432,1271.727
13433,1271.905
13434,1271.913
13435,1271.918
13436,1271.923
13437,1272.129
13438,1272.138
13439,1272.142
13440,1272.147
13441,1272.352
13442,1272.360
13443,1272.365
13444,1272.370
13445,1272.563
13446,1272.569
13447,1272.573
13448,1272.577
13449,1272.748
13450,1272.753
13451,1272.758
13452,1272.762
13453,1272.917
13454,1272.921
13455,1272.925
13456,1273.088
13457,1273.093
13458,1273.097
13459,1273.253
13460,1273.257
13461,1273.261
13462,1273.416
13463,1273.420
13464,1273.424
13465,1273.592
13466,1273.596
13467,1273.600
13468,1273.767
13469,1273.771
13470,1273.775
13471,1273.931
13472,1273.935
13473,1273.939
13474,1274.038
13475,1274.094
13476,1274.097
13477,1274.165
13478,1274.445
13479,1274.530
13480,1274.628
13481,1274.713
13482,1274.717
13483,1274.725
13484,1274.801
13485,1274.858
13486,1274.931
13487,1274.988
13488,1274.991
13489,1274.994
13490,1274.997
13491,1275.147
13492,1275.211
13493,1275.215
13494,1275.218
13495,1275.222
13496,1275.225
13497,1275.229
13498,1275.232
13499,1275.236
13500,1275.240
13501,1275.244
13502,1275.247
13503,1275.254
13504,1275.255
13505,1275.259
13506,1275.430
13507,1275.488
13508,1275.917
13509,1275.921
13510,1275.925
13511,1276.361
13512,1276.366
13513,1276.370
13514,1276.864
13515,1276.870
13516,1276.876
13517,1277.395
13518,1277.400
13519,1277.404
13520,1277.514
13521,1277.579
13522,1277.583
13523,1277.587
13524,1277.590
13525,1277.594
13526,1277.597
13527,1277.600
13528,1277.631
13529,1277.694
13530,1278.140
13531,1278.145
13532,1278.150
13533,1278.154
13534,1278.596
13535,1278.601
13536,1278.605
13537,1278.610
13538,1279.058
13539,1279.063
13540,1279.067
13541,1279.072
13542,1279.547
13543,1279.553
13544,1279.559
13545,1279.564
13546,1280.110
13547,1280.116
13548,1280.123
13549,1280.130
13550,1280.586
13551,1280.591
13552,1280.596
13553,1280.600
13554,1280.705
13555,1280.768
13556,1280.771
13557,1280.774
13558,1280.777
13559,1280.780
13560,1280.809
13561,1280.867
13562,1281.328
13563,1281.333
13564,1281.338
13565,1281.342
13566,1281.787
13567,1281.792
13568,1281.796
13569,1281.800
13570,1282.243
13571,1282.248
13572,1282.254
13573,1282.260
13574,1282.783
13575,1282.788
13576,1282.793
13577,1282.799
13578,1282.935
13579,1283.012
13580,1283.015
13581,1283.019
13582,1283.022
13583,1283.025
13584,1283.028
13585,1283.031
13586,1283.034
13587,1283.037
13588,1283.040
13589,1283.043
13590,1283.047
13591,1283.050
13592,1283.053
13593,1283.056
13594,1283.059
13595,1283.063
13596,1283.067
13597,1283.070
13598,1283.073
13599,1283.077
13600,1283.108
13601,1283.168
13602,1283.620
13603,1283.625
13604,1283.631
13605,1283.636
13606,1284.079
13607,1284.084
13608,1284.089
13609,1284.093
13610,1284.558
13611,1284.563
13612,1284.569
13613,1284.573
13614,1285.017
13615,1285.023
13616,1285.028
13617,1285.032
13618,1285.552
13619,1285.558
13620,1285.564
13621,1285.569
13622,1286.085
13623,1286.090
13624,1286.095
13625,1286.099
13626,1286.571
13627,1286.577
13628,1286.582
13629,1286.586
13630,1287.054
13631,1287.061
13632,1287.066
13633,1287.071
13634,1287.535
13635,1287.540
13636,1287.545
13637,1287.550
13638,1288.015
13639,1288.022
13640,1288.027
13641,1288.032
13642,1288.138
13643,1288.201
13644,1288.206
13645,1288.210
13646,1288.319
13647,1288.328
13648,1288.332
13649,1288.336
13650,1288.341
13651,1288.450
13652,1288.539
13653,1288.543
13654,1288.548
13655,1288.658
13656,1288.751
13657,1288.756
13658,1288.760
13659,1288.765
13660,1288.850
13661,1288.913
13662,1288.916
13663,1288.921
13664,1289.027
13665,1289.030
13666,1289.034
13667,1289.039
13668,1289.042
13669,1289.230
13670,1289.233
13671,1289.238
13672,1289.244
13673,1289.248
13674,1289.252
13675,1289.256
13676,1289.366
13677,1289.429
13678,1289.432
13679,1289.435
13680,1289.897
13681,1289.905
13682,1289.910
13683,1289.915
13684,1290.375
13685,1290.382
13686,1290.387
13687,1290.392
13688,1290.864
13689,1290.874
13690,1290.880
13691,1290.886
13692,1291.429
13693,1291.438
13694,1291.444
13695,1291.451
13696,1291.925
13697,1291.932
13698,1291.937
13699,1291.942
13700,1292.415
13701,1292.422
13702,1292.427
13703,1292.432
13704,1292.902
13705,1292.909
13706,1292.914
13707,1292.918
13708,1293.380
13709,1293.387
13710,1293.392
13711,1293.397
13712,1293.857
13713,1293.862
13714,1293.866
13715,1294.415
13716,1294.417
13717,1294.424
13718,1294.950
13719,1294.955
13720,1294.960
13721,1295.407
13722,1295.415
13723,1295.417
13724,1295.871
13725,1295.877
13726,1295.881
13727,1296.335
13728,1296.341
13729,1296.345
13730,1296.794
13731,1296.799
13732,1296.804
13733,1296.904
13734,1296.965
13735,1296.968
13736,1297.061
13737,1297.236
13738,1297.312
13739,1297.353
13740,1297.436
13741,1297.440
13742,1297.443
13743,1297.536
13744,1297.599
13745,1297.674
13746,1297.734
13747,1297.737
13748,1297.742
13749,1297.836
13750,1297.896
13751,1297.899
13752,1297.902
13753,1297.906
13754,1297.998
13755,1298.056
13756,1298.059
13757,1298.061
13758,1298.064
13759,1298.068
13760,1298.097
13761,1298.156
13762,1298.158
13763,1298.161
13764,1298.244
13765,1298.257
13766,1298.260
13767,1298.263
13768,1298.272
13769,1298.274
13770,1298.359
13771,1298.361
13772,1298.459
13773,1298.518
13774,1298.549
13775,1298.608
13776,1298.755
13777,1298.807
13778,1298.810
13779,1298.814
13780,1298.817
13781,1298.820
13782,1298.824
13783,1298.828
13784,1298.831
13785,1298.835
13786,1298.839
13787,1298.842
13788,1298.846
13789,1298.850
13790,1298.854
13791,1299.032
13792,1299.037
13793,1299.041
13794,1299.228
13795,1299.232
13796,1299.236
13797,1299.420
13798,1299.424
13799,1299.429
13800,1299.617
13801,1299.622
13802,1299.626
13803,1299.722
13804,1299.769
13805,1299.772
13806,1299.774
13807,1299.777
13808,1299.780
13809,1299.783
13810,1299.786
13811,1299.808
13812,1299.851
13813,1300.005
13814,1300.009
13815,1300.012
13816,1300.016
13817,1300.171
13818,1300.174
13819,1300.178
13820,1300.181
13821,1300.337
13822,1300.341
13823,1300.344
13824,1300.348
13825,1300.500
13826,1300.504
13827,1300.507
13828,1300.510
13829,1300.671
13830,1300.675
13831,1300.679
13832,1300.683
13833,1300.843
13834,1300.847
13835,1300.851
13836,1300.854
13837,1300.952
13838,1300.996
13839,1300.999
13840,1301.002
13841,1301.005
13842,1301.008
13843,1301.031
13844,1301.078
13845,1301.232
13846,1301.236
13847,1301.239
13848,1301.243
13849,1301.401
13850,1301.406
13851,1301.411
13852,1301.415
13853,1301.604
13854,1301.609
13855,1301.613
13856,1301.618
13857,1301.800
13858,1301.805
13859,1301.809
13860,1301.813
13861,1301.939
13862,1302.008
13863,1302.012
13864,1302.015
13865,1302.018
13866,1302.021
13867,1302.025
13868,1302.028
13869,1302.031
13870,1302.034
13871,1302.037
13872,1302.041
13873,1302.044
13874,1302.047
13875,1302.051
13876,1302.054
13877,1302.058
13878,1302.061
13879,1302.065
13880,1302.069
13881,1302.072
13882,1302.076
13883,1302.100
13884,1302.146
13885,1302.304
13886,1302.308
13887,1302.312
13888,1302.316
13889,1302.480
13890,1302.485
13891,1302.489
13892,1302.492
13893,1302.659
13894,1302.663
13895,1302.667
13896,1302.671
13897,1302.827
13898,1302.831
13899,1302.835
13900,1302.838
13901,1302.995
13902,1302.999
13903,1303.003
13904,1303.006
13905,1303.169
13906,1303.173
13907,1303.177
13908,1303.180
13909,1303.341
13910,1303.345
13911,1303.349
13912,1303.353
13913,1303.517
13914,1303.521
13915,1303.526
13916,1303.529
13917,1303.691
13918,1303.695
13919,1303.699
13920,1303.702
13921,1303.861
13922,1303.865
13923,1303.868
13924,1303.871
13925,1304.064
13926,1304.073
13927,1304.078
13928,1304.083
13929,1304.283
13930,1304.292
13931,1304.297
13932,1304.302
13933,1304.503
13934,1304.513
13935,1304.518
13936,1304.523
13937,1304.701
13938,1304.707
13939,1304.711
13940,1304.715
13941,1304.880
13942,1304.885
13943,1304.889
13944,1304.893
13945,1305.057
13946,1305.063
13947,1305.067
13948,1305.071
13949,1305.236
13950,1305.241
13951,1305.245
13952,1305.249
13953,1305.408
13954,1305.414
13955,1305.418
13956,1305.421
13957,1305.577
13958,1305.582
13959,1305.586
13960,1305.589
13961,1305.746
13962,1305.752
13963,1305.755
13964,1305.759
13965,1305.915
13966,1305.919
13967,1305.922
13968,1306.079
13969,1306.083
13970,1306.087
13971,1306.243
13972,1306.247
13973,1306.251
13974,1306.405
13975,1306.409
13976,1306.412
13977,1306.589
13978,1306.594
13979,1306.599
13980,1306.791
13981,1306.795
13982,1306.800
13983,1306.992
13984,1306.996
13985,1307.001
13986,1307.219
13987,1307.289
13988,1307.293
13989,1307.297
13990,1307.300
13991,1307.304
13992,1307.308
13993,1307.311
13994,1307.315
13995,1307.319
13996,1307.323
13997,1307.327
13998,1307.330
13999,1307.334
14000,1307.338
14001,1307.493
14002,1307.497
14003,1307.501
14004,1307.668
14005,1307.672
14006,1307.675
14007,1307.832
14008,1307.836
14009,1307.840
14010,1307.998
14011,1308.002
14012,1308.006
14013,1308.102
14014,1308.151
14015,1308.154
14016,1308.157
14017,1308.160
14018,1308.163
14019,1308.166
14020,1308.169
14021,1308.193
14022,1308.239
14023,1308.407
14024,1308.412
14025,1308.416
14026,1308.420
14027,1308.588
14028,1308.592
14029,1308.595
14030,1308.599
14031,1308.763
14032,1308.767
14033,1308.771
14034,1308.775
14035,1308.927
14036,1308.931
14037,1308.935
14038,1308.939
14039,1309.122
14040,1309.127
14041,1309.132
14042,1309.142
14043,1309.345
14044,1309.349
14045,1309.354
14046,1309.358
14047,1309.477
14048,1309.536
14049,1309.539
14050,1309.543
14051,1309.547
14052,1309.550
14053,1309.582
14054,1309.647
14055,1309.810
14056,1309.814
14057,1309.818
14058,1309.821
14059,1309.981
14060,1309.985
14061,1309.989
14062,1309.993
14063,1310.153
14064,1310.157
14065,1310.160
14066,1310.164
14067,1310.327
14068,1310.331
14069,1310.335
14070,1310.339
14071,1310.444
14072,1310.494
14073,1310.497
14074,1310.501
14075,1310.504
14076,1310.507
14077,1310.510
14078,1310.513
14079,1310.516
14080,1310.519
14081,1310.522
14082,1310.525
14083,1310.529
14084,1310.532
14085,1310.535
14086,1310.538
14087,1310.541
14088,1310.545
14089,1310.548
14090,1310.551
14091,1310.555
14092,1310.559
14093,1310.581
14094,1310.631
14095,1310.796
14096,1310.801
14097,1310.804
14098,1310.808
14099,1310.976
14100,1310.980
14101,1310.985
14102,1310.988
14103,1311.162
14104,1311.166
14105,1311.170
14106,1311.174
14107,1311.338
14108,1311.342
14109,1311.346
14110,1311.350
14111,1311.521
14112,1311.526
14113,1311.531
14114,1311.536
14115,1311.749
14116,1311.754
14117,1311.759
14118,1311.765
14119,1311.969
14120,1311.974
14121,1311.980
14122,1311.984
14123,1312.195
14124,1312.200
14125,1312.206
14126,1312.211
14127,1312.402
14128,1312.406
14129,1312.410
14130,1312.414
14131,1312.589
14132,1312.593
14133,1312.597
14134,1312.601
14135,1312.775
14136,1312.781
14137,1312.785
14138,1312.790
14139,1312.972
14140,1312.979
14141,1312.984
14142,1312.988
14143,1313.158
14144,1313.164
14145,1313.168
14146,1313.172
14147,1313.339
14148,1313.345
14149,1313.349
14150,1313.353
14151,1313.520
14152,1313.527
14153,1313.531
14154,1313.535
14155,1313.705
14156,1313.711
14157,1313.715
14158,1313.719
14159,1313.883
14160,1313.889
14161,1313.893
14162,1313.897
14163,1314.059
14164,1314.065
14165,1314.069
14166,1314.072
14167,1314.230
14168,1314.234
14169,1314.238
14170,1314.241
14171,1314.436
14172,1314.444
14173,1314.449
14174,1314.454
14175,1314.674
14176,1314.679
14177,1314.683
14178,1314.869
14179,1314.873
14180,1314.878
14181,1315.062
14182,1315.066
14183,1315.070
14184,1315.226
14185,1315.230
14186,1315.234
14187,1315.388
14188,1315.392
14189,1315.396
14190,1315.551
14191,1315.555
14192,1315.559
14193,1315.718
14194,1315.722
14195,1315.726
14196,1315.905
14197,1315.958
14198,1315.961
14199,1315.964
14200,1315.968
14201,1315.971
14202,1315.974
14203,1315.978
14204,1315.982
14205,1315.986
14206,1315.990
14207,1315.993
14208,1315.997
14209,1316.001
14210,1316.005
14211,1316.161
14212,1316.165
14213,1316.168
14214,1316.327
14215,1316.331
14216,1316.335
14217,1316.491
14218,1316.495
14219,1316.499
14220,1316.664
14221,1316.668
14222,1316.672
14223,1316.770
14224,1316.819
14225,1316.822
14226,1316.825
14227,1316.827
14228,1316.830
14229,1316.833
14230,1316.836
14231,1316.873
14232,1316.938
14233,1317.128
14234,1317.133
14235,1317.137
14236,1317.141
14237,1317.332
14238,1317.336
14239,1317.341
14240,1317.345
14241,1317.555
14242,1317.559
14243,1317.563
14244,1317.566
14245,1317.728
14246,1317.733
14247,1317.736
14248,1317.740
14249,1317.905
14250,1317.909
14251,1317.913
14252,1317.917
14253,1318.080
14254,1318.084
14255,1318.088
14256,1318.092
14257,1318.188
14258,1318.233
14259,1318.236
14260,1318.238
14261,1318.241
14262,1318.244
14263,1318.267
14264,1318.313
14265,1318.469
14266,1318.473
14267,1318.477
14268,1318.480
14269,1318.637
14270,1318.642
14271,1318.645
14272,1318.649
14273,1318.811
14274,1318.815
14275,1318.819
14276,1318.823
14277,1318.983
14278,1318.987
14279,1318.991
14280,1318.994
14281,1319.098
14282,1319.149
14283,1319.152
14284,1319.155
14285,1319.159
14286,1319.162
14287,1319.165
14288,1319.168
14289,1319.171
14290,1319.174
14291,1319.177
14292,1319.181
14293,1319.184
14294,1319.187
14295,1319.191
14296,1319.194
14297,1319.197
14298,1319.201
14299,1319.204
14300,1319.207
14301,1319.211
14302,1319.214
14303,1319.239
14304,1319.300
14305,1319.500
14306,1319.505
14307,1319.511
14308,1319.516
14309,1319.724
14310,1319.729
14311,1319.734
14312,1319.738
14313,1319.952
14314,1319.957
14315,1319.963
14316,1319.968
14317,1320.148
14318,1320.152
14319,1320.156
14320,1320.159
14321,1320.327
14322,1320.331
14323,1320.335
14324,1320.339
14325,1320.504
14326,1320.508
14327,1320.513
14328,1320.516
14329,1320.693
14330,1320.698
14331,1320.702
14332,1320.706
14333,1320.890
14334,1320.894
14335,1320.898
14336,1320.902
14337,1321.071
14338,1321.075
14339,1321.079
14340,1321.082
14341,1321.243
14342,1321.247
14343,1321.251
14344,1321.254
14345,1321.417
14346,1321.423
14347,1321.427
14348,1321.431
14349,1321.604
14350,1321.611
14351,1321.616
14352,1321.620
14353,1321.789
14354,1321.795
14355,1321.800
14356,1321.803
14357,1321.967
14358,1321.973
14359,1321.978
14360,1321.981
14361,1322.170
14362,1322.179
14363,1322.184
14364,1322.189
14365,1322.385
14366,1322.393
14367,1322.398
14368,1322.402
14369,1322.599
14370,1322.607
14371,1322.611
14372,1322.616
14373,1322.815
14374,1322.821
14375,1322.825
14376,1322.829
14377,1322.997
14378,1323.003
14379,1323.007
14380,1323.010
14381,1323.182
14382,1323.189
14383,1323.193
14384,1323.197
14385,1323.358
14386,1323.362
14387,1323.366
14388,1323.539
14389,1323.543
14390,1323.547
14391,1323.711
14392,1323.715
14393,1323.718
14394,1323.874
14395,1323.878
14396,1323.881
14397,1324.040
14398,1324.044
14399,1324.048
14400,1324.213
14401,1324.217
14402,1324.220
14403,1324.375
14404,1324.379
14405,1324.383
14406,1324.564
14407,1324.615
14408,1324.619
14409,1324.623
14410,1324.626
14411,1324.629
14412,1324.633
14413,1324.636
14414,1324.640
14415,1324.643
14416,1324.647
14417,1324.650
14418,1324.653
14419,1324.657
14420,1324.660
14421,1324.853
14422,1324.858
14423,1324.863
14424,1325.053
14425,1325.058
14426,1325.062
14427,1325.252
14428,1325.257
14429,1325.261
14430,1325.453
14431,1325.456
14432,1325.460
14433,1325.558
14434,1325.601
14435,1325.604
14436,1325.607
14437,1325.610
14438,1325.613
14439,1325.615
14440,1325.618
14441,1325.640
14442,1325.684
14443,1325.843
14444,1325.847
14445,1325.851
14446,1325.854
14447,1326.013
14448,1326.017
14449,1326.020
14450,1326.024
14451,1326.183
14452,1326.187
14453,1326.191
14454,1326.194
14455,1326.350
14456,1326.353
14457,1326.357
14458,1326.360
14459,1326.521
14460,1326.525
14461,1326.529
14462,1326.532
14463,1326.692
14464,1326.696
14465,1326.700
14466,1326.704
14467,1326.798
14468,1326.845
14469,1326.848
14470,1326.850
14471,1326.853
14472,1326.856
14473,1326.880
14474,1326.925
14475,1327.087
14476,1327.091
14477,1327.094
14478,1327.099
14479,1327.298
14480,1327.303
14481,1327.309
14482,1327.313
14483,1327.503
14484,1327.509
14485,1327.514
14486,1327.519
14487,1327.717
14488,1327.722
14489,1327.727
14490,1327.733
14491,1327.858
14492,1327.908
14493,1327.912
14494,1327.915
14495,1327.917
14496,1327.920
14497,1327.923
14498,1327.926
14499,1327.929
14500,1327.932
14501,1327.935
14502,1327.938
14503,1327.941
14504,1327.944
14505,1327.947
14506,1327.951
14507,1327.954
14508,1327.957
14509,1327.960
14510,1327.963
14511,1327.966
14512,1327.969
14513,1327.991
14514,1328.036
14515,1328.202
14516,1328.206
14517,1328.210
14518,1328.214
14519,1328.380
14520,1328.384
14521,1328.388
14522,1328.391
14523,1328.564
14524,1328.568
14525,1328.572
14526,1328.576
14527,1328.740
14528,1328.744
14529,1328.748
14530,1328.752
14531,1328.914
14532,1328.918
14533,1328.922
14534,1328.926
14535,1329.092
14536,1329.096
14537,1329.100
14538,1329.104
14539,1329.272
14540,1329.276
14541,1329.280
14542,1329.284
14543,1329.454
14544,1329.458
14545,1329.462
14546,1329.467
14547,1329.631
14548,1329.635
14549,1329.639
14550,1329.642
14551,1329.850
14552,1329.855
14553,1329.860
14554,1329.865
14555,1330.071
14556,1330.080
14557,1330.084
14558,1330.090
14559,1330.314
14560,1330.323
14561,1330.328
14562,1330.333
14563,1330.536
14564,1330.542
14565,1330.546
14566,1330.549
14567,1330.723
14568,1330.729
14569,1330.733
14570,1330.736
14571,1330.905
14572,1330.911
14573,1330.915
14574,1330.919
14575,1331.091
14576,1331.098
14577,1331.102
14578,1331.106
14579,1331.270
14580,1331.276
14581,1331.280
14582,1331.284
14583,1331.445
14584,1331.451
14585,1331.455
14586,1331.458
14587,1331.621
14588,1331.627
14589,1331.631
14590,1331.634
14591,1331.796
14592,1331.803
14593,1331.806
14594,1331.810
14595,1331.967
14596,1331.971
14597,1331.975
14598,1332.131
14599,1332.135
14600,1332.139
14601,1332.294
14602,1332.298
14603,1332.301
14604,1332.469
14605,1332.474
14606,1332.479
14607,1332.671
14608,1332.677
14609,1332.681
14610,1332.868
14611,1332.873
14612,1332.877
14613,1333.066
14614,1333.071
14615,1333.076
14616,1333.189
14617,1333.193
14618,1333.196
14619,1333.198
14620,1333.272
14621,1333.322
14622,1333.503
14623,1333.507
14624,1333.513
14625,1333.517
14626,1333.609
14627,1333.674
14628,1333.718
14629,1333.722
14630,1333.837
14631,1333.842
14632,1333.846
14633,1333.942
14634,1333.946
14635,1333.949
14636,1333.955
14637,1333.967
14638,1333.976
14639,1333.979
14640,1334.077
14641,1334.080
14642,1334.084
14643,1334.146
14644,1334.149
14645,1334.151
14646,1334.186
14647,1334.190
14648,1334.193
14649,1334.196
14650,1334.198
14651,1334.205
14652,1334.207
14653,1334.210
14654,1334.212
14655,1334.218
14656,1334.221
14657,1334.224
14658,1334.226
14659,1334.261
14660,1334.264
14661,1334.268
14662,1334.270
14663,1334.273
14664,1334.278
14665,1334.281
14666,1334.289
14667,1334.291
14668,1334.296
14669,1334.298
14670,1334.334
14671,1334.338
14672,1334.345
14673,1334.348
14674,1334.385
14675,1334.389
14676,1334.392
14677,1334.455
14678,1334.476
14679,1334.481
14680,1334.532
14681,1334.539
14682,1334.588
14683,1334.591
14684,1334.594
14685,1334.604
14686,1334.607
14687,1334.611
14688,1334.616
14689,1334.619
14690,1334.623
14691,1334.626
14692,1334.629
14693,1334.633
14694,1334.637
14695,1334.644
14696,1334.647
14697,1334.651
14698,1334.658
14699,1334.661
14700,1334.667
14701,1334.671
14702,1334.674
14703,1334.681
14704,1334.684
14705,1334.703
14706,1334.706
14707,1334.710
14708,1334.715
14709,1334.718
14710,1334.725
14711,1334.734
14712,1334.737
14713,1334.775
14714,1334.778
14715,1334.787
14716,1334.794
14717,1334.797
14718,1334.842
14719,1334.862
14720,1334.876
14721,1334.884
14722,1334.887
14723,1335.349
14724,1335.352
14725,1336.197
14726,1336.202
14727,1336.205
14728,1336.594
14729,1336.679
14730,1336.701
14731,1336.714
14732,1336.737
14733,1336.741
14734,1336.752
14735,1336.774
14736,1337.680
14737,1337.685
14738,1337.690
14739,1338.096
14740,1338.182
14741,1338.204
14742,1338.349
14743,1338.353
14744,1338.502
14745,1338.506
14746,1338.607
14747,1338.664
14748,1338.668
14749,1338.696
14750,1338.751
14751,1338.790
14752,1338.794
14753,1338.797
14754,1338.830
14755,1338.833
14756,1338.835
14757,1338.838
14758,1338.841
14759,1338.844
14760,1338.846
14761,1338.922
14762,1338.926
14763,1338.929
14764,1338.986
14765,1338.999
14766,1339.002
14767,1339.011
14768,1339.024
14769,1339.026
14770,1339.064
14771,1339.078
14772,1339.081
14773,1339.112
14774,1339.171
14775,1339.175
14776,1339.205
14777,1339.264
14778,1339.308
14779,1339.394
14780,1339.450
14781,1339.455
14782,1339.459
14783,1339.468
14784,1339.471
14785,1339.474
14786,1339.477
14787,1339.569
14788,1339.573
14789,1339.577
14790,1339.644
14791,1339.664
14792,1339.668
14793,1339.695
14794,1339.715
14795,1339.719
14796,1339.732
14797,1339.753
14798,1339.757
14799,1339.772
14800,1339.792
14801,1339.795
14802,1339.804
14803,1339.817
14804,1339.820
14805,1339.861
14806,1339.875
14807,1339.878
14808,1339.918
14809,1339.931
14810,1339.934
14811,1339.973
14812,1339.977
14813,1339.980
14814,1339.983
14815,1340.017
14816,1340.020
14817,1340.023
14818,1340.025
14819,1340.028
14820,1340.031
14821,1340.033
14822,1340.065
14823,1340.069
14824,1340.072
14825,1340.075
14826,1340.078
14827,1340.163
14828,1340.166
14829,1340.169
14830,1340.172
14831,1340.175
14832,1340.177
14833,1340.180
14834,1340.236
14835,1340.239
14836,1340.241
14837,1340.244
14838,1340.278
14839,1340.281
14840,1340.284
14841,1340.287
14842,1340.290
14843,1340.292
14844,1340.295
14845,1340.377
14846,1340.381
14847,1340.384
14848,1340.386
14849,1340.389
14850,1340.392
14851,1340.394
14852,1340.476
14853,1340.480
14854,1340.483
14855,1340.486
14856,1340.489
14857,1340.520
14858,1340.524
14859,1340.527
14860,1340.529
14861,1340.532
14862,1340.564
14863,1340.567
14864,1340.570
14865,1340.572
14866,1340.575
14867,1340.577
14868,1340.592
14869,1340.595
14870,1340.597
14871,1340.600
14872,1340.604
14873,1340.616
14874,1340.619
14875,1340.623
14876,1340.625
14877,1340.635
14878,1340.637
14879,1340.640
14880,1340.642
14881,1340.644
14882,1340.711
14883,1340.837
14884,1340.840
14885,1340.843
14886,1340.845
14887,1340.848
14888,1340.921
14889,1340.924
14890,1340.927
14891,1341.014
14892,1341.018
14893,1341.022
14894,1341.104
14895,1341.107
14896,1341.110
14897,1341.112
14898,1341.115
14899,1341.118
14900,1341.150
14901,1341.153
14902,1341.156
14903,1341.158
14904,1341.200
14905,1341.204
14906,1341.207
14907,1341.211
14908,1341.217
14909,1341.228
14910,1341.272
14911,1341.276
14912,1341.280
14913,1341.329
14914,1341.333
14915,1341.337
14916,1341.340
14917,1341.343
14918,1341.347
14919,1341.350
14920,1341.443
14921,1341.447
14922,1341.450
14923,1341.506
14924,1341.526
14925,1341.530
14926,1341.546
14927,1341.565
14928,1341.568
14929,1341.622
14930,1341.644
14931,1341.648
14932,1341.694
14933,1341.697
14934,1341.700
14935,1341.703
14936,1341.706
14937,1341.775
14938,1341.904
14939,1341.908
14940,1341.911
14941,1341.914
14942,1341.917
14943,1342.005
14944,1342.010
14945,1342.013
14946,1342.084
14947,1342.088
14948,1342.091
14949,1342.116
14950,1342.120
14951,1342.122
14952,1342.125
14953,1342.128
14954,1342.131
14955,1342.134
14956,1342.159
14957,1342.162
14958,1342.165
14959,1342.170
14960,1342.183
14961,1342.185
14962,1342.195
14963,1342.208
14964,1342.210
14965,1342.238
14966,1342.251
14967,1342.254
14968,1342.280
14969,1342.283
14970,1342.286
14971,1342.289
14972,1342.291
14973,1342.358
14974,1342.477
14975,1342.480
14976,1342.483
14977,1342.486
14978,1342.579
14979,1342.583
14980,1342.587
14981,1342.677
14982,1342.731
14983,1342.818
14984,1342.824
14985,1342.828
14986,1342.917
14987,1342.922
14988,1342.927
14989,1343.011
14990,1343.015
14991,1343.019
14992,1343.104
14993,1343.108
14994,1343.112
14995,1343.197
14996,1343.201
14997,1343.205
14998,1343.312
14999,1343.317
15000,1343.321
15001,1343.531
15002,1343.535
15003,1343.643
15004,1343.648
15005,1343.731
15006,1343.753
15007,1343.756
15008,1343.797
15009,1343.970
15010,1343.975
15011,1343.978
15012,1343.980
15013,1344.085
15014,1344.088
15015,1344.091
15016,1344.093
15017,1344.118
15018,1344.180
15019,1344.194
15020,1344.197
15021,1344.268
15022,1344.272
15023,1344.274
15024,1344.371
15025,1344.374
15026,1344.377
15027,1344.380
15028,1344.405
15029,1344.466
15030,1344.480
15031,1344.483
15032,1344.546
15033,1344.549
15034,1344.610
15035,1344.623
15036,1344.626
15037,1344.655
15038,1344.717
15039,1344.730
15040,1344.733
15041,1344.792
15042,1344.885
15043,1344.888
15044,1344.892
15045,1344.895
15046,1344.897
15047,1345.044
15048,1345.048
15049,1345.053
15050,1345.057
15051,1345.136
15052,1345.149
15053,1345.219
15054,1345.233
15055,1345.303
15056,1345.319
15057,1345.382
15058,1345.392
15059,1345.397
15060,1345.403
15061,1345.519
15062,1345.524
15063,1345.529
15064,1345.534
15065,1345.647
15066,1345.663
15067,1345.787
15068,1345.791
15069,1345.794
15070,1345.912
15071,1345.984
15072,1346.020
15073,1346.100
15074,1346.125
15075,1346.129
15076,1346.143
15077,1346.147
15078,1346.151
15079,1346.155
15080,1346.277
15081,1346.292
15082,1346.303
15083,1346.306
15084,1346.506
15085,1346.566
15086,1346.570
15087,1346.574
15088,1346.578
15089,1346.582
15090,1346.587
15091,1346.591
15092,1346.595
15093,1346.600
15094,1346.604
15095,1346.608
15096,1346.612
15097,1346.616
15098,1346.620
15099,1346.792
15100,1346.796
15101,1346.800
15102,1346.975
15103,1346.979
15104,1346.982
15105,1347.164
15106,1347.169
15107,1347.173
15108,1347.357
15109,1347.361
15110,1347.365
15111,1347.472
15112,1347.519
15113,1347.522
15114,1347.525
15115,1347.529
15116,1347.532
15117,1347.535
15118,1347.538
15119,1347.562
15120,1347.611
15121,1347.788
15122,1347.792
15123,1347.796
15124,1347.799
15125,1347.973
15126,1347.978
15127,1347.983
15128,1347.988
15129,1348.205
15130,1348.210
15131,1348.215
15132,1348.220
15133,1348.428
15134,1348.433
15135,1348.438
15136,1348.443
15137,1348.663
15138,1348.669
15139,1348.674
15140,1348.679
15141,1348.871
15142,1348.875
15143,1348.879
15144,1348.882
15145,1348.985
15146,1349.028
15147,1349.031
15148,1349.034
15149,1349.037
15150,1349.039
15151,1349.061
15152,1349.107
15153,1349.282
15154,1349.286
15155,1349.290
15156,1349.293
15157,1349.468
15158,1349.472
15159,1349.476
15160,1349.479
15161,1349.657
15162,1349.661
15163,1349.665
15164,1349.668
15165,1349.856
15166,1349.861
15167,1349.866
15168,1349.871
15169,1350.007
15170,1350.069
15171,1350.074
15172,1350.078
15173,1350.082
15174,1350.086
15175,1350.090
15176,1350.093
15177,1350.097
15178,1350.101
15179,1350.104
15180,1350.108
15181,1350.111
15182,1350.114
15183,1350.117
15184,1350.121
15185,1350.124
15186,1350.127
15187,1350.131
15188,1350.134
15189,1350.137
15190,1350.141
15191,1350.164
15192,1350.212
15193,1350.392
15194,1350.397
15195,1350.400
15196,1350.404
15197,1350.616
15198,1350.621
15199,1350.626
15200,1350.631
15201,1350.861
15202,1350.866
15203,1350.871
15204,1350.876
15205,1351.088
15206,1351.093
15207,1351.098
15208,1351.103
15209,1351.311
15210,1351.316
15211,1351.320
15212,1351.323
15213,1351.504
15214,1351.510
15215,1351.514
15216,1351.518
15217,1351.697
15218,1351.703
15219,1351.706
15220,1351.710
15221,1351.897
15222,1351.903
15223,1351.907
15224,1351.910
15225,1352.086
15226,1352.092
15227,1352.095
15228,1352.099
15229,1352.275
15230,1352.281
15231,1352.285
15232,1352.288
15233,1352.463
15234,1352.470
15235,1352.474
15236,1352.477
15237,1352.663
15238,1352.670
15239,1352.674
15240,1352.678
15241,1352.857
15242,1352.863
15243,1352.867
15244,1352.871
15245,1353.051
15246,1353.057
15247,1353.061
15248,1353.065
15249,1353.242
15250,1353.250
15251,1353.256
15252,1353.261
15253,1353.479
15254,1353.489
15255,1353.494
15256,1353.499
15257,1353.709
15258,1353.718
15259,1353.722
15260,1353.728
15261,1353.938
15262,1353.948
15263,1353.952
15264,1353.957
15265,1354.144
15266,1354.150
15267,1354.154
15268,1354.157
15269,1354.332
15270,1354.338
15271,1354.342
15272,1354.345
15273,1354.517
15274,1354.521
15275,1354.525
15276,1354.702
15277,1354.706
15278,1354.710
15279,1354.882
15280,1354.886
15281,1354.889
15282,1355.060
15283,1355.063
15284,1355.067
15285,1355.236
15286,1355.240
15287,1355.244
15288,1355.415
15289,1355.419
15290,1355.423
15291,1355.591
15292,1355.595
15293,1355.599
15294,1355.797
15295,1355.845
15296,1355.849
15297,1355.853
15298,1355.856
15299,1355.860
15300,1355.863
15301,1355.867
15302,1355.870
15303,1355.874
15304,1355.877
15305,1355.881
15306,1355.885
15307,1355.888
15308,1355.892
15309,1356.101
15310,1356.106
15311,1356.110
15312,1356.331
15313,1356.335
15314,1356.341
15315,1356.558
15316,1356.563
15317,1356.568
15318,1356.789
15319,1356.793
15320,1356.797
15321,1356.905
15322,1356.952
15323,1356.956
15324,1356.959
15325,1356.962
15326,1356.965
15327,1356.968
15328,1356.971
15329,1356.995
15330,1357.039
15331,1357.236
15332,1357.240
15333,1357.244
15334,1357.248
15335,1357.449
15336,1357.454
15337,1357.458
15338,1357.461
15339,1357.665
15340,1357.669
15341,1357.673
15342,1357.676
15343,1357.873
15344,1357.877
15345,1357.880
15346,1357.884
15347,1358.086
15348,1358.091
15349,1358.095
15350,1358.099
15351,1358.304
15352,1358.308
15353,1358.312
15354,1358.316
15355,1358.422
15356,1358.468
15357,1358.471
15358,1358.474
15359,1358.477
15360,1358.480
15361,1358.502
15362,1358.551
15363,1358.780
15364,1358.786
15365,1358.792
15366,1358.797
15367,1359.030
15368,1359.035
15369,1359.040
15370,1359.044
15371,1359.276
15372,1359.281
15373,1359.285
15374,1359.290
15375,1359.510
15376,1359.514
15377,1359.518
15378,1359.521
15379,1359.630
15380,1359.680
15381,1359.684
15382,1359.687
15383,1359.690
15384,1359.693
15385,1359.695
15386,1359.699
15387,1359.701
15388,1359.704
15389,1359.708
15390,1359.711
15391,1359.715
15392,1359.720
15393,1359.726
15394,1359.733
15395,1359.738
15396,1359.742
15397,1359.745
15398,1359.749
15399,1359.753
15400,1359.757
15401,1359.784
15402,1359.835
15403,1360.045
15404,1360.051
15405,1360.055
15406,1360.059
15407,1360.280
15408,1360.287
15409,1360.291
15410,1360.295
15411,1360.517
15412,1360.524
15413,1360.528
15414,1360.532
15415,1360.741
15416,1360.748
15417,1360.752
15418,1360.756
15419,1360.980
15420,1360.990
15421,1360.994
15422,1360.999
15423,1361.239
15424,1361.246
15425,1361.250
15426,1361.254
15427,1361.463
15428,1361.474
15429,1361.479
15430,1361.484
15431,1361.752
15432,1361.762
15433,1361.768
15434,1361.773
15435,1362.034
15436,1362.044
15437,1362.049
15438,1362.055
15439,1362.317
15440,1362.325
15441,1362.330
15442,1362.335
15443,1362.557
15444,1362.563
15445,1362.568
15446,1362.572
15447,1362.801
15448,1362.808
15449,1362.813
15450,1362.818
15451,1363.045
15452,1363.052
15453,1363.056
15454,1363.061
15455,1363.291
15456,1363.298
15457,1363.302
15458,1363.306
15459,1363.533
15460,1363.540
15461,1363.545
15462,1363.548
15463,1363.777
15464,1363.784
15465,1363.789
15466,1363.793
15467,1364.024
15468,1364.031
15469,1364.050
15470,1364.051
15471,1364.278
15472,1364.285
15473,1364.289
15474,1364.294
15475,1364.530
15476,1364.537
15477,1364.541
15478,1364.545
15479,1364.806
15480,1364.815
15481,1364.821
15482,1364.826
15483,1365.065
15484,1365.069
15485,1365.074
15486,1365.310
15487,1365.315
15488,1365.320
15489,1365.549
15490,1365.553
15491,1365.556
15492,1365.757
15493,1365.762
15494,1365.765
15495,1365.972
15496,1365.976
15497,1365.980
15498,1366.195
15499,1366.200
15500,1366.204
15501,1366.410
15502,1366.414
15503,1366.417
15504,1366.630
15505,1366.634
15506,1366.638
15507,1366.739
15508,1366.787
15509,1366.883
15510,1366.887
15511,1366.891
15512,1366.978
15513,1367.038
15514,1367.112
15515,1367.160
15516,1367.184
15517,1367.264
15518,1367.275
15519,1367.278
15520,1367.336
15521,1367.340
15522,1367.344
15523,1367.347
15524,1367.456
15525,1367.460
15526,1367.464
15527,1367.468
15528,1367.589
15529,1367.675
15530,1367.769
15531,1367.840
15532,1367.869
15533,1367.948
15534,1367.962
15535,1367.965
15536,1368.005
15537,1368.009
15538,1368.012
15539,1368.014
15540,1368.103
15541,1368.106
15542,1368.109
15543,1368.112
15544,1368.236
15545,1368.294
15546,1368.383
15547,1368.433
15548,1368.458
15549,1368.538
15550,1368.552
15551,1368.555
15552,1368.596
15553,1368.600
15554,1368.603
15555,1368.606
15556,1368.698
15557,1368.702
15558,1368.705
15559,1368.708
15560,1368.786
15561,1368.807
15562,1368.811
15563,1368.814
15564,1368.817
15565,1368.821
15566,1368.824
15567,1368.827
15568,1368.891
15569,1368.973
15570,1368.993
15571,1368.996
15572,1368.999
15573,1369.002
15574,1369.005
15575,1369.008
15576,1369.019
15577,1369.039
15578,1369.259
15579,1369.264
15580,1369.268
15581,1369.272
15582,1369.276
15583,1369.519
15584,1369.524
15585,1369.529
15586,1369.534
15587,1369.539
15588,1369.813
15589,1369.818
15590,1369.823
15591,1369.828
15592,1369.834
15593,1370.086
15594,1370.091
15595,1370.097
15596,1370.102
15597,1370.107
15598,1370.338
15599,1370.342
15600,1370.346
15601,1370.350
15602,1370.354
15603,1370.568
15604,1370.573
15605,1370.579
15606,1370.584
15607,1370.680
15608,1370.699
15609,1370.702
15610,1370.713
15611,1370.731
15612,1370.957
15613,1370.961
15614,1370.965
15615,1370.970
15616,1370.974
15617,1371.067
15618,1371.088
15619,1371.092
15620,1371.095
15621,1371.098
15622,1371.101
15623,1371.103
15624,1371.106
15625,1371.109
15626,1371.112
15627,1371.122
15628,1371.142
15629,1371.358
15630,1371.362
15631,1371.366
15632,1371.370
15633,1371.374
15634,1371.593
15635,1371.597
15636,1371.602
15637,1371.606
15638,1371.610
15639,1371.829
15640,1371.833
15641,1371.837
15642,1371.841
15643,1371.845
15644,1372.069
15645,1372.074
15646,1372.078
15647,1372.082
15648,1372.086
15649,1372.306
15650,1372.310
15651,1372.315
15652,1372.320
15653,1372.326
15654,1372.589
15655,1372.594
15656,1372.599
15657,1372.605
15658,1372.611
15659,1372.870
15660,1372.875
15661,1372.880
15662,1372.885
15663,1372.890
15664,1373.152
15665,1373.157
15666,1373.162
15667,1373.166
15668,1373.170
15669,1373.261
15670,1373.280
15671,1373.283
15672,1373.293
15673,1373.311
15674,1373.527
15675,1373.531
15676,1373.535
15677,1373.539
15678,1373.542
15679,1373.633
15680,1373.653
15681,1373.656
15682,1373.666
15683,1373.684
15684,1373.900
15685,1373.904
15686,1373.908
15687,1373.912
15688,1373.916
15689,1374.004
15690,1374.022
15691,1374.025
15692,1374.035
15693,1374.052
15694,1374.264
15695,1374.268
15696,1374.272
15697,1374.276
15698,1374.280
15699,1374.490
15700,1374.542
15701,1374.546
15702,1374.549
15703,1374.553
15704,1374.556
15705,1374.560
15706,1374.565
15707,1374.569
15708,1374.573
15709,1374.577
15710,1374.581
15711,1374.585
15712,1374.589
15713,1374.593
15714,1374.767
15715,1374.771
15716,1374.775
15717,1374.949
15718,1374.953
15719,1374.957
15720,1375.150
15721,1375.155
15722,1375.160
15723,1375.371
15724,1375.375
15725,1375.380
15726,1375.512
15727,1375.577
15728,1375.581
15729,1375.585
15730,1375.589
15731,1375.593
15732,1375.597
15733,1375.601
15734,1375.636
15735,1375.691
15736,1375.873
15737,1375.877
15738,1375.880
15739,1375.884
15740,1376.063
15741,1376.067
15742,1376.071
15743,1376.074
15744,1376.258
15745,1376.262
15746,1376.266
15747,1376.270
15748,1376.451
15749,1376.455
15750,1376.459
15751,1376.463
15752,1376.655
15753,1376.660
15754,1376.664
15755,1376.668
15756,1376.855
15757,1376.859
15758,1376.864
15759,1376.867
15760,1376.971
15761,1377.016
15762,1377.019
15763,1377.022
15764,1377.025
15765,1377.028
15766,1377.052
15767,1377.099
15768,1377.292
15769,1377.296
15770,1377.300
15771,1377.303
15772,1377.482
15773,1377.486
15774,1377.490
15775,1377.494
15776,1377.675
15777,1377.680
15778,1377.685
15779,1377.689
15780,1377.903
15781,1377.907
15782,1377.911
15783,1377.916
15784,1378.048
15785,1378.116
15786,1378.120
15787,1378.124
15788,1378.128
15789,1378.132
15790,1378.136
15791,1378.141
15792,1378.146
15793,1378.150
15794,1378.154
15795,1378.159
15796,1378.163
15797,1378.167
15798,1378.172
15799,1378.176
15800,1378.180
15801,1378.184
15802,1378.189
15803,1378.193
15804,1378.198
15805,1378.203
15806,1378.236
15807,1378.286
15808,1378.470
15809,1378.474
15810,1378.478
15811,1378.482
15812,1378.666
15813,1378.671
15814,1378.675
15815,1378.679
15816,1378.881
15817,1378.886
15818,1378.891
15819,1378.895
15820,1379.088
15821,1379.092
15822,1379.096
15823,1379.100
15824,1379.284
15825,1379.288
15826,1379.292
15827,1379.295
15828,1379.483
15829,1379.489
15830,1379.493
15831,1379.497
15832,1379.694
15833,1379.700
15834,1379.704
15835,1379.708
15836,1379.924
15837,1379.931
15838,1379.935
15839,1379.939
15840,1380.143
15841,1380.149
15842,1380.152
15843,1380.156
15844,1380.343
15845,1380.348
15846,1380.352
15847,1380.355
15848,1380.582
15849,1380.591
15850,1380.596
15851,1380.602
15852,1380.832
15853,1380.841
15854,1380.846
15855,1380.851
15856,1381.071
15857,1381.080
15858,1381.085
15859,1381.090
15860,1381.301
15861,1381.307
15862,1381.311
15863,1381.315
15864,1381.507
15865,1381.513
15866,1381.517
15867,1381.521
15868,1381.709
15869,1381.715
15870,1381.719
15871,1381.723
15872,1381.910
15873,1381.916
15874,1381.920
15875,1381.924
15876,1382.105
15877,1382.111
15878,1382.115
15879,1382.118
15880,1382.296
15881,1382.302
15882,1382.305
15883,1382.309
15884,1382.488
15885,1382.494
15886,1382.498
15887,1382.502
15888,1382.685
15889,1382.689
15890,1382.693
15891,1382.870
15892,1382.874
15893,1382.878
15894,1383.054
15895,1383.058
15896,1383.062
15897,1383.244
15898,1383.249
15899,1383.253
15900,1383.468
15901,1383.473
15902,1383.478
15903,1383.690
15904,1383.695
15905,1383.700
15906,1383.915
15907,1383.920
15908,1383.925
15909,1384.153
15910,1384.220
15911,1384.224
15912,1384.228
15913,1384.232
15914,1384.236
15915,1384.239
15916,1384.245
15917,1384.250
15918,1384.255
15919,1384.259
15920,1384.264
15921,1384.268
15922,1384.272
15923,1384.276
15924,1384.903
15925,1384.908
15926,1384.914
15927,1385.032
15928,1385.036
15929,1385.039
15930,1385.042
15931,1385.045
15932,1385.048
15933,1385.051
15934,1385.055
15935,1385.173
15936,1385.231
15937,1385.235
15938,1385.340
15939,1385.398
15940,1385.401
15941,1385.515
15942,1385.575
15943,1385.928
15944,1385.933
15945,1386.104
15946,1386.108
15947,1386.802
15948,1386.808
15949,1386.812
15950,1387.444
15951,1387.451
15952,1387.457
15953,1387.589
15954,1387.667
15955,1387.672
15956,1387.676
15957,1387.680
15958,1387.684
15959,1387.687
15960,1387.690
15961,1387.720
15962,1387.781
15963,1388.404
15964,1388.409
15965,1388.414
15966,1388.419
15967,1389.152
15968,1389.158
15969,1389.165
15970,1389.170
15971,1389.850
15972,1389.855
15973,1389.861
15974,1389.865
15975,1390.500
15976,1390.506
15977,1390.511
15978,1390.516
15979,1391.163
15980,1391.171
15981,1391.177
15982,1391.182
15983,1391.829
15984,1391.836
15985,1391.842
15986,1391.848
15987,1391.991
15988,1392.073
15989,1392.077
15990,1392.081
15991,1392.085
15992,1392.089
15993,1392.130
15994,1392.215
15995,1392.895
15996,1392.900
15997,1392.906
15998,1392.911
15999,1393.551
16000,1393.556
16001,1393.562
16002,1393.566
16003,1394.200
16004,1394.205
16005,1394.211
16006,1394.215
16007,1394.860
16008,1394.866
16009,1394.873
16010,1394.880
16011,1395.034
16012,1395.131
16013,1395.136
16014,1395.140
16015,1395.145
16016,1395.149
16017,1395.154
16018,1395.159
16019,1395.163
16020,1395.167
16021,1395.172
16022,1395.176
16023,1395.181
16024,1395.186
16025,1395.191
16026,1395.196
16027,1395.201
16028,1395.207
16029,1395.212
16030,1395.217
16031,1395.222
16032,1395.227
16033,1395.273
16034,1395.362
16035,1396.015
16036,1396.021
16037,1396.027
16038,1396.032
16039,1396.692
16040,1396.697
16041,1396.703
16042,1396.709
16043,1397.390
16044,1397.399
16045,1397.405
16046,1397.410
16047,1398.097
16048,1398.104
16049,1398.110
16050,1398.116
16051,1398.874
16052,1398.880
16053,1398.885
16054,1398.890
16055,1399.573
16056,1399.581
16057,1399.586
16058,1399.592
16059,1400.302
16060,1400.310
16061,1400.316
16062,1400.321
16063,1401.032
16064,1401.040
16065,1401.046
16066,1401.051
16067,1401.785
16068,1401.795
16069,1401.801
16070,1401.807
16071,1402.563
16072,1402.571
16073,1402.577
16074,1402.582
16075,1403.244
16076,1403.252
16077,1403.259
16078,1403.264
16079,1403.930
16080,1403.939
16081,1403.945
16082,1403.950
16083,1404.610
16084,1404.617
16085,1404.623
16086,1404.628
16087,1405.368
16088,1405.379
16089,1405.385
16090,1405.392
16091,1406.095
16092,1406.103
16093,1406.108
16094,1406.113
16095,1406.768
16096,1406.776
16097,1406.781
16098,1406.786
16099,1407.427
16100,1407.434
16101,1407.440
16102,1407.445
16103,1408.095
16104,1408.102
16105,1408.107
16106,1408.112
16107,1408.858
16108,1408.868
16109,1408.874
16110,1408.880
16111,1409.607
16112,1409.615
16113,1409.620
16114,1409.626
16115,1410.300
16116,1410.305
16117,1410.310
16118,1410.958
16119,1410.964
16120,1410.971
16121,1411.611
16122,1411.617
16123,1411.623
16124,1412.351
16125,1412.358
16126,1412.364
16127,1413.121
16128,1413.126
16129,1413.132
16130,1413.801
16131,1413.807
16132,1413.812
16133,1414.453
16134,1414.459
16135,1414.465
16136,1414.567
16137,1414.592
16138,1414.595
16139,1414.599
16140,1414.602
16141,1414.605
16142,1414.608
16143,1414.611
16144,1414.681
16145,1414.767
16146,1414.790
16147,1414.794
16148,1414.797
16149,1414.800
16150,1414.803
16151,1414.806
16152,1414.817
16153,1414.837
16154,1415.069
16155,1415.073
16156,1415.077
16157,1415.081
16158,1415.085
16159,1415.312
16160,1415.316
16161,1415.320
16162,1415.326
16163,1415.332
16164,1415.624
16165,1415.629
16166,1415.635
16167,1415.641
16168,1415.647
16169,1415.910
16170,1415.915
16171,1415.920
16172,1415.925
16173,1415.930
16174,1416.191
16175,1416.196
16176,1416.201
16177,1416.206
16178,1416.211
16179,1416.444
16180,1416.448
16181,1416.452
16182,1416.456
16183,1416.550
16184,1416.569
16185,1416.572
16186,1416.582
16187,1416.601
16188,1416.833
16189,1416.838
16190,1416.843
16191,1416.847
16192,1416.851
16193,1416.949
16194,1416.974
16195,1416.978
16196,1416.981
16197,1416.984
16198,1416.987
16199,1416.990
16200,1416.993
16201,1416.997
16202,1417.000
16203,1417.010
16204,1417.030
16205,1417.252
16206,1417.256
16207,1417.260
16208,1417.264
16209,1417.268
16210,1417.498
16211,1417.502
16212,1417.508
16213,1417.511
16214,1417.515
16215,1417.755
16216,1417.759
16217,1417.763
16218,1417.768
16219,1417.773
16220,1418.005
16221,1418.010
16222,1418.014
16223,1418.018
16224,1418.023
16225,1418.265
16226,1418.269
16227,1418.273
16228,1418.278
16229,1418.282
16230,1418.513
16231,1418.517
16232,1418.521
16233,1418.526
16234,1418.530
16235,1418.768
16236,1418.773
16237,1418.779
16238,1418.785
16239,1418.791
16240,1419.082
16241,1419.087
16242,1419.092
16243,1419.097
16244,1419.102
16245,1419.215
16246,1419.241
16247,1419.246
16248,1419.261
16249,1419.287
16250,1419.559
16251,1419.564
16252,1419.568
16253,1419.572
16254,1419.577
16255,1419.678
16256,1419.699
16257,1419.702
16258,1419.713
16259,1419.733
16260,1419.981
16261,1419.986
16262,1419.990
16263,1419.995
16264,1419.999
16265,1420.092
16266,1420.112
16267,1420.115
16268,1420.125
16269,1420.145
16270,1420.374
16271,1420.378
16272,1420.383
16273,1420.386
16274,1420.390
16275,1420.498
16276,1420.501
16277,1420.618
16278,1420.632
16279,1420.636
16280,1420.639
16281,1420.649
16282,1420.652
16283,1420.715
16284,1420.727
16285,1420.758
16286,1420.817
16287,1420.820
16288,1420.823
16289,1420.905
16290,1421.052
16291,1421.112
16292,1421.196
16293,1421.260
16294,1421.263
16295,1421.350
16296,1421.647
16297,1421.717
16298,1421.722
16299,1421.727
16300,1421.732
16301,1421.737
16302,1421.742
16303,1421.751
16304,1421.757
16305,1421.762
16306,1421.768
16307,1421.773
16308,1421.779
16309,1421.785
16310,1421.790
16311,1422.008
16312,1422.013
16313,1422.018
16314,1422.214
16315,1422.218
16316,1422.222
16317,1422.407
16318,1422.411
16319,1422.415
16320,1422.598
16321,1422.602
16322,1422.606
16323,1422.718
16324,1422.769
16325,1422.772
16326,1422.775
16327,1422.779
16328,1422.782
16329,1422.785
16330,1422.788
16331,1422.813
16332,1422.861
16333,1423.050
16334,1423.054
16335,1423.058
16336,1423.062
16337,1423.248
16338,1423.252
16339,1423.256
16340,1423.260
16341,1423.453
16342,1423.458
16343,1423.462
16344,1423.466
16345,1423.650
16346,1423.654
16347,1423.658
16348,1423.662
16349,1423.850
16350,1423.854
16351,1423.858
16352,1423.862
16353,1424.050
16354,1424.054
16355,1424.058
16356,1424.062
16357,1424.168
16358,1424.219
16359,1424.223
16360,1424.228
16361,1424.232
16362,1424.236
16363,1424.269
16364,1424.338
16365,1424.558
16366,1424.563
16367,1424.567
16368,1424.572
16369,1424.791
16370,1424.797
16371,1424.802
16372,1424.806
16373,1425.009
16374,1425.013
16375,1425.016
16376,1425.020
16377,1425.206
16378,1425.210
16379,1425.213
16380,1425.217
16381,1425.329
16382,1425.379
16383,1425.383
16384,1425.386
16385,1425.389
16386,1425.392
16387,1425.395
16388,1425.398
16389,1425.401
16390,1425.404
16391,1425.407
16392,1425.411
16393,1425.414
16394,1425.417
16395,1425.421
16396,1425.424
16397,1425.427
16398,1425.431
16399,1425.434
16400,1425.438
16401,1425.441
16402,1425.445
16403,1425.468
16404,1425.515
16405,1425.698
16406,1425.702
16407,1425.706
16408,1425.710
16409,1425.893
16410,1425.898
16411,1425.901
16412,1425.905
16413,1426.101
16414,1426.105
16415,1426.109
16416,1426.113
16417,1426.301
16418,1426.305
16419,1426.309
16420,1426.313
16421,1426.498
16422,1426.502
16423,1426.506
16424,1426.510
16425,1426.700
16426,1426.706
16427,1426.710
16428,1426.714
16429,1426.900
16430,1426.905
16431,1426.909
16432,1426.914
16433,1427.148
16434,1427.157
16435,1427.162
16436,1427.168
16437,1427.384
16438,1427.393
16439,1427.398
16440,1427.403
16441,1427.633
16442,1427.644
16443,1427.649
16444,1427.655
16445,1427.853
16446,1427.859
16447,1427.863
16448,1427.867
16449,1428.066
16450,1428.073
16451,1428.078
16452,1428.082
16453,1428.276
16454,1428.284
16455,1428.288
16456,1428.292
16457,1428.487
16458,1428.494
16459,1428.499
16460,1428.503
16461,1428.696
16462,1428.703
16463,1428.707
16464,1428.711
16465,1428.903
16466,1428.910
16467,1428.914
16468,1428.918
16469,1429.108
16470,1429.115
16471,1429.119
16472,1429.122
16473,1429.315
16474,1429.322
16475,1429.326
16476,1429.330
16477,1429.521
16478,1429.528
16479,1429.532
16480,1429.536
16481,1429.722
16482,1429.729
16483,1429.733
16484,1429.737
16485,1429.923
16486,1429.928
16487,1429.935
16488,1430.162
16489,1430.168
16490,1430.173
16491,1430.395
16492,1430.400
16493,1430.406
16494,1430.630
16495,1430.635
16496,1430.640
16497,1430.856
16498,1430.860
16499,1430.865
16500,1431.051
16501,1431.056
16502,1431.060
16503,1431.248
16504,1431.252
16505,1431.256
16506,1431.488
16507,1431.542
16508,1431.546
16509,1431.549
16510,1431.552
16511,1431.556
16512,1431.560
16513,1431.564
16514,1431.567
16515,1431.571
16516,1431.575
16517,1431.579
16518,1431.583
16519,1431.586
16520,1431.591
16521,1431.877
16522,1431.882
16523,1431.887
16524,1431.992
16525,1432.039
16526,1432.042
16527,1432.045
16528,1432.345
16529,1432.350
16530,1432.355
16531,1432.665
16532,1432.670
16533,1432.675
16534,1432.786
16535,1432.854
16536,1432.859
16537,1432.865
16538,1432.869
16539,1432.873
16540,1432.878
16541,1432.882
16542,1432.918
16543,1432.987
16544,1433.366
16545,1433.372
16546,1433.378
16547,1433.384
16548,1433.736
16549,1433.741
16550,1433.746
16551,1433.750
16552,1434.089
16553,1434.095
16554,1434.100
16555,1434.105
16556,1434.414
16557,1434.419
16558,1434.424
16559,1434.429
16560,1434.754
16561,1434.761
16562,1434.767
16563,1434.773
16564,1435.076
16565,1435.082
16566,1435.087
16567,1435.091
16568,1435.199
16569,1435.244
16570,1435.247
16571,1435.250
16572,1435.253
16573,1435.256
16574,1435.279
16575,1435.327
16576,1435.630
16577,1435.635
16578,1435.640
16579,1435.645
16580,1435.974
16581,1435.980
16582,1435.986
16583,1435.992
16584,1436.350
16585,1436.356
16586,1436.362
16587,1436.368
16588,1436.727
16589,1436.732
16590,1436.737
16591,1436.742
16592,1436.858
16593,1436.912
16594,1436.915
16595,1436.918
16596,1436.921
16597,1436.925
16598,1436.928
16599,1436.931
16600,1436.934
16601,1436.937
16602,1436.940
16603,1436.943
16604,1436.947
16605,1436.950
16606,1436.953
16607,1436.956
16608,1436.959
16609,1436.963
16610,1436.966
16611,1436.969
16612,1436.973
16613,1436.976
16614,1437.000
16615,1437.051
16616,1437.357
16617,1437.362
16618,1437.367
16619,1437.372
16620,1437.689
16621,1437.694
16622,1437.699
16623,1437.704
16624,1438.039
16625,1438.046
16626,1438.052
16627,1438.057
16628,1438.362
16629,1438.367
16630,1438.372
16631,1438.376
16632,1438.681
16633,1438.686
16634,1438.691
16635,1438.695
16636,1439.026
16637,1439.036
16638,1439.043
16639,1439.048
16640,1439.420
16641,1439.430
16642,1439.437
16643,1439.443
16644,1439.835
16645,1439.843
16646,1439.849
16647,1439.854
16648,1440.212
16649,1440.219
16650,1440.224
16651,1440.228
16652,1440.542
16653,1440.549
16654,1440.554
16655,1440.559
16656,1440.868
16657,1440.875
16658,1440.881
16659,1440.885
16660,1441.227
16661,1441.235
16662,1441.241
16663,1441.247
16664,1441.560
16665,1441.568
16666,1441.573
16667,1441.577
16668,1441.887
16669,1441.894
16670,1441.899
16671,1441.904
16672,1442.212
16673,1442.224
16674,1442.231
16675,1442.237
16676,1442.598
16677,1442.608
16678,1442.614
16679,1442.621
16680,1443.000
16681,1443.012
16682,1443.018
16683,1443.026
16684,1443.355
16685,1443.363
16686,1443.368
16687,1443.373
16688,1443.690
16689,1443.698
16690,1443.702
16691,1443.707
16692,1444.022
16693,1444.030
16694,1444.035
16695,1444.040
16696,1444.348
16697,1444.353
16698,1444.357
16699,1444.658
16700,1444.663
16701,1444.667
16702,1444.962
16703,1444.967
16704,1444.971
16705,1445.280
16706,1445.285
16707,1445.290
16708,1445.604
16709,1445.611
16710,1445.617
16711,1445.980
16712,1445.986
16713,1445.992
16714,1446.353
16715,1446.359
16716,1446.365
16717,1446.599
16718,1446.669
16719,1446.672
16720,1446.676
16721,1446.679
16722,1446.683
16723,1446.686
16724,1446.692
16725,1446.695
16726,1446.699
16727,1446.703
16728,1446.707
16729,1446.711
16730,1446.715
16731,1446.719
16732,1446.907
16733,1446.912
16734,1446.916
16735,1447.106
16736,1447.110
16737,1447.114
16738,1447.307
16739,1447.312
16740,1447.316
16741,1447.509
16742,1447.513
16743,1447.517
16744,1447.634
16745,1447.697
16746,1447.700
16747,1447.704
16748,1447.707
16749,1447.710
16750,1447.713
16751,1447.716
16752,1447.747
16753,1447.807
16754,1448.002
16755,1448.006
16756,1448.010
16757,1448.014
16758,1448.179
16759,1448.183
16760,1448.187
16761,1448.290
16762,1448.377
16763,1448.547
16764,1448.552
16765,1448.556
16766,1448.681
16767,1448.767
16768,1448.986
16769,1448.991
16770,1448.995
16771,1448.998
16772,1449.175
16773,1449.179
16774,1449.183
16775,1449.289
16776,1449.354
16777,1449.556
16778,1449.560
16779,1449.564
16780,1449.568
16781,1449.692
16782,1449.756
16783,1449.759
16784,1449.763
16785,1449.766
16786,1449.769
16787,1449.802
16788,1449.866
16789,1450.073
16790,1450.077
16791,1450.081
16792,1450.085
16793,1450.284
16794,1450.288
16795,1450.292
16796,1450.295
16797,1450.489
16798,1450.494
16799,1450.497
16800,1450.502
16801,1450.692
16802,1450.696
16803,1450.700
16804,1450.704
16805,1450.822
16806,1450.923
16807,1450.927
16808,1450.932
16809,1450.937
16810,1450.942
16811,1450.947
16812,1450.952
16813,1450.956
16814,1450.961
16815,1450.966
16816,1450.970
16817,1450.975
16818,1450.980
16819,1450.984
16820,1450.990
16821,1450.994
16822,1450.999
16823,1451.004
16824,1451.008
16825,1451.013
16826,1451.018
16827,1451.061
16828,1451.153
16829,1451.406
16830,1451.412
16831,1451.419
16832,1451.424
16833,1451.642
16834,1451.647
16835,1451.652
16836,1451.656
16837,1451.874
16838,1451.879
16839,1451.884
16840,1451.888
16841,1452.103
16842,1452.108
16843,1452.113
16844,1452.117
16845,1452.323
16846,1452.327
16847,1452.331
16848,1452.335
16849,1452.543
16850,1452.549
16851,1452.553
16852,1452.557
16853,1452.769
16854,1452.775
16855,1452.779
16856,1452.783
16857,1452.999
16858,1453.006
16859,1453.010
16860,1453.016
16861,1453.224
16862,1453.231
16863,1453.236
16864,1453.240
16865,1453.464
16866,1453.471
16867,1453.476
16868,1453.481
16869,1453.697
16870,1453.708
16871,1453.713
16872,1453.719
16873,1453.973
16874,1453.982
16875,1453.987
16876,1453.993
16877,1454.242
16878,1454.251
16879,1454.256
16880,1454.262
16881,1454.521
16882,1454.528
16883,1454.532
16884,1454.536
16885,1454.744
16886,1454.751
16887,1454.755
16888,1454.759
16889,1454.966
16890,1454.973
16891,1454.977
16892,1454.981
16893,1455.193
16894,1455.199
16895,1455.203
16896,1455.206
16897,1455.407
16898,1455.413
16899,1455.418
16900,1455.421
16901,1455.619
16902,1455.625
16903,1455.629
16904,1455.633
16905,1455.833
16906,1455.839
16907,1455.843
16908,1455.847
16909,1456.046
16910,1456.050
16911,1456.055
16912,1456.252
16913,1456.257
16914,1456.261
16915,1456.461
16916,1456.465
16917,1456.469
16918,1456.678
16919,1456.683
16920,1456.688
16921,1456.929
16922,1456.934
16923,1456.939
16924,1457.176
16925,1457.182
16926,1457.187
16927,1457.424
16928,1457.429
16929,1457.437
16930,1457.895
16931,1457.900
16932,1458.131
16933,1458.300
16934,1458.304
16935,1459.275
16936,1459.281
16937,1459.286
16938,1459.290
16939,1459.294
16940,1459.744
16941,1459.864
16942,1459.981
16943,1460.014
16944,1460.092
16945,1460.123
16946,1460.138
16947,1460.330
16948,1460.334
16949,1460.337
16950,1460.453
16951,1460.483
16952,1460.486
16953,1460.555
16954,1460.585
16955,1460.588
16956,1461.025
16957,1461.029
16958,1461.034
16959,1461.258
16960,1461.287
16961,1461.290
16962,1461.295
16963,1461.381
16964,1461.404
16965,1461.407
16966,1461.472
16967,1461.497
16968,1461.501
16969,1461.704
16970,1461.772
16971,1461.776
16972,1461.779
16973,1461.783
16974,1461.787
16975,1461.791
16976,1461.796
16977,1461.800
16978,1461.804
16979,1461.808
16980,1461.813
16981,1461.817
16982,1461.822
16983,1461.826
16984,1462.072
16985,1462.076
16986,1462.079
16987,1462.328
16988,1462.332
16989,1462.335
16990,1462.627
16991,1462.632
16992,1462.638
16993,1462.929
16994,1462.935
16995,1462.940
16996,1463.088
16997,1463.165
16998,1463.169
16999,1463.172
17000,1463.176
17001,1463.179
17002,1463.182
17003,1463.185
17004,1463.216
17005,1463.277
17006,1463.523
17007,1463.527
17008,1463.531
17009,1463.535
17010,1463.791
17011,1463.795
17012,1463.799
17013,1463.803
17014,1464.052
17015,1464.056
17016,1464.060
17017,1464.064
17018,1464.313
17019,1464.317
17020,1464.321
17021,1464.324
17022,1464.578
17023,1464.582
17024,1464.586
17025,1464.590
17026,1464.841
17027,1464.845
17028,1464.849
17029,1464.854
17030,1464.970
17031,1465.030
17032,1465.033
17033,1465.036
17034,1465.039
17035,1465.042
17036,1465.071
17037,1465.157
17038,1465.446
17039,1465.451
17040,1465.456
17041,1465.461
17042,1465.750
17043,1465.756
17044,1465.761
17045,1465.766
17046,1466.027
17047,1466.031
17048,1466.035
17049,1466.039
17050,1466.285
17051,1466.289
17052,1466.293
17053,1466.297
17054,1466.421
17055,1466.492
17056,1466.495
17057,1466.499
17058,1466.502
17059,1466.505
17060,1466.509
17061,1466.512
17062,1466.515
17063,1466.518
17064,1466.522
17065,1466.525
17066,1466.529
17067,1466.533
17068,1466.536
17069,1466.540
17070,1466.544
17071,1466.549
17072,1466.553
17073,1466.558
17074,1466.562
17075,1466.566
17076,1466.599
17077,1466.661
17078,1466.911
17079,1466.916
17080,1466.920
17081,1466.924
17082,1467.179
17083,1467.184
17084,1467.188
17085,1467.192
17086,1467.454
17087,1467.459
17088,1467.464
17089,1467.468
17090,1467.731
17091,1467.735
17092,1467.740
17093,1467.743
17094,1468.027
17095,1468.032
17096,1468.038
17097,1468.043
17098,1468.357
17099,1468.366
17100,1468.371
17101,1468.376
17102,1468.688
17103,1468.698
17104,1468.703
17105,1468.709
17106,1468.985
17107,1468.991
17108,1468.996
17109,1468.999
17110,1469.260
17111,1469.267
17112,1469.271
17113,1469.275
17114,1469.535
17115,1469.542
17116,1469.546
17117,1469.549
17118,1469.811
17119,1469.817
17120,1469.821
17121,1469.825
17122,1470.094
17123,1470.101
17124,1470.106
17125,1470.110
17126,1470.371
17127,1470.378
17128,1470.382
17129,1470.386
17130,1470.648
17131,1470.655
17132,1470.659
17133,1470.663
17134,1470.924
17135,1470.930
17136,1470.935
17137,1470.939
17138,1471.225
17139,1471.234
17140,1471.239
17141,1471.244
17142,1471.549
17143,1471.558
17144,1471.563
17145,1471.567
17146,1471.873
17147,1471.883
17148,1471.889
17149,1471.893
17150,1472.153
17151,1472.159
17152,1472.162
17153,1472.166
17154,1472.421
17155,1472.427
17156,1472.431
17157,1472.435
17158,1472.689
17159,1472.693
17160,1472.697
17161,1472.944
17162,1472.948
17163,1472.952
17164,1473.199
17165,1473.203
17166,1473.206
17167,1473.456
17168,1473.460
17169,1473.464
17170,1473.714
17171,1473.718
17172,1473.722
17173,1473.973
17174,1473.977
17175,1473.981
17176,1474.229
17177,1474.233
17178,1474.237
17179,1474.516
17180,1474.608
17181,1474.612
17182,1474.617
17183,1474.622
17184,1474.627
17185,1474.632
17186,1474.641
17187,1474.647
17188,1474.652
17189,1474.658
17190,1474.664
17191,1474.669
17192,1474.675
17193,1474.680
17194,1474.973
17195,1474.977
17196,1474.981
17197,1475.231
17198,1475.235
17199,1475.239
17200,1475.485
17201,1475.489
17202,1475.493
17203,1475.743
17204,1475.748
17205,1475.752
17206,1475.868
17207,1475.928
17208,1475.931
17209,1475.934
17210,1475.937
17211,1475.940
17212,1475.943
17213,1475.946
17214,1475.976
17215,1476.034
17216,1476.283
17217,1476.287
17218,1476.291
17219,1476.295
17220,1476.544
17221,1476.549
17222,1476.553
17223,1476.557
17224,1476.812
17225,1476.816
17226,1476.820
17227,1476.824
17228,1477.078
17229,1477.083
17230,1477.088
17231,1477.094
17232,1477.400
17233,1477.405
17234,1477.410
17235,1477.415
17236,1477.723
17237,1477.728
17238,1477.733
17239,1477.738
17240,1477.890
17241,1477.954
17242,1477.957
17243,1477.960
17244,1477.963
17245,1477.966
17246,1477.999
17247,1478.061
17248,1478.320
17249,1478.325
17250,1478.329
17251,1478.333
17252,1478.606
17253,1478.611
17254,1478.615
17255,1478.618
17256,1478.864
17257,1478.868
17258,1478.872
17259,1478.875
17260,1479.130
17261,1479.135
17262,1479.139
17263,1479.143
17264,1479.266
17265,1479.336
17266,1479.341
17267,1479.345
17268,1479.348
17269,1479.351
17270,1479.357
17271,1479.361
17272,1479.367
17273,1479.372
17274,1479.377
17275,1479.383
17276,1479.388
17277,1479.394
17278,1479.400
17279,1479.406
17280,1479.413
17281,1479.419
17282,1479.425
17283,1479.431
17284,1479.437
17285,1479.443
17286,1479.477
17287,1479.539
17288,1479.842
17289,1479.847
17290,1479.853
17291,1479.858
17292,1480.163
17293,1480.168
17294,1480.173
17295,1480.178
17296,1480.497
17297,1480.504
17298,1480.508
17299,1480.512
17300,1480.773
17301,1480.778
17302,1480.782
17303,1480.785
17304,1481.047
17305,1481.051
17306,1481.055
17307,1481.059
17308,1481.341
17309,1481.348
17310,1481.352
17311,1481.356
17312,1481.644
17313,1481.681
17314,1481.682
17315,1481.682
17316,1481.941
17317,1481.948
17318,1481.952
17319,1481.956
17320,1482.232
17321,1482.239
17322,1482.243
17323,1482.247
17324,1482.517
17325,1482.524
17326,1482.528
17327,1482.533
17328,1482.809
17329,1482.816
17330,1482.820
17331,1482.825
17332,1483.134
17333,1483.144
17334,1483.151
17335,1483.156
17336,1483.468
17337,1483.477
17338,1483.481
17339,1483.486
17340,1483.807
17341,1483.813
17342,1483.818
17343,1483.822
17344,1484.103
17345,1484.109
17346,1484.114
17347,1484.117
17348,1484.393
17349,1484.399
17350,1484.404
17351,1484.408
17352,1484.679
17353,1484.685
17354,1484.689
17355,1484.693
17356,1484.953
17357,1484.960
17358,1484.964
17359,1484.967
17360,1485.225
17361,1485.231
17362,1485.235
17363,1485.239
17364,1485.499
17365,1485.505
17366,1485.509
17367,1485.513
17368,1485.763
17369,1485.767
17370,1485.771
17371,1486.025
17372,1486.029
17373,1486.034
17374,1486.309
17375,1486.314
17376,1486.319
17377,1486.614
17378,1486.619
17379,1486.624
17380,1486.918
17381,1486.923
17382,1486.928
17383,1487.204
17384,1487.208
17385,1487.212
17386,1487.462
17387,1487.466
17388,1487.470
17389,1487.704
17390,1487.771
17391,1487.775
17392,1487.779
17393,1487.782
17394,1487.785
17395,1487.789
17396,1487.795
17397,1487.799
17398,1487.802
17399,1487.806
17400,1487.810
17401,1487.814
17402,1487.817
17403,1487.821
17404,1488.063
17405,1488.067
17406,1488.070
17407,1488.315
17408,1488.319
17409,1488.323
17410,1488.571
17411,1488.576
17412,1488.580
17413,1488.827
17414,1488.831
17415,1488.835
17416,1488.952
17417,1489.013
17418,1489.017
17419,1489.020
17420,1489.023
17421,1489.027
17422,1489.031
17423,1489.033
17424,1489.061
17425,1489.145
17426,1489.439
17427,1489.444
17428,1489.448
17429,1489.453
17430,1489.746
17431,1489.751
17432,1489.756
17433,1489.761
17434,1490.038
17435,1490.042
17436,1490.046
17437,1490.050
17438,1490.304
17439,1490.309
17440,1490.314
17441,1490.319
17442,1490.582
17443,1490.587
17444,1490.592
17445,1490.595
17446,1490.849
17447,1490.854
17448,1490.858
17449,1490.862
17450,1490.975
17451,1491.034
17452,1491.037
17453,1491.040
17454,1491.043
17455,1491.046
17456,1491.075
17457,1491.133
17458,1491.382
17459,1491.387
17460,1491.391
17461,1491.395
17462,1491.645
17463,1491.649
17464,1491.653
17465,1491.657
17466,1491.904
17467,1491.908
17468,1491.912
17469,1491.916
17470,1492.197
17471,1492.201
17472,1492.207
17473,1492.211
17474,1492.367
17475,1492.457
17476,1492.461
17477,1492.466
17478,1492.470
17479,1492.474
17480,1492.478
17481,1492.482
17482,1492.487
17483,1492.492
17484,1492.496
17485,1492.501
17486,1492.505
17487,1492.510
17488,1492.514
17489,1492.518
17490,1492.523
17491,1492.527
17492,1492.532
17493,1492.537
17494,1492.542
17495,1492.547
17496,1492.590
17497,1492.663
17498,1492.921
17499,1492.926
17500,1492.930
17501,1492.934
17502,1493.214
17503,1493.219
17504,1493.223
17505,1493.227
17506,1493.503
17507,1493.507
17508,1493.512
17509,1493.516
17510,1493.795
17511,1493.800
17512,1493.804
17513,1493.808
17514,1494.085
17515,1494.089
17516,1494.093
17517,1494.097
17518,1494.359
17519,1494.366
17520,1494.370
17521,1494.374
17522,1494.650
17523,1494.657
17524,1494.662
17525,1494.666
17526,1494.935
17527,1494.941
17528,1494.946
17529,1494.950
17530,1495.237
17531,1495.246
17532,1495.251
17533,1495.257
17534,1495.568
17535,1495.577
17536,1495.582
17537,1495.586
17538,1495.909
17539,1495.917
17540,1495.921
17541,1495.925
17542,1496.196
17543,1496.203
17544,1496.207
17545,1496.212
17546,1496.472
17547,1496.478
17548,1496.482
17549,1496.486
17550,1496.763
17551,1496.769
17552,1496.773
17553,1496.777
17554,1497.054
17555,1497.060
17556,1497.065
17557,1497.068
17558,1497.335
17559,1497.342
17560,1497.346
17561,1497.349
17562,1497.615
17563,1497.622
17564,1497.627
17565,1497.631
17566,1497.895
17567,1497.902
17568,1497.906
17569,1497.911
17570,1498.170
17571,1498.176
17572,1498.180
17573,1498.183
17574,1498.469
17575,1498.479
17576,1498.484
17577,1498.490
17578,1498.798
17579,1498.803
17580,1498.808
17581,1499.109
17582,1499.114
17583,1499.119
17584,1499.393
17585,1499.397
17586,1499.401
17587,1499.652
17588,1499.657
17589,1499.661
17590,1499.920
17591,1499.924
17592,1499.929
17593,1500.180
17594,1500.184
17595,1500.188
17596,1500.436
17597,1500.440
17598,1500.444
17599,1500.533
17600,1500.544
17601,1500.553
17602,1500.562
17603,1500.572
17604,1500.582
17605,1500.654
17606,1500.727
17607,1500.739
17608,1500.749
17609,1500.838
17610,1500.930
17611,1500.941
17612,1501.204
17613,1501.208
17614,1501.285
17615,1501.309
17616,1501.385
17617,1501.529
17618,1501.559
17619,1501.568
17620,1501.657
17621,1501.777
17622,1501.807
17623,1502.175
17624,1502.179
17625,1502.295
17626,1502.356
17627,1502.361
17628,1502.390
17629,1502.451
17630,1502.576
17631,1502.580
17632,1502.707
17633,1502.710
17634,1502.780
17635,1502.881
17636,1502.885
17637,1502.888
17638,1502.925
17639,1502.929
17640,1502.932
17641,1502.935
17642,1502.938
17643,1502.941
17644,1502.944
17645,1502.947
17646,1502.950
17647,1502.953
17648,1502.956
17649,1503.044
17650,1503.047
17651,1503.051
17652,1503.140
17653,1503.144
17654,1503.147
17655,1503.151
17656,1503.154
17657,1503.212
17658,1503.215
17659,1503.219
17660,1503.221
17661,1503.248
17662,1503.262
17663,1503.265
17664,1503.304
17665,1503.308
17666,1503.313
17667,1503.316
17668,1503.350
17669,1503.354
17670,1503.359
17671,1503.362
17672,1503.368
17673,1503.383
17674,1503.386
17675,1503.397
17676,1503.412
17677,1503.415
17678,1503.456
17679,1503.469
17680,1503.473
17681,1503.514
17682,1503.518
17683,1503.522
17684,1503.525
17685,1503.528
17686,1503.531
17687,1503.534
17688,1503.537
17689,1503.542
17690,1503.556
17691,1503.559
17692,1503.600
17693,1503.603
17694,1503.606
17695,1503.651
17696,1503.656
17697,1503.660
17698,1503.664
17699,1503.668
17700,1503.673
17701,1503.678
17702,1503.682
17703,1503.686
17704,1503.690
17705,1503.694
17706,1503.807
17707,1503.811
17708,1503.817
17709,1503.929
17710,1503.933
17711,1503.937
17712,1503.944
17713,1503.947
17714,1504.015
17715,1504.019
17716,1504.023
17717,1504.028
17718,1504.062
17719,1504.083
17720,1504.088
17721,1504.143
17722,1504.147
17723,1504.155
17724,1504.159
17725,1504.210
17726,1504.215
17727,1504.224
17728,1504.229
17729,1504.234
17730,1504.248
17731,1504.251
17732,1504.292
17733,1504.296
17734,1504.299
17735,1504.302
17736,1504.307
17737,1504.310
17738,1504.342
17739,1504.355
17740,1504.358
17741,1504.368
17742,1504.380
17743,1504.383
17744,1504.421
17745,1504.425
17746,1504.429
17747,1504.432
17748,1504.435
17749,1504.438
17750,1504.441
17751,1504.445
17752,1504.458
17753,1504.461
17754,1504.502
17755,1504.506
17756,1504.509
17757,1504.547
17758,1504.550
17759,1504.554
17760,1504.557
17761,1504.561
17762,1504.564
17763,1504.567
17764,1504.570
17765,1504.606
17766,1504.610
17767,1504.613
17768,1504.616
17769,1504.631
17770,1504.644
17771,1504.648
17772,1504.688
17773,1504.702
17774,1504.706
17775,1504.718
17776,1504.732
17777,1504.735
17778,1504.746
17779,1504.759
17780,1504.762
17781,1504.809
17782,1504.813
17783,1504.816
17784,1504.861
17785,1504.867
17786,1504.871
17787,1504.874
17788,1504.878
17789,1504.881
17790,1504.885
17791,1504.888
17792,1504.891
17793,1504.895
17794,1504.898
17795,1504.902
17796,1504.907
17797,1504.912
17798,1504.916
17799,1504.921
17800,1504.927
17801,1504.933
17802,1504.939
17803,1504.945
17804,1504.951
17805,1504.957
17806,1504.961
17807,1505.082
17808,1505.087
17809,1505.091
17810,1505.189
17811,1505.203
17812,1505.207
17813,1505.236
17814,1505.249
17815,1505.252
17816,1505.261
17817,1505.273
17818,1505.276
17819,1505.306
17820,1505.319
17821,1505.322
17822,1505.351
17823,1505.369
17824,1505.374
17825,1505.434
17826,1505.439
17827,1505.446
17828,1505.450
17829,1505.458
17830,1505.479
17831,1505.483
17832,1505.540
17833,1505.549
17834,1505.556
17835,1505.560
17836,1505.609
17837,1505.618
17838,1505.626
17839,1505.630
17840,1505.649
17841,1505.669
17842,1505.674
17843,1505.690
17844,1505.712
17845,1505.716
17846,1505.734
17847,1505.761
17848,1505.765
17849,1505.806
17850,1505.822
17851,1505.826
17852,1505.856
17853,1505.873
17854,1505.877
17855,1505.898
17856,1505.911
17857,1505.914
17858,1505.942
17859,1505.957
17860,1505.960
17861,1505.972
17862,1505.987
17863,1505.990
17864,1506.000
17865,1506.012
17866,1506.015
17867,1506.045
17868,1506.058
17869,1506.061
17870,1506.165
17871,1506.169
17872,1506.173
17873,1506.176
17874,1506.179
17875,1506.181
17876,1506.184
17877,1506.187
17878,1506.190
17879,1506.269
17880,1506.414
17881,1506.418
17882,1506.424
17883,1506.431
17884,1506.435
17885,1506.523
17886,1506.537
17887,1506.549
17888,1506.553
17889,1506.581
17890,1506.641
17891,1506.651
17892,1506.679
17893,1506.745
17894,1506.756
17895,1506.883
17896,1506.890
17897,1506.895
17898,1506.991
17899,1506.995
17900,1506.998
17901,1507.122
17902,1507.131
17903,1507.136
17904,1507.241
17905,1507.245
17906,1507.249
17907,1507.390
17908,1507.394
17909,1507.400
17910,1507.405
17911,1507.412
17912,1507.416
17913,1507.471
17914,1507.475
17915,1507.480
17916,1507.484
17917,1507.530
17918,1507.532
17919,1507.536
17920,1507.541
17921,1507.545
17922,1507.592
17923,1507.597
17924,1507.601
17925,1507.606
17926,1507.611
17927,1507.615
17928,1507.620
17929,1507.624
17930,1507.632
17931,1507.636
17932,1507.756
17933,1507.761
17934,1507.764
17935,1507.865
17936,1507.880
17937,1507.883
17938,1507.915
17939,1507.928
17940,1507.931
17941,1508.162
17942,1508.238
17943,1508.244
17944,1508.250
17945,1508.255
17946,1508.261
17947,1508.267
17948,1508.273
17949,1508.279
17950,1508.285
17951,1508.291
17952,1508.298
17953,1508.304
17954,1508.311
17955,1508.318
17956,1508.573
17957,1508.577
17958,1508.580
17959,1508.842
17960,1508.845
17961,1508.849
17962,1509.111
17963,1509.115
17964,1509.119
17965,1509.381
17966,1509.386
17967,1509.389
17968,1509.511
17969,1509.597
17970,1509.602
17971,1509.606
17972,1509.610
17973,1509.616
17974,1509.620
17975,1509.625
17976,1509.667
17977,1509.748
17978,1510.066
17979,1510.071
17980,1510.076
17981,1510.080
17982,1510.375
17983,1510.379
17984,1510.383
17985,1510.387
17986,1510.661
17987,1510.665
17988,1510.669
17989,1510.673
17990,1510.945
17991,1510.949
17992,1510.954
17993,1510.959
17994,1511.234
17995,1511.240
17996,1511.244
17997,1511.248
17998,1511.519
17999,1511.524
18000,1511.528
18001,1511.531
18002,1511.659
18003,1511.722
18004,1511.726
18005,1511.729
18006,1511.732
18007,1511.736
18008,1511.767
18009,1511.827
18010,1512.095
18011,1512.100
18012,1512.104
18013,1512.107
18014,1512.393
18015,1512.398
18016,1512.403
18017,1512.408
18018,1512.728
18019,1512.733
18020,1512.737
18021,1512.742
18022,1513.056
18023,1513.060
18024,1513.066
18025,1513.071
18026,1513.228
18027,1513.301
18028,1513.307
18029,1513.312
18030,1513.317
18031,1513.322
18032,1513.327
18033,1513.332
18034,1513.338
18035,1513.344
18036,1513.349
18037,1513.355
18038,1513.361
18039,1513.366
18040,1513.373
18041,1513.379
18042,1513.385
18043,1513.391
18044,1513.397
18045,1513.404
18046,1513.410
18047,1513.417
18048,1513.452
18049,1513.515
18050,1513.793
18051,1513.798
18052,1513.802
18053,1513.806
18054,1514.084
18055,1514.090
18056,1514.094
18057,1514.099
18058,1514.385
18059,1514.393
18060,1514.397
18061,1514.402
18062,1514.677
18063,1514.683
18064,1514.687
18065,1514.691
18066,1514.962
18067,1514.968
18068,1514.972
18069,1514.976
18070,1515.291
18071,1515.301
18072,1515.306
18073,1515.312
18074,1515.636
18075,1515.646
18076,1515.650
18077,1515.656
18078,1515.988
18079,1515.994
18080,1515.999
18081,1516.003
18082,1516.278
18083,1516.284
18084,1516.288
18085,1516.295
18086,1516.569
18087,1516.575
18088,1516.579
18089,1516.583
18090,1516.871
18091,1516.877
18092,1516.881
18093,1516.885
18094,1517.164
18095,1517.171
18096,1517.176
18097,1517.180
18098,1517.453
18099,1517.460
18100,1517.464
18101,1517.468
18102,1517.746
18103,1517.753
18104,1517.757
18105,1517.761
18106,1518.051
18107,1518.058
18108,1518.062
18109,1518.066
18110,1518.344
18111,1518.355
18112,1518.360
18113,1518.365
18114,1518.694
18115,1518.703
18116,1518.708
18117,1518.713
18118,1519.033
18119,1519.042
18120,1519.047
18121,1519.052
18122,1519.355
18123,1519.361
18124,1519.365
18125,1519.369
18126,1519.647
18127,1519.654
18128,1519.658
18129,1519.662
18130,1519.933
18131,1519.937
18132,1519.941
18133,1520.204
18134,1520.208
18135,1520.212
18136,1520.476
18137,1520.480
18138,1520.484
18139,1520.754
18140,1520.759
18141,1520.763
18142,1521.050
18143,1521.054
18144,1521.058
18145,1521.345
18146,1521.349
18147,1521.353
18148,1521.617
18149,1521.622
18150,1521.625
18151,1521.935
18152,1522.024
18153,1522.029
18154,1522.034
18155,1522.039
18156,1522.047
18157,1522.055
18158,1522.064
18159,1522.072
18160,1522.077
18161,1522.082
18162,1522.088
18163,1522.093
18164,1522.102
18165,1522.107
18166,1522.403
18167,1522.407
18168,1522.410
18169,1522.681
18170,1522.686
18171,1522.689
18172,1522.953
18173,1522.958
18174,1522.962
18175,1523.229
18176,1523.233
18177,1523.237
18178,1523.358
18179,1523.418
18180,1523.421
18181,1523.425
18182,1523.428
18183,1523.431
18184,1523.434
18185,1523.437
18186,1523.468
18187,1523.526
18188,1523.791
18189,1523.796
18190,1523.799
18191,1523.803
18192,1524.080
18193,1524.084
18194,1524.088
18195,1524.092
18196,1524.364
18197,1524.368
18198,1524.372
18199,1524.376
18200,1524.664
18201,1524.669
18202,1524.674
18203,1524.679
18204,1525.002
18205,1525.012
18206,1525.018
18207,1525.023
18208,1525.341
18209,1525.347
18210,1525.352
18211,1525.357
18212,1525.487
18213,1525.549
18214,1525.552
18215,1525.555
18216,1525.559
18217,1525.562
18218,1525.591
18219,1525.651
18220,1525.929
18221,1525.933
18222,1525.937
18223,1525.941
18224,1526.206
18225,1526.210
18226,1526.214
18227,1526.218
18228,1526.485
18229,1526.490
18230,1526.494
18231,1526.498
18232,1526.778
18233,1526.782
18234,1526.786
18235,1526.790
18236,1526.924
18237,1526.996
18238,1527.001
18239,1527.006
18240,1527.011
18241,1527.016
18242,1527.021
18243,1527.026
18244,1527.032
18245,1527.037
18246,1527.043
18247,1527.048
18248,1527.054
18249,1527.060
18250,1527.066
18251,1527.071
18252,1527.077
18253,1527.083
18254,1527.089
18255,1527.095
18256,1527.101
18257,1527.107
18258,1527.139
18259,1527.229
18260,1527.551
18261,1527.557
18262,1527.562
18263,1527.567
18264,1527.897
18265,1527.907
18266,1527.912
18267,1527.918
18268,1528.208
18269,1528.215
18270,1528.219
18271,1528.223
18272,1528.500
18273,1528.506
18274,1528.510
18275,1528.514
18276,1528.794
18277,1528.801
18278,1528.805
18279,1528.809
18280,1529.083
18281,1529.090
18282,1529.094
18283,1529.097
18284,1529.373
18285,1529.379
18286,1529.384
18287,1529.387
18288,1529.674
18289,1529.681
18290,1529.685
18291,1529.689
18292,1529.966
18293,1529.972
18294,1529.976
18295,1529.980
18296,1530.255
18297,1530.261
18298,1530.265
18299,1530.269
18300,1530.580
18301,1530.589
18302,1530.595
18303,1530.600
18304,1530.928
18305,1530.938
18306,1530.945
18307,1530.950
18308,1531.268
18309,1531.274
18310,1531.278
18311,1531.282
18312,1531.562
18313,1531.569
18314,1531.573
18315,1531.578
18316,1531.870
18317,1531.877
18318,1531.881
18319,1531.886
18320,1532.170
18321,1532.177
18322,1532.181
18323,1532.185
18324,1532.460
18325,1532.467
18326,1532.471
18327,1532.475
18328,1532.759
18329,1532.765
18330,1532.770
18331,1532.774
18332,1533.068
18333,1533.075
18334,1533.079
18335,1533.083
18336,1533.357
18337,1533.363
18338,1533.367
18339,1533.371
18340,1533.650
18341,1533.654
18342,1533.658
18343,1534.003
18344,1534.009
18345,1534.015
18346,1534.335
18347,1534.340
18348,1534.345
18349,1534.659
18350,1534.664
18351,1534.668
18352,1534.960
18353,1534.964
18354,1534.969
18355,1535.250
18356,1535.255
18357,1535.259
18358,1535.553
18359,1535.558
18360,1535.562
18361,1535.862
18362,1535.866
18363,1535.951
18364,1535.975
18365,1535.979
18366,1535.982
18367,1536.192
18368,1536.196
18369,1536.279
18370,1536.304
18371,1536.706
18372,1536.711
18373,1536.715
18374,1536.873
18375,1536.898
18376,1536.971
18377,1536.996
18378,1537.000
18379,1537.012
18380,1537.036
18381,1537.261
18382,1537.267
18383,1537.420
18384,1537.425
18385,1537.430
18386,1537.482
18387,1537.487
18388,1537.491
18389,1537.496
18390,1537.500
18391,1537.509
18392,1537.513
18393,1537.517
18394,1537.521
18395,1537.526
18396,1537.531
18397,1537.536
18398,1537.541
18399,1537.546
18400,1537.668
18401,1537.673
18402,1537.678
18403,1537.769
18404,1537.793
18405,1537.798
18406,1537.821
18407,1537.836
18408,1537.840
18409,1537.883
18410,1537.899
18411,1537.903
18412,1537.946
18413,1537.960
18414,1537.964
18415,1537.989
18416,1538.003
18417,1538.007
18418,1538.030
18419,1538.046
18420,1538.049
18421,1538.063
18422,1538.077
18423,1538.081
18424,1538.095
18425,1538.110
18426,1538.114
18427,1538.146
18428,1538.160
18429,1538.164
18430,1538.295
18431,1538.299
18432,1538.303
18433,1538.384
18434,1538.388
18435,1538.392
18436,1538.395
18437,1538.480
18438,1538.650
18439,1538.654
18440,1538.659
18441,1538.664
18442,1538.667
18443,1538.762
18444,1538.776
18445,1538.787
18446,1538.790
18447,1538.819
18448,1538.833
18449,1538.844
18450,1538.847
18451,1538.874
18452,1538.937
18453,1538.947
18454,1539.084
18455,1539.090
18456,1539.095
18457,1539.196
18458,1539.200
18459,1539.203
18460,1539.207
18461,1539.210
18462,1539.213
18463,1539.217
18464,1539.220
18465,1539.224
18466,1539.244
18467,1539.249
18468,1539.270
18469,1539.274
18470,1539.279
18471,1539.284
18472,1539.387
18473,1539.578
18474,1539.584
18475,1539.593
18476,1539.601
18477,1539.605
18478,1539.715
18479,1539.737
18480,1539.753
18481,1539.758
18482,1539.801
18483,1539.818
18484,1539.831
18485,1539.834
18486,1539.864
18487,1539.933
18488,1539.945
18489,1540.079
18490,1540.085
18491,1540.090
18492,1540.187
18493,1540.191
18494,1540.194
18495,1540.198
18496,1540.201
18497,1540.204
18498,1540.210
18499,1540.213
18500,1540.218
18501,1540.232
18502,1540.236
18503,1540.476
18504,1540.554
18505,1540.561
18506,1540.567
18507,1540.573
18508,1540.580
18509,1540.588
18510,1540.595
18511,1540.602
18512,1540.610
18513,1540.617
18514,1540.624
18515,1540.631
18516,1540.639
18517,1540.646
18518,1540.745
18519,1540.751
18520,1540.755
18521,1541.167
18522,1541.172
18523,1541.176
18524,1541.307
18525,1541.311
18526,1541.314
18527,1541.318
18528,1541.446
18529,1541.516
18530,1541.523
18531,1541.681
18532,1541.770
18533,1541.778
18534,1541.946
18535,1542.043
18536,1542.426
18537,1542.431
18538,1542.812
18539,1542.820
18540,1542.825
18541,1542.954
18542,1542.958
18543,1542.961
18544,1543.067
18545,1543.072
18546,1543.075
18547,1543.079
18548,1543.186
18549,1543.190
18550,1543.194
18551,1543.197
18552,1543.319
18553,1543.323
18554,1543.327
18555,1543.444
18556,1543.448
18557,1543.451
18558,1543.455
18559,1543.458
18560,1543.462
18561,1543.584
18562,1543.589
18563,1543.592
18564,1543.596
18565,1543.998
18566,1544.003
18567,1544.007
18568,1544.426
18569,1544.432
18570,1544.437
18571,1544.603
18572,1544.691
18573,1544.696
18574,1544.701
18575,1544.706
18576,1544.711
18577,1544.716
18578,1544.721
18579,1544.764
18580,1544.851
18581,1545.268
18582,1545.273
18583,1545.278
18584,1545.282
18585,1545.709
18586,1545.714
18587,1545.719
18588,1545.723
18589,1546.134
18590,1546.139
18591,1546.143
18592,1546.147
18593,1546.565
18594,1546.570
18595,1546.575
18596,1546.579
18597,1547.026
18598,1547.034
18599,1547.040
18600,1547.045
18601,1547.480
18602,1547.485
18603,1547.490
18604,1547.495
18605,1547.655
18606,1547.753
18607,1547.760
18608,1547.765
18609,1547.770
18610,1547.776
18611,1547.823
18612,1547.913
18613,1548.414
18614,1548.420
18615,1548.425
18616,1548.429
18617,1548.879
18618,1548.883
18619,1548.889
18620,1548.893
18621,1549.339
18622,1549.344
18623,1549.349
18624,1549.353
18625,1549.809
18626,1549.814
18627,1549.819
18628,1549.823
18629,1549.973
18630,1550.052
18631,1550.060
18632,1550.066
18633,1550.072
18634,1550.078
18635,1550.084
18636,1550.091
18637,1550.097
18638,1550.103
18639,1550.109
18640,1550.115
18641,1550.121
18642,1550.127
18643,1550.134
18644,1550.140
18645,1550.147
18646,1550.153
18647,1550.160
18648,1550.167
18649,1550.174
18650,1550.181
18651,1550.218
18652,1550.289
18653,1550.783
18654,1550.789
18655,1550.795
18656,1550.801
18657,1551.326
18658,1551.332
18659,1551.338
18660,1551.344
18661,1551.511
18662,1551.578
18663,1551.583
18664,1551.616
18665,1551.620
18666,1551.623
18667,1551.745
18668,1551.809
18669,1551.813
18670,1551.944
18671,1551.948
18672,1551.952
18673,1552.523
18674,1552.531
18675,1552.538
18676,1552.543
18677,1552.548
18678,1552.992
18679,1552.998
18680,1553.003
18681,1553.008
18682,1553.458
18683,1553.465
18684,1553.469
18685,1553.474
18686,1553.944
18687,1553.955
18688,1553.962
18689,1553.967
18690,1554.513
18691,1554.523
18692,1554.529
18693,1554.535
18694,1554.701
18695,1554.774
18696,1554.778
18697,1554.809
18698,1554.813
18699,1554.817
18700,1554.934
18701,1554.995
18702,1554.998
18703,1555.126
18704,1555.131
18705,1555.134
18706,1555.692
18707,1555.700
18708,1555.707
18709,1555.711
18710,1555.716
18711,1556.166
18712,1556.173
18713,1556.179
18714,1556.184
18715,1556.323
18716,1556.389
18717,1556.393
18718,1556.428
18719,1556.432
18720,1556.436
18721,1556.551
18722,1556.615
18723,1556.620
18724,1556.760
18725,1556.765
18726,1556.770
18727,1557.432
18728,1557.443
18729,1557.453
18730,1557.460
18731,1557.465
18732,1557.932
18733,1557.940
18734,1557.945
18735,1557.949
18736,1558.424
18737,1558.433
18738,1558.441
18739,1558.447
18740,1558.583
18741,1558.644
18742,1558.647
18743,1558.678
18744,1558.682
18745,1558.686
18746,1558.798
18747,1558.858
18748,1558.862
18749,1558.992
18750,1558.997
18751,1559.000
18752,1559.553
18753,1559.561
18754,1559.568
18755,1559.572
18756,1559.577
18757,1560.059
18758,1560.070
18759,1560.077
18760,1560.083
18761,1560.605
18762,1560.616
18763,1560.622
18764,1560.628
18765,1561.130
18766,1561.138
18767,1561.143
18768,1561.147
18769,1561.601
18770,1561.608
18771,1561.613
18772,1561.618
18773,1562.059
18774,1562.067
18775,1562.072
18776,1562.077
18777,1562.513
18778,1562.520
18779,1562.525
18780,1562.530
18781,1562.972
18782,1562.979
18783,1562.984
18784,1562.989
18785,1563.405
18786,1563.410
18787,1563.415
18788,1563.872
18789,1563.878
18790,1563.884
18791,1564.377
18792,1564.382
18793,1564.388
18794,1564.855
18795,1564.860
18796,1564.865
18797,1565.296
18798,1565.302
18799,1565.307
18800,1565.756
18801,1565.761
18802,1565.766
18803,1566.199
18804,1566.204
18805,1566.208
18806,1566.486
18807,1566.564
18808,1566.571
18809,1566.577
18810,1566.584
18811,1566.590
18812,1566.597
18813,1566.604
18814,1566.613
18815,1566.620
18816,1566.627
18817,1566.635
18818,1566.642
18819,1566.650
18820,1566.658
18821,1566.759
18822,1566.766
18823,1566.770
18824,1567.230
18825,1567.236
18826,1567.242
18827,1567.413
18828,1567.419
18829,1567.424
18830,1567.430
18831,1567.592
18832,1567.684
18833,1567.691
18834,1567.853
18835,1567.947
18836,1567.953
18837,1568.090
18838,1568.159
18839,1568.544
18840,1568.549
18841,1568.957
18842,1568.965
18843,1568.970
18844,1569.098
18845,1569.102
18846,1569.106
18847,1569.214
18848,1569.219
18849,1569.222
18850,1569.226
18851,1569.336
18852,1569.341
18853,1569.344
18854,1569.348
18855,1569.476
18856,1569.481
18857,1569.485
18858,1569.606
18859,1569.610
18860,1569.614
18861,1569.617
18862,1569.620
18863,1569.623
18864,1569.748
18865,1569.752
18866,1569.757
18867,1569.761
18868,1570.206
18869,1570.212
18870,1570.219
18871,1570.742
18872,1570.748
18873,1570.754
18874,1570.921
18875,1571.018
18876,1571.023
18877,1571.029
18878,1571.034
18879,1571.040
18880,1571.046
18881,1571.052
18882,1571.086
18883,1571.153
18884,1571.603
18885,1571.608
18886,1571.613
18887,1571.617
18888,1572.058
18889,1572.063
18890,1572.068
18891,1572.072
18892,1572.514
18893,1572.519
18894,1572.524
18895,1572.529
18896,1572.964
18897,1572.969
18898,1572.974
18899,1572.979
18900,1573.444
18901,1573.452
18902,1573.458
18903,1573.463
18904,1573.955
18905,1573.961
18906,1573.968
18907,1573.974
18908,1574.145
18909,1574.238
18910,1574.243
18911,1574.248
18912,1574.253
18913,1574.258
18914,1574.304
18915,1574.392
18916,1574.835
18917,1574.840
18918,1574.845
18919,1574.849
18920,1575.290
18921,1575.295
18922,1575.300
18923,1575.304
18924,1575.749
18925,1575.753
18926,1575.758
18927,1575.763
18928,1576.198
18929,1576.203
18930,1576.208
18931,1576.212
18932,1576.359
18933,1576.442
18934,1576.448
18935,1576.454
18936,1576.460
18937,1576.465
18938,1576.471
18939,1576.477
18940,1576.483
18941,1576.489
18942,1576.495
18943,1576.501
18944,1576.507
18945,1576.514
18946,1576.520
18947,1576.527
18948,1576.534
18949,1576.541
18950,1576.548
18951,1576.555
18952,1576.562
18953,1576.569
18954,1576.609
18955,1576.699
18956,1577.215
18957,1577.221
18958,1577.227
18959,1577.232
18960,1577.716
18961,1577.721
18962,1577.726
18963,1577.730
18964,1577.865
18965,1577.932
18966,1577.936
18967,1577.968
18968,1577.971
18969,1577.974
18970,1578.093
18971,1578.155
18972,1578.158
18973,1578.284
18974,1578.288
18975,1578.291
18976,1578.858
18977,1578.865
18978,1578.873
18979,1578.878
18980,1578.883
18981,1579.325
18982,1579.332
18983,1579.336
18984,1579.341
18985,1579.782
18986,1579.793
18987,1579.799
18988,1579.806
18989,1580.344
18990,1580.354
18991,1580.360
18992,1580.365
18993,1580.912
18994,1580.919
18995,1580.924
18996,1580.929
18997,1581.068
18998,1581.134
18999,1581.138
19000,1581.169
19001,1581.173
19002,1581.177
19003,1581.298
19004,1581.365
19005,1581.368
19006,1581.499
19007,1581.500
19008,1581.505
19009,1582.095
19010,1582.103
19011,1582.111
19012,1582.117
19013,1582.122
19014,1582.573
19015,1582.580
19016,1582.585
19017,1582.590
19018,1582.728
19019,1582.796
19020,1582.801
19021,1582.833
19022,1582.837
19023,1582.841
19024,1583.194
19025,1583.200
19026,1583.206
19027,1583.212
19028,1583.383
19029,1583.389
19030,1583.394
19031,1584.039
19032,1584.047
19033,1584.054
19034,1584.058
19035,1584.063
19036,1584.514
19037,1584.522
19038,1584.528
19039,1584.533
19040,1585.017
19041,1585.026
19042,1585.034
19043,1585.040
19044,1585.178
19045,1585.243
19046,1585.247
19047,1585.279
19048,1585.283
19049,1585.287
19050,1585.401
19051,1585.465
19052,1585.469
19053,1585.602
19054,1585.605
19055,1585.609
19056,1586.176
19057,1586.187
19058,1586.198
19059,1586.205
19060,1586.212
19061,1586.748
19062,1586.759
19063,1586.766
19064,1586.771
19065,1587.284
19066,1587.291
19067,1587.296
19068,1587.301
19069,1587.752
19070,1587.759
19071,1587.765
19072,1587.770
19073,1588.229
19074,1588.236
19075,1588.241
19076,1588.246
19077,1588.699
19078,1588.707
19079,1588.712
19080,1588.717
19081,1589.181
19082,1589.188
19083,1589.193
19084,1589.198
19085,1589.656
19086,1589.664
19087,1589.669
19088,1589.674
19089,1590.137
19090,1590.144
19091,1590.150
19092,1590.681
19093,1590.687
19094,1590.693
19095,1591.216
19096,1591.221
19097,1591.227
19098,1591.681
19099,1591.687
19100,1591.691
19101,1592.151
19102,1592.157
19103,1592.162
19104,1592.644
19105,1592.649
19106,1592.654
19107,1593.085
19108,1593.090
19109,1593.096
19110,1593.390
19111,1593.395
19112,1593.503
19113,1593.529
19114,1593.640
19115,1594.274
19116,1594.280
19117,1594.424
19118,1594.460
19119,1594.482
19120,1594.648
19121,1594.689
19122,1594.693
19123,1594.702
19124,1594.827
19125,1594.859
19126,1594.863
19127,1594.867
19128,1595.243
19129,1595.247
19130,1595.252
19131,1595.256
19132,1595.407
19133,1595.432
19134,1595.436
19135,1596.016
19136,1596.021
19137,1596.025
19138,1596.140
19139,1596.274
19140,1596.307
19141,1596.313
19142,1596.413
19143,1596.442
19144,1596.456
19145,1596.560
19146,1596.589
19147,1596.593
19148,1596.792
19149,1596.797
19150,1596.995
19151,1597.000
19152,1597.276
19153,1597.365
19154,1597.371
19155,1597.376
19156,1597.381
19157,1597.391
19158,1597.401
19159,1597.411
19160,1597.421
19161,1597.431
19162,1597.441
19163,1597.453
19164,1597.464
19165,1597.476
19166,1597.486
19167,1597.827
19168,1597.832
19169,1597.838
19170,1598.187
19171,1598.193
19172,1598.198
19173,1598.498
19174,1598.503
19175,1598.508
19176,1598.819
19177,1598.825
19178,1598.829
19179,1598.966
19180,1599.040
19181,1599.043
19182,1599.047
19183,1599.051
19184,1599.054
19185,1599.058
19186,1599.062
19187,1599.095
19188,1599.161
19189,1599.476
19190,1599.484
19191,1599.491
19192,1599.497
19193,1599.814
19194,1599.822
19195,1599.827
19196,1599.831
19197,1600.172
19198,1600.178
19199,1600.183
19200,1600.187
19201,1600.504
19202,1600.509
19203,1600.514
19204,1600.518
19205,1600.861
19206,1600.872
19207,1600.878
19208,1600.885
19209,1601.282
19210,1601.289
19211,1601.295
19212,1601.301
19213,1601.480
19214,1601.574
19215,1601.578
19216,1601.581
19217,1601.585
19218,1601.588
19219,1601.622
19220,1601.691
19221,1602.009
19222,1602.014
19223,1602.019
19224,1602.023
19225,1602.336
19226,1602.341
19227,1602.346
19228,1602.350
19229,1602.655
19230,1602.660
19231,1602.664
19232,1602.668
19233,1602.969
19234,1602.974
19235,1602.979
19236,1602.983
19237,1603.136
19238,1603.220
19239,1603.227
19240,1603.234
19241,1603.241
19242,1603.248
19243,1603.255
19244,1603.261
19245,1603.268
19246,1603.275
19247,1603.283
19248,1603.290
19249,1603.297
19250,1603.304
19251,1603.312
19252,1603.319
19253,1603.327
19254,1603.335
19255,1603.342
19256,1603.349
19257,1603.357
19258,1603.365
19259,1603.404
19260,1603.478
19261,1603.831
19262,1603.843
19263,1603.849
19264,1603.856
19265,1604.243
19266,1604.254
19267,1604.260
19268,1604.266
19269,1604.679
19270,1604.687
19271,1604.695
19272,1604.701
19273,1605.026
19274,1605.033
19275,1605.038
19276,1605.043
19277,1605.357
19278,1605.365
19279,1605.369
19280,1605.374
19281,1605.699
19282,1605.707
19283,1605.712
19284,1605.717
19285,1606.045
19286,1606.053
19287,1606.058
19288,1606.062
19289,1606.405
19290,1606.412
19291,1606.417
19292,1606.422
19293,1606.739
19294,1606.747
19295,1606.752
19296,1606.757
19297,1607.082
19298,1607.089
19299,1607.094
19300,1607.098
19301,1607.412
19302,1607.418
19303,1607.423
19304,1607.427
19305,1607.816
19306,1607.827
19307,1607.837
19308,1607.843
19309,1608.221
19310,1608.231
19311,1608.237
19312,1608.243
19313,1608.602
19314,1608.609
19315,1608.615
19316,1608.619
19317,1608.972
19318,1608.979
19319,1608.986
19320,1608.991
19321,1609.309
19322,1609.317
19323,1609.322
19324,1609.327
19325,1609.643
19326,1609.650
19327,1609.655
19328,1609.659
19329,1609.985
19330,1609.992
19331,1609.997
19332,1610.001
19333,1610.323
19334,1610.330
19335,1610.335
19336,1610.340
19337,1610.660
19338,1610.667
19339,1610.672
19340,1610.676
19341,1610.992
19342,1610.998
19343,1611.002
19344,1611.327
19345,1611.333
19346,1611.339
19347,1611.692
19348,1611.697
19349,1611.702
19350,1612.046
19351,1612.051
19352,1612.056
19353,1612.378
19354,1612.383
19355,1612.387
19356,1612.683
19357,1612.688
19358,1612.692
19359,1612.992
19360,1612.996
19361,1613.000
19362,1613.135
19363,1613.140
19364,1613.144
19365,1613.191
19366,1613.197
19367,1613.201
19368,1613.206
19369,1613.211
19370,1613.216
19371,1613.221
19372,1613.224
19373,1613.228
19374,1613.231
19375,1613.237
19376,1613.240
19377,1613.246
19378,1613.252
19379,1613.255
19380,1613.389
19381,1613.394
19382,1613.398
19383,1613.493
19384,1613.508
19385,1613.512
19386,1613.524
19387,1613.540
19388,1613.544
19389,1613.555
19390,1613.571
19391,1613.574
19392,1613.617
19393,1613.634
19394,1613.638
19395,1613.652
19396,1613.667
19397,1613.671
19398,1613.683
19399,1613.699
19400,1613.703
19401,1613.747
19402,1613.764
19403,1613.769
19404,1613.782
19405,1613.798
19406,1613.803
19407,1613.815
19408,1613.829
19409,1613.833
19410,1613.847
19411,1613.861
19412,1613.865
19413,1613.916
19414,1613.944
19415,1613.949
19416,1613.985
19417,1614.008
19418,1614.014
19419,1614.051
19420,1614.073
19421,1614.078
19422,1614.098
19423,1614.123
19424,1614.128
19425,1614.143
19426,1614.165
19427,1614.170
19428,1614.213
19429,1614.240
19430,1614.245
19431,1614.264
19432,1614.294
19433,1614.299
19434,1614.349
19435,1614.366
19436,1614.371
19437,1614.417
19438,1614.424
19439,1614.428
19440,1614.431
19441,1614.434
19442,1614.440
19443,1614.443
19444,1614.446
19445,1614.489
19446,1614.495
19447,1614.499
19448,1614.505
19449,1614.508
19450,1614.514
19451,1614.517
19452,1614.521
19453,1614.524
19454,1614.567
19455,1614.574
19456,1614.578
19457,1614.584
19458,1614.587
19459,1614.592
19460,1614.598
19461,1614.601
19462,1614.605
19463,1614.610
19464,1614.614
19465,1614.617
19466,1614.620
19467,1614.710
19468,1614.875
19469,1614.879
19470,1614.885
19471,1614.890
19472,1614.894
19473,1614.989
19474,1615.004
19475,1615.015
19476,1615.019
19477,1615.049
19478,1615.064
19479,1615.075
19480,1615.079
19481,1615.108
19482,1615.177
19483,1615.188
19484,1615.332
19485,1615.339
19486,1615.344
19487,1615.440
19488,1615.444
19489,1615.448
19490,1615.573
19491,1615.578
19492,1615.582
19493,1615.587
19494,1615.592
19495,1615.596
19496,1615.636
19497,1615.641
19498,1615.645
19499,1615.648
19500,1615.651
19501,1615.655
19502,1615.658
19503,1615.663
19504,1615.666
19505,1615.672
19506,1615.685
19507,1615.688
19508,1615.701
19509,1615.704
19510,1615.708
19511,1615.712
19512,1615.715
19513,1615.718
19514,1615.722
19515,1615.725
19516,1615.728
19517,1615.817
19518,1616.021
19519,1616.026
19520,1616.036
19521,1616.044
19522,1616.048
19523,1616.164
19524,1616.186
19525,1616.202
19526,1616.207
19527,1616.248
19528,1616.271
19529,1616.288
19530,1616.292
19531,1616.332
19532,1616.425
19533,1616.436
19534,1616.585
19535,1616.592
19536,1616.596
19537,1616.702
19538,1616.706
19539,1616.710
19540,1616.807
19541,1616.811
19542,1616.815
19543,1616.941
19544,1616.945
19545,1616.949
19546,1616.955
19547,1616.960
19548,1616.963
19549,1617.004
19550,1617.008
19551,1617.012
19552,1617.015
19553,1617.018
19554,1617.022
19555,1617.025
19556,1617.030
19557,1617.033
19558,1617.071
19559,1617.076
19560,1617.079
19561,1617.083
19562,1617.088
19563,1617.091
19564,1617.129
19565,1617.133
19566,1617.136
19567,1617.142
19568,1617.145
19569,1617.273
19570,1617.278
19571,1617.282
19572,1617.353
19573,1617.358
19574,1617.364
19575,1617.368
19576,1617.373
19577,1617.387
19578,1617.391
19579,1617.401
19580,1617.415
19581,1617.419
19582,1617.431
19583,1617.445
19584,1617.449
19585,1617.709
19586,1617.789
19587,1617.796
19588,1617.802
19589,1617.809
19590,1617.816
19591,1617.822
19592,1617.830
19593,1617.838
19594,1617.847
19595,1617.854
19596,1617.861
19597,1617.867
19598,1617.875
19599,1617.882
19600,1617.985
19601,1617.991
19602,1617.995
19603,1618.504
19604,1618.510
19605,1618.516
19606,1618.682
19607,1618.687
19608,1618.692
19609,1618.696
19610,1618.860
19611,1618.943
19612,1618.948
19613,1619.080
19614,1619.146
19615,1619.152
19616,1619.290
19617,1619.359
19618,1619.751
19619,1619.756
19620,1620.144
19621,1620.152
19622,1620.156
19623,1620.289
19624,1620.293
19625,1620.297
19626,1620.410
19627,1620.414
19628,1620.418
19629,1620.421
19630,1620.536
19631,1620.540
19632,1620.544
19633,1620.548
19634,1620.674
19635,1620.678
19636,1620.682
19637,1620.807
19638,1620.811
19639,1620.814
19640,1620.817
19641,1620.820
19642,1620.823
19643,1620.978
19644,1620.985
19645,1620.990
19646,1620.995
19647,1621.530
19648,1621.535
19649,1621.542
19650,1622.045
19651,1622.051
19652,1622.055
19653,1622.192
19654,1622.260
19655,1622.264
19656,1622.268
19657,1622.271
19658,1622.275
19659,1622.279
19660,1622.282
19661,1622.318
19662,1622.387
19663,1622.844
19664,1622.849
19665,1622.854
19666,1622.858
19667,1623.327
19668,1623.332
19669,1623.337
19670,1623.341
19671,1623.805
19672,1623.810
19673,1623.815
19674,1623.820
19675,1624.275
19676,1624.280
19677,1624.285
19678,1624.290
19679,1624.849
19680,1624.860
19681,1624.868
19682,1624.875
19683,1625.406
19684,1625.414
19685,1625.420
19686,1625.427
19687,1625.573
19688,1625.643
19689,1625.647
19690,1625.651
19691,1625.655
19692,1625.658
19693,1625.692
19694,1625.760
19695,1626.239
19696,1626.244
19697,1626.250
19698,1626.254
19699,1626.707
19700,1626.712
19701,1626.717
19702,1626.722
19703,1627.184
19704,1627.190
19705,1627.195
19706,1627.200
19707,1627.681
19708,1627.687
19709,1627.693
19710,1627.698
19711,1627.858
19712,1627.958
19713,1627.968
19714,1627.977
19715,1627.985
19716,1627.995
19717,1628.004
19718,1628.015
19719,1628.026
19720,1628.037
19721,1628.048
19722,1628.060
19723,1628.071
19724,1628.083
19725,1628.096
19726,1628.107
19727,1628.118
19728,1628.129
19729,1628.140
19730,1628.151
19731,1628.162
19732,1628.173
19733,1628.224
19734,1628.323
19735,1628.818
19736,1628.823
19737,1628.828
19738,1628.833
19739,1629.300
19740,1629.308
19741,1629.313
19742,1629.318
19743,1629.477
19744,1629.554
19745,1629.558
19746,1629.593
19747,1629.597
19748,1629.601
19749,1629.605
19750,1629.734
19751,1629.801
19752,1629.806
19753,1629.959
19754,1630.155
19755,1630.159
19756,1630.164
19757,1630.767
19758,1630.775
19759,1630.784
19760,1630.789
19761,1630.794
19762,1631.342
19763,1631.352
19764,1631.357
19765,1631.363
19766,1631.900
19767,1631.908
19768,1631.913
19769,1631.917
19770,1632.397
19771,1632.404
19772,1632.410
19773,1632.415
19774,1632.558
19775,1632.624
19776,1632.629
19777,1632.663
19778,1632.668
19779,1632.672
19780,1632.675
19781,1632.802
19782,1632.867
19783,1632.871
19784,1633.023
19785,1633.222
19786,1633.226
19787,1633.230
19788,1633.834
19789,1633.843
19790,1633.851
19791,1633.856
19792,1633.861
19793,1634.001
19794,1634.092
19795,1634.098
19796,1634.146
19797,1634.151
19798,1634.156
19799,1634.162
19800,1634.318
19801,1634.407
19802,1634.413
19803,1634.594
19804,1634.823
19805,1634.827
19806,1634.831
19807,1635.417
19808,1635.425
19809,1635.433
19810,1635.437
19811,1635.442
19812,1635.908
19813,1635.915
19814,1635.920
19815,1635.925
19816,1636.063
19817,1636.130
19818,1636.134
19819,1636.167
19820,1636.171
19821,1636.175
19822,1636.505
19823,1636.512
19824,1636.520
19825,1636.524
19826,1636.529
19827,1636.669
19828,1636.673
19829,1636.677
19830,1637.327
19831,1637.338
19832,1637.350
19833,1637.356
19834,1637.364
19835,1637.916
19836,1637.927
19837,1637.934
19838,1637.940
19839,1638.457
19840,1638.465
19841,1638.474
19842,1638.479
19843,1638.618
19844,1638.682
19845,1638.686
19846,1638.720
19847,1638.724
19848,1638.728
19849,1638.847
19850,1638.914
19851,1638.918
19852,1639.052
19853,1639.056
19854,1639.060
19855,1639.647
19856,1639.655
19857,1639.663
19858,1639.668
19859,1639.674
19860,1640.155
19861,1640.163
19862,1640.170
19863,1640.175
19864,1640.683
19865,1640.694
19866,1640.701
19867,1640.708
19868,1641.267
19869,1641.278
19870,1641.284
19871,1641.290
19872,1641.809
19873,1641.817
19874,1641.822
19875,1641.827
19876,1642.293
19877,1642.301
19878,1642.307
19879,1642.312
19880,1642.789
19881,1642.797
19882,1642.803
19883,1642.808
19884,1643.289
19885,1643.296
19886,1643.303
19887,1643.308
19888,1643.759
19889,1643.764
19890,1643.769
19891,1644.221
19892,1644.226
19893,1644.231
19894,1644.715
19895,1644.721
19896,1644.727
19897,1645.253
19898,1645.258
19899,1645.264
19900,1645.772
19901,1645.777
19902,1645.782
19903,1646.241
19904,1646.247
19905,1646.252
19906,1646.715
19907,1646.720
19908,1646.725
19909,1646.832
19910,1646.835
19911,1647.135
19912,1647.140
19913,1647.250
19914,1647.277
19915,1647.281
19916,1647.392
19917,1647.969
19918,1647.974
19919,1647.979
19920,1648.353
19921,1648.358
19922,1648.363
19923,1648.810
19924,1648.815
19925,1648.820
19926,1648.995
19927,1649.034
19928,1649.447
19929,1649.452
19930,1649.456
19931,1649.982
19932,1649.987
19933,1650.190
19934,1650.195
19935,1650.308
19936,1650.333
19937,1650.445
19938,1650.474
19939,1650.596
19940,1650.600
19941,1650.604
19942,1650.647
19943,1650.653
19944,1650.657
19945,1650.660
19946,1650.663
19947,1650.667
19948,1650.670
19949,1650.673
19950,1650.676
19951,1650.680
19952,1650.683
19953,1650.687
19954,1650.822
19955,1650.827
19956,1650.832
19957,1650.950
19958,1650.965
19959,1650.969
19960,1650.992
19961,1651.007
19962,1651.011
19963,1651.023
19964,1651.038
19965,1651.041
19966,1651.052
19967,1651.067
19968,1651.070
19969,1651.102
19970,1651.117
19971,1651.122
19972,1651.168
19973,1651.174
19974,1651.179
19975,1651.183
19976,1651.209
19977,1651.224
19978,1651.228
19979,1651.249
19980,1651.263
19981,1651.266
19982,1651.275
19983,1651.279
19984,1651.285
19985,1651.395
19986,1651.597
19987,1651.602
19988,1651.609
19989,1651.617
19990,1651.621
19991,1651.730
19992,1651.818
19993,1651.835
19994,1651.880
19995,1651.946
19996,1651.957
19997,1652.102
19998,1652.109
19999,1652.112
20000,1652.216
20001,1652.220
20002,1652.223
20003,1652.318
20004,1652.322
20005,1652.326
20006,1652.449
20007,1652.453
20008,1652.458
20009,1652.465
20010,1652.470
20011,1652.474
20012,1652.512
20013,1652.516
20014,1652.520
20015,1652.523
20016,1652.526
20017,1652.529
20018,1652.533
20019,1652.538
20020,1652.541
20021,1652.579
20022,1652.583
20023,1652.586
20024,1652.627
20025,1652.631
20026,1652.635
20027,1652.638
20028,1652.642
20029,1652.645
20030,1652.649
20031,1652.652
20032,1652.655
20033,1652.659
20034,1652.665
20035,1652.668
20036,1652.672
20037,1652.675
20038,1652.679
20039,1652.810
20040,1652.814
20041,1652.818
20042,1652.917
20043,1652.933
20044,1652.937
20045,1652.981
20046,1652.996
20047,1653.000
20048,1653.024
20049,1653.041
20050,1653.045
20051,1653.056
20052,1653.070
20053,1653.074
20054,1653.096
20055,1653.110
20056,1653.114
20057,1653.127
20058,1653.140
20059,1653.144
20060,1653.154
20061,1653.167
20062,1653.170
20063,1653.211
20064,1653.227
20065,1653.231
20066,1653.241
20067,1653.256
20068,1653.259
20069,1653.269
20070,1653.282
20071,1653.286
20072,1653.317
20073,1653.332
20074,1653.335
20075,1653.358
20076,1653.362
20077,1653.366
20078,1653.372
20079,1653.479
20080,1653.685
20081,1653.690
20082,1653.699
20083,1653.706
20084,1653.710
20085,1653.884
20086,1653.894
20087,1653.898
20088,1654.021
20089,1654.026
20090,1654.032
20091,1654.163
20092,1654.167
20093,1654.170
20094,1654.178
20095,1654.182
20096,1654.186
20097,1654.222
20098,1654.226
20099,1654.229
20100,1654.232
20101,1654.238
20102,1654.241
20103,1654.246
20104,1654.260
20105,1654.263
20106,1654.520
20107,1654.588
20108,1654.593
20109,1654.597
20110,1654.600
20111,1654.606
20112,1654.612
20113,1654.618
20114,1654.625
20115,1654.631
20116,1654.637
20117,1654.644
20118,1654.650
20119,1654.657
20120,1654.663
20121,1655.083
20122,1655.087
20123,1655.092
20124,1655.471
20125,1655.476
20126,1655.481
20127,1655.874
20128,1655.880
20129,1655.884
20130,1656.303
20131,1656.309
20132,1656.313
20133,1656.466
20134,1656.562
20135,1656.568
20136,1656.573
20137,1656.577
20138,1656.582
20139,1656.586
20140,1656.591
20141,1656.635
20142,1656.726
20143,1657.190
20144,1657.195
20145,1657.200
20146,1657.204
20147,1657.620
20148,1657.627
20149,1657.632
20150,1657.637
20151,1658.067
20152,1658.073
20153,1658.077
20154,1658.082
20155,1658.491
20156,1658.497
20157,1658.501
20158,1658.506
20159,1658.951
20160,1658.960
20161,1658.968
20162,1658.974
20163,1659.418
20164,1659.425
20165,1659.431
20166,1659.435
20167,1659.577
20168,1659.646
20169,1659.649
20170,1659.653
20171,1659.656
20172,1659.660
20173,1659.693
20174,1659.780
20175,1660.288
20176,1660.299
20177,1660.309
20178,1660.315
20179,1660.796
20180,1660.802
20181,1660.807
20182,1660.812
20183,1661.228
20184,1661.233
20185,1661.238
20186,1661.242
20187,1661.654
20188,1661.659
20189,1661.664
20190,1661.669
20191,1661.811
20192,1661.883
20193,1661.889
20194,1661.895
20195,1661.900
20196,1661.906
20197,1661.912
20198,1661.917
20199,1661.923
20200,1661.929
20201,1661.934
20202,1661.940
20203,1661.945
20204,1661.951
20205,1661.957
20206,1661.963
20207,1661.969
20208,1661.974
20209,1661.981
20210,1661.986
20211,1661.992
20212,1661.998
20213,1662.033
20214,1662.098
20215,1662.515
20216,1662.520
20217,1662.526
20218,1662.530
20219,1662.960
20220,1662.972
20221,1662.979
20222,1662.985
20223,1663.539
20224,1663.551
20225,1663.563
20226,1663.569
20227,1664.065
20228,1664.073
20229,1664.078
20230,1664.083
20231,1664.504
20232,1664.513
20233,1664.518
20234,1664.522
20235,1664.991
20236,1665.000
20237,1665.006
20238,1665.011
20239,1665.481
20240,1665.490
20241,1665.495
20242,1665.500
20243,1665.984
20244,1665.992
20245,1666.001
20246,1666.006
20247,1666.427
20248,1666.436
20249,1666.441
20250,1666.446
20251,1666.887
20252,1666.896
20253,1666.902
20254,1666.909
20255,1667.414
20256,1667.424
20257,1667.435
20258,1667.442
20259,1667.992
20260,1668.003
20261,1668.012
20262,1668.019
20263,1668.468
20264,1668.476
20265,1668.484
20266,1668.490
20267,1668.956
20268,1668.965
20269,1668.973
20270,1668.978
20271,1669.417
20272,1669.425
20273,1669.431
20274,1669.436
20275,1669.879
20276,1669.887
20277,1669.893
20278,1669.898
20279,1670.337
20280,1670.344
20281,1670.350
20282,1670.355
20283,1670.792
20284,1670.800
20285,1670.806
20286,1670.812
20287,1671.324
20288,1671.335
20289,1671.345
20290,1671.351
20291,1671.852
20292,1671.863
20293,1671.875
20294,1671.882
20295,1672.331
20296,1672.336
20297,1672.341
20298,1672.777
20299,1672.783
20300,1672.788
20301,1673.211
20302,1673.217
20303,1673.222
20304,1673.626
20305,1673.631
20306,1673.636
20307,1674.080
20308,1674.086
20309,1674.091
20310,1674.522
20311,1674.528
20312,1674.533
20313,1674.965
20314,1674.970
20315,1674.975
20316,1675.322
20317,1675.424
20318,1675.429
20319,1675.434
20320,1675.439
20321,1675.449
20322,1675.458
20323,1675.468
20324,1675.478
20325,1675.487
20326,1675.491
20327,1675.497
20328,1675.503
20329,1675.513
20330,1675.519
20331,1675.974
20332,1675.979
20333,1675.983
20334,1676.388
20335,1676.393
20336,1676.397
20337,1676.809
20338,1676.815
20339,1676.820
20340,1677.235
20341,1677.241
20342,1677.245
20343,1677.384
20344,1677.453
20345,1677.456
20346,1677.460
20347,1677.463
20348,1677.467
20349,1677.470
20350,1677.473
20351,1677.506
20352,1677.574
20353,1678.000
20354,1678.006
20355,1678.011
20356,1678.016
20357,1678.449
20358,1678.456
20359,1678.461
20360,1678.466
20361,1678.955
20362,1678.962
20363,1678.968
20364,1678.973
20365,1679.445
20366,1679.452
20367,1679.458
20368,1679.463
20369,1679.921
20370,1679.929
20371,1679.937
20372,1679.942
20373,1680.370
20374,1680.377
20375,1680.382
20376,1680.387
20377,1680.528
20378,1680.595
20379,1680.599
20380,1680.603
20381,1680.606
20382,1680.609
20383,1680.642
20384,1680.709
20385,1681.133
20386,1681.140
20387,1681.147
20388,1681.151
20389,1681.546
20390,1681.551
20391,1681.556
20392,1681.560
20393,1681.957
20394,1681.962
20395,1681.967
20396,1681.971
20397,1682.395
20398,1682.401
20399,1682.407
20400,1682.412
20401,1682.588
20402,1682.683
20403,1682.692
20404,1682.700
20405,1682.709
20406,1682.718
20407,1682.726
20408,1682.735
20409,1682.744
20410,1682.752
20411,1682.762
20412,1682.771
20413,1682.781
20414,1682.791
20415,1682.801
20416,1682.809
20417,1682.816
20418,1682.822
20419,1682.828
20420,1682.834
20421,1682.840
20422,1682.846
20423,1682.880
20424,1682.946
20425,1683.352
20426,1683.358
20427,1683.363
20428,1683.368
20429,1683.769
20430,1683.777
20431,1683.782
20432,1683.786
20433,1684.226
20434,1684.233
20435,1684.241
20436,1684.246
20437,1684.643
20438,1684.651
20439,1684.655
20440,1684.660
20441,1685.045
20442,1685.053
20443,1685.057
20444,1685.062
20445,1685.486
20446,1685.497
20447,1685.504
20448,1685.510
20449,1685.990
20450,1686.000
20451,1686.006
20452,1686.013
20453,1686.485
20454,1686.493
20455,1686.501
20456,1686.505
20457,1686.895
20458,1686.902
20459,1686.907
20460,1686.912
20461,1687.323
20462,1687.330
20463,1687.336
20464,1687.341
20465,1687.739
20466,1687.747
20467,1687.754
20468,1687.760
20469,1688.181
20470,1688.191
20471,1688.199
20472,1688.205
20473,1688.608
20474,1688.616
20475,1688.624
20476,1688.629
20477,1689.048
20478,1689.058
20479,1689.068
20480,1689.075
20481,1689.530
20482,1689.540
20483,1689.546
20484,1689.553
20485,1689.993
20486,1690.001
20487,1690.006
20488,1690.011
20489,1690.404
20490,1690.411
20491,1690.416
20492,1690.420
20493,1690.807
20494,1690.815
20495,1690.820
20496,1690.825
20497,1691.210
20498,1691.217
20499,1691.224
20500,1691.228
20501,1691.615
20502,1691.622
20503,1691.629
20504,1691.633
20505,1692.008
20506,1692.013
20507,1692.017
20508,1692.396
20509,1692.401
20510,1692.406
20511,1692.555
20512,1692.638
20513,1692.643
20514,1692.647
20515,1692.691
20516,1692.769
20517,1692.810
20518,1692.815
20519,1692.819
20520,1692.972
20521,1692.982
20522,1692.987
20523,1692.991
20524,1693.122
20525,1693.126
20526,1693.130
20527,1693.395
20528,1693.401
20529,1693.405
20530,1693.408
20531,1693.784
20532,1693.789
20533,1693.793
20534,1694.176
20535,1694.181
20536,1694.186
20537,1694.566
20538,1694.572
20539,1694.576
20540,1694.958
20541,1694.963
20542,1694.968
20543,1695.246
20544,1695.313
20545,1695.317
20546,1695.320
20547,1695.324
20548,1695.329
20549,1695.335
20550,1695.341
20551,1695.346
20552,1695.351
20553,1695.357
20554,1695.363
20555,1695.368
20556,1695.374
20557,1695.380
20558,1695.710
20559,1695.715
20560,1695.720
20561,1696.059
20562,1696.064
20563,1696.069
20564,1696.408
20565,1696.412
20566,1696.416
20567,1696.707
20568,1696.711
20569,1696.715
20570,1696.844
20571,1696.902
20572,1696.906
20573,1696.909
20574,1696.912
20575,1696.915
20576,1696.919
20577,1696.922
20578,1696.951
20579,1697.010
20580,1697.306
20581,1697.311
20582,1697.315
20583,1697.319
20584,1697.614
20585,1697.619
20586,1697.623
20587,1697.627
20588,1697.927
20589,1697.934
20590,1697.938
20591,1697.942
20592,1698.234
20593,1698.241
20594,1698.245
20595,1698.249
20596,1698.551
20597,1698.558
20598,1698.564
20599,1698.568
20600,1698.891
20601,1698.900
20602,1698.905
20603,1698.910
20604,1699.074
20605,1699.157
20606,1699.162
20607,1699.166
20608,1699.170
20609,1699.175
20610,1699.219
20611,1699.308
20612,1699.613
20613,1699.618
20614,1699.622
20615,1699.626
20616,1699.922
20617,1699.926
20618,1699.930
20619,1699.934
20620,1700.236
20621,1700.241
20622,1700.246
20623,1700.249
20624,1700.546
20625,1700.550
20626,1700.554
20627,1700.558
20628,1700.696
20629,1700.763
20630,1700.769
20631,1700.774
20632,1700.780
20633,1700.785
20634,1700.791
20635,1700.796
20636,1700.801
20637,1700.806
20638,1700.812
20639,1700.817
20640,1700.823
20641,1700.829
20642,1700.834
20643,1700.840
20644,1700.846
20645,1700.851
20646,1700.857
20647,1700.863
20648,1700.869
20649,1700.875
20650,1700.908
20651,1700.970
20652,1701.275
20653,1701.282
20654,1701.288
20655,1701.293
20656,1701.634
20657,1701.644
20658,1701.654
20659,1701.658
20660,1702.029
20661,1702.040
20662,1702.049
20663,1702.055
20664,1702.402
20665,1702.409
20666,1702.413
20667,1702.417
20668,1702.713
20669,1702.720
20670,1702.724
20671,1702.727
20672,1703.035
20673,1703.042
20674,1703.048
20675,1703.052
20676,1703.367
20677,1703.374
20678,1703.380
20679,1703.383
20680,1703.695
20681,1703.701
20682,1703.707
20683,1703.711
20684,1704.013
20685,1704.020
20686,1704.027
20687,1704.030
20688,1704.342
20689,1704.349
20690,1704.355
20691,1704.359
20692,1704.660
20693,1704.667
20694,1704.673
20695,1704.677
20696,1705.015
20697,1705.025
20698,1705.035
20699,1705.041
20700,1705.400
20701,1705.410
20702,1705.419
20703,1705.424
20704,1705.782
20705,1705.789
20706,1705.795
20707,1705.799
20708,1706.103
20709,1706.110
20710,1706.118
20711,1706.122
20712,1706.426
20713,1706.433
20714,1706.439
20715,1706.443
20716,1706.747
20717,1706.754
20718,1706.760
20719,1706.764
20720,1707.062
20721,1707.068
20722,1707.075
20723,1707.078
20724,1707.374
20725,1707.381
20726,1707.385
20727,1707.389
20728,1707.690
20729,1707.697
20730,1707.703
20731,1707.707
20732,1708.003
20733,1708.008
20734,1708.013
20735,1708.318
20736,1708.323
20737,1708.328
20738,1708.680
20739,1708.686
20740,1708.691
20741,1709.031
20742,1709.036
20743,1709.042
20744,1709.370
20745,1709.374
20746,1709.378
20747,1709.669
20748,1709.674
20749,1709.678
20750,1709.975
20751,1709.980
20752,1709.984
20753,1710.091
20754,1710.461
20755,1710.465
20756,1710.469
20757,1710.618
20758,1710.721
20759,1710.747
20760,1710.861
20761,1710.890
20762,1711.101
20763,1711.105
20764,1711.410
20765,1711.414
20766,1711.571
20767,1711.575
20768,1712.261
20769,1712.267
20770,1712.601
20771,1712.801
20772,1712.805
20773,1712.940
20774,1712.945
20775,1712.948
20776,1712.988
20777,1712.994
20778,1712.997
20779,1713.002
20780,1713.007
20781,1713.012
20782,1713.017
20783,1713.022
20784,1713.027
20785,1713.031
20786,1713.036
20787,1713.041
20788,1713.046
20789,1713.051
20790,1713.055
20791,1713.189
20792,1713.193
20793,1713.197
20794,1713.314
20795,1713.328
20796,1713.332
20797,1713.362
20798,1713.422
20799,1713.426
20800,1713.430
20801,1713.460
20802,1713.522
20803,1713.527
20804,1713.567
20805,1713.583
20806,1713.587
20807,1713.600
20808,1713.603
20809,1713.608
20810,1713.611
20811,1713.644
20812,1713.660
20813,1713.664
20814,1713.704
20815,1713.708
20816,1713.714
20817,1713.717
20818,1713.753
20819,1713.758
20820,1713.763
20821,1713.767
20822,1713.771
20823,1713.784
20824,1713.787
20825,1713.829
20826,1713.834
20827,1713.837
20828,1713.842
20829,1713.846
20830,1713.879
20831,1713.895
20832,1713.898
20833,1713.908
20834,1713.921
20835,1713.924
20836,1713.984
20837,1713.993
20838,1714.003
20839,1714.008
20840,1714.014
20841,1714.022
20842,1714.027
20843,1714.032
20844,1714.039
20845,1714.064
20846,1714.069
20847,1714.088
20848,1714.110
20849,1714.115
20850,1714.200
20851,1714.292
20852,1714.313
20853,1714.317
20854,1714.325
20855,1714.352
20856,1714.376
20857,1714.381
20858,1714.468
20859,1714.603
20860,1714.608
20861,1714.612
20862,1714.663
20863,1714.669
20864,1714.675
20865,1714.681
20866,1714.687
20867,1714.692
20868,1714.698
20869,1714.704
20870,1714.709
20871,1714.714
20872,1714.720
20873,1714.725
20874,1714.731
20875,1714.736
20876,1714.742
20877,1714.748
20878,1714.754
20879,1714.760
20880,1714.766
20881,1714.772
20882,1714.777
20883,1714.783
20884,1714.790
20885,1714.796
20886,1714.802
20887,1714.809
20888,1714.815
20889,1714.822
20890,1714.829
20891,1714.835
20892,1714.842
20893,1714.981
20894,1714.988
20895,1714.992
20896,1715.161
20897,1715.178
20898,1715.182
20899,1715.269
20900,1715.285
20901,1715.288
20902,1715.328
20903,1715.344
20904,1715.348
20905,1715.360
20906,1715.376
20907,1715.379
20908,1715.423
20909,1715.430
20910,1715.434
20911,1715.466
20912,1715.471
20913,1715.476
20914,1715.480
20915,1715.514
20916,1715.520
20917,1715.527
20918,1715.534
20919,1715.561
20920,1715.578
20921,1715.582
20922,1715.606
20923,1715.622
20924,1715.626
20925,1715.638
20926,1715.654
20927,1715.658
20928,1715.670
20929,1715.686
20930,1715.690
20931,1715.722
20932,1715.737
20933,1715.741
20934,1715.805
20935,1715.815
20936,1715.822
20937,1715.831
20938,1715.866
20939,1715.893
20940,1715.904
20941,1715.935
20942,1715.960
20943,1715.969
20944,1716.028
20945,1716.038
20946,1716.047
20947,1716.056
20948,1716.079
20949,1716.104
20950,1716.114
20951,1716.154
20952,1716.180
20953,1716.186
20954,1716.201
20955,1716.218
20956,1716.224
20957,1716.247
20958,1716.264
20959,1716.271
20960,1716.287
20961,1716.303
20962,1716.310
20963,1716.324
20964,1716.340
20965,1716.346
20966,1716.387
20967,1716.404
20968,1716.410
20969,1716.440
20970,1716.456
20971,1716.463
20972,1716.509
20973,1716.526
20974,1716.532
20975,1716.573
20976,1716.590
20977,1716.596
20978,1716.627
20979,1716.690
20980,1716.695
20981,1716.699
20982,1716.730
20983,1716.798
20984,1716.804
20985,1716.817
20986,1716.833
20987,1716.839
20988,1716.872
20989,1716.888
20990,1716.893
20991,1716.905
20992,1716.908
20993,1716.911
20994,1717.004
20995,1717.178
20996,1717.184
20997,1717.189
20998,1717.195
20999,1717.198
21000,1717.300
21001,1717.314
21002,1717.323
21003,1717.326
21004,1717.355
21005,1717.379
21006,1717.393
21007,1717.398
21008,1717.432
21009,1717.520
21010,1717.533
21011,1717.570
21012,1717.658
21013,1717.673
21014,1717.850
21015,1717.856
21016,1717.860
21017,1717.969
21018,1717.973
21019,1717.976
21020,1718.105
21021,1718.112
21022,1718.115
21023,1718.219
21024,1718.223
21025,1718.227
21026,1718.352
21027,1718.356
21028,1718.361
21029,1718.367
21030,1718.372
21031,1718.375
21032,1718.413
21033,1718.417
21034,1718.420
21035,1718.423
21036,1718.426
21037,1718.429
21038,1718.434
21039,1718.437
21040,1718.440
21041,1718.444
21042,1718.449
21043,1718.452
21044,1718.573
21045,1718.577
21046,1718.581
21047,1718.709
21048,1718.713
21049,1718.812
21050,1718.816
21051,1718.820
21052,1718.920
21053,1718.924
21054,1718.927
21055,1719.457
21056,1719.461
21057,1719.584
21058,1719.610
21059,1719.614
21060,1719.618
21061,1719.624
21062,1719.630
21063,1719.635
21064,1719.641
21065,1719.726
21066,1719.832
21067,1719.852
21068,1719.855
21069,1719.862
21070,1719.871
21071,1719.880
21072,1719.889
21073,1719.907
21074,1719.939
21075,1720.345
21076,1720.350
21077,1720.356
21078,1720.361
21079,1720.366
21080,1720.763
21081,1720.768
21082,1720.772
21083,1720.777
21084,1720.781
21085,1721.129
21086,1721.134
21087,1721.141
21088,1721.147
21089,1721.152
21090,1721.500
21091,1721.505
21092,1721.512
21093,1721.516
21094,1721.520
21095,1721.865
21096,1721.869
21097,1721.876
21098,1721.880
21099,1721.885
21100,1722.225
21101,1722.230
21102,1722.234
21103,1722.238
21104,1722.358
21105,1722.361
21106,1722.365
21107,1722.368
21108,1722.371
21109,1722.480
21110,1722.503
21111,1722.615
21112,1722.619
21113,1722.623
21114,1722.753
21115,1722.759
21116,1722.763
21117,1722.880
21118,1722.908
21119,1722.913
21120,1722.919
21121,1722.924
21122,1722.929
21123,1722.934
21124,1722.939
21125,1722.944
21126,1722.949
21127,1722.962
21128,1722.982
21129,1723.378
21130,1723.384
21131,1723.390
21132,1723.396
21133,1723.401
21134,1723.798
21135,1723.803
21136,1723.809
21137,1723.815
21138,1723.821
21139,1724.208
21140,1724.213
21141,1724.218
21142,1724.222
21143,1724.227
21144,1724.577
21145,1724.582
21146,1724.588
21147,1724.593
21148,1724.597
21149,1724.955
21150,1724.960
21151,1724.967
21152,1724.973
21153,1724.978
21154,1725.339
21155,1725.344
21156,1725.351
21157,1725.358
21158,1725.363
21159,1725.720
21160,1725.725
21161,1725.733
21162,1725.740
21163,1725.746
21164,1726.100
21165,1726.104
21166,1726.112
21167,1726.117
21168,1726.121
21169,1726.237
21170,1726.256
21171,1726.260
21172,1726.270
21173,1726.294
21174,1726.641
21175,1726.646
21176,1726.652
21177,1726.656
21178,1726.660
21179,1726.796
21180,1726.826
21181,1726.831
21182,1726.844
21183,1726.879
21184,1727.279
21185,1727.285
21186,1727.291
21187,1727.296
21188,1727.301
21189,1727.437
21190,1727.465
21191,1727.470
21192,1727.485
21193,1727.513
21194,1727.863
21195,1727.868
21196,1727.872
21197,1727.877
21198,1727.881
21199,1728.174
21200,1728.248
21201,1728.259
21202,1728.260
21203,1728.266
21204,1728.272
21205,1728.278
21206,1728.284
21207,1728.290
21208,1728.297
21209,1728.303
21210,1728.309
21211,1728.316
21212,1728.322
21213,1728.329
21214,1728.788
21215,1728.793
21216,1728.797
21217,1728.948
21218,1728.952
21219,1728.956
21220,1728.960
21221,1728.963
21222,1729.101
21223,1729.165
21224,1729.329
21225,1729.333
21226,1729.339
21227,1729.342
21228,1729.944
21229,1729.950
21230,1730.470
21231,1730.476
21232,1730.481
21233,1730.988
21234,1730.993
21235,1730.997
21236,1731.136
21237,1731.200
21238,1731.205
21239,1731.210
21240,1731.215
21241,1731.220
21242,1731.226
21243,1731.231
21244,1731.261
21245,1731.324
21246,1731.779
21247,1731.786
21248,1731.792
21249,1731.796
21250,1732.276
21251,1732.283
21252,1732.290
21253,1732.294
21254,1732.770
21255,1732.777
21256,1732.784
21257,1732.789
21258,1733.292
21259,1733.302
21260,1733.312
21261,1733.317
21262,1733.911
21263,1733.922
21264,1733.933
21265,1733.939
21266,1734.441
21267,1734.450
21268,1734.455
21269,1734.460
21270,1734.599
21271,1734.666
21272,1734.670
21273,1734.674
21274,1734.677
21275,1734.681
21276,1734.713
21277,1734.776
21278,1735.257
21279,1735.264
21280,1735.271
21281,1735.275
21282,1735.782
21283,1735.789
21284,1735.794
21285,1735.798
21286,1736.268
21287,1736.275
21288,1736.280
21289,1736.285
21290,1736.812
21291,1736.822
21292,1736.827
21293,1736.834
21294,1737.013
21295,1737.113
21296,1737.122
21297,1737.130
21298,1737.139
21299,1737.147
21300,1737.157
21301,1737.165
21302,1737.175
21303,1737.185
21304,1737.195
21305,1737.206
21306,1737.212
21307,1737.218
21308,1737.225
21309,1737.231
21310,1737.238
21311,1737.245
21312,1737.251
21313,1737.258
21314,1737.265
21315,1737.272
21316,1737.307
21317,1737.375
21318,1737.858
21319,1737.866
21320,1737.874
21321,1737.879
21322,1738.380
21323,1738.388
21324,1738.398
21325,1738.404
21326,1738.943
21327,1738.951
21328,1738.959
21329,1738.965
21330,1739.445
21331,1739.452
21332,1739.459
21333,1739.464
21334,1739.958
21335,1739.968
21336,1739.978
21337,1739.984
21338,1740.556
21339,1740.567
21340,1740.577
21341,1740.583
21342,1741.130
21343,1741.137
21344,1741.144
21345,1741.149
21346,1741.668
21347,1741.677
21348,1741.684
21349,1741.691
21350,1742.164
21351,1742.171
21352,1742.178
21353,1742.182
21354,1742.675
21355,1742.683
21356,1742.690
21357,1742.695
21358,1743.182
21359,1743.189
21360,1743.197
21361,1743.202
21362,1743.724
21363,1743.736
21364,1743.748
21365,1743.756
21366,1744.343
21367,1744.353
21368,1744.363
21369,1744.369
21370,1744.904
21371,1744.911
21372,1744.919
21373,1744.923
21374,1745.405
21375,1745.413
21376,1745.420
21377,1745.424
21378,1745.917
21379,1745.924
21380,1745.932
21381,1745.936
21382,1746.418
21383,1746.425
21384,1746.432
21385,1746.437
21386,1746.941
21387,1746.948
21388,1746.956
21389,1746.961
21390,1747.103
21391,1747.168
21392,1747.174
21393,1747.205
21394,1747.288
21395,1747.479
21396,1747.490
21397,1747.498
21398,1747.506
21399,1747.676
21400,1747.764
21401,1747.773
21402,1747.781
21403,1747.955
21404,1747.962
21405,1747.968
21406,1747.971
21407,1747.975
21408,1748.125
21409,1748.131
21410,1748.138
21411,1748.144
21412,1748.149
21413,1748.294
21414,1748.300
21415,1748.306
21416,1748.311
21417,1748.316
21418,1748.474
21419,1748.480
21420,1748.486
21421,1748.492
21422,1748.643
21423,1748.649
21424,1748.655
21425,1748.661
21426,1748.667
21427,1748.672
21428,1748.829
21429,1748.835
21430,1748.841
21431,1748.845
21432,1748.849
21433,1748.852
21434,1748.994
21435,1749.000
21436,1749.006
21437,1749.011
21438,1749.044
21439,1749.111
21440,1749.117
21441,1749.150
21442,1749.218
21443,1749.251
21444,1749.255
21445,1749.259
21446,1749.379
21447,1749.385
21448,1749.392
21449,1749.397
21450,1749.403
21451,1749.409
21452,1749.595
21453,1749.604
21454,1749.613
21455,1749.623
21456,1749.632
21457,1749.806
21458,1749.898
21459,1750.087
21460,1750.093
21461,1750.099
21462,1750.105
21463,1750.110
21464,1750.116
21465,1750.122
21466,1750.286
21467,1750.293
21468,1750.299
21469,1750.304
21470,1750.308
21471,1750.312
21472,1750.315
21473,1750.455
21474,1750.461
21475,1750.467
21476,1750.473
21477,1750.505
21478,1750.572
21479,1750.576
21480,1750.579
21481,1750.611
21482,1750.675
21483,1750.705
21484,1750.767
21485,1750.912
21486,1750.917
21487,1750.921
21488,1750.927
21489,1750.930
21490,1751.118
21491,1751.123
21492,1751.127
21493,1751.243
21494,1751.308
21495,1751.312
21496,1751.427
21497,1751.434
21498,1751.439
21499,1751.443
21500,1751.446
21501,1751.582
21502,1751.589
21503,1751.594
21504,1751.600
21505,1751.757
21506,1751.766
21507,1751.771
21508,1751.776
21509,1751.943
21510,1751.948
21511,1751.953
21512,1751.957
21513,1751.961
21514,1751.965
21515,1752.006
21516,1752.094
21517,1752.103
21518,1752.282
21519,1752.287
21520,1752.293
21521,1752.297
21522,1752.443
21523,1752.450
21524,1752.456
21525,1752.460
21526,1752.463
21527,1752.606
21528,1752.613
21529,1752.618
21530,1752.624
21531,1752.768
21532,1752.774
21533,1752.780
21534,1752.784
21535,1752.787
21536,1752.923
21537,1752.927
21538,1752.931
21539,1752.934
21540,1752.937
21541,1753.429
21542,1753.434
21543,1753.439
21544,1753.917
21545,1753.922
21546,1753.927
21547,1754.389
21548,1754.394
21549,1754.398
21550,1754.888
21551,1754.898
21552,1754.903
21553,1755.451
21554,1755.461
21555,1755.466
21556,1755.993
21557,1755.998
21558,1756.003
21559,1756.309
21560,1756.383
21561,1756.389
21562,1756.395
21563,1756.401
21564,1756.406
21565,1756.412
21566,1756.418
21567,1756.424
21568,1756.430
21569,1756.436
21570,1756.442
21571,1756.448
21572,1756.455
21573,1756.461
21574,1756.923
21575,1756.927
21576,1756.932
21577,1757.082
21578,1757.087
21579,1757.091
21580,1757.094
21581,1757.097
21582,1757.248
21583,1757.309
21584,1757.462
21585,1757.466
21586,1757.471
21587,1757.475
21588,1757.759
21589,1757.768
21590,1757.773
21591,1758.313
21592,1758.319
21593,1758.324
21594,1758.861
21595,1758.867
21596,1758.873
21597,1759.020
21598,1759.091
21599,1759.098
21600,1759.104
21601,1759.109
21602,1759.115
21603,1759.121
21604,1759.126
21605,1759.160
21606,1759.226
21607,1759.719
21608,1759.726
21609,1759.733
21610,1759.737
21611,1760.243
21612,1760.251
21613,1760.257
21614,1760.262
21615,1760.775
21616,1760.783
21617,1760.790
21618,1760.795
21619,1761.266
21620,1761.273
21621,1761.280
21622,1761.285
21623,1761.863
21624,1761.873
21625,1761.884
21626,1761.891
21627,1762.439
21628,1762.446
21629,1762.453
21630,1762.458
21631,1762.597
21632,1762.664
21633,1762.668
21634,1762.673
21635,1762.679
21636,1762.684
21637,1762.715
21638,1762.778
21639,1763.250
21640,1763.257
21641,1763.264
21642,1763.269
21643,1763.733
21644,1763.740
21645,1763.745
21646,1763.749
21647,1764.216
21648,1764.223
21649,1764.228
21650,1764.232
21651,1764.699
21652,1764.705
21653,1764.710
21654,1764.714
21655,1764.879
21656,1764.977
21657,1764.985
21658,1764.993
21659,1765.001
21660,1765.009
21661,1765.017
21662,1765.024
21663,1765.032
21664,1765.041
21665,1765.049
21666,1765.057
21667,1765.066
21668,1765.074
21669,1765.083
21670,1765.091
21671,1765.100
21672,1765.109
21673,1765.118
21674,1765.127
21675,1765.136
21676,1765.144
21677,1765.192
21678,1765.265
21679,1765.737
21680,1765.744
21681,1765.752
21682,1765.756
21683,1766.233
21684,1766.240
21685,1766.247
21686,1766.252
21687,1766.764
21688,1766.772
21689,1766.780
21690,1766.785
21691,1767.263
21692,1767.271
21693,1767.279
21694,1767.283
21695,1767.757
21696,1767.764
21697,1767.772
21698,1767.776
21699,1768.329
21700,1768.339
21701,1768.350
21702,1768.358
21703,1768.939
21704,1768.947
21705,1768.954
21706,1768.959
21707,1769.477
21708,1769.485
21709,1769.493
21710,1769.498
21711,1769.984
21712,1769.991
21713,1769.999
21714,1770.003
21715,1770.499
21716,1770.506
21717,1770.514
21718,1770.518
21719,1771.008
21720,1771.016
21721,1771.024
21722,1771.029
21723,1771.545
21724,1771.554
21725,1771.562
21726,1771.568
21727,1772.127
21728,1772.137
21729,1772.148
21730,1772.154
21731,1772.720
21732,1772.731
21733,1772.739
21734,1772.743
21735,1773.249
21736,1773.258
21737,1773.266
21738,1773.271
21739,1773.791
21740,1773.799
21741,1773.807
21742,1773.812
21743,1774.314
21744,1774.321
21745,1774.329
21746,1774.333
21747,1774.827
21748,1774.835
21749,1774.842
21750,1774.847
21751,1774.990
21752,1775.057
21753,1775.062
21754,1775.093
21755,1775.157
21756,1775.324
21757,1775.333
21758,1775.344
21759,1775.353
21760,1775.532
21761,1775.621
21762,1775.629
21763,1775.638
21764,1775.831
21765,1775.841
21766,1775.852
21767,1775.857
21768,1775.862
21769,1776.025
21770,1776.032
21771,1776.038
21772,1776.044
21773,1776.050
21774,1776.199
21775,1776.205
21776,1776.210
21777,1776.216
21778,1776.221
21779,1776.381
21780,1776.388
21781,1776.394
21782,1776.400
21783,1776.557
21784,1776.564
21785,1776.571
21786,1776.577
21787,1776.583
21788,1776.588
21789,1776.752
21790,1776.758
21791,1776.769
21792,1776.770
21793,1776.774
21794,1776.778
21795,1776.920
21796,1776.926
21797,1776.932
21798,1776.937
21799,1776.972
21800,1777.037
21801,1777.043
21802,1777.074
21803,1777.141
21804,1777.173
21805,1777.180
21806,1777.187
21807,1777.311
21808,1777.318
21809,1777.325
21810,1777.331
21811,1777.337
21812,1777.343
21813,1777.503
21814,1777.513
21815,1777.523
21816,1777.532
21817,1777.541
21818,1777.716
21819,1777.804
21820,1777.996
21821,1778.005
21822,1778.015
21823,1778.026
21824,1778.037
21825,1778.048
21826,1778.059
21827,1778.230
21828,1778.237
21829,1778.244
21830,1778.248
21831,1778.252
21832,1778.256
21833,1778.260
21834,1778.406
21835,1778.412
21836,1778.417
21837,1778.423
21838,1778.454
21839,1778.519
21840,1778.523
21841,1778.526
21842,1778.564
21843,1778.634
21844,1778.666
21845,1778.731
21846,1778.889
21847,1778.893
21848,1778.897
21849,1778.903
21850,1778.907
21851,1779.100
21852,1779.104
21853,1779.108
21854,1779.225
21855,1779.289
21856,1779.292
21857,1779.409
21858,1779.417
21859,1779.423
21860,1779.427
21861,1779.431
21862,1779.583
21863,1779.590
21864,1779.596
21865,1779.601
21866,1779.746
21867,1779.751
21868,1779.758
21869,1779.763
21870,1779.935
21871,1779.940
21872,1779.948
21873,1779.953
21874,1779.958
21875,1779.962
21876,1780.006
21877,1780.092
21878,1780.101
21879,1780.276
21880,1780.281
21881,1780.291
21882,1780.295
21883,1780.449
21884,1780.455
21885,1780.462
21886,1780.466
21887,1780.470
21888,1780.609
21889,1780.616
21890,1780.621
21891,1780.627
21892,1780.773
21893,1780.779
21894,1780.786
21895,1780.789
21896,1780.793
21897,1780.932
21898,1780.937
21899,1780.941
21900,1780.946
21901,1780.949
21902,1781.425
21903,1781.430
21904,1781.435
21905,1781.933
21906,1781.938
21907,1781.943
21908,1782.422
21909,1782.427
21910,1782.433
21911,1782.922
21912,1782.934
21913,1782.940
21914,1783.504
21915,1783.514
21916,1783.519
21917,1784.062
21918,1784.067
21919,1784.072
21920,1784.205
21921,1784.209
21922,1784.345
21923,1784.412
21924,1784.523
21925,1784.693
21926,1784.707
21927,1784.711
21928,1784.721
21929,1784.724
21930,1784.806
21931,1784.818
21932,1784.849
21933,1784.910
21934,1784.916
21935,1784.929
21936,1784.932
21937,1785.619
21938,1785.625
21939,1785.630
21940,1785.962
21941,1786.509
21942,1786.515
21943,1786.521
21944,1786.525
21945,1786.774
21946,1787.459
21947,1787.464
21948,1787.468
21949,1787.785
21950,1788.002
21951,1788.006
21952,1788.149
21953,1788.153
21954,1788.157
21955,1788.199
21956,1788.205
21957,1788.209
21958,1788.213
21959,1788.218
21960,1788.221
21961,1788.227
21962,1788.230
21963,1788.235
21964,1788.241
21965,1788.246
21966,1788.252
21967,1788.257
21968,1788.262
21969,1788.408
21970,1788.413
21971,1788.417
21972,1788.512
21973,1788.527
21974,1788.531
21975,1788.609
21976,1788.695
21977,1788.710
21978,1788.714
21979,1788.794
21980,1788.885
21981,1788.913
21982,1788.917
21983,1788.950
21984,1788.975
21985,1788.979
21986,1788.999
21987,1789.026
21988,1789.031
21989,1789.049
21990,1789.072
21991,1789.076
21992,1789.122
21993,1789.148
21994,1789.153
21995,1789.172
21996,1789.199
21997,1789.203
21998,1789.224
21999,1789.253
22000,1789.258
22001,1789.310
22002,1789.327
22003,1789.330
22004,1789.342
22005,1789.345
22006,1789.348
22007,1789.447
22008,1789.614
22009,1789.619
22010,1789.624
22011,1789.628
22012,1789.727
22013,1789.791
22014,1789.802
22015,1789.833
22016,1789.848
22017,1789.859
22018,1789.863
22019,1790.019
22020,1790.025
22021,1790.030
22022,1790.142
22023,1790.146
22024,1790.150
22025,1790.288
22026,1790.292
22027,1790.298
22028,1790.305
22029,1790.310
22030,1790.314
22031,1790.353
22032,1790.357
22033,1790.361
22034,1790.365
22035,1790.368
22036,1790.371
22037,1790.377
22038,1790.380
22039,1790.650
22040,1790.707
22041,1790.714
22042,1790.720
22043,1790.727
22044,1790.734
22045,1790.740
22046,1790.747
22047,1790.753
22048,1790.760
22049,1790.766
22050,1790.773
22051,1790.780
22052,1790.786
22053,1790.793
22054,1791.031
22055,1791.036
22056,1791.042
22057,1791.310
22058,1791.315
22059,1791.320
22060,1791.584
22061,1791.589
22062,1791.595
22063,1791.863
22064,1791.869
22065,1791.874
22066,1792.010
22067,1792.066
22068,1792.072
22069,1792.077
22070,1792.083
22071,1792.088
22072,1792.093
22073,1792.099
22074,1792.124
22075,1792.174
22076,1792.416
22077,1792.422
22078,1792.429
22079,1792.435
22080,1792.665
22081,1792.671
22082,1792.678
22083,1792.682
22084,1792.915
22085,1792.922
22086,1792.929
22087,1792.932
22088,1793.163
22089,1793.170
22090,1793.177
22091,1793.183
22092,1793.432
22093,1793.439
22094,1793.447
22095,1793.452
22096,1793.691
22097,1793.697
22098,1793.704
22099,1793.708
22100,1793.844
22101,1793.892
22102,1793.895
22103,1793.899
22104,1793.906
22105,1793.915
22106,1793.952
22107,1794.021
22108,1794.297
22109,1794.302
22110,1794.307
22111,1794.312
22112,1794.584
22113,1794.594
22114,1794.599
22115,1794.604
22116,1794.845
22117,1794.850
22118,1794.854
22119,1794.857
22120,1795.088
22121,1795.094
22122,1795.098
22123,1795.102
22124,1795.250
22125,1795.305
22126,1795.311
22127,1795.317
22128,1795.322
22129,1795.328
22130,1795.333
22131,1795.339
22132,1795.344
22133,1795.349
22134,1795.354
22135,1795.360
22136,1795.365
22137,1795.370
22138,1795.376
22139,1795.381
22140,1795.386
22141,1795.392
22142,1795.397
22143,1795.403
22144,1795.409
22145,1795.414
22146,1795.440
22147,1795.490
22148,1795.736
22149,1795.742
22150,1795.749
22151,1795.755
22152,1795.996
22153,1796.003
22154,1796.010
22155,1796.016
22156,1796.269
22157,1796.276
22158,1796.283
22159,1796.288
22160,1796.527
22161,1796.533
22162,1796.540
22163,1796.545
22164,1796.808
22165,1796.818
22166,1796.829
22167,1796.834
22168,1797.116
22169,1797.125
22170,1797.134
22171,1797.139
22172,1797.422
22173,1797.432
22174,1797.444
22175,1797.449
22176,1797.704
22177,1797.710
22178,1797.716
22179,1797.721
22180,1797.961
22181,1797.968
22182,1797.974
22183,1797.978
22184,1798.220
22185,1798.227
22186,1798.234
22187,1798.239
22188,1798.513
22189,1798.520
22190,1798.527
22191,1798.534
22192,1798.801
22193,1798.809
22194,1798.816
22195,1798.822
22196,1799.069
22197,1799.076
22198,1799.084
22199,1799.088
22200,1799.332
22201,1799.339
22202,1799.346
22203,1799.352
22204,1799.623
22205,1799.630
22206,1799.637
22207,1799.643
22208,1799.878
22209,1799.884
22210,1799.895
22211,1799.905
22212,1800.188
22213,1800.197
22214,1800.206
22215,1800.216
22216,1800.503
22217,1800.503
22218,1800.513
22219,1800.527
22220,1800.787
22221,1800.793
22222,1800.800
22223,1800.807
22224,1801.052
22225,1801.059
22226,1801.066
22227,1801.072
22228,1801.312
22229,1801.316
22230,1801.320
22231,1801.562
22232,1801.567
22233,1801.571
22234,1801.805
22235,1801.810
22236,1801.814
22237,1802.049
22238,1802.054
22239,1802.058
22240,1802.299
22241,1802.303
22242,1802.307
22243,1802.545
22244,1802.549
22245,1802.554
22246,1802.789
22247,1802.793
22248,1802.797
22249,1802.942
22250,1802.947
22251,1802.950
22252,1802.954
22253,1802.958
22254,1802.961
22255,1802.967
22256,1802.970
22257,1802.973
22258,1802.977
22259,1802.982
22260,1802.986
22261,1803.109
22262,1803.118
22263,1803.127
22264,1803.132
22265,1803.252
22266,1803.261
22267,1803.266
22268,1803.306
22269,1803.318
22270,1803.322
22271,1803.357
22272,1803.431
22273,1803.468
22274,1803.548
22275,1803.729
22276,1803.734
22277,1803.855
22278,1803.859
22279,1803.999
22280,1804.003
22281,1804.136
22282,1804.140
22283,1804.144
22284,1804.281
22285,1804.286
22286,1804.294
22287,1804.299
22288,1804.303
22289,1804.315
22290,1804.319
22291,1804.323
22292,1804.327
22293,1804.464
22294,1804.576
22295,1804.580
22296,1804.684
22297,1804.688
22298,1804.691
22299,1804.796
22300,1804.800
22301,1804.803
22302,1804.915
22303,1804.918
22304,1804.921
22305,1805.031
22306,1805.035
22307,1805.038
22308,1805.041
22309,1805.170
22310,1805.174
22311,1805.178
22312,1805.181
22313,1805.184
22314,1805.187
22315,1805.190
22316,1805.194
22317,1805.198
22318,1805.200
22319,1805.230
22320,1805.325
22321,1805.527
22322,1805.531
22323,1805.535
22324,1805.657
22325,1805.666
22326,1805.671
22327,1805.716
22328,1805.725
22329,1805.729
22330,1805.936
22331,1805.944
22332,1805.949
22333,1806.085
22334,1806.090
22335,1806.095
22336,1806.140
22337,1806.233
22338,1806.243
22339,1806.291
22340,1806.295
22341,1806.299
22342,1806.331
22343,1806.410
22344,1806.421
22345,1806.644
22346,1806.648
22347,1806.773
22348,1806.801
22349,1806.805
22350,1806.808
22351,1807.040
22352,1807.787
22353,1807.793
22354,1807.798
22355,1808.141
22356,1809.492
22357,1809.498
22358,1809.503
22359,1810.033
22360,1810.743
22361,1810.749
22362,1810.753
22363,1811.092
22364,1812.443
22365,1812.449
22366,1812.454
22367,1813.017
22368,1813.157
22369,1813.161
22370,1813.164
22371,1813.168
22372,1813.173
22373,1813.177
22374,1813.182
22375,1813.187
22376,1813.190
22377,1813.288
22378,1813.451
22379,1813.455
22380,1813.460
22381,1813.463
22382,1813.575
22383,1813.579
22384,1813.583
22385,1813.743
22386,1813.750
22387,1813.754
22388,1813.837
22389,1813.841
22390,1813.845
22391,1813.850
22392,1813.867
22393,1813.870
22394,1813.883
22395,1813.887
22396,1813.890
22397,1813.896
22398,1813.899
22399,1813.904
22400,1813.914
22401,1813.946
22402,1813.964
22403,1813.975
22404,1813.979
22405,1813.984
22406,1813.988
22407,1814.106
22408,1814.113
22409,1814.118
22410,1814.121
22411,1814.223
22412,1814.239
22413,1814.243
22414,1814.254
22415,1814.258
22416,1814.263
22417,1814.278
22418,1814.282
22419,1814.287
22420,1814.290
22421,1814.293
22422,1814.298
22423,1814.303
22424,1814.306
22425,1814.317
22426,1814.327
22427,1814.343
22428,1814.358
22429,1814.362
22430,1814.378
22431,1814.404
22432,1814.410
22433,1814.452
22434,1814.479
22435,1814.484
22436,1814.810
22437,1814.908
22438,1814.917
22439,1814.926
22440,1814.935
22441,1814.944
22442,1814.953
22443,1814.963
22444,1814.973
22445,1814.984
22446,1814.995
22447,1815.003
22448,1815.010
22449,1815.017
22450,1815.024
22451,1815.258
22452,1815.262
22453,1815.266
22454,1815.500
22455,1815.504
22456,1815.509
22457,1815.749
22458,1815.753
22459,1815.758
22460,1815.991
22461,1815.995
22462,1815.999
22463,1816.140
22464,1816.205
22465,1816.211
22466,1816.216
22467,1816.222
22468,1816.227
22469,1816.233
22470,1816.238
22471,1816.269
22472,1816.333
22473,1816.571
22474,1816.578
22475,1816.585
22476,1816.592
22477,1816.833
22478,1816.841
22479,1816.847
22480,1816.851
22481,1817.054
22482,1817.060
22483,1817.066
22484,1817.203
22485,1817.295
22486,1817.304
22487,1817.577
22488,1817.587
22489,1817.596
22490,1817.604
22491,1817.838
22492,1817.845
22493,1817.851
22494,1817.978
22495,1818.041
22496,1818.047
22497,1818.287
22498,1818.294
22499,1818.301
22500,1818.307
22501,1818.447
22502,1818.516
22503,1818.522
22504,1818.528
22505,1818.534
22506,1818.540
22507,1818.572
22508,1818.635
22509,1818.873
22510,1818.879
22511,1818.885
22512,1818.890
22513,1819.127
22514,1819.134
22515,1819.140
22516,1819.144
22517,1819.385
22518,1819.391
22519,1819.398
22520,1819.402
22521,1819.643
22522,1819.650
22523,1819.656
22524,1819.660
22525,1819.825
22526,1819.927
22527,1819.937
22528,1819.946
22529,1819.954
22530,1819.962
22531,1819.970
22532,1819.978
22533,1819.985
22534,1819.993
22535,1820.001
22536,1820.009
22537,1820.018
22538,1820.026
22539,1820.035
22540,1820.043
22541,1820.052
22542,1820.061
22543,1820.069
22544,1820.078
22545,1820.087
22546,1820.096
22547,1820.143
22548,1820.222
22549,1820.469
22550,1820.476
22551,1820.483
22552,1820.489
22553,1820.744
22554,1820.751
22555,1820.758
22556,1820.764
22557,1821.026
22558,1821.033
22559,1821.040
22560,1821.046
22561,1821.290
22562,1821.296
22563,1821.302
22564,1821.308
22565,1821.549
22566,1821.557
22567,1821.563
22568,1821.570
22569,1821.825
22570,1821.832
22571,1821.839
22572,1821.845
22573,1822.105
22574,1822.112
22575,1822.118
22576,1822.124
22577,1822.384
22578,1822.390
22579,1822.395
22580,1822.402
22581,1822.701
22582,1822.710
22583,1822.720
22584,1822.729
22585,1823.020
22586,1823.030
22587,1823.039
22588,1823.048
22589,1823.323
22590,1823.330
22591,1823.338
22592,1823.344
22593,1823.597
22594,1823.614
22595,1823.622
22596,1823.628
22597,1823.882
22598,1823.890
22599,1823.896
22600,1823.902
22601,1824.150
22602,1824.157
22603,1824.164
22604,1824.170
22605,1824.421
22606,1824.428
22607,1824.435
22608,1824.442
22609,1824.693
22610,1824.700
22611,1824.707
22612,1824.713
22613,1824.961
22614,1824.968
22615,1824.975
22616,1824.982
22617,1825.226
22618,1825.233
22619,1825.240
22620,1825.246
22621,1825.500
22622,1825.511
22623,1825.521
22624,1825.530
22625,1825.814
22626,1825.823
22627,1825.833
22628,1825.841
22629,1826.115
22630,1826.120
22631,1826.126
22632,1826.381
22633,1826.386
22634,1826.390
22635,1826.627
22636,1826.633
22637,1826.637
22638,1826.876
22639,1826.881
22640,1826.885
22641,1827.121
22642,1827.127
22643,1827.131
22644,1827.366
22645,1827.373
22646,1827.377
22647,1827.616
22648,1827.622
22649,1827.626
22650,1827.938
22651,1828.012
22652,1828.018
22653,1828.024
22654,1828.030
22655,1828.035
22656,1828.041
22657,1828.047
22658,1828.054
22659,1828.060
22660,1828.066
22661,1828.073
22662,1828.079
22663,1828.086
22664,1828.093
22665,1828.325
22666,1828.329
22667,1828.333
22668,1828.615
22669,1828.620
22670,1828.625
22671,1828.899
22672,1828.904
22673,1828.909
22674,1829.188
22675,1829.193
22676,1829.197
22677,1829.340
22678,1829.407
22679,1829.412
22680,1829.417
22681,1829.422
22682,1829.427
22683,1829.433
22684,1829.438
22685,1829.470
22686,1829.534
22687,1829.788
22688,1829.795
22689,1829.801
22690,1829.806
22691,1830.045
22692,1830.051
22693,1830.057
22694,1830.061
22695,1830.268
22696,1830.274
22697,1830.280
22698,1830.408
22699,1830.473
22700,1830.479
22701,1830.730
22702,1830.737
22703,1830.743
22704,1830.749
22705,1831.004
22706,1831.011
22707,1831.017
22708,1831.023
22709,1831.299
22710,1831.309
22711,1831.319
22712,1831.328
22713,1831.503
22714,1831.595
22715,1831.603
22716,1831.612
22717,1831.620
22718,1831.629
22719,1831.675
22720,1831.744
22721,1831.989
22722,1831.993
22723,1831.999
22724,1832.003
22725,1832.244
22726,1832.251
22727,1832.257
22728,1832.261
22729,1832.506
22730,1832.512
22731,1832.519
22732,1832.522
22733,1832.760
22734,1832.766
22735,1832.772
22736,1832.776
22737,1832.924
22738,1832.995
22739,1833.001
22740,1833.007
22741,1833.012
22742,1833.018
22743,1833.024
22744,1833.030
22745,1833.036
22746,1833.042
22747,1833.048
22748,1833.054
22749,1833.060
22750,1833.066
22751,1833.072
22752,1833.079
22753,1833.085
22754,1833.091
22755,1833.098
22756,1833.104
22757,1833.111
22758,1833.117
22759,1833.151
22760,1833.216
22761,1833.481
22762,1833.491
22763,1833.500
22764,1833.509
22765,1833.806
22766,1833.815
22767,1833.824
22768,1833.833
22769,1834.142
22770,1834.153
22771,1834.164
22772,1834.173
22773,1834.425
22774,1834.432
22775,1834.438
22776,1834.444
22777,1834.691
22778,1834.698
22779,1834.704
22780,1834.710
22781,1834.969
22782,1834.977
22783,1834.983
22784,1834.990
22785,1835.244
22786,1835.251
22787,1835.257
22788,1835.263
22789,1835.523
22790,1835.530
22791,1835.537
22792,1835.543
22793,1835.793
22794,1835.800
22795,1835.807
22796,1835.813
22797,1836.064
22798,1836.071
22799,1836.078
22800,1836.083
22801,1836.330
22802,1836.337
22803,1836.342
22804,1836.347
22805,1836.650
22806,1836.661
22807,1836.671
22808,1836.680
22809,1836.969
22810,1836.978
22811,1836.987
22812,1836.996
22813,1837.274
22814,1837.280
22815,1837.287
22816,1837.293
22817,1837.545
22818,1837.552
22819,1837.559
22820,1837.565
22821,1837.817
22822,1837.824
22823,1837.831
22824,1837.836
22825,1838.083
22826,1838.089
22827,1838.095
22828,1838.101
22829,1838.358
22830,1838.367
22831,1838.376
22832,1838.385
22833,1838.641
22834,1838.648
22835,1838.654
22836,1838.660
22837,1838.910
22838,1838.917
22839,1838.923
22840,1838.928
22841,1839.171
22842,1839.176
22843,1839.180
22844,1839.428
22845,1839.433
22846,1839.436
22847,1839.724
22848,1839.733
22849,1839.738
22850,1840.018
22851,1840.022
22852,1840.027
22853,1840.314
22854,1840.322
22855,1840.326
22856,1840.573
22857,1840.579
22858,1840.583
22859,1840.823
22860,1840.829
22861,1840.833
22862,1840.952
22863,1840.955
22864,1841.087
22865,1841.091
22866,1841.211
22867,1841.214
22868,1841.334
22869,1841.338
22870,1841.462
22871,1841.467
22872,1841.590
22873,1841.593
22874,1841.716
22875,1841.720
22876,1841.844
22877,1841.848
22878,1841.972
22879,1841.977
22880,1842.101
22881,1842.105
22882,1842.230
22883,1842.234
22884,1842.360
22885,1842.363
22886,1842.494
22887,1842.500
22888,1842.636
22889,1842.647
22890,1842.809
22891,1842.814
22892,1842.971
22893,1842.976
22894,1843.128
22895,1843.134
22896,1843.290
22897,1843.294
22898,1843.448
22899,1843.453
22900,1843.593
22901,1843.597
22902,1843.734
22903,1843.738
22904,1843.883
22905,1843.887
22906,1844.034
22907,1844.039
22908,1844.179
22909,1844.184
22910,1844.324
22911,1844.329
22912,1844.468
22913,1844.472
22914,1844.605
22915,1844.609
22916,1844.746
22917,1844.752
22918,1844.883
22919,1844.888
22920,1845.026
22921,1845.032
22922,1845.188
22923,1845.192
22924,1845.359
22925,1845.363
22926,1845.528
22927,1845.532
22928,1845.687
22929,1845.691
22930,1845.846
22931,1845.852
22932,1845.858
22933,1845.864
22934,1845.870
22935,1845.875
22936,1845.886
22937,1845.897
22938,1845.907
22939,1845.918
22940,1845.928
22941,1845.938
22942,1845.948
22943,1845.961
22944,1845.974
22945,1845.989
22946,1846.005
22947,1846.019
22948,1846.031
22949,1846.043
22950,1846.176
22951,1846.186
22952,1846.195
22953,1846.329
22954,1846.338
22955,1846.347
22956,1846.475
22957,1846.485
22958,1846.495
22959,1846.504
22960,1846.513
22961,1846.727
22962,1846.735
22963,1846.741
22964,1846.957
22965,1846.964
22966,1846.973
22967,1847.185
22968,1847.192
22969,1847.199
22970,1847.340
22971,1847.346
22972,1847.352
22973,1847.358
22974,1847.364
22975,1847.573
22976,1847.580
22977,1847.587
22978,1847.804
22979,1847.811
22980,1847.818
22981,1848.036
22982,1848.044
22983,1848.051
22984,1848.192
22985,1848.199
22986,1848.205
22987,1848.211
22988,1848.216
22989,1848.424
22990,1848.431
22991,1848.438
22992,1848.649
22993,1848.657
22994,1848.663
22995,1848.901
22996,1848.912
22997,1848.922
22998,1849.088
22999,1849.097
23000,1849.105
23001,1849.113
23002,1849.121
23003,1849.358
23004,1849.368
23005,1849.377
23006,1849.605
23007,1849.611
23008,1849.618
23009,1849.823
23010,1849.830
23011,1849.837
23012,1849.979
23013,1849.985
23014,1849.991
23015,1849.997
23016,1850.002
23017,1850.212
23018,1850.219
23019,1850.226
23020,1850.437
23021,1850.444
23022,1850.451
23023,1850.658
23024,1850.665
23025,1850.672
23026,1850.812
23027,1850.819
23028,1850.824
23029,1850.830
23030,1850.835
23031,1851.041
23032,1851.048
23033,1851.055
23034,1851.264
23035,1851.271
23036,1851.278
23037,1851.483
23038,1851.490
23039,1851.497
23040,1851.639
23041,1851.645
23042,1851.649
23043,1851.658
23044,1851.669
23045,1851.938
23046,1851.949
23047,1851.961
23048,1852.236
23049,1852.247
23050,1852.257
23051,1852.534
23052,1852.546
23053,1852.554
23054,1852.704
23055,1852.711
23056,1852.716
23057,1852.722
23058,1852.728
23059,1852.954
23060,1852.961
23061,1852.967
23062,1853.189
23063,1853.196
23064,1853.203
23065,1853.431
23066,1853.440
23067,1853.446
23068,1853.590
23069,1853.596
23070,1853.603
23071,1853.608
23072,1853.614
23073,1853.834
23074,1853.841
23075,1853.848
23076,1854.078
23077,1854.085
23078,1854.094
23079,1854.323
23080,1854.331
23081,1854.339
23082,1854.490
23083,1854.497
23084,1854.503
23085,1854.508
23086,1854.514
23087,1854.732
23088,1854.739
23089,1854.746
23090,1854.985
23091,1854.996
23092,1855.006
23093,1855.272
23094,1855.282
23095,1855.290
23096,1855.456
23097,1855.465
23098,1855.474
23099,1855.483
23100,1855.492
23101,1855.757
23102,1855.765
23103,1855.772
23104,1856.013
23105,1856.021
23106,1856.028
23107,1856.265
23108,1856.273
23109,1856.280
23110,1856.430
23111,1856.436
23112,1856.442
23113,1856.448
23114,1856.453
23115,1856.686
23116,1856.694
23117,1856.701
23118,1856.946
23119,1856.953
23120,1856.961
23121,1857.207
23122,1857.215
23123,1857.222
23124,1857.371
23125,1857.377
23126,1857.387
23127,1857.389
23128,1857.395
23129,1857.635
23130,1857.643
23131,1857.651
23132,1857.897
23133,1857.905
23134,1857.913
23135,1858.165
23136,1858.177
23137,1858.189
23138,1858.359
23139,1858.369
23140,1858.378
23141,1858.387
23142,1858.396
23143,1858.665
23144,1858.676
23145,1858.687
23146,1858.973
23147,1858.980
23148,1858.988
23149,1859.230
23150,1859.238
23151,1859.245
23152,1859.390
23153,1859.397
23154,1859.403
23155,1859.408
23156,1859.414
23157,1859.636
23158,1859.643
23159,1859.650
23160,1859.877
23161,1859.885
23162,1859.891
23163,1860.113
23164,1860.120
23165,1860.127
23166,1860.272
23167,1860.278
23168,1860.284
23169,1860.290
23170,1860.295
23171,1860.519
23172,1860.523
23173,1860.530
23174,1860.761
23175,1860.769
23176,1860.776
23177,1861.006
23178,1861.014
23179,1861.021
23180,1861.170
23181,1861.176
23182,1861.182
23183,1861.186
23184,1861.191
23185,1861.451
23186,1861.463
23187,1861.475
23188,1861.753
23189,1861.763
23190,1861.774
23191,1862.034
23192,1862.045
23193,1862.057
23194,1862.471
23195,1862.532
23196,1862.539
23197,1862.546
23198,1862.553
23199,1862.561
23200,1862.568
23201,1862.576
23202,1862.584
23203,1862.591
23204,1862.599
23205,1862.607
23206,1862.615
23207,1862.623
23208,1862.631
23209,1863.003
23210,1863.009
23211,1863.014
23212,1863.248
23213,1863.253
23214,1863.260
23215,1863.267
23216,1863.504
23217,1863.510
23218,1863.517
23219,1863.524
23220,1863.531
23221,1863.536
23222,1863.927
23223,1863.934
23224,1863.941
23225,1864.176
23226,1864.234
23227,1864.240
23228,1864.246
23229,1864.251
23230,1864.257
23231,1864.263
23232,1864.268
23233,1864.300
23234,1864.372
23235,1864.664
23236,1864.674
23237,1864.684
23238,1864.693
23239,1864.703
23240,1864.713
23241,1864.724
23242,1865.193
23243,1865.201
23244,1865.210
23245,1865.217
23246,1865.224
23247,1865.479
23248,1865.487
23249,1865.494
23250,1865.500
23251,1865.507
23252,1865.514
23253,1865.519
23254,1865.758
23255,1865.766
23256,1865.773
23257,1865.780
23258,1865.787
23259,1865.794
23260,1865.801
23261,1866.233
23262,1866.242
23263,1866.251
23264,1866.261
23265,1866.270
23266,1866.541
23267,1866.550
23268,1866.558
23269,1866.566
23270,1866.574
23271,1866.582
23272,1866.588
23273,1866.830
23274,1866.890
23275,1866.898
23276,1866.905
23277,1866.912
23278,1866.919
23279,1866.949
23280,1867.006
23281,1867.453
23282,1867.467
23283,1867.479
23284,1867.489
23285,1867.502
23286,1868.031
23287,1868.043
23288,1868.056
23289,1868.068
23290,1868.080
23291,1868.533
23292,1868.540
23293,1868.546
23294,1868.554
23295,1868.559
23296,1868.979
23297,1868.988
23298,1868.995
23299,1869.003
23300,1869.009
23301,1869.258
23302,1869.320
23303,1869.327
23304,1869.334
23305,1869.340
23306,1869.347
23307,1869.353
23308,1869.360
23309,1869.371
23310,1869.373
23311,1869.380
23312,1869.387
23313,1869.394
23314,1869.401
23315,1869.408
23316,1869.415
23317,1869.422
23318,1869.429
23319,1869.436
23320,1869.444
23321,1869.451
23322,1869.459
23323,1869.488
23324,1869.547
23325,1869.804
23326,1869.813
23327,1869.821
23328,1869.829
23329,1869.838
23330,1869.846
23331,1869.852
23332,1870.113
23333,1870.123
23334,1870.131
23335,1870.140
23336,1870.148
23337,1870.157
23338,1870.163
23339,1870.645
23340,1870.658
23341,1870.671
23342,1870.683
23343,1870.695
23344,1871.030
23345,1871.042
23346,1871.053
23347,1871.063
23348,1871.074
23349,1871.086
23350,1871.093
23351,1871.399
23352,1871.411
23353,1871.425
23354,1871.437
23355,1871.450
23356,1871.462
23357,1871.469
23358,1871.922
23359,1871.931
23360,1871.940
23361,1871.949
23362,1871.958
23363,1872.419
23364,1872.428
23365,1872.437
23366,1872.445
23367,1872.453
23368,1872.926
23369,1872.936
23370,1872.945
23371,1872.953
23372,1872.962
23373,1873.237
23374,1873.245
23375,1873.253
23376,1873.261
23377,1873.269
23378,1873.277
23379,1873.283
23380,1873.729
23381,1873.738
23382,1873.747
23383,1873.755
23384,1873.764
23385,1874.201
23386,1874.212
23387,1874.222
23388,1874.234
23389,1874.245
23390,1874.790
23391,1874.803
23392,1874.817
23393,1874.829
23394,1875.352
23395,1875.365
23396,1875.380
23397,1875.391
23398,1875.402
23399,1875.681
23400,1875.689
23401,1875.696
23402,1875.704
23403,1875.711
23404,1875.718
23405,1875.725
23406,1876.160
23407,1876.170
23408,1876.180
23409,1876.188
23410,1876.198
23411,1876.469
23412,1876.478
23413,1876.486
23414,1876.493
23415,1876.500
23416,1876.508
23417,1876.515
23418,1876.944
23419,1876.953
23420,1876.962
23421,1876.970
23422,1876.978
23423,1877.399
23424,1877.408
23425,1877.417
23426,1877.424
23427,1877.432
23428,1877.856
23429,1877.864
23430,1877.873
23431,1877.881
23432,1877.888
23433,1878.342
23434,1878.354
23435,1878.367
23436,1878.378
23437,1878.391
23438,1878.857
23439,1878.864
23440,1878.871
23441,1879.323
23442,1879.331
23443,1879.337
23444,1879.742
23445,1879.748
23446,1879.755
23447,1880.166
23448,1880.172
23449,1880.178
23450,1880.599
23451,1880.607
23452,1880.615
23453,1881.032
23454,1881.041
23455,1881.049
23456,1881.457
23457,1881.463
23458,1881.469
23459,1881.896
23460,1881.958
23461,1881.967
23462,1881.977
23463,1881.990
23464,1882.002
23465,1882.016
23466,1882.027
23467,1882.039
23468,1882.052
23469,1882.064
23470,1882.075
23471,1882.086
23472,1882.098
23473,1882.112
23474,1882.572
23475,1882.579
23476,1882.585
23477,1882.878
23478,1882.883
23479,1882.892
23480,1882.900
23481,1883.150
23482,1883.156
23483,1883.163
23484,1883.171
23485,1883.177
23486,1883.182
23487,1883.586
23488,1883.594
23489,1883.601
23490,1883.847
23491,1883.902
23492,1883.908
23493,1883.914
23494,1883.920
23495,1883.926
23496,1883.932
23497,1883.938
23498,1883.965
23499,1884.019
23500,1884.273
23501,1884.282
23502,1884.289
23503,1884.296
23504,1884.304
23505,1884.312
23506,1884.319
23507,1884.741
23508,1884.750
23509,1884.759
23510,1884.766
23511,1884.772
23512,1885.039
23513,1885.047
23514,1885.055
23515,1885.062
23516,1885.069
23517,1885.076
23518,1885.081
23519,1885.355
23520,1885.366
23521,1885.376
23522,1885.386
23523,1885.397
23524,1885.408
23525,1885.419
23526,1885.942
23527,1885.954
23528,1885.967
23529,1885.980
23530,1885.992
23531,1886.284
23532,1886.292
23533,1886.299
23534,1886.306
23535,1886.314
23536,1886.321
23537,1886.326
23538,1886.560
23539,1886.617
23540,1886.624
23541,1886.631
23542,1886.637
23543,1886.643
23544,1886.672
23545,1886.725
23546,1887.145
23547,1887.154
23548,1887.163
23549,1887.170
23550,1887.179
23551,1887.612
23552,1887.625
23553,1887.635
23554,1887.646
23555,1887.656
23556,1887.923
23557,1887.931
23558,1887.938
23559,1887.943
23560,1888.363
23561,1888.371
23562,1888.380
23563,1888.388
23564,1888.394
23565,1888.663
23566,1888.751
23567,1888.762
23568,1888.773
23569,1888.784
23570,1888.795
23571,1888.805
23572,1888.816
23573,1888.826
23574,1888.835
23575,1888.845
23576,1888.854
23577,1888.864
23578,1888.874
23579,1888.884
23580,1888.894
23581,1888.904
23582,1888.913
23583,1888.924
23584,1888.934
23585,1888.944
23586,1888.954
23587,1888.992
23588,1889.078
23589,1889.338
23590,1889.347
23591,1889.354
23592,1889.362
23593,1889.370
23594,1889.377
23595,1889.383
23596,1889.641
23597,1889.650
23598,1889.657
23599,1889.665
23600,1889.673
23601,1889.681
23602,1889.686
23603,1890.169
23604,1890.179
23605,1890.189
23606,1890.198
23607,1890.207
23608,1890.483
23609,1890.492
23610,1890.500
23611,1890.508
23612,1890.516
23613,1890.524
23614,1890.530
23615,1890.785
23616,1890.794
23617,1890.801
23618,1890.810
23619,1890.817
23620,1890.825
23621,1890.831
23622,1891.270
23623,1891.280
23624,1891.289
23625,1891.297
23626,1891.306
23627,1891.763
23628,1891.775
23629,1891.788
23630,1891.799
23631,1891.811
23632,1892.353
23633,1892.366
23634,1892.378
23635,1892.388
23636,1892.400
23637,1892.721
23638,1892.729
23639,1892.737
23640,1892.744
23641,1892.752
23642,1892.759
23643,1892.765
23644,1893.213
23645,1893.222
23646,1893.231
23647,1893.240
23648,1893.249
23649,1893.700
23650,1893.709
23651,1893.719
23652,1893.729
23653,1893.738
23654,1894.218
23655,1894.229
23656,1894.240
23657,1894.249
23658,1894.714
23659,1894.724
23660,1894.734
23661,1894.743
23662,1894.751
23663,1895.042
23664,1895.051
23665,1895.058
23666,1895.066
23667,1895.075
23668,1895.082
23669,1895.088
23670,1895.522
23671,1895.531
23672,1895.540
23673,1895.547
23674,1895.561
23675,1895.899
23676,1895.911
23677,1895.922
23678,1895.932
23679,1895.943
23680,1895.954
23681,1895.966
23682,1896.490
23683,1896.503
23684,1896.519
23685,1896.528
23686,1896.537
23687,1896.960
23688,1896.971
23689,1896.980
23690,1896.987
23691,1896.996
23692,1897.421
23693,1897.431
23694,1897.440
23695,1897.448
23696,1897.457
23697,1897.887
23698,1897.896
23699,1897.906
23700,1897.915
23701,1897.924
23702,1898.349
23703,1898.356
23704,1898.361
23705,1898.787
23706,1898.795
23707,1898.802
23708,1899.232
23709,1899.239
23710,1899.246
23711,1899.686
23712,1899.693
23713,1899.700
23714,1900.202
23715,1900.213
23716,1900.225
23717,1900.696
23718,1900.704
23719,1900.712
23720,1901.128
23721,1901.135
23722,1901.140
23723,1901.586
23724,1901.651
23725,1901.658
23726,1901.667
23727,1901.674
23728,1901.682
23729,1901.689
23730,1901.697
23731,1901.704
23732,1901.712
23733,1901.720
23734,1901.727
23735,1901.735
23736,1901.744
23737,1901.752
23738,1902.159
23739,1902.165
23740,1902.171
23741,1902.422
23742,1902.427
23743,1902.436
23744,1902.444
23745,1902.701
23746,1902.708
23747,1902.729
23748,1902.741
23749,1902.750
23750,1902.756
23751,1903.160
23752,1903.171
23753,1903.183
23754,1903.478
23755,1903.565
23756,1903.574
23757,1903.585
23758,1903.595
23759,1903.605
23760,1903.615
23761,1903.626
23762,1903.666
23763,1903.749
23764,1904.027
23765,1904.035
23766,1904.043
23767,1904.050
23768,1904.058
23769,1904.065
23770,1904.072
23771,1904.527
23772,1904.534
23773,1904.543
23774,1904.550
23775,1904.558
23776,1904.842
23777,1904.849
23778,1904.856
23779,1904.863
23780,1904.871
23781,1904.878
23782,1904.883
23783,1905.138
23784,1905.145
23785,1905.153
23786,1905.159
23787,1905.167
23788,1905.174
23789,1905.180
23790,1905.658
23791,1905.667
23792,1905.677
23793,1905.688
23794,1905.696
23795,1905.966
23796,1905.974
23797,1905.981
23798,1905.988
23799,1905.996
23800,1906.004
23801,1906.009
23802,1906.247
23803,1906.306
23804,1906.313
23805,1906.319
23806,1906.326
23807,1906.333
23808,1906.364
23809,1906.447
23810,1906.950
23811,1906.962
23812,1906.974
23813,1906.983
23814,1906.995
23815,1907.484
23816,1907.493
23817,1907.502
23818,1907.512
23819,1907.520
23820,1907.967
23821,1907.975
23822,1907.981
23823,1907.989
23824,1907.996
23825,1908.283
23826,1908.292
23827,1908.299
23828,1908.305
23829,1908.574
23830,1908.640
23831,1908.648
23832,1908.655
23833,1908.662
23834,1908.670
23835,1908.677
23836,1908.684
23837,1908.692
23838,1908.699
23839,1908.707
23840,1908.714
23841,1908.722
23842,1908.730
23843,1908.737
23844,1908.745
23845,1908.753
23846,1908.761
23847,1908.769
23848,1908.777
23849,1908.786
23850,1908.794
23851,1908.822
23852,1908.884
23853,1909.152
23854,1909.160
23855,1909.168
23856,1909.176
23857,1909.184
23858,1909.192
23859,1909.198
23860,1909.463
23861,1909.471
23862,1909.478
23863,1909.486
23864,1909.493
23865,1909.500
23866,1909.505
23867,1910.080
23868,1910.094
23869,1910.107
23870,1910.119
23871,1910.131
23872,1910.458
23873,1910.470
23874,1910.481
23875,1910.491
23876,1910.502
23877,1910.514
23878,1910.522
23879,1910.804
23880,1910.812
23881,1910.820
23882,1910.827
23883,1910.835
23884,1910.842
23885,1910.848
23886,1911.299
23887,1911.308
23888,1911.317
23889,1911.325
23890,1911.334
23891,1911.806
23892,1911.816
23893,1911.825
23894,1911.833
23895,1911.841
23896,1912.322
23897,1912.332
23898,1912.341
23899,1912.349
23900,1912.357
23901,1912.641
23902,1912.649
23903,1912.657
23904,1912.665
23905,1912.673
23906,1912.681
23907,1912.687
23908,1913.145
23909,1913.154
23910,1913.163
23911,1913.172
23912,1913.181
23913,1913.654
23914,1913.666
23915,1913.680
23916,1913.695
23917,1913.708
23918,1914.258
23919,1914.271
23920,1914.285
23921,1914.297
23922,1914.801
23923,1914.810
23924,1914.819
23925,1914.826
23926,1914.834
23927,1915.138
23928,1915.146
23929,1915.154
23930,1915.161
23931,1915.169
23932,1915.177
23933,1915.184
23934,1915.646
23935,1915.656
23936,1915.665
23937,1915.674
23938,1915.683
23939,1915.971
23940,1915.979
23941,1915.987
23942,1915.995
23943,1916.003
23944,1916.010
23945,1916.018
23946,1916.513
23947,1916.522
23948,1916.531
23949,1916.540
23950,1916.548
23951,1917.009
23952,1917.018
23953,1917.027
23954,1917.035
23955,1917.044
23956,1917.480
23957,1917.494
23958,1917.507
23959,1917.519
23960,1917.531
23961,1918.048
23962,1918.060
23963,1918.073
23964,1918.084
23965,1918.096
23966,1918.591
23967,1918.598
23968,1918.603
23969,1919.037
23970,1919.046
23971,1919.052
23972,1919.494
23973,1919.501
23974,1919.507
23975,1919.946
23976,1919.953
23977,1919.958
23978,1920.425
23979,1920.434
23980,1920.443
23981,1920.902
23982,1920.912
23983,1920.921
23984,1921.360
23985,1921.368
23986,1921.374
23987,1921.860
23988,1921.950
23989,1921.961
23990,1921.972
23991,1921.984
23992,1921.995
23993,1922.005
23994,1922.016
23995,1922.027
23996,1922.038
23997,1922.049
23998,1922.059
23999,1922.070
24000,1922.081
24001,1922.092
24002,1922.561
24003,1922.567
24004,1922.572
24005,1922.831
24006,1922.836
24007,1922.844
24008,1922.851
24009,1923.116
24010,1923.122
24011,1923.129
24012,1923.137
24013,1923.145
24014,1923.150
24015,1923.572
24016,1923.580
24017,1923.587
24018,1923.839
24019,1923.894
24020,1923.901
24021,1923.908
24022,1923.914
24023,1923.920
24024,1923.927
24025,1923.933
24026,1923.962
24027,1924.019
24028,1924.300
24029,1924.309
24030,1924.317
24031,1924.325
24032,1924.333
24033,1924.341
24034,1924.349
24035,1924.804
24036,1924.812
24037,1924.820
24038,1924.827
24039,1924.835
24040,1925.132
24041,1925.145
24042,1925.155
24043,1925.165
24044,1925.175
24045,1925.187
24046,1925.195
24047,1925.522
24048,1925.535
24049,1925.545
24050,1925.554
24051,1925.563
24052,1925.574
24053,1925.585
24054,1926.128
24055,1926.138
24056,1926.149
24057,1926.160
24058,1926.169
24059,1926.463
24060,1926.471
24061,1926.478
24062,1926.485
24063,1926.493
24064,1926.501
24065,1926.506
24066,1926.756
24067,1926.818
24068,1926.825
24069,1926.832
24070,1926.839
24071,1926.846
24072,1926.875
24073,1926.930
24074,1927.401
24075,1927.410
24076,1927.419
24077,1927.426
24078,1927.434
24079,1927.897
24080,1927.906
24081,1927.916
24082,1927.927
24083,1927.935
24084,1928.374
24085,1928.383
24086,1928.391
24087,1928.399
24088,1928.405
24089,1928.864
24090,1928.875
24091,1928.887
24092,1928.897
24093,1928.905
24094,1929.227
24095,1929.316
24096,1929.328
24097,1929.339
24098,1929.351
24099,1929.362
24100,1929.373
24101,1929.384
24102,1929.395
24103,1929.408
24104,1929.421
24105,1929.434
24106,1929.446
24107,1929.458
24108,1929.467
24109,1929.476
24110,1929.484
24111,1929.491
24112,1929.499
24113,1929.507
24114,1929.514
24115,1929.522
24116,1929.553
24117,1929.617
24118,1929.899
24119,1929.907
24120,1929.915
24121,1929.923
24122,1929.930
24123,1929.939
24124,1929.945
24125,1930.229
24126,1930.238
24127,1930.246
24128,1930.254
24129,1930.263
24130,1930.271
24131,1930.277
24132,1930.619
24133,1930.628
24134,1930.637
24135,1930.645
24136,1930.945
24137,1930.953
24138,1930.962
24139,1930.969
24140,1930.977
24141,1930.986
24142,1930.992
24143,1931.276
24144,1931.284
24145,1931.292
24146,1931.300
24147,1931.308
24148,1931.316
24149,1931.322
24150,1931.788
24151,1931.797
24152,1931.806
24153,1931.814
24154,1931.823
24155,1932.358
24156,1932.370
24157,1932.382
24158,1932.392
24159,1932.404
24160,1932.799
24161,1932.811
24162,1932.823
24163,1932.837
24164,1933.141
24165,1933.149
24166,1933.157
24167,1933.165
24168,1933.173
24169,1933.181
24170,1933.187
24171,1933.505
24172,1933.514
24173,1933.523
24174,1933.531
24175,1933.985
24176,1933.995
24177,1934.004
24178,1934.015
24179,1934.024
24180,1934.501
24181,1934.511
24182,1934.522
24183,1934.531
24184,1934.850
24185,1934.859
24186,1934.868
24187,1934.876
24188,1935.173
24189,1935.181
24190,1935.189
24191,1935.197
24192,1935.207
24193,1935.216
24194,1935.224
24195,1935.671
24196,1935.680
24197,1935.694
24198,1935.705
24199,1935.719
24200,1936.072
24201,1936.083
24202,1936.094
24203,1936.103
24204,1936.116
24205,1936.128
24206,1936.139
24207,1936.666
24208,1936.675
24209,1936.683
24210,1936.691
24211,1936.699
24212,1937.145
24213,1937.154
24214,1937.163
24215,1937.172
24216,1937.181
24217,1937.632
24218,1937.641
24219,1937.650
24220,1937.658
24221,1937.666
24222,1938.116
24223,1938.125
24224,1938.134
24225,1938.142
24226,1938.150
24227,1938.596
24228,1938.603
24229,1938.609
24230,1939.043
24231,1939.051
24232,1939.058
24233,1939.510
24234,1939.518
24235,1939.524
24236,1939.971
24237,1939.979
24238,1939.985
24239,1940.461
24240,1940.473
24241,1940.483
24242,1940.964
24243,1940.974
24244,1940.981
24245,1941.273
24246,1941.280
24247,1941.287
24248,1941.743
24249,1941.808
24250,1941.815
24251,1941.823
24252,1941.832
24253,1941.838
24254,1941.846
24255,1941.854
24256,1941.861
24257,1941.869
24258,1941.877
24259,1941.885
24260,1941.893
24261,1941.901
24262,1941.910
24263,1942.348
24264,1942.355
24265,1942.361
24266,1942.631
24267,1942.636
24268,1942.645
24269,1942.653
24270,1942.942
24271,1942.948
24272,1942.956
24273,1942.963
24274,1942.971
24275,1942.977
24276,1943.415
24277,1943.424
24278,1943.431
24279,1943.747
24280,1943.834
24281,1943.844
24282,1943.855
24283,1943.865
24284,1943.875
24285,1943.885
24286,1943.895
24287,1943.935
24288,1944.014
24289,1944.331
24290,1944.339
24291,1944.348
24292,1944.356
24293,1944.365
24294,1944.374
24295,1944.382
24296,1944.839
24297,1944.848
24298,1944.856
24299,1944.864
24300,1944.873
24301,1945.162
24302,1945.170
24303,1945.178
24304,1945.186
24305,1945.193
24306,1945.202
24307,1945.208
24308,1945.480
24309,1945.489
24310,1945.496
24311,1945.503
24312,1945.511
24313,1945.519
24314,1945.527
24315,1946.008
24316,1946.019
24317,1946.029
24318,1946.040
24319,1946.050
24320,1946.341
24321,1946.349
24322,1946.356
24323,1946.364
24324,1946.370
24325,1946.379
24326,1946.384
24327,1946.634
24328,1946.694
24329,1946.701
24330,1946.707
24331,1946.714
24332,1946.720
24333,1946.747
24334,1946.821
24335,1947.357
24336,1947.369
24337,1947.381
24338,1947.391
24339,1947.404
24340,1947.914
24341,1947.924
24342,1947.932
24343,1947.942
24344,1947.951
24345,1948.390
24346,1948.399
24347,1948.407
24348,1948.415
24349,1948.422
24350,1948.870
24351,1948.878
24352,1948.886
24353,1948.893
24354,1948.902
24355,1949.171
24356,1949.239
24357,1949.247
24358,1949.255
24359,1949.263
24360,1949.271
24361,1949.278
24362,1949.286
24363,1949.294
24364,1949.302
24365,1949.309
24366,1949.317
24367,1949.325
24368,1949.332
24369,1949.340
24370,1949.348
24371,1949.356
24372,1949.364
24373,1949.372
24374,1949.380
24375,1949.388
24376,1949.396
24377,1949.426
24378,1949.488
24379,1949.773
24380,1949.781
24381,1949.789
24382,1949.797
24383,1949.804
24384,1949.812
24385,1949.818
24386,1950.104
24387,1950.112
24388,1950.124
24389,1950.135
24390,1950.146
24391,1950.159
24392,1950.166
24393,1950.745
24394,1950.757
24395,1950.769
24396,1950.779
24397,1950.791
24398,1951.151
24399,1951.164
24400,1951.173
24401,1951.181
24402,1951.189
24403,1951.197
24404,1951.203
24405,1951.485
24406,1951.493
24407,1951.501
24408,1951.509
24409,1951.516
24410,1951.524
24411,1951.530
24412,1951.996
24413,1952.005
24414,1952.014
24415,1952.022
24416,1952.030
24417,1952.509
24418,1952.518
24419,1952.527
24420,1952.535
24421,1952.543
24422,1953.043
24423,1953.052
24424,1953.061
24425,1953.069
24426,1953.078
24427,1953.380
24428,1953.388
24429,1953.396
24430,1953.404
24431,1953.413
24432,1953.422
24433,1953.430
24434,1953.904
24435,1953.913
24436,1953.921
24437,1953.929
24438,1953.937
24439,1954.465
24440,1954.478
24441,1954.492
24442,1954.506
24443,1954.518
24444,1955.081
24445,1955.096
24446,1955.108
24447,1955.116
24448,1955.583
24449,1955.592
24450,1955.601
24451,1955.609
24452,1955.616
24453,1955.922
24454,1955.931
24455,1955.939
24456,1955.947
24457,1955.957
24458,1955.967
24459,1955.975
24460,1956.442
24461,1956.452
24462,1956.461
24463,1956.469
24464,1956.478
24465,1956.784
24466,1956.806
24467,1956.806
24468,1956.808
24469,1956.819
24470,1956.828
24471,1956.836
24472,1957.306
24473,1957.316
24474,1957.326
24475,1957.335
24476,1957.345
24477,1957.822
24478,1957.832
24479,1957.841
24480,1957.851
24481,1957.860
24482,1958.400
24483,1958.413
24484,1958.425
24485,1958.436
24486,1958.447
24487,1958.977
24488,1958.989
24489,1959.002
24490,1959.013
24491,1959.026
24492,1959.473
24493,1959.479
24494,1959.485
24495,1959.935
24496,1959.943
24497,1959.950
24498,1960.400
24499,1960.408
24500,1960.415
24501,1960.857
24502,1960.864
24503,1960.870
24504,1961.335
24505,1961.345
24506,1961.353
24507,1961.820
24508,1961.830
24509,1961.838
24510,1962.140
24511,1962.147
24512,1962.155
24513,1962.342
24514,1962.352
24515,1962.363
24516,1962.559
24517,1962.569
24518,1962.581
24519,1962.589
24520,1962.600
24521,1962.827
24522,1962.837
24523,1963.196
24524,1963.207
24525,1963.523
24526,1963.531
24527,1963.826
24528,1963.832
24529,1963.978
24530,1963.984
24531,1964.128
24532,1964.136
24533,1964.277
24534,1965.789
24535,1965.799
24536,1965.808
24537,1966.480
24538,1967.985
24539,1967.993
24540,1968.648
24541,1968.804
24542,1970.334
24543,1970.346
24544,1970.357
24545,1971.017
24546,1971.171
24547,1971.200
24548,1972.645
24549,1972.651
24550,1972.656
24551,1973.262
24552,1973.430
24553,1973.575
24554,1973.596
24555,1973.613
24556,1973.632
24557,1973.845
24558,1973.855
24559,1973.864
24560,1973.873
24561,1973.883
24562,1973.892
24563,1973.902
24564,1973.911
24565,1974.304
24566,1974.383
24567,1974.613
24568,1974.684
24569,1974.908
24570,1974.980
24571,1975.206
24572,1975.274
24573,1975.490
24574,1975.554
24575,1975.772
24576,1975.843
24577,1976.002
24578,1976.009
24579,1976.015
24580,1976.061
24581,1976.067
24582,1976.073
24583,1976.079
24584,1976.085
24585,1976.090
24586,1976.096
24587,1976.102
24588,1976.107
24589,1976.113
24590,1976.118
24591,1976.124
24592,1976.130
24593,1976.136
24594,1976.142
24595,1976.148
24596,1976.155
24597,1976.161
24598,1976.336
24599,1976.343
24600,1976.350
24601,1976.505
24602,1976.533
24603,1976.543
24604,1976.580
24605,1976.610
24606,1976.621
24607,1976.644
24608,1976.670
24609,1976.681
24610,1976.760
24611,1976.788
24612,1976.798
24613,1976.831
24614,1976.857
24615,1976.869
24616,1976.892
24617,1976.916
24618,1976.923
24619,1976.936
24620,1976.954
24621,1976.961
24622,1976.976
24623,1976.992
24624,1976.998
24625,1977.023
24626,1977.040
24627,1977.047
24628,1977.060
24629,1977.076
24630,1977.082
24631,1977.126
24632,1977.144
24633,1977.151
24634,1977.196
24635,1977.213
24636,1977.221
24637,1977.259
24638,1977.278
24639,1977.285
24640,1977.299
24641,1977.315
24642,1977.321
24643,1977.364
24644,1977.370
24645,1977.377
24646,1977.382
24647,1977.391
24648,1977.415
24649,1977.611
24650,1977.618
24651,1977.625
24652,1977.631
24653,1977.832
24654,1977.841
24655,1977.848
24656,1977.957
24657,1977.963
24658,1977.969
24659,1977.975
24660,1977.992
24661,1977.999
24662,1978.012
24663,1978.018
24664,1978.024
24665,1978.030
24666,1978.036
24667,1978.042
24668,1978.055
24669,1978.190
24670,1978.196
24671,1978.202
24672,1978.364
24673,1978.370
24674,1978.376
24675,1978.383
24676,1978.390
24677,1978.396
24678,1978.446
24679,1978.473
24680,1978.483
24681,1978.501
24682,1978.511
24683,1978.564
24684,1978.574
24685,1978.583
24686,1978.592
24687,1978.601
24688,1978.609
24689,1978.617
24690,1978.626
24691,1978.634
24692,1978.660
24693,1978.670
24694,1978.678
24695,1978.687
24696,1978.695
24697,1978.702
24698,1978.712
24699,1978.722
24700,1978.741
24701,1978.759
24702,1978.782
24703,1978.810
24704,1978.817
24705,1978.947
24706,1978.955
24707,1978.962
24708,1978.968
24709,1978.975
24710,1978.982
24711,1978.988
24712,1978.995
24713,1979.001
24714,1979.008
24715,1979.014
24716,1979.021
24717,1979.027
24718,1979.034
24719,1979.040
24720,1979.047
24721,1979.053
24722,1979.060
24723,1979.067
24724,1979.074
24725,1979.209
24726,1979.216
24727,1979.224
24728,1979.364
24729,1979.371
24730,1979.377
24731,1979.626
24732,1979.635
24733,1979.642
24734,1979.883
24735,1979.892
24736,1979.899
24737,1980.135
24738,1980.143
24739,1980.151
24740,1980.383
24741,1980.392
24742,1980.399
24743,1980.637
24744,1980.645
24745,1980.653
24746,1980.883
24747,1980.891
24748,1980.898
24749,1981.156
24750,1981.163
24751,1981.170
24752,1981.477
24753,1981.489
24754,1981.501
24755,1981.779
24756,1981.789
24757,1981.799
24758,1982.082
24759,1982.095
24760,1982.103
24761,1982.377
24762,1982.385
24763,1982.392
24764,1982.652
24765,1982.660
24766,1982.668
24767,1982.945
24768,1982.954
24769,1982.962
24770,1983.244
24771,1983.253
24772,1983.260
24773,1983.506
24774,1983.514
24775,1983.522
24776,1983.783
24777,1983.791
24778,1983.799
24779,1984.047
24780,1984.055
24781,1984.062
24782,1984.231
24783,1984.239
24784,1984.246
24785,1984.252
24786,1984.258
24787,1984.264
24788,1984.271
24789,1984.277
24790,1984.283
24791,1984.289
24792,1984.295
24793,1984.301
24794,1984.307
24795,1984.313
24796,1984.319
24797,1984.326
24798,1984.333
24799,1984.340
24800,1984.347
24801,1984.354
24802,1984.495
24803,1984.502
24804,1984.508
24805,1984.637
24806,1984.648
24807,1984.659
24808,1984.943
24809,1984.956
24810,1984.967
24811,1985.258
24812,1985.270
24813,1985.282
24814,1985.565
24815,1985.573
24816,1985.580
24817,1985.820
24818,1985.828
24819,1985.835
24820,1986.098
24821,1986.106
24822,1986.113
24823,1986.346
24824,1986.354
24825,1986.361
24826,1986.617
24827,1986.626
24828,1986.634
24829,1986.794
24830,1986.801
24831,1986.807
24832,1986.813
24833,1986.820
24834,1986.834
24835,1986.867
24836,1987.109
24837,1987.117
24838,1987.125
24839,1987.132
24840,1987.373
24841,1987.380
24842,1987.387
24843,1987.394
24844,1987.401
24845,1987.649
24846,1987.658
24847,1987.665
24848,1987.672
24849,1987.921
24850,1987.930
24851,1987.937
24852,1988.223
24853,1988.234
24854,1988.246
24855,1988.517
24856,1988.528
24857,1988.538
24858,1988.548
24859,1988.816
24860,1988.828
24861,1988.840
24862,1988.852
24863,1989.100
24864,1989.108
24865,1989.116
24866,1989.353
24867,1989.361
24868,1989.368
24869,1989.632
24870,1989.641
24871,1989.649
24872,1989.913
24873,1989.922
24874,1989.930
24875,1990.196
24876,1990.205
24877,1990.212
24878,1990.478
24879,1990.487
24880,1990.495
24881,1990.737
24882,1990.745
24883,1990.753
24884,1991.004
24885,1991.013
24886,1991.024
24887,1991.267
24888,1991.275
24889,1991.282
24890,1991.443
24891,1991.450
24892,1991.456
24893,1991.462
24894,1991.467
24895,1991.475
24896,1991.485
24897,1991.496
24898,1991.506
24899,1991.517
24900,1991.526
24901,1991.535
24902,1991.547
24903,1991.557
24904,1991.567
24905,1991.577
24906,1991.587
24907,1991.597
24908,1991.610
24909,1991.620
24910,1991.769
24911,1991.779
24912,1991.789
24913,1991.938
24914,1991.948
24915,1991.958
24916,1992.236
24917,1992.244
24918,1992.251
24919,1992.497
24920,1992.505
24921,1992.512
24922,1992.749
24923,1992.757
24924,1992.764
24925,1993.007
24926,1993.015
24927,1993.022
24928,1993.262
24929,1993.269
24930,1993.276
24931,1993.510
24932,1993.517
24933,1993.525
24934,1993.781
24935,1993.789
24936,1993.797
24937,1994.065
24938,1994.073
24939,1994.081
24940,1994.318
24941,1994.326
24942,1994.333
24943,1994.568
24944,1994.576
24945,1994.583
24946,1994.867
24947,1994.880
24948,1994.891
24949,1995.217
24950,1995.228
24951,1995.238
24952,1995.551
24953,1995.562
24954,1995.573
24955,1995.873
24956,1995.882
24957,1995.889
24958,1996.134
24959,1996.142
24960,1996.149
24961,1996.388
24962,1996.396
24963,1996.403
24964,1996.644
24965,1996.652
24966,1996.659
24967,1996.824
24968,1996.831
24969,1996.837
24970,1996.844
24971,1996.850
24972,1996.856
24973,1996.862
24974,1996.868
24975,1996.875
24976,1996.881
24977,1996.887
24978,1996.893
24979,1996.899
24980,1996.906
24981,1996.914
24982,1996.921
24983,1996.928
24984,1996.934
24985,1996.941
24986,1996.948
24987,1997.081
24988,1997.088
24989,1997.094
24990,1997.227
24991,1997.234
24992,1997.240
24993,1997.482
24994,1997.490
24995,1997.497
24996,1997.749
24997,1997.757
24998,1997.764
24999,1998.003
25000,1998.010
25001,1998.017
25002,1998.305
25003,1998.316
25004,1998.328
25005,1998.611
25006,1998.622
25007,1998.633
25008,1998.915
25009,1998.928
25010,1998.940
25011,1999.201
25012,1999.209
25013,1999.216
25014,1999.489
25015,1999.498
25016,1999.506
25017,1999.749
25018,1999.757
25019,1999.764
25020,2000.006
25021,2000.015
25022,2000.022
25023,2000.291
25024,2000.299
25025,2000.307
25026,2000.580
25027,2000.588
25028,2000.596
25029,2000.867
25030,2000.875
25031,2000.882
25032,2001.162
25033,2001.170
25034,2001.178
25035,2001.423
25036,2001.431
25037,2001.438
25038,2001.678
25039,2001.685
25040,2001.698
25041,2002.005
25042,2002.017
25043,2002.028
25044,2002.215
25045,2002.224
25046,2002.234
25047,2002.243
25048,2002.251
25049,2002.260
25050,2002.269
25051,2002.278
25052,2002.287
25053,2002.296
25054,2002.305
25055,2002.315
25056,2002.325
25057,2002.335
25058,2002.346
25059,2002.357
25060,2002.367
25061,2002.375
25062,2002.382
25063,2002.388
25064,2002.632
25065,2002.640
25066,2002.646
25067,2002.797
25068,2002.804
25069,2002.810
25070,2003.060
25071,2003.069
25072,2003.076
25073,2003.341
25074,2003.349
25075,2003.356
25076,2003.595
25077,2003.603
25078,2003.610
25079,2003.863
25080,2003.871
25081,2003.880
25082,2004.127
25083,2004.135
25084,2004.142
25085,2004.383
25086,2004.391
25087,2004.398
25088,2004.656
25089,2004.664
25090,2004.671
25091,2004.940
25092,2004.947
25093,2004.953
25094,2005.249
25095,2005.261
25096,2005.274
25097,2005.551
25098,2005.562
25099,2005.572
25100,2005.884
25101,2005.896
25102,2005.904
25103,2006.175
25104,2006.183
25105,2006.190
25106,2006.461
25107,2006.469
25108,2006.476
25109,2006.758
25110,2006.766
25111,2006.773
25112,2007.026
25113,2007.034
25114,2007.041
25115,2007.293
25116,2007.301
25117,2007.309
25118,2007.557
25119,2007.565
25120,2007.573
25121,2007.735
25122,2007.742
25123,2007.749
25124,2007.755
25125,2007.762
25126,2007.769
25127,2007.775
25128,2007.781
25129,2007.788
25130,2007.794
25131,2007.800
25132,2007.807
25133,2007.813
25134,2007.819
25135,2007.825
25136,2007.831
25137,2007.837
25138,2007.843
25139,2007.850
25140,2007.857
25141,2008.099
25142,2008.106
25143,2008.113
25144,2008.263
25145,2008.269
25146,2008.274
25147,2008.570
25148,2008.582
25149,2008.593
25150,2008.883
25151,2008.894
25152,2008.905
25153,2009.195
25154,2009.207
25155,2009.220
25156,2009.467
25157,2009.475
25158,2009.484
25159,2009.729
25160,2009.737
25161,2009.744
25162,2009.985
25163,2009.993
25164,2010.000
25165,2010.259
25166,2010.268
25167,2010.275
25168,2010.547
25169,2010.555
25170,2010.561
25171,2010.805
25172,2010.812
25173,2010.819
25174,2011.063
25175,2011.071
25176,2011.078
25177,2011.350
25178,2011.357
25179,2011.364
25180,2011.642
25181,2011.650
25182,2011.659
25183,2011.927
25184,2011.934
25185,2011.940
25186,2012.259
25187,2012.272
25188,2012.284
25189,2012.568
25190,2012.579
25191,2012.589
25192,2012.872
25193,2012.884
25194,2012.893
25195,2013.136
25196,2013.143
25197,2013.150
25198,2013.668
25199,2013.742
25200,2013.750
25201,2013.759
25202,2013.767
25203,2013.775
25204,2013.783
25205,2013.791
25206,2013.799
25207,2013.808
25208,2013.817
25209,2013.825
25210,2013.834
25211,2013.842
25212,2013.851
25213,2014.316
25214,2014.325
25215,2014.334
25216,2014.654
25217,2014.662
25218,2014.673
25219,2014.682
25220,2014.970
25221,2014.978
25222,2014.985
25223,2014.993
25224,2015.001
25225,2015.009
25226,2015.476
25227,2015.484
25228,2015.495
25229,2015.870
25230,2015.959
25231,2015.970
25232,2015.981
25233,2015.992
25234,2016.003
25235,2016.014
25236,2016.025
25237,2016.066
25238,2016.164
25239,2016.463
25240,2016.472
25241,2016.480
25242,2016.487
25243,2016.495
25244,2016.504
25245,2016.511
25246,2017.008
25247,2017.017
25248,2017.026
25249,2017.036
25250,2017.046
25251,2017.379
25252,2017.387
25253,2017.397
25254,2017.404
25255,2017.411
25256,2017.419
25257,2017.427
25258,2017.725
25259,2017.734
25260,2017.742
25261,2017.749
25262,2017.757
25263,2017.765
25264,2017.773
25265,2018.300
25266,2018.309
25267,2018.330
25268,2018.342
25269,2018.352
25270,2018.695
25271,2018.704
25272,2018.712
25273,2018.719
25274,2018.727
25275,2018.737
25276,2018.745
25277,2019.052
25278,2019.153
25279,2019.164
25280,2019.175
25281,2019.187
25282,2019.198
25283,2019.243
25284,2019.334
25285,2019.931
25286,2019.940
25287,2019.949
25288,2019.960
25289,2019.969
25290,2020.453
25291,2020.462
25292,2020.470
25293,2020.480
25294,2020.488
25295,2020.954
25296,2020.962
25297,2020.971
25298,2020.980
25299,2020.988
25300,2021.456
25301,2021.465
25302,2021.475
25303,2021.485
25304,2021.494
25305,2021.828
25306,2021.898
25307,2021.906
25308,2021.914
25309,2021.922
25310,2021.930
25311,2021.938
25312,2021.946
25313,2021.954
25314,2021.962
25315,2021.970
25316,2021.978
25317,2021.986
25318,2021.994
25319,2022.002
25320,2022.010
25321,2022.018
25322,2022.025
25323,2022.033
25324,2022.041
25325,2022.049
25326,2022.056
25327,2022.088
25328,2022.158
25329,2022.507
25330,2022.519
25331,2022.531
25332,2022.540
25333,2022.551
25334,2022.563
25335,2022.574
25336,2022.918
25337,2022.930
25338,2022.941
25339,2022.950
25340,2022.960
25341,2022.972
25342,2022.984
25343,2023.535
25344,2023.547
25345,2023.554
25346,2023.564
25347,2023.573
25348,2023.910
25349,2023.918
25350,2023.927
25351,2023.934
25352,2023.941
25353,2023.949
25354,2023.957
25355,2024.254
25356,2024.263
25357,2024.271
25358,2024.279
25359,2024.287
25360,2024.296
25361,2024.304
25362,2024.813
25363,2024.822
25364,2024.831
25365,2024.841
25366,2024.851
25367,2025.373
25368,2025.383
25369,2025.392
25370,2025.403
25371,2025.412
25372,2025.944
25373,2025.955
25374,2025.963
25375,2025.972
25376,2025.980
25377,2026.370
25378,2026.382
25379,2026.393
25380,2026.402
25381,2026.412
25382,2026.423
25383,2026.433
25384,2027.019
25385,2027.031
25386,2027.040
25387,2027.050
25388,2027.059
25389,2027.562
25390,2027.571
25391,2027.581
25392,2027.591
25393,2027.601
25394,2028.135
25395,2028.145
25396,2028.156
25397,2028.167
25398,2028.672
25399,2028.682
25400,2028.691
25401,2028.702
25402,2028.711
25403,2029.054
25404,2029.065
25405,2029.074
25406,2029.082
25407,2029.090
25408,2029.098
25409,2029.106
25410,2029.612
25411,2029.622
25412,2029.632
25413,2029.642
25414,2029.651
25415,2029.994
25416,2030.002
25417,2030.009
25418,2030.016
25419,2030.026
25420,2030.039
25421,2030.052
25422,2030.642
25423,2030.655
25424,2030.667
25425,2030.682
25426,2030.696
25427,2031.260
25428,2031.270
25429,2031.279
25430,2031.288
25431,2031.297
25432,2031.799
25433,2031.808
25434,2031.818
25435,2031.828
25436,2031.837
25437,2032.347
25438,2032.357
25439,2032.366
25440,2032.377
25441,2032.386
25442,2032.874
25443,2032.883
25444,2032.892
25445,2033.389
25446,2033.399
25447,2033.408
25448,2033.890
25449,2033.900
25450,2033.908
25451,2034.403
25452,2034.414
25453,2034.427
25454,2035.003
25455,2035.015
25456,2035.027
25457,2035.591
25458,2035.601
25459,2035.611
25460,2036.106
25461,2036.116
25462,2036.124
25463,2036.700
25464,2036.778
25465,2036.786
25466,2036.794
25467,2036.802
25468,2036.810
25469,2036.818
25470,2036.826
25471,2036.834
25472,2036.842
25473,2036.851
25474,2036.859
25475,2036.867
25476,2036.875
25477,2036.884
25478,2037.366
25479,2037.376
25480,2037.384
25481,2037.714
25482,2037.722
25483,2037.734
25484,2037.743
25485,2038.037
25486,2038.045
25487,2038.052
25488,2038.060
25489,2038.068
25490,2038.075
25491,2038.590
25492,2038.603
25493,2038.615
25494,2038.993
25495,2039.082
25496,2039.094
25497,2039.105
25498,2039.117
25499,2039.128
25500,2039.138
25501,2039.149
25502,2039.196
25503,2039.267
25504,2039.578
25505,2039.587
25506,2039.596
25507,2039.604
25508,2039.612
25509,2039.621
25510,2039.629
25511,2040.152
25512,2040.161
25513,2040.171
25514,2040.181
25515,2040.190
25516,2040.540
25517,2040.548
25518,2040.557
25519,2040.565
25520,2040.574
25521,2040.583
25522,2040.592
25523,2040.928
25524,2040.937
25525,2040.946
25526,2040.953
25527,2040.962
25528,2040.972
25529,2040.980
25530,2041.529
25531,2041.540
25532,2041.551
25533,2041.564
25534,2041.575
25535,2041.916
25536,2041.924
25537,2041.932
25538,2041.939
25539,2041.946
25540,2041.955
25541,2041.963
25542,2042.268
25543,2042.366
25544,2042.378
25545,2042.389
25546,2042.401
25547,2042.414
25548,2042.456
25549,2042.546
25550,2043.132
25551,2043.141
25552,2043.151
25553,2043.161
25554,2043.170
25555,2043.671
25556,2043.680
25557,2043.689
25558,2043.699
25559,2043.708
25560,2044.213
25561,2044.223
25562,2044.233
25563,2044.242
25564,2044.252
25565,2044.765
25566,2044.774
25567,2044.784
25568,2044.794
25569,2044.803
25570,2045.144
25571,2045.214
25572,2045.222
25573,2045.230
25574,2045.237
25575,2045.244
25576,2045.252
25577,2045.259
25578,2045.267
25579,2045.274
25580,2045.282
25581,2045.290
25582,2045.298
25583,2045.306
25584,2045.313
25585,2045.321
25586,2045.329
25587,2045.337
25588,2045.345
25589,2045.353
25590,2045.361
25591,2045.370
25592,2045.402
25593,2045.471
25594,2045.826
25595,2045.839
25596,2045.851
25597,2045.861
25598,2045.872
25599,2045.885
25600,2045.898
25601,2046.255
25602,2046.268
25603,2046.279
25604,2046.288
25605,2046.298
25606,2046.310
25607,2046.322
25608,2046.909
25609,2046.918
25610,2046.927
25611,2046.937
25612,2046.948
25613,2047.301
25614,2047.310
25615,2047.319
25616,2047.327
25617,2047.335
25618,2047.344
25619,2047.352
25620,2047.666
25621,2047.674
25622,2047.683
25623,2047.691
25624,2047.699
25625,2047.708
25626,2047.716
25627,2048.238
25628,2048.249
25629,2048.259
25630,2048.270
25631,2048.280
25632,2048.830
25633,2048.840
25634,2048.849
25635,2048.859
25636,2048.868
25637,2049.421
25638,2049.431
25639,2049.440
25640,2049.451
25641,2049.462
25642,2049.831
25643,2049.842
25644,2049.854
25645,2049.864
25646,2049.875
25647,2049.889
25648,2049.901
25649,2050.510
25650,2050.522
25651,2050.534
25652,2050.549
25653,2050.562
25654,2051.118
25655,2051.128
25656,2051.137
25657,2051.146
25658,2051.157
25659,2051.738
25660,2051.749
25661,2051.761
25662,2051.771
25663,2052.309
25664,2052.318
25665,2052.328
25666,2052.338
25667,2052.348
25668,2052.699
25669,2052.708
25670,2052.717
25671,2052.724
25672,2052.732
25673,2052.741
25674,2052.749
25675,2053.255
25676,2053.264
25677,2053.274
25678,2053.284
25679,2053.293
25680,2053.636
25681,2053.645
25682,2053.654
25683,2053.661
25684,2053.669
25685,2053.677
25686,2053.685
25687,2054.272
25688,2054.284
25689,2054.300
25690,2054.314
25691,2054.327
25692,2054.948
25693,2054.961
25694,2054.976
25695,2054.990
25696,2055.004
25697,2055.505
25698,2055.514
25699,2055.523
25700,2055.533
25701,2055.542
25702,2056.043
25703,2056.053
25704,2056.062
25705,2056.072
25706,2056.081
25707,2056.583
25708,2056.592
25709,2056.601
25710,2057.105
25711,2057.115
25712,2057.124
25713,2057.614
25714,2057.623
25715,2057.632
25716,2058.116
25717,2058.125
25718,2058.134
25719,2058.698
25720,2058.718
25721,2058.724
25722,2059.288
25723,2059.304
25724,2059.318
25725,2059.804
25726,2059.814
25727,2059.823
25728,2060.370
25729,2060.445
25730,2060.454
25731,2060.462
25732,2060.471
25733,2060.480
25734,2060.489
25735,2060.497
25736,2060.506
25737,2060.514
25738,2060.523
25739,2060.531
25740,2060.541
25741,2060.550
25742,2060.558
25743,2061.047
25744,2061.057
25745,2061.065
25746,2061.402
25747,2061.410
25748,2061.422
25749,2061.432
25750,2061.740
25751,2061.749
25752,2061.758
25753,2061.767
25754,2061.776
25755,2061.784
25756,2062.279
25757,2062.294
25758,2062.307
25759,2062.703
25760,2062.784
25761,2062.794
25762,2062.805
25763,2062.815
25764,2062.825
25765,2062.836
25766,2062.847
25767,2062.886
25768,2062.970
25769,2063.261
25770,2063.269
25771,2063.276
25772,2063.283
25773,2063.290
25774,2063.298
25775,2063.306
25776,2063.775
25777,2063.784
25778,2063.793
25779,2063.802
25780,2063.812
25781,2064.134
25782,2064.142
25783,2064.150
25784,2064.157
25785,2064.165
25786,2064.173
25787,2064.181
25788,2064.474
25789,2064.483
25790,2064.491
25791,2064.498
25792,2064.506
25793,2064.514
25794,2064.522
25795,2065.033
25796,2065.043
25797,2065.053
25798,2065.065
25799,2065.075
25800,2065.396
25801,2065.404
25802,2065.411
25803,2065.418
25804,2065.425
25805,2065.434
25806,2065.441
25807,2065.726
25808,2065.821
25809,2065.831
25810,2065.842
25811,2065.853
25812,2065.864
25813,2065.905
25814,2065.986
25815,2066.531
25816,2066.540
25817,2066.549
25818,2066.559
25819,2066.567
25820,2067.079
25821,2067.087
25822,2067.096
25823,2067.106
25824,2067.116
25825,2067.583
25826,2067.592
25827,2067.600
25828,2067.610
25829,2067.618
25830,2068.078
25831,2068.087
25832,2068.096
25833,2068.105
25834,2068.114
25835,2068.437
25836,2068.501
25837,2068.509
25838,2068.517
25839,2068.525
25840,2068.533
25841,2068.540
25842,2068.547
25843,2068.554
25844,2068.561
25845,2068.569
25846,2068.576
25847,2068.583
25848,2068.591
25849,2068.598
25850,2068.606
25851,2068.614
25852,2068.622
25853,2068.631
25854,2068.639
25855,2068.647
25856,2068.656
25857,2068.690
25858,2068.752
25859,2069.108
25860,2069.120
25861,2069.132
25862,2069.141
25863,2069.151
25864,2069.164
25865,2069.175
25866,2069.519
25867,2069.530
25868,2069.541
25869,2069.550
25870,2069.560
25871,2069.571
25872,2069.582
25873,2070.155
25874,2070.164
25875,2070.173
25876,2070.183
25877,2070.192
25878,2070.526
25879,2070.535
25880,2070.542
25881,2070.549
25882,2070.557
25883,2070.564
25884,2070.572
25885,2070.864
25886,2070.872
25887,2070.879
25888,2070.886
25889,2070.893
25890,2070.901
25891,2070.908
25892,2071.398
25893,2071.407
25894,2071.417
25895,2071.427
25896,2071.436
25897,2071.941
25898,2071.949
25899,2071.958
25900,2071.968
25901,2071.976
25902,2072.497
25903,2072.507
25904,2072.516
25905,2072.526
25906,2072.535
25907,2072.905
25908,2072.916
25909,2072.927
25910,2072.936
25911,2072.946
25912,2072.957
25913,2072.969
25914,2073.534
25915,2073.545
25916,2073.559
25917,2073.573
25918,2073.586
25919,2074.081
25920,2074.090
25921,2074.099
25922,2074.109
25923,2074.118
25924,2074.631
25925,2074.641
25926,2074.651
25927,2074.660
25928,2075.157
25929,2075.166
25930,2075.175
25931,2075.184
25932,2075.193
25933,2075.535
25934,2075.544
25935,2075.553
25936,2075.560
25937,2075.568
25938,2075.577
25939,2075.586
25940,2076.119
25941,2076.129
25942,2076.138
25943,2076.148
25944,2076.157
25945,2076.502
25946,2076.510
25947,2076.517
25948,2076.523
25949,2076.530
25950,2076.539
25951,2076.551
25952,2077.170
25953,2077.181
25954,2077.193
25955,2077.206
25956,2077.218
25957,2077.762
25958,2077.771
25959,2077.780
25960,2077.789
25961,2077.798
25962,2078.268
25963,2078.277
25964,2078.285
25965,2078.294
25966,2078.303
25967,2078.795
25968,2078.805
25969,2078.815
25970,2078.825
25971,2078.834
25972,2079.351
25973,2079.360
25974,2079.368
25975,2079.860
25976,2079.869
25977,2079.878
25978,2080.426
25979,2080.436
25980,2080.445
25981,2080.937
25982,2080.950
25983,2080.962
25984,2081.524
25985,2081.536
25986,2081.548
25987,2082.077
25988,2082.085
25989,2082.094
25990,2082.564
25991,2082.573
25992,2082.581
25993,2083.110
25994,2083.178
25995,2083.187
25996,2083.195
25997,2083.203
25998,2083.211
25999,2083.219
26000,2083.228
26001,2083.237
26002,2083.245
26003,2083.253
26004,2083.262
26005,2083.270
26006,2083.278
26007,2083.287
26008,2083.785
26009,2083.794
26010,2083.803
26011,2084.136
26012,2084.143
26013,2084.153
26014,2084.162
26015,2084.465
26016,2084.473
26017,2084.480
26018,2084.489
26019,2084.496
26020,2084.504
26021,2085.040
26022,2085.052
26023,2085.063
26024,2085.451
26025,2085.535
26026,2085.546
26027,2085.558
26028,2085.569
26029,2085.581
26030,2085.592
26031,2085.600
26032,2085.629
26033,2085.690
26034,2085.989
26035,2085.997
26036,2086.005
26037,2086.012
26038,2086.019
26039,2086.027
26040,2086.035
26041,2086.527
26042,2086.536
26043,2086.545
26044,2086.554
26045,2086.564
26046,2086.903
26047,2086.912
26048,2086.920
26049,2086.927
26050,2086.935
26051,2086.943
26052,2086.954
26053,2087.257
26054,2087.265
26055,2087.273
26056,2087.280
26057,2087.287
26058,2087.295
26059,2087.302
26060,2087.840
26061,2087.850
26062,2087.860
26063,2087.873
26064,2087.884
26065,2088.221
26066,2088.229
26067,2088.236
26068,2088.242
26069,2088.248
26070,2088.258
26071,2088.270
26072,2088.622
26073,2088.713
26074,2088.724
26075,2088.736
26076,2088.748
26077,2088.759
26078,2088.800
26079,2088.894
26080,2089.430
26081,2089.439
26082,2089.449
26083,2089.459
26084,2089.469
26085,2089.977
26086,2089.986
26087,2089.995
26088,2090.005
26089,2090.015
26090,2090.505
26091,2090.513
26092,2090.522
26093,2090.531
26094,2090.540
26095,2091.033
26096,2091.042
26097,2091.052
26098,2091.062
26099,2091.073
26100,2091.425
26101,2091.493
26102,2091.500
26103,2091.508
26104,2091.516
26105,2091.525
26106,2091.533
26107,2091.540
26108,2091.549
26109,2091.557
26110,2091.565
26111,2091.573
26112,2091.581
26113,2091.589
26114,2091.597
26115,2091.606
26116,2091.615
26117,2091.624
26118,2091.633
26119,2091.642
26120,2091.650
26121,2091.658
26122,2091.703
26123,2091.799
26124,2092.159
26125,2092.170
26126,2092.181
26127,2092.190
26128,2092.201
26129,2092.212
26130,2092.223
26131,2092.575
26132,2092.583
26133,2092.592
26134,2092.598
26135,2092.606
26136,2092.615
26137,2092.623
26138,2093.165
26139,2093.175
26140,2093.185
26141,2093.199
26142,2093.210
26143,2093.558
26144,2093.566
26145,2093.573
26146,2093.580
26147,2093.587
26148,2093.595
26149,2093.602
26150,2093.903
26151,2093.910
26152,2093.918
26153,2093.925
26154,2093.932
26155,2093.940
26156,2093.947
26157,2094.446
26158,2094.455
26159,2094.464
26160,2094.474
26161,2094.483
26162,2094.998
26163,2095.007
26164,2095.016
26165,2095.027
26166,2095.037
26167,2095.604
26168,2095.616
26169,2095.629
26170,2095.642
26171,2095.655
26172,2096.053
26173,2096.064
26174,2096.076
26175,2096.085
26176,2096.095
26177,2096.105
26178,2096.116
26179,2096.673
26180,2096.682
26181,2096.691
26182,2096.701
26183,2096.709
26184,2097.207
26185,2097.217
26186,2097.226
26187,2097.234
26188,2097.244
26189,2097.790
26190,2097.800
26191,2097.810
26192,2097.819
26193,2098.326
26194,2098.335
26195,2098.344
26196,2098.354
26197,2098.364
26198,2098.703
26199,2098.711
26200,2098.719
26201,2098.726
26202,2098.734
26203,2098.742
26204,2098.750
26205,2099.259
26206,2099.268
26207,2099.276
26208,2099.285
26209,2099.293
26210,2099.685
26211,2099.697
26212,2099.709
26213,2099.717
26214,2099.727
26215,2099.738
26216,2099.749
26217,2100.316
26218,2100.329
26219,2100.341
26220,2100.351
26221,2100.360
26222,2100.857
26223,2100.866
26224,2100.875
26225,2100.884
26226,2100.892
26227,2101.382
26228,2101.391
26229,2101.400
26230,2101.409
26231,2101.418
26232,2101.901
26233,2101.909
26234,2101.917
26235,2101.926
26236,2101.935
26237,2102.403
26238,2102.411
26239,2102.419
26240,2102.894
26241,2102.903
26242,2102.911
26243,2103.383
26244,2103.396
26245,2103.408
26246,2103.950
26247,2103.962
26248,2103.973
26249,2104.513
26250,2104.523
26251,2104.531
26252,2105.012
26253,2105.022
26254,2105.030
26255,2105.508
26256,2105.517
26257,2105.525
26258,2106.040
26259,2106.100
26260,2106.107
26261,2106.114
26262,2106.121
26263,2106.128
26264,2106.135
26265,2106.142
26266,2106.149
26267,2106.156
26268,2106.163
26269,2106.171
26270,2106.178
26271,2106.185
26272,2106.193
26273,2106.650
26274,2106.657
26275,2106.664
26276,2106.983
26277,2106.990
26278,2106.998
26279,2107.005
26280,2107.325
26281,2107.337
26282,2107.346
26283,2107.356
26284,2107.367
26285,2107.377
26286,2107.901
26287,2107.912
26288,2107.922
26289,2108.263
26290,2108.315
26291,2108.321
26292,2108.327
26293,2108.334
26294,2108.340
26295,2108.346
26296,2108.352
26297,2108.377
26298,2108.429
26299,2108.729
26300,2108.737
26301,2108.744
26302,2108.750
26303,2108.757
26304,2108.764
26305,2108.771
26306,2109.253
26307,2109.261
26308,2109.270
26309,2109.279
26310,2109.288
26311,2109.631
26312,2109.639
26313,2109.646
26314,2109.652
26315,2109.659
26316,2109.667
26317,2109.674
26318,2109.978
26319,2109.986
26320,2109.993
26321,2109.999
26322,2110.006
26323,2110.013
26324,2110.021
26325,2110.543
26326,2110.555
26327,2110.569
26328,2110.578
26329,2110.591
26330,2110.976
26331,2110.986
26332,2110.996
26333,2111.005
26334,2111.015
26335,2111.027
26336,2111.038
26337,2111.381
26338,2111.451
26339,2111.458
26340,2111.465
26341,2111.473
26342,2111.480
26343,2111.507
26344,2111.564
26345,2112.073
26346,2112.082
26347,2112.091
26348,2112.101
26349,2112.110
26350,2112.601
26351,2112.609
26352,2112.618
26353,2112.627
26354,2112.636
26355,2113.133
26356,2113.142
26357,2113.150
26358,2113.159
26359,2113.168
26360,2113.652
26361,2113.660
26362,2113.669
26363,2113.678
26364,2113.687
26365,2114.033
26366,2114.096
26367,2114.107
26368,2114.117
26369,2114.128
26370,2114.137
26371,2114.146
26372,2114.156
26373,2114.166
26374,2114.176
26375,2114.186
26376,2114.196
26377,2114.207
26378,2114.218
26379,2114.228
26380,2114.237
26381,2114.247
26382,2114.257
26383,2114.266
26384,2114.275
26385,2114.284
26386,2114.294
26387,2114.330
26388,2114.404
26389,2114.752
26390,2114.760
26391,2114.768
26392,2114.775
26393,2114.782
26394,2114.790
26395,2114.797
26396,2115.107
26397,2115.115
26398,2115.122
26399,2115.128
26400,2115.135
26401,2115.142
26402,2115.150
26403,2115.691
26404,2115.700
26405,2115.708
26406,2115.718
26407,2115.727
26408,2116.061
26409,2116.069
26410,2116.077
26411,2116.084
26412,2116.093
26413,2116.101
26414,2116.109
26415,2116.409
26416,2116.417
26417,2116.425
26418,2116.432
26419,2116.439
26420,2116.446
26421,2116.454
26422,2116.963
26423,2116.972
26424,2116.982
26425,2116.991
26426,2117.000
26427,2117.549
26428,2117.560
26429,2117.573
26430,2117.586
26431,2117.600
26432,2118.227
26433,2118.238
26434,2118.251
26435,2118.264
26436,2118.276
26437,2118.633
26438,2118.640
26439,2118.648
26440,2118.655
26441,2118.662
26442,2118.670
26443,2118.677
26444,2119.209
26445,2119.217
26446,2119.225
26447,2119.231
26448,2119.240
26449,2119.784
26450,2119.792
26451,2119.801
26452,2119.810
26453,2119.820
26454,2120.351
26455,2120.361
26456,2120.371
26457,2120.380
26458,2120.906
26459,2120.914
26460,2120.923
26461,2120.932
26462,2120.941
26463,2121.289
26464,2121.297
26465,2121.304
26466,2121.310
26467,2121.317
26468,2121.323
26469,2121.332
26470,2121.909
26471,2121.919
26472,2121.931
26473,2121.943
26474,2121.955
26475,2122.349
26476,2122.360
26477,2122.367
26478,2122.373
26479,2122.381
26480,2122.389
26481,2122.397
26482,2122.890
26483,2122.899
26484,2122.907
26485,2122.917
26486,2122.926
26487,2123.413
26488,2123.421
26489,2123.429
26490,2123.438
26491,2123.447
26492,2123.929
26493,2123.937
26494,2123.945
26495,2123.954
26496,2123.962
26497,2124.443
26498,2124.451
26499,2124.459
26500,2124.468
26501,2124.476
26502,2124.932
26503,2124.940
26504,2124.947
26505,2125.429
26506,2125.440
26507,2125.451
26508,2125.980
26509,2125.991
26510,2126.001
26511,2126.497
26512,2126.505
26513,2126.512
26514,2126.977
26515,2126.985
26516,2126.993
26517,2127.461
26518,2127.469
26519,2127.477
26520,2127.933
26521,2127.941
26522,2127.948
26523,2128.460
26524,2128.520
26525,2128.527
26526,2128.533
26527,2128.540
26528,2128.547
26529,2128.553
26530,2128.560
26531,2128.567
26532,2128.574
26533,2128.581
26534,2128.588
26535,2128.595
26536,2128.602
26537,2128.609
26538,2129.077
26539,2129.088
26540,2129.099
26541,2129.481
26542,2129.491
26543,2129.501
26544,2129.511
26545,2129.849
26546,2129.862
26547,2129.871
26548,2129.883
26549,2129.895
26550,2129.907
26551,2130.378
26552,2130.386
26553,2130.394
26554,2130.713
26555,2130.769
26556,2130.776
26557,2130.782
26558,2130.789
26559,2130.795
26560,2130.802
26561,2130.808
26562,2130.835
26563,2130.890
26564,2131.191
26565,2131.199
26566,2131.206
26567,2131.211
26568,2131.219
26569,2131.226
26570,2131.233
26571,2131.715
26572,2131.723
26573,2131.731
26574,2131.740
26575,2131.748
26576,2132.075
26577,2132.082
26578,2132.089
26579,2132.095
26580,2132.102
26581,2132.109
26582,2132.116
26583,2132.411
26584,2132.422
26585,2132.434
26586,2132.442
26587,2132.452
26588,2132.463
26589,2132.473
26590,2133.047
26591,2133.058
26592,2133.069
26593,2133.082
26594,2133.094
26595,2133.452
26596,2133.459
26597,2133.466
26598,2133.472
26599,2133.479
26600,2133.487
26601,2133.494
26602,2133.781
26603,2133.832
26604,2133.839
26605,2133.845
26606,2133.851
26607,2133.857
26608,2133.884
26609,2133.935
26610,2134.411
26611,2134.418
26612,2134.426
26613,2134.435
26614,2134.443
26615,2134.908
26616,2134.916
26617,2134.925
26618,2134.934
26619,2134.942
26620,2135.408
26621,2135.416
26622,2135.423
26623,2135.432
26624,2135.440
26625,2135.910
26626,2135.921
26627,2135.933
26628,2135.945
26629,2135.957
26630,2136.332
26631,2136.412
26632,2136.422
26633,2136.431
26634,2136.441
26635,2136.450
26636,2136.460
26637,2136.469
26638,2136.479
26639,2136.490
26640,2136.500
26641,2136.511
26642,2136.522
26643,2136.531
26644,2136.538
26645,2136.545
26646,2136.552
26647,2136.559
26648,2136.566
26649,2136.573
26650,2136.580
26651,2136.587
26652,2136.614
26653,2136.670
26654,2136.976
26655,2136.984
26656,2136.991
26657,2136.997
26658,2137.005
26659,2137.013
26660,2137.020
26661,2137.324
26662,2137.332
26663,2137.339
26664,2137.345
26665,2137.352
26666,2137.359
26667,2137.366
26668,2137.888
26669,2137.897
26670,2137.907
26671,2137.917
26672,2137.926
26673,2138.257
26674,2138.264
26675,2138.271
26676,2138.278
26677,2138.285
26678,2138.292
26679,2138.300
26680,2138.598
26681,2138.605
26682,2138.612
26683,2138.619
26684,2138.626
26685,2138.633
26686,2138.641
26687,2139.153
26688,2139.164
26689,2139.176
26690,2139.189
26691,2139.201
26692,2139.775
26693,2139.786
26694,2139.796
26695,2139.809
26696,2139.821
26697,2140.378
26698,2140.387
26699,2140.395
26700,2140.405
26701,2140.414
26702,2140.760
26703,2140.768
26704,2140.776
26705,2140.783
26706,2140.790
26707,2140.797
26708,2140.804
26709,2141.327
26710,2141.335
26711,2141.344
26712,2141.352
26713,2141.360
26714,2141.871
26715,2141.880
26716,2141.890
26717,2141.898
26718,2141.908
26719,2142.424
26720,2142.434
26721,2142.443
26722,2142.452
26723,2142.968
26724,2142.981
26725,2142.996
26726,2143.007
26727,2143.019
26728,2143.416
26729,2143.426
26730,2143.437
26731,2143.446
26732,2143.456
26733,2143.466
26734,2143.476
26735,2144.029
26736,2144.037
26737,2144.046
26738,2144.055
26739,2144.063
26740,2144.411
26741,2144.418
26742,2144.426
26743,2144.432
26744,2144.439
26745,2144.447
26746,2144.454
26747,2144.961
26748,2144.969
26749,2144.978
26750,2144.987
26751,2144.995
26752,2145.483
26753,2145.491
26754,2145.499
26755,2145.508
26756,2145.516
26757,2146.006
26758,2146.014
26759,2146.022
26760,2146.031
26761,2146.040
26762,2146.528
26763,2146.536
26764,2146.544
26765,2146.553
26766,2146.561
26767,2147.079
26768,2147.090
26769,2147.102
26770,2147.632
26771,2147.643
26772,2147.653
26773,2148.142
26774,2148.150
26775,2148.157
26776,2148.623
26777,2148.631
26778,2148.639
26779,2149.135
26780,2149.143
26781,2149.150
26782,2149.621
26783,2149.629
26784,2149.637
26785,2150.107
26786,2150.115
26787,2150.123
26788,2150.376
26789,2150.442
26790,2150.681
26791,2150.777
26792,2151.065
26793,2151.158
26794,2151.447
26795,2151.524
26796,2152.437
26797,2152.446
26798,2152.820
26799,2153.076
26800,2153.083
26801,2153.347
26802,2153.354
26803,2154.194
26804,2154.202
26805,2154.623
26806,2154.916
26807,2154.927
26808,2155.786
26809,2155.794
26810,2156.165
26811,2156.421
26812,2156.428
26813,2156.602
26814,2156.608
26815,2156.614
26816,2156.654
26817,2156.660
26818,2156.666
26819,2156.672
26820,2156.677
26821,2156.683
26822,2156.689
26823,2156.694
26824,2156.700
26825,2156.880
26826,2156.886
26827,2156.892
26828,2157.023
26829,2157.040
26830,2157.046
26831,2157.060
26832,2157.078
26833,2157.084
26834,2157.126
26835,2157.143
26836,2157.148
26837,2157.181
26838,2157.196
26839,2157.202
26840,2157.214
26841,2157.230
26842,2157.236
26843,2157.286
26844,2157.296
26845,2157.306
26846,2157.356
26847,2157.366
26848,2157.375
26849,2157.385
26850,2157.394
26851,2157.404
26852,2157.414
26853,2157.424
26854,2157.432
26855,2157.634
26856,2157.644
26857,2157.653
26858,2157.799
26859,2157.825
26860,2157.835
26861,2157.857
26862,2157.888
26863,2157.894
26864,2157.939
26865,2157.956
26866,2157.962
26867,2157.997
26868,2158.014
26869,2158.020
26870,2158.033
26871,2158.049
26872,2158.055
26873,2158.096
26874,2158.102
26875,2158.108
26876,2158.145
26877,2158.151
26878,2158.157
26879,2158.163
26880,2158.169
26881,2158.174
26882,2158.180
26883,2158.186
26884,2158.192
26885,2158.372
26886,2158.378
26887,2158.384
26888,2158.518
26889,2158.535
26890,2158.541
26891,2158.556
26892,2158.572
26893,2158.578
26894,2158.618
26895,2158.635
26896,2158.641
26897,2158.674
26898,2158.692
26899,2158.698
26900,2158.712
26901,2158.729
26902,2158.735
26903,2158.780
26904,2158.786
26905,2158.793
26906,2158.800
26907,2158.805
26908,2158.811
26909,2158.817
26910,2158.996
26911,2159.002
26912,2159.009
26913,2159.141
26914,2159.158
26915,2159.164
26916,2159.178
26917,2159.193
26918,2159.200
26919,2159.232
26920,2159.249
26921,2159.255
26922,2159.287
26923,2159.314
26924,2159.324
26925,2159.378
26926,2159.405
26927,2159.415
26928,2159.436
26929,2159.460
26930,2159.468
26931,2159.513
26932,2159.538
26933,2159.547
26934,2159.604
26935,2159.613
26936,2159.621
26937,2159.630
26938,2159.639
26939,2159.693
26940,2159.700
26941,2159.707
26942,2159.713
26943,2159.719
26944,2159.725
26945,2159.730
26946,2159.736
26947,2159.742
26948,2159.748
26949,2159.763
26950,2159.775
26951,2159.787
26952,2159.799
26953,2159.811
26954,2159.823
26955,2159.835
26956,2159.847
26957,2159.982
26958,2159.989
26959,2159.996
26960,2160.003
26961,2160.010
26962,2160.017
26963,2160.023
26964,2160.030
26965,2160.036
26966,2160.042
26967,2160.048
26968,2160.054
26969,2160.061
26970,2160.067
26971,2160.073
26972,2160.080
26973,2160.086
26974,2160.093
26975,2160.099
26976,2160.259
26977,2160.265
26978,2160.271
26979,2160.430
26980,2160.437
26981,2160.443
26982,2160.604
26983,2160.610
26984,2160.616
26985,2160.778
26986,2160.785
26987,2160.791
26988,2160.958
26989,2160.965
26990,2160.973
26991,2161.140
26992,2161.147
26993,2161.153
26994,2161.319
26995,2161.325
26996,2161.332
26997,2161.494
26998,2161.501
26999,2161.506
27000,2161.675
27001,2161.686
27002,2161.696
27003,2161.884
27004,2161.895
27005,2161.904
27006,2162.098
27007,2162.108
27008,2162.117
27009,2162.312
27010,2162.322
27011,2162.331
27012,2162.514
27013,2162.521
27014,2162.527
27015,2162.691
27016,2162.698
27017,2162.704
27018,2162.868
27019,2162.875
27020,2162.881
27021,2163.047
27022,2163.054
27023,2163.060
27024,2163.225
27025,2163.232
27026,2163.238
27027,2163.395
27028,2163.401
27029,2163.407
27030,2163.412
27031,2163.598
27032,2163.605
27033,2163.611
27034,2163.775
27035,2163.781
27036,2163.787
27037,2163.944
27038,2163.967
27039,2163.973
27040,2164.098
27041,2164.104
27042,2164.110
27043,2164.115
27044,2164.304
27045,2164.311
27046,2164.317
27047,2164.480
27048,2164.486
27049,2164.492
27050,2164.647
27051,2164.670
27052,2164.675
27053,2165.439
27054,2165.541
27055,2165.550
27056,2165.560
27057,2165.571
27058,2165.582
27059,2165.594
27060,2165.605
27061,2165.613
27062,2165.621
27063,2165.629
27064,2165.637
27065,2165.645
27066,2165.653
27067,2165.661
27068,2166.247
27069,2166.254
27070,2166.260
27071,2166.698
27072,2166.705
27073,2166.711
27074,2166.717
27075,2167.136
27076,2167.143
27077,2167.151
27078,2167.158
27079,2167.165
27080,2167.172
27081,2167.772
27082,2167.780
27083,2167.788
27084,2168.239
27085,2168.309
27086,2168.314
27087,2168.320
27088,2168.331
27089,2168.342
27090,2168.352
27091,2168.362
27092,2168.411
27093,2168.517
27094,2168.996
27095,2169.006
27096,2169.016
27097,2169.028
27098,2169.037
27099,2169.048
27100,2169.060
27101,2169.482
27102,2169.489
27103,2169.496
27104,2169.502
27105,2169.534
27106,2169.540
27107,2169.546
27108,2169.997
27109,2170.004
27110,2170.011
27111,2170.018
27112,2170.024
27113,2170.457
27114,2170.464
27115,2170.470
27116,2171.215
27117,2171.224
27118,2171.231
27119,2171.239
27120,2171.246
27121,2171.706
27122,2171.713
27123,2171.719
27124,2171.727
27125,2171.733
27126,2171.739
27127,2171.745
27128,2172.242
27129,2172.252
27130,2172.262
27131,2172.272
27132,2172.279
27133,2172.288
27134,2172.297
27135,2172.773
27136,2172.785
27137,2172.795
27138,2172.801
27139,2173.257
27140,2173.263
27141,2173.270
27142,2173.277
27143,2173.283
27144,2173.289
27145,2174.177
27146,2174.187
27147,2174.196
27148,2174.205
27149,2174.213
27150,2174.658
27151,2174.665
27152,2174.671
27153,2174.677
27154,2175.464
27155,2175.473
27156,2175.481
27157,2175.489
27158,2175.496
27159,2176.004
27160,2176.013
27161,2176.022
27162,2176.030
27163,2176.038
27164,2176.614
27165,2176.622
27166,2176.630
27167,2176.637
27168,2176.645
27169,2177.065
27170,2177.072
27171,2177.078
27172,2177.084
27173,2177.519
27174,2177.526
27175,2177.533
27176,2177.540
27177,2177.546
27178,2177.553
27179,2177.560
27180,2177.972
27181,2178.040
27182,2178.046
27183,2178.052
27184,2178.058
27185,2178.063
27186,2178.097
27187,2178.162
27188,2178.780
27189,2178.787
27190,2178.795
27191,2178.803
27192,2178.811
27193,2179.256
27194,2179.262
27195,2179.272
27196,2179.283
27197,2179.815
27198,2179.826
27199,2179.836
27200,2179.845
27201,2180.379
27202,2180.386
27203,2180.393
27204,2180.399
27205,2181.209
27206,2181.217
27207,2181.225
27208,2181.233
27209,2181.240
27210,2182.017
27211,2182.025
27212,2182.033
27213,2182.040
27214,2182.047
27215,2182.054
27216,2182.699
27217,2182.706
27218,2182.714
27219,2182.722
27220,2182.730
27221,2183.389
27222,2183.402
27223,2183.413
27224,2183.425
27225,2183.436
27226,2183.975
27227,2184.083
27228,2184.093
27229,2184.102
27230,2184.112
27231,2184.123
27232,2184.133
27233,2184.144
27234,2184.156
27235,2184.163
27236,2184.170
27237,2184.178
27238,2184.185
27239,2184.193
27240,2184.201
27241,2184.208
27242,2184.216
27243,2184.224
27244,2184.232
27245,2184.239
27246,2184.247
27247,2184.255
27248,2184.293
27249,2184.365
27250,2184.825
27251,2184.832
27252,2184.840
27253,2184.848
27254,2184.855
27255,2184.862
27256,2184.869
27257,2185.315
27258,2185.323
27259,2185.330
27260,2185.338
27261,2185.345
27262,2185.353
27263,2185.360
27264,2186.037
27265,2186.045
27266,2186.054
27267,2186.063
27268,2186.072
27269,2186.544
27270,2186.551
27271,2186.559
27272,2186.567
27273,2186.575
27274,2186.583
27275,2186.591
27276,2187.048
27277,2187.058
27278,2187.068
27279,2187.075
27280,2187.085
27281,2187.096
27282,2187.106
27283,2187.836
27284,2187.849
27285,2187.861
27286,2187.871
27287,2187.880
27288,2188.545
27289,2188.554
27290,2188.562
27291,2188.571
27292,2188.580
27293,2189.291
27294,2189.299
27295,2189.307
27296,2189.316
27297,2189.324
27298,2189.793
27299,2189.800
27300,2189.808
27301,2189.813
27302,2189.820
27303,2189.826
27304,2189.833
27305,2190.536
27306,2190.543
27307,2190.551
27308,2190.560
27309,2190.567
27310,2191.234
27311,2191.246
27312,2191.258
27313,2191.273
27314,2191.286
27315,2192.060
27316,2192.072
27317,2192.084
27318,2192.097
27319,2192.778
27320,2192.786
27321,2192.794
27322,2192.803
27323,2192.811
27324,2193.298
27325,2193.305
27326,2193.312
27327,2193.318
27328,2193.324
27329,2193.331
27330,2193.338
27331,2193.995
27332,2194.003
27333,2194.011
27334,2194.020
27335,2194.028
27336,2194.511
27337,2194.519
27338,2194.525
27339,2194.533
27340,2194.539
27341,2194.546
27342,2194.553
27343,2195.238
27344,2195.247
27345,2195.255
27346,2195.264
27347,2195.272
27348,2195.982
27349,2195.992
27350,2196.002
27351,2196.011
27352,2196.023
27353,2196.726
27354,2196.734
27355,2196.742
27356,2196.751
27357,2196.759
27358,2197.388
27359,2197.396
27360,2197.404
27361,2197.413
27362,2197.422
27363,2198.035
27364,2198.043
27365,2198.050
27366,2198.665
27367,2198.674
27368,2198.682
27369,2199.287
27370,2199.295
27371,2199.302
27372,2199.920
27373,2199.931
27374,2199.941
27375,2200.645
27376,2200.656
27377,2200.666
27378,2201.319
27379,2201.326
27380,2201.333
27381,2201.939
27382,2201.947
27383,2201.954
27384,2202.411
27385,2202.465
27386,2202.471
27387,2202.478
27388,2202.484
27389,2202.489
27390,2202.496
27391,2202.502
27392,2202.508
27393,2202.514
27394,2202.521
27395,2202.527
27396,2202.534
27397,2202.541
27398,2202.547
27399,2202.828
27400,2202.835
27401,2202.841
27402,2203.120
27403,2203.127
27404,2203.133
27405,2203.379
27406,2203.386
27407,2203.393
27408,2203.399
27409,2203.406
27410,2203.684
27411,2203.696
27412,2203.706
27413,2203.992
27414,2204.065
27415,2204.074
27416,2204.083
27417,2204.091
27418,2204.100
27419,2204.110
27420,2204.118
27421,2204.153
27422,2204.225
27423,2204.468
27424,2204.475
27425,2204.482
27426,2204.489
27427,2204.496
27428,2204.503
27429,2204.797
27430,2204.803
27431,2204.810
27432,2204.817
27433,2204.823
27434,2205.081
27435,2205.088
27436,2205.095
27437,2205.103
27438,2205.110
27439,2205.117
27440,2205.340
27441,2205.347
27442,2205.353
27443,2205.361
27444,2205.368
27445,2205.375
27446,2205.671
27447,2205.678
27448,2205.685
27449,2205.693
27450,2205.700
27451,2205.953
27452,2205.960
27453,2205.967
27454,2205.975
27455,2205.981
27456,2205.988
27457,2206.211
27458,2206.261
27459,2206.268
27460,2206.275
27461,2206.281
27462,2206.289
27463,2206.316
27464,2206.366
27465,2206.652
27466,2206.663
27467,2206.665
27468,2206.670
27469,2206.677
27470,2207.028
27471,2207.038
27472,2207.049
27473,2207.056
27474,2207.068
27475,2207.419
27476,2207.425
27477,2207.435
27478,2207.441
27479,2207.452
27480,2207.775
27481,2207.783
27482,2207.789
27483,2207.794
27484,2207.801
27485,2208.047
27486,2208.100
27487,2208.107
27488,2208.113
27489,2208.119
27490,2208.125
27491,2208.132
27492,2208.137
27493,2208.143
27494,2208.149
27495,2208.156
27496,2208.162
27497,2208.168
27498,2208.174
27499,2208.181
27500,2208.188
27501,2208.194
27502,2208.201
27503,2208.208
27504,2208.215
27505,2208.222
27506,2208.228
27507,2208.253
27508,2208.306
27509,2208.539
27510,2208.547
27511,2208.554
27512,2208.561
27513,2208.568
27514,2208.575
27515,2208.806
27516,2208.814
27517,2208.821
27518,2208.829
27519,2208.836
27520,2208.843
27521,2209.157
27522,2209.165
27523,2209.173
27524,2209.182
27525,2209.189
27526,2209.449
27527,2209.456
27528,2209.463
27529,2209.471
27530,2209.478
27531,2209.485
27532,2209.713
27533,2209.720
27534,2209.727
27535,2209.733
27536,2209.740
27537,2209.746
27538,2210.097
27539,2210.109
27540,2210.120
27541,2210.128
27542,2210.139
27543,2210.494
27544,2210.504
27545,2210.514
27546,2210.522
27547,2210.533
27548,2210.889
27549,2210.897
27550,2210.904
27551,2210.910
27552,2210.918
27553,2211.183
27554,2211.190
27555,2211.197
27556,2211.205
27557,2211.212
27558,2211.219
27559,2211.527
27560,2211.534
27561,2211.541
27562,2211.548
27563,2211.556
27564,2211.864
27565,2211.872
27566,2211.879
27567,2211.887
27568,2211.894
27569,2212.206
27570,2212.213
27571,2212.220
27572,2212.226
27573,2212.534
27574,2212.541
27575,2212.549
27576,2212.556
27577,2212.564
27578,2212.834
27579,2212.841
27580,2212.848
27581,2212.854
27582,2212.861
27583,2212.868
27584,2213.170
27585,2213.178
27586,2213.186
27587,2213.194
27588,2213.203
27589,2213.462
27590,2213.468
27591,2213.474
27592,2213.486
27593,2213.497
27594,2213.509
27595,2213.853
27596,2213.863
27597,2213.873
27598,2213.880
27599,2213.890
27600,2214.234
27601,2214.243
27602,2214.253
27603,2214.265
27604,2214.276
27605,2214.582
27606,2214.589
27607,2214.596
27608,2214.603
27609,2214.609
27610,2214.901
27611,2214.908
27612,2214.914
27613,2214.920
27614,2214.926
27615,2215.208
27616,2215.215
27617,2215.221
27618,2215.501
27619,2215.508
27620,2215.514
27621,2215.794
27622,2215.801
27623,2215.807
27624,2216.094
27625,2216.101
27626,2216.108
27627,2216.405
27628,2216.412
27629,2216.419
27630,2216.703
27631,2216.710
27632,2216.716
27633,2217.001
27634,2217.007
27635,2217.012
27636,2217.549
27637,2217.627
27638,2217.637
27639,2217.647
27640,2217.657
27641,2217.667
27642,2217.677
27643,2217.687
27644,2217.697
27645,2217.708
27646,2217.720
27647,2217.732
27648,2217.744
27649,2217.755
27650,2217.763
27651,2218.043
27652,2218.049
27653,2218.056
27654,2218.341
27655,2218.348
27656,2218.355
27657,2218.607
27658,2218.614
27659,2218.622
27660,2218.629
27661,2218.636
27662,2218.915
27663,2218.922
27664,2218.929
27665,2219.169
27666,2219.218
27667,2219.225
27668,2219.230
27669,2219.236
27670,2219.242
27671,2219.248
27672,2219.253
27673,2219.279
27674,2219.329
27675,2219.550
27676,2219.557
27677,2219.563
27678,2219.570
27679,2219.577
27680,2219.583
27681,2219.870
27682,2219.877
27683,2219.883
27684,2219.891
27685,2219.897
27686,2220.172
27687,2220.182
27688,2220.191
27689,2220.202
27690,2220.212
27691,2220.222
27692,2220.477
27693,2220.486
27694,2220.496
27695,2220.506
27696,2220.515
27697,2220.525
27698,2220.877
27699,2220.884
27700,2220.892
27701,2220.900
27702,2220.908
27703,2221.161
27704,2221.168
27705,2221.174
27706,2221.182
27707,2221.188
27708,2221.194
27709,2221.410
27710,2221.461
27711,2221.467
27712,2221.473
27713,2221.479
27714,2221.485
27715,2221.511
27716,2221.562
27717,2221.850
27718,2221.857
27719,2221.863
27720,2221.868
27721,2221.875
27722,2222.165
27723,2222.172
27724,2222.178
27725,2222.183
27726,2222.189
27727,2222.478
27728,2222.485
27729,2222.491
27730,2222.496
27731,2222.503
27732,2222.803
27733,2222.808
27734,2222.815
27735,2222.820
27736,2222.827
27737,2223.081
27738,2223.134
27739,2223.145
27740,2223.155
27741,2223.166
27742,2223.177
27743,2223.186
27744,2223.195
27745,2223.205
27746,2223.216
27747,2223.225
27748,2223.235
27749,2223.244
27750,2223.254
27751,2223.265
27752,2223.275
27753,2223.284
27754,2223.293
27755,2223.303
27756,2223.311
27757,2223.320
27758,2223.330
27759,2223.365
27760,2223.436
27761,2223.700
27762,2223.708
27763,2223.716
27764,2223.723
27765,2223.731
27766,2223.737
27767,2223.968
27768,2223.975
27769,2223.982
27770,2223.990
27771,2223.996
27772,2224.003
27773,2224.314
27774,2224.321
27775,2224.329
27776,2224.337
27777,2224.344
27778,2224.602
27779,2224.609
27780,2224.616
27781,2224.624
27782,2224.630
27783,2224.637
27784,2224.865
27785,2224.873
27786,2224.880
27787,2224.885
27788,2224.892
27789,2224.899
27790,2225.200
27791,2225.208
27792,2225.215
27793,2225.223
27794,2225.231
27795,2225.534
27796,2225.542
27797,2225.549
27798,2225.554
27799,2225.561
27800,2225.870
27801,2225.878
27802,2225.885
27803,2225.891
27804,2225.898
27805,2226.166
27806,2226.177
27807,2226.187
27808,2226.198
27809,2226.207
27810,2226.217
27811,2226.566
27812,2226.575
27813,2226.585
27814,2226.592
27815,2226.602
27816,2226.952
27817,2226.963
27818,2226.971
27819,2226.979
27820,2226.986
27821,2227.295
27822,2227.303
27823,2227.310
27824,2227.318
27825,2227.622
27826,2227.629
27827,2227.637
27828,2227.645
27829,2227.652
27830,2227.916
27831,2227.923
27832,2227.931
27833,2227.936
27834,2227.943
27835,2227.949
27836,2228.251
27837,2228.258
27838,2228.265
27839,2228.273
27840,2228.281
27841,2228.543
27842,2228.550
27843,2228.558
27844,2228.565
27845,2228.572
27846,2228.579
27847,2228.883
27848,2228.891
27849,2228.899
27850,2228.905
27851,2228.912
27852,2229.212
27853,2229.220
27854,2229.227
27855,2229.234
27856,2229.242
27857,2229.542
27858,2229.553
27859,2229.563
27860,2229.574
27861,2229.584
27862,2229.934
27863,2229.943
27864,2229.953
27865,2229.961
27866,2229.971
27867,2230.302
27868,2230.313
27869,2230.324
27870,2230.616
27871,2230.623
27872,2230.629
27873,2230.916
27874,2230.923
27875,2230.931
27876,2231.221
27877,2231.227
27878,2231.234
27879,2231.521
27880,2231.528
27881,2231.534
27882,2231.821
27883,2231.827
27884,2231.834
27885,2232.119
27886,2232.126
27887,2232.132
27888,2232.602
27889,2232.660
27890,2232.667
27891,2232.674
27892,2232.680
27893,2232.687
27894,2232.694
27895,2232.701
27896,2232.708
27897,2232.714
27898,2232.721
27899,2232.728
27900,2232.735
27901,2232.742
27902,2232.749
27903,2233.068
27904,2233.078
27905,2233.089
27906,2233.414
27907,2233.424
27908,2233.432
27909,2233.715
27910,2233.725
27911,2233.737
27912,2233.748
27913,2233.757
27914,2234.044
27915,2234.051
27916,2234.057
27917,2234.303
27918,2234.353
27919,2234.359
27920,2234.365
27921,2234.371
27922,2234.377
27923,2234.383
27924,2234.389
27925,2234.415
27926,2234.464
27927,2234.688
27928,2234.694
27929,2234.701
27930,2234.708
27931,2234.714
27932,2234.720
27933,2235.010
27934,2235.016
27935,2235.023
27936,2235.031
27937,2235.038
27938,2235.294
27939,2235.302
27940,2235.309
27941,2235.317
27942,2235.324
27943,2235.331
27944,2235.553
27945,2235.560
27946,2235.567
27947,2235.573
27948,2235.580
27949,2235.586
27950,2235.889
27951,2235.896
27952,2235.903
27953,2235.910
27954,2235.916
27955,2236.212
27956,2236.222
27957,2236.232
27958,2236.244
27959,2236.254
27960,2236.263
27961,2236.510
27962,2236.580
27963,2236.589
27964,2236.598
27965,2236.606
27966,2236.619
27967,2236.653
27968,2236.706
27969,2236.995
27970,2237.002
27971,2237.009
27972,2237.013
27973,2237.020
27974,2237.314
27975,2237.322
27976,2237.329
27977,2237.334
27978,2237.341
27979,2237.631
27980,2237.638
27981,2237.644
27982,2237.649
27983,2237.656
27984,2237.953
27985,2237.960
27986,2237.966
27987,2237.971
27988,2237.979
27989,2238.231
27990,2238.290
27991,2238.297
27992,2238.303
27993,2238.310
27994,2238.316
27995,2238.322
27996,2238.329
27997,2238.335
27998,2238.341
27999,2238.347
28000,2238.354
28001,2238.360
28002,2238.367
28003,2238.373
28004,2238.380
28005,2238.386
28006,2238.393
28007,2238.399
28008,2238.406
28009,2238.412
28010,2238.419
28011,2238.445
28012,2238.499
28013,2238.743
28014,2238.754
28015,2238.763
28016,2238.775
28017,2238.785
28018,2238.795
28019,2239.062
28020,2239.072
28021,2239.081
28022,2239.092
28023,2239.102
28024,2239.112
28025,2239.476
28026,2239.487
28027,2239.496
28028,2239.503
28029,2239.511
28030,2239.771
28031,2239.777
28032,2239.784
28033,2239.792
28034,2239.799
28035,2239.805
28036,2240.036
28037,2240.043
28038,2240.050
28039,2240.055
28040,2240.062
28041,2240.068
28042,2240.372
28043,2240.380
28044,2240.386
28045,2240.394
28046,2240.400
28047,2240.706
28048,2240.713
28049,2240.720
28050,2240.726
28051,2240.732
28052,2241.044
28053,2241.052
28054,2241.058
28055,2241.064
28056,2241.071
28057,2241.334
28058,2241.342
28059,2241.349
28060,2241.357
28061,2241.363
28062,2241.370
28063,2241.676
28064,2241.683
28065,2241.690
28066,2241.696
28067,2241.704
28068,2242.004
28069,2242.011
28070,2242.022
28071,2242.034
28072,2242.046
28073,2242.403
28074,2242.413
28075,2242.423
28076,2242.433
28077,2242.773
28078,2242.782
28079,2242.792
28080,2242.803
28081,2242.814
28082,2243.088
28083,2243.095
28084,2243.102
28085,2243.108
28086,2243.114
28087,2243.121
28088,2243.438
28089,2243.446
28090,2243.453
28091,2243.460
28092,2243.467
28093,2243.731
28094,2243.739
28095,2243.745
28096,2243.753
28097,2243.759
28098,2243.766
28099,2244.082
28100,2244.089
28101,2244.096
28102,2244.103
28103,2244.111
28104,2244.404
28105,2244.410
28106,2244.417
28107,2244.424
28108,2244.432
28109,2244.726
28110,2244.733
28111,2244.740
28112,2244.748
28113,2244.755
28114,2245.053
28115,2245.060
28116,2245.067
28117,2245.073
28118,2245.080
28119,2245.364
28120,2245.371
28121,2245.376
28122,2245.710
28123,2245.720
28124,2245.731
28125,2246.073
28126,2246.083
28127,2246.093
28128,2246.419
28129,2246.426
28130,2246.432
28131,2246.729
28132,2246.736
28133,2246.742
28134,2247.033
28135,2247.040
28136,2247.046
28137,2247.346
28138,2247.353
28139,2247.360
28140,2247.936
28141,2247.999
28142,2248.007
28143,2248.014
28144,2248.022
28145,2248.029
28146,2248.037
28147,2248.045
28148,2248.052
28149,2248.060
28150,2248.068
28151,2248.077
28152,2248.086
28153,2248.095
28154,2248.104
28155,2248.622
28156,2248.631
28157,2248.639
28158,2248.994
28159,2249.005
28160,2249.015
28161,2249.026
28162,2249.398
28163,2249.409
28164,2249.421
28165,2249.430
28166,2249.440
28167,2249.451
28168,2250.046
28169,2250.055
28170,2250.063
28171,2250.424
28172,2250.481
28173,2250.488
28174,2250.495
28175,2250.501
28176,2250.508
28177,2250.515
28178,2250.521
28179,2250.549
28180,2250.608
28181,2250.939
28182,2250.947
28183,2250.954
28184,2250.962
28185,2250.970
28186,2250.978
28187,2250.985
28188,2251.509
28189,2251.517
28190,2251.526
28191,2251.534
28192,2251.543
28193,2251.918
28194,2251.926
28195,2251.933
28196,2251.941
28197,2251.949
28198,2251.956
28199,2251.963
28200,2252.298
28201,2252.306
28202,2252.314
28203,2252.322
28204,2252.329
28205,2252.337
28206,2252.344
28207,2252.991
28208,2253.002
28209,2253.015
28210,2253.027
28211,2253.040
28212,2253.455
28213,2253.466
28214,2253.478
28215,2253.491
28216,2253.502
28217,2253.511
28218,2253.519
28219,2253.843
28220,2253.898
28221,2253.905
28222,2253.912
28223,2253.919
28224,2253.926
28225,2253.952
28226,2254.007
28227,2254.556
28228,2254.564
28229,2254.572
28230,2254.581
28231,2254.590
28232,2254.950
28233,2254.957
28234,2254.964
28235,2254.971
28236,2255.289
28237,2255.297
28238,2255.684
28239,2255.692
28240,2255.699
28241,2255.707
28242,2255.714
28243,2256.080
28244,2256.088
28245,2256.094
28246,2256.711
28247,2256.722
28248,2256.733
28249,2256.746
28250,2256.758
28251,2257.339
28252,2257.347
28253,2257.355
28254,2257.363
28255,2257.372
28256,2257.731
28257,2257.797
28258,2257.801
28259,2257.808
28260,2257.815
28261,2257.821
28262,2257.829
28263,2257.836
28264,2257.843
28265,2257.850
28266,2257.857
28267,2257.865
28268,2257.872
28269,2257.879
28270,2257.886
28271,2257.893
28272,2257.900
28273,2257.908
28274,2257.915
28275,2257.922
28276,2257.929
28277,2257.937
28278,2257.964
28279,2258.017
28280,2258.346
28281,2258.354
28282,2258.361
28283,2258.369
28284,2258.376
28285,2258.384
28286,2258.391
28287,2258.724
28288,2258.732
28289,2258.741
28290,2258.749
28291,2258.756
28292,2258.764
28293,2258.772
28294,2259.342
28295,2259.351
28296,2259.360
28297,2259.368
28298,2259.377
28299,2259.788
28300,2259.800
28301,2259.812
28302,2259.824
28303,2259.835
28304,2259.846
28305,2259.858
28306,2260.237
28307,2260.248
28308,2260.258
28309,2260.265
28310,2260.274
28311,2260.284
28312,2260.295
28313,2260.869
28314,2260.878
28315,2260.887
28316,2260.896
28317,2260.905
28318,2261.462
28319,2261.471
28320,2261.480
28321,2261.489
28322,2261.498
28323,2262.068
28324,2262.077
28325,2262.086
28326,2262.094
28327,2262.102
28328,2262.470
28329,2262.478
28330,2262.485
28331,2262.494
28332,2262.501
28333,2262.508
28334,2262.516
28335,2263.058
28336,2263.067
28337,2263.076
28338,2263.085
28339,2263.094
28340,2263.652
28341,2263.663
28342,2263.675
28343,2263.689
28344,2263.701
28345,2264.342
28346,2264.355
28347,2264.368
28348,2264.381
28349,2264.951
28350,2264.960
28351,2264.968
28352,2264.977
28353,2264.989
28354,2265.351
28355,2265.359
28356,2265.367
28357,2265.377
28358,2265.384
28359,2265.392
28360,2265.400
28361,2265.939
28362,2265.948
28363,2265.957
28364,2265.966
28365,2265.975
28366,2266.351
28367,2266.360
28368,2266.369
28369,2266.378
28370,2266.386
28371,2266.394
28372,2266.402
28373,2266.935
28374,2266.944
28375,2266.953
28376,2266.963
28377,2266.973
28378,2267.496
28379,2267.503
28380,2267.510
28381,2267.519
28382,2267.533
28383,2268.140
28384,2268.152
28385,2268.163
28386,2268.174
28387,2268.186
28388,2268.782
28389,2268.790
28390,2268.799
28391,2268.808
28392,2268.817
28393,2269.321
28394,2269.329
28395,2269.337
28396,2269.850
28397,2269.859
28398,2269.866
28399,2270.372
28400,2270.381
28401,2270.388
28402,2270.899
28403,2270.907
28404,2270.915
28405,2271.438
28406,2271.447
28407,2271.455
28408,2272.007
28409,2272.019
28410,2272.032
28411,2272.642
28412,2272.653
28413,2272.663
28414,2272.860
28415,2272.867
28416,2273.034
28417,2273.052
28418,2273.058
28419,2273.072
28420,2273.077
28421,2273.198
28422,2273.212
28423,2273.246
28424,2273.312
28425,2273.318
28426,2273.475
28427,2273.664
28428,2273.670
28429,2273.675
28430,2273.680
28431,2273.685
28432,2273.691
28433,2273.717
28434,2273.927
28435,2273.932
28436,2273.938
28437,2273.943
28438,2274.069
28439,2274.075
28440,2274.081
28441,2274.088
28442,2274.094
28443,2274.100
28444,2274.113
28445,2274.128
28446,2274.134
28447,2274.146
28448,2274.152
28449,2274.157
28450,2274.163
28451,2274.168
28452,2274.180
28453,2274.395
28454,2274.402
28455,2274.409
28456,2274.416
28457,2274.570
28458,2274.576
28459,2274.581
28460,2274.587
28461,2274.592
28462,2274.598
28463,2274.602
28464,2274.618
28465,2274.623
28466,2274.635
28467,2274.640
28468,2274.645
28469,2274.649
28470,2274.677
28471,2274.687
28472,2274.695
28473,2274.705
28474,2274.713
28475,2274.722
28476,2274.741
28477,2274.766
28478,2274.777
28479,2274.794
28480,2274.803
28481,2274.811
28482,2274.819
28483,2274.826
28484,2274.843
28485,2275.081
28486,2275.090
28487,2275.100
28488,2275.109
28489,2275.276
28490,2275.282
28491,2275.288
28492,2275.294
28493,2275.300
28494,2275.305
28495,2275.310
28496,2275.326
28497,2275.332
28498,2275.345
28499,2275.352
28500,2275.359
28501,2275.366
28502,2275.387
28503,2275.393
28504,2275.399
28505,2275.406
28506,2275.412
28507,2275.418
28508,2275.431
28509,2275.448
28510,2275.455
28511,2275.469
28512,2275.476
28513,2275.482
28514,2275.488
28515,2275.493
28516,2275.506
28517,2275.729
28518,2275.737
28519,2275.745
28520,2275.752
28521,2275.904
28522,2275.910
28523,2275.917
28524,2275.923
28525,2275.929
28526,2275.935
28527,2275.940
28528,2275.956
28529,2275.963
28530,2275.975
28531,2275.981
28532,2275.987
28533,2275.993
28534,2276.011
28535,2276.016
28536,2276.022
28537,2276.029
28538,2276.035
28539,2276.041
28540,2276.054
28541,2276.071
28542,2276.078
28543,2276.092
28544,2276.099
28545,2276.105
28546,2276.112
28547,2276.118
28548,2276.131
28549,2276.347
28550,2276.355
28551,2276.363
28552,2276.371
28553,2276.520
28554,2276.527
28555,2276.534
28556,2276.541
28557,2276.548
28558,2276.555
28559,2276.561
28560,2276.579
28561,2276.586
28562,2276.599
28563,2276.606
28564,2276.613
28565,2276.619
28566,2276.845
28567,2276.852
28568,2277.092
28569,2277.104
28570,2277.258
28571,2277.427
28572,2277.503
28573,2277.514
28574,2277.523
28575,2277.532
28576,2277.541
28577,2277.551
28578,2277.561
28579,2277.571
28580,2277.762
28581,2277.772
28582,2277.782
28583,2277.943
28584,2277.951
28585,2277.956
28586,2278.096
28587,2278.103
28588,2278.109
28589,2278.256
28590,2278.262
28591,2278.268
28592,2278.314
28593,2278.330
28594,2278.337
28595,2278.379
28596,2278.397
28597,2278.404
28598,2278.444
28599,2278.460
28600,2278.466
28601,2279.180
28602,2279.188
28603,2279.523
28604,2280.240
28605,2280.250
28606,2280.613
28607,2280.890
28608,2280.898
28609,2281.039
28610,2281.045
28611,2281.052
28612,2281.058
28613,2281.376
28614,2281.383
28615,2281.524
28616,2281.530
28617,2281.536
28618,2281.661
28619,2281.667
28620,2281.791
28621,2281.798
28622,2283.402
28623,2283.411
28624,2283.418
28625,2284.116
28626,2284.304
28627,2284.341
28628,2284.493
28629,2284.672
28630,2284.679
28631,2284.685
28632,2284.690
28633,2284.695
28634,2284.701
28635,2284.707
28636,2284.712
28637,2284.717
28638,2284.723
28639,2284.728
28640,2284.753
28641,2284.960
28642,2284.966
28643,2284.972
28644,2284.977
28645,2285.133
28646,2285.139
28647,2285.145
28648,2285.360
28649,2285.367
28650,2285.374
28651,2285.524
28652,2285.541
28653,2285.555
28654,2285.560
28655,2285.578
28656,2285.594
28657,2285.600
28658,2285.612
28659,2285.627
28660,2285.632
28661,2285.674
28662,2285.691
28663,2285.697
28664,2285.885
28665,2285.892
28666,2285.899
28667,2286.058
28668,2286.078
28669,2286.084
28670,2286.127
28671,2286.134
28672,2286.140
28673,2286.145
28674,2286.151
28675,2286.157
28676,2286.162
28677,2286.302
28678,2286.539
28679,2286.548
28680,2286.557
28681,2286.566
28682,2286.786
28683,2286.795
28684,2286.803
28685,2286.983
28686,2287.008
28687,2287.029
28688,2287.037
28689,2287.078
28690,2287.107
28691,2287.123
28692,2287.129
28693,2287.156
28694,2287.175
28695,2287.182
28696,2287.227
28697,2287.233
28698,2287.238
28699,2287.244
28700,2287.249
28701,2287.254
28702,2287.260
28703,2287.265
28704,2287.270
28705,2287.410
28706,2287.626
28707,2287.632
28708,2287.639
28709,2287.644
28710,2287.833
28711,2287.840
28712,2287.845
28713,2287.991
28714,2288.007
28715,2288.013
28716,2288.048
28717,2288.064
28718,2288.078
28719,2288.084
28720,2288.113
28721,2288.129
28722,2288.140
28723,2288.146
28724,2288.161
28725,2288.178
28726,2288.184
28727,2288.219
28728,2288.239
28729,2288.246
28730,2288.300
28731,2288.317
28732,2288.331
28733,2288.337
28734,2288.343
28735,2288.349
28736,2288.355
28737,2288.360
28738,2288.366
28739,2288.373
28740,2288.380
28741,2288.385
28742,2288.391
28743,2288.397
28744,2288.403
28745,2288.410
28746,2288.415
28747,2288.422
28748,2288.561
28749,2288.818
28750,2288.827
28751,2288.836
28752,2288.844
28753,2289.055
28754,2289.065
28755,2289.074
28756,2289.255
28757,2289.284
28758,2289.300
28759,2289.307
28760,2289.530
28761,2289.537
28762,2289.544
28763,2289.687
28764,2289.702
28765,2289.715
28766,2289.721
28767,2289.728
28768,2289.743
28769,2289.748
28770,2289.763
28771,2289.780
28772,2289.785
28773,2289.819
28774,2289.837
28775,2289.844
28776,2289.857
28777,2289.873
28778,2289.880
28779,2289.918
28780,2289.935
28781,2289.948
28782,2289.954
28783,2289.959
28784,2289.976
28785,2289.982
28786,2289.999
28787,2290.015
28788,2290.022
28789,2290.056
28790,2290.074
28791,2290.081
28792,2290.117
28793,2290.136
28794,2290.142
28795,2290.178
28796,2290.197
28797,2290.205
28798,2290.352
28799,2290.358
28800,2290.364
28801,2290.370
28802,2290.376
28803,2290.382
28804,2290.388
28805,2290.394
28806,2290.399
28807,2290.404
28808,2290.410
28809,2290.415
28810,2290.420
28811,2290.425
28812,2290.431
28813,2290.436
28814,2290.441
28815,2290.447
28816,2290.452
28817,2290.457
28818,2290.597
