n,seconds
1,0.000
2,0.021
3,0.031
4,0.042
5,0.078
6,0.087
7,0.128
8,0.148
9,0.165
10,0.312
11,0.330
12,0.435
13,0.505
14,0.515
15,0.524
16,0.559
17,0.565
18,0.572
19,0.578
20,0.584
21,0.591
22,0.601
23,0.610
24,0.649
25,0.659
26,0.691
27,0.701
28,0.710
29,0.822
30,0.834
31,0.914
32,0.971
33,0.978
34,0.986
35,1.017
36,1.024
37,1.031
38,1.038
39,1.044
40,1.051
41,1.060
42,1.070
43,1.111
44,1.122
45,1.155
46,1.165
47,1.174
48,1.292
49,1.305
50,1.382
51,1.437
52,1.443
53,1.449
54,1.476
55,1.482
56,1.488
57,1.495
58,1.501
59,1.507
60,1.516
61,1.526
62,1.577
63,1.593
64,1.638
65,1.654
66,1.671
67,1.852
68,1.874
69,1.991
70,2.045
71,2.052
72,2.059
73,2.087
74,2.093
75,2.100
76,2.106
77,2.113
78,2.119
79,2.128
80,2.137
81,2.181
82,2.192
83,2.229
84,2.239
85,2.249
86,2.383
87,2.397
88,2.487
89,2.542
90,2.550
91,2.557
92,2.585
93,2.592
94,2.599
95,2.605
96,2.612
97,2.620
98,2.632
99,2.642
100,2.686
101,2.695
102,2.730
103,2.739
104,2.748
105,2.877
106,2.889
107,2.974
108,3.029
109,3.035
110,3.040
111,3.077
112,3.088
113,3.097
114,3.107
115,3.115
116,3.125
117,3.141
118,3.157
119,3.217
120,3.233
121,3.276
122,3.292
123,3.307
124,3.481
125,3.495
126,3.582
127,3.637
128,3.643
129,3.649
130,3.675
131,3.682
132,3.688
133,3.693
134,3.699
135,3.706
136,3.716
137,3.725
138,3.772
139,3.784
140,3.820
141,3.829
142,3.839
143,3.973
144,3.985
145,4.073
146,4.125
147,4.132
148,4.138
149,4.166
150,4.173
151,4.179
152,4.186
153,4.192
154,4.199
155,4.209
156,4.219
157,4.264
158,4.276
159,4.309
160,4.318
161,4.327
162,4.456
163,4.472
164,4.595
165,4.667
166,4.677
167,4.685
168,4.724
169,4.733
170,4.743
171,4.752
172,4.762
173,4.772
174,4.788
175,4.804
176,4.870
177,4.894
178,4.930
179,4.940
180,4.950
181,5.096
182,5.108
183,5.202
184,5.256
185,5.262
186,5.268
187,5.295
188,5.301
189,5.307
190,5.313
191,5.319
192,5.326
193,5.335
194,5.344
195,5.392
196,5.405
197,5.441
198,5.451
199,5.460
200,5.609
201,5.626
202,5.722
203,5.776
204,5.782
205,5.788
206,5.813
207,5.820
208,5.826
209,5.831
210,5.837
211,5.844
212,5.852
213,5.863
214,5.910
215,5.922
216,5.971
217,5.987
218,6.002
219,6.185
220,6.205
221,6.333
222,6.393
223,6.400
224,6.406
225,6.433
226,6.440
227,6.446
228,6.453
229,6.458
230,6.464
231,6.473
232,6.482
233,6.530
234,6.542
235,6.577
236,6.586
237,6.595
238,6.748
239,6.761
240,6.866
241,6.918
242,6.924
243,6.929
244,6.955
245,6.961
246,6.967
247,6.973
248,6.978
249,6.986
250,6.994
251,7.003
252,7.058
253,7.071
254,7.108
255,7.118
256,7.127
257,7.137
258,7.150
259,7.159
260,7.310
261,7.324
262,7.345
263,7.367
264,7.508
265,7.694
266,7.715
267,7.738
268,7.753
269,7.850
270,7.912
271,7.918
272,7.924
273,7.960
274,7.966
275,7.972
276,7.978
277,7.984
278,7.989
279,8.039
280,8.045
281,8.051
282,8.074
283,8.082
284,8.091
285,8.144
286,8.156
287,8.191
288,8.200
289,8.209
290,8.366
291,8.379
292,8.485
293,8.550
294,8.557
295,8.563
296,8.597
297,8.603
298,8.609
299,8.615
300,8.621
301,8.627
302,8.681
303,8.687
304,8.693
305,8.717
306,8.726
307,8.734
308,8.801
309,8.821
310,8.869
311,8.885
312,8.900
313,9.088
314,9.109
315,9.230
316,9.296
317,9.302
318,9.308
319,9.342
320,9.348
321,9.354
322,9.359
323,9.365
324,9.370
325,9.436
326,9.437
327,9.437
328,9.460
329,9.469
330,9.478
331,9.530
332,9.542
333,9.576
334,9.585
335,9.595
336,9.745
337,9.758
338,9.861
339,9.925
340,9.932
341,9.938
342,9.975
343,9.981
344,9.987
345,9.993
346,9.999
347,10.005
348,10.059
349,10.066
350,10.072
351,10.096
352,10.106
353,10.115
354,10.244
355,10.262
356,10.365
357,10.411
358,10.427
359,10.442
360,10.635
361,10.649
362,10.663
363,10.764
364,10.920
365,10.934
366,10.947
367,11.053
368,11.197
369,11.211
370,11.224
371,11.323
372,11.365
373,11.376
374,11.387
375,11.451
376,11.463
377,11.531
378,11.537
379,11.543
380,11.579
381,11.585
382,11.591
383,11.596
384,11.602
385,11.608
386,11.613
387,11.681
388,11.690
389,11.699
390,11.732
391,11.747
392,11.763
393,11.907
394,11.925
395,12.029
396,12.076
397,12.085
398,12.094
399,12.156
400,12.168
401,12.205
402,12.214
403,12.224
404,12.288
405,12.300
406,12.338
407,12.347
408,12.356
409,12.419
410,12.431
411,12.468
412,12.477
413,12.486
414,12.550
415,12.562
416,12.609
417,12.619
418,12.628
419,12.638
420,12.648
421,12.657
422,12.667
423,12.677
424,12.687
425,12.696
426,12.706
427,12.717
428,12.728
429,12.739
430,12.767
431,12.842
432,12.855
433,12.868
434,12.881
435,12.959
436,12.986
437,13.009
438,13.033
439,13.111
440,13.130
441,13.150
442,13.171
443,13.260
444,13.280
445,13.302
446,13.326
447,13.406
448,13.423
449,13.442
450,13.457
451,13.518
452,13.531
453,13.544
454,13.557
455,13.622
456,13.635
457,13.648
458,13.661
459,13.725
460,13.738
461,13.751
462,13.764
463,13.807
464,13.833
465,13.843
466,13.858
467,13.884
468,13.952
469,13.966
470,13.980
471,13.995
472,14.067
473,14.081
474,14.095
475,14.108
476,14.169
477,14.183
478,14.196
479,14.209
480,14.272
481,14.295
482,14.317
483,14.338
484,14.403
485,14.419
486,14.434
487,14.449
488,14.464
489,14.480
490,14.496
491,14.512
492,14.529
493,14.545
494,14.561
495,14.578
496,14.597
497,14.613
498,14.640
499,14.718
500,14.733
501,14.748
502,14.761
503,14.843
504,14.859
505,14.874
506,14.889
507,14.947
508,14.960
509,14.973
510,14.986
511,15.056
512,15.070
513,15.084
514,15.097
515,15.178
516,15.194
517,15.211
518,15.226
519,15.291
520,15.305
521,15.319
522,15.334
523,15.402
524,15.416
525,15.429
526,15.442
527,15.510
528,15.523
529,15.540
530,15.562
531,15.623
532,15.659
533,15.674
534,15.698
535,15.734
536,15.824
537,15.846
538,15.867
539,15.888
540,15.972
541,15.985
542,15.998
543,16.012
544,16.076
545,16.089
546,16.102
547,16.115
548,16.176
549,16.188
550,16.201
551,16.213
552,16.283
553,16.337
554,16.348
555,16.359
556,16.370
557,16.381
558,16.392
559,16.404
560,16.416
561,16.427
562,16.438
563,16.449
564,16.460
565,16.471
566,16.482
567,16.555
568,16.568
569,16.581
570,16.649
571,16.660
572,16.671
573,16.737
574,16.747
575,16.757
576,16.830
577,16.847
578,16.864
579,16.960
580,16.981
581,16.999
582,17.094
583,17.112
584,17.130
585,17.217
586,17.275
587,17.285
588,17.296
589,17.308
590,17.319
591,17.328
592,17.340
593,17.354
594,17.365
595,17.375
596,17.385
597,17.396
598,17.406
599,17.416
600,17.426
601,17.436
602,17.445
603,17.456
604,17.465
605,17.476
606,17.487
607,17.518
608,17.571
609,17.645
610,17.657
611,17.669
612,17.682
613,17.758
614,17.772
615,17.783
616,17.794
617,17.869
618,17.883
619,17.897
620,17.910
621,17.980
622,17.993
623,18.004
624,18.015
625,18.098
626,18.120
627,18.141
628,18.160
629,18.254
630,18.274
631,18.295
632,18.314
633,18.408
634,18.429
635,18.452
636,18.468
637,18.542
638,18.555
639,18.570
640,18.582
641,18.657
642,18.671
643,18.684
644,18.696
645,18.769
646,18.781
647,18.793
648,18.804
649,18.876
650,18.889
651,18.902
652,18.913
653,18.990
654,19.004
655,19.017
656,19.030
657,19.105
658,19.120
659,19.135
660,19.149
661,19.224
662,19.237
663,19.250
664,19.262
665,19.336
666,19.349
667,19.361
668,19.384
669,19.482
670,19.503
671,19.523
672,19.541
673,19.638
674,19.658
675,19.678
676,19.696
677,19.795
678,19.807
679,19.820
680,19.833
681,19.907
682,19.919
683,19.931
684,19.942
685,20.017
686,20.029
687,20.042
688,20.053
689,20.120
690,20.131
691,20.141
692,20.209
693,20.220
694,20.231
695,20.298
696,20.310
697,20.322
698,20.393
699,20.405
700,20.416
701,20.490
702,20.502
703,20.514
704,20.583
705,20.595
706,20.605
707,20.675
708,20.685
709,20.697
710,20.799
711,20.878
712,20.894
713,20.911
714,20.928
715,20.948
716,20.968
717,20.987
718,21.007
719,21.028
720,21.051
721,21.067
722,21.079
723,21.093
724,21.107
725,21.203
726,21.219
727,21.233
728,21.382
729,21.403
730,21.423
731,21.519
732,21.535
733,21.549
734,21.650
735,21.668
736,21.686
737,21.799
738,21.821
739,21.840
740,21.945
741,21.962
742,21.979
743,22.044
744,22.127
745,22.143
746,22.160
747,22.176
748,22.191
749,22.206
750,22.221
751,22.236
752,22.251
753,22.267
754,22.284
755,22.300
756,22.317
757,22.333
758,22.349
759,22.367
760,22.387
761,22.401
762,22.412
763,22.423
764,22.434
765,22.465
766,22.518
767,22.616
768,22.632
769,22.648
770,22.663
771,22.760
772,22.792
773,22.807
774,22.823
775,22.938
776,22.954
777,22.970
778,22.986
779,23.083
780,23.101
781,23.118
782,23.135
783,23.233
784,23.249
785,23.265
786,23.280
787,23.412
788,23.438
789,23.462
790,23.486
791,23.615
792,23.640
793,23.666
794,23.695
795,23.812
796,23.831
797,23.847
798,23.864
799,23.961
800,23.977
801,23.992
802,24.008
803,24.118
804,24.134
805,24.150
806,24.166
807,24.271
808,24.288
809,24.305
810,24.322
811,24.440
812,24.461
813,24.478
814,24.496
815,24.610
816,24.628
817,24.643
818,24.664
819,24.796
820,24.821
821,24.845
822,24.870
823,25.002
824,25.027
825,25.056
826,25.073
827,25.173
828,25.190
829,25.205
830,25.221
831,25.320
832,25.335
833,25.350
834,25.365
835,25.464
836,25.478
837,25.493
838,25.508
839,25.607
840,25.622
841,25.638
842,25.653
843,25.754
844,25.771
845,25.789
846,25.807
847,25.902
848,25.917
849,25.932
850,26.048
851,26.075
852,26.101
853,26.224
854,26.249
855,26.274
856,26.404
857,26.420
858,26.436
859,26.538
860,26.554
861,26.569
862,26.666
863,26.682
864,26.698
865,26.793
866,26.808
867,26.823
868,26.896
869,26.953
870,26.963
871,26.974
872,26.985
873,26.996
874,27.008
875,27.019
876,27.031
877,27.044
878,27.057
879,27.070
880,27.083
881,27.096
882,27.109
883,27.204
884,27.219
885,27.233
886,27.312
887,27.387
888,27.402
889,27.524
890,27.548
891,27.573
892,27.695
893,27.711
894,27.727
895,27.833
896,27.851
897,27.868
898,27.973
899,27.990
900,28.006
901,28.065
902,28.115
903,28.124
904,28.133
905,28.142
906,28.151
907,28.160
908,28.170
909,28.179
910,28.188
911,28.198
912,28.207
913,28.216
914,28.225
915,28.235
916,28.244
917,28.254
918,28.264
919,28.275
920,28.285
921,28.296
922,28.307
923,28.337
924,28.390
925,28.489
926,28.509
927,28.536
928,28.562
929,28.695
930,28.719
931,28.744
932,28.769
933,28.915
934,28.931
935,28.948
936,28.965
937,29.066
938,29.081
939,29.097
940,29.113
941,29.212
942,29.227
943,29.242
944,29.257
945,29.359
946,29.375
947,29.391
948,29.408
949,29.511
950,29.527
951,29.544
952,29.560
953,29.670
954,29.686
955,29.702
956,29.718
957,29.816
958,29.836
959,29.862
960,29.888
961,30.023
962,30.047
963,30.071
964,30.095
965,30.242
966,30.257
967,30.274
968,30.290
969,30.402
970,30.420
971,30.437
972,30.453
973,30.556
974,30.572
975,30.587
976,30.601
977,30.702
978,30.717
979,30.732
980,30.747
981,30.848
982,30.863
983,30.879
984,30.896
985,31.001
986,31.017
987,31.032
988,31.048
989,31.147
990,31.164
991,31.190
992,31.216
993,31.351
994,31.374
995,31.400
996,31.424
997,31.558
998,31.582
999,31.597
1000,31.614
1001,31.718
1002,31.733
1003,31.750
1004,31.766
1005,31.866
1006,31.882
1007,31.898
1008,31.997
1009,32.013
1010,32.028
1011,32.124
1012,32.141
1013,32.157
1014,32.254
1015,32.271
1016,32.287
1017,32.390
1018,32.407
1019,32.425
1020,32.530
1021,32.549
1022,32.576
1023,32.712
1024,32.736
1025,32.759
1026,32.860
1027,32.947
1028,32.967
1029,32.979
1030,32.992
1031,33.005
1032,33.018
1033,33.032
1034,33.046
1035,33.058
1036,33.072
1037,33.085
1038,33.098
1039,33.111
1040,33.125
1041,33.229
1042,33.245
1043,33.262
1044,33.479
1045,33.509
1046,33.537
1047,33.639
1048,33.657
1049,33.674
1050,33.776
1051,33.793
1052,33.809
1053,33.922
1054,33.953
1055,33.981
1056,34.130
1057,34.157
1058,34.183
1059,34.274
1060,34.359
1061,34.369
1062,34.380
1063,34.391
1064,34.401
1065,34.412
1066,34.425
1067,34.437
1068,34.448
1069,34.458
1070,34.468
1071,34.477
1072,34.487
1073,34.497
1074,34.508
1075,34.519
1076,34.529
1077,34.540
1078,34.550
1079,34.561
1080,34.572
1081,34.603
1082,34.657
1083,34.762
1084,34.779
1085,34.796
1086,34.813
1087,34.928
1088,34.946
1089,34.964
1090,34.982
1091,35.125
1092,35.145
1093,35.164
1094,35.183
1095,35.294
1096,35.322
1097,35.349
1098,35.377
1099,35.522
1100,35.551
1101,35.579
1102,35.610
1103,35.763
1104,35.781
1105,35.802
1106,35.822
1107,35.949
1108,35.967
1109,35.986
1110,36.005
1111,36.140
1112,36.159
1113,36.177
1114,36.193
1115,36.302
1116,36.319
1117,36.335
1118,36.350
1119,36.473
1120,36.494
1121,36.515
1122,36.535
1123,36.663
1124,36.680
1125,36.699
1126,36.717
1127,36.842
1128,36.872
1129,36.901
1130,36.930
1131,37.083
1132,37.110
1133,37.137
1134,37.164
1135,37.304
1136,37.321
1137,37.338
1138,37.356
1139,37.465
1140,37.482
1141,37.499
1142,37.516
1143,37.624
1144,37.641
1145,37.658
1146,37.676
1147,37.794
1148,37.810
1149,37.827
1150,37.843
1151,37.958
1152,37.976
1153,37.993
1154,38.011
1155,38.129
1156,38.146
1157,38.164
1158,38.182
1159,38.297
1160,38.326
1161,38.353
1162,38.382
1163,38.517
1164,38.543
1165,38.569
1166,38.707
1167,38.732
1168,38.749
1169,38.859
1170,38.877
1171,38.893
1172,38.997
1173,39.015
1174,39.032
1175,39.142
1176,39.160
1177,39.177
1178,39.289
1179,39.306
1180,39.323
1181,39.433
1182,39.452
1183,39.470
1184,39.514
1185,39.528
1186,39.539
1187,39.596
1188,39.727
1189,39.799
1190,39.882
1191,39.980
1192,39.996
1193,40.011
1194,40.079
1195,40.180
1196,40.198
1197,40.295
1198,40.309
1199,40.325
1200,40.340
1201,40.354
1202,40.369
1203,40.441
1204,40.511
1205,40.521
1206,40.532
1207,40.543
1208,40.555
1209,40.569
1210,40.579
1211,40.626
1212,40.750
1213,40.824
1214,40.880
1215,40.891
1216,40.904
1217,40.916
1218,40.929
1219,40.941
1220,41.014
1221,41.088
1222,41.099
1223,41.149
1224,41.231
1225,41.247
1226,41.264
1227,41.281
1228,41.297
1229,41.319
1230,41.409
1231,41.431
1232,41.454
1233,41.477
1234,41.501
1235,41.593
1236,41.674
1237,41.685
1238,41.696
1239,41.708
1240,41.786
1241,41.803
1242,41.821
1243,41.836
1244,41.906
1245,41.977
1246,41.987
1247,41.998
1248,42.008
1249,42.076
1250,42.151
1251,42.163
1252,42.176
1253,42.188
1254,42.201
1255,42.214
1256,42.227
1257,42.240
1258,42.254
1259,42.267
1260,42.280
1261,42.293
1262,42.307
1263,42.322
1264,42.438
1265,42.456
1266,42.473
1267,42.611
1268,42.638
1269,42.665
1270,42.811
1271,42.838
1272,42.864
1273,43.007
1274,43.024
1275,43.041
1276,43.167
1277,43.185
1278,43.202
1279,43.325
1280,43.343
1281,43.359
1282,43.428
1283,43.495
1284,43.504
1285,43.514
1286,43.524
1287,43.534
1288,43.544
1289,43.554
1290,43.564
1291,43.574
1292,43.585
1293,43.595
1294,43.606
1295,43.617
1296,43.626
1297,43.636
1298,43.647
1299,43.657
1300,43.667
1301,43.678
1302,43.688
1303,43.699
1304,43.735
1305,43.803
1306,43.941
1307,43.968
1308,43.997
1309,44.022
1310,44.173
1311,44.199
1312,44.225
1313,44.254
1314,44.390
1315,44.411
1316,44.429
1317,44.445
1318,44.560
1319,44.578
1320,44.594
1321,44.612
1322,44.725
1323,44.741
1324,44.757
1325,44.772
1326,44.893
1327,44.910
1328,44.929
1329,44.947
1330,45.074
1331,45.093
1332,45.111
1333,45.127
1334,45.258
1335,45.275
1336,45.306
1337,45.334
1338,45.486
1339,45.510
1340,45.536
1341,45.562
1342,45.722
1343,45.739
1344,45.756
1345,45.773
1346,45.898
1347,45.915
1348,45.931
1349,45.948
1350,46.075
1351,46.092
1352,46.111
1353,46.128
1354,46.253
1355,46.272
1356,46.290
1357,46.308
1358,46.429
1359,46.448
1360,46.465
1361,46.482
1362,46.605
1363,46.623
1364,46.640
1365,46.655
1366,46.818
1367,46.845
1368,46.870
1369,46.897
1370,47.053
1371,47.084
1372,47.112
1373,47.128
1374,47.251
1375,47.269
1376,47.285
1377,47.302
1378,47.423
1379,47.441
1380,47.458
1381,47.474
1382,47.594
1383,47.611
1384,47.627
1385,47.644
1386,47.758
1387,47.785
1388,47.801
1389,47.921
1390,47.939
1391,47.957
1392,48.072
1393,48.089
1394,48.107
1395,48.275
1396,48.302
1397,48.327
1398,48.477
1399,48.504
1400,48.531
1401,48.663
1402,48.681
1403,48.698
1404,48.813
1405,48.829
1406,48.846
1407,48.884
1408,48.894
1409,48.903
1410,49.093
1411,49.108
1412,49.236
1413,49.302
1414,49.309
1415,49.315
1416,49.352
1417,49.358
1418,49.365
1419,49.371
1420,49.377
1421,49.383
1422,49.389
1423,49.426
1424,49.433
1425,49.439
1426,49.445
1427,49.504
1428,49.510
1429,49.517
1430,49.593
1431,49.674
1432,49.694
1433,49.715
1434,49.736
1435,49.757
1436,49.776
1437,49.795
1438,49.813
1439,49.833
1440,49.852
1441,49.872
1442,49.891
1443,49.910
1444,49.930
1445,50.065
1446,50.081
1447,50.098
1448,50.214
1449,50.230
1450,50.246
1451,50.364
1452,50.381
1453,50.397
1454,50.520
1455,50.537
1456,50.554
1457,50.687
1458,50.711
1459,50.727
1460,50.866
1461,50.885
1462,50.903
1463,50.977
1464,51.052
1465,51.068
1466,51.083
1467,51.099
1468,51.115
1469,51.131
1470,51.146
1471,51.161
1472,51.176
1473,51.190
1474,51.206
1475,51.222
1476,51.238
1477,51.254
1478,51.270
1479,51.287
1480,51.302
1481,51.318
1482,51.336
1483,51.355
1484,51.366
1485,51.402
1486,51.471
1487,51.599
1488,51.617
1489,51.635
1490,51.652
1491,51.781
1492,51.798
1493,51.815
1494,51.832
1495,51.987
1496,52.008
1497,52.029
1498,52.050
1499,52.183
1500,52.204
1501,52.223
1502,52.240
1503,52.373
1504,52.397
1505,52.429
1506,52.459
1507,52.632
1508,52.661
1509,52.691
1510,52.721
1511,52.880
1512,52.899
1513,52.919
1514,52.937
1515,53.085
1516,53.104
1517,53.123
1518,53.143
1519,53.276
1520,53.295
1521,53.312
1522,53.330
1523,53.477
1524,53.496
1525,53.515
1526,53.534
1527,53.678
1528,53.698
1529,53.718
1530,53.738
1531,53.901
1532,53.934
1533,53.965
1534,53.997
1535,54.198
1536,54.233
1537,54.270
1538,54.303
1539,54.455
1540,54.477
1541,54.497
1542,54.517
1543,54.656
1544,54.675
1545,54.693
1546,54.711
1547,54.847
1548,54.866
1549,54.885
1550,54.903
1551,55.043
1552,55.062
1553,55.081
1554,55.100
1555,55.243
1556,55.263
1557,55.281
1558,55.300
1559,55.486
1560,55.520
1561,55.550
1562,55.578
1563,55.766
1564,55.801
1565,55.822
1566,55.840
1567,55.970
1568,55.986
1569,56.002
1570,56.127
1571,56.144
1572,56.161
1573,56.283
1574,56.300
1575,56.315
1576,56.441
1577,56.457
1578,56.474
1579,56.601
1580,56.619
1581,56.636
1582,56.765
1583,56.784
1584,56.800
1585,56.954
1586,56.982
1587,57.009
1588,57.058
1589,57.073
1590,57.087
1591,57.331
1592,57.348
1593,57.471
1594,57.538
1595,57.545
1596,57.552
1597,57.588
1598,57.594
1599,57.601
1600,57.606
1601,57.612
1602,57.618
1603,57.623
1604,57.677
1605,57.683
1606,57.689
1607,57.761
1608,57.829
1609,57.841
1610,57.852
1611,57.865
1612,57.877
1613,57.889
1614,57.901
1615,57.912
1616,57.924
1617,57.937
1618,57.949
1619,57.960
1620,57.973
1621,57.987
1622,58.117
1623,58.137
1624,58.156
1625,58.476
1626,58.524
1627,58.571
1628,58.745
1629,58.763
1630,58.782
1631,58.918
1632,58.937
1633,58.955
1634,59.102
1635,59.123
1636,59.143
1637,59.289
1638,59.308
1639,59.327
1640,59.393
1641,59.459
1642,59.468
1643,59.478
1644,59.488
1645,59.497
1646,59.507
1647,59.516
1648,59.525
1649,59.535
1650,59.544
1651,59.553
1652,59.562
1653,59.572
1654,59.581
1655,59.590
1656,59.600
1657,59.612
1658,59.625
1659,59.638
1660,59.659
1661,59.678
1662,59.729
1663,59.821
1664,60.001
1665,60.032
1666,60.066
1667,60.085
1668,60.224
1669,60.242
1670,60.261
1671,60.280
1672,60.430
1673,60.449
1674,60.469
1675,60.487
1676,60.626
1677,60.645
1678,60.665
1679,60.684
1680,60.825
1681,60.844
1682,60.863
1683,60.883
1684,61.025
1685,61.044
1686,61.063
1687,61.089
1688,61.274
1689,61.302
1690,61.332
1691,61.362
1692,61.556
1693,61.579
1694,61.599
1695,61.620
1696,61.759
1697,61.778
1698,61.797
1699,61.816
1700,61.962
1701,61.980
1702,61.999
1703,62.018
1704,62.165
1705,62.185
1706,62.205
1707,62.225
1708,62.378
1709,62.401
1710,62.422
1711,62.443
1712,62.613
1713,62.647
1714,62.679
1715,62.708
1716,62.894
1717,62.925
1718,62.960
1719,62.985
1720,63.133
1721,63.152
1722,63.172
1723,63.192
1724,63.337
1725,63.356
1726,63.375
1727,63.394
1728,63.536
1729,63.555
1730,63.575
1731,63.595
1732,63.739
1733,63.758
1734,63.778
1735,63.799
1736,63.945
1737,63.964
1738,63.983
1739,64.006
1740,64.200
1741,64.233
1742,64.264
1743,64.295
1744,64.476
1745,64.496
1746,64.515
1747,64.661
1748,64.681
1749,64.701
1750,64.853
1751,64.874
1752,64.894
1753,65.035
1754,65.055
1755,65.075
1756,65.222
1757,65.243
1758,65.265
1759,65.418
1760,65.438
1761,65.458
1762,65.601
1763,65.634
1764,65.667
1765,65.787
1766,65.889
1767,65.910
1768,65.930
1769,65.950
1770,65.974
1771,65.995
1772,66.008
1773,66.022
1774,66.035
1775,66.048
1776,66.062
1777,66.076
1778,66.089
1779,66.101
1780,66.228
1781,66.246
1782,66.264
1783,66.391
1784,66.408
1785,66.425
1786,66.556
1787,66.574
1788,66.592
1789,66.726
1790,66.744
1791,66.762
1792,66.905
1793,66.927
1794,66.948
1795,67.106
1796,67.138
1797,67.170
1798,67.270
1799,67.374
1800,67.406
1801,67.406
1802,67.421
1803,67.439
1804,67.457
1805,67.470
1806,67.480
1807,67.491
1808,67.502
1809,67.513
1810,67.523
1811,67.534
1812,67.544
1813,67.554
1814,67.564
1815,67.574
1816,67.584
1817,67.593
1818,67.604
1819,67.614
1820,67.649
1821,67.715
1822,67.853
1823,67.872
1824,67.891
1825,67.909
1826,68.050
1827,68.069
1828,68.088
1829,68.107
1830,68.264
1831,68.283
1832,68.304
1833,68.325
1834,68.494
1835,68.525
1836,68.557
1837,68.587
1838,68.774
1839,68.804
1840,68.837
1841,68.865
1842,69.024
1843,69.043
1844,69.063
1845,69.082
1846,69.240
1847,69.259
1848,69.278
1849,69.297
1850,69.472
1851,69.494
1852,69.517
1853,69.538
1854,69.689
1855,69.709
1856,69.728
1857,69.748
1858,69.914
1859,69.934
1860,69.954
1861,69.985
1862,70.200
1863,70.235
1864,70.269
1865,70.302
1866,70.513
1867,70.537
1868,70.559
1869,70.581
1870,70.761
1871,70.783
1872,70.805
1873,70.828
1874,70.990
1875,71.011
1876,71.031
1877,71.052
1878,71.212
1879,71.232
1880,71.253
1881,71.272
1882,71.436
1883,71.457
1884,71.478
1885,71.497
1886,71.706
1887,71.739
1888,71.770
1889,71.802
1890,72.012
1891,72.042
1892,72.065
1893,72.085
1894,72.259
1895,72.281
1896,72.302
1897,72.324
1898,72.496
1899,72.518
1900,72.537
1901,72.558
1902,72.697
1903,72.717
1904,72.735
1905,72.875
1906,72.894
1907,72.914
1908,73.053
1909,73.072
1910,73.090
1911,73.274
1912,73.304
1913,73.332
1914,73.520
1915,73.553
1916,73.582
1917,73.728
1918,73.748
1919,73.766
1920,73.909
1921,73.929
1922,73.951
1923,74.041
1924,74.111
1925,74.122
1926,74.134
1927,74.146
1928,74.157
1929,74.169
1930,74.181
1931,74.193
1932,74.206
1933,74.220
1934,74.233
1935,74.246
1936,74.259
1937,74.272
1938,74.399
1939,74.416
1940,74.432
1941,74.558
1942,74.586
1943,74.613
1944,74.780
1945,74.808
1946,74.834
1947,75.006
1948,75.030
1949,75.048
1950,75.198
1951,75.220
1952,75.240
1953,75.384
1954,75.404
1955,75.423
1956,75.498
1957,75.572
1958,75.583
1959,75.594
1960,75.605
1961,75.615
1962,75.626
1963,75.636
1964,75.647
1965,75.658
1966,75.669
1967,75.680
1968,75.691
1969,75.702
1970,75.712
1971,75.723
1972,75.733
1973,75.743
1974,75.754
1975,75.765
1976,75.776
1977,75.788
1978,75.826
1979,75.895
1980,76.059
1981,76.089
1982,76.121
1983,76.151
1984,76.338
1985,76.369
1986,76.402
1987,76.428
1988,76.589
1989,76.608
1990,76.627
1991,76.645
1992,76.792
1993,76.812
1994,76.832
1995,76.851
1996,76.998
1997,77.017
1998,77.036
1999,77.055
2000,77.213
2001,77.235
2002,77.255
2003,77.275
2004,77.435
2005,77.456
2006,77.475
2007,77.493
2008,77.721
2009,77.753
2010,77.786
2011,77.820
2012,78.016
2013,78.036
2014,78.055
2015,78.075
2016,78.247
2017,78.269
2018,78.292
2019,78.313
2020,78.487
2021,78.508
2022,78.530
2023,78.550
2024,78.730
2025,78.754
2026,78.777
2027,78.799
2028,78.986
2029,79.010
2030,79.033
2031,79.057
2032,79.267
2033,79.302
2034,79.334
2035,79.368
2036,79.578
2037,79.616
2038,79.639
2039,79.662
2040,79.837
2041,79.859
2042,79.881
2043,79.902
2044,80.080
2045,80.100
2046,80.121
2047,80.141
2048,80.303
2049,80.324
2050,80.345
2051,80.365
2052,80.552
2053,80.575
2054,80.596
2055,80.619
2056,80.798
2057,80.832
2058,80.866
2059,80.902
2060,81.083
2061,81.114
2062,81.144
2063,81.315
2064,81.335
2065,81.354
2066,81.499
2067,81.519
2068,81.538
2069,81.681
2070,81.701
2071,81.719
2072,81.867
2073,81.887
2074,81.907
2075,82.062
2076,82.082
2077,82.102
2078,82.253
2079,82.273
2080,82.292
2081,82.383
2082,82.479
2083,82.500
2084,82.521
2085,82.542
2086,82.560
2087,82.580
2088,82.600
2089,82.621
2090,82.641
2091,82.662
2092,82.683
2093,82.704
2094,82.727
2095,82.749
2096,82.881
2097,82.901
2098,82.917
2099,83.045
2100,83.062
2101,83.080
2102,83.211
2103,83.229
2104,83.246
2105,83.378
2106,83.395
2107,83.412
2108,83.552
2109,83.575
2110,83.596
2111,83.732
2112,83.752
2113,83.771
2114,83.841
2115,83.934
2116,83.951
2117,83.967
2118,83.983
2119,83.999
2120,84.014
2121,84.030
2122,84.045
2123,84.061
2124,84.077
2125,84.092
2126,84.108
2127,84.125
2128,84.141
2129,84.158
2130,84.177
2131,84.196
2132,84.207
2133,84.218
2134,84.229
2135,84.240
2136,84.277
2137,84.343
2138,84.471
2139,84.490
2140,84.508
2141,84.525
2142,84.653
2143,84.672
2144,84.688
2145,84.705
2146,84.850
2147,84.870
2148,84.890
2149,84.910
2150,85.040
2151,85.059
2152,85.076
2153,85.094
2154,85.233
2155,85.263
2156,85.293
2157,85.322
2158,85.495
2159,85.526
2160,85.557
2161,85.591
2162,85.727
2163,85.747
2164,85.764
2165,85.782
2166,85.924
2167,85.943
2168,85.963
2169,85.982
2170,86.109
2171,86.128
2172,86.146
2173,86.162
2174,86.295
2175,86.313
2176,86.333
2177,86.352
2178,86.487
2179,86.505
2180,86.524
2181,86.543
2182,86.701
2183,86.732
2184,86.764
2185,86.795
2186,86.972
2187,87.001
2188,87.035
2189,87.059
2190,87.197
2191,87.216
2192,87.236
2193,87.257
2194,87.399
2195,87.419
2196,87.438
2197,87.457
2198,87.589
2199,87.606
2200,87.625
2201,87.642
2202,87.775
2203,87.793
2204,87.813
2205,87.833
2206,87.970
2207,87.989
2208,88.010
2209,88.031
2210,88.200
2211,88.233
2212,88.262
2213,88.292
2214,88.467
2215,88.497
2216,88.530
2217,88.549
2218,88.677
2219,88.695
2220,88.713
2221,88.847
2222,88.866
2223,88.885
2224,89.009
2225,89.026
2226,89.044
2227,89.167
2228,89.184
2229,89.200
2230,89.331
2231,89.349
2232,89.366
2233,89.495
2234,89.516
2235,89.533
2236,89.678
2237,89.707
2238,89.736
2239,89.798
2240,89.812
2241,89.866
2242,89.882
2243,89.981
2244,90.002
2245,90.257
2246,90.276
2247,90.294
2248,90.312
2249,90.474
2250,90.524
2251,90.552
2252,90.561
2253,90.593
2254,90.621
2255,90.650
2256,90.679
2257,90.691
2258,90.911
2259,90.928
2260,91.083
2261,91.143
2262,91.155
2263,91.198
2264,91.210
2265,91.280
2266,91.290
2267,91.301
2268,91.352
2269,91.362
2270,91.371
2271,91.380
2272,91.390
2273,91.399
2274,91.407
2275,91.416
2276,91.493
2277,91.504
2278,91.514
2279,91.555
2280,91.572
2281,91.588
2282,91.615
2283,91.633
2284,91.650
2285,91.659
2286,91.666
2287,91.672
2288,91.681
2289,91.691
2290,91.701
2291,91.709
2292,91.719
2293,91.729
2294,91.765
2295,91.772
2296,91.778
2297,91.784
2298,91.792
2299,91.797
2300,91.803
2301,91.808
2302,91.844
2303,91.851
2304,91.858
2305,91.864
2306,91.870
2307,91.876
2308,91.882
2309,91.938
2310,91.945
2311,91.952
2312,91.958
2313,91.965
2314,91.972
2315,91.980
2316,91.986
2317,92.009
2318,92.016
2319,92.023
2320,92.030
2321,92.067
2322,92.074
2323,92.080
2324,92.087
2325,92.093
2326,92.099
2327,92.105
2328,92.159
2329,92.166
2330,92.172
2331,92.179
2332,92.185
2333,92.191
2334,92.197
2335,92.202
2336,92.255
2337,92.262
2338,92.268
2339,92.274
2340,92.280
2341,92.315
2342,92.321
2343,92.328
2344,92.334
2345,92.340
2346,92.347
2347,92.353
2348,92.359
2349,92.365
2350,92.401
2351,92.408
2352,92.414
2353,92.421
2354,92.438
2355,92.445
2356,92.451
2357,92.457
2358,92.476
2359,92.485
2360,92.491
2361,92.497
2362,92.574
2363,92.684
2364,92.704
2365,92.723
2366,92.742
2367,92.761
2368,92.780
2369,92.799
2370,92.820
2371,92.840
2372,92.860
2373,92.881
2374,92.905
2375,92.924
2376,92.937
2377,93.078
2378,93.096
2379,93.114
2380,93.253
2381,93.273
2382,93.292
2383,93.437
2384,93.456
2385,93.474
2386,93.615
2387,93.635
2388,93.654
2389,93.807
2390,93.828
2391,93.848
2392,94.001
2393,94.025
2394,94.058
2395,94.162
2396,94.264
2397,94.281
2398,94.297
2399,94.313
2400,94.329
2401,94.345
2402,94.362
2403,94.380
2404,94.396
2405,94.406
2406,94.417
2407,94.427
2408,94.437
2409,94.448
2410,94.460
2411,94.470
2412,94.480
2413,94.490
2414,94.500
2415,94.510
2416,94.521
2417,94.555
2418,94.618
2419,94.766
2420,94.786
2421,94.805
2422,94.824
2423,94.968
2424,94.987
2425,95.006
2426,95.025
2427,95.194
2428,95.216
2429,95.238
2430,95.259
2431,95.430
2432,95.463
2433,95.495
2434,95.524
2435,95.717
2436,95.748
2437,95.781
2438,95.802
2439,95.961
2440,95.980
2441,96.000
2442,96.018
2443,96.173
2444,96.193
2445,96.212
2446,96.230
2447,96.401
2448,96.422
2449,96.443
2450,96.464
2451,96.614
2452,96.633
2453,96.652
2454,96.671
2455,96.834
2456,96.861
2457,96.893
2458,96.926
2459,97.131
2460,97.164
2461,97.198
2462,97.231
2463,97.412
2464,97.435
2465,97.456
2466,97.476
2467,97.657
2468,97.675
2469,97.696
2470,97.718
2471,97.878
2472,97.899
2473,97.919
2474,97.938
2475,98.097
2476,98.119
2477,98.141
2478,98.160
2479,98.318
2480,98.339
2481,98.364
2482,98.397
2483,98.608
2484,98.641
2485,98.675
2486,98.706
2487,98.898
2488,98.919
2489,98.941
2490,98.960
2491,99.124
2492,99.147
2493,99.170
2494,99.190
2495,99.353
2496,99.372
2497,99.393
2498,99.411
2499,99.556
2500,99.577
2501,99.596
2502,99.745
2503,99.765
2504,99.784
2505,99.928
2506,99.959
2507,99.989
2508,100.172
2509,100.202
2510,100.232
2511,100.423
2512,100.442
2513,100.461
2514,100.612
2515,100.632
2516,100.651
2517,100.801
2518,100.821
2519,100.840
2520,100.936
2521,101.013
2522,101.026
2523,101.039
2524,101.051
2525,101.064
2526,101.077
2527,101.089
2528,101.101
2529,101.114
2530,101.126
2531,101.139
2532,101.152
2533,101.165
2534,101.178
2535,101.318
2536,101.338
2537,101.357
2538,101.532
2539,101.564
2540,101.592
2541,101.771
2542,101.802
2543,101.834
2544,101.987
2545,102.009
2546,102.028
2547,102.185
2548,102.208
2549,102.231
2550,102.393
2551,102.412
2552,102.431
2553,102.507
2554,102.579
2555,102.589
2556,102.599
2557,102.609
2558,102.619
2559,102.628
2560,102.638
2561,102.648
2562,102.659
2563,102.669
2564,102.678
2565,102.688
2566,102.698
2567,102.708
2568,102.718
2569,102.727
2570,102.737
2571,102.747
2572,102.758
2573,102.768
2574,102.778
2575,102.813
2576,102.900
2577,103.095
2578,103.125
2579,103.156
2580,103.186
2581,103.367
2582,103.388
2583,103.408
2584,103.427
2585,103.595
2586,103.617
2587,103.640
2588,103.662
2589,103.810
2590,103.829
2591,103.848
2592,103.867
2593,104.020
2594,104.040
2595,104.059
2596,104.078
2597,104.236
2598,104.257
2599,104.277
2600,104.296
2601,104.488
2602,104.523
2603,104.553
2604,104.584
2605,104.802
2606,104.838
2607,104.861
2608,104.884
2609,105.045
2610,105.065
2611,105.084
2612,105.105
2613,105.272
2614,105.293
2615,105.314
2616,105.334
2617,105.503
2618,105.524
2619,105.546
2620,105.567
2621,105.740
2622,105.762
2623,105.783
2624,105.805
2625,105.996
2626,106.029
2627,106.066
2628,106.099
2629,106.320
2630,106.355
2631,106.393
2632,106.416
2633,106.587
2634,106.608
2635,106.628
2636,106.648
2637,106.818
2638,106.839
2639,106.860
2640,106.880
2641,107.047
2642,107.068
2643,107.089
2644,107.109
2645,107.276
2646,107.298
2647,107.320
2648,107.342
2649,107.519
2650,107.546
2651,107.582
2652,107.618
2653,107.838
2654,107.871
2655,107.906
2656,107.944
2657,108.101
2658,108.123
2659,108.142
2660,108.296
2661,108.320
2662,108.337
2663,108.487
2664,108.506
2665,108.525
2666,108.673
2667,108.692
2668,108.710
2669,108.867
2670,108.887
2671,108.906
2672,109.060
2673,109.079
2674,109.098
2675,109.297
2676,109.329
2677,109.358
2678,109.484
2679,109.596
2680,109.609
2681,109.623
2682,109.636
2683,109.649
2684,109.663
2685,109.676
2686,109.689
2687,109.702
2688,109.715
2689,109.727
2690,109.740
2691,109.753
2692,109.766
2693,109.914
2694,109.934
2695,109.953
2696,110.099
2697,110.117
2698,110.136
2699,110.284
2700,110.303
2701,110.322
2702,110.480
2703,110.500
2704,110.519
2705,110.688
2706,110.721
2707,110.755
2708,110.958
2709,110.991
2710,111.022
2711,111.127
2712,111.203
2713,111.215
2714,111.227
2715,111.238
2716,111.248
2717,111.258
2718,111.269
2719,111.280
2720,111.290
2721,111.301
2722,111.312
2723,111.323
2724,111.333
2725,111.345
2726,111.359
2727,111.371
2728,111.383
2729,111.395
2730,111.406
2731,111.417
2732,111.428
2733,111.466
2734,111.530
2735,111.690
2736,111.712
2737,111.733
2738,111.753
2739,111.917
2740,111.936
2741,111.956
2742,111.977
2743,112.178
2744,112.212
2745,112.248
2746,112.283
2747,112.495
2748,112.529
2749,112.563
2750,112.585
2751,112.754
2752,112.773
2753,112.792
2754,112.811
2755,112.980
2756,113.001
2757,113.021
2758,113.041
2759,113.214
2760,113.236
2761,113.258
2762,113.279
2763,113.464
2764,113.485
2765,113.507
2766,113.528
2767,113.688
2768,113.718
2769,113.748
2770,113.779
2771,113.994
2772,114.028
2773,114.062
2774,114.098
2775,114.278
2776,114.300
2777,114.322
2778,114.342
2779,114.526
2780,114.549
2781,114.572
2782,114.595
2783,114.776
2784,114.797
2785,114.819
2786,114.842
2787,115.024
2788,115.047
2789,115.069
2790,115.091
2791,115.260
2792,115.280
2793,115.317
2794,115.348
2795,115.565
2796,115.598
2797,115.633
2798,115.664
2799,115.864
2800,115.886
2801,115.909
2802,115.931
2803,116.115
2804,116.138
2805,116.160
2806,116.182
2807,116.366
2808,116.388
2809,116.410
2810,116.432
2811,116.612
2812,116.634
2813,116.656
2814,116.678
2815,116.830
2816,116.850
2817,116.868
2818,117.075
2819,117.107
2820,117.135
2821,117.330
2822,117.364
2823,117.394
2824,117.550
2825,117.569
2826,117.587
2827,117.743
2828,117.764
2829,117.784
2830,117.940
2831,117.959
2832,117.979
2833,118.139
2834,118.159
2835,118.179
2836,118.279
2837,118.353
2838,118.365
2839,118.377
2840,118.389
2841,118.402
2842,118.414
2843,118.427
2844,118.439
2845,118.450
2846,118.472
2847,118.492
2848,118.512
2849,118.533
2850,118.555
2851,118.736
2852,118.766
2853,118.795
2854,118.968
2855,118.987
2856,119.006
2857,119.152
2858,119.171
2859,119.191
2860,119.340
2861,119.359
2862,119.378
2863,119.545
2864,119.565
2865,119.585
2866,119.747
2867,119.768
2868,119.788
2869,119.869
2870,119.943
2871,119.953
2872,119.963
2873,119.973
2874,119.982
2875,120.000
2876,120.017
2877,120.034
2878,120.051
2879,120.069
2880,120.088
2881,120.104
2882,120.121
2883,120.137
2884,120.154
2885,120.172
2886,120.189
2887,120.207
2888,120.226
2889,120.244
2890,120.262
2891,120.321
2892,120.388
2893,120.544
2894,120.564
2895,120.583
2896,120.602
2897,120.767
2898,120.788
2899,120.813
2900,120.834
2901,121.009
2902,121.031
2903,121.054
2904,121.076
2905,121.234
2906,121.254
2907,121.273
2908,121.293
2909,121.451
2910,121.485
2911,121.517
2912,121.549
2913,121.757
2914,121.791
2915,121.825
2916,121.862
2917,122.034
2918,122.056
2919,122.080
2920,122.099
2921,122.284
2922,122.309
2923,122.333
2924,122.357
2925,122.523
2926,122.545
2927,122.566
2928,122.586
2929,122.758
2930,122.780
2931,122.802
2932,122.823
2933,122.995
2934,123.018
2935,123.056
2936,123.094
2937,123.320
2938,123.354
2939,123.389
2940,123.427
2941,123.615
2942,123.637
2943,123.658
2944,123.678
2945,123.854
2946,123.875
2947,123.897
2948,123.918
2949,124.089
2950,124.110
2951,124.132
2952,124.154
2953,124.323
2954,124.345
2955,124.366
2956,124.387
2957,124.560
2958,124.580
2959,124.614
2960,124.649
2961,124.869
2962,124.902
2963,124.936
2964,124.971
2965,125.167
2966,125.189
2967,125.210
2968,125.230
2969,125.408
2970,125.430
2971,125.451
2972,125.473
2973,125.622
2974,125.641
2975,125.659
2976,125.812
2977,125.831
2978,125.850
2979,126.004
2980,126.022
2981,126.042
2982,126.203
2983,126.234
2984,126.266
2985,126.464
2986,126.494
2987,126.525
2988,126.713
2989,126.734
2990,126.754
2991,126.910
2992,126.929
2993,126.948
2994,127.047
2995,127.122
2996,127.134
2997,127.146
2998,127.158
2999,127.169
3000,127.181
3001,127.194
3002,127.206
3003,127.218
3004,127.231
3005,127.244
3006,127.257
3007,127.270
3008,127.283
3009,127.427
3010,127.446
3011,127.465
3012,127.611
3013,127.630
3014,127.652
3015,127.847
3016,127.877
3017,127.907
3018,128.101
3019,128.136
3020,128.157
3021,128.323
3022,128.347
3023,128.368
3024,128.532
3025,128.555
3026,128.575
3027,128.652
3028,128.725
3029,128.735
3030,128.746
3031,128.755
3032,128.765
3033,128.775
3034,128.785
3035,128.795
3036,128.805
3037,128.815
3038,128.826
3039,128.836
3040,128.847
3041,128.861
3042,128.876
3043,128.891
3044,128.904
3045,128.917
3046,128.929
3047,128.941
3048,128.953
3049,128.993
3050,129.060
3051,129.253
3052,129.285
3053,129.314
3054,129.345
3055,129.562
3056,129.596
3057,129.616
3058,129.637
3059,129.823
3060,129.845
3061,129.868
3062,129.890
3063,130.055
3064,130.077
3065,130.096
3066,130.116
3067,130.288
3068,130.310
3069,130.331
3070,130.351
3071,130.540
3072,130.564
3073,130.587
3074,130.612
3075,130.811
3076,130.850
3077,130.886
3078,130.922
3079,131.161
3080,131.200
3081,131.231
3082,131.254
3083,131.433
3084,131.454
3085,131.476
3086,131.497
3087,131.685
3088,131.708
3089,131.732
3090,131.753
3091,131.946
3092,131.968
3093,131.993
3094,132.017
3095,132.204
3096,132.227
3097,132.249
3098,132.273
3099,132.481
3100,132.520
3101,132.554
3102,132.588
3103,132.823
3104,132.863
3105,132.886
3106,132.911
3107,133.107
3108,133.129
3109,133.151
3110,133.174
3111,133.354
3112,133.376
3113,133.398
3114,133.420
3115,133.602
3116,133.624
3117,133.645
3118,133.667
3119,133.848
3120,133.871
3121,133.893
3122,133.916
3123,134.125
3124,134.164
3125,134.197
3126,134.231
3127,134.464
3128,134.500
3129,134.523
3130,134.547
3131,134.703
3132,134.721
3133,134.741
3134,134.898
3135,134.918
3136,134.937
3137,135.092
3138,135.112
3139,135.130
3140,135.285
3141,135.304
3142,135.323
3143,135.480
3144,135.499
3145,135.519
3146,135.691
3147,135.723
3148,135.755
3149,135.959
3150,135.989
3151,136.020
3152,136.257
3153,136.275
3154,136.424
3155,136.612
3156,136.628
3157,136.757
3158,136.948
3159,136.964
3160,137.094
3161,137.315
3162,137.331
3163,137.490
3164,137.734
3165,137.759
3166,137.783
3167,137.928
3168,137.981
3169,138.009
3170,138.042
3171,138.069
3172,138.129
3173,138.142
3174,138.203
3175,138.216
3176,138.275
3177,138.289
3178,138.349
3179,138.361
3180,138.430
3181,138.437
3182,138.443
3183,138.480
3184,138.486
3185,138.492
3186,138.498
3187,138.503
3188,138.509
3189,138.516
3190,138.574
3191,138.581
3192,138.588
3193,138.620
3194,138.629
3195,138.639
3196,138.647
3197,138.653
3198,138.658
3199,138.695
3200,138.702
3201,138.708
3202,138.745
3203,138.752
3204,138.759
3205,138.765
3206,138.771
3207,138.778
3208,138.783
3209,138.832
3210,138.839
3211,138.845
3212,138.865
3213,138.874
3214,138.883
3215,138.891
3216,138.900
3217,138.916
3218,138.967
3219,138.977
3220,138.987
3221,139.040
3222,139.050
3223,139.059
3224,139.069
3225,139.078
3226,139.087
3227,139.096
3228,139.158
3229,139.167
3230,139.177
3231,139.206
3232,139.222
3233,139.238
3234,139.251
3235,139.266
3236,139.284
3237,139.328
3238,139.336
3239,139.342
3240,139.379
3241,139.385
3242,139.391
3243,139.398
3244,139.404
3245,139.410
3246,139.416
3247,139.475
3248,139.481
3249,139.487
3250,139.519
3251,139.528
3252,139.537
3253,139.545
3254,139.554
3255,139.563
3256,139.602
3257,139.608
3258,139.615
3259,139.651
3260,139.657
3261,139.663
3262,139.669
3263,139.675
3264,139.681
3265,139.687
3266,139.736
3267,139.743
3268,139.749
3269,139.780
3270,139.789
3271,139.799
3272,139.808
3273,139.818
3274,139.828
3275,139.933
3276,139.949
3277,140.043
3278,140.058
3279,140.131
3280,140.144
3281,140.181
3282,140.191
3283,140.200
3284,140.210
3285,140.219
3286,140.236
3287,140.263
3288,140.280
3289,140.318
3290,140.370
3291,140.381
3292,140.390
3293,140.445
3294,140.455
3295,140.465
3296,140.474
3297,140.483
3298,140.493
3299,140.502
3300,140.512
3301,140.522
3302,140.530
3303,140.539
3304,140.548
3305,140.561
3306,140.569
3307,140.578
3308,140.587
3309,140.597
3310,140.607
3311,140.616
3312,140.626
3313,140.637
3314,140.647
3315,140.661
3316,140.667
3317,140.674
3318,140.681
3319,140.687
3320,140.694
3321,140.701
3322,140.709
3323,140.716
3324,140.722
3325,140.729
3326,140.736
3327,140.743
3328,140.749
3329,140.755
3330,140.763
3331,140.770
3332,140.780
3333,140.787
3334,140.795
3335,140.803
3336,140.810
3337,140.817
3338,140.823
3339,140.832
3340,140.839
3341,140.845
3342,140.853
3343,140.862
3344,140.870
3345,140.877
3346,140.884
3347,140.892
3348,140.930
3349,140.937
3350,140.944
3351,140.950
3352,140.987
3353,140.994
3354,141.000
3355,141.006
3356,141.043
3357,141.050
3358,141.057
3359,141.063
3360,141.119
3361,141.125
3362,141.132
3363,141.138
3364,141.175
3365,141.182
3366,141.189
3367,141.196
3368,141.233
3369,141.240
3370,141.247
3371,141.253
3372,141.290
3373,141.297
3374,141.304
3375,141.310
3376,141.346
3377,141.353
3378,141.360
3379,141.366
3380,141.404
3381,141.412
3382,141.421
3383,141.431
3384,141.466
3385,141.473
3386,141.480
3387,141.487
3388,141.527
3389,141.535
3390,141.542
3391,141.583
3392,141.590
3393,141.599
3394,141.610
3395,141.621
3396,141.633
3397,141.643
3398,141.654
3399,141.707
3400,141.794
3401,141.848
3402,141.858
3403,141.868
3404,141.924
3405,141.958
3406,141.969
3407,141.979
3408,141.990
3409,142.001
3410,142.012
3411,142.023
3412,142.030
3413,142.037
3414,142.044
3415,142.051
3416,142.058
3417,142.065
3418,142.072
3419,142.079
3420,142.086
3421,142.093
3422,142.101
3423,142.108
3424,142.171
3425,142.284
3426,142.291
3427,142.297
3428,142.348
3429,142.412
3430,142.462
3431,142.526
3432,142.576
3433,142.640
3434,142.690
3435,142.752
3436,142.759
3437,142.765
3438,142.772
3439,142.780
3440,142.812
3441,142.819
3442,142.825
3443,142.831
3444,142.882
3445,142.946
3446,142.953
3447,142.958
3448,142.966
3449,142.973
3450,143.003
3451,143.010
3452,143.020
3453,143.030
3454,143.100
3455,143.192
3456,143.201
3457,143.209
3458,143.221
3459,143.232
3460,143.276
3461,143.286
3462,143.296
3463,143.306
3464,143.374
3465,143.455
3466,143.462
3467,143.468
3468,143.476
3469,143.483
3470,143.517
3471,143.524
3472,143.530
3473,143.536
3474,143.592
3475,143.657
3476,143.663
3477,143.669
3478,143.676
3479,143.682
3480,143.717
3481,143.724
3482,143.731
3483,143.738
3484,143.789
3485,143.855
3486,143.862
3487,143.868
3488,143.876
3489,143.882
3490,143.917
3491,143.924
3492,143.930
3493,143.937
3494,143.988
3495,144.056
3496,144.067
3497,144.069
3498,144.078
3499,144.085
3500,144.119
3501,144.126
3502,144.134
3503,144.141
3504,144.194
3505,144.257
3506,144.264
3507,144.271
3508,144.279
3509,144.286
3510,144.321
3511,144.328
3512,144.335
3513,144.342
3514,144.397
3515,144.487
3516,144.497
3517,144.507
3518,144.520
3519,144.531
3520,144.572
3521,144.582
3522,144.592
3523,144.601
3524,144.670
3525,144.757
3526,144.767
3527,144.777
3528,144.792
3529,144.803
3530,144.839
3531,144.847
3532,144.854
3533,144.861
3534,144.914
3535,144.977
3536,144.983
3537,144.989
3538,144.996
3539,145.002
3540,145.039
3541,145.045
3542,145.052
3543,145.058
3544,145.110
3545,145.172
3546,145.179
3547,145.184
3548,145.192
3549,145.199
3550,145.233
3551,145.239
3552,145.245
3553,145.251
3554,145.300
3555,145.363
3556,145.369
3557,145.376
3558,145.383
3559,145.390
3560,145.424
3561,145.432
3562,145.439
3563,145.445
3564,145.496
3565,145.559
3566,145.565
3567,145.571
3568,145.578
3569,145.585
3570,145.622
3571,145.630
3572,145.638
3573,145.644
3574,145.694
3575,145.772
3576,145.782
3577,145.792
3578,145.804
3579,145.816
3580,145.864
3581,145.876
3582,145.886
3583,145.895
3584,145.965
3585,146.058
3586,146.068
3587,146.079
3588,146.095
3589,146.109
3590,146.148
3591,146.157
3592,146.165
3593,146.172
3594,146.226
3595,146.293
3596,146.300
3597,146.306
3598,146.313
3599,146.322
3600,146.362
3601,146.372
3602,146.380
3603,146.388
3604,146.448
3605,146.517
3606,146.523
3607,146.531
3608,146.539
3609,146.570
3610,146.577
3611,146.584
3612,146.590
3613,146.643
3614,146.712
3615,146.720
3616,146.727
3617,146.733
3618,146.739
3619,146.746
3620,146.752
3621,146.757
3622,146.764
3623,146.770
3624,146.777
3625,146.784
3626,146.822
3627,146.831
3628,146.838
3629,146.845
3630,146.877
3631,146.886
3632,146.893
3633,146.900
3634,146.926
3635,146.933
3636,146.939
3637,146.946
3638,146.979
3639,146.988
3640,146.996
3641,147.004
3642,147.038
3643,147.046
3644,147.055
3645,147.062
3646,147.099
3647,147.113
3648,147.127
3649,147.138
3650,147.182
3651,147.195
3652,147.209
3653,147.219
3654,147.256
3655,147.265
3656,147.274
3657,147.282
3658,147.316
3659,147.326
3660,147.335
3661,147.345
3662,147.514
3663,147.545
3664,147.618
3665,147.631
3666,147.677
3667,147.686
3668,147.695
3669,147.704
3670,147.729
3671,147.738
3672,147.748
3673,147.779
3674,147.788
3675,147.797
3676,147.828
3677,147.838
3678,147.869
3679,147.878
3680,147.910
3681,147.919
3682,147.928
3683,147.960
3684,147.969
3685,147.977
3686,147.986
3687,148.029
3688,148.039
3689,148.049
3690,148.095
3691,148.105
3692,148.138
3693,148.148
3694,148.157
3695,148.191
3696,148.202
3697,148.237
3698,148.247
3699,148.292
3700,148.302
3701,148.353
3702,148.363
3703,148.373
3704,148.382
3705,148.445
3706,148.461
3707,148.571
3708,148.598
3709,148.663
3710,148.678
3711,148.694
3712,148.710
3713,148.788
3714,148.807
3715,148.914
3716,148.937
3717,148.988
3718,148.998
3719,149.008
3720,149.018
3721,149.081
3722,149.093
3723,149.185
3724,149.201
3725,149.250
3726,149.259
3727,149.269
3728,149.279
3729,149.340
3730,149.351
3731,149.438
3732,149.453
3733,149.522
3734,149.533
3735,149.544
3736,149.556
3737,149.568
3738,149.680
3739,149.695
3740,149.856
3741,149.877
3742,150.033
3743,150.053
3744,150.132
3745,150.152
3746,150.172
3747,150.193
3748,150.215
3749,150.354
3750,150.379
3751,150.580
3752,150.613
3753,150.773
3754,150.793
3755,150.863
3756,150.876
3757,150.888
3758,150.900
3759,150.913
3760,151.035
3761,151.052
3762,151.208
3763,151.228
3764,151.383
3765,151.404
3766,151.476
3767,151.489
3768,151.502
3769,151.515
3770,151.528
3771,151.643
3772,151.660
3773,151.823
3774,151.844
3775,152.027
3776,152.064
3777,152.170
3778,152.190
3779,152.210
3780,152.231
3781,152.437
3782,152.461
3783,152.631
3784,152.652
3785,152.738
3786,152.751
3787,152.764
3788,152.776
3789,152.935
3790,152.956
3791,153.121
3792,153.141
3793,153.226
3794,153.238
3795,153.252
3796,153.264
3797,153.423
3798,153.444
3799,153.621
3800,153.645
3801,153.732
3802,153.744
3803,153.764
3804,153.784
3805,153.978
3806,154.011
3807,154.211
3808,154.247
3809,154.355
3810,154.370
3811,154.385
3812,154.402
3813,154.547
3814,154.568
3815,154.733
3816,154.755
3817,154.853
3818,154.867
3819,154.881
3820,154.895
3821,155.039
3822,155.061
3823,155.230
3824,155.253
3825,155.413
3826,155.433
3827,155.453
3828,155.473
3829,155.635
3830,155.665
3831,155.855
3832,155.890
3833,156.091
3834,156.116
3835,156.138
3836,156.159
3837,156.216
3838,156.226
3839,156.381
3840,156.400
3841,156.421
3842,156.441
3843,156.460
3844,156.612
3845,156.630
3846,156.782
3847,156.803
3848,156.955
3849,156.976
3850,157.136
3851,157.155
3852,157.174
3853,157.330
3854,157.366
3855,157.576
3856,157.607
3857,157.642
3858,157.839
3859,157.871
3860,158.034
3861,158.054
3862,158.073
3863,158.228
3864,158.251
3865,158.304
3866,158.313
3867,158.323
3868,158.332
3869,158.395
3870,158.407
3871,158.497
3872,158.513
3873,158.591
3874,158.603
3875,158.615
3876,158.675
3877,158.708
3878,158.784
3879,158.797
3880,158.809
3881,158.868
3882,158.901
3883,159.036
3884,159.054
3885,159.085
3886,159.256
3887,159.284
3888,159.535
3889,159.578
3890,159.604
3891,159.760
3892,159.780
3893,159.836
3894,159.846
3895,159.899
3896,159.908
3897,159.960
3898,159.970
3899,160.299
3900,160.364
3901,160.392
3902,160.421
3903,160.451
3904,160.480
3905,160.509
3906,160.538
3907,160.567
3908,160.596
3909,160.645
3910,160.694
3911,160.741
3912,160.791
3913,160.838
3914,160.887
3915,160.928
3916,160.959
3917,160.990
3918,161.018
3919,161.047
3920,161.076
3921,161.107
3922,161.137
3923,161.167
3924,161.196
3925,161.226
3926,161.255
3927,161.283
3928,161.313
3929,161.631
3930,162.010
3931,162.105
3932,162.196
3933,162.290
3934,162.363
3935,162.416
3936,162.454
3937,162.518
3938,162.570
3939,162.986
3940,163.049
3941,163.469
3942,163.561
3943,163.974
3944,164.039
3945,164.468
3946,164.501
3947,164.953
3948,164.993
3949,165.339
3950,165.426
3951,165.509
3952,165.587
3953,165.647
3954,165.702
3955,166.129
3956,166.161
3957,166.476
3958,166.535
3959,166.587
3960,167.053
3961,167.111
3962,167.605
3963,167.639
3964,168.093
3965,168.130
3966,168.582
3967,168.620
3968,169.202
3969,169.239
3970,169.690
3971,169.724
3972,170.208
3973,170.245
3974,170.748
3975,170.803
3976,171.198
3977,171.261
3978,171.290
3979,171.320
3980,171.350
3981,171.380
3982,171.410
3983,171.439
3984,171.469
3985,171.499
3986,171.529
3987,171.560
3988,171.591
3989,171.621
3990,171.651
3991,171.683
3992,171.715
3993,171.746
3994,171.776
3995,171.808
3996,171.858
3997,171.908
3998,171.956
3999,172.004
4000,172.053
4001,172.103
4002,172.147
4003,172.179
4004,172.211
4005,172.243
4006,172.573
4007,172.917
4008,172.979
4009,173.039
4010,173.098
4011,173.162
4012,173.217
4013,173.258
4014,173.348
4015,173.424
4016,173.937
4017,173.997
4018,174.421
4019,174.480
4020,174.805
4021,174.863
4022,175.375
4023,175.430
4024,175.942
4025,175.982
4026,176.328
4027,176.391
4028,176.468
4029,176.523
4030,176.561
4031,176.617
4032,177.167
4033,177.224
4034,177.587
4035,177.647
4036,177.698
4037,178.149
4038,178.180
4039,178.634
4040,178.690
4041,179.266
4042,179.302
4043,179.741
4044,179.775
4045,180.210
4046,180.246
4047,180.811
4048,180.872
4049,181.389
4050,181.426
4051,181.852
4052,181.888
4053,182.243
4054,182.322
4055,182.370
4056,182.420
4057,182.467
4058,182.513
4059,182.561
4060,182.611
4061,182.642
4062,182.673
4063,182.703
4064,182.732
4065,182.761
4066,182.791
4067,182.822
4068,182.851
4069,182.881
4070,182.910
4071,182.940
4072,182.970
4073,183.000
4074,183.031
4075,183.062
4076,183.094
4077,183.125
4078,183.158
4079,183.191
4080,183.222
4081,183.253
4082,183.285
4083,183.753
4084,184.156
4085,184.216
4086,184.276
4087,184.337
4088,184.397
4089,184.448
4090,184.486
4091,184.548
4092,184.601
4093,185.033
4094,185.114
4095,185.672
4096,185.736
4097,186.087
4098,186.146
4099,186.608
4100,186.645
4101,187.210
4102,187.269
4103,187.654
4104,187.711
4105,187.770
4106,187.822
4107,187.861
4108,187.912
4109,188.370
4110,188.407
4111,188.778
4112,188.870
4113,188.947
4114,189.438
4115,189.474
4116,189.938
4117,189.975
4118,190.448
4119,190.506
4120,191.115
4121,191.154
4122,191.634
4123,191.671
4124,192.166
4125,192.204
4126,192.850
4127,192.904
4128,193.369
4129,193.404
4130,193.769
4131,193.839
4132,193.870
4133,193.901
4134,193.934
4135,193.967
4136,194.000
4137,194.031
4138,194.065
4139,194.118
4140,194.173
4141,194.223
4142,194.272
4143,194.323
4144,194.374
4145,194.420
4146,194.453
4147,194.487
4148,194.519
4149,194.552
4150,194.584
4151,194.617
4152,194.649
4153,194.680
4154,194.711
4155,194.742
4156,194.773
4157,194.804
4158,194.837
4159,194.868
4160,195.228
4161,195.671
4162,195.759
4163,195.847
4164,195.938
4165,196.003
4166,196.058
4167,196.096
4168,196.158
4169,196.212
4170,196.653
4171,196.714
4172,197.168
4173,197.266
4174,197.708
4175,197.770
4176,198.234
4177,198.269
4178,198.756
4179,198.794
4180,199.192
4181,199.277
4182,199.365
4183,199.439
4184,199.478
4185,199.530
4186,199.992
4187,200.029
4188,200.369
4189,200.426
4190,200.478
4191,201.039
4192,201.094
4193,201.567
4194,201.602
4195,202.060
4196,202.096
4197,202.599
4198,202.657
4199,203.185
4200,203.220
4201,203.687
4202,203.723
4203,204.234
4204,204.297
4205,204.856
4206,204.890
4207,205.256
4208,205.321
4209,205.351
4210,205.380
4211,205.408
4212,205.441
4213,205.473
4214,205.506
4215,205.536
4216,205.567
4217,205.598
4218,205.628
4219,205.657
4220,205.691
4221,205.743
4222,205.796
4223,205.841
4224,205.887
4225,205.940
4226,205.996
4227,206.036
4228,206.070
4229,206.106
4230,206.140
4231,206.170
4232,206.199
4233,206.231
4234,206.263
4235,206.296
4236,206.329
4237,206.701
4238,207.084
4239,207.148
4240,207.239
4241,207.333
4242,207.426
4243,207.505
4244,207.566
4245,207.632
4246,207.685
4247,208.140
4248,208.205
4249,208.666
4250,208.729
4251,209.175
4252,209.267
4253,209.789
4254,209.826
4255,210.323
4256,210.361
4257,210.719
4258,210.817
4259,210.909
4260,210.987
4261,211.046
4262,211.118
4263,211.605
4264,211.641
4265,211.998
4266,212.061
4267,212.119
4268,212.636
4269,212.691
4270,213.221
4271,213.258
4272,213.731
4273,213.766
4274,214.265
4275,214.324
4276,214.897
4277,214.931
4278,215.442
4279,215.479
4280,215.998
4281,216.060
4282,216.638
4283,216.677
4284,217.054
4285,217.122
4286,217.153
4287,217.184
4288,217.215
4289,217.247
4290,217.279
4291,217.310
4292,217.341
4293,217.373
4294,217.405
4295,217.436
4296,217.466
4297,217.516
4298,217.569
4299,217.620
4300,217.670
4301,217.721
4302,217.773
4303,217.817
4304,217.851
4305,217.885
4306,217.918
4307,217.953
4308,217.987
4309,218.020
4310,218.052
4311,218.085
4312,218.117
4313,218.149
4314,218.524
4315,218.913
4316,219.004
4317,219.092
4318,219.183
4319,219.274
4320,219.340
4321,219.381
4322,219.443
4323,219.497
4324,219.960
4325,220.025
4326,220.482
4327,220.574
4328,221.035
4329,221.096
4330,221.565
4331,221.595
4332,222.092
4333,222.131
4334,222.554
4335,222.640
4336,222.736
4337,222.796
4338,222.836
4339,222.889
4340,223.376
4341,223.412
4342,223.766
4343,223.828
4344,223.878
4345,224.481
4346,224.518
4347,225.004
4348,225.039
4349,225.518
4350,225.555
4351,226.151
4352,226.212
4353,226.691
4354,226.727
4355,227.217
4356,227.253
4357,227.877
4358,227.941
4359,228.427
4360,228.463
4361,228.848
4362,228.918
4363,228.949
4364,228.980
4365,229.012
4366,229.044
4367,229.076
4368,229.107
4369,229.158
4370,229.212
4371,229.263
4372,229.314
4373,229.364
4374,229.415
4375,229.459
4376,229.493
4377,229.526
4378,229.556
4379,229.586
4380,229.618
4381,229.650
4382,229.681
4383,229.711
4384,229.744
4385,229.775
4386,229.806
4387,229.837
4388,229.868
4389,229.899
4390,229.931
4391,230.322
4392,230.865
4393,230.952
4394,231.023
4395,231.086
4396,231.150
4397,231.181
4398,231.213
4399,231.246
4400,231.277
4401,231.309
4402,231.351
4403,231.415
4404,231.449
4405,231.490
4406,231.548
4407,231.581
4408,231.621
4409,231.653
4410,231.699
4411,232.323
4412,232.719
4413,232.749
4414,232.779
4415,232.809
4416,233.271
4417,233.309
4418,233.346
4419,233.382
4420,233.877
4421,233.970
4422,234.024
4423,234.067
4424,234.098
4425,234.131
4426,234.164
4427,234.197
4428,234.236
4429,234.266
4430,234.303
4431,234.335
4432,234.817
4433,235.335
4434,235.388
4435,235.443
4436,235.848
4437,235.880
4438,235.915
4439,235.949
4440,235.983
4441,236.024
4442,236.054
4443,236.092
4444,236.123
4445,236.619
4446,237.182
4447,237.237
4448,237.273
4449,237.660
4450,237.727
4451,238.236
4452,238.274
4453,238.893
4454,238.957
4455,239.379
4456,239.442
4457,239.850
4458,239.882
4459,239.914
4460,239.947
4461,239.980
4462,240.011
4463,240.392
4464,240.446
4465,240.926
4466,241.324
4467,241.808
4468,242.203
4469,242.265
4470,242.323
4471,242.376
4472,242.850
4473,242.882
4474,242.914
4475,242.945
4476,242.977
4477,243.008
4478,243.041
4479,243.407
4480,243.437
4481,243.803
4482,244.227
4483,244.800
4484,245.188
4485,245.250
4486,245.769
4487,245.807
4488,246.245
4489,246.738
4490,246.770
4491,246.803
4492,246.838
4493,247.206
4494,247.268
4495,247.299
4496,247.338
4497,247.391
4498,247.422
4499,248.055
4500,248.122
4501,248.163
4502,248.537
4503,248.567
4504,248.597
4505,249.101
4506,249.139
4507,249.705
4508,249.765
4509,250.319
4510,250.360
4511,250.882
4512,250.920
4513,251.465
4514,251.527
4515,252.094
4516,252.134
4517,252.688
4518,252.728
4519,253.290
4520,253.353
4521,253.843
4522,253.910
4523,253.941
4524,253.974
4525,254.005
4526,254.037
4527,254.068
4528,254.098
4529,254.129
4530,254.160
4531,254.191
4532,254.224
4533,254.256
4534,254.287
4535,254.319
4536,254.351
4537,254.383
4538,254.415
4539,254.453
4540,254.505
4541,254.559
4542,254.608
4543,254.658
4544,254.709
4545,254.764
4546,254.797
4547,254.829
4548,254.862
4549,254.892
4550,254.923
4551,255.304
4552,255.702
4553,255.765
4554,255.829
4555,255.893
4556,256.613
4557,256.680
4558,257.070
4559,257.131
4560,257.185
4561,257.226
4562,257.280
4563,257.311
4564,257.357
4565,257.430
4566,257.472
4567,257.523
4568,257.577
4569,257.627
4570,257.688
4571,257.736
4572,258.270
4573,258.764
4574,258.799
4575,258.834
4576,259.205
4577,259.273
4578,259.325
4579,259.377
4580,259.425
4581,259.473
4582,260.057
4583,260.097
4584,260.135
4585,260.174
4586,260.213
4587,260.252
4588,260.291
4589,260.675
4590,260.706
4591,260.736
4592,260.805
4593,260.901
4594,260.961
4595,261.038
4596,261.103
4597,261.136
4598,261.167
4599,261.207
4600,261.265
4601,261.746
4602,261.782
4603,262.316
4604,262.380
4605,262.842
4606,262.904
4607,263.473
4608,263.536
4609,264.111
4610,264.211
4611,264.776
4612,264.815
4613,265.185
4614,265.247
4615,265.302
4616,265.792
4617,265.851
4618,266.444
4619,266.480
4620,266.968
4621,267.004
4622,267.505
4623,267.567
4624,268.161
4625,268.197
4626,268.702
4627,268.740
4628,269.312
4629,269.376
4630,269.949
4631,269.984
4632,270.377
4633,270.440
4634,270.469
4635,270.499
4636,270.529
4637,270.560
4638,270.591
4639,270.624
4640,270.656
4641,270.686
4642,270.718
4643,270.782
4644,270.837
4645,270.886
4646,270.935
4647,270.985
4648,271.037
4649,271.079
4650,271.112
4651,271.145
4652,271.176
4653,271.207
4654,271.238
4655,271.269
4656,271.300
4657,271.331
4658,271.362
4659,271.393
4660,271.423
4661,271.454
4662,271.840
4663,272.293
4664,272.382
4665,272.477
4666,272.549
4667,272.609
4668,272.661
4669,272.699
4670,272.761
4671,272.810
4672,273.278
4673,273.346
4674,273.903
4675,273.997
4676,274.409
4677,274.469
4678,274.958
4679,274.995
4680,275.572
4681,275.631
4682,276.084
4683,276.146
4684,276.210
4685,276.268
4686,276.309
4687,276.367
4688,276.899
4689,276.936
4690,277.397
4691,277.486
4692,277.567
4693,278.084
4694,278.120
4695,278.624
4696,278.662
4697,279.266
4698,279.329
4699,279.873
4700,279.910
4701,280.415
4702,280.453
4703,281.086
4704,281.151
4705,281.741
4706,281.781
4707,282.286
4708,282.325
4709,282.803
4710,282.899
4711,282.954
4712,282.986
4713,283.018
4714,283.048
4715,283.078
4716,283.113
4717,283.146
4718,283.177
4719,283.208
4720,283.239
4721,283.270
4722,283.300
4723,283.329
4724,283.360
4725,283.391
4726,283.423
4727,283.456
4728,283.491
4729,283.524
4730,283.557
4731,283.593
4732,283.645
4733,283.698
4734,283.745
4735,283.796
4736,283.846
4737,283.901
4738,283.934
4739,284.335
4740,284.742
4741,284.803
4742,284.865
4743,284.926
4744,284.989
4745,285.043
4746,285.089
4747,285.182
4748,285.260
4749,285.818
4750,285.881
4751,286.372
4752,286.436
4753,286.825
4754,286.913
4755,287.530
4756,287.565
4757,288.103
4758,288.145
4759,288.539
4760,288.601
4761,288.697
4762,288.781
4763,288.844
4764,288.932
4765,289.475
4766,289.514
4767,289.904
4768,289.964
4769,290.016
4770,290.595
4771,290.657
4772,291.195
4773,291.232
4774,291.740
4775,291.777
4776,292.381
4777,292.444
4778,292.992
4779,293.032
4780,293.571
4781,293.610
4782,294.312
4783,294.362
4784,294.892
4785,294.932
4786,295.355
4787,295.424
4788,295.459
4789,295.494
4790,295.528
4791,295.574
4792,295.629
4793,295.684
4794,295.737
4795,295.793
4796,295.852
4797,295.895
4798,295.930
4799,295.964
4800,295.997
4801,296.030
4802,296.064
4803,296.100
4804,296.133
4805,296.167
4806,296.200
4807,296.234
4808,296.268
4809,296.304
4810,296.340
4811,296.375
4812,296.410
4813,296.447
4814,296.482
4815,296.517
4816,297.050
4817,297.511
4818,297.572
4819,297.639
4820,297.703
4821,297.773
4822,297.807
4823,297.842
4824,297.877
4825,297.912
4826,297.947
4827,297.988
4828,298.058
4829,298.093
4830,298.153
4831,298.239
4832,298.293
4833,298.362
4834,298.419
4835,298.482
4836,299.060
4837,299.533
4838,299.566
4839,299.602
4840,299.638
4841,300.315
4842,300.381
4843,300.437
4844,300.479
4845,300.899
4846,300.965
4847,301.022
4848,301.064
4849,301.123
4850,301.158
4851,301.204
4852,301.261
4853,301.303
4854,301.360
4855,301.407
4856,301.464
4857,301.541
4858,302.214
4859,302.692
4860,302.725
4861,302.759
4862,302.794
4863,302.828
4864,303.256
4865,303.349
4866,303.406
4867,303.457
4868,303.512
4869,303.566
4870,303.619
4871,304.074
4872,304.106
4873,304.139
4874,304.172
4875,304.204
4876,304.704
4877,304.742
4878,304.787
4879,304.851
4880,304.912
4881,305.395
4882,305.457
4883,305.489
4884,305.522
4885,305.959
4886,305.990
4887,306.391
4888,306.447
4889,306.493
4890,306.547
4891,306.603
4892,306.662
4893,306.751
4894,307.298
4895,307.336
4896,307.893
4897,307.934
4898,308.418
4899,308.516
4900,309.204
4901,309.272
4902,309.861
4903,309.929
4904,310.619
4905,310.660
4906,311.079
4907,311.553
4908,311.587
4909,311.622
4910,311.657
4911,311.691
4912,311.726
4913,312.274
4914,312.361
4915,312.407
4916,312.462
4917,312.504
4918,312.570
4919,312.603
4920,312.648
4921,312.703
4922,312.737
4923,312.770
4924,312.811
4925,312.867
4926,312.899
4927,312.940
4928,313.549
4929,314.150
4930,314.190
4931,314.716
4932,314.754
4933,315.361
4934,315.421
4935,315.991
4936,316.028
4937,316.550
4938,316.588
4939,317.240
4940,317.309
4941,317.896
4942,317.936
4943,318.455
4944,318.494
4945,319.014
4946,319.117
4947,319.154
4948,319.189
4949,319.222
4950,319.253
4951,319.285
4952,319.321
4953,319.354
4954,319.386
4955,319.418
4956,319.451
4957,319.491
4958,319.524
4959,319.557
4960,319.590
4961,319.625
4962,319.659
4963,319.694
4964,319.727
4965,319.760
4966,319.804
4967,319.860
4968,319.914
4969,319.966
4970,320.022
4971,320.080
4972,320.123
4973,320.161
4974,320.197
4975,320.624
4976,321.058
4977,321.123
4978,321.186
4979,321.250
4980,321.788
4981,321.874
4982,321.920
4983,321.953
4984,321.988
4985,322.019
4986,322.052
4987,322.480
4988,322.514
4989,322.556
4990,322.589
4991,322.636
4992,322.669
4993,323.272
4994,323.870
4995,324.304
4996,324.367
4997,324.421
4998,324.464
4999,324.519
5000,324.552
5001,325.083
5002,325.140
5003,325.613
5004,325.669
5005,325.711
5006,325.744
5007,325.786
5008,325.819
5009,326.360
5010,326.870
5011,326.922
5012,326.975
5013,327.517
5014,327.554
5015,327.591
5016,328.005
5017,328.069
5018,328.103
5019,328.137
5020,328.171
5021,328.204
5022,328.909
5023,328.950
5024,328.990
5025,329.031
5026,329.070
5027,329.110
5028,329.151
5029,329.585
5030,329.619
5031,329.655
5032,330.204
5033,330.261
5034,330.738
5035,330.793
5036,330.835
5037,330.866
5038,330.898
5039,330.940
5040,331.003
5041,331.550
5042,331.589
5043,332.308
5044,332.347
5045,332.757
5046,332.817
5047,332.880
5048,332.936
5049,332.978
5050,333.034
5051,333.689
5052,333.757
5053,334.174
5054,334.651
5055,334.686
5056,334.721
5057,334.755
5058,334.789
5059,334.824
5060,334.860
5061,334.893
5062,335.460
5063,335.507
5064,335.925
5065,335.986
5066,336.030
5067,336.066
5068,336.108
5069,336.141
5070,336.655
5071,337.212
5072,337.269
5073,337.304
5074,337.338
5075,337.861
5076,337.900
5077,338.440
5078,338.482
5079,339.170
5080,339.210
5081,339.756
5082,339.797
5083,340.351
5084,340.419
5085,341.083
5086,341.121
5087,341.713
5088,341.756
5089,342.351
5090,342.411
5091,342.888
5092,342.955
5093,342.988
5094,343.020
5095,343.052
5096,343.083
5097,343.114
5098,343.146
5099,343.177
5100,343.210
5101,343.243
5102,343.275
5103,343.307
5104,343.342
5105,343.375
5106,343.408
5107,343.457
5108,343.511
5109,343.563
5110,343.614
5111,343.667
5112,343.723
5113,343.763
5114,343.798
5115,343.832
5116,343.864
5117,343.897
5118,343.932
5119,343.964
5120,343.997
5121,344.423
5122,344.862
5123,344.946
5124,345.045
5125,345.140
5126,345.647
5127,345.703
5128,345.737
5129,345.771
5130,345.806
5131,345.839
5132,345.873
5133,346.322
5134,346.356
5135,346.398
5136,346.431
5137,346.478
5138,346.533
5139,347.175
5140,347.722
5141,348.183
5142,348.722
5143,348.778
5144,348.837
5145,348.901
5146,348.942
5147,349.393
5148,349.426
5149,349.870
5150,349.904
5151,350.472
5152,350.535
5153,350.597
5154,351.089
5155,351.145
5156,351.180
5157,351.652
5158,351.690
5159,352.116
5160,352.176
5161,352.244
5162,352.299
5163,352.363
5164,352.416
5165,352.979
5166,353.443
5167,353.476
5168,353.510
5169,354.091
5170,354.157
5171,354.223
5172,354.726
5173,354.790
5174,354.824
5175,354.856
5176,354.889
5177,354.923
5178,355.501
5179,355.543
5180,355.583
5181,355.649
5182,355.718
5183,355.784
5184,355.852
5185,356.334
5186,356.368
5187,356.401
5188,356.875
5189,356.910
5190,357.343
5191,357.415
5192,357.481
5193,357.534
5194,357.584
5195,357.649
5196,357.741
5197,358.318
5198,358.358
5199,358.971
5200,359.013
5201,359.574
5202,359.664
5203,359.734
5204,359.792
5205,359.839
5206,359.900
5207,360.491
5208,360.533
5209,361.002
5210,361.637
5211,361.674
5212,361.708
5213,361.743
5214,361.780
5215,361.816
5216,361.853
5217,361.889
5218,362.357
5219,362.394
5220,362.865
5221,362.947
5222,363.011
5223,363.064
5224,363.128
5225,363.164
5226,363.710
5227,364.193
5228,364.228
5229,364.263
5230,364.298
5231,364.981
5232,365.035
5233,365.600
5234,365.640
5235,366.198
5236,366.240
5237,366.950
5238,366.992
5239,367.545
5240,367.586
5241,368.173
5242,368.241
5243,368.998
5244,369.044
5245,369.611
5246,369.652
5247,370.105
5248,370.215
5249,370.269
5250,370.322
5251,370.375
5252,370.431
5253,370.468
5254,370.504
5255,370.537
5256,370.572
5257,370.607
5258,370.641
5259,370.675
5260,370.710
5261,370.743
5262,370.776
5263,370.808
5264,370.842
5265,370.877
5266,370.912
5267,370.949
5268,370.986
5269,371.022
5270,371.055
5271,371.104
5272,371.160
5273,371.215
5274,371.269
5275,371.324
5276,371.385
5277,371.839
5278,372.289
5279,372.354
5280,372.418
5281,372.485
5282,372.553
5283,372.610
5284,372.643
5285,372.700
5286,372.757
5287,372.809
5288,372.862
5289,372.927
5290,372.978
5291,373.023
5292,373.059
5293,373.103
5294,373.136
5295,373.682
5296,374.259
5297,374.845
5298,375.322
5299,375.357
5300,375.393
5301,375.428
5302,375.462
5303,375.916
5304,375.951
5305,376.472
5306,376.525
5307,377.109
5308,377.146
5309,377.184
5310,377.623
5311,377.679
5312,377.713
5313,378.256
5314,378.311
5315,378.806
5316,378.860
5317,378.902
5318,378.934
5319,378.973
5320,379.005
5321,379.543
5322,380.086
5323,380.139
5324,380.193
5325,380.819
5326,380.859
5327,380.901
5328,381.326
5329,381.391
5330,381.425
5331,381.458
5332,381.492
5333,381.535
5334,382.247
5335,382.286
5336,382.327
5337,382.369
5338,382.408
5339,382.449
5340,382.490
5341,382.935
5342,382.969
5343,383.003
5344,383.581
5345,383.638
5346,384.081
5347,384.138
5348,384.181
5349,384.214
5350,384.248
5351,384.290
5352,384.353
5353,384.918
5354,384.984
5355,385.710
5356,385.754
5357,386.203
5358,386.271
5359,386.340
5360,386.400
5361,386.445
5362,386.505
5363,387.239
5364,387.283
5365,387.731
5366,388.236
5367,388.272
5368,388.307
5369,388.344
5370,388.381
5371,388.418
5372,388.480
5373,388.540
5374,389.126
5375,389.162
5376,389.616
5377,389.675
5378,389.719
5379,389.755
5380,389.799
5381,389.839
5382,390.469
5383,391.052
5384,391.084
5385,391.117
5386,391.149
5387,391.694
5388,391.734
5389,392.363
5390,392.426
5391,393.048
5392,393.089
5393,393.668
5394,393.710
5395,394.397
5396,394.466
5397,395.069
5398,395.113
5399,395.782
5400,395.833
5401,396.552
5402,396.594
5403,397.070
5404,397.148
5405,397.186
5406,397.223
5407,397.258
5408,397.294
5409,397.344
5410,397.392
5411,397.429
5412,397.465
5413,397.517
5414,397.577
5415,397.636
5416,397.692
5417,397.750
5418,397.810
5419,397.848
5420,397.886
5421,397.924
5422,397.960
5423,397.996
5424,398.034
5425,398.071
5426,398.107
5427,398.145
5428,398.182
5429,398.220
5430,398.257
5431,398.294
5432,398.331
5433,398.819
5434,399.400
5435,399.469
5436,399.533
5437,399.599
5438,399.675
5439,399.736
5440,399.780
5441,399.848
5442,399.913
5443,400.500
5444,400.601
5445,401.277
5446,401.349
5447,401.795
5448,401.860
5449,402.491
5450,402.559
5451,403.260
5452,403.304
5453,403.769
5454,403.834
5455,403.899
5456,403.963
5457,404.010
5458,404.069
5459,404.823
5460,404.865
5461,405.343
5462,405.419
5463,405.479
5464,406.065
5465,406.135
5466,406.828
5467,406.870
5468,407.490
5469,407.535
5470,408.221
5471,408.286
5472,408.954
5473,408.994
5474,409.613
5475,409.657
5476,410.448
5477,410.493
5478,411.057
5479,411.097
5480,411.590
5481,411.663
5482,411.698
5483,411.750
5484,411.809
5485,411.864
5486,411.920
5487,411.976
5488,412.033
5489,412.072
5490,412.109
5491,412.147
5492,412.180
5493,412.217
5494,412.253
5495,412.289
5496,412.326
5497,412.362
5498,412.397
5499,412.433
5500,412.469
5501,412.506
5502,412.543
5503,412.580
5504,412.617
5505,412.653
5506,412.688
5507,412.750
5508,412.811
5509,412.868
5510,413.394
5511,413.854
5512,413.919
5513,413.984
5514,414.049
5515,414.115
5516,414.173
5517,414.216
5518,414.281
5519,414.361
5520,415.032
5521,415.096
5522,415.653
5523,415.717
5524,416.170
5525,416.271
5526,416.942
5527,416.981
5528,417.587
5529,417.630
5530,418.107
5531,418.199
5532,418.292
5533,418.378
5534,418.423
5535,418.480
5536,419.065
5537,419.106
5538,419.547
5539,419.613
5540,419.705
5541,420.387
5542,420.425
5543,420.999
5544,421.039
5545,421.687
5546,421.752
5547,422.382
5548,422.425
5549,422.994
5550,423.035
5551,423.764
5552,423.808
5553,424.444
5554,424.485
5555,425.072
5556,425.139
5557,425.710
5558,425.780
5559,425.813
5560,425.848
5561,425.884
5562,425.919
5563,425.954
5564,425.987
5565,426.020
5566,426.054
5567,426.087
5568,426.122
5569,426.156
5570,426.190
5571,426.226
5572,426.261
5573,426.296
5574,426.348
5575,426.407
5576,426.463
5577,426.518
5578,426.575
5579,426.632
5580,426.670
5581,426.706
5582,426.740
5583,426.774
5584,426.809
5585,426.844
5586,426.878
5587,427.333
5588,427.801
5589,427.895
5590,427.990
5591,428.083
5592,428.185
5593,428.246
5594,428.292
5595,428.359
5596,428.415
5597,428.971
5598,429.036
5599,429.686
5600,429.785
5601,430.268
5602,430.332
5603,430.929
5604,430.968
5605,431.709
5606,431.766
5607,432.217
5608,432.277
5609,432.339
5610,432.393
5611,432.435
5612,432.491
5613,433.145
5614,433.210
5615,433.708
5616,433.770
5617,433.826
5618,434.393
5619,434.433
5620,435.122
5621,435.192
5622,435.786
5623,435.827
5624,436.438
5625,436.479
5626,437.242
5627,437.266
5628,437.896
5629,437.939
5630,438.679
5631,438.749
5632,439.373
5633,439.414
5634,439.480
5635,439.565
5636,439.645
5637,439.751
5638,439.832
5639,439.902
5640,439.997
5641,440.077
5642,440.171
5643,440.305
5644,440.434
5645,440.566
5646,440.678
5647,440.760
5648,440.871
5649,440.955
5650,441.032
5651,441.150
5652,441.276
5653,441.408
5654,441.498
5655,441.627
5656,441.758
5657,441.894
5658,442.032
5659,442.122
5660,442.215
5661,442.320
5662,442.482
5663,442.647
5664,442.797
5665,442.933
5666,443.065
5667,443.203
5668,443.336
5669,443.475
5670,443.634
5671,443.679
5672,443.696
5673,443.747
5674,443.757
5675,443.768
5676,443.835
5677,443.856
5678,443.969
5679,444.107
5680,444.243
5681,444.329
5682,444.346
5683,444.653
5684,444.834
5685,444.854
5686,444.874
5687,444.895
5688,444.918
5689,444.941
5690,444.964
5691,444.988
5692,445.012
5693,445.037
5694,445.063
5695,445.090
5696,445.117
5697,445.146
5698,445.175
5699,445.205
5700,445.236
5701,445.266
5702,445.298
5703,445.330
5704,445.363
5705,445.398
5706,445.432
5707,445.468
5708,445.503
5709,445.550
5710,445.603
5711,445.658
5712,445.710
5713,445.763
5714,445.817
5715,445.874
5716,445.931
5717,445.986
5718,446.042
5719,446.088
5720,446.131
5721,446.175
5722,446.219
5723,446.265
5724,446.322
5725,446.342
5726,446.395
5727,446.463
5728,446.475
5729,446.487
5730,446.499
5731,446.579
5732,446.612
5733,446.683
5734,446.716
5735,447.265
5736,447.350
5737,447.415
5738,447.476
5739,447.536
5740,447.598
5741,447.659
5742,447.700
5743,447.741
5744,447.779
5745,447.817
5746,447.857
5747,447.895
5748,447.933
5749,447.971
5750,448.009
5751,448.049
5752,448.088
5753,448.128
5754,448.168
5755,448.208
5756,448.248
5757,448.290
5758,448.357
5759,448.421
5760,448.482
5761,448.544
5762,448.611
5763,448.654
5764,448.696
5765,449.214
5766,449.742
5767,449.812
5768,449.884
5769,449.972
5770,450.082
5771,450.171
5772,450.245
5773,450.344
5774,450.411
5775,451.039
5776,451.110
5777,451.622
5778,451.658
5779,451.723
5780,451.783
5781,451.839
5782,452.409
5783,452.445
5784,452.957
5785,452.994
5786,453.533
5787,453.587
5788,453.649
5789,454.235
5790,454.302
5791,454.933
5792,454.977
5793,455.747
5794,455.820
5795,456.347
5796,456.414
5797,456.483
5798,456.545
5799,456.591
5800,456.651
5801,457.135
5802,457.178
5803,457.243
5804,457.302
5805,457.360
5806,457.887
5807,457.922
5808,458.451
5809,458.490
5810,458.983
5811,459.064
5812,459.155
5813,459.862
5814,459.906
5815,460.534
5816,460.579
5817,461.338
5818,461.396
5819,462.031
5820,462.074
5821,462.715
5822,462.786
5823,463.536
5824,463.582
5825,464.277
5826,464.322
5827,465.088
5828,465.132
5829,465.643
5830,465.712
5831,465.746
5832,465.783
5833,465.819
5834,465.856
5835,465.892
5836,465.929
5837,465.968
5838,466.004
5839,466.052
5840,466.114
5841,466.173
5842,466.231
5843,466.292
5844,466.350
5845,466.391
5846,466.430
5847,466.467
5848,466.504
5849,466.544
5850,466.581
5851,466.618
5852,466.655
5853,466.692
5854,466.727
5855,466.763
5856,466.800
5857,466.836
5858,466.873
5859,467.454
5860,468.037
5861,468.101
5862,468.167
5863,468.233
5864,468.299
5865,468.360
5866,468.406
5867,468.475
5868,468.533
5869,469.246
5870,469.340
5871,469.963
5872,470.031
5873,470.529
5874,470.595
5875,471.372
5876,471.413
5877,472.094
5878,472.139
5879,472.664
5880,472.763
5881,472.863
5882,472.954
5883,473.006
5884,473.067
5885,473.688
5886,473.729
5887,474.229
5888,474.323
5889,474.417
5890,474.484
5891,475.203
5892,475.247
5893,475.898
5894,475.942
5895,476.741
5896,476.783
5897,477.438
5898,477.482
5899,478.248
5900,478.325
5901,479.054
5902,479.099
5903,479.752
5904,479.826
5905,480.453
5906,480.525
5907,480.563
5908,480.601
5909,480.639
5910,480.676
5911,480.715
5912,480.764
5913,480.810
5914,480.848
5915,480.885
5916,480.925
5917,480.963
5918,481.000
5919,481.037
5920,481.085
5921,481.148
5922,481.207
5923,481.265
5924,481.323
5925,481.382
5926,481.421
5927,481.460
5928,481.496
5929,481.534
5930,481.571
5931,481.609
5932,481.647
5933,481.684
5934,481.720
5935,482.249
5936,482.901
5937,483.005
5938,483.081
5939,483.153
5940,483.219
5941,483.280
5942,483.325
5943,483.392
5944,483.450
5945,484.079
5946,484.169
5947,484.930
5948,484.998
5949,485.495
5950,485.562
5951,485.628
5952,486.475
5953,486.522
5954,487.034
5955,487.098
5956,487.164
5957,487.224
5958,487.270
5959,487.330
5960,488.111
5961,488.178
5962,488.700
5963,488.771
5964,488.831
5965,488.876
5966,489.581
5967,489.658
5968,490.399
5969,490.443
5970,491.101
5971,491.145
5972,491.944
5973,491.989
5974,492.657
5975,492.700
5976,493.524
5977,493.602
5978,494.251
5979,494.295
5980,494.837
5981,494.912
5982,494.948
5983,495.013
5984,495.076
5985,495.136
5986,495.196
5987,495.258
5988,495.310
5989,495.350
5990,495.389
5991,495.427
5992,495.466
5993,495.505
5994,495.543
5995,495.582
5996,495.624
5997,495.665
5998,495.705
5999,495.745
6000,495.785
6001,495.823
6002,495.861
6003,495.900
6004,495.939
6005,496.011
6006,496.061
6007,496.120
6008,496.181
6009,496.242
6010,496.782
6011,497.312
6012,497.383
6013,497.450
6014,497.518
6015,497.583
6016,497.663
6017,497.736
6018,497.835
6019,497.922
6020,498.566
6021,498.633
6022,499.295
6023,499.390
6024,500.036
6025,500.104
6026,500.758
6027,500.801
6028,501.614
6029,501.695
6030,502.226
6031,502.295
6032,502.367
6033,502.438
6034,502.494
6035,502.574
6036,503.328
6037,503.400
6038,503.944
6039,504.011
6040,504.073
6041,504.120
6042,504.861
6043,504.937
6044,505.745
6045,505.791
6046,506.478
6047,506.523
6048,507.349
6049,507.396
6050,508.097
6051,508.145
6052,509.012
6053,509.085
6054,509.778
6055,509.826
6056,510.377
6057,510.453
6058,510.509
6059,510.572
6060,510.630
6061,510.690
6062,510.750
6063,510.807
6064,510.846
6065,510.885
6066,510.923
6067,510.962
6068,511.002
6069,511.039
6070,511.076
6071,511.114
6072,511.151
6073,511.188
6074,511.226
6075,511.264
6076,511.302
6077,511.340
6078,511.379
6079,511.417
6080,511.465
6081,511.529
6082,511.590
6083,511.650
6084,511.710
6085,511.772
6086,512.315
6087,512.882
6088,512.950
6089,513.020
6090,513.090
6091,513.168
6092,513.264
6093,513.337
6094,513.441
6095,513.527
6096,514.184
6097,514.256
6098,514.927
6099,515.037
6100,515.663
6101,515.735
6102,515.772
6103,515.817
6104,516.550
6105,516.596
6106,517.261
6107,517.304
6108,517.354
6109,517.425
6110,517.493
6111,517.541
6112,517.605
6113,518.304
6114,518.351
6115,519.039
6116,519.112
6117,519.173
6118,519.219
6119,519.923
6120,519.968
6121,520.802
6122,520.864
6123,521.568
6124,521.614
6125,522.374
6126,522.445
6127,523.237
6128,523.285
6129,524.073
6130,524.156
6131,524.953
6132,525.000
6133,525.587
6134,525.666
6135,525.705
6136,525.742
6137,525.781
6138,525.817
6139,525.875
6140,525.942
6141,526.004
6142,526.068
6143,526.136
6144,526.185
6145,526.229
6146,526.271
6147,526.310
6148,526.350
6149,526.391
6150,526.430
6151,526.472
6152,526.512
6153,526.553
6154,526.594
6155,526.636
6156,526.676
6157,526.716
6158,526.755
6159,526.794
6160,526.838
6161,526.903
6162,526.966
6163,527.604
6164,528.166
6165,528.232
6166,528.301
6167,528.370
6168,528.441
6169,528.501
6170,528.555
6171,528.661
6172,528.749
6173,529.484
6174,529.555
6175,530.224
6176,530.294
6177,530.969
6178,531.038
6179,531.102
6180,531.848
6181,531.894
6182,532.508
6183,532.608
6184,532.697
6185,532.761
6186,532.808
6187,532.870
6188,533.562
6189,533.608
6190,534.231
6191,534.340
6192,534.406
6193,534.455
6194,535.164
6195,535.210
6196,536.012
6197,536.092
6198,536.802
6199,536.849
6200,537.598
6201,537.671
6202,538.501
6203,538.551
6204,539.381
6205,539.465
6206,540.375
6207,540.425
6208,541.022
6209,541.104
6210,541.146
6211,541.190
6212,541.232
6213,541.279
6214,541.349
6215,541.416
6216,541.480
6217,541.547
6218,541.612
6219,541.657
6220,541.702
6221,541.746
6222,541.793
6223,541.839
6224,541.881
6225,541.925
6226,541.966
6227,542.009
6228,542.053
6229,542.098
6230,542.140
6231,542.183
6232,542.226
6233,542.268
6234,542.317
6235,542.387
6236,542.456
6237,542.523
6238,543.195
6239,543.822
6240,543.900
6241,543.976
6242,544.051
6243,544.124
6244,544.211
6245,544.294
6246,544.405
6247,544.504
6248,545.217
6249,545.294
6250,546.026
6251,546.142
6252,546.777
6253,546.849
6254,546.921
6255,547.695
6256,547.749
6257,548.596
6258,548.641
6259,549.342
6260,549.388
6261,550.026
6262,550.139
6263,550.225
6264,550.311
6265,551.084
6266,551.133
6267,551.727
6268,551.834
6269,551.925
6270,552.001
6271,552.785
6272,552.833
6273,553.639
6274,553.721
6275,554.577
6276,554.625
6277,555.371
6278,555.418
6279,556.358
6280,556.407
6281,557.236
6282,557.288
6283,558.207
6284,558.259
6285,558.897
6286,558.981
6287,559.023
6288,559.065
6289,559.107
6290,559.152
6291,559.195
6292,559.237
6293,559.302
6294,559.369
6295,559.432
6296,559.496
6297,559.568
6298,559.616
6299,559.660
6300,559.702
6301,559.744
6302,559.787
6303,559.829
6304,559.870
6305,559.914
6306,559.955
6307,559.999
6308,560.040
6309,560.081
6310,560.123
6311,560.165
6312,560.206
6313,560.247
6314,560.305
6315,561.018
6316,561.613
6317,561.683
6318,561.752
6319,561.821
6320,561.891
6321,561.955
6322,562.004
6323,562.094
6324,562.190
6325,562.994
6326,563.067
6327,563.794
6328,563.869
6329,564.581
6330,564.652
6331,564.720
6332,565.501
6333,565.552
6334,566.207
6335,566.313
6336,566.408
6337,566.475
6338,566.530
6339,566.605
6340,567.373
6341,567.422
6342,568.117
6343,568.216
6344,568.283
6345,568.972
6346,569.018
6347,569.839
6348,569.916
6349,570.690
6350,570.737
6351,571.520
6352,571.598
6353,572.408
6354,572.454
6355,573.255
6356,573.311
6357,574.268
6358,574.318
6359,575.036
6360,575.083
6361,575.821
6362,575.898
6363,575.938
6364,575.977
6365,576.017
6366,576.055
6367,576.094
6368,576.134
6369,576.174
6370,576.211
6371,576.251
6372,576.291
6373,576.330
6374,576.369
6375,576.410
6376,576.451
6377,576.493
6378,576.562
6379,576.628
6380,576.691
6381,576.755
6382,576.821
6383,576.862
6384,576.904
6385,576.943
6386,576.983
6387,577.023
6388,577.064
6389,577.104
6390,577.146
6391,577.754
6392,578.483
6393,578.594
6394,578.666
6395,578.735
6396,578.805
6397,578.869
6398,578.916
6399,578.988
6400,579.050
6401,579.794
6402,579.903
6403,580.711
6404,580.784
6405,581.367
6406,581.442
6407,581.514
6408,582.481
6409,582.532
6410,583.121
6411,583.195
6412,583.264
6413,583.330
6414,583.395
6415,583.497
6416,584.345
6417,584.392
6418,584.965
6419,585.038
6420,585.101
6421,585.159
6422,586.051
6423,586.099
6424,586.837
6425,586.885
6426,587.773
6427,587.821
6428,588.556
6429,588.611
6430,589.546
6431,589.597
6432,590.429
6433,590.478
6434,591.329
6435,591.391
6436,591.983
6437,592.064
6438,592.101
6439,592.140
6440,592.180
6441,592.218
6442,592.256
6443,592.296
6444,592.334
6445,592.371
6446,592.431
6447,592.497
6448,592.559
6449,592.624
6450,592.691
6451,592.735
6452,592.776
6453,592.815
6454,592.854
6455,592.894
6456,592.933
6457,592.972
6458,593.010
6459,593.049
6460,593.088
6461,593.128
6462,593.167
6463,593.206
6464,593.246
6465,593.285
6466,594.011
6467,594.611
6468,594.680
6469,594.748
6470,594.817
6471,594.887
6472,594.948
6473,595.000
6474,595.074
6475,595.151
6476,595.981
6477,596.052
6478,596.767
6479,596.843
6480,597.696
6481,597.743
6482,597.789
6483,598.373
6484,598.442
6485,599.380
6486,599.444
6487,600.040
6488,600.113
6489,600.183
6490,600.250
6491,600.300
6492,600.365
6493,600.424
6494,600.499
6495,600.577
6496,600.685
6497,600.778
6498,600.859
6499,601.642
6500,601.689
6501,602.527
6502,602.609
6503,603.484
6504,603.532
6505,604.335
6506,604.420
6507,605.298
6508,605.350
6509,606.274
6510,606.363
6511,607.219
6512,607.268
6513,607.937
6514,608.020
6515,608.061
6516,608.111
6517,608.185
6518,608.251
6519,608.320
6520,608.391
6521,608.446
6522,608.490
6523,608.532
6524,608.576
6525,608.621
6526,608.662
6527,608.703
6528,608.748
6529,608.789
6530,608.832
6531,608.876
6532,608.920
6533,608.964
6534,609.009
6535,609.051
6536,609.105
6537,609.177
6538,609.244
6539,609.311
6540,609.383
6541,609.430
6542,609.475
6543,610.073
6544,610.705
6545,610.783
6546,610.889
6547,611.008
6548,611.106
6549,611.198
6550,611.253
6551,611.325
6552,611.389
6553,612.120
6554,612.194
6555,613.078
6556,613.156
6557,613.760
6558,613.838
6559,613.912
6560,614.927
6561,614.979
6562,615.587
6563,615.658
6564,615.732
6565,615.798
6566,615.849
6567,615.916
6568,616.880
6569,616.928
6570,617.571
6571,617.647
6572,617.711
6573,617.762
6574,618.741
6575,618.792
6576,619.587
6577,619.644
6578,620.592
6579,620.647
6580,621.440
6581,621.491
6582,622.408
6583,622.486
6584,623.356
6585,623.411
6586,624.297
6587,624.378
6588,625.026
6589,625.105
6590,625.145
6591,625.185
6592,625.227
6593,625.270
6594,625.312
6595,625.355
6596,625.396
6597,625.437
6598,625.508
6599,625.578
6600,625.643
6601,625.710
6602,625.774
6603,625.819
6604,625.862
6605,625.904
6606,625.950
6607,625.995
6608,626.045
6609,626.088
6610,626.131
6611,626.177
6612,626.221
6613,626.265
6614,626.309
6615,626.354
6616,626.397
6617,626.441
6618,627.246
6619,627.942
6620,628.020
6621,628.093
6622,628.180
6623,628.263
6624,628.331
6625,628.381
6626,628.494
6627,628.593
6628,629.434
6629,629.513
6630,630.281
6631,630.388
6632,631.138
6633,631.212
6634,631.288
6635,632.170
6636,632.236
6637,632.994
6638,633.063
6639,633.135
6640,633.203
6641,633.253
6642,633.319
6643,634.151
6644,634.232
6645,634.927
6646,635.003
6647,635.071
6648,635.120
6649,636.000
6650,636.090
6651,637.118
6652,637.174
6653,638.068
6654,638.153
6655,639.142
6656,639.196
6657,640.113
6658,640.184
6659,641.321
6660,641.379
6661,642.217
6662,642.275
6663,643.118
6664,643.201
6665,643.247
6666,643.298
6667,643.344
6668,643.392
6669,643.440
6670,643.487
6671,643.535
6672,643.584
6673,643.632
6674,643.679
6675,643.741
6676,643.775
6677,643.833
6678,643.909
6679,643.981
6680,644.053
6681,644.129
6682,644.190
6683,644.241
6684,644.291
6685,644.341
6686,644.392
6687,644.442
6688,644.489
6689,644.538
6690,644.586
6691,644.634
6692,644.685
6693,645.413
6694,646.203
6695,646.281
6696,646.358
6697,646.434
6698,646.510
6699,646.579
6700,646.632
6701,646.708
6702,646.778
6703,647.758
6704,647.844
6705,648.687
6706,648.773
6707,649.526
6708,649.646
6709,649.748
6710,650.667
6711,650.724
6712,651.458
6713,651.572
6714,651.685
6715,651.760
6716,651.815
6717,651.886
6718,652.747
6719,652.804
6720,653.620
6721,653.703
6722,653.775
6723,653.841
6724,654.711
6725,654.768
6726,655.799
6727,655.853
6728,656.723
6729,656.780
6730,657.809
6731,657.863
6732,658.754
6733,658.811
6734,659.957
6735,660.021
6736,660.860
6737,660.917
6738,661.785
6739,661.892
6740,661.940
6741,661.985
6742,662.031
6743,662.079
6744,662.127
6745,662.174
6746,662.220
6747,662.265
6748,662.311
6749,662.359
6750,662.407
6751,662.455
6752,662.505
6753,662.553
6754,662.613
6755,662.691
6756,662.764
6757,662.839
6758,662.918
6759,662.976
6760,663.028
6761,663.077
6762,663.127
6763,663.178
6764,663.227
6765,663.274
6766,663.320
6767,663.366
6768,664.056
6769,664.913
6770,664.993
6771,665.069
6772,665.152
6773,665.231
6774,665.300
6775,665.354
6776,665.435
6777,665.507
6778,666.458
6779,666.554
6780,667.380
6781,667.463
6782,668.188
6783,668.303
6784,668.430
6785,669.396
6786,669.455
6787,670.256
6788,670.379
6789,670.508
6790,670.603
6791,670.667
6792,670.746
6793,671.695
6794,671.752
6795,672.592
6796,672.684
6797,672.756
6798,672.813
6799,673.719
6800,673.777
6801,674.840
6802,674.898
6803,675.816
6804,675.875
6805,676.933
6806,676.988
6807,677.918
6808,677.979
6809,679.130
6810,679.193
6811,680.071
6812,680.127
6813,680.992
6814,681.089
6815,681.137
6816,681.183
6817,681.229
6818,681.276
6819,681.321
6820,681.366
6821,681.415
6822,681.463
6823,681.514
6824,681.564
6825,681.613
6826,681.663
6827,681.713
6828,681.774
6829,681.852
6830,681.927
6831,682.002
6832,682.085
6833,682.139
6834,682.192
6835,682.241
6836,682.292
6837,682.342
6838,682.391
6839,682.439
6840,682.488
6841,682.536
6842,682.588
6843,683.354
6844,684.182
6845,684.268
6846,684.351
6847,684.428
6848,684.515
6849,684.602
6850,684.660
6851,684.746
6852,684.819
6853,685.828
6854,685.910
6855,686.788
6856,686.879
6857,687.773
6858,687.862
6859,687.945
6860,688.971
6861,689.034
6862,689.926
6863,690.014
6864,690.098
6865,690.177
6866,690.237
6867,690.316
6868,691.288
6869,691.385
6870,692.192
6871,692.285
6872,692.377
6873,692.435
6874,693.415
6875,693.509
6876,694.503
6877,694.560
6878,695.498
6879,695.590
6880,696.586
6881,696.642
6882,697.628
6883,697.719
6884,698.811
6885,698.873
6886,699.911
6887,700.005
6888,700.768
6889,700.854
6890,700.903
6891,700.951
6892,700.998
6893,701.047
6894,701.097
6895,701.145
6896,701.194
6897,701.242
6898,701.319
6899,701.399
6900,701.476
6901,701.554
6902,701.624
6903,701.677
6904,701.728
6905,701.780
6906,701.832
6907,701.882
6908,701.930
6909,701.977
6910,702.025
6911,702.075
6912,702.127
6913,702.178
6914,702.229
6915,702.279
6916,702.331
6917,702.417
6918,703.274
6919,703.999
6920,704.083
6921,704.168
6922,704.255
6923,704.342
6924,704.451
6925,704.547
6926,704.677
6927,704.795
6928,705.653
6929,705.736
6930,706.726
6931,706.860
6932,707.577
6933,707.655
6934,707.737
6935,708.842
6936,708.941
6937,709.687
6938,709.773
6939,709.863
6940,709.945
6941,710.008
6942,710.087
6943,711.224
6944,711.282
6945,712.017
6946,712.102
6947,712.179
6948,712.239
6949,713.344
6950,713.401
6951,714.341
6952,714.402
6953,715.489
6954,715.546
6955,716.480
6956,716.541
6957,717.655
6958,717.719
6959,718.760
6960,718.820
6961,719.905
6962,719.967
6963,720.736
6964,720.828
6965,720.878
6966,720.929
6967,720.979
6968,721.051
6969,721.134
6970,721.211
6971,721.291
6972,721.370
6973,721.425
6974,721.478
6975,721.529
6976,721.586
6977,721.638
6978,721.690
6979,721.742
6980,721.794
6981,721.843
6982,721.893
6983,721.943
6984,721.992
6985,722.043
6986,722.093
6987,722.157
6988,722.240
6989,722.316
6990,722.394
6991,722.479
6992,722.532
6993,723.253
6994,723.979
6995,724.060
6996,724.179
6997,724.295
6998,724.414
6999,724.509
7000,724.569
7001,724.652
7002,724.723
7003,725.561
7004,725.648
7005,726.699
7006,726.788
7007,727.502
7008,727.585
7009,727.670
7010,728.773
7011,728.830
7012,729.511
7013,729.592
7014,729.674
7015,729.753
7016,729.846
7017,729.955
7018,730.947
7019,731.003
7020,731.714
7021,731.825
7022,731.936
7023,732.023
7024,733.006
7025,733.064
7026,734.101
7027,734.197
7028,735.173
7029,735.236
7030,736.330
7031,736.424
7032,737.412
7033,737.474
7034,738.691
7035,738.771
7036,739.669
7037,739.728
7038,740.620
7039,740.756
7040,740.810
7041,740.863
7042,740.916
7043,740.969
7044,741.024
7045,741.077
7046,741.130
7047,741.184
7048,741.237
7049,741.290
7050,741.343
7051,741.399
7052,741.453
7053,741.506
7054,741.581
7055,741.680
7056,741.760
7057,741.841
7058,741.928
7059,741.983
7060,742.036
7061,742.088
7062,742.141
7063,742.194
7064,742.246
7065,742.299
7066,742.351
7067,742.402
7068,743.181
7069,743.294
7070,744.127
7071,744.178
7072,744.888
7073,744.936
7074,744.985
7075,745.041
7076,745.132
7077,745.257
7078,745.372
7079,745.497
7080,745.579
7081,745.637
7082,745.717
7083,745.788
7084,746.665
7085,746.751
7086,747.830
7087,747.919
7088,748.638
7089,748.721
7090,748.806
7091,750.003
7092,750.061
7093,750.770
7094,750.852
7095,750.942
7096,751.057
7097,751.143
7098,751.252
7099,752.194
7100,752.254
7101,753.061
7102,754.032
7103,754.090
7104,754.145
7105,754.869
7106,756.038
7107,756.099
7108,757.078
7109,757.138
7110,758.323
7111,758.388
7112,759.453
7113,759.514
7114,760.744
7115,760.809
7116,761.915
7117,762.023
7118,763.114
7119,763.173
7120,763.974
7121,764.065
7122,764.123
7123,764.206
7124,764.286
7125,764.365
7126,764.448
7127,764.511
7128,764.565
7129,764.615
7130,764.669
7131,764.722
7132,764.773
7133,764.824
7134,764.875
7135,764.925
7136,764.977
7137,765.028
7138,765.081
7139,765.135
7140,765.187
7141,765.236
7142,765.316
7143,765.396
7144,765.473
7145,765.552
7146,765.622
7147,765.675
7148,765.726
7149,765.775
7150,766.529
7151,767.325
7152,767.444
7153,767.569
7154,767.665
7155,767.751
7156,767.822
7157,767.880
7158,767.961
7159,768.033
7160,768.965
7161,769.090
7162,770.060
7163,770.147
7164,770.905
7165,771.029
7166,771.152
7167,772.243
7168,772.302
7169,773.070
7170,773.191
7171,773.314
7172,773.413
7173,773.475
7174,773.548
7175,774.501
7176,774.561
7177,775.451
7178,776.271
7179,776.322
7180,776.372
7181,777.154
7182,778.226
7183,778.284
7184,779.264
7185,779.356
7186,780.363
7187,780.421
7188,781.430
7189,781.526
7190,782.520
7191,782.578
7192,783.774
7193,783.837
7194,784.742
7195,784.803
7196,785.677
7197,785.813
7198,785.865
7199,785.915
7200,785.965
7201,786.015
7202,786.064
7203,786.112
7204,786.161
7205,786.209
7206,786.258
7207,786.309
7208,786.358
7209,786.412
7210,786.461
7211,786.512
7212,786.594
7213,786.672
7214,786.749
7215,786.833
7216,786.892
7217,786.947
7218,786.997
7219,787.048
7220,787.102
7221,787.154
7222,787.204
7223,787.255
7224,787.306
7225,787.360
7226,788.190
7227,789.053
7228,789.139
7229,789.222
7230,790.223
7231,790.309
7232,791.128
7233,791.213
7234,791.272
7235,791.355
7236,791.429
7237,792.450
7238,792.569
7239,793.508
7240,793.596
7241,794.398
7242,794.516
7243,794.615
7244,795.626
7245,795.690
7246,796.583
7247,796.685
7248,796.767
7249,796.839
7250,796.898
7251,796.970
7252,797.946
7253,798.040
7254,798.866
7255,798.978
7256,799.072
7257,799.130
7258,800.215
7259,800.309
7260,801.308
7261,801.367
7262,802.497
7263,802.565
7264,803.545
7265,803.607
7266,804.762
7267,804.823
7268,805.895
7269,805.961
7270,807.070
7271,807.130
7272,807.905
7273,807.996
7274,808.044
7275,808.123
7276,808.206
7277,808.284
7278,808.363
7279,808.431
7280,808.484
7281,808.533
7282,808.583
7283,808.636
7284,808.684
7285,808.732
7286,808.781
7287,808.830
7288,808.881
7289,808.933
7290,808.986
7291,809.039
7292,809.090
7293,809.165
7294,809.254
7295,809.336
7296,809.421
7297,809.500
7298,809.559
7299,809.616
7300,809.670
7301,809.725
7302,810.557
7303,811.474
7304,811.601
7305,811.691
7306,811.775
7307,811.866
7308,811.942
7309,812.003
7310,812.091
7311,812.166
7312,813.210
7313,813.334
7314,814.277
7315,814.368
7316,815.271
7317,815.399
7318,815.516
7319,816.616
7320,816.678
7321,817.609
7322,817.720
7323,817.813
7324,817.900
7325,817.968
7326,818.053
7327,819.191
7328,819.296
7329,820.202
7330,820.291
7331,820.371
7332,820.433
7333,821.577
7334,821.675
7335,822.740
7336,822.806
7337,824.017
7338,824.088
7339,825.093
7340,825.156
7341,826.345
7342,826.408
7343,827.492
7344,827.569
7345,828.707
7346,828.770
7347,829.618
7348,829.708
7349,829.771
7350,829.856
7351,829.945
7352,830.026
7353,830.110
7354,830.166
7355,830.220
7356,830.273
7357,830.330
7358,830.389
7359,830.445
7360,830.497
7361,830.549
7362,830.603
7363,830.657
7364,830.710
7365,830.765
7366,830.818
7367,830.871
7368,830.960
7369,831.042
7370,831.123
7371,831.211
7372,831.274
7373,831.333
7374,831.390
7375,831.446
7376,831.501
7377,832.319
7378,833.272
7379,833.390
7380,833.480
7381,833.564
7382,833.657
7383,833.747
7384,833.810
7385,833.897
7386,833.972
7387,835.061
7388,835.182
7389,836.154
7390,836.241
7391,837.133
7392,837.255
7393,837.348
7394,838.433
7395,838.496
7396,839.451
7397,839.536
7398,839.627
7399,839.712
7400,839.782
7401,839.871
7402,840.987
7403,841.086
7404,841.934
7405,842.028
7406,842.120
7407,842.180
7408,843.386
7409,843.454
7410,844.461
7411,844.523
7412,845.696
7413,845.757
7414,846.756
7415,846.818
7416,848.024
7417,848.086
7418,849.257
7419,849.361
7420,850.433
7421,850.492
7422,851.316
7423,851.458
7424,851.537
7425,851.619
7426,851.698
7427,851.753
7428,851.806
7429,851.861
7430,851.916
7431,851.969
7432,852.023
7433,852.076
7434,852.130
7435,852.184
7436,852.237
7437,852.286
7438,852.345
7439,852.399
7440,852.456
7441,852.541
7442,852.625
7443,852.710
7444,852.804
7445,852.869
7446,852.932
7447,852.986
7448,853.044
7449,853.100
7450,853.154
7451,853.208
7452,854.079
7453,855.105
7454,855.195
7455,855.291
7456,855.383
7457,855.475
7458,855.556
7459,855.618
7460,855.708
7461,855.791
7462,856.977
7463,857.071
7464,858.090
7465,858.182
7466,859.165
7467,859.252
7468,859.345
7469,860.473
7470,860.573
7471,861.461
7472,861.546
7473,861.631
7474,861.712
7475,861.773
7476,861.858
7477,863.028
7478,863.087
7479,863.860
7480,864.802
7481,864.887
7482,864.974
7483,865.737
7484,866.790
7485,866.880
7486,867.930
7487,867.990
7488,869.119
7489,869.203
7490,870.214
7491,870.279
7492,871.534
7493,871.597
7494,872.736
7495,872.824
7496,873.970
7497,874.031
7498,874.889
7499,874.982
7500,875.068
7501,875.151
7502,875.232
7503,875.318
7504,875.386
7505,875.440
7506,875.493
7507,875.547
7508,875.602
7509,875.655
7510,875.708
7511,875.759
7512,875.810
7513,875.863
7514,875.917
7515,875.973
7516,876.026
7517,876.079
7518,876.151
7519,876.238
7520,876.318
7521,876.402
7522,876.482
7523,876.538
7524,876.592
7525,876.645
7526,876.698
7527,876.751
7528,877.561
7529,878.517
7530,878.606
7531,878.689
7532,878.773
7533,878.860
7534,878.936
7535,878.994
7536,879.078
7537,879.156
7538,880.285
7539,880.379
7540,881.402
7541,881.497
7542,882.462
7543,882.554
7544,882.642
7545,883.755
7546,883.833
7547,884.818
7548,884.906
7549,884.996
7550,885.073
7551,885.133
7552,885.210
7553,886.376
7554,886.457
7555,887.249
7556,887.343
7557,887.440
7558,887.500
7559,888.704
7560,888.770
7561,889.820
7562,889.880
7563,891.100
7564,891.161
7565,892.209
7566,892.309
7567,893.451
7568,893.512
7569,894.816
7570,894.885
7571,895.887
7572,895.947
7573,896.908
7574,897.011
7575,897.065
7576,897.120
7577,897.175
7578,897.226
7579,897.278
7580,897.329
7581,897.382
7582,897.436
7583,897.489
7584,897.544
7585,897.603
7586,897.656
7587,897.728
7588,897.818
7589,897.904
7590,897.995
7591,898.071
7592,898.129
7593,898.184
7594,898.238
7595,898.295
7596,898.349
7597,898.406
7598,898.459
7599,898.515
7600,898.572
7601,898.628
7602,898.686
7603,899.706
7604,900.569
7605,900.661
7606,900.751
7607,900.840
7608,900.936
7609,901.036
7610,901.138
7611,901.273
7612,901.396
7613,902.449
7614,902.538
7615,903.746
7616,903.844
7617,904.712
7618,904.803
7619,904.895
7620,906.280
7621,906.349
7622,907.233
7623,907.320
7624,907.413
7625,907.519
7626,907.621
7627,907.740
7628,908.855
7629,908.921
7630,909.818
7631,909.957
7632,910.086
7633,910.154
7634,911.235
7635,911.300
7636,912.518
7637,912.583
7638,913.625
7639,913.715
7640,914.876
7641,914.936
7642,916.082
7643,916.185
7644,917.351
7645,917.420
7646,918.606
7647,918.667
7648,919.582
7649,919.680
7650,919.739
7651,919.795
7652,919.881
7653,919.972
7654,920.059
7655,920.152
7656,920.218
7657,920.277
7658,920.332
7659,920.392
7660,920.449
7661,920.506
7662,920.562
7663,920.618
7664,920.675
7665,920.733
7666,920.791
7667,920.850
7668,920.905
7669,920.997
7670,921.088
7671,921.177
7672,921.263
7673,921.323
7674,921.381
7675,921.441
7676,921.503
7677,921.562
7678,922.474
7679,923.560
7680,923.652
7681,923.742
7682,923.831
7683,923.918
7684,923.999
7685,924.066
7686,924.161
7687,924.244
7688,925.473
7689,925.563
7690,926.761
7691,926.911
7692,927.818
7693,927.906
7694,927.996
7695,929.377
7696,929.447
7697,930.341
7698,930.430
7699,930.552
7700,930.677
7701,930.782
7702,930.899
7703,932.014
7704,932.079
7705,933.351
7706,933.415
7707,934.527
7708,934.669
7709,935.654
7710,936.876
7711,936.978
7712,938.164
7713,938.231
7714,939.579
7715,939.648
7716,940.824
7717,940.928
7718,942.240
7719,942.306
7720,943.655
7721,943.724
7722,944.851
7723,944.915
7724,945.930
7725,946.021
7726,946.076
7727,946.131
7728,946.184
7729,946.237
7730,946.288
7731,946.340
7732,946.395
7733,946.447
7734,946.502
7735,946.555
7736,946.622
7737,946.711
7738,946.793
7739,946.878
7740,946.959
7741,947.015
7742,947.069
7743,947.122
7744,947.177
7745,947.232
7746,947.284
7747,947.337
7748,947.391
7749,947.445
7750,947.498
7751,947.552
7752,947.607
7753,947.659
7754,948.656
7755,949.497
7756,949.584
7757,949.670
7758,949.753
7759,949.863
7760,949.980
7761,950.071
7762,950.198
7763,950.280
7764,951.268
7765,951.355
7766,952.544
7767,952.639
7768,953.471
7769,953.559
7770,953.645
7771,954.951
7772,955.015
7773,955.845
7774,955.962
7775,956.091
7776,956.213
7777,956.308
7778,956.392
7779,957.458
7780,957.523
7781,958.740
7782,958.805
7783,959.647
7784,959.742
7785,959.807
7786,961.051
7787,961.110
7788,962.222
7789,962.320
7790,963.445
7791,963.508
7792,964.741
7793,964.810
7794,965.945
7795,966.014
7796,967.410
7797,967.477
7798,968.565
7799,968.664
7800,969.642
7801,969.742
7802,969.796
7803,969.852
7804,969.907
7805,969.962
7806,970.016
7807,970.071
7808,970.126
7809,970.184
7810,970.275
7811,970.361
7812,970.447
7813,970.534
7814,970.592
7815,970.649
7816,970.703
7817,970.764
7818,970.823
7819,970.881
7820,970.938
7821,970.995
7822,971.052
7823,971.108
7824,971.168
7825,971.226
7826,971.281
7827,971.359
7828,971.452
7829,971.541
7830,972.539
7831,973.419
7832,973.507
7833,973.626
7834,973.760
7835,973.892
7836,974.002
7837,974.070
7838,974.158
7839,974.240
7840,975.296
7841,975.408
7842,976.617
7843,976.710
7844,977.580
7845,977.708
7846,977.840
7847,979.188
7848,979.258
7849,980.221
7850,980.359
7851,980.458
7852,980.543
7853,980.615
7854,980.700
7855,981.877
7856,981.980
7857,982.922
7858,983.012
7859,983.090
7860,983.151
7861,984.414
7862,984.484
7863,985.568
7864,985.634
7865,986.857
7866,986.922
7867,987.991
7868,988.094
7869,989.304
7870,989.366
7871,990.711
7872,990.780
7873,991.858
7874,991.921
7875,992.980
7876,993.073
7877,993.124
7878,993.177
7879,993.230
7880,993.284
7881,993.337
7882,993.392
7883,993.449
7884,993.504
7885,993.560
7886,993.613
7887,993.671
7888,993.759
7889,993.843
7890,993.929
7891,994.017
7892,994.074
7893,994.130
7894,994.185
7895,994.241
7896,994.295
7897,994.348
7898,994.402
7899,994.459
7900,994.512
7901,994.567
7902,994.621
7903,994.676
7904,994.729
7905,995.791
7906,996.682
7907,996.770
7908,996.861
7909,996.968
7910,997.079
7911,997.204
7912,997.301
7913,997.439
7914,997.524
7915,997.595
7916,997.693
7917,998.732
7918,998.844
7919,999.841
7920,999.930
7921,1000.017
7922,1001.287
7923,1001.397
7924,1002.283
7925,1002.368
7926,1002.457
7927,1002.538
7928,1002.603
7929,1002.686
7930,1003.948
7931,1004.012
7932,1004.859
7933,1004.948
7934,1005.069
7935,1005.165
7936,1006.323
7937,1006.384
7938,1007.625
7939,1007.687
7940,1008.753
7941,1008.817
7942,1010.054
7943,1010.115
7944,1011.295
7945,1011.401
7946,1012.708
7947,1012.782
7948,1014.052
7949,1014.122
7950,1015.025
7951,1015.122
7952,1015.179
7953,1015.234
7954,1015.318
7955,1015.409
7956,1015.493
7957,1015.585
7958,1015.654
7959,1015.710
7960,1015.764
7961,1015.819
7962,1015.875
7963,1015.929
7964,1015.984
7965,1016.039
7966,1016.094
7967,1016.151
7968,1016.206
7969,1016.266
7970,1016.323
7971,1016.388
7972,1016.479
7973,1016.566
7974,1016.653
7975,1016.737
7976,1016.796
7977,1016.852
7978,1016.906
7979,1016.963
7980,1017.847
7981,1018.912
7982,1019.008
7983,1019.100
7984,1019.193
7985,1019.282
7986,1019.365
7987,1019.431
7988,1020.657
7989,1020.780
7990,1021.843
7991,1021.939
7992,1023.217
7993,1023.316
7994,1024.198
7995,1024.288
7996,1024.378
7997,1025.782
7998,1025.849
7999,1026.752
8000,1026.891
8001,1027.024
8002,1027.146
8003,1027.214
8004,1027.298
8005,1028.517
8006,1028.589
8007,1029.642
8008,1029.733
8009,1029.814
8010,1029.879
8011,1031.131
8012,1031.234
8013,1032.396
8014,1032.464
8015,1033.742
8016,1033.805
8017,1034.902
8018,1034.977
8019,1036.266
8020,1036.331
8021,1037.721
8022,1037.796
8023,1038.884
8024,1038.950
8025,1040.115
8026,1040.213
8027,1040.273
8028,1040.330
8029,1040.388
8030,1040.447
8031,1040.505
8032,1040.564
8033,1040.624
8034,1040.686
8035,1040.745
8036,1040.821
8037,1040.918
8038,1041.009
8039,1041.104
8040,1041.178
8041,1041.238
8042,1041.298
8043,1041.360
8044,1041.421
8045,1041.480
8046,1041.540
8047,1041.599
8048,1041.659
8049,1041.718
8050,1041.780
8051,1041.839
8052,1041.912
8053,1042.005
8054,1042.096
8055,1043.118
8056,1044.100
8057,1044.236
8058,1044.373
8059,1044.490
8060,1044.584
8061,1044.667
8062,1044.737
8063,1044.831
8064,1044.913
8065,1046.181
8066,1046.288
8067,1047.449
8068,1047.545
8069,1048.694
8070,1048.787
8071,1048.881
8072,1050.330
8073,1050.414
8074,1051.383
8075,1051.474
8076,1051.565
8077,1051.647
8078,1051.733
8079,1051.860
8080,1053.171
8081,1053.243
8082,1054.398
8083,1054.510
8084,1054.597
8085,1054.668
8086,1055.939
8087,1056.046
8088,1057.338
8089,1057.409
8090,1058.810
8091,1058.886
8092,1060.184
8093,1060.293
8094,1061.627
8095,1061.698
8096,1063.111
8097,1063.180
8098,1064.431
8099,1064.536
8100,1065.616
8101,1065.715
8102,1065.772
8103,1065.831
8104,1065.891
8105,1065.952
8106,1066.010
8107,1066.096
8108,1066.190
8109,1066.280
8110,1066.378
8111,1066.439
8112,1066.499
8113,1066.560
8114,1066.622
8115,1066.682
8116,1066.743
8117,1066.804
8118,1066.866
8119,1066.928
8120,1066.989
8121,1067.058
8122,1067.117
8123,1067.200
8124,1067.298
8125,1067.390
8126,1067.492
8127,1067.560
8128,1067.626
8129,1067.688
8130,1068.717
8131,1069.883
8132,1069.979
8133,1070.073
8134,1070.167
8135,1070.260
8136,1070.347
8137,1070.418
8138,1070.516
8139,1070.605
8140,1071.964
8141,1072.031
8142,1072.098
8143,1073.673
8144,1073.750
8145,1074.934
8146,1075.082
8147,1076.138
8148,1076.230
8149,1076.324
8150,1077.809
8151,1077.883
8152,1078.865
8153,1078.960
8154,1079.092
8155,1079.221
8156,1079.329
8157,1079.445
8158,1080.719
8159,1080.791
8160,1081.961
8161,1082.054
8162,1082.136
8163,1082.203
8164,1083.605
8165,1083.678
8166,1084.903
8167,1084.971
8168,1086.364
8169,1086.435
8170,1087.899
8171,1087.974
8172,1089.324
8173,1089.422
8174,1090.883
8175,1090.955
8176,1092.426
8177,1092.498
8178,1093.501
8179,1093.610
8180,1093.670
8181,1093.726
8182,1093.794
8183,1093.888
8184,1093.977
8185,1094.066
8186,1094.147
8187,1094.207
8188,1094.266
8189,1094.329
8190,1094.390
8191,1094.447
8192,1094.504
8193,1094.561
8194,1094.619
8195,1094.675
8196,1094.731
8197,1094.789
8198,1094.844
8199,1094.921
8200,1095.013
8201,1095.100
8202,1095.191
8203,1095.262
8204,1095.322
8205,1095.379
8206,1095.439
8207,1095.498
8208,1096.444
8209,1097.585
8210,1097.676
8211,1097.771
8212,1097.865
8213,1097.957
8214,1098.038
8215,1098.107
8216,1099.411
8217,1099.504
8218,1100.468
8219,1100.573
8220,1101.887
8221,1101.988
8222,1102.912
8223,1103.003
8224,1103.130
8225,1104.573
8226,1104.647
8227,1105.700
8228,1105.841
8229,1105.946
8230,1106.031
8231,1106.103
8232,1106.189
8233,1107.433
8234,1107.539
8235,1108.543
8236,1108.636
8237,1108.721
8238,1108.789
8239,1110.158
8240,1110.224
8241,1111.416
8242,1111.505
8243,1112.812
8244,1112.878
8245,1114.210
8246,1114.285
8247,1115.503
8248,1115.573
8249,1116.672
8250,1116.779
8251,1117.934
8252,1118.023
8253,1119.125
8254,1119.224
8255,1119.280
8256,1119.336
8257,1119.391
8258,1119.448
8259,1119.504
8260,1119.562
8261,1119.619
8262,1119.675
8263,1119.770
8264,1119.858
8265,1119.946
8266,1120.036
8267,1120.095
8268,1120.152
8269,1120.207
8270,1120.266
8271,1120.321
8272,1120.378
8273,1120.434
8274,1120.490
8275,1120.547
8276,1120.605
8277,1120.664
8278,1120.721
8279,1120.791
8280,1120.883
8281,1120.971
8282,1121.062
8283,1122.034
8284,1122.972
8285,1123.110
8286,1123.237
8287,1123.360
8288,1123.457
8289,1123.538
8290,1124.630
8291,1124.693
8292,1125.775
8293,1125.859
8294,1126.921
8295,1127.066
8296,1128.268
8297,1128.362
8298,1129.376
8299,1129.515
8300,1129.634
8301,1130.929
8302,1131.000
8303,1132.136
8304,1132.226
8305,1132.317
8306,1132.402
8307,1132.468
8308,1132.558
8309,1134.023
8310,1134.095
8311,1135.251
8312,1135.320
8313,1136.479
8314,1136.590
8315,1136.660
8316,1138.002
8317,1138.111
8318,1139.336
8319,1139.406
8320,1140.768
8321,1140.838
8322,1142.031
8323,1142.139
8324,1143.437
8325,1143.507
8326,1144.969
8327,1145.041
8328,1146.169
8329,1146.277
8330,1147.314
8331,1147.411
8332,1147.467
8333,1147.521
8334,1147.577
8335,1147.634
8336,1147.688
8337,1147.747
8338,1147.801
8339,1147.874
8340,1147.962
8341,1148.046
8342,1148.133
8343,1148.209
8344,1148.267
8345,1148.322
8346,1148.381
8347,1148.440
8348,1148.494
8349,1148.549
8350,1148.604
8351,1148.658
8352,1148.714
8353,1148.771
8354,1148.828
8355,1148.883
8356,1148.960
8357,1149.050
8358,1149.135
8359,1149.225
8360,1150.177
8361,1151.141
8362,1151.287
8363,1151.424
8364,1151.545
8365,1151.638
8366,1151.718
8367,1152.826
8368,1152.919
8369,1153.024
8370,1154.114
8371,1154.201
8372,1155.445
8373,1155.593
8374,1156.809
8375,1156.915
8376,1158.074
8377,1158.170
8378,1158.270
8379,1159.599
8380,1159.715
8381,1160.759
8382,1160.856
8383,1160.952
8384,1161.040
8385,1161.108
8386,1161.196
8387,1162.595
8388,1162.663
8389,1163.840
8390,1163.942
8391,1164.912
8392,1164.994
8393,1165.059
8394,1166.413
8395,1166.480
8396,1167.645
8397,1167.715
8398,1169.041
8399,1169.107
8400,1170.448
8401,1170.531
8402,1171.766
8403,1171.833
8404,1173.315
8405,1173.387
8406,1174.748
8407,1174.820
8408,1175.831
8409,1175.935
8410,1175.998
8411,1176.058
8412,1176.116
8413,1176.204
8414,1176.297
8415,1176.391
8416,1176.493
8417,1176.557
8418,1176.619
8419,1176.678
8420,1176.743
8421,1176.803
8422,1176.863
8423,1176.922
8424,1176.981
8425,1177.042
8426,1177.103
8427,1177.165
8428,1177.225
8429,1177.312
8430,1177.411
8431,1177.507
8432,1177.606
8433,1177.669
8434,1177.732
8435,1177.794
8436,1177.858
8437,1177.920
8438,1178.973
8439,1180.171
8440,1180.270
8441,1180.364
8442,1180.460
8443,1180.558
8444,1180.644
8445,1182.074
8446,1182.142
8447,1183.174
8448,1183.264
8449,1184.611
8450,1184.706
8451,1185.966
8452,1186.118
8453,1187.166
8454,1187.264
8455,1187.357
8456,1188.828
8457,1188.901
8458,1189.858
8459,1189.949
8460,1190.049
8461,1190.182
8462,1190.285
8463,1190.413
8464,1191.698
8465,1191.770
8466,1192.892
8467,1192.984
8468,1193.069
8469,1193.136
8470,1194.425
8471,1194.533
8472,1195.810
8473,1195.880
8474,1197.341
8475,1197.412
8476,1198.677
8477,1198.783
8478,1200.110
8479,1200.179
8480,1201.717
8481,1201.790
8482,1203.062
8483,1203.170
8484,1204.237
8485,1204.343
8486,1204.403
8487,1204.466
8488,1204.532
8489,1204.602
8490,1204.661
8491,1204.743
8492,1204.840
8493,1204.934
8494,1205.035
8495,1205.109
8496,1205.175
8497,1205.237
8498,1205.301
8499,1205.362
8500,1205.423
8501,1205.485
8502,1205.547
8503,1205.610
8504,1205.672
8505,1205.739
8506,1205.801
8507,1205.881
8508,1205.983
8509,1206.083
8510,1206.185
8511,1206.252
8512,1206.314
8513,1206.375
8514,1207.389
8515,1208.541
8516,1208.640
8517,1208.736
8518,1208.835
8519,1208.935
8520,1209.023
8521,1210.381
8522,1210.460
8523,1211.457
8524,1211.543
8525,1212.908
8526,1213.005
8527,1214.194
8528,1214.357
8529,1215.467
8530,1215.573
8531,1215.675
8532,1217.204
8533,1217.275
8534,1218.261
8535,1218.356
8536,1218.449
8537,1218.564
8538,1218.671
8539,1218.808
8540,1220.117
8541,1220.187
8542,1221.331
8543,1221.437
8544,1221.545
8545,1221.616
8546,1222.972
8547,1223.086
8548,1224.368
8549,1224.442
8550,1225.876
8551,1225.947
8552,1227.260
8553,1227.368
8554,1228.664
8555,1228.736
8556,1230.231
8557,1230.302
8558,1231.586
8559,1231.697
8560,1232.672
8561,1232.771
8562,1232.827
8563,1232.885
8564,1232.944
8565,1233.001
8566,1233.090
8567,1233.180
8568,1233.270
8569,1233.367
8570,1233.432
8571,1233.490
8572,1233.546
8573,1233.606
8574,1233.664
8575,1233.720
8576,1233.777
8577,1233.835
8578,1233.895
8579,1233.954
8580,1234.015
8581,1234.073
8582,1234.149
8583,1234.242
8584,1234.333
8585,1234.430
8586,1234.501
8587,1234.562
8588,1234.620
8589,1234.681
8590,1235.671
8591,1236.822
8592,1236.917
8593,1237.014
8594,1237.104
8595,1237.197
8596,1237.278
8597,1238.610
8598,1238.681
8599,1239.853
8600,1239.950
8601,1241.307
8602,1241.405
8603,1242.733
8604,1242.859
8605,1243.815
8606,1243.908
8607,1244.000
8608,1245.474
8609,1245.546
8610,1246.563
8611,1246.709
8612,1246.846
8613,1246.970
8614,1247.042
8615,1247.125
8616,1248.400
8617,1248.516
8618,1249.598
8619,1249.699
8620,1249.802
8621,1249.870
8622,1251.295
8623,1251.364
8624,1252.615
8625,1252.728
8626,1254.054
8627,1254.124
8628,1255.526
8629,1255.597
8630,1256.879
8631,1256.994
8632,1258.454
8633,1258.529
8634,1259.906
8635,1259.975
8636,1260.990
8637,1261.089
8638,1261.185
8639,1261.277
8640,1261.369
8641,1261.460
8642,1261.522
8643,1261.580
8644,1261.638
8645,1261.698
8646,1261.756
8647,1261.815
8648,1261.871
8649,1261.932
8650,1261.991
8651,1262.051
8652,1262.112
8653,1262.169
8654,1262.261
8655,1262.353
8656,1262.445
8657,1262.542
8658,1262.605
8659,1262.664
8660,1262.724
8661,1262.785
8662,1262.845
8663,1262.904
8664,1262.962
8665,1263.022
8666,1264.116
8667,1265.160
8668,1265.248
8669,1265.338
8670,1265.427
8671,1265.523
8672,1265.608
8673,1266.961
8674,1267.030
8675,1268.053
8676,1268.188
8677,1269.474
8678,1269.572
8679,1270.937
8680,1271.034
8681,1272.016
8682,1272.112
8683,1272.204
8684,1273.710
8685,1273.782
8686,1274.872
8687,1275.018
8688,1275.122
8689,1275.204
8690,1275.274
8691,1275.360
8692,1276.712
8693,1276.830
8694,1277.820
8695,1279.345
8696,1279.452
8697,1280.516
8698,1281.968
8699,1282.037
8700,1283.363
8701,1283.473
8702,1284.794
8703,1284.864
8704,1286.330
8705,1286.407
8706,1287.816
8707,1287.935
8708,1289.380
8709,1289.458
8710,1290.921
8711,1290.992
8712,1291.080
8713,1291.096
8714,1291.111
8715,1291.126
8716,1291.140
8717,1291.156
8718,1291.171
8719,1291.187
8720,1291.201
8721,1291.214
8722,1291.229
8723,1291.245
8724,1291.260
8725,1291.358
8726,1291.375
8727,1291.391
8728,1291.407
8729,1291.429
8730,1291.444
8731,1291.461
8732,1291.477
8733,1292.685
8734,1292.788
8735,1292.848
8736,1292.907
8737,1292.967
8738,1293.030
8739,1293.092
8740,1293.157
8741,1293.216
8742,1293.274
8743,1293.370
8744,1293.463
8745,1293.557
8746,1293.648
8747,1293.713
8748,1293.775
8749,1293.836
8750,1293.898
8751,1293.958
8752,1294.021
8753,1294.082
8754,1294.145
8755,1294.206
8756,1294.271
8757,1294.332
8758,1294.407
8759,1294.506
8760,1294.600
8761,1294.695
8762,1294.776
8763,1295.799
8764,1296.928
8765,1297.070
8766,1297.167
8767,1297.262
8768,1297.357
8769,1297.442
8770,1297.512
8771,1297.607
8772,1297.692
8773,1299.060
8774,1299.157
8775,1300.409
8776,1300.561
8777,1301.627
8778,1301.717
8779,1303.033
8780,1303.112
8781,1304.418
8782,1304.506
8783,1305.632
8784,1305.723
8785,1305.814
8786,1305.898
8787,1305.968
8788,1306.059
8789,1307.477
8790,1307.545
8791,1308.509
8792,1309.962
8793,1310.062
8794,1311.415
8795,1311.483
8796,1312.700
8797,1312.789
8798,1314.148
8799,1314.220
8800,1315.637
8801,1315.704
8802,1316.925
8803,1317.035
8804,1318.403
8805,1318.474
8806,1320.039
8807,1320.113
8808,1321.403
8809,1321.510
8810,1321.679
8811,1321.696
8812,1321.713
8813,1321.729
8814,1321.745
8815,1321.762
8816,1321.778
8817,1321.794
8818,1321.810
8819,1321.827
8820,1321.842
8821,1321.859
8822,1321.876
8823,1321.891
8824,1321.908
8825,1321.923
8826,1321.939
8827,1322.034
8828,1322.088
8829,1322.112
8830,1322.126
8831,1322.139
8832,1322.189
8833,1322.202
8834,1322.215
8835,1322.383
8836,1322.403
8837,1322.423
8838,1322.442
8839,1323.651
8840,1323.710
8841,1323.768
8842,1323.825
8843,1324.121
8844,1324.147
8845,1324.172
8846,1324.198
8847,1324.274
8848,1324.288
8849,1324.303
8850,1324.317
8851,1324.330
8852,1324.345
8853,1324.359
8854,1324.373
8855,1324.387
8856,1324.402
8857,1324.458
8858,1324.496
8859,1324.569
8860,1324.583
8861,1324.597
8862,1324.611
8863,1324.623
8864,1324.646
8865,1324.670
8866,1324.693
8867,1324.799
8868,1324.821
8869,1324.841
8870,1324.863
8871,1324.885
8872,1324.906
8873,1324.926
8874,1324.946
8875,1324.966
8876,1324.988
8877,1325.014
8878,1325.097
8879,1325.113
8880,1325.127
8881,1325.142
8882,1325.157
8883,1325.171
8884,1325.185
8885,1325.261
8886,1325.275
8887,1325.289
8888,1325.304
8889,1325.318
8890,1325.331
8891,1325.344
8892,1325.422
8893,1325.436
8894,1325.449
8895,1325.463
8896,1325.477
8897,1325.490
8898,1325.504
8899,1325.517
8900,1325.530
8901,1325.543
8902,1325.557
8903,1325.571
8904,1325.585
8905,1325.601
8906,1325.681
8907,1325.695
8908,1325.709
8909,1325.724
8910,1325.737
8911,1325.750
8912,1325.763
8913,1325.839
8914,1325.854
8915,1325.869
8916,1325.884
8917,1325.899
8918,1325.913
8919,1325.926
8920,1326.013
8921,1326.036
8922,1326.059
8923,1326.082
8924,1326.106
8925,1326.166
8926,1326.188
8927,1326.210
8928,1326.231
8929,1326.252
8930,1326.317
8931,1326.344
8932,1326.362
8933,1326.377
8934,1326.391
8935,1326.405
8936,1326.419
8937,1326.432
8938,1326.446
8939,1326.458
8940,1326.498
8941,1326.513
8942,1326.527
8943,1326.540
8944,1326.553
8945,1326.567
8946,1326.581
8947,1326.595
8948,1326.639
8949,1326.652
8950,1326.666
8951,1326.678
8952,1326.691
8953,1326.704
8954,1326.717
8955,1326.731
8956,1326.744
8957,1326.757
8958,1326.770
8959,1326.784
8960,1326.798
8961,1326.810
8962,1326.823
8963,1326.837
8964,1326.851
8965,1326.866
8966,1326.880
8967,1326.894
8968,1326.907
8969,1326.921
8970,1326.934
8971,1326.949
8972,1326.995
8973,1327.012
8974,1327.027
8975,1327.041
8976,1327.055
8977,1327.099
8978,1327.113
8979,1327.133
8980,1327.155
8981,1327.178
8982,1327.242
8983,1327.264
8984,1327.285
8985,1327.306
8986,1327.328
8987,1327.391
8988,1327.413
8989,1327.435
8990,1327.459
8991,1327.484
8992,1327.528
8993,1327.543
8994,1327.558
8995,1327.572
8996,1327.587
8997,1327.628
8998,1327.642
8999,1327.657
9000,1327.670
9001,1327.684
9002,1327.727
9003,1327.743
9004,1327.757
9005,1327.771
9006,1327.785
9007,1327.836
9008,1327.872
9009,1327.886
9010,1327.956
9011,1328.059
9012,1328.133
9013,1328.146
9014,1328.189
9015,1328.269
9016,1328.283
9017,1328.297
9018,1328.383
9019,1328.478
9020,1328.501
9021,1328.525
9022,1328.632
9023,1328.742
9024,1328.764
9025,1328.833
9026,1328.888
9027,1328.906
9028,1328.921
9029,1328.936
9030,1328.993
9031,1329.040
9032,1329.072
9033,1329.087
9034,1329.101
9035,1329.201
9036,1329.219
9037,1329.238
9038,1329.329
9039,1329.347
9040,1329.362
9041,1329.449
9042,1329.466
9043,1329.479
9044,1329.560
9045,1329.577
9046,1329.592
9047,1329.676
9048,1329.693
9049,1329.710
9050,1329.791
9051,1329.808
9052,1329.824
9053,1329.906
9054,1329.926
9055,1329.945
9056,1330.028
9057,1330.046
9058,1330.063
9059,1330.152
9060,1330.177
9061,1330.205
9062,1330.308
9063,1330.333
9064,1330.357
9065,1330.457
9066,1330.483
9067,1330.509
9068,1330.614
9069,1330.636
9070,1330.654
9071,1330.742
9072,1330.759
9073,1330.774
9074,1330.856
9075,1330.873
9076,1330.890
9077,1330.973
9078,1330.989
9079,1331.005
9080,1331.020
9081,1331.101
9082,1331.116
9083,1331.131
9084,1331.216
9085,1331.232
9086,1331.248
9087,1331.335
9088,1331.352
9089,1331.368
9090,1331.438
9091,1331.460
9092,1331.475
9093,1331.489
9094,1331.504
9095,1331.518
9096,1331.533
9097,1331.549
9098,1331.563
9099,1331.577
9100,1331.592
9101,1331.606
9102,1331.621
9103,1331.635
9104,1331.650
9105,1331.664
9106,1331.711
9107,1331.748
9108,1331.771
9109,1331.794
9110,1331.968
9111,1332.000
9112,1332.029
9113,1332.125
9114,1332.172
9115,1332.198
9116,1332.217
9117,1332.233
9118,1332.249
9119,1332.264
9120,1332.279
9121,1332.332
9122,1332.401
9123,1332.434
9124,1332.448
9125,1332.462
9126,1332.477
9127,1332.492
9128,1332.507
9129,1332.526
9130,1332.554
9131,1332.680
9132,1332.701
9133,1332.722
9134,1332.743
9135,1332.765
9136,1332.897
9137,1332.919
9138,1332.940
9139,1332.962
9140,1332.984
9141,1333.117
9142,1333.139
9143,1333.160
9144,1333.182
9145,1333.204
9146,1333.342
9147,1333.374
9148,1333.410
9149,1333.444
9150,1333.475
9151,1333.628
9152,1333.660
9153,1333.692
9154,1333.731
9155,1333.753
9156,1333.876
9157,1333.895
9158,1333.913
9159,1333.932
9160,1334.008
9161,1334.039
9162,1334.054
9163,1334.075
9164,1334.108
9165,1334.240
9166,1334.260
9167,1334.281
9168,1334.302
9169,1334.324
9170,1334.400
9171,1334.433
9172,1334.448
9173,1334.462
9174,1334.476
9175,1334.490
9176,1334.504
9177,1334.518
9178,1334.532
9179,1334.546
9180,1334.566
9181,1334.598
9182,1334.724
9183,1334.745
9184,1334.765
9185,1334.793
9186,1334.826
9187,1334.983
9188,1335.013
9189,1335.044
9190,1335.077
9191,1335.109
9192,1335.263
9193,1335.286
9194,1335.307
9195,1335.328
9196,1335.348
9197,1335.474
9198,1335.494
9199,1335.514
9200,1335.535
9201,1335.554
9202,1335.683
9203,1335.702
9204,1335.722
9205,1335.742
9206,1335.761
9207,1335.888
9208,1335.907
9209,1335.926
9210,1335.946
9211,1335.965
9212,1336.092
9213,1336.110
9214,1336.131
9215,1336.151
9216,1336.171
9217,1336.296
9218,1336.316
9219,1336.340
9220,1336.373
9221,1336.408
9222,1336.498
9223,1336.538
9224,1336.558
9225,1336.586
9226,1336.628
9227,1336.780
9228,1336.804
9229,1336.825
9230,1336.845
9231,1336.866
9232,1336.937
9233,1336.965
9234,1336.978
9235,1336.996
9236,1337.025
9237,1337.150
9238,1337.170
9239,1337.190
9240,1337.210
9241,1337.231
9242,1337.302
9243,1337.330
9244,1337.343
9245,1337.362
9246,1337.394
9247,1337.414
9248,1337.429
9249,1337.442
9250,1337.512
9251,1337.544
9252,1337.610
9253,1337.640
9254,1337.653
9255,1337.667
9256,1337.681
9257,1337.694
9258,1337.708
9259,1337.722
9260,1337.777
9261,1337.865
9262,1337.914
9263,1337.935
9264,1337.955
9265,1337.975
9266,1337.996
9267,1338.018
9268,1338.044
9269,1338.088
9270,1338.241
9271,1338.261
9272,1338.282
9273,1338.303
9274,1338.322
9275,1338.446
9276,1338.466
9277,1338.485
9278,1338.507
9279,1338.527
9280,1338.653
9281,1338.673
9282,1338.693
9283,1338.713
9284,1338.733
9285,1338.854
9286,1338.874
9287,1338.895
9288,1338.915
9289,1338.935
9290,1339.060
9291,1339.081
9292,1339.101
9293,1339.122
9294,1339.141
9295,1339.259
9296,1339.289
9297,1339.319
9298,1339.349
9299,1339.443
9300,1339.482
9301,1339.503
9302,1339.531
9303,1339.572
9304,1339.744
9305,1339.768
9306,1339.789
9307,1339.811
9308,1339.833
9309,1339.908
9310,1339.939
9311,1339.952
9312,1339.965
9313,1339.979
9314,1339.993
9315,1340.006
9316,1340.020
9317,1340.034
9318,1340.048
9319,1340.067
9320,1340.098
9321,1340.223
9322,1340.243
9323,1340.262
9324,1340.282
9325,1340.302
9326,1340.431
9327,1340.452
9328,1340.473
9329,1340.494
9330,1340.515
9331,1340.645
9332,1340.666
9333,1340.686
9334,1340.707
9335,1340.727
9336,1340.883
9337,1340.917
9338,1340.950
9339,1340.982
9340,1341.014
9341,1341.173
9342,1341.204
9343,1341.239
9344,1341.260
9345,1341.281
9346,1341.356
9347,1341.370
9348,1341.384
9349,1341.468
9350,1341.501
9351,1341.579
9352,1341.594
9353,1341.609
9354,1341.693
9355,1341.725
9356,1341.856
9357,1341.877
9358,1341.897
9359,1341.918
9360,1341.938
9361,1342.012
9362,1342.044
9363,1342.058
9364,1342.077
9365,1342.105
9366,1342.230
9367,1342.250
9368,1342.271
9369,1342.291
9370,1342.310
9371,1342.387
9372,1342.433
9373,1342.456
9374,1342.486
9375,1342.528
9376,1342.684
9377,1342.716
9378,1342.748
9379,1342.781
9380,1342.818
9381,1342.895
9382,1342.925
9383,1342.940
9384,1342.958
9385,1342.986
9386,1343.112
9387,1343.133
9388,1343.153
9389,1343.175
9390,1343.195
9391,1343.260
9392,1343.272
9393,1343.285
9394,1343.346
9395,1343.472
9396,1343.536
9397,1343.552
9398,1343.568
9399,1343.584
9400,1343.600
9401,1343.616
9402,1343.631
9403,1343.647
9404,1343.663
9405,1343.679
9406,1343.696
9407,1343.712
9408,1343.727
9409,1343.743
9410,1343.888
9411,1343.916
9412,1343.947
9413,1344.057
9414,1344.139
9415,1344.161
9416,1344.338
9417,1344.361
9418,1344.381
9419,1344.519
9420,1344.539
9421,1344.559
9422,1344.645
9423,1344.701
9424,1344.714
9425,1344.727
9426,1344.739
9427,1344.752
9428,1344.764
9429,1344.777
9430,1344.807
9431,1344.861
9432,1344.998
9433,1345.017
9434,1345.036
9435,1345.055
9436,1345.200
9437,1345.220
9438,1345.240
9439,1345.259
9440,1345.402
9441,1345.437
9442,1345.469
9443,1345.503
9444,1345.676
9445,1345.707
9446,1345.738
9447,1345.769
9448,1345.881
9449,1345.941
9450,1345.955
9451,1345.969
9452,1345.982
9453,1346.048
9454,1346.104
9455,1346.118
9456,1346.201
9457,1346.260
9458,1346.369
9459,1346.385
9460,1346.401
9461,1346.548
9462,1346.570
9463,1346.591
9464,1346.613
9465,1346.701
9466,1346.757
9467,1346.771
9468,1346.785
9469,1346.799
9470,1346.812
9471,1346.846
9472,1346.915
9473,1346.970
9474,1347.059
9475,1347.081
9476,1347.190
9477,1347.278
9478,1347.300
9479,1347.475
9480,1347.498
9481,1347.522
9482,1347.543
9483,1347.697
9484,1347.720
9485,1347.746
9486,1347.770
9487,1347.940
9488,1347.961
9489,1347.981
9490,1348.000
9491,1348.087
9492,1348.147
9493,1348.161
9494,1348.175
9495,1348.189
9496,1348.202
9497,1348.216
9498,1348.229
9499,1348.243
9500,1348.258
9501,1348.273
9502,1348.287
9503,1348.301
9504,1348.315
9505,1348.329
9506,1348.342
9507,1348.356
9508,1348.369
9509,1348.384
9510,1348.410
9511,1348.435
9512,1348.459
9513,1348.512
9514,1348.599
9515,1348.794
9516,1348.829
9517,1348.866
9518,1348.889
9519,1349.044
9520,1349.066
9521,1349.088
9522,1349.109
9523,1349.286
9524,1349.309
9525,1349.331
9526,1349.352
9527,1349.504
9528,1349.525
9529,1349.546
9530,1349.567
9531,1349.720
9532,1349.742
9533,1349.764
9534,1349.788
9535,1349.950
9536,1349.972
9537,1349.994
9538,1350.015
9539,1350.198
9540,1350.230
9541,1350.263
9542,1350.295
9543,1350.504
9544,1350.538
9545,1350.572
9546,1350.609
9547,1350.770
9548,1350.792
9549,1350.813
9550,1350.834
9551,1351.001
9552,1351.023
9553,1351.044
9554,1351.065
9555,1351.231
9556,1351.253
9557,1351.276
9558,1351.298
9559,1351.480
9560,1351.505
9561,1351.528
9562,1351.551
9563,1351.728
9564,1351.750
9565,1351.773
9566,1351.794
9567,1351.961
9568,1351.994
9569,1352.028
9570,1352.064
9571,1352.258
9572,1352.290
9573,1352.324
9574,1352.359
9575,1352.535
9576,1352.557
9577,1352.579
9578,1352.601
9579,1352.756
9580,1352.776
9581,1352.796
9582,1352.818
9583,1352.974
9584,1352.994
9585,1353.014
9586,1353.034
9587,1353.187
9588,1353.207
9589,1353.227
9590,1353.248
9591,1353.405
9592,1353.426
9593,1353.447
9594,1353.469
9595,1353.619
9596,1353.639
9597,1353.666
9598,1353.855
9599,1353.888
9600,1353.919
9601,1354.100
9602,1354.132
9603,1354.170
9604,1354.317
9605,1354.338
9606,1354.358
9607,1354.509
9608,1354.531
9609,1354.551
9610,1354.703
9611,1354.724
9612,1354.743
9613,1354.884
9614,1354.904
9615,1354.924
9616,1355.055
9617,1355.121
9618,1355.138
9619,1355.154
9620,1355.170
9621,1355.188
9622,1355.205
9623,1355.222
9624,1355.238
9625,1355.255
9626,1355.271
9627,1355.287
9628,1355.302
9629,1355.326
9630,1355.352
9631,1355.534
9632,1355.562
9633,1355.591
9634,1355.704
9635,1355.793
9636,1355.808
9637,1355.951
9638,1355.972
9639,1355.992
9640,1356.140
9641,1356.162
9642,1356.184
9643,1356.275
9644,1356.333
9645,1356.347
9646,1356.360
9647,1356.374
9648,1356.387
9649,1356.401
9650,1356.415
9651,1356.449
9652,1356.509
9653,1356.657
9654,1356.679
9655,1356.700
9656,1356.723
9657,1356.873
9658,1356.896
9659,1356.917
9660,1356.951
9661,1357.137
9662,1357.169
9663,1357.201
9664,1357.235
9665,1357.423
9666,1357.450
9667,1357.472
9668,1357.494
9669,1357.654
9670,1357.675
9671,1357.696
9672,1357.717
9673,1357.863
9674,1357.884
9675,1357.904
9676,1357.924
9677,1358.009
9678,1358.064
9679,1358.077
9680,1358.090
9681,1358.103
9682,1358.116
9683,1358.147
9684,1358.202
9685,1358.358
9686,1358.379
9687,1358.401
9688,1358.422
9689,1358.581
9690,1358.614
9691,1358.647
9692,1358.682
9693,1358.862
9694,1358.895
9695,1358.928
9696,1358.962
9697,1359.123
9698,1359.144
9699,1359.165
9700,1359.184
9701,1359.278
9702,1359.336
9703,1359.350
9704,1359.364
9705,1359.377
9706,1359.391
9707,1359.404
9708,1359.417
9709,1359.431
9710,1359.445
9711,1359.459
9712,1359.473
9713,1359.487
9714,1359.500
9715,1359.515
9716,1359.529
9717,1359.543
9718,1359.558
9719,1359.574
9720,1359.590
9721,1359.607
9722,1359.623
9723,1359.656
9724,1359.717
9725,1359.872
9726,1359.895
9727,1359.918
9728,1359.941
9729,1360.122
9730,1360.156
9731,1360.190
9732,1360.222
9733,1360.439
9734,1360.471
9735,1360.510
9736,1360.535
9737,1360.688
9738,1360.707
9739,1360.727
9740,1360.746
9741,1360.891
9742,1360.913
9743,1360.933
9744,1360.953
9745,1361.107
9746,1361.126
9747,1361.146
9748,1361.165
9749,1361.327
9750,1361.347
9751,1361.369
9752,1361.389
9753,1361.564
9754,1361.589
9755,1361.610
9756,1361.632
9757,1361.803
9758,1361.835
9759,1361.869
9760,1361.900
9761,1362.100
9762,1362.133
9763,1362.168
9764,1362.203
9765,1362.377
9766,1362.399
9767,1362.420
9768,1362.441
9769,1362.630
9770,1362.654
9771,1362.678
9772,1362.700
9773,1362.869
9774,1362.890
9775,1362.910
9776,1362.930
9777,1363.090
9778,1363.111
9779,1363.133
9780,1363.153
9781,1363.306
9782,1363.327
9783,1363.347
9784,1363.368
9785,1363.530
9786,1363.561
9787,1363.594
9788,1363.628
9789,1363.815
9790,1363.847
9791,1363.880
9792,1363.914
9793,1364.086
9794,1364.108
9795,1364.130
9796,1364.150
9797,1364.305
9798,1364.326
9799,1364.348
9800,1364.370
9801,1364.524
9802,1364.543
9803,1364.563
9804,1364.582
9805,1364.738
9806,1364.760
9807,1364.780
9808,1364.930
9809,1364.952
9810,1364.972
9811,1365.120
9812,1365.141
9813,1365.161
9814,1365.327
9815,1365.359
9816,1365.394
9817,1365.587
9818,1365.621
9819,1365.654
9820,1365.838
9821,1365.860
9822,1365.881
9823,1366.029
9824,1366.048
9825,1366.068
9826,1366.201
9827,1366.267
9828,1366.284
9829,1366.300
9830,1366.317
9831,1366.334
9832,1366.350
9833,1366.367
9834,1366.383
9835,1366.401
9836,1366.418
9837,1366.436
9838,1366.453
9839,1366.470
9840,1366.488
9841,1366.619
9842,1366.637
9843,1366.654
9844,1366.794
9845,1366.812
9846,1366.828
9847,1366.960
9848,1366.989
9849,1367.015
9850,1367.180
9851,1367.205
9852,1367.232
9853,1367.345
9854,1367.434
9855,1367.454
9856,1367.469
9857,1367.484
9858,1367.499
9859,1367.512
9860,1367.526
9861,1367.562
9862,1367.620
9863,1367.761
9864,1367.780
9865,1367.798
9866,1367.815
9867,1367.952
9868,1367.969
9869,1367.986
9870,1368.002
9871,1368.134
9872,1368.150
9873,1368.167
9874,1368.184
9875,1368.317
9876,1368.334
9877,1368.351
9878,1368.368
9879,1368.511
9880,1368.530
9881,1368.547
9882,1368.565
9883,1368.709
9884,1368.736
9885,1368.763
9886,1368.792
9887,1368.906
9888,1368.990
9889,1369.013
9890,1369.034
9891,1369.059
9892,1369.084
9893,1369.120
9894,1369.180
9895,1369.319
9896,1369.336
9897,1369.353
9898,1369.370
9899,1369.512
9900,1369.530
9901,1369.547
9902,1369.566
9903,1369.705
9904,1369.722
9905,1369.739
9906,1369.756
9907,1369.890
9908,1369.908
9909,1369.925
9910,1369.941
9911,1370.034
9912,1370.093
9913,1370.107
9914,1370.120
9915,1370.134
9916,1370.147
9917,1370.160
9918,1370.172
9919,1370.185
9920,1370.198
9921,1370.217
9922,1370.238
9923,1370.259
9924,1370.281
9925,1370.303
9926,1370.326
9927,1370.347
9928,1370.368
9929,1370.390
9930,1370.412
9931,1370.434
9932,1370.457
9933,1370.504
9934,1370.587
9935,1370.727
9936,1370.744
9937,1370.761
9938,1370.778
9939,1370.919
9940,1370.939
9941,1370.958
9942,1370.975
9943,1371.121
9944,1371.141
9945,1371.159
9946,1371.176
9947,1371.314
9948,1371.332
9949,1371.350
9950,1371.367
9951,1371.505
9952,1371.523
9953,1371.540
9954,1371.558
9955,1371.699
9956,1371.716
9957,1371.734
9958,1371.751
9959,1371.905
9960,1371.932
9961,1371.960
9962,1371.989
9963,1372.162
9964,1372.193
9965,1372.219
9966,1372.246
9967,1372.414
9968,1372.432
9969,1372.450
9970,1372.468
9971,1372.611
9972,1372.628
9973,1372.645
9974,1372.662
9975,1372.809
9976,1372.827
9977,1372.845
9978,1372.863
9979,1373.014
9980,1373.032
9981,1373.051
9982,1373.068
9983,1373.207
9984,1373.226
9985,1373.243
9986,1373.261
9987,1373.402
9988,1373.422
9989,1373.439
9990,1373.458
9991,1373.601
9992,1373.620
9993,1373.644
9994,1373.671
9995,1373.849
9996,1373.878
9997,1373.904
9998,1373.931
9999,1374.106
10000,1374.136
10001,1374.160
10002,1374.178
10003,1374.319
10004,1374.338
10005,1374.354
10006,1374.372
10007,1374.510
10008,1374.528
10009,1374.545
10010,1374.562
10011,1374.703
10012,1374.723
10013,1374.740
10014,1374.757
10015,1374.892
10016,1374.910
10017,1374.927
10018,1375.063
10019,1375.080
10020,1375.096
10021,1375.232
10022,1375.250
10023,1375.267
10024,1375.404
10025,1375.422
10026,1375.438
10027,1375.605
10028,1375.634
10029,1375.661
10030,1375.824
10031,1375.851
10032,1375.879
10033,1376.047
10034,1376.066
10035,1376.084
10036,1376.162
10037,1376.193
10038,1376.206
10039,1376.220
10040,1376.234
10041,1376.246
10042,1376.259
10043,1376.272
10044,1376.321
10045,1376.391
10046,1376.421
10047,1376.435
10048,1376.447
10049,1376.460
10050,1376.472
10051,1376.484
10052,1376.501
10053,1376.527
10054,1376.648
10055,1376.669
10056,1376.689
10057,1376.709
10058,1376.728
10059,1376.852
10060,1376.872
10061,1376.893
10062,1376.913
10063,1376.933
10064,1377.058
10065,1377.082
10066,1377.115
10067,1377.148
10068,1377.182
10069,1377.334
10070,1377.366
10071,1377.398
10072,1377.432
10073,1377.466
10074,1377.604
10075,1377.624
10076,1377.644
10077,1377.664
10078,1377.683
10079,1377.801
10080,1377.818
10081,1377.837
10082,1377.857
10083,1377.929
10084,1377.958
10085,1377.971
10086,1377.989
10087,1378.019
10088,1378.150
10089,1378.171
10090,1378.192
10091,1378.213
10092,1378.234
10093,1378.311
10094,1378.344
10095,1378.357
10096,1378.371
10097,1378.385
10098,1378.400
10099,1378.415
10100,1378.432
10101,1378.447
10102,1378.463
10103,1378.484
10104,1378.517
10105,1378.679
10106,1378.713
10107,1378.744
10108,1378.777
10109,1378.809
10110,1378.973
10111,1379.007
10112,1379.044
10113,1379.066
10114,1379.088
10115,1379.229
10116,1379.249
10117,1379.271
10118,1379.292
10119,1379.314
10120,1379.448
10121,1379.469
10122,1379.489
10123,1379.509
10124,1379.529
10125,1379.661
10126,1379.681
10127,1379.700
10128,1379.721
10129,1379.741
10130,1379.879
10131,1379.900
10132,1379.921
10133,1379.942
10134,1379.964
10135,1380.104
10136,1380.125
10137,1380.147
10138,1380.169
10139,1380.193
10140,1380.361
10141,1380.396
10142,1380.428
10143,1380.461
10144,1380.496
10145,1380.597
10146,1380.643
10147,1380.670
10148,1380.697
10149,1380.733
10150,1380.865
10151,1380.887
10152,1380.908
10153,1380.929
10154,1380.950
10155,1381.027
10156,1381.058
10157,1381.072
10158,1381.090
10159,1381.120
10160,1381.259
10161,1381.281
10162,1381.303
10163,1381.325
10164,1381.346
10165,1381.427
10166,1381.461
10167,1381.476
10168,1381.496
10169,1381.530
10170,1381.677
10171,1381.699
10172,1381.722
10173,1381.743
10174,1381.765
10175,1381.917
10176,1382.017
10177,1382.043
10178,1382.069
10179,1382.096
10180,1382.123
10181,1382.150
10182,1382.177
10183,1382.204
10184,1382.232
10185,1382.263
10186,1382.285
10187,1382.305
10188,1382.343
10189,1382.343
10190,1382.490
10191,1382.510
10192,1382.529
10193,1382.631
10194,1382.646
10195,1382.660
10196,1382.674
10197,1382.822
10198,1382.844
10199,1382.864
10200,1383.017
10201,1383.039
10202,1383.061
10203,1383.159
10204,1383.224
10205,1383.239
10206,1383.256
10207,1383.271
10208,1383.285
10209,1383.301
10210,1383.316
10211,1383.350
10212,1383.410
10213,1383.604
10214,1383.639
10215,1383.671
10216,1383.707
10217,1383.903
10218,1383.941
10219,1383.967
10220,1383.990
10221,1384.144
10222,1384.166
10223,1384.186
10224,1384.208
10225,1384.359
10226,1384.380
10227,1384.403
10228,1384.424
10229,1384.595
10230,1384.617
10231,1384.640
10232,1384.663
10233,1384.820
10234,1384.842
10235,1384.865
10236,1384.888
10237,1384.987
10238,1385.050
10239,1385.065
10240,1385.080
10241,1385.095
10242,1385.111
10243,1385.156
10244,1385.247
10245,1385.447
10246,1385.482
10247,1385.517
10248,1385.553
10249,1385.749
10250,1385.772
10251,1385.796
10252,1385.818
10253,1385.986
10254,1386.007
10255,1386.030
10256,1386.051
10257,1386.202
10258,1386.224
10259,1386.245
10260,1386.266
10261,1386.360
10262,1386.424
10263,1386.438
10264,1386.453
10265,1386.468
10266,1386.484
10267,1386.499
10268,1386.513
10269,1386.528
10270,1386.543
10271,1386.558
10272,1386.574
10273,1386.589
10274,1386.604
10275,1386.620
10276,1386.635
10277,1386.650
10278,1386.665
10279,1386.681
10280,1386.696
10281,1386.714
10282,1386.739
10283,1386.792
10284,1386.884
10285,1387.079
10286,1387.114
10287,1387.148
10288,1387.187
10289,1387.346
10290,1387.370
10291,1387.392
10292,1387.414
10293,1387.597
10294,1387.621
10295,1387.645
10296,1387.667
10297,1387.829
10298,1387.851
10299,1387.872
10300,1387.893
10301,1388.049
10302,1388.072
10303,1388.094
10304,1388.116
10305,1388.277
10306,1388.300
10307,1388.324
10308,1388.347
10309,1388.521
10310,1388.557
10311,1388.593
10312,1388.629
10313,1388.850
10314,1388.887
10315,1388.921
10316,1388.958
10317,1389.139
10318,1389.162
10319,1389.185
10320,1389.207
10321,1389.380
10322,1389.404
10323,1389.427
10324,1389.451
10325,1389.630
10326,1389.652
10327,1389.674
10328,1389.695
10329,1389.886
10330,1389.910
10331,1389.934
10332,1389.957
10333,1390.134
10334,1390.156
10335,1390.178
10336,1390.200
10337,1390.371
10338,1390.409
10339,1390.443
10340,1390.478
10341,1390.673
10342,1390.705
10343,1390.739
10344,1390.773
10345,1390.960
10346,1390.982
10347,1391.005
10348,1391.028
10349,1391.189
10350,1391.209
10351,1391.230
10352,1391.252
10353,1391.407
10354,1391.426
10355,1391.448
10356,1391.468
10357,1391.621
10358,1391.641
10359,1391.661
10360,1391.681
10361,1391.834
10362,1391.855
10363,1391.877
10364,1391.898
10365,1392.045
10366,1392.066
10367,1392.086
10368,1392.277
10369,1392.314
10370,1392.347
10371,1392.535
10372,1392.569
10373,1392.604
10374,1392.769
10375,1392.792
10376,1392.815
10377,1392.979
10378,1393.000
10379,1393.021
10380,1393.181
10381,1393.202
10382,1393.224
10383,1393.374
10384,1393.396
10385,1393.417
10386,1393.566
10387,1393.633
10388,1393.650
10389,1393.667
10390,1393.685
10391,1393.703
10392,1393.721
10393,1393.739
10394,1393.757
10395,1393.773
10396,1393.792
10397,1393.811
10398,1393.829
10399,1393.847
10400,1393.868
10401,1394.052
10402,1394.086
10403,1394.114
10404,1394.295
10405,1394.327
10406,1394.364
10407,1394.520
10408,1394.541
10409,1394.562
10410,1394.710
10411,1394.731
10412,1394.751
10413,1394.844
10414,1394.902
10415,1394.916
10416,1394.928
10417,1394.941
10418,1394.954
10419,1394.967
10420,1394.980
10421,1395.013
10422,1395.070
10423,1395.215
10424,1395.236
10425,1395.257
10426,1395.277
10427,1395.431
10428,1395.453
10429,1395.475
10430,1395.497
10431,1395.683
10432,1395.717
10433,1395.748
10434,1395.778
10435,1395.960
10436,1395.995
10437,1396.027
10438,1396.049
10439,1396.215
10440,1396.236
10441,1396.263
10442,1396.287
10443,1396.445
10444,1396.467
10445,1396.489
10446,1396.511
10447,1396.604
10448,1396.662
10449,1396.677
10450,1396.691
10451,1396.705
10452,1396.719
10453,1396.752
10454,1396.811
10455,1396.969
10456,1396.991
10457,1397.013
10458,1397.035
10459,1397.193
10460,1397.214
10461,1397.251
10462,1397.285
10463,1397.478
10464,1397.511
10465,1397.545
10466,1397.578
10467,1397.767
10468,1397.791
10469,1397.815
10470,1397.837
10471,1397.935
10472,1397.995
10473,1398.009
10474,1398.024
10475,1398.038
10476,1398.052
10477,1398.067
10478,1398.081
10479,1398.095
10480,1398.109
10481,1398.123
10482,1398.138
10483,1398.152
10484,1398.167
10485,1398.181
10486,1398.195
10487,1398.210
10488,1398.224
10489,1398.238
10490,1398.252
10491,1398.267
10492,1398.281
10493,1398.314
10494,1398.372
10495,1398.524
10496,1398.545
10497,1398.567
10498,1398.588
10499,1398.744
10500,1398.779
10501,1398.814
10502,1398.851
10503,1399.074
10504,1399.108
10505,1399.148
10506,1399.181
10507,1399.356
10508,1399.379
10509,1399.402
10510,1399.425
10511,1399.598
10512,1399.620
10513,1399.643
10514,1399.666
10515,1399.833
10516,1399.855
10517,1399.876
10518,1399.899
10519,1400.065
10520,1400.088
10521,1400.111
10522,1400.134
10523,1400.318
10524,1400.342
10525,1400.363
10526,1400.385
10527,1400.544
10528,1400.573
10529,1400.608
10530,1400.643
10531,1400.854
10532,1400.887
10533,1400.922
10534,1400.957
10535,1401.158
10536,1401.180
10537,1401.202
10538,1401.222
10539,1401.402
10540,1401.427
10541,1401.451
10542,1401.475
10543,1401.645
10544,1401.667
10545,1401.689
10546,1401.710
10547,1401.873
10548,1401.894
10549,1401.915
10550,1401.936
10551,1402.095
10552,1402.116
10553,1402.137
10554,1402.159
10555,1402.312
10556,1402.333
10557,1402.358
10558,1402.392
10559,1402.591
10560,1402.622
10561,1402.654
10562,1402.688
10563,1402.892
10564,1402.913
10565,1402.936
10566,1402.959
10567,1403.114
10568,1403.134
10569,1403.154
10570,1403.174
10571,1403.332
10572,1403.352
10573,1403.372
10574,1403.393
10575,1403.539
10576,1403.559
10577,1403.578
10578,1403.725
10579,1403.745
10580,1403.765
10581,1403.849
10582,1403.904
10583,1403.916
10584,1403.948
10585,1404.005
10586,1404.112
10587,1404.135
10588,1404.158
10589,1404.277
10590,1404.357
10591,1404.379
10592,1404.506
10593,1404.533
10594,1404.555
10595,1404.569
10596,1404.718
10597,1404.739
10598,1404.757
10599,1404.909
10600,1404.931
10601,1404.953
10602,1405.107
10603,1405.128
10604,1405.148
10605,1405.291
10606,1405.312
10607,1405.332
10608,1405.615
10609,1405.643
10610,1405.733
10611,1405.804
10612,1405.817
10613,1405.831
10614,1405.919
10615,1406.104
10616,1406.211
10617,1406.274
10618,1406.379
10619,1406.394
10620,1406.466
10621,1406.547
10622,1406.625
10623,1406.708
10624,1406.724
10625,1406.739
10626,1406.752
10627,1406.818
10628,1406.821
10629,1406.835
10630,1406.848
10631,1406.861
10632,1406.914
10633,1407.008
10634,1407.087
10635,1407.123
10636,1407.138
10637,1407.195
10638,1407.210
10639,1407.225
10640,1407.283
10641,1407.320
10642,1407.335
10643,1407.350
10644,1407.407
10645,1407.443
10646,1407.456
10647,1407.564
10648,1407.677
10649,1407.698
10650,1407.720
10651,1407.743
10652,1407.846
10653,1407.955
10654,1408.031
10655,1408.170
10656,1408.245
10657,1408.321
10658,1408.400
10659,1408.415
10660,1408.429
10661,1408.506
10662,1408.580
10663,1408.656
10664,1408.792
10665,1408.869
10666,1408.884
10667,1408.899
10668,1408.912
10669,1408.990
10670,1409.067
10671,1409.166
10672,1409.279
10673,1409.298
10674,1409.400
10675,1409.508
10676,1409.606
10677,1409.685
10678,1409.725
10679,1409.803
10680,1409.818
10681,1409.833
10682,1409.848
10683,1410.184
10684,1410.207
10685,1410.405
10686,1410.526
10687,1410.545
10688,1410.621
10689,1410.642
10690,1410.656
10691,1410.995
10692,1411.016
10693,1411.054
10694,1411.306
10695,1411.704
10696,1411.728
10697,1411.752
10698,1411.951
10699,1412.023
10700,1412.044
10701,1412.058
10702,1412.073
10703,1412.094
10704,1412.374
10705,1412.395
10706,1412.563
10707,1412.684
10708,1412.702
10709,1412.845
10710,1412.913
10711,1412.930
10712,1412.945
10713,1412.962
10714,1412.980
10715,1413.008
10716,1413.036
10717,1413.063
10718,1413.090
10719,1413.119
10720,1413.145
10721,1413.168
10722,1413.194
10723,1413.219
10724,1413.388
10725,1413.420
10726,1413.448
10727,1413.590
10728,1413.608
10729,1413.625
10730,1413.771
10731,1413.790
10732,1413.808
10733,1413.954
10734,1413.972
10735,1413.990
10736,1414.080
10737,1414.139
10738,1414.153
10739,1414.166
10740,1414.179
10741,1414.194
10742,1414.207
10743,1414.222
10744,1414.256
10745,1414.315
10746,1414.464
10747,1414.483
10748,1414.503
10749,1414.522
10750,1414.672
10751,1414.691
10752,1414.715
10753,1414.745
10754,1414.950
10755,1414.979
10756,1415.008
10757,1415.037
10758,1415.234
10759,1415.267
10760,1415.294
10761,1415.314
10762,1415.477
10763,1415.497
10764,1415.517
10765,1415.537
10766,1415.695
10767,1415.719
10768,1415.737
10769,1415.758
10770,1415.857
10771,1415.921
10772,1415.935
10773,1415.950
10774,1415.964
10775,1415.980
10776,1416.020
10777,1416.087
10778,1416.240
10779,1416.258
10780,1416.278
10781,1416.296
10782,1416.445
10783,1416.464
10784,1416.483
10785,1416.501
10786,1416.655
10787,1416.687
10788,1416.717
10789,1416.745
10790,1416.929
10791,1416.956
10792,1416.984
10793,1417.011
10794,1417.144
10795,1417.208
10796,1417.223
10797,1417.237
10798,1417.251
10799,1417.264
10800,1417.277
10801,1417.291
10802,1417.305
10803,1417.318
10804,1417.332
10805,1417.346
10806,1417.360
10807,1417.375
10808,1417.391
10809,1417.406
10810,1417.421
10811,1417.436
10812,1417.451
10813,1417.465
10814,1417.480
10815,1417.494
10816,1417.529
10817,1417.588
10818,1417.744
10819,1417.762
10820,1417.781
10821,1417.799
10822,1417.954
10823,1417.973
10824,1417.992
10825,1418.012
10826,1418.179
10827,1418.201
10828,1418.221
10829,1418.256
10830,1418.446
10831,1418.475
10832,1418.503
10833,1418.532
10834,1418.722
10835,1418.752
10836,1418.786
10837,1418.807
10838,1418.970
10839,1418.991
10840,1419.013
10841,1419.033
10842,1419.198
10843,1419.219
10844,1419.242
10845,1419.261
10846,1419.425
10847,1419.446
10848,1419.466
10849,1419.488
10850,1419.647
10851,1419.668
10852,1419.689
10853,1419.708
10854,1419.877
10855,1419.898
10856,1419.919
10857,1419.938
10858,1420.097
10859,1420.118
10860,1420.138
10861,1420.164
10862,1420.366
10863,1420.397
10864,1420.429
10865,1420.463
10866,1420.656
10867,1420.691
10868,1420.718
10869,1420.739
10870,1420.906
10871,1420.927
10872,1420.947
10873,1420.965
10874,1421.121
10875,1421.141
10876,1421.164
10877,1421.183
10878,1421.341
10879,1421.361
10880,1421.381
10881,1421.400
10882,1421.555
10883,1421.576
10884,1421.598
10885,1421.618
10886,1421.774
10887,1421.795
10888,1421.816
10889,1421.835
10890,1421.990
10891,1422.011
10892,1422.031
10893,1422.054
10894,1422.248
10895,1422.282
10896,1422.315
10897,1422.343
10898,1422.529
10899,1422.557
10900,1422.590
10901,1422.750
10902,1422.769
10903,1422.788
10904,1422.936
10905,1422.956
10906,1422.975
10907,1423.128
10908,1423.146
10909,1423.175
10910,1423.320
10911,1423.339
10912,1423.357
10913,1423.512
10914,1423.531
10915,1423.550
10916,1423.699
10917,1423.718
10918,1423.736
10919,1423.822
10920,1423.855
10921,1423.870
10922,1423.884
10923,1423.899
10924,1423.914
10925,1423.929
10926,1423.944
10927,1424.000
10928,1424.094
10929,1424.144
10930,1424.168
10931,1424.190
10932,1424.213
10933,1424.234
10934,1424.256
10935,1424.289
10936,1424.339
10937,1424.559
10938,1424.584
10939,1424.610
10940,1424.636
10941,1424.659
10942,1424.841
10943,1424.866
10944,1424.893
10945,1424.919
10946,1424.944
10947,1425.123
10948,1425.146
10949,1425.170
10950,1425.195
10951,1425.219
10952,1425.394
10953,1425.419
10954,1425.443
10955,1425.468
10956,1425.494
10957,1425.668
10958,1425.692
10959,1425.717
10960,1425.742
10961,1425.782
10962,1426.003
10963,1426.044
10964,1426.083
10965,1426.124
10966,1426.225
10967,1426.274
10968,1426.299
10969,1426.319
10970,1426.354
10971,1426.534
10972,1426.558
10973,1426.583
10974,1426.609
10975,1426.633
10976,1426.718
10977,1426.752
10978,1426.767
10979,1426.781
10980,1426.795
10981,1426.809
10982,1426.823
10983,1426.838
10984,1426.852
10985,1426.868
10986,1426.890
10987,1426.922
10988,1427.092
10989,1427.116
10990,1427.139
10991,1427.162
10992,1427.186
10993,1427.359
10994,1427.383
10995,1427.407
10996,1427.430
10997,1427.469
10998,1427.677
10999,1427.712
11000,1427.748
11001,1427.785
11002,1427.822
11003,1428.024
11004,1428.049
11005,1428.074
11006,1428.100
11007,1428.124
11008,1428.306
11009,1428.331
11010,1428.356
11011,1428.382
11012,1428.406
11013,1428.583
11014,1428.606
11015,1428.629
11016,1428.653
11017,1428.677
11018,1428.857
11019,1428.880
11020,1428.903
11021,1428.926
11022,1428.950
11023,1429.127
11024,1429.151
11025,1429.177
11026,1429.201
11027,1429.242
11028,1429.344
11029,1429.391
11030,1429.412
11031,1429.440
11032,1429.489
11033,1429.697
11034,1429.742
11035,1429.769
11036,1429.796
11037,1429.822
11038,1429.904
11039,1429.935
11040,1429.950
11041,1429.969
11042,1430.000
11043,1430.191
11044,1430.216
11045,1430.240
11046,1430.263
11047,1430.287
11048,1430.367
11049,1430.396
11050,1430.411
11051,1430.431
11052,1430.464
11053,1430.639
11054,1430.664
11055,1430.688
11056,1430.712
11057,1430.737
11058,1430.903
11059,1431.009
11060,1431.037
11061,1431.066
11062,1431.095
11063,1431.121
11064,1431.146
11065,1431.172
11066,1431.198
11067,1431.225
11068,1431.252
11069,1431.280
11070,1431.310
11071,1431.342
11072,1431.363
11073,1431.566
11074,1431.591
11075,1431.615
11076,1431.885
11077,1431.986
11078,1432.013
11079,1432.213
11080,1432.237
11081,1432.262
11082,1432.463
11083,1432.488
11084,1432.513
11085,1432.617
11086,1432.699
11087,1432.714
11088,1432.729
11089,1432.750
11090,1432.775
11091,1432.799
11092,1432.824
11093,1432.890
11094,1433.000
11095,1433.257
11096,1433.286
11097,1433.312
11098,1433.336
11099,1433.546
11100,1433.572
11101,1433.598
11102,1433.624
11103,1433.836
11104,1433.861
11105,1433.886
11106,1433.911
11107,1434.122
11108,1434.147
11109,1434.172
11110,1434.197
11111,1434.422
11112,1434.448
11113,1434.473
11114,1434.499
11115,1434.728
11116,1434.768
11117,1434.808
11118,1434.845
11119,1434.976
11120,1435.087
11121,1435.104
11122,1435.119
11123,1435.134
11124,1435.149
11125,1435.193
11126,1435.267
11127,1435.473
11128,1435.499
11129,1435.523
11130,1435.546
11131,1435.746
11132,1435.769
11133,1435.794
11134,1435.818
11135,1436.021
11136,1436.045
11137,1436.069
11138,1436.093
11139,1436.294
11140,1436.318
11141,1436.343
11142,1436.384
11143,1436.521
11144,1436.628
11145,1436.649
11146,1436.671
11147,1436.692
11148,1436.713
11149,1436.737
11150,1436.761
11151,1436.775
11152,1436.789
11153,1436.802
11154,1436.816
11155,1436.829
11156,1436.844
11157,1436.857
11158,1436.870
11159,1436.883
11160,1436.895
11161,1436.908
11162,1436.921
11163,1436.933
11164,1436.946
11165,1436.985
11166,1437.058
11167,1437.252
11168,1437.275
11169,1437.298
11170,1437.322
11171,1437.524
11172,1437.548
11173,1437.572
11174,1437.596
11175,1437.826
11176,1437.852
11177,1437.891
11178,1437.929
11179,1438.182
11180,1438.223
11181,1438.264
11182,1438.304
11183,1438.539
11184,1438.564
11185,1438.590
11186,1438.614
11187,1438.826
11188,1438.854
11189,1438.879
11190,1438.904
11191,1439.130
11192,1439.156
11193,1439.182
11194,1439.208
11195,1439.430
11196,1439.457
11197,1439.484
11198,1439.509
11199,1439.744
11200,1439.769
11201,1439.797
11202,1439.841
11203,1440.112
11204,1440.148
11205,1440.187
11206,1440.225
11207,1440.479
11208,1440.504
11209,1440.531
11210,1440.555
11211,1440.813
11212,1440.841
11213,1440.867
11214,1440.892
11215,1441.116
11216,1441.142
11217,1441.166
11218,1441.191
11219,1441.403
11220,1441.428
11221,1441.452
11222,1441.477
11223,1441.691
11224,1441.716
11225,1441.741
11226,1441.765
11227,1442.031
11228,1442.069
11229,1442.107
11230,1442.147
11231,1442.418
11232,1442.445
11233,1442.472
11234,1442.498
11235,1442.720
11236,1442.745
11237,1442.770
11238,1442.796
11239,1443.010
11240,1443.034
11241,1443.058
11242,1443.083
11243,1443.294
11244,1443.318
11245,1443.344
11246,1443.368
11247,1443.569
11248,1443.594
11249,1443.619
11250,1443.821
11251,1443.862
11252,1443.902
11253,1444.150
11254,1444.188
11255,1444.227
11256,1444.461
11257,1444.486
11258,1444.510
11259,1444.711
11260,1444.735
11261,1444.757
11262,1444.956
11263,1444.979
11264,1445.001
11265,1445.192
11266,1445.214
11267,1445.236
11268,1445.385
11269,1445.467
11270,1445.483
11271,1445.500
11272,1445.517
11273,1445.535
11274,1445.552
11275,1445.568
11276,1445.585
11277,1445.602
11278,1445.618
11279,1445.641
11280,1445.669
11281,1445.696
11282,1445.725
11283,1445.958
11284,1445.997
11285,1446.033
11286,1446.171
11287,1446.187
11288,1446.203
11289,1446.403
11290,1446.427
11291,1446.452
11292,1446.655
11293,1446.680
11294,1446.704
11295,1446.803
11296,1446.876
11297,1446.890
11298,1446.904
11299,1446.916
11300,1446.929
11301,1446.942
11302,1446.954
11303,1446.995
11304,1447.069
11305,1447.269
11306,1447.293
11307,1447.318
11308,1447.342
11309,1447.600
11310,1447.637
11311,1447.673
11312,1447.712
11313,1447.978
11314,1448.007
11315,1448.033
11316,1448.058
11317,1448.265
11318,1448.290
11319,1448.317
11320,1448.343
11321,1448.563
11322,1448.588
11323,1448.613
11324,1448.636
11325,1448.832
11326,1448.855
11327,1448.879
11328,1448.903
11329,1449.006
11330,1449.083
11331,1449.097
11332,1449.111
11333,1449.125
11334,1449.139
11335,1449.182
11336,1449.287
11337,1449.547
11338,1449.585
11339,1449.624
11340,1449.663
11341,1449.883
11342,1449.907
11343,1449.930
11344,1449.953
11345,1450.153
11346,1450.179
11347,1450.202
11348,1450.226
11349,1450.426
11350,1450.450
11351,1450.474
11352,1450.497
11353,1450.601
11354,1450.681
11355,1450.696
11356,1450.710
11357,1450.725
11358,1450.739
11359,1450.754
11360,1450.767
11361,1450.782
11362,1450.798
11363,1450.812
11364,1450.826
11365,1450.839
11366,1450.853
11367,1450.866
11368,1450.889
11369,1450.913
11370,1450.936
11371,1450.960
11372,1450.984
11373,1451.008
11374,1451.030
11375,1451.096
11376,1451.214
11377,1451.444
11378,1451.469
11379,1451.495
11380,1451.519
11381,1451.728
11382,1451.752
11383,1451.777
11384,1451.803
11385,1452.035
11386,1452.061
11387,1452.087
11388,1452.113
11389,1452.330
11390,1452.354
11391,1452.378
11392,1452.403
11393,1452.623
11394,1452.646
11395,1452.669
11396,1452.711
11397,1452.974
11398,1453.012
11399,1453.050
11400,1453.090
11401,1453.342
11402,1453.366
11403,1453.391
11404,1453.414
11405,1453.647
11406,1453.673
11407,1453.701
11408,1453.725
11409,1453.929
11410,1453.953
11411,1453.976
11412,1454.000
11413,1454.228
11414,1454.253
11415,1454.278
11416,1454.305
11417,1454.528
11418,1454.552
11419,1454.576
11420,1454.599
11421,1454.897
11422,1454.938
11423,1454.981
11424,1455.022
11425,1455.288
11426,1455.315
11427,1455.340
11428,1455.366
11429,1455.586
11430,1455.611
11431,1455.637
11432,1455.664
11433,1455.881
11434,1455.905
11435,1455.929
11436,1455.954
11437,1456.171
11438,1456.194
11439,1456.218
11440,1456.242
11441,1456.469
11442,1456.494
11443,1456.519
11444,1456.543
11445,1456.799
11446,1456.838
11447,1456.877
11448,1456.913
11449,1457.197
11450,1457.252
11451,1457.277
11452,1457.303
11453,1457.518
11454,1457.542
11455,1457.567
11456,1457.592
11457,1457.798
11458,1457.824
11459,1457.849
11460,1458.056
11461,1458.080
11462,1458.105
11463,1458.310
11464,1458.335
11465,1458.360
11466,1458.565
11467,1458.590
11468,1458.614
11469,1458.848
11470,1458.889
11471,1458.925
11472,1459.179
11473,1459.218
11474,1459.261
11475,1459.460
11476,1459.484
11477,1459.507
11478,1459.603
11479,1459.680
11480,1459.695
11481,1459.772
11482,1460.073
11483,1460.226
11484,1460.297
11485,1460.311
11486,1460.392
11487,1460.468
11488,1460.545
11489,1460.631
11490,1460.651
11491,1460.674
11492,1460.698
11493,1460.722
11494,1460.781
11495,1460.882
11496,1460.903
11497,1460.924
11498,1460.947
11499,1461.023
11500,1461.057
11501,1461.072
11502,1461.086
11503,1461.099
11504,1461.113
11505,1461.126
11506,1461.139
11507,1461.193
11508,1461.264
11509,1461.296
11510,1461.311
11511,1461.324
11512,1461.343
11513,1461.356
11514,1461.369
11515,1461.392
11516,1461.424
11517,1461.591
11518,1461.613
11519,1461.635
11520,1461.659
11521,1461.682
11522,1461.854
11523,1461.877
11524,1461.900
11525,1461.924
11526,1461.948
11527,1462.121
11528,1462.144
11529,1462.180
11530,1462.217
11531,1462.257
11532,1462.458
11533,1462.495
11534,1462.532
11535,1462.571
11536,1462.610
11537,1462.786
11538,1462.809
11539,1462.833
11540,1462.856
11541,1462.881
11542,1463.048
11543,1463.073
11544,1463.097
11545,1463.121
11546,1463.198
11547,1463.229
11548,1463.241
11549,1463.261
11550,1463.290
11551,1463.468
11552,1463.490
11553,1463.514
11554,1463.538
11555,1463.561
11556,1463.641
11557,1463.672
11558,1463.686
11559,1463.700
11560,1463.713
11561,1463.727
11562,1463.741
11563,1463.753
11564,1463.772
11565,1463.794
11566,1463.825
11567,1463.874
11568,1464.093
11569,1464.132
11570,1464.170
11571,1464.209
11572,1464.250
11573,1464.428
11574,1464.453
11575,1464.475
11576,1464.498
11577,1464.521
11578,1464.696
11579,1464.721
11580,1464.745
11581,1464.769
11582,1464.792
11583,1464.965
11584,1464.988
11585,1465.011
11586,1465.034
11587,1465.056
11588,1465.236
11589,1465.258
11590,1465.282
11591,1465.305
11592,1465.329
11593,1465.509
11594,1465.531
11595,1465.566
11596,1465.605
11597,1465.645
11598,1465.864
11599,1465.902
11600,1465.940
11601,1465.978
11602,1466.024
11603,1466.215
11604,1466.241
11605,1466.266
11606,1466.290
11607,1466.314
11608,1466.396
11609,1466.429
11610,1466.444
11611,1466.467
11612,1466.499
11613,1466.676
11614,1466.700
11615,1466.724
11616,1466.750
11617,1466.777
11618,1466.866
11619,1466.900
11620,1466.916
11621,1466.939
11622,1466.974
11623,1467.168
11624,1467.192
11625,1467.216
11626,1467.241
11627,1467.267
11628,1467.361
11629,1467.415
11630,1467.441
11631,1467.478
11632,1467.529
11633,1467.745
11634,1467.785
11635,1467.825
11636,1467.864
11637,1467.891
11638,1468.367
11639,1468.408
11640,1468.888
11641,1468.928
11642,1469.414
11643,1469.456
11644,1469.968
11645,1470.037
11646,1470.632
11647,1470.676
11648,1471.176
11649,1471.218
11650,1471.708
11651,1471.749
11652,1471.791
11653,1471.832
11654,1472.060
11655,1472.082
11656,1472.162
11657,1472.176
11658,1472.191
11659,1472.205
11660,1472.314
11661,1472.337
11662,1472.917
11663,1472.983
11664,1473.143
11665,1473.224
11666,1473.239
11667,1473.255
11668,1473.270
11669,1473.286
11670,1473.303
11671,1473.322
11672,1473.339
11673,1473.355
11674,1473.371
11675,1473.388
11676,1473.403
11677,1473.419
11678,1473.435
11679,1473.623
11680,1473.646
11681,1473.669
11682,1473.779
11683,1473.851
11684,1473.865
11685,1474.063
11686,1474.087
11687,1474.111
11688,1474.338
11689,1474.375
11690,1474.412
11691,1474.539
11692,1474.643
11693,1474.667
11694,1474.692
11695,1474.709
11696,1474.724
11697,1474.739
11698,1474.754
11699,1474.797
11700,1474.872
11701,1475.084
11702,1475.110
11703,1475.136
11704,1475.162
11705,1475.389
11706,1475.414
11707,1475.441
11708,1475.466
11709,1475.685
11710,1475.710
11711,1475.737
11712,1475.762
11713,1475.994
11714,1476.019
11715,1476.044
11716,1476.070
11717,1476.345
11718,1476.381
11719,1476.420
11720,1476.459
11721,1476.721
11722,1476.748
11723,1476.775
11724,1476.802
11725,1476.908
11726,1476.988
11727,1477.004
11728,1477.019
11729,1477.033
11730,1477.048
11731,1477.093
11732,1477.169
11733,1477.384
11734,1477.410
11735,1477.436
11736,1477.462
11737,1477.695
11738,1477.720
11739,1477.746
11740,1477.773
11741,1477.999
11742,1478.036
11743,1478.078
11744,1478.120
11745,1478.401
11746,1478.444
11747,1478.485
11748,1478.529
11749,1478.647
11750,1478.732
11751,1478.746
11752,1478.761
11753,1478.776
11754,1478.791
11755,1478.806
11756,1478.822
11757,1478.837
11758,1478.853
11759,1478.869
11760,1478.885
11761,1478.900
11762,1478.916
11763,1478.931
11764,1478.946
11765,1478.961
11766,1478.976
11767,1478.991
11768,1479.005
11769,1479.020
11770,1479.036
11771,1479.080
11772,1479.168
11773,1479.408
11774,1479.437
11775,1479.465
11776,1479.493
11777,1479.724
11778,1479.749
11779,1479.792
11780,1479.832
11781,1480.140
11782,1480.184
11783,1480.229
11784,1480.278
11785,1480.509
11786,1480.536
11787,1480.562
11788,1480.588
11789,1480.818
11790,1480.845
11791,1480.872
11792,1480.899
11793,1481.125
11794,1481.150
11795,1481.176
11796,1481.201
11797,1481.431
11798,1481.457
11799,1481.483
11800,1481.509
11801,1481.758
11802,1481.786
11803,1481.822
11804,1481.863
11805,1482.137
11806,1482.176
11807,1482.215
11808,1482.254
11809,1482.520
11810,1482.546
11811,1482.571
11812,1482.594
11813,1482.824
11814,1482.852
11815,1482.878
11816,1482.903
11817,1483.141
11818,1483.168
11819,1483.194
11820,1483.219
11821,1483.449
11822,1483.475
11823,1483.503
11824,1483.528
11825,1483.748
11826,1483.772
11827,1483.796
11828,1483.837
11829,1484.103
11830,1484.139
11831,1484.177
11832,1484.217
11833,1484.355
11834,1484.437
11835,1484.452
11836,1484.467
11837,1484.511
11838,1484.586
11839,1484.600
11840,1484.614
11841,1484.658
11842,1484.737
11843,1484.751
11844,1484.765
11845,1484.981
11846,1485.004
11847,1485.028
11848,1485.051
11849,1485.270
11850,1485.296
11851,1485.321
11852,1485.346
11853,1485.560
11854,1485.585
11855,1485.622
11856,1485.760
11857,1485.864
11858,1485.887
11859,1485.951
11860,1486.063
11861,1486.109
11862,1486.191
11863,1486.205
11864,1486.249
11865,1486.322
11866,1486.556
11867,1486.581
11868,1486.605
11869,1486.706
11870,1486.779
11871,1486.792
11872,1486.835
11873,1486.909
11874,1486.955
11875,1487.041
11876,1487.056
11877,1487.101
11878,1487.178
11879,1487.232
11880,1487.343
11881,1487.366
11882,1487.429
11883,1487.541
11884,1487.659
11885,1487.685
11886,1487.791
11887,1487.806
11888,1487.821
11889,1487.835
11890,1487.895
11891,1487.932
11892,1487.975
11893,1488.057
11894,1488.139
11895,1488.150
11896,1488.162
11897,1488.245
11898,1488.260
11899,1488.271
11900,1488.282
11901,1488.307
11902,1488.340
11903,1488.426
11904,1488.437
11905,1488.448
11906,1488.459
11907,1488.511
11908,1488.533
11909,1488.577
11910,1488.652
11911,1488.696
11912,1488.772
11913,1488.814
11914,1488.920
11915,1488.985
11916,1489.091
11917,1489.156
11918,1489.267
11919,1489.313
11920,1489.392
11921,1489.437
11922,1489.452
11923,1489.466
11924,1489.481
11925,1489.495
11926,1489.509
11927,1489.524
11928,1489.539
11929,1489.553
11930,1489.628
11931,1489.642
11932,1489.653
11933,1489.663
11934,1489.673
11935,1489.761
11936,1489.883
11937,1489.940
11938,1489.950
11939,1490.023
11940,1490.092
11941,1490.102
11942,1490.137
11943,1490.148
11944,1490.159
11945,1490.169
11946,1490.207
11947,1490.222
11948,1490.236
11949,1490.312
11950,1490.323
11951,1490.333
11952,1490.343
11953,1490.447
11954,1490.561
11955,1490.576
11956,1490.590
11957,1490.689
11958,1490.807
11959,1490.825
11960,1490.843
11961,1490.989
11962,1491.012
11963,1491.148
11964,1491.167
11965,1491.260
11966,1491.320
11967,1491.335
11968,1491.488
11969,1491.507
11970,1491.526
11971,1491.716
11972,1491.739
11973,1491.762
11974,1491.856
11975,1491.919
11976,1491.934
11977,1492.108
11978,1492.132
11979,1492.155
11980,1492.176
11981,1492.270
11982,1492.354
11983,1492.409
11984,1492.498
11985,1492.564
11986,1492.654
11987,1492.715
11988,1492.740
11989,1492.778
11990,1492.820
11991,1493.538
11992,1493.575
11993,1493.610
11994,1493.980
11995,1494.325
11996,1494.350
11997,1494.374
11998,1494.613
11999,1494.726
12000,1494.924
12001,1494.953
12002,1495.058
12003,1495.077
12004,1495.480
12005,1495.507
12006,1495.762
12007,1495.839
12008,1495.863
12009,1495.877
12010,1495.934
12011,1496.094
12012,1496.116
12013,1496.528
12014,1496.554
12015,1496.799
12016,1496.965
12017,1496.993
12018,1498.941
12019,1499.007
12020,1500.992
12021,1501.106
12022,1501.243
12023,1501.259
12024,1501.276
12025,1501.338
12026,1501.355
12027,1501.371
12028,1501.390
12029,1501.409
12030,1501.430
12031,1501.448
12032,1501.539
12033,1501.551
12034,1501.563
12035,1501.628
12036,1501.643
12037,1501.658
12038,1501.670
12039,1501.684
12040,1501.698
12041,1501.729
12042,1501.743
12043,1501.757
12044,1501.826
12045,1501.863
12046,1501.878
12047,1501.893
12048,1501.907
12049,1501.922
12050,1501.936
12051,1501.950
12052,1502.010
12053,1502.087
12054,1502.120
12055,1502.134
12056,1502.148
12057,1502.162
12058,1502.176
12059,1502.190
12060,1502.211
12061,1502.244
12062,1502.467
12063,1502.493
12064,1502.521
12065,1502.552
12066,1502.582
12067,1502.815
12068,1502.864
12069,1502.909
12070,1502.953
12071,1502.994
12072,1503.265
12073,1503.311
12074,1503.343
12075,1503.373
12076,1503.402
12077,1503.624
12078,1503.650
12079,1503.677
12080,1503.707
12081,1503.735
12082,1503.957
12083,1503.983
12084,1504.009
12085,1504.036
12086,1504.063
12087,1504.273
12088,1504.299
12089,1504.328
12090,1504.356
12091,1504.439
12092,1504.473
12093,1504.487
12094,1504.509
12095,1504.540
12096,1504.767
12097,1504.809
12098,1504.853
12099,1504.897
12100,1504.936
12101,1505.039
12102,1505.088
12103,1505.111
12104,1505.137
12105,1505.159
12106,1505.174
12107,1505.189
12108,1505.203
12109,1505.217
12110,1505.232
12111,1505.253
12112,1505.286
12113,1505.512
12114,1505.540
12115,1505.571
12116,1505.600
12117,1505.629
12118,1505.848
12119,1505.876
12120,1505.904
12121,1505.935
12122,1505.965
12123,1506.197
12124,1506.224
12125,1506.252
12126,1506.281
12127,1506.308
12128,1506.536
12129,1506.573
12130,1506.616
12131,1506.663
12132,1506.708
12133,1506.982
12134,1507.024
12135,1507.072
12136,1507.102
12137,1507.132
12138,1507.361
12139,1507.387
12140,1507.415
12141,1507.443
12142,1507.473
12143,1507.702
12144,1507.727
12145,1507.754
12146,1507.781
12147,1507.807
12148,1508.028
12149,1508.055
12150,1508.086
12151,1508.117
12152,1508.149
12153,1508.262
12154,1508.295
12155,1508.311
12156,1508.334
12157,1508.366
12158,1508.615
12159,1508.659
12160,1508.703
12161,1508.744
12162,1508.788
12163,1508.893
12164,1508.946
12165,1508.966
12166,1508.989
12167,1509.026
12168,1509.249
12169,1509.276
12170,1509.304
12171,1509.333
12172,1509.361
12173,1509.448
12174,1509.480
12175,1509.494
12176,1509.516
12177,1509.547
12178,1509.769
12179,1509.795
12180,1509.823
12181,1509.851
12182,1509.879
12183,1510.047
12184,1510.120
12185,1510.138
12186,1510.158
12187,1510.177
12188,1510.196
12189,1510.221
12190,1510.252
12191,1510.284
12192,1510.317
12193,1510.347
12194,1510.376
12195,1510.406
12196,1510.437
12197,1510.470
12198,1510.752
12199,1510.780
12200,1510.809
12201,1510.998
12202,1511.019
12203,1511.043
12204,1511.066
12205,1511.305
12206,1511.333
12207,1511.361
12208,1511.609
12209,1511.637
12210,1511.668
12211,1511.773
12212,1511.833
12213,1511.849
12214,1511.864
12215,1511.879
12216,1511.895
12217,1511.910
12218,1511.925
12219,1511.962
12220,1512.036
12221,1512.332
12222,1512.374
12223,1512.418
12224,1512.462
12225,1512.752
12226,1512.781
12227,1512.811
12228,1512.838
12229,1513.082
12230,1513.112
12231,1513.141
12232,1513.169
12233,1513.412
12234,1513.438
12235,1513.465
12236,1513.492
12237,1513.750
12238,1513.778
12239,1513.806
12240,1513.834
12241,1514.078
12242,1514.115
12243,1514.161
12244,1514.209
12245,1514.335
12246,1514.421
12247,1514.442
12248,1514.463
12249,1514.500
12250,1514.513
12251,1514.550
12252,1514.612
12253,1514.854
12254,1514.881
12255,1514.909
12256,1514.936
12257,1515.178
12258,1515.206
12259,1515.233
12260,1515.259
12261,1515.510
12262,1515.540
12263,1515.569
12264,1515.597
12265,1515.836
12266,1515.864
12267,1515.891
12268,1515.917
12269,1516.045
12270,1516.139
12271,1516.160
12272,1516.181
12273,1516.201
12274,1516.222
12275,1516.243
12276,1516.264
12277,1516.286
12278,1516.309
12279,1516.335
12280,1516.350
12281,1516.365
12282,1516.381
12283,1516.396
12284,1516.410
12285,1516.425
12286,1516.440
12287,1516.454
12288,1516.468
12289,1516.483
12290,1516.496
12291,1516.531
12292,1516.591
12293,1516.836
12294,1516.863
12295,1516.890
12296,1516.916
12297,1517.168
12298,1517.197
12299,1517.225
12300,1517.254
12301,1517.537
12302,1517.569
12303,1517.602
12304,1517.649
12305,1517.942
12306,1517.984
12307,1518.027
12308,1518.072
12309,1518.366
12310,1518.395
12311,1518.424
12312,1518.452
12313,1518.711
12314,1518.741
12315,1518.771
12316,1518.799
12317,1519.067
12318,1519.095
12319,1519.124
12320,1519.153
12321,1519.425
12322,1519.455
12323,1519.485
12324,1519.513
12325,1519.768
12326,1519.815
12327,1519.860
12328,1519.906
12329,1520.218
12330,1520.260
12331,1520.309
12332,1520.340
12333,1520.607
12334,1520.634
12335,1520.662
12336,1520.692
12337,1520.978
12338,1521.009
12339,1521.040
12340,1521.070
12341,1521.341
12342,1521.372
12343,1521.401
12344,1521.430
12345,1521.696
12346,1521.724
12347,1521.752
12348,1521.781
12349,1522.095
12350,1522.138
12351,1522.181
12352,1522.224
12353,1522.530
12354,1522.559
12355,1522.589
12356,1522.620
12357,1522.887
12358,1522.916
12359,1522.947
12360,1522.976
12361,1523.247
12362,1523.275
12363,1523.304
12364,1523.332
12365,1523.593
12366,1523.623
12367,1523.652
12368,1523.683
12369,1523.945
12370,1523.975
12371,1524.004
12372,1524.046
12373,1524.367
12374,1524.411
12375,1524.455
12376,1524.766
12377,1524.798
12378,1524.830
12379,1525.098
12380,1525.127
12381,1525.155
12382,1525.420
12383,1525.451
12384,1525.480
12385,1525.745
12386,1525.774
12387,1525.804
12388,1526.067
12389,1526.097
12390,1526.126
12391,1526.379
12392,1526.408
12393,1526.446
12394,1526.547
12395,1526.622
12396,1526.639
12397,1526.655
12398,1526.671
12399,1526.687
12400,1526.702
12401,1526.717
12402,1526.852
12403,1526.868
12404,1526.884
12405,1526.967
12406,1526.984
12407,1526.994
12408,1527.005
12409,1527.040
12410,1527.055
12411,1527.069
12412,1527.082
12413,1527.097
12414,1527.110
12415,1527.140
12416,1527.153
12417,1527.166
12418,1527.177
12419,1527.190
12420,1527.203
12421,1527.214
12422,1527.223
12423,1527.233
12424,1527.242
12425,1527.284
12426,1527.295
12427,1527.305
12428,1527.316
12429,1527.327
12430,1527.335
12431,1527.349
12432,1527.362
12433,1527.371
12434,1527.381
12435,1527.390
12436,1527.399
12437,1527.410
12438,1527.419
12439,1527.428
12440,1527.437
12441,1527.446
12442,1527.489
12443,1527.501
12444,1527.511
12445,1527.522
12446,1527.533
12447,1527.544
12448,1527.554
12449,1527.598
12450,1527.609
12451,1527.620
12452,1527.631
12453,1527.673
12454,1527.684
12455,1527.694
12456,1527.704
12457,1527.713
12458,1527.722
12459,1527.732
12460,1527.741
12461,1527.784
12462,1527.795
12463,1527.805
12464,1527.815
12465,1527.824
12466,1527.834
12467,1527.843
12468,1527.852
12469,1527.869
12470,1527.885
12471,1527.901
12472,1527.918
12473,1527.940
12474,1527.965
12475,1527.982
12476,1527.997
12477,1528.012
12478,1528.026
12479,1528.041
12480,1528.134
12481,1528.321
12482,1528.334
12483,1528.344
12484,1528.354
12485,1528.364
12486,1528.458
12487,1528.470
12488,1528.482
12489,1528.558
12490,1528.569
12491,1528.580
12492,1528.663
12493,1528.674
12494,1528.684
12495,1528.694
12496,1528.703
12497,1528.745
12498,1528.755
12499,1528.765
12500,1528.776
12501,1528.786
12502,1528.795
12503,1528.808
12504,1528.821
12505,1528.830
12506,1528.844
12507,1528.857
12508,1529.034
12509,1529.055
12510,1529.077
12511,1529.174
12512,1529.238
12513,1529.358
12514,1529.377
12515,1529.551
12516,1529.631
12517,1529.651
12518,1529.674
12519,1529.707
12520,1529.739
12521,1529.773
12522,1529.807
12523,1529.838
12524,1529.871
12525,1529.903
12526,1529.935
12527,1529.967
12528,1530.000
12529,1530.038
12530,1530.309
12531,1530.341
12532,1530.368
12533,1530.579
12534,1530.602
12535,1530.628
12536,1530.652
12537,1530.913
12538,1530.942
12539,1530.971
12540,1531.245
12541,1531.275
12542,1531.306
12543,1531.409
12544,1531.474
12545,1531.489
12546,1531.505
12547,1531.520
12548,1531.534
12549,1531.549
12550,1531.565
12551,1531.616
12552,1531.710
12553,1532.021
12554,1532.065
12555,1532.114
12556,1532.145
12557,1532.410
12558,1532.439
12559,1532.468
12560,1532.498
12561,1532.764
12562,1532.794
12563,1532.824
12564,1532.854
12565,1533.128
12566,1533.158
12567,1533.189
12568,1533.218
12569,1533.499
12570,1533.528
12571,1533.557
12572,1533.586
12573,1533.872
12574,1533.922
12575,1533.964
12576,1534.006
12577,1534.134
12578,1534.231
12579,1534.247
12580,1534.262
12581,1534.278
12582,1534.293
12583,1534.331
12584,1534.396
12585,1534.671
12586,1534.701
12587,1534.730
12588,1534.760
12589,1535.024
12590,1535.052
12591,1535.082
12592,1535.111
12593,1535.371
12594,1535.400
12595,1535.429
12596,1535.460
12597,1535.721
12598,1535.758
12599,1535.805
12600,1535.853
12601,1535.993
12602,1536.094
12603,1536.118
12604,1536.141
12605,1536.168
12606,1536.196
12607,1536.217
12608,1536.234
12609,1536.251
12610,1536.266
12611,1536.282
12612,1536.298
12613,1536.315
12614,1536.330
12615,1536.345
12616,1536.359
12617,1536.374
12618,1536.389
12619,1536.405
12620,1536.420
12621,1536.436
12622,1536.455
12623,1536.496
12624,1536.560
12625,1536.834
12626,1536.864
12627,1536.893
12628,1536.923
12629,1537.197
12630,1537.226
12631,1537.255
12632,1537.285
12633,1537.575
12634,1537.618
12635,1537.668
12636,1537.721
12637,1538.049
12638,1538.092
12639,1538.140
12640,1538.169
12641,1538.436
12642,1538.466
12643,1538.494
12644,1538.523
12645,1538.794
12646,1538.821
12647,1538.849
12648,1538.877
12649,1539.152
12650,1539.180
12651,1539.213
12652,1539.243
12653,1539.536
12654,1539.568
12655,1539.600
12656,1539.632
12657,1539.960
12658,1540.004
12659,1540.047
12660,1540.092
12661,1540.425
12662,1540.457
12663,1540.487
12664,1540.516
12665,1540.798
12666,1540.832
12667,1540.861
12668,1540.891
12669,1541.181
12670,1541.212
12671,1541.243
12672,1541.273
12673,1541.553
12674,1541.583
12675,1541.615
12676,1541.644
12677,1541.913
12678,1541.955
12679,1541.999
12680,1542.047
12681,1542.364
12682,1542.407
12683,1542.453
12684,1542.493
12685,1542.767
12686,1542.797
12687,1542.826
12688,1542.861
12689,1543.132
12690,1543.161
12691,1543.188
12692,1543.216
12693,1543.482
12694,1543.512
12695,1543.542
12696,1543.571
12697,1543.837
12698,1543.866
12699,1543.894
12700,1543.922
12701,1544.214
12702,1544.263
12703,1544.306
12704,1544.348
12705,1544.652
12706,1544.691
12707,1544.721
12708,1544.982
12709,1545.011
12710,1545.040
12711,1545.294
12712,1545.323
12713,1545.352
12714,1545.602
12715,1545.630
12716,1545.659
12717,1545.920
12718,1545.948
12719,1545.975
12720,1546.234
12721,1546.262
12722,1546.289
12723,1546.591
12724,1546.634
12725,1546.675
12726,1546.882
12727,1546.978
12728,1546.998
12729,1547.019
12730,1547.038
12731,1547.058
12732,1547.077
12733,1547.096
12734,1547.115
12735,1547.134
12736,1547.154
12737,1547.174
12738,1547.196
12739,1547.217
12740,1547.237
12741,1547.393
12742,1547.412
12743,1547.431
12744,1547.590
12745,1547.610
12746,1547.630
12747,1547.792
12748,1547.812
12749,1547.832
12750,1547.989
12751,1548.011
12752,1548.032
12753,1548.130
12754,1548.190
12755,1548.207
12756,1548.231
12757,1548.252
12758,1548.274
12759,1548.298
12760,1548.321
12761,1548.371
12762,1548.455
12763,1548.654
12764,1548.681
12765,1548.703
12766,1548.723
12767,1548.890
12768,1548.911
12769,1548.931
12770,1548.952
12771,1549.125
12772,1549.147
12773,1549.169
12774,1549.191
12775,1549.359
12776,1549.381
12777,1549.403
12778,1549.424
12779,1549.597
12780,1549.619
12781,1549.640
12782,1549.661
12783,1549.824
12784,1549.845
12785,1549.865
12786,1549.885
12787,1549.981
12788,1550.050
12789,1550.071
12790,1550.093
12791,1550.116
12792,1550.139
12793,1550.187
12794,1550.267
12795,1550.467
12796,1550.504
12797,1550.525
12798,1550.546
12799,1550.708
12800,1550.729
12801,1550.750
12802,1550.771
12803,1550.933
12804,1550.953
12805,1550.972
12806,1550.991
12807,1551.148
12808,1551.168
12809,1551.186
12810,1551.206
12811,1551.308
12812,1551.371
12813,1551.386
12814,1551.401
12815,1551.415
12816,1551.431
12817,1551.445
12818,1551.459
12819,1551.474
12820,1551.490
12821,1551.506
12822,1551.522
12823,1551.537
12824,1551.552
12825,1551.568
12826,1551.584
12827,1551.599
12828,1551.614
12829,1551.642
12830,1551.668
12831,1551.693
12832,1551.717
12833,1551.771
12834,1551.860
12835,1552.067
12836,1552.105
12837,1552.129
12838,1552.152
12839,1552.322
12840,1552.343
12841,1552.364
12842,1552.385
12843,1552.564
12844,1552.586
12845,1552.608
12846,1552.629
12847,1552.796
12848,1552.816
12849,1552.836
12850,1552.856
12851,1553.022
12852,1553.043
12853,1553.064
12854,1553.085
12855,1553.254
12856,1553.274
12857,1553.295
12858,1553.317
12859,1553.487
12860,1553.510
12861,1553.546
12862,1553.580
12863,1553.793
12864,1553.823
12865,1553.854
12866,1553.886
12867,1554.088
12868,1554.109
12869,1554.130
12870,1554.150
12871,1554.320
12872,1554.341
12873,1554.362
12874,1554.382
12875,1554.552
12876,1554.572
12877,1554.592
12878,1554.613
12879,1554.782
12880,1554.802
12881,1554.823
12882,1554.844
12883,1555.015
12884,1555.035
12885,1555.056
12886,1555.076
12887,1555.245
12888,1555.266
12889,1555.287
12890,1555.309
12891,1555.493
12892,1555.525
12893,1555.559
12894,1555.592
12895,1555.795
12896,1555.827
12897,1555.859
12898,1555.893
12899,1556.082
12900,1556.104
12901,1556.127
12902,1556.149
12903,1556.334
12904,1556.356
12905,1556.379
12906,1556.403
12907,1556.571
12908,1556.592
12909,1556.613
12910,1556.635
12911,1556.812
12912,1556.834
12913,1556.857
12914,1556.878
12915,1557.044
12916,1557.064
12917,1557.085
12918,1557.247
12919,1557.269
12920,1557.290
12921,1557.460
12922,1557.496
12923,1557.529
12924,1557.726
12925,1557.759
12926,1557.791
12927,1557.997
12928,1558.029
12929,1558.051
12930,1558.217
12931,1558.237
12932,1558.257
12933,1558.419
12934,1558.441
12935,1558.461
12936,1558.565
12937,1558.638
12938,1558.652
12939,1558.730
12940,1558.894
12941,1558.908
12942,1559.051
12943,1559.069
12944,1559.087
12945,1559.193
12946,1559.273
12947,1559.288
12948,1559.342
12949,1559.456
12950,1559.479
12951,1559.502
12952,1559.622
12953,1559.647
12954,1559.670
12955,1559.792
12956,1559.815
12957,1559.830
12958,1559.846
12959,1559.937
12960,1560.016
12961,1560.030
12962,1560.045
12963,1560.131
12964,1560.209
12965,1560.224
12966,1560.238
12967,1560.252
12968,1560.402
12969,1560.420
12970,1560.438
12971,1560.457
12972,1560.478
12973,1560.497
12974,1560.691
12975,1560.714
12976,1560.735
12977,1560.757
12978,1560.779
12979,1560.888
12980,1560.966
12981,1560.980
12982,1560.993
12983,1561.275
12984,1561.314
12985,1561.350
12986,1561.388
12987,1561.625
12988,1561.653
12989,1561.675
12990,1561.697
12991,1561.719
12992,1561.740
12993,1561.852
12994,1561.867
12995,1561.882
12996,1561.896
12997,1561.910
12998,1561.924
12999,1562.114
13000,1562.134
13001,1562.153
13002,1562.172
13003,1562.191
13004,1562.211
13005,1562.231
13006,1562.338
13007,1562.353
13008,1562.367
13009,1562.382
13010,1562.488
13011,1562.565
13012,1562.579
13013,1562.595
13014,1562.756
13015,1562.775
13016,1562.808
13017,1562.837
13018,1562.976
13019,1563.128
13020,1563.245
13021,1563.264
13022,1563.279
13023,1563.369
13024,1563.389
13025,1563.403
13026,1563.414
13027,1563.424
13028,1563.517
13029,1563.534
13030,1563.643
13031,1563.719
13032,1563.736
13033,1563.760
13034,1563.775
13035,1563.890
13036,1563.907
13037,1564.075
13038,1564.098
13039,1564.271
13040,1564.293
13041,1564.420
13042,1564.438
13043,1564.611
13044,1564.679
13045,1564.699
13046,1564.723
13047,1564.755
13048,1564.788
13049,1564.821
13050,1564.852
13051,1564.881
13052,1564.913
13053,1564.944
13054,1564.976
13055,1565.008
13056,1565.043
13057,1565.075
13058,1565.244
13059,1565.266
13060,1565.287
13061,1565.459
13062,1565.481
13063,1565.503
13064,1565.671
13065,1565.693
13066,1565.714
13067,1565.884
13068,1565.904
13069,1565.925
13070,1566.027
13071,1566.085
13072,1566.100
13073,1566.115
13074,1566.129
13075,1566.143
13076,1566.157
13077,1566.171
13078,1566.208
13079,1566.268
13080,1566.465
13081,1566.499
13082,1566.535
13083,1566.566
13084,1566.794
13085,1566.826
13086,1566.865
13087,1566.893
13088,1567.071
13089,1567.091
13090,1567.113
13091,1567.133
13092,1567.306
13093,1567.330
13094,1567.353
13095,1567.374
13096,1567.562
13097,1567.584
13098,1567.606
13099,1567.626
13100,1567.800
13101,1567.821
13102,1567.842
13103,1567.865
13104,1567.963
13105,1568.020
13106,1568.034
13107,1568.048
13108,1568.062
13109,1568.076
13110,1568.114
13111,1568.195
13112,1568.415
13113,1568.448
13114,1568.484
13115,1568.518
13116,1568.722
13117,1568.747
13118,1568.766
13119,1568.789
13120,1568.970
13121,1568.993
13122,1569.017
13123,1569.041
13124,1569.229
13125,1569.252
13126,1569.275
13127,1569.297
13128,1569.408
13129,1569.471
13130,1569.485
13131,1569.500
13132,1569.514
13133,1569.529
13134,1569.544
13135,1569.559
13136,1569.574
13137,1569.590
13138,1569.604
13139,1569.618
13140,1569.632
13141,1569.646
13142,1569.661
13143,1569.674
13144,1569.688
13145,1569.701
13146,1569.715
13147,1569.730
13148,1569.745
13149,1569.759
13150,1569.817
13151,1569.913
13152,1570.148
13153,1570.182
13154,1570.217
13155,1570.252
13156,1570.454
13157,1570.478
13158,1570.501
13159,1570.522
13160,1570.732
13161,1570.758
13162,1570.785
13163,1570.812
13164,1570.995
13165,1571.016
13166,1571.038
13167,1571.059
13168,1571.237
13169,1571.260
13170,1571.283
13171,1571.305
13172,1571.492
13173,1571.515
13174,1571.539
13175,1571.561
13176,1571.752
13177,1571.792
13178,1571.826
13179,1571.863
13180,1572.113
13181,1572.151
13182,1572.190
13183,1572.234
13184,1572.426
13185,1572.449
13186,1572.472
13187,1572.495
13188,1572.690
13189,1572.716
13190,1572.743
13191,1572.765
13192,1572.956
13193,1572.980
13194,1573.004
13195,1573.027
13196,1573.242
13197,1573.267
13198,1573.294
13199,1573.321
13200,1573.526
13201,1573.551
13202,1573.577
13203,1573.603
13204,1573.827
13205,1573.867
13206,1573.909
13207,1573.944
13208,1574.181
13209,1574.221
13210,1574.259
13211,1574.284
13212,1574.478
13213,1574.502
13214,1574.524
13215,1574.546
13216,1574.751
13217,1574.777
13218,1574.803
13219,1574.826
13220,1575.025
13221,1575.049
13222,1575.072
13223,1575.096
13224,1575.279
13225,1575.304
13226,1575.329
13227,1575.352
13228,1575.539
13229,1575.564
13230,1575.590
13231,1575.612
13232,1575.735
13233,1575.759
13234,1575.784
13235,1575.809
13236,1575.935
13237,1576.021
13238,1576.126
13239,1576.210
13240,1576.292
13241,1576.307
13242,1576.323
13243,1576.338
13244,1576.444
13245,1576.506
13246,1576.692
13247,1576.716
13248,1576.740
13249,1576.930
13250,1576.952
13251,1576.974
13252,1577.153
13253,1577.176
13254,1577.198
13255,1577.385
13256,1577.409
13257,1577.433
13258,1577.622
13259,1577.646
13260,1577.671
13261,1577.903
13262,1577.936
13263,1577.968
13264,1578.189
13265,1578.297
13266,1578.319
13267,1578.341
13268,1578.362
13269,1578.384
13270,1578.404
13271,1578.424
13272,1578.445
13273,1578.465
13274,1578.486
13275,1578.508
13276,1578.530
13277,1578.551
13278,1578.572
13279,1578.740
13280,1578.762
13281,1578.783
13282,1578.949
13283,1578.970
13284,1578.992
13285,1579.164
13286,1579.187
13287,1579.210
13288,1579.382
13289,1579.404
13290,1579.425
13291,1579.537
13292,1579.626
13293,1579.650
13294,1579.673
13295,1579.696
13296,1579.718
13297,1579.741
13298,1579.764
13299,1579.819
13300,1579.910
13301,1580.101
13302,1580.124
13303,1580.147
13304,1580.170
13305,1580.354
13306,1580.378
13307,1580.404
13308,1580.427
13309,1580.619
13310,1580.641
13311,1580.665
13312,1580.688
13313,1580.870
13314,1580.893
13315,1580.916
13316,1580.938
13317,1581.133
13318,1581.156
13319,1581.179
13320,1581.203
13321,1581.381
13322,1581.410
13323,1581.446
13324,1581.482
13325,1581.617
13326,1581.699
13327,1581.721
13328,1581.743
13329,1581.766
13330,1581.790
13331,1581.844
13332,1581.908
13333,1582.090
13334,1582.114
13335,1582.136
13336,1582.159
13337,1582.341
13338,1582.364
13339,1582.387
13340,1582.409
13341,1582.586
13342,1582.608
13343,1582.630
13344,1582.652
13345,1582.831
13346,1582.853
13347,1582.877
13348,1582.899
13349,1583.006
13350,1583.073
13351,1583.088
13352,1583.103
13353,1583.119
13354,1583.134
13355,1583.153
13356,1583.180
13357,1583.203
13358,1583.228
13359,1583.253
13360,1583.278
13361,1583.301
13362,1583.324
13363,1583.347
13364,1583.370
13365,1583.394
13366,1583.416
13367,1583.438
13368,1583.462
13369,1583.486
13370,1583.514
13371,1583.556
13372,1583.617
13373,1583.793
13374,1583.815
13375,1583.837
13376,1583.859
13377,1584.041
13378,1584.065
13379,1584.087
13380,1584.110
13381,1584.312
13382,1584.336
13383,1584.360
13384,1584.384
13385,1584.558
13386,1584.580
13387,1584.602
13388,1584.625
13389,1584.800
13390,1584.821
13391,1584.842
13392,1584.871
13393,1585.093
13394,1585.125
13395,1585.158
13396,1585.192
13397,1585.413
13398,1585.442
13399,1585.464
13400,1585.487
13401,1585.687
13402,1585.711
13403,1585.735
13404,1585.759
13405,1585.942
13406,1585.964
13407,1585.985
13408,1586.007
13409,1586.193
13410,1586.217
13411,1586.240
13412,1586.262
13413,1586.449
13414,1586.473
13415,1586.497
13416,1586.519
13417,1586.725
13418,1586.750
13419,1586.777
13420,1586.818
13421,1587.052
13422,1587.089
13423,1587.125
13424,1587.164
13425,1587.382
13426,1587.407
13427,1587.431
13428,1587.454
13429,1587.636
13430,1587.660
13431,1587.681
13432,1587.704
13433,1587.883
13434,1587.906
13435,1587.926
13436,1587.946
13437,1588.125
13438,1588.148
13439,1588.170
13440,1588.192
13441,1588.406
13442,1588.429
13443,1588.451
13444,1588.474
13445,1588.653
13446,1588.676
13447,1588.700
13448,1588.735
13449,1588.961
13450,1588.996
13451,1589.034
13452,1589.068
13453,1589.281
13454,1589.304
13455,1589.327
13456,1589.510
13457,1589.532
13458,1589.553
13459,1589.733
13460,1589.757
13461,1589.779
13462,1589.951
13463,1589.973
13464,1589.995
13465,1590.178
13466,1590.201
13467,1590.223
13468,1590.405
13469,1590.428
13470,1590.450
13471,1590.625
13472,1590.647
13473,1590.669
13474,1590.804
13475,1590.917
13476,1590.938
13477,1591.042
13478,1591.354
13479,1591.440
13480,1591.529
13481,1591.605
13482,1591.620
13483,1591.633
13484,1591.717
13485,1591.796
13486,1591.879
13487,1591.955
13488,1591.969
13489,1591.983
13490,1591.997
13491,1592.177
13492,1592.269
13493,1592.288
13494,1592.308
13495,1592.327
13496,1592.347
13497,1592.367
13498,1592.388
13499,1592.408
13500,1592.429
13501,1592.455
13502,1592.487
13503,1592.520
13504,1592.553
13505,1592.587
13506,1592.829
13507,1592.959
13508,1593.454
13509,1593.497
13510,1593.540
13511,1594.023
13512,1594.064
13513,1594.104
13514,1594.590
13515,1594.633
13516,1594.674
13517,1595.239
13518,1595.305
13519,1595.372
13520,1595.507
13521,1595.591
13522,1595.607
13523,1595.621
13524,1595.635
13525,1595.649
13526,1595.663
13527,1595.677
13528,1595.721
13529,1595.802
13530,1596.312
13531,1596.355
13532,1596.401
13533,1596.444
13534,1596.951
13535,1596.994
13536,1597.060
13537,1597.129
13538,1597.718
13539,1597.762
13540,1597.807
13541,1597.849
13542,1598.346
13543,1598.390
13544,1598.434
13545,1598.477
13546,1598.981
13547,1599.024
13548,1599.067
13549,1599.109
13550,1599.670
13551,1599.744
13552,1599.809
13553,1599.872
13554,1599.986
13555,1600.061
13556,1600.075
13557,1600.089
13558,1600.102
13559,1600.116
13560,1600.158
13561,1600.233
13562,1600.716
13563,1600.759
13564,1600.803
13565,1600.848
13566,1601.340
13567,1601.381
13568,1601.439
13569,1601.507
13570,1602.075
13571,1602.125
13572,1602.169
13573,1602.213
13574,1602.704
13575,1602.748
13576,1602.789
13577,1602.832
13578,1602.950
13579,1603.031
13580,1603.045
13581,1603.060
13582,1603.075
13583,1603.090
13584,1603.104
13585,1603.119
13586,1603.135
13587,1603.149
13588,1603.164
13589,1603.179
13590,1603.194
13591,1603.209
13592,1603.224
13593,1603.239
13594,1603.253
13595,1603.268
13596,1603.283
13597,1603.297
13598,1603.312
13599,1603.337
13600,1603.404
13601,1603.513
13602,1604.084
13603,1604.126
13604,1604.169
13605,1604.209
13606,1604.697
13607,1604.738
13608,1604.779
13609,1604.820
13610,1605.325
13611,1605.369
13612,1605.414
13613,1605.457
13614,1606.019
13615,1606.082
13616,1606.147
13617,1606.202
13618,1606.684
13619,1606.725
13620,1606.769
13621,1606.812
13622,1607.302
13623,1607.345
13624,1607.388
13625,1607.430
13626,1607.920
13627,1607.964
13628,1608.030
13629,1608.097
13630,1608.682
13631,1608.728
13632,1608.776
13633,1608.817
13634,1609.316
13635,1609.358
13636,1609.401
13637,1609.443
13638,1609.951
13639,1609.994
13640,1610.037
13641,1610.078
13642,1610.191
13643,1610.298
13644,1610.322
13645,1610.347
13646,1610.469
13647,1610.492
13648,1610.514
13649,1610.536
13650,1610.558
13651,1610.685
13652,1610.774
13653,1610.789
13654,1610.804
13655,1610.905
13656,1610.986
13657,1611.000
13658,1611.015
13659,1611.031
13660,1611.123
13661,1611.195
13662,1611.209
13663,1611.224
13664,1611.328
13665,1611.341
13666,1611.354
13667,1611.367
13668,1611.381
13669,1611.581
13670,1611.604
13671,1611.626
13672,1611.650
13673,1611.674
13674,1611.697
13675,1611.720
13676,1611.837
13677,1611.917
13678,1611.937
13679,1611.960
13680,1612.566
13681,1612.641
13682,1612.686
13683,1612.726
13684,1613.181
13685,1613.217
13686,1613.253
13687,1613.288
13688,1613.741
13689,1613.779
13690,1613.818
13691,1613.855
13692,1614.327
13693,1614.389
13694,1614.445
13695,1614.504
13696,1615.004
13697,1615.038
13698,1615.073
13699,1615.109
13700,1615.558
13701,1615.596
13702,1615.633
13703,1615.670
13704,1616.120
13705,1616.156
13706,1616.192
13707,1616.244
13708,1616.779
13709,1616.843
13710,1616.888
13711,1616.926
13712,1617.368
13713,1617.406
13714,1617.441
13715,1617.880
13716,1617.918
13717,1617.954
13718,1618.390
13719,1618.426
13720,1618.464
13721,1618.989
13722,1619.049
13723,1619.104
13724,1619.555
13725,1619.592
13726,1619.631
13727,1620.082
13728,1620.117
13729,1620.154
13730,1620.596
13731,1620.633
13732,1620.670
13733,1620.771
13734,1620.862
13735,1620.883
13736,1620.988
13737,1621.162
13738,1621.260
13739,1621.301
13740,1621.371
13741,1621.384
13742,1621.396
13743,1621.472
13744,1621.541
13745,1621.620
13746,1621.689
13747,1621.702
13748,1621.713
13749,1621.803
13750,1621.869
13751,1621.881
13752,1621.894
13753,1621.905
13754,1622.001
13755,1622.071
13756,1622.084
13757,1622.097
13758,1622.109
13759,1622.120
13760,1622.158
13761,1622.224
13762,1622.237
13763,1622.249
13764,1622.344
13765,1622.365
13766,1622.386
13767,1622.406
13768,1622.421
13769,1622.435
13770,1622.540
13771,1622.563
13772,1622.687
13773,1622.775
13774,1622.816
13775,1622.886
13776,1623.033
13777,1623.094
13778,1623.112
13779,1623.129
13780,1623.146
13781,1623.162
13782,1623.179
13783,1623.196
13784,1623.213
13785,1623.230
13786,1623.247
13787,1623.264
13788,1623.281
13789,1623.299
13790,1623.317
13791,1623.468
13792,1623.486
13793,1623.505
13794,1623.655
13795,1623.673
13796,1623.691
13797,1623.846
13798,1623.864
13799,1623.883
13800,1624.069
13801,1624.100
13802,1624.127
13803,1624.247
13804,1624.330
13805,1624.353
13806,1624.373
13807,1624.386
13808,1624.398
13809,1624.411
13810,1624.423
13811,1624.454
13812,1624.506
13813,1624.661
13814,1624.679
13815,1624.699
13816,1624.717
13817,1624.876
13818,1624.894
13819,1624.911
13820,1624.929
13821,1625.086
13822,1625.105
13823,1625.123
13824,1625.141
13825,1625.293
13826,1625.311
13827,1625.329
13828,1625.346
13829,1625.506
13830,1625.525
13831,1625.543
13832,1625.570
13833,1625.760
13834,1625.788
13835,1625.816
13836,1625.845
13837,1625.965
13838,1626.046
13839,1626.059
13840,1626.072
13841,1626.085
13842,1626.098
13843,1626.130
13844,1626.182
13845,1626.337
13846,1626.355
13847,1626.374
13848,1626.394
13849,1626.549
13850,1626.568
13851,1626.587
13852,1626.605
13853,1626.762
13854,1626.781
13855,1626.801
13856,1626.821
13857,1626.976
13858,1626.994
13859,1627.012
13860,1627.029
13861,1627.130
13862,1627.188
13863,1627.200
13864,1627.212
13865,1627.232
13866,1627.252
13867,1627.272
13868,1627.292
13869,1627.313
13870,1627.335
13871,1627.355
13872,1627.373
13873,1627.394
13874,1627.414
13875,1627.435
13876,1627.456
13877,1627.477
13878,1627.497
13879,1627.520
13880,1627.543
13881,1627.557
13882,1627.571
13883,1627.604
13884,1627.661
13885,1627.819
13886,1627.839
13887,1627.857
13888,1627.876
13889,1628.037
13890,1628.055
13891,1628.073
13892,1628.091
13893,1628.255
13894,1628.274
13895,1628.294
13896,1628.317
13897,1628.478
13898,1628.497
13899,1628.517
13900,1628.537
13901,1628.706
13902,1628.725
13903,1628.743
13904,1628.761
13905,1628.954
13906,1628.985
13907,1629.014
13908,1629.043
13909,1629.241
13910,1629.270
13911,1629.300
13912,1629.328
13913,1629.510
13914,1629.531
13915,1629.549
13916,1629.568
13917,1629.729
13918,1629.748
13919,1629.767
13920,1629.785
13921,1629.944
13922,1629.962
13923,1629.981
13924,1630.000
13925,1630.173
13926,1630.192
13927,1630.211
13928,1630.231
13929,1630.401
13930,1630.419
13931,1630.438
13932,1630.457
13933,1630.623
13934,1630.641
13935,1630.659
13936,1630.689
13937,1630.893
13938,1630.924
13939,1630.956
13940,1630.987
13941,1631.191
13942,1631.224
13943,1631.247
13944,1631.266
13945,1631.434
13946,1631.454
13947,1631.473
13948,1631.491
13949,1631.658
13950,1631.678
13951,1631.697
13952,1631.716
13953,1631.884
13954,1631.903
13955,1631.922
13956,1631.941
13957,1632.100
13958,1632.118
13959,1632.136
13960,1632.155
13961,1632.319
13962,1632.337
13963,1632.357
13964,1632.376
13965,1632.540
13966,1632.560
13967,1632.593
13968,1632.796
13969,1632.827
13970,1632.856
13971,1633.053
13972,1633.086
13973,1633.116
13974,1633.277
13975,1633.298
13976,1633.318
13977,1633.480
13978,1633.500
13979,1633.521
13980,1633.681
13981,1633.701
13982,1633.719
13983,1633.880
13984,1633.901
13985,1633.922
13986,1634.105
13987,1634.171
13988,1634.189
13989,1634.208
13990,1634.226
13991,1634.244
13992,1634.262
13993,1634.280
13994,1634.299
13995,1634.318
13996,1634.337
13997,1634.355
13998,1634.382
13999,1634.411
14000,1634.441
14001,1634.634
14002,1634.666
14003,1634.695
14004,1634.886
14005,1634.913
14006,1634.933
14007,1635.092
14008,1635.111
14009,1635.130
14010,1635.291
14011,1635.311
14012,1635.332
14013,1635.431
14014,1635.489
14015,1635.502
14016,1635.515
14017,1635.528
14018,1635.541
14019,1635.554
14020,1635.567
14021,1635.601
14022,1635.660
14023,1635.827
14024,1635.847
14025,1635.867
14026,1635.888
14027,1636.058
14028,1636.078
14029,1636.099
14030,1636.129
14031,1636.332
14032,1636.363
14033,1636.393
14034,1636.423
14035,1636.629
14036,1636.666
14037,1636.691
14038,1636.713
14039,1636.886
14040,1636.906
14041,1636.926
14042,1636.946
14043,1637.117
14044,1637.139
14045,1637.161
14046,1637.182
14047,1637.283
14048,1637.339
14049,1637.352
14050,1637.366
14051,1637.380
14052,1637.394
14053,1637.430
14054,1637.491
14055,1637.658
14056,1637.678
14057,1637.698
14058,1637.719
14059,1637.888
14060,1637.908
14061,1637.932
14062,1637.966
14063,1638.170
14064,1638.200
14065,1638.232
14066,1638.265
14067,1638.471
14068,1638.497
14069,1638.519
14070,1638.541
14071,1638.652
14072,1638.717
14073,1638.732
14074,1638.748
14075,1638.764
14076,1638.779
14077,1638.795
14078,1638.811
14079,1638.826
14080,1638.841
14081,1638.856
14082,1638.871
14083,1638.886
14084,1638.902
14085,1638.916
14086,1638.930
14087,1638.944
14088,1638.958
14089,1638.972
14090,1638.985
14091,1638.999
14092,1639.012
14093,1639.048
14094,1639.109
14095,1639.286
14096,1639.307
14097,1639.330
14098,1639.354
14099,1639.543
14100,1639.565
14101,1639.597
14102,1639.634
14103,1639.865
14104,1639.898
14105,1639.931
14106,1639.963
14107,1640.187
14108,1640.213
14109,1640.237
14110,1640.261
14111,1640.439
14112,1640.461
14113,1640.483
14114,1640.505
14115,1640.687
14116,1640.709
14117,1640.730
14118,1640.751
14119,1640.925
14120,1640.946
14121,1640.966
14122,1640.986
14123,1641.167
14124,1641.189
14125,1641.210
14126,1641.231
14127,1641.413
14128,1641.434
14129,1641.456
14130,1641.478
14131,1641.667
14132,1641.701
14133,1641.736
14134,1641.771
14135,1641.986
14136,1642.018
14137,1642.050
14138,1642.083
14139,1642.303
14140,1642.324
14141,1642.347
14142,1642.368
14143,1642.552
14144,1642.574
14145,1642.596
14146,1642.619
14147,1642.803
14148,1642.823
14149,1642.843
14150,1642.864
14151,1643.044
14152,1643.065
14153,1643.087
14154,1643.109
14155,1643.292
14156,1643.315
14157,1643.337
14158,1643.358
14159,1643.541
14160,1643.563
14161,1643.584
14162,1643.606
14163,1643.817
14164,1643.850
14165,1643.885
14166,1643.919
14167,1644.132
14168,1644.163
14169,1644.197
14170,1644.232
14171,1644.414
14172,1644.436
14173,1644.457
14174,1644.478
14175,1644.649
14176,1644.670
14177,1644.692
14178,1644.864
14179,1644.885
14180,1644.905
14181,1645.072
14182,1645.092
14183,1645.113
14184,1645.282
14185,1645.303
14186,1645.324
14187,1645.494
14188,1645.515
14189,1645.538
14190,1645.712
14191,1645.735
14192,1645.759
14193,1645.972
14194,1646.005
14195,1646.037
14196,1646.266
14197,1646.373
14198,1646.394
14199,1646.415
14200,1646.436
14201,1646.457
14202,1646.478
14203,1646.497
14204,1646.517
14205,1646.537
14206,1646.556
14207,1646.577
14208,1646.598
14209,1646.619
14210,1646.640
14211,1646.802
14212,1646.822
14213,1646.842
14214,1647.007
14215,1647.026
14216,1647.046
14217,1647.209
14218,1647.230
14219,1647.252
14220,1647.420
14221,1647.440
14222,1647.460
14223,1647.565
14224,1647.643
14225,1647.666
14226,1647.690
14227,1647.714
14228,1647.736
14229,1647.757
14230,1647.778
14231,1647.828
14232,1647.915
14233,1648.116
14234,1648.138
14235,1648.160
14236,1648.182
14237,1648.353
14238,1648.375
14239,1648.397
14240,1648.418
14241,1648.593
14242,1648.613
14243,1648.634
14244,1648.654
14245,1648.824
14246,1648.845
14247,1648.866
14248,1648.887
14249,1649.061
14250,1649.083
14251,1649.104
14252,1649.125
14253,1649.296
14254,1649.317
14255,1649.338
14256,1649.359
14257,1649.482
14258,1649.576
14259,1649.599
14260,1649.620
14261,1649.642
14262,1649.664
14263,1649.716
14264,1649.805
14265,1649.992
14266,1650.013
14267,1650.035
14268,1650.055
14269,1650.230
14270,1650.252
14271,1650.273
14272,1650.294
14273,1650.465
14274,1650.486
14275,1650.506
14276,1650.527
14277,1650.698
14278,1650.720
14279,1650.741
14280,1650.761
14281,1650.868
14282,1650.936
14283,1650.951
14284,1650.965
14285,1650.979
14286,1650.993
14287,1651.007
14288,1651.021
14289,1651.034
14290,1651.047
14291,1651.061
14292,1651.074
14293,1651.094
14294,1651.116
14295,1651.136
14296,1651.158
14297,1651.181
14298,1651.203
14299,1651.224
14300,1651.243
14301,1651.264
14302,1651.286
14303,1651.339
14304,1651.427
14305,1651.608
14306,1651.628
14307,1651.648
14308,1651.667
14309,1651.841
14310,1651.863
14311,1651.887
14312,1651.908
14313,1652.094
14314,1652.114
14315,1652.135
14316,1652.157
14317,1652.328
14318,1652.348
14319,1652.368
14320,1652.388
14321,1652.558
14322,1652.580
14323,1652.601
14324,1652.622
14325,1652.803
14326,1652.824
14327,1652.845
14328,1652.870
14329,1653.082
14330,1653.115
14331,1653.145
14332,1653.176
14333,1653.394
14334,1653.430
14335,1653.460
14336,1653.482
14337,1653.661
14338,1653.681
14339,1653.702
14340,1653.724
14341,1653.903
14342,1653.926
14343,1653.948
14344,1653.970
14345,1654.147
14346,1654.167
14347,1654.187
14348,1654.207
14349,1654.394
14350,1654.414
14351,1654.435
14352,1654.456
14353,1654.636
14354,1654.656
14355,1654.676
14356,1654.698
14357,1654.875
14358,1654.897
14359,1654.931
14360,1654.963
14361,1655.173
14362,1655.203
14363,1655.235
14364,1655.267
14365,1655.483
14366,1655.505
14367,1655.527
14368,1655.550
14369,1655.727
14370,1655.747
14371,1655.768
14372,1655.789
14373,1655.968
14374,1655.988
14375,1656.009
14376,1656.030
14377,1656.206
14378,1656.226
14379,1656.245
14380,1656.265
14381,1656.435
14382,1656.456
14383,1656.477
14384,1656.498
14385,1656.670
14386,1656.690
14387,1656.711
14388,1656.889
14389,1656.919
14390,1656.952
14391,1657.161
14392,1657.191
14393,1657.222
14394,1657.429
14395,1657.466
14396,1657.494
14397,1657.671
14398,1657.693
14399,1657.712
14400,1657.876
14401,1657.896
14402,1657.916
14403,1658.087
14404,1658.107
14405,1658.126
14406,1658.311
14407,1658.378
14408,1658.398
14409,1658.417
14410,1658.436
14411,1658.457
14412,1658.476
14413,1658.495
14414,1658.514
14415,1658.532
14416,1658.551
14417,1658.570
14418,1658.589
14419,1658.607
14420,1658.626
14421,1658.804
14422,1658.836
14423,1658.869
14424,1659.071
14425,1659.105
14426,1659.138
14427,1659.351
14428,1659.373
14429,1659.396
14430,1659.568
14431,1659.588
14432,1659.608
14433,1659.713
14434,1659.778
14435,1659.793
14436,1659.807
14437,1659.821
14438,1659.835
14439,1659.849
14440,1659.863
14441,1659.897
14442,1659.954
14443,1660.124
14444,1660.145
14445,1660.166
14446,1660.186
14447,1660.358
14448,1660.379
14449,1660.399
14450,1660.420
14451,1660.591
14452,1660.612
14453,1660.648
14454,1660.679
14455,1660.886
14456,1660.917
14457,1660.951
14458,1660.984
14459,1661.200
14460,1661.221
14461,1661.243
14462,1661.263
14463,1661.435
14464,1661.454
14465,1661.475
14466,1661.495
14467,1661.599
14468,1661.655
14469,1661.669
14470,1661.684
14471,1661.698
14472,1661.711
14473,1661.745
14474,1661.803
14475,1661.972
14476,1661.992
14477,1662.012
14478,1662.032
14479,1662.203
14480,1662.223
14481,1662.244
14482,1662.265
14483,1662.433
14484,1662.468
14485,1662.501
14486,1662.534
14487,1662.744
14488,1662.777
14489,1662.809
14490,1662.841
14491,1662.978
14492,1663.040
14493,1663.054
14494,1663.069
14495,1663.083
14496,1663.096
14497,1663.109
14498,1663.122
14499,1663.135
14500,1663.148
14501,1663.162
14502,1663.176
14503,1663.190
14504,1663.204
14505,1663.219
14506,1663.233
14507,1663.247
14508,1663.261
14509,1663.276
14510,1663.291
14511,1663.306
14512,1663.321
14513,1663.357
14514,1663.425
14515,1663.608
14516,1663.629
14517,1663.652
14518,1663.674
14519,1663.855
14520,1663.876
14521,1663.897
14522,1663.917
14523,1664.102
14524,1664.136
14525,1664.170
14526,1664.207
14527,1664.424
14528,1664.458
14529,1664.493
14530,1664.529
14531,1664.747
14532,1664.769
14533,1664.791
14534,1664.812
14535,1664.992
14536,1665.012
14537,1665.033
14538,1665.053
14539,1665.243
14540,1665.265
14541,1665.286
14542,1665.306
14543,1665.499
14544,1665.519
14545,1665.539
14546,1665.560
14547,1665.739
14548,1665.759
14549,1665.780
14550,1665.801
14551,1665.979
14552,1666.000
14553,1666.021
14554,1666.042
14555,1666.244
14556,1666.279
14557,1666.314
14558,1666.347
14559,1666.569
14560,1666.602
14561,1666.634
14562,1666.673
14563,1666.855
14564,1666.877
14565,1666.897
14566,1666.918
14567,1667.096
14568,1667.118
14569,1667.141
14570,1667.162
14571,1667.344
14572,1667.366
14573,1667.387
14574,1667.408
14575,1667.593
14576,1667.615
14577,1667.636
14578,1667.657
14579,1667.844
14580,1667.865
14581,1667.886
14582,1667.906
14583,1668.088
14584,1668.109
14585,1668.130
14586,1668.158
14587,1668.379
14588,1668.412
14589,1668.443
14590,1668.476
14591,1668.707
14592,1668.742
14593,1668.770
14594,1668.793
14595,1668.971
14596,1668.991
14597,1669.012
14598,1669.189
14599,1669.211
14600,1669.234
14601,1669.422
14602,1669.443
14603,1669.465
14604,1669.637
14605,1669.658
14606,1669.678
14607,1669.854
14608,1669.875
14609,1669.897
14610,1670.072
14611,1670.092
14612,1670.113
14613,1670.283
14614,1670.303
14615,1670.335
14616,1670.470
14617,1670.496
14618,1670.518
14619,1670.539
14620,1670.648
14621,1670.741
14622,1670.978
14623,1671.001
14624,1671.025
14625,1671.047
14626,1671.148
14627,1671.233
14628,1671.298
14629,1671.314
14630,1671.445
14631,1671.464
14632,1671.482
14633,1671.587
14634,1671.599
14635,1671.610
14636,1671.623
14637,1671.638
14638,1671.647
14639,1671.657
14640,1671.776
14641,1671.788
14642,1671.800
14643,1671.871
14644,1671.883
14645,1671.894
14646,1671.939
14647,1671.951
14648,1671.962
14649,1671.973
14650,1671.984
14651,1671.998
14652,1672.009
14653,1672.019
14654,1672.029
14655,1672.043
14656,1672.053
14657,1672.063
14658,1672.073
14659,1672.117
14660,1672.134
14661,1672.152
14662,1672.167
14663,1672.184
14664,1672.199
14665,1672.215
14666,1672.234
14667,1672.251
14668,1672.266
14669,1672.280
14670,1672.339
14671,1672.356
14672,1672.371
14673,1672.387
14674,1672.448
14675,1672.465
14676,1672.483
14677,1672.570
14678,1672.612
14679,1672.629
14680,1672.689
14681,1672.709
14682,1672.770
14683,1672.786
14684,1672.800
14685,1672.809
14686,1672.820
14687,1672.831
14688,1672.841
14689,1672.852
14690,1672.862
14691,1672.872
14692,1672.882
14693,1672.893
14694,1672.904
14695,1672.916
14696,1672.925
14697,1672.935
14698,1672.944
14699,1672.954
14700,1672.965
14701,1672.974
14702,1672.984
14703,1672.994
14704,1673.005
14705,1673.019
14706,1673.033
14707,1673.047
14708,1673.061
14709,1673.076
14710,1673.090
14711,1673.109
14712,1673.123
14713,1673.166
14714,1673.181
14715,1673.198
14716,1673.213
14717,1673.227
14718,1673.263
14719,1673.277
14720,1673.291
14721,1673.302
14722,1673.312
14723,1673.750
14724,1673.814
14725,1674.822
14726,1674.864
14727,1674.906
14728,1675.351
14729,1675.441
14730,1675.475
14731,1675.501
14732,1675.540
14733,1675.554
14734,1675.577
14735,1675.611
14736,1676.569
14737,1676.633
14738,1676.704
14739,1677.134
14740,1677.229
14741,1677.265
14742,1677.426
14743,1677.446
14744,1677.606
14745,1677.625
14746,1677.735
14747,1677.811
14748,1677.824
14749,1677.866
14750,1677.940
14751,1677.992
14752,1677.994
14753,1678.004
14754,1678.048
14755,1678.058
14756,1678.068
14757,1678.079
14758,1678.089
14759,1678.098
14760,1678.112
14761,1678.217
14762,1678.233
14763,1678.249
14764,1678.327
14765,1678.349
14766,1678.370
14767,1678.388
14768,1678.409
14769,1678.430
14770,1678.488
14771,1678.510
14772,1678.534
14773,1678.598
14774,1678.678
14775,1678.694
14776,1678.737
14777,1678.811
14778,1678.857
14779,1678.938
14780,1678.981
14781,1678.992
14782,1679.002
14783,1679.014
14784,1679.024
14785,1679.033
14786,1679.042
14787,1679.128
14788,1679.139
14789,1679.148
14790,1679.210
14791,1679.224
14792,1679.238
14793,1679.261
14794,1679.275
14795,1679.289
14796,1679.301
14797,1679.314
14798,1679.327
14799,1679.337
14800,1679.352
14801,1679.365
14802,1679.376
14803,1679.390
14804,1679.402
14805,1679.444
14806,1679.458
14807,1679.473
14808,1679.515
14809,1679.529
14810,1679.544
14811,1679.589
14812,1679.599
14813,1679.611
14814,1679.629
14815,1679.685
14816,1679.702
14817,1679.719
14818,1679.734
14819,1679.751
14820,1679.765
14821,1679.780
14822,1679.833
14823,1679.849
14824,1679.865
14825,1679.880
14826,1679.896
14827,1680.010
14828,1680.027
14829,1680.044
14830,1680.061
14831,1680.072
14832,1680.083
14833,1680.095
14834,1680.156
14835,1680.166
14836,1680.177
14837,1680.187
14838,1680.230
14839,1680.240
14840,1680.250
14841,1680.260
14842,1680.270
14843,1680.279
14844,1680.289
14845,1680.385
14846,1680.396
14847,1680.406
14848,1680.416
14849,1680.426
14850,1680.435
14851,1680.445
14852,1680.535
14853,1680.547
14854,1680.557
14855,1680.568
14856,1680.577
14857,1680.618
14858,1680.629
14859,1680.639
14860,1680.649
14861,1680.658
14862,1680.699
14863,1680.709
14864,1680.720
14865,1680.730
14866,1680.740
14867,1680.749
14868,1680.771
14869,1680.781
14870,1680.790
14871,1680.800
14872,1680.811
14873,1680.824
14874,1680.837
14875,1680.852
14876,1680.866
14877,1680.877
14878,1680.888
14879,1680.897
14880,1680.908
14881,1680.918
14882,1680.993
14883,1681.155
14884,1681.163
14885,1681.178
14886,1681.192
14887,1681.208
14888,1681.310
14889,1681.326
14890,1681.345
14891,1681.466
14892,1681.486
14893,1681.507
14894,1681.619
14895,1681.636
14896,1681.653
14897,1681.669
14898,1681.680
14899,1681.690
14900,1681.733
14901,1681.743
14902,1681.752
14903,1681.761
14904,1681.801
14905,1681.811
14906,1681.820
14907,1681.829
14908,1681.837
14909,1681.853
14910,1681.896
14911,1681.906
14912,1681.916
14913,1681.959
14914,1681.970
14915,1681.980
14916,1681.990
14917,1682.001
14918,1682.010
14919,1682.021
14920,1682.107
14921,1682.118
14922,1682.128
14923,1682.181
14924,1682.194
14925,1682.207
14926,1682.218
14927,1682.231
14928,1682.244
14929,1682.285
14930,1682.301
14931,1682.314
14932,1682.355
14933,1682.366
14934,1682.377
14935,1682.388
14936,1682.398
14937,1682.477
14938,1682.625
14939,1682.635
14940,1682.645
14941,1682.654
14942,1682.663
14943,1682.759
14944,1682.769
14945,1682.778
14946,1682.876
14947,1682.893
14948,1682.909
14949,1682.953
14950,1682.969
14951,1682.984
14952,1682.999
14953,1683.013
14954,1683.028
14955,1683.043
14956,1683.084
14957,1683.101
14958,1683.117
14959,1683.135
14960,1683.155
14961,1683.178
14962,1683.198
14963,1683.219
14964,1683.234
14965,1683.268
14966,1683.281
14967,1683.296
14968,1683.328
14969,1683.338
14970,1683.348
14971,1683.357
14972,1683.367
14973,1683.441
14974,1683.571
14975,1683.582
14976,1683.592
14977,1683.601
14978,1683.697
14979,1683.707
14980,1683.717
14981,1683.803
14982,1683.860
14983,1683.956
14984,1683.968
14985,1683.979
14986,1684.070
14987,1684.082
14988,1684.093
14989,1684.187
14990,1684.199
14991,1684.210
14992,1684.307
14993,1684.318
14994,1684.329
14995,1684.425
14996,1684.436
14997,1684.447
14998,1684.541
14999,1684.559
15000,1684.577
15001,1684.806
15002,1684.842
15003,1684.953
15004,1684.980
15005,1685.066
15006,1685.091
15007,1685.114
15008,1685.171
15009,1685.334
15010,1685.350
15011,1685.366
15012,1685.381
15013,1685.490
15014,1685.502
15015,1685.514
15016,1685.525
15017,1685.556
15018,1685.627
15019,1685.641
15020,1685.655
15021,1685.733
15022,1685.747
15023,1685.760
15024,1685.860
15025,1685.871
15026,1685.883
15027,1685.894
15028,1685.926
15029,1686.004
15030,1686.018
15031,1686.033
15032,1686.104
15033,1686.118
15034,1686.184
15035,1686.198
15036,1686.212
15037,1686.244
15038,1686.309
15039,1686.330
15040,1686.352
15041,1686.434
15042,1686.564
15043,1686.586
15044,1686.608
15045,1686.630
15046,1686.653
15047,1686.823
15048,1686.849
15049,1686.879
15050,1686.901
15051,1686.975
15052,1686.997
15053,1687.069
15054,1687.093
15055,1687.164
15056,1687.187
15057,1687.251
15058,1687.268
15059,1687.282
15060,1687.296
15061,1687.397
15062,1687.413
15063,1687.428
15064,1687.444
15065,1687.528
15066,1687.549
15067,1687.641
15068,1687.657
15069,1687.674
15070,1687.772
15071,1687.830
15072,1687.862
15073,1687.924
15074,1687.938
15075,1687.952
15076,1687.964
15077,1687.974
15078,1687.984
15079,1687.993
15080,1688.111
15081,1688.125
15082,1688.139
15083,1688.156
15084,1688.424
15085,1688.543
15086,1688.582
15087,1688.617
15088,1688.653
15089,1688.687
15090,1688.710
15091,1688.733
15092,1688.756
15093,1688.778
15094,1688.800
15095,1688.822
15096,1688.844
15097,1688.866
15098,1688.889
15099,1689.074
15100,1689.094
15101,1689.114
15102,1689.296
15103,1689.316
15104,1689.337
15105,1689.521
15106,1689.543
15107,1689.563
15108,1689.753
15109,1689.777
15110,1689.799
15111,1689.913
15112,1689.984
15113,1690.008
15114,1690.030
15115,1690.054
15116,1690.078
15117,1690.103
15118,1690.125
15119,1690.176
15120,1690.261
15121,1690.488
15122,1690.509
15123,1690.532
15124,1690.552
15125,1690.753
15126,1690.774
15127,1690.794
15128,1690.814
15129,1691.005
15130,1691.026
15131,1691.046
15132,1691.065
15133,1691.248
15134,1691.268
15135,1691.287
15136,1691.307
15137,1691.498
15138,1691.520
15139,1691.542
15140,1691.565
15141,1691.759
15142,1691.781
15143,1691.802
15144,1691.824
15145,1691.949
15146,1692.035
15147,1692.060
15148,1692.081
15149,1692.103
15150,1692.125
15151,1692.176
15152,1692.261
15153,1692.476
15154,1692.497
15155,1692.518
15156,1692.539
15157,1692.725
15158,1692.745
15159,1692.767
15160,1692.789
15161,1692.979
15162,1693.000
15163,1693.020
15164,1693.040
15165,1693.222
15166,1693.242
15167,1693.262
15168,1693.283
15169,1693.398
15170,1693.464
15171,1693.479
15172,1693.494
15173,1693.509
15174,1693.524
15175,1693.539
15176,1693.554
15177,1693.568
15178,1693.582
15179,1693.596
15180,1693.610
15181,1693.624
15182,1693.640
15183,1693.664
15184,1693.685
15185,1693.709
15186,1693.734
15187,1693.761
15188,1693.785
15189,1693.807
15190,1693.830
15191,1693.883
15192,1693.968
15193,1694.185
15194,1694.207
15195,1694.229
15196,1694.250
15197,1694.446
15198,1694.467
15199,1694.489
15200,1694.513
15201,1694.742
15202,1694.766
15203,1694.788
15204,1694.810
15205,1695.018
15206,1695.038
15207,1695.060
15208,1695.080
15209,1695.273
15210,1695.295
15211,1695.316
15212,1695.336
15213,1695.540
15214,1695.562
15215,1695.583
15216,1695.605
15217,1695.863
15218,1695.898
15219,1695.928
15220,1695.960
15221,1696.203
15222,1696.242
15223,1696.277
15224,1696.301
15225,1696.511
15226,1696.532
15227,1696.554
15228,1696.575
15229,1696.767
15230,1696.790
15231,1696.811
15232,1696.832
15233,1697.026
15234,1697.047
15235,1697.070
15236,1697.091
15237,1697.299
15238,1697.323
15239,1697.346
15240,1697.371
15241,1697.591
15242,1697.613
15243,1697.637
15244,1697.660
15245,1697.878
15246,1697.901
15247,1697.939
15248,1697.975
15249,1698.222
15250,1698.254
15251,1698.287
15252,1698.321
15253,1698.559
15254,1698.581
15255,1698.604
15256,1698.627
15257,1698.833
15258,1698.854
15259,1698.877
15260,1698.899
15261,1699.116
15262,1699.136
15263,1699.159
15264,1699.181
15265,1699.382
15266,1699.404
15267,1699.426
15268,1699.447
15269,1699.666
15270,1699.692
15271,1699.713
15272,1699.735
15273,1699.930
15274,1699.953
15275,1699.975
15276,1700.166
15277,1700.189
15278,1700.224
15279,1700.459
15280,1700.490
15281,1700.522
15282,1700.760
15283,1700.802
15284,1700.834
15285,1701.029
15286,1701.053
15287,1701.074
15288,1701.268
15289,1701.291
15290,1701.313
15291,1701.513
15292,1701.534
15293,1701.556
15294,1701.778
15295,1701.854
15296,1701.877
15297,1701.899
15298,1701.922
15299,1701.945
15300,1701.967
15301,1701.989
15302,1702.011
15303,1702.034
15304,1702.057
15305,1702.081
15306,1702.104
15307,1702.127
15308,1702.150
15309,1702.393
15310,1702.428
15311,1702.460
15312,1702.701
15313,1702.734
15314,1702.771
15315,1703.001
15316,1703.021
15317,1703.043
15318,1703.246
15319,1703.267
15320,1703.287
15321,1703.400
15322,1703.464
15323,1703.478
15324,1703.492
15325,1703.506
15326,1703.521
15327,1703.535
15328,1703.551
15329,1703.586
15330,1703.646
15331,1703.858
15332,1703.879
15333,1703.900
15334,1703.921
15335,1704.133
15336,1704.155
15337,1704.176
15338,1704.199
15339,1704.431
15340,1704.463
15341,1704.497
15342,1704.532
15343,1704.782
15344,1704.814
15345,1704.845
15346,1704.880
15347,1705.110
15348,1705.133
15349,1705.156
15350,1705.179
15351,1705.392
15352,1705.414
15353,1705.436
15354,1705.456
15355,1705.565
15356,1705.623
15357,1705.637
15358,1705.650
15359,1705.664
15360,1705.677
15361,1705.711
15362,1705.771
15363,1705.975
15364,1705.996
15365,1706.016
15366,1706.039
15367,1706.251
15368,1706.272
15369,1706.294
15370,1706.315
15371,1706.573
15372,1706.607
15373,1706.639
15374,1706.672
15375,1706.924
15376,1706.959
15377,1706.989
15378,1707.010
15379,1707.124
15380,1707.186
15381,1707.199
15382,1707.213
15383,1707.227
15384,1707.241
15385,1707.254
15386,1707.268
15387,1707.282
15388,1707.296
15389,1707.309
15390,1707.323
15391,1707.336
15392,1707.349
15393,1707.361
15394,1707.375
15395,1707.388
15396,1707.401
15397,1707.414
15398,1707.426
15399,1707.439
15400,1707.452
15401,1707.485
15402,1707.545
15403,1707.770
15404,1707.793
15405,1707.818
15406,1707.842
15407,1708.066
15408,1708.090
15409,1708.114
15410,1708.155
15411,1708.442
15412,1708.478
15413,1708.514
15414,1708.553
15415,1708.824
15416,1708.851
15417,1708.876
15418,1708.902
15419,1709.129
15420,1709.154
15421,1709.180
15422,1709.205
15423,1709.427
15424,1709.451
15425,1709.474
15426,1709.497
15427,1709.725
15428,1709.749
15429,1709.772
15430,1709.796
15431,1710.039
15432,1710.062
15433,1710.087
15434,1710.111
15435,1710.351
15436,1710.371
15437,1710.407
15438,1710.445
15439,1710.726
15440,1710.762
15441,1710.797
15442,1710.834
15443,1711.108
15444,1711.132
15445,1711.156
15446,1711.180
15447,1711.425
15448,1711.448
15449,1711.471
15450,1711.495
15451,1711.734
15452,1711.758
15453,1711.782
15454,1711.806
15455,1712.045
15456,1712.067
15457,1712.090
15458,1712.113
15459,1712.353
15460,1712.376
15461,1712.400
15462,1712.423
15463,1712.672
15464,1712.696
15465,1712.736
15466,1712.774
15467,1713.048
15468,1713.079
15469,1713.113
15470,1713.147
15471,1713.406
15472,1713.428
15473,1713.450
15474,1713.471
15475,1713.703
15476,1713.724
15477,1713.746
15478,1713.769
15479,1713.999
15480,1714.021
15481,1714.042
15482,1714.063
15483,1714.260
15484,1714.279
15485,1714.299
15486,1714.500
15487,1714.520
15488,1714.540
15489,1714.739
15490,1714.759
15491,1714.778
15492,1714.992
15493,1715.021
15494,1715.051
15495,1715.289
15496,1715.319
15497,1715.350
15498,1715.588
15499,1715.609
15500,1715.629
15501,1715.834
15502,1715.854
15503,1715.874
15504,1716.118
15505,1716.143
15506,1716.167
15507,1716.273
15508,1716.334
15509,1716.442
15510,1716.459
15511,1716.476
15512,1716.577
15513,1716.650
15514,1716.726
15515,1716.781
15516,1716.811
15517,1716.898
15518,1716.912
15519,1716.926
15520,1716.982
15521,1716.998
15522,1717.013
15523,1717.028
15524,1717.144
15525,1717.159
15526,1717.172
15527,1717.186
15528,1717.310
15529,1717.420
15530,1717.493
15531,1717.547
15532,1717.579
15533,1717.663
15534,1717.676
15535,1717.689
15536,1717.729
15537,1717.739
15538,1717.750
15539,1717.759
15540,1717.852
15541,1717.862
15542,1717.871
15543,1717.880
15544,1718.001
15545,1718.070
15546,1718.160
15547,1718.214
15548,1718.243
15549,1718.327
15550,1718.340
15551,1718.354
15552,1718.396
15553,1718.407
15554,1718.416
15555,1718.426
15556,1718.518
15557,1718.528
15558,1718.537
15559,1718.546
15560,1718.633
15561,1718.682
15562,1718.704
15563,1718.727
15564,1718.748
15565,1718.769
15566,1718.789
15567,1718.809
15568,1718.897
15569,1719.000
15570,1719.052
15571,1719.065
15572,1719.080
15573,1719.094
15574,1719.108
15575,1719.121
15576,1719.142
15577,1719.173
15578,1719.393
15579,1719.420
15580,1719.447
15581,1719.473
15582,1719.498
15583,1719.718
15584,1719.744
15585,1719.770
15586,1719.797
15587,1719.824
15588,1720.049
15589,1720.074
15590,1720.100
15591,1720.127
15592,1720.154
15593,1720.375
15594,1720.419
15595,1720.461
15596,1720.501
15597,1720.540
15598,1720.798
15599,1720.843
15600,1720.874
15601,1720.903
15602,1720.930
15603,1721.142
15604,1721.170
15605,1721.198
15606,1721.225
15607,1721.317
15608,1721.346
15609,1721.359
15610,1721.381
15611,1721.412
15612,1721.638
15613,1721.663
15614,1721.688
15615,1721.714
15616,1721.740
15617,1721.837
15618,1721.868
15619,1721.882
15620,1721.895
15621,1721.909
15622,1721.922
15623,1721.934
15624,1721.946
15625,1721.959
15626,1721.972
15627,1721.989
15628,1722.035
15629,1722.299
15630,1722.354
15631,1722.384
15632,1722.426
15633,1722.469
15634,1722.706
15635,1722.732
15636,1722.759
15637,1722.785
15638,1722.809
15639,1723.032
15640,1723.058
15641,1723.085
15642,1723.112
15643,1723.138
15644,1723.367
15645,1723.394
15646,1723.420
15647,1723.446
15648,1723.472
15649,1723.700
15650,1723.724
15651,1723.751
15652,1723.777
15653,1723.802
15654,1724.065
15655,1724.108
15656,1724.147
15657,1724.187
15658,1724.228
15659,1724.502
15660,1724.530
15661,1724.558
15662,1724.587
15663,1724.615
15664,1724.840
15665,1724.869
15666,1724.898
15667,1724.927
15668,1724.954
15669,1725.047
15670,1725.079
15671,1725.092
15672,1725.112
15673,1725.143
15674,1725.366
15675,1725.393
15676,1725.420
15677,1725.447
15678,1725.475
15679,1725.568
15680,1725.599
15681,1725.613
15682,1725.634
15683,1725.665
15684,1725.938
15685,1725.980
15686,1726.018
15687,1726.057
15688,1726.097
15689,1726.215
15690,1726.258
15691,1726.272
15692,1726.294
15693,1726.324
15694,1726.549
15695,1726.574
15696,1726.601
15697,1726.628
15698,1726.656
15699,1726.876
15700,1726.941
15701,1726.961
15702,1726.981
15703,1727.001
15704,1727.022
15705,1727.042
15706,1727.063
15707,1727.085
15708,1727.106
15709,1727.128
15710,1727.150
15711,1727.173
15712,1727.196
15713,1727.219
15714,1727.415
15715,1727.448
15716,1727.480
15717,1727.697
15718,1727.726
15719,1727.756
15720,1727.969
15721,1728.006
15722,1728.025
15723,1728.209
15724,1728.231
15725,1728.252
15726,1728.366
15727,1728.424
15728,1728.440
15729,1728.455
15730,1728.470
15731,1728.483
15732,1728.498
15733,1728.511
15734,1728.543
15735,1728.600
15736,1728.783
15737,1728.803
15738,1728.823
15739,1728.843
15740,1729.029
15741,1729.049
15742,1729.069
15743,1729.089
15744,1729.280
15745,1729.301
15746,1729.321
15747,1729.350
15748,1729.579
15749,1729.610
15750,1729.641
15751,1729.672
15752,1729.902
15753,1729.938
15754,1729.962
15755,1729.985
15756,1730.171
15757,1730.192
15758,1730.211
15759,1730.231
15760,1730.340
15761,1730.403
15762,1730.417
15763,1730.432
15764,1730.446
15765,1730.461
15766,1730.494
15767,1730.551
15768,1730.736
15769,1730.758
15770,1730.778
15771,1730.797
15772,1730.984
15773,1731.004
15774,1731.023
15775,1731.042
15776,1731.226
15777,1731.245
15778,1731.268
15779,1731.300
15780,1731.520
15781,1731.548
15782,1731.579
15783,1731.609
15784,1731.748
15785,1731.825
15786,1731.841
15787,1731.855
15788,1731.869
15789,1731.883
15790,1731.896
15791,1731.910
15792,1731.923
15793,1731.937
15794,1731.952
15795,1731.966
15796,1731.980
15797,1731.994
15798,1732.008
15799,1732.022
15800,1732.036
15801,1732.050
15802,1732.064
15803,1732.078
15804,1732.093
15805,1732.107
15806,1732.141
15807,1732.196
15808,1732.383
15809,1732.404
15810,1732.425
15811,1732.445
15812,1732.634
15813,1732.654
15814,1732.674
15815,1732.695
15816,1732.897
15817,1732.919
15818,1732.951
15819,1732.987
15820,1733.211
15821,1733.240
15822,1733.270
15823,1733.301
15824,1733.524
15825,1733.545
15826,1733.566
15827,1733.586
15828,1733.776
15829,1733.795
15830,1733.815
15831,1733.834
15832,1734.033
15833,1734.053
15834,1734.073
15835,1734.093
15836,1734.290
15837,1734.311
15838,1734.332
15839,1734.350
15840,1734.536
15841,1734.556
15842,1734.576
15843,1734.597
15844,1734.786
15845,1734.806
15846,1734.825
15847,1734.845
15848,1735.049
15849,1735.080
15850,1735.112
15851,1735.144
15852,1735.374
15853,1735.408
15854,1735.444
15855,1735.481
15856,1735.677
15857,1735.700
15858,1735.720
15859,1735.739
15860,1735.932
15861,1735.956
15862,1735.977
15863,1735.997
15864,1736.188
15865,1736.210
15866,1736.230
15867,1736.251
15868,1736.449
15869,1736.472
15870,1736.491
15871,1736.511
15872,1736.702
15873,1736.724
15874,1736.744
15875,1736.764
15876,1736.954
15877,1736.975
15878,1737.004
15879,1737.035
15880,1737.260
15881,1737.288
15882,1737.321
15883,1737.353
15884,1737.593
15885,1737.615
15886,1737.637
15887,1737.657
15888,1737.841
15889,1737.863
15890,1737.883
15891,1738.072
15892,1738.093
15893,1738.113
15894,1738.299
15895,1738.318
15896,1738.336
15897,1738.516
15898,1738.535
15899,1738.555
15900,1738.738
15901,1738.759
15902,1738.780
15903,1738.967
15904,1738.987
15905,1739.007
15906,1739.202
15907,1739.238
15908,1739.269
15909,1739.559
15910,1739.693
15911,1739.730
15912,1739.757
15913,1739.783
15914,1739.807
15915,1739.830
15916,1739.852
15917,1739.875
15918,1739.897
15919,1739.918
15920,1739.940
15921,1739.962
15922,1739.984
15923,1740.005
15924,1740.660
15925,1740.713
15926,1740.763
15927,1740.891
15928,1740.906
15929,1740.921
15930,1740.937
15931,1740.951
15932,1740.965
15933,1740.980
15934,1740.996
15935,1741.146
15936,1741.256
15937,1741.279
15938,1741.425
15939,1741.538
15940,1741.567
15941,1741.697
15942,1741.776
15943,1742.128
15944,1742.161
15945,1742.312
15946,1742.328
15947,1743.035
15948,1743.085
15949,1743.134
15950,1743.850
15951,1743.925
15952,1744.001
15953,1744.145
15954,1744.224
15955,1744.238
15956,1744.251
15957,1744.264
15958,1744.277
15959,1744.290
15960,1744.302
15961,1744.345
15962,1744.428
15963,1745.129
15964,1745.179
15965,1745.228
15966,1745.276
15967,1745.981
15968,1746.058
15969,1746.136
15970,1746.218
15971,1746.913
15972,1746.965
15973,1747.017
15974,1747.068
15975,1747.751
15976,1747.804
15977,1747.855
15978,1747.906
15979,1748.728
15980,1748.812
15981,1748.869
15982,1748.924
15983,1749.618
15984,1749.667
15985,1749.716
15986,1749.766
15987,1749.890
15988,1749.966
15989,1749.980
15990,1749.994
15991,1750.009
15992,1750.023
15993,1750.066
15994,1750.139
15995,1750.883
15996,1750.957
15997,1751.028
15998,1751.080
15999,1751.733
16000,1751.781
16001,1751.829
16002,1751.877
16003,1752.527
16004,1752.575
16005,1752.622
16006,1752.668
16007,1753.447
16008,1753.516
16009,1753.567
16010,1753.615
16011,1753.741
16012,1753.826
16013,1753.842
16014,1753.859
16015,1753.875
16016,1753.891
16017,1753.908
16018,1753.924
16019,1753.939
16020,1753.955
16021,1753.971
16022,1753.986
16023,1754.003
16024,1754.020
16025,1754.038
16026,1754.055
16027,1754.071
16028,1754.088
16029,1754.105
16030,1754.122
16031,1754.139
16032,1754.156
16033,1754.203
16034,1754.284
16035,1755.036
16036,1755.110
16037,1755.190
16038,1755.258
16039,1755.918
16040,1755.972
16041,1756.021
16042,1756.067
16043,1756.741
16044,1756.791
16045,1756.840
16046,1756.890
16047,1757.697
16048,1757.767
16049,1757.818
16050,1757.867
16051,1758.507
16052,1758.553
16053,1758.601
16054,1758.653
16055,1759.334
16056,1759.384
16057,1759.454
16058,1759.535
16059,1760.336
16060,1760.388
16061,1760.442
16062,1760.497
16063,1761.203
16064,1761.255
16065,1761.307
16066,1761.359
16067,1762.044
16068,1762.128
16069,1762.206
16070,1762.280
16071,1763.011
16072,1763.063
16073,1763.118
16074,1763.169
16075,1763.845
16076,1763.898
16077,1763.951
16078,1764.003
16079,1764.778
16080,1764.856
16081,1764.935
16082,1765.000
16083,1765.701
16084,1765.755
16085,1765.806
16086,1765.856
16087,1766.511
16088,1766.561
16089,1766.610
16090,1766.659
16091,1767.429
16092,1767.508
16093,1767.560
16094,1767.613
16095,1768.285
16096,1768.334
16097,1768.384
16098,1768.435
16099,1769.136
16100,1769.187
16101,1769.239
16102,1769.312
16103,1770.140
16104,1770.195
16105,1770.249
16106,1770.300
16107,1771.007
16108,1771.057
16109,1771.107
16110,1771.163
16111,1771.848
16112,1771.898
16113,1771.983
16114,1772.065
16115,1772.799
16116,1772.855
16117,1772.901
16118,1773.553
16119,1773.600
16120,1773.649
16121,1774.304
16122,1774.352
16123,1774.398
16124,1775.198
16125,1775.271
16126,1775.321
16127,1775.996
16128,1776.045
16129,1776.092
16130,1776.746
16131,1776.798
16132,1776.849
16133,1777.553
16134,1777.625
16135,1777.699
16136,1777.827
16137,1777.867
16138,1777.882
16139,1777.898
16140,1777.913
16141,1777.928
16142,1777.942
16143,1777.958
16144,1778.032
16145,1778.123
16146,1778.157
16147,1778.171
16148,1778.187
16149,1778.204
16150,1778.220
16151,1778.235
16152,1778.258
16153,1778.292
16154,1778.529
16155,1778.556
16156,1778.584
16157,1778.613
16158,1778.643
16159,1778.888
16160,1778.916
16161,1778.943
16162,1778.971
16163,1778.998
16164,1779.238
16165,1779.265
16166,1779.292
16167,1779.333
16168,1779.375
16169,1779.650
16170,1779.690
16171,1779.732
16172,1779.775
16173,1779.814
16174,1780.043
16175,1780.070
16176,1780.099
16177,1780.126
16178,1780.154
16179,1780.401
16180,1780.430
16181,1780.459
16182,1780.487
16183,1780.588
16184,1780.620
16185,1780.634
16186,1780.655
16187,1780.684
16188,1780.924
16189,1780.951
16190,1780.979
16191,1781.006
16192,1781.033
16193,1781.131
16194,1781.164
16195,1781.180
16196,1781.195
16197,1781.210
16198,1781.225
16199,1781.240
16200,1781.255
16201,1781.272
16202,1781.296
16203,1781.328
16204,1781.377
16205,1781.655
16206,1781.695
16207,1781.736
16208,1781.782
16209,1781.812
16210,1782.045
16211,1782.071
16212,1782.099
16213,1782.126
16214,1782.153
16215,1782.399
16216,1782.427
16217,1782.455
16218,1782.483
16219,1782.511
16220,1782.772
16221,1782.800
16222,1782.828
16223,1782.857
16224,1782.888
16225,1783.147
16226,1783.176
16227,1783.206
16228,1783.234
16229,1783.263
16230,1783.540
16231,1783.584
16232,1783.627
16233,1783.668
16234,1783.710
16235,1784.020
16236,1784.052
16237,1784.083
16238,1784.113
16239,1784.142
16240,1784.399
16241,1784.425
16242,1784.453
16243,1784.481
16244,1784.509
16245,1784.608
16246,1784.640
16247,1784.654
16248,1784.677
16249,1784.708
16250,1784.950
16251,1784.978
16252,1785.005
16253,1785.033
16254,1785.061
16255,1785.159
16256,1785.191
16257,1785.205
16258,1785.228
16259,1785.259
16260,1785.504
16261,1785.547
16262,1785.591
16263,1785.633
16264,1785.674
16265,1785.796
16266,1785.841
16267,1785.867
16268,1785.895
16269,1785.928
16270,1786.164
16271,1786.192
16272,1786.218
16273,1786.245
16274,1786.272
16275,1786.384
16276,1786.400
16277,1786.520
16278,1786.534
16279,1786.548
16280,1786.562
16281,1786.572
16282,1786.583
16283,1786.649
16284,1786.670
16285,1786.712
16286,1786.786
16287,1786.800
16288,1786.814
16289,1786.905
16290,1787.058
16291,1787.132
16292,1787.221
16293,1787.331
16294,1787.355
16295,1787.468
16296,1787.809
16297,1787.884
16298,1787.906
16299,1787.928
16300,1787.949
16301,1787.970
16302,1787.991
16303,1788.013
16304,1788.035
16305,1788.058
16306,1788.081
16307,1788.103
16308,1788.125
16309,1788.146
16310,1788.167
16311,1788.345
16312,1788.365
16313,1788.385
16314,1788.566
16315,1788.585
16316,1788.605
16317,1788.787
16318,1788.807
16319,1788.828
16320,1789.007
16321,1789.027
16322,1789.055
16323,1789.190
16324,1789.273
16325,1789.293
16326,1789.313
16327,1789.334
16328,1789.354
16329,1789.375
16330,1789.396
16331,1789.448
16332,1789.508
16333,1789.692
16334,1789.711
16335,1789.731
16336,1789.751
16337,1789.944
16338,1789.965
16339,1789.985
16340,1790.006
16341,1790.192
16342,1790.212
16343,1790.232
16344,1790.251
16345,1790.431
16346,1790.451
16347,1790.472
16348,1790.491
16349,1790.680
16350,1790.699
16351,1790.720
16352,1790.742
16353,1790.927
16354,1790.949
16355,1790.982
16356,1791.014
16357,1791.151
16358,1791.225
16359,1791.245
16360,1791.265
16361,1791.285
16362,1791.305
16363,1791.359
16364,1791.418
16365,1791.601
16366,1791.621
16367,1791.640
16368,1791.659
16369,1791.845
16370,1791.865
16371,1791.885
16372,1791.905
16373,1792.086
16374,1792.106
16375,1792.126
16376,1792.145
16377,1792.325
16378,1792.345
16379,1792.364
16380,1792.385
16381,1792.499
16382,1792.560
16383,1792.577
16384,1792.592
16385,1792.606
16386,1792.619
16387,1792.634
16388,1792.649
16389,1792.663
16390,1792.689
16391,1792.712
16392,1792.736
16393,1792.759
16394,1792.784
16395,1792.806
16396,1792.828
16397,1792.848
16398,1792.870
16399,1792.892
16400,1792.920
16401,1792.937
16402,1792.958
16403,1793.013
16404,1793.079
16405,1793.266
16406,1793.287
16407,1793.307
16408,1793.327
16409,1793.519
16410,1793.540
16411,1793.562
16412,1793.584
16413,1793.787
16414,1793.810
16415,1793.832
16416,1793.854
16417,1794.043
16418,1794.064
16419,1794.086
16420,1794.106
16421,1794.295
16422,1794.315
16423,1794.335
16424,1794.355
16425,1794.547
16426,1794.581
16427,1794.613
16428,1794.646
16429,1794.876
16430,1794.910
16431,1794.940
16432,1794.971
16433,1795.202
16434,1795.225
16435,1795.248
16436,1795.270
16437,1795.468
16438,1795.489
16439,1795.509
16440,1795.531
16441,1795.729
16442,1795.748
16443,1795.768
16444,1795.788
16445,1795.980
16446,1796.001
16447,1796.022
16448,1796.042
16449,1796.245
16450,1796.267
16451,1796.290
16452,1796.311
16453,1796.506
16454,1796.528
16455,1796.549
16456,1796.571
16457,1796.809
16458,1796.843
16459,1796.872
16460,1796.903
16461,1797.127
16462,1797.166
16463,1797.188
16464,1797.209
16465,1797.401
16466,1797.423
16467,1797.443
16468,1797.465
16469,1797.652
16470,1797.674
16471,1797.694
16472,1797.715
16473,1797.904
16474,1797.926
16475,1797.946
16476,1797.966
16477,1798.157
16478,1798.178
16479,1798.200
16480,1798.221
16481,1798.406
16482,1798.428
16483,1798.449
16484,1798.469
16485,1798.654
16486,1798.685
16487,1798.716
16488,1798.937
16489,1798.967
16490,1798.997
16491,1799.221
16492,1799.256
16493,1799.278
16494,1799.475
16495,1799.496
16496,1799.516
16497,1799.699
16498,1799.721
16499,1799.742
16500,1799.975
16501,1799.996
16502,1800.016
16503,1800.223
16504,1800.243
16505,1800.264
16506,1800.491
16507,1800.566
16508,1800.588
16509,1800.610
16510,1800.633
16511,1800.655
16512,1800.678
16513,1800.699
16514,1800.722
16515,1800.754
16516,1800.788
16517,1800.825
16518,1800.861
16519,1800.894
16520,1800.926
16521,1801.282
16522,1801.316
16523,1801.348
16524,1801.462
16525,1801.521
16526,1801.535
16527,1801.549
16528,1801.853
16529,1801.882
16530,1801.910
16531,1802.215
16532,1802.247
16533,1802.278
16534,1802.392
16535,1802.450
16536,1802.464
16537,1802.478
16538,1802.492
16539,1802.505
16540,1802.519
16541,1802.532
16542,1802.567
16543,1802.629
16544,1802.995
16545,1803.039
16546,1803.085
16547,1803.130
16548,1803.464
16549,1803.495
16550,1803.524
16551,1803.553
16552,1803.859
16553,1803.890
16554,1803.921
16555,1803.952
16556,1804.275
16557,1804.306
16558,1804.337
16559,1804.368
16560,1804.710
16561,1804.741
16562,1804.771
16563,1804.801
16564,1805.180
16565,1805.223
16566,1805.267
16567,1805.312
16568,1805.469
16569,1805.556
16570,1805.571
16571,1805.586
16572,1805.600
16573,1805.615
16574,1805.649
16575,1805.705
16576,1806.033
16577,1806.063
16578,1806.093
16579,1806.124
16580,1806.433
16581,1806.464
16582,1806.493
16583,1806.524
16584,1806.865
16585,1806.895
16586,1806.926
16587,1806.957
16588,1807.318
16589,1807.364
16590,1807.411
16591,1807.459
16592,1807.608
16593,1807.676
16594,1807.692
16595,1807.707
16596,1807.724
16597,1807.738
16598,1807.752
16599,1807.768
16600,1807.781
16601,1807.798
16602,1807.812
16603,1807.827
16604,1807.841
16605,1807.856
16606,1807.871
16607,1807.886
16608,1807.901
16609,1807.916
16610,1807.931
16611,1807.945
16612,1807.960
16613,1807.975
16614,1808.012
16615,1808.072
16616,1808.400
16617,1808.431
16618,1808.461
16619,1808.492
16620,1808.827
16621,1808.858
16622,1808.889
16623,1808.938
16624,1809.358
16625,1809.410
16626,1809.461
16627,1809.512
16628,1809.833
16629,1809.864
16630,1809.896
16631,1809.930
16632,1810.273
16633,1810.303
16634,1810.334
16635,1810.365
16636,1810.708
16637,1810.743
16638,1810.777
16639,1810.808
16640,1811.158
16641,1811.189
16642,1811.220
16643,1811.262
16644,1811.676
16645,1811.726
16646,1811.778
16647,1811.833
16648,1812.148
16649,1812.178
16650,1812.208
16651,1812.237
16652,1812.558
16653,1812.591
16654,1812.624
16655,1812.653
16656,1812.977
16657,1813.009
16658,1813.040
16659,1813.071
16660,1813.414
16661,1813.446
16662,1813.479
16663,1813.521
16664,1813.916
16665,1813.966
16666,1814.017
16667,1814.070
16668,1814.405
16669,1814.437
16670,1814.470
16671,1814.500
16672,1814.822
16673,1814.856
16674,1814.887
16675,1814.917
16676,1815.234
16677,1815.266
16678,1815.297
16679,1815.328
16680,1815.647
16681,1815.679
16682,1815.709
16683,1815.739
16684,1816.110
16685,1816.156
16686,1816.200
16687,1816.245
16688,1816.586
16689,1816.618
16690,1816.648
16691,1816.676
16692,1817.003
16693,1817.034
16694,1817.065
16695,1817.094
16696,1817.393
16697,1817.422
16698,1817.450
16699,1817.750
16700,1817.781
16701,1817.810
16702,1818.104
16703,1818.143
16704,1818.189
16705,1818.535
16706,1818.579
16707,1818.623
16708,1818.948
16709,1818.979
16710,1819.009
16711,1819.312
16712,1819.343
16713,1819.372
16714,1819.670
16715,1819.699
16716,1819.726
16717,1819.956
16718,1820.041
16719,1820.061
16720,1820.081
16721,1820.101
16722,1820.122
16723,1820.142
16724,1820.164
16725,1820.184
16726,1820.205
16727,1820.236
16728,1820.270
16729,1820.303
16730,1820.337
16731,1820.376
16732,1820.596
16733,1820.626
16734,1820.659
16735,1820.864
16736,1820.887
16737,1820.908
16738,1821.105
16739,1821.125
16740,1821.147
16741,1821.341
16742,1821.361
16743,1821.381
16744,1821.500
16745,1821.574
16746,1821.587
16747,1821.600
16748,1821.614
16749,1821.627
16750,1821.640
16751,1821.653
16752,1821.692
16753,1821.766
16754,1821.964
16755,1821.985
16756,1822.005
16757,1822.027
16758,1822.200
16759,1822.228
16760,1822.255
16761,1822.396
16762,1822.506
16763,1822.687
16764,1822.718
16765,1822.742
16766,1822.854
16767,1822.936
16768,1823.147
16769,1823.168
16770,1823.189
16771,1823.211
16772,1823.374
16773,1823.390
16774,1823.406
16775,1823.512
16776,1823.585
16777,1823.781
16778,1823.802
16779,1823.822
16780,1823.843
16781,1823.963
16782,1824.034
16783,1824.048
16784,1824.062
16785,1824.075
16786,1824.088
16787,1824.130
16788,1824.235
16789,1824.463
16790,1824.494
16791,1824.524
16792,1824.554
16793,1824.775
16794,1824.796
16795,1824.816
16796,1824.837
16797,1825.030
16798,1825.050
16799,1825.069
16800,1825.089
16801,1825.282
16802,1825.302
16803,1825.321
16804,1825.340
16805,1825.461
16806,1825.539
16807,1825.555
16808,1825.569
16809,1825.583
16810,1825.596
16811,1825.611
16812,1825.624
16813,1825.638
16814,1825.652
16815,1825.666
16816,1825.679
16817,1825.693
16818,1825.706
16819,1825.720
16820,1825.734
16821,1825.748
16822,1825.763
16823,1825.777
16824,1825.791
16825,1825.806
16826,1825.821
16827,1825.884
16828,1825.990
16829,1826.224
16830,1826.255
16831,1826.287
16832,1826.322
16833,1826.526
16834,1826.547
16835,1826.568
16836,1826.588
16837,1826.804
16838,1826.829
16839,1826.853
16840,1826.876
16841,1827.079
16842,1827.098
16843,1827.117
16844,1827.136
16845,1827.329
16846,1827.349
16847,1827.370
16848,1827.391
16849,1827.591
16850,1827.611
16851,1827.630
16852,1827.650
16853,1827.851
16854,1827.881
16855,1827.911
16856,1827.944
16857,1828.189
16858,1828.223
16859,1828.257
16860,1828.292
16861,1828.509
16862,1828.529
16863,1828.549
16864,1828.568
16865,1828.764
16866,1828.785
16867,1828.805
16868,1828.826
16869,1829.023
16870,1829.044
16871,1829.063
16872,1829.082
16873,1829.288
16874,1829.309
16875,1829.331
16876,1829.350
16877,1829.547
16878,1829.569
16879,1829.590
16880,1829.610
16881,1829.809
16882,1829.830
16883,1829.857
16884,1829.890
16885,1830.129
16886,1830.163
16887,1830.196
16888,1830.226
16889,1830.461
16890,1830.486
16891,1830.509
16892,1830.530
16893,1830.730
16894,1830.752
16895,1830.774
16896,1830.794
16897,1830.993
16898,1831.013
16899,1831.032
16900,1831.052
16901,1831.245
16902,1831.266
16903,1831.286
16904,1831.306
16905,1831.500
16906,1831.522
16907,1831.542
16908,1831.562
16909,1831.751
16910,1831.772
16911,1831.792
16912,1832.020
16913,1832.051
16914,1832.083
16915,1832.305
16916,1832.336
16917,1832.365
16918,1832.582
16919,1832.602
16920,1832.623
16921,1832.819
16922,1832.841
16923,1832.862
16924,1833.063
16925,1833.085
16926,1833.106
16927,1833.309
16928,1833.329
16929,1833.350
16930,1833.810
16931,1833.836
16932,1834.086
16933,1834.249
16934,1834.283
16935,1835.338
16936,1835.382
16937,1835.426
16938,1835.470
16939,1835.511
16940,1835.964
16941,1836.062
16942,1836.166
16943,1836.203
16944,1836.274
16945,1836.308
16946,1836.330
16947,1836.517
16948,1836.546
16949,1836.576
16950,1836.715
16951,1836.773
16952,1836.798
16953,1836.888
16954,1836.941
16955,1836.965
16956,1837.391
16957,1837.426
16958,1837.461
16959,1837.665
16960,1837.712
16961,1837.733
16962,1837.757
16963,1837.847
16964,1837.884
16965,1837.898
16966,1837.968
16967,1838.006
16968,1838.020
16969,1838.229
16970,1838.314
16971,1838.334
16972,1838.354
16973,1838.374
16974,1838.395
16975,1838.420
16976,1838.453
16977,1838.487
16978,1838.523
16979,1838.556
16980,1838.588
16981,1838.621
16982,1838.654
16983,1838.686
16984,1838.972
16985,1839.000
16986,1839.026
16987,1839.279
16988,1839.305
16989,1839.329
16990,1839.589
16991,1839.615
16992,1839.639
16993,1839.896
16994,1839.921
16995,1839.947
16996,1840.070
16997,1840.147
16998,1840.161
16999,1840.175
17000,1840.188
17001,1840.202
17002,1840.217
17003,1840.231
17004,1840.273
17005,1840.360
17006,1840.681
17007,1840.720
17008,1840.762
17009,1840.803
17010,1841.109
17011,1841.135
17012,1841.162
17013,1841.187
17014,1841.466
17015,1841.493
17016,1841.520
17017,1841.545
17018,1841.806
17019,1841.833
17020,1841.858
17021,1841.884
17022,1842.157
17023,1842.183
17024,1842.209
17025,1842.234
17026,1842.496
17027,1842.521
17028,1842.545
17029,1842.587
17030,1842.735
17031,1842.834
17032,1842.856
17033,1842.878
17034,1842.899
17035,1842.920
17036,1842.982
17037,1843.057
17038,1843.321
17039,1843.346
17040,1843.372
17041,1843.398
17042,1843.660
17043,1843.685
17044,1843.709
17045,1843.734
17046,1843.992
17047,1844.018
17048,1844.043
17049,1844.069
17050,1844.343
17051,1844.369
17052,1844.395
17053,1844.421
17054,1844.562
17055,1844.684
17056,1844.709
17057,1844.734
17058,1844.759
17059,1844.785
17060,1844.811
17061,1844.837
17062,1844.864
17063,1844.896
17064,1844.913
17065,1844.930
17066,1844.948
17067,1844.964
17068,1844.981
17069,1844.998
17070,1845.015
17071,1845.032
17072,1845.048
17073,1845.065
17074,1845.082
17075,1845.098
17076,1845.142
17077,1845.220
17078,1845.482
17079,1845.508
17080,1845.533
17081,1845.558
17082,1845.823
17083,1845.850
17084,1845.875
17085,1845.902
17086,1846.186
17087,1846.212
17088,1846.255
17089,1846.299
17090,1846.637
17091,1846.678
17092,1846.716
17093,1846.760
17094,1847.031
17095,1847.060
17096,1847.087
17097,1847.114
17098,1847.399
17099,1847.425
17100,1847.452
17101,1847.477
17102,1847.751
17103,1847.776
17104,1847.802
17105,1847.829
17106,1848.103
17107,1848.128
17108,1848.154
17109,1848.180
17110,1848.445
17111,1848.479
17112,1848.520
17113,1848.562
17114,1848.872
17115,1848.912
17116,1848.951
17117,1848.990
17118,1849.255
17119,1849.278
17120,1849.303
17121,1849.326
17122,1849.600
17123,1849.625
17124,1849.650
17125,1849.676
17126,1849.939
17127,1849.965
17128,1849.992
17129,1850.018
17130,1850.291
17131,1850.315
17132,1850.342
17133,1850.369
17134,1850.638
17135,1850.674
17136,1850.716
17137,1850.759
17138,1851.065
17139,1851.102
17140,1851.140
17141,1851.181
17142,1851.446
17143,1851.470
17144,1851.494
17145,1851.518
17146,1851.779
17147,1851.804
17148,1851.829
17149,1851.854
17150,1852.110
17151,1852.134
17152,1852.158
17153,1852.183
17154,1852.443
17155,1852.468
17156,1852.493
17157,1852.519
17158,1852.769
17159,1852.796
17160,1852.839
17161,1853.138
17162,1853.176
17163,1853.215
17164,1853.503
17165,1853.529
17166,1853.555
17167,1853.806
17168,1853.829
17169,1853.853
17170,1854.107
17171,1854.131
17172,1854.155
17173,1854.409
17174,1854.436
17175,1854.460
17176,1854.714
17177,1854.739
17178,1854.763
17179,1855.004
17180,1855.090
17181,1855.125
17182,1855.158
17183,1855.193
17184,1855.226
17185,1855.256
17186,1855.288
17187,1855.320
17188,1855.352
17189,1855.386
17190,1855.425
17191,1855.448
17192,1855.472
17193,1855.494
17194,1855.746
17195,1855.771
17196,1855.797
17197,1856.048
17198,1856.072
17199,1856.097
17200,1856.349
17201,1856.374
17202,1856.400
17203,1856.652
17204,1856.677
17205,1856.701
17206,1856.821
17207,1856.897
17208,1856.912
17209,1856.926
17210,1856.944
17211,1856.966
17212,1856.988
17213,1857.010
17214,1857.072
17215,1857.177
17216,1857.488
17217,1857.515
17218,1857.541
17219,1857.569
17220,1857.832
17221,1857.857
17222,1857.882
17223,1857.909
17224,1858.178
17225,1858.203
17226,1858.229
17227,1858.253
17228,1858.528
17229,1858.553
17230,1858.579
17231,1858.604
17232,1858.869
17233,1858.895
17234,1858.920
17235,1858.945
17236,1859.271
17237,1859.309
17238,1859.347
17239,1859.385
17240,1859.531
17241,1859.620
17242,1859.633
17243,1859.647
17244,1859.661
17245,1859.674
17246,1859.716
17247,1859.786
17248,1860.044
17249,1860.069
17250,1860.093
17251,1860.117
17252,1860.370
17253,1860.395
17254,1860.420
17255,1860.445
17256,1860.698
17257,1860.724
17258,1860.749
17259,1860.774
17260,1861.037
17261,1861.077
17262,1861.117
17263,1861.156
17264,1861.309
17265,1861.429
17266,1861.449
17267,1861.465
17268,1861.481
17269,1861.497
17270,1861.513
17271,1861.529
17272,1861.545
17273,1861.560
17274,1861.574
17275,1861.589
17276,1861.604
17277,1861.619
17278,1861.635
17279,1861.650
17280,1861.666
17281,1861.682
17282,1861.698
17283,1861.713
17284,1861.728
17285,1861.744
17286,1861.786
17287,1861.859
17288,1862.121
17289,1862.146
17290,1862.171
17291,1862.197
17292,1862.463
17293,1862.488
17294,1862.513
17295,1862.552
17296,1862.877
17297,1862.916
17298,1862.955
17299,1862.995
17300,1863.292
17301,1863.318
17302,1863.345
17303,1863.370
17304,1863.634
17305,1863.661
17306,1863.689
17307,1863.716
17308,1863.996
17309,1864.022
17310,1864.046
17311,1864.072
17312,1864.359
17313,1864.386
17314,1864.412
17315,1864.437
17316,1864.732
17317,1864.758
17318,1864.792
17319,1864.834
17320,1865.153
17321,1865.194
17322,1865.232
17323,1865.271
17324,1865.564
17325,1865.591
17326,1865.615
17327,1865.639
17328,1865.909
17329,1865.938
17330,1865.964
17331,1865.990
17332,1866.264
17333,1866.289
17334,1866.314
17335,1866.339
17336,1866.616
17337,1866.644
17338,1866.672
17339,1866.699
17340,1866.977
17341,1867.003
17342,1867.041
17343,1867.082
17344,1867.418
17345,1867.459
17346,1867.501
17347,1867.542
17348,1867.840
17349,1867.867
17350,1867.892
17351,1867.918
17352,1868.192
17353,1868.219
17354,1868.244
17355,1868.271
17356,1868.542
17357,1868.566
17358,1868.592
17359,1868.618
17360,1868.888
17361,1868.914
17362,1868.940
17363,1868.966
17364,1869.232
17365,1869.257
17366,1869.286
17367,1869.328
17368,1869.633
17369,1869.672
17370,1869.713
17371,1870.019
17372,1870.046
17373,1870.072
17374,1870.335
17375,1870.362
17376,1870.388
17377,1870.658
17378,1870.683
17379,1870.708
17380,1870.973
17381,1870.999
17382,1871.024
17383,1871.286
17384,1871.312
17385,1871.338
17386,1871.602
17387,1871.629
17388,1871.655
17389,1871.949
17390,1872.069
17391,1872.102
17392,1872.135
17393,1872.168
17394,1872.206
17395,1872.229
17396,1872.251
17397,1872.274
17398,1872.297
17399,1872.319
17400,1872.340
17401,1872.362
17402,1872.384
17403,1872.406
17404,1872.668
17405,1872.695
17406,1872.721
17407,1872.976
17408,1873.002
17409,1873.027
17410,1873.282
17411,1873.307
17412,1873.333
17413,1873.589
17414,1873.614
17415,1873.640
17416,1873.784
17417,1873.892
17418,1873.912
17419,1873.934
17420,1873.955
17421,1873.977
17422,1873.999
17423,1874.021
17424,1874.083
17425,1874.171
17426,1874.428
17427,1874.453
17428,1874.478
17429,1874.503
17430,1874.773
17431,1874.800
17432,1874.824
17433,1874.849
17434,1875.109
17435,1875.134
17436,1875.160
17437,1875.186
17438,1875.441
17439,1875.467
17440,1875.492
17441,1875.518
17442,1875.816
17443,1875.856
17444,1875.900
17445,1875.942
17446,1876.251
17447,1876.297
17448,1876.329
17449,1876.356
17450,1876.477
17451,1876.546
17452,1876.559
17453,1876.572
17454,1876.586
17455,1876.599
17456,1876.643
17457,1876.717
17458,1877.003
17459,1877.028
17460,1877.052
17461,1877.076
17462,1877.344
17463,1877.369
17464,1877.394
17465,1877.420
17466,1877.680
17467,1877.705
17468,1877.741
17469,1877.783
17470,1878.092
17471,1878.132
17472,1878.172
17473,1878.212
17474,1878.352
17475,1878.433
17476,1878.448
17477,1878.463
17478,1878.478
17479,1878.493
17480,1878.508
17481,1878.523
17482,1878.538
17483,1878.554
17484,1878.570
17485,1878.586
17486,1878.602
17487,1878.618
17488,1878.633
17489,1878.649
17490,1878.664
17491,1878.680
17492,1878.696
17493,1878.712
17494,1878.729
17495,1878.746
17496,1878.789
17497,1878.868
17498,1879.145
17499,1879.174
17500,1879.200
17501,1879.226
17502,1879.531
17503,1879.575
17504,1879.615
17505,1879.654
17506,1880.008
17507,1880.040
17508,1880.068
17509,1880.094
17510,1880.382
17511,1880.408
17512,1880.434
17513,1880.462
17514,1880.760
17515,1880.785
17516,1880.811
17517,1880.837
17518,1881.108
17519,1881.134
17520,1881.161
17521,1881.186
17522,1881.460
17523,1881.486
17524,1881.512
17525,1881.538
17526,1881.869
17527,1881.909
17528,1881.949
17529,1881.991
17530,1882.303
17531,1882.329
17532,1882.355
17533,1882.382
17534,1882.659
17535,1882.687
17536,1882.713
17537,1882.741
17538,1883.006
17539,1883.031
17540,1883.058
17541,1883.084
17542,1883.368
17543,1883.395
17544,1883.422
17545,1883.448
17546,1883.727
17547,1883.752
17548,1883.779
17549,1883.803
17550,1884.121
17551,1884.160
17552,1884.198
17553,1884.239
17554,1884.558
17555,1884.585
17556,1884.611
17557,1884.637
17558,1884.904
17559,1884.930
17560,1884.957
17561,1884.984
17562,1885.256
17563,1885.284
17564,1885.310
17565,1885.337
17566,1885.607
17567,1885.633
17568,1885.658
17569,1885.686
17570,1885.962
17571,1885.991
17572,1886.020
17573,1886.047
17574,1886.376
17575,1886.417
17576,1886.457
17577,1886.500
17578,1886.829
17579,1886.857
17580,1886.886
17581,1887.171
17582,1887.198
17583,1887.224
17584,1887.518
17585,1887.546
17586,1887.573
17587,1887.853
17588,1887.879
17589,1887.906
17590,1888.192
17591,1888.219
17592,1888.246
17593,1888.519
17594,1888.545
17595,1888.570
17596,1888.883
17597,1888.926
17598,1888.965
17599,1889.075
17600,1889.107
17601,1889.139
17602,1889.167
17603,1889.200
17604,1889.227
17605,1889.309
17606,1889.389
17607,1889.412
17608,1889.431
17609,1889.524
17610,1889.620
17611,1889.642
17612,1889.927
17613,1889.954
17614,1890.037
17615,1890.072
17616,1890.150
17617,1890.277
17618,1890.316
17619,1890.332
17620,1890.415
17621,1890.540
17622,1890.578
17623,1890.935
17624,1890.965
17625,1891.092
17626,1891.203
17627,1891.228
17628,1891.288
17629,1891.395
17630,1891.563
17631,1891.592
17632,1891.733
17633,1891.753
17634,1891.834
17635,1891.941
17636,1891.953
17637,1891.963
17638,1892.008
17639,1892.020
17640,1892.030
17641,1892.040
17642,1892.051
17643,1892.062
17644,1892.074
17645,1892.086
17646,1892.098
17647,1892.109
17648,1892.120
17649,1892.223
17650,1892.234
17651,1892.245
17652,1892.343
17653,1892.355
17654,1892.366
17655,1892.376
17656,1892.388
17657,1892.451
17658,1892.462
17659,1892.473
17660,1892.484
17661,1892.516
17662,1892.533
17663,1892.550
17664,1892.595
17665,1892.607
17666,1892.617
17667,1892.627
17668,1892.668
17669,1892.681
17670,1892.691
17671,1892.703
17672,1892.715
17673,1892.730
17674,1892.748
17675,1892.761
17676,1892.775
17677,1892.792
17678,1892.834
17679,1892.850
17680,1892.878
17681,1892.936
17682,1892.952
17683,1892.967
17684,1892.983
17685,1893.001
17686,1893.016
17687,1893.031
17688,1893.046
17689,1893.065
17690,1893.089
17691,1893.113
17692,1893.172
17693,1893.188
17694,1893.204
17695,1893.268
17696,1893.279
17697,1893.289
17698,1893.298
17699,1893.308
17700,1893.317
17701,1893.326
17702,1893.334
17703,1893.344
17704,1893.353
17705,1893.362
17706,1893.456
17707,1893.467
17708,1893.477
17709,1893.578
17710,1893.589
17711,1893.599
17712,1893.609
17713,1893.619
17714,1893.686
17715,1893.697
17716,1893.707
17717,1893.717
17718,1893.747
17719,1893.762
17720,1893.777
17721,1893.818
17722,1893.829
17723,1893.840
17724,1893.848
17725,1893.889
17726,1893.899
17727,1893.913
17728,1893.923
17729,1893.935
17730,1893.949
17731,1893.963
17732,1894.008
17733,1894.020
17734,1894.030
17735,1894.040
17736,1894.049
17737,1894.061
17738,1894.102
17739,1894.118
17740,1894.134
17741,1894.146
17742,1894.163
17743,1894.177
17744,1894.221
17745,1894.232
17746,1894.243
17747,1894.253
17748,1894.264
17749,1894.274
17750,1894.283
17751,1894.301
17752,1894.326
17753,1894.349
17754,1894.414
17755,1894.430
17756,1894.446
17757,1894.504
17758,1894.521
17759,1894.537
17760,1894.554
17761,1894.570
17762,1894.586
17763,1894.602
17764,1894.618
17765,1894.677
17766,1894.699
17767,1894.716
17768,1894.727
17769,1894.749
17770,1894.764
17771,1894.779
17772,1894.819
17773,1894.835
17774,1894.849
17775,1894.861
17776,1894.876
17777,1894.889
17778,1894.900
17779,1894.916
17780,1894.930
17781,1894.978
17782,1894.990
17783,1895.002
17784,1895.056
17785,1895.067
17786,1895.078
17787,1895.088
17788,1895.097
17789,1895.107
17790,1895.117
17791,1895.127
17792,1895.137
17793,1895.146
17794,1895.156
17795,1895.166
17796,1895.176
17797,1895.186
17798,1895.197
17799,1895.208
17800,1895.219
17801,1895.229
17802,1895.239
17803,1895.249
17804,1895.259
17805,1895.270
17806,1895.280
17807,1895.405
17808,1895.416
17809,1895.427
17810,1895.531
17811,1895.551
17812,1895.568
17813,1895.600
17814,1895.617
17815,1895.633
17816,1895.645
17817,1895.662
17818,1895.677
17819,1895.705
17820,1895.733
17821,1895.757
17822,1895.799
17823,1895.824
17824,1895.852
17825,1895.912
17826,1895.928
17827,1895.944
17828,1895.958
17829,1895.975
17830,1896.000
17831,1896.021
17832,1896.086
17833,1896.103
17834,1896.114
17835,1896.125
17836,1896.170
17837,1896.182
17838,1896.193
17839,1896.204
17840,1896.224
17841,1896.240
17842,1896.255
17843,1896.267
17844,1896.281
17845,1896.294
17846,1896.305
17847,1896.318
17848,1896.332
17849,1896.373
17850,1896.389
17851,1896.405
17852,1896.435
17853,1896.450
17854,1896.466
17855,1896.488
17856,1896.503
17857,1896.519
17858,1896.549
17859,1896.566
17860,1896.582
17861,1896.594
17862,1896.609
17863,1896.626
17864,1896.638
17865,1896.655
17866,1896.671
17867,1896.703
17868,1896.721
17869,1896.737
17870,1896.844
17871,1896.855
17872,1896.865
17873,1896.876
17874,1896.886
17875,1896.896
17876,1896.907
17877,1896.917
17878,1896.927
17879,1897.013
17880,1897.209
17881,1897.224
17882,1897.238
17883,1897.251
17884,1897.263
17885,1897.372
17886,1897.394
17887,1897.409
17888,1897.424
17889,1897.470
17890,1897.550
17891,1897.561
17892,1897.592
17893,1897.657
17894,1897.667
17895,1897.797
17896,1897.809
17897,1897.819
17898,1897.919
17899,1897.930
17900,1897.940
17901,1898.054
17902,1898.066
17903,1898.077
17904,1898.165
17905,1898.175
17906,1898.184
17907,1898.297
17908,1898.310
17909,1898.325
17910,1898.340
17911,1898.355
17912,1898.369
17913,1898.406
17914,1898.417
17915,1898.427
17916,1898.436
17917,1898.472
17918,1898.482
17919,1898.492
17920,1898.502
17921,1898.513
17922,1898.553
17923,1898.563
17924,1898.574
17925,1898.584
17926,1898.594
17927,1898.604
17928,1898.615
17929,1898.625
17930,1898.634
17931,1898.644
17932,1898.784
17933,1898.801
17934,1898.816
17935,1898.936
17936,1898.960
17937,1898.982
17938,1899.025
17939,1899.050
17940,1899.075
17941,1899.347
17942,1899.438
17943,1899.458
17944,1899.478
17945,1899.498
17946,1899.518
17947,1899.542
17948,1899.566
17949,1899.590
17950,1899.611
17951,1899.631
17952,1899.653
17953,1899.679
17954,1899.705
17955,1899.722
17956,1899.988
17957,1900.014
17958,1900.039
17959,1900.309
17960,1900.336
17961,1900.361
17962,1900.651
17963,1900.692
17964,1900.733
17965,1901.052
17966,1901.090
17967,1901.134
17968,1901.264
17969,1901.341
17970,1901.356
17971,1901.372
17972,1901.388
17973,1901.404
17974,1901.421
17975,1901.437
17976,1901.480
17977,1901.551
17978,1901.823
17979,1901.848
17980,1901.872
17981,1901.897
17982,1902.169
17983,1902.195
17984,1902.220
17985,1902.246
17986,1902.519
17987,1902.558
17988,1902.599
17989,1902.642
17990,1902.956
17991,1902.996
17992,1903.037
17993,1903.070
17994,1903.352
17995,1903.378
17996,1903.403
17997,1903.429
17998,1903.707
17999,1903.733
18000,1903.758
18001,1903.785
18002,1903.908
18003,1903.985
18004,1904.000
18005,1904.016
18006,1904.032
18007,1904.048
18008,1904.089
18009,1904.164
18010,1904.456
18011,1904.481
18012,1904.522
18013,1904.561
18014,1904.883
18015,1904.922
18016,1904.961
18017,1905.004
18018,1905.289
18019,1905.315
18020,1905.340
18021,1905.365
18022,1905.640
18023,1905.666
18024,1905.691
18025,1905.716
18026,1905.852
18027,1905.939
18028,1905.955
18029,1905.971
18030,1905.987
18031,1906.003
18032,1906.019
18033,1906.035
18034,1906.051
18035,1906.066
18036,1906.083
18037,1906.100
18038,1906.117
18039,1906.134
18040,1906.151
18041,1906.168
18042,1906.184
18043,1906.202
18044,1906.218
18045,1906.244
18046,1906.270
18047,1906.298
18048,1906.374
18049,1906.490
18050,1906.826
18051,1906.854
18052,1906.880
18053,1906.907
18054,1907.210
18055,1907.236
18056,1907.264
18057,1907.290
18058,1907.599
18059,1907.623
18060,1907.648
18061,1907.673
18062,1907.954
18063,1907.980
18064,1908.005
18065,1908.034
18066,1908.321
18067,1908.345
18068,1908.370
18069,1908.399
18070,1908.742
18071,1908.779
18072,1908.818
18073,1908.857
18074,1909.194
18075,1909.220
18076,1909.246
18077,1909.270
18078,1909.567
18079,1909.599
18080,1909.626
18081,1909.651
18082,1909.935
18083,1909.961
18084,1909.986
18085,1910.015
18086,1910.307
18087,1910.333
18088,1910.358
18089,1910.383
18090,1910.681
18091,1910.707
18092,1910.732
18093,1910.774
18094,1911.126
18095,1911.169
18096,1911.209
18097,1911.248
18098,1911.564
18099,1911.592
18100,1911.620
18101,1911.645
18102,1911.932
18103,1911.959
18104,1911.984
18105,1912.013
18106,1912.299
18107,1912.324
18108,1912.348
18109,1912.373
18110,1912.667
18111,1912.694
18112,1912.718
18113,1912.745
18114,1913.037
18115,1913.065
18116,1913.091
18117,1913.137
18118,1913.482
18119,1913.522
18120,1913.564
18121,1913.605
18122,1913.916
18123,1913.941
18124,1913.966
18125,1913.991
18126,1914.280
18127,1914.306
18128,1914.332
18129,1914.357
18130,1914.634
18131,1914.661
18132,1914.687
18133,1914.961
18134,1914.990
18135,1915.016
18136,1915.309
18137,1915.334
18138,1915.360
18139,1915.664
18140,1915.705
18141,1915.746
18142,1916.092
18143,1916.134
18144,1916.174
18145,1916.469
18146,1916.499
18147,1916.524
18148,1916.808
18149,1916.836
18150,1916.865
18151,1917.128
18152,1917.225
18153,1917.248
18154,1917.270
18155,1917.295
18156,1917.316
18157,1917.343
18158,1917.366
18159,1917.388
18160,1917.410
18161,1917.432
18162,1917.453
18163,1917.475
18164,1917.499
18165,1917.521
18166,1917.814
18167,1917.855
18168,1917.895
18169,1918.224
18170,1918.263
18171,1918.302
18172,1918.617
18173,1918.648
18174,1918.676
18175,1918.972
18176,1918.999
18177,1919.029
18178,1919.164
18179,1919.242
18180,1919.258
18181,1919.275
18182,1919.294
18183,1919.313
18184,1919.329
18185,1919.345
18186,1919.390
18187,1919.465
18188,1919.767
18189,1919.796
18190,1919.824
18191,1919.851
18192,1920.153
18193,1920.194
18194,1920.242
18195,1920.282
18196,1920.634
18197,1920.678
18198,1920.713
18199,1920.742
18200,1921.029
18201,1921.054
18202,1921.079
18203,1921.105
18204,1921.396
18205,1921.427
18206,1921.452
18207,1921.476
18208,1921.762
18209,1921.790
18210,1921.816
18211,1921.842
18212,1921.969
18213,1922.046
18214,1922.062
18215,1922.079
18216,1922.095
18217,1922.112
18218,1922.158
18219,1922.271
18220,1922.602
18221,1922.642
18222,1922.681
18223,1922.727
18224,1923.050
18225,1923.077
18226,1923.104
18227,1923.129
18228,1923.430
18229,1923.456
18230,1923.483
18231,1923.509
18232,1923.799
18233,1923.825
18234,1923.850
18235,1923.876
18236,1924.011
18237,1924.092
18238,1924.110
18239,1924.125
18240,1924.141
18241,1924.158
18242,1924.174
18243,1924.190
18244,1924.205
18245,1924.220
18246,1924.249
18247,1924.275
18248,1924.305
18249,1924.333
18250,1924.359
18251,1924.385
18252,1924.410
18253,1924.436
18254,1924.466
18255,1924.493
18256,1924.519
18257,1924.548
18258,1924.604
18259,1924.687
18260,1924.981
18261,1925.007
18262,1925.034
18263,1925.059
18264,1925.348
18265,1925.375
18266,1925.400
18267,1925.426
18268,1925.736
18269,1925.765
18270,1925.791
18271,1925.817
18272,1926.116
18273,1926.143
18274,1926.169
18275,1926.199
18276,1926.556
18277,1926.597
18278,1926.637
18279,1926.678
18280,1927.037
18281,1927.065
18282,1927.094
18283,1927.123
18284,1927.426
18285,1927.453
18286,1927.481
18287,1927.507
18288,1927.810
18289,1927.836
18290,1927.860
18291,1927.885
18292,1928.185
18293,1928.211
18294,1928.238
18295,1928.264
18296,1928.573
18297,1928.600
18298,1928.624
18299,1928.664
18300,1929.018
18301,1929.059
18302,1929.099
18303,1929.140
18304,1929.462
18305,1929.492
18306,1929.518
18307,1929.546
18308,1929.842
18309,1929.869
18310,1929.895
18311,1929.920
18312,1930.210
18313,1930.234
18314,1930.261
18315,1930.287
18316,1930.578
18317,1930.603
18318,1930.629
18319,1930.656
18320,1930.957
18321,1930.983
18322,1931.009
18323,1931.054
18324,1931.401
18325,1931.439
18326,1931.478
18327,1931.521
18328,1931.845
18329,1931.873
18330,1931.900
18331,1931.924
18332,1932.230
18333,1932.258
18334,1932.284
18335,1932.310
18336,1932.591
18337,1932.616
18338,1932.641
18339,1932.667
18340,1932.953
18341,1932.981
18342,1933.008
18343,1933.290
18344,1933.317
18345,1933.343
18346,1933.653
18347,1933.696
18348,1933.734
18349,1934.060
18350,1934.105
18351,1934.141
18352,1934.423
18353,1934.449
18354,1934.474
18355,1934.753
18356,1934.781
18357,1934.807
18358,1935.084
18359,1935.109
18360,1935.133
18361,1935.430
18362,1935.458
18363,1935.545
18364,1935.580
18365,1935.594
18366,1935.608
18367,1935.826
18368,1935.849
18369,1935.938
18370,1935.972
18371,1936.445
18372,1936.496
18373,1936.547
18374,1936.732
18375,1936.774
18376,1936.857
18377,1936.893
18378,1936.908
18379,1936.928
18380,1936.964
18381,1937.163
18382,1937.187
18383,1937.315
18384,1937.327
18385,1937.337
18386,1937.384
18387,1937.395
18388,1937.405
18389,1937.415
18390,1937.425
18391,1937.434
18392,1937.444
18393,1937.453
18394,1937.462
18395,1937.471
18396,1937.480
18397,1937.490
18398,1937.499
18399,1937.508
18400,1937.607
18401,1937.619
18402,1937.629
18403,1937.703
18404,1937.719
18405,1937.733
18406,1937.753
18407,1937.768
18408,1937.781
18409,1937.824
18410,1937.840
18411,1937.857
18412,1937.898
18413,1937.914
18414,1937.930
18415,1937.954
18416,1937.981
18417,1938.007
18418,1938.039
18419,1938.066
18420,1938.093
18421,1938.108
18422,1938.132
18423,1938.157
18424,1938.173
18425,1938.198
18426,1938.223
18427,1938.265
18428,1938.295
18429,1938.316
18430,1938.446
18431,1938.456
18432,1938.466
18433,1938.546
18434,1938.556
18435,1938.566
18436,1938.577
18437,1938.662
18438,1938.814
18439,1938.825
18440,1938.836
18441,1938.848
18442,1938.858
18443,1938.949
18444,1938.962
18445,1938.972
18446,1938.982
18447,1939.015
18448,1939.029
18449,1939.039
18450,1939.049
18451,1939.079
18452,1939.145
18453,1939.156
18454,1939.291
18455,1939.303
18456,1939.313
18457,1939.408
18458,1939.419
18459,1939.429
18460,1939.439
18461,1939.449
18462,1939.458
18463,1939.467
18464,1939.476
18465,1939.486
18466,1939.500
18467,1939.515
18468,1939.526
18469,1939.535
18470,1939.544
18471,1939.553
18472,1939.652
18473,1939.846
18474,1939.862
18475,1939.875
18476,1939.891
18477,1939.905
18478,1940.016
18479,1940.037
18480,1940.051
18481,1940.065
18482,1940.116
18483,1940.133
18484,1940.143
18485,1940.153
18486,1940.185
18487,1940.247
18488,1940.257
18489,1940.391
18490,1940.404
18491,1940.415
18492,1940.512
18493,1940.523
18494,1940.533
18495,1940.543
18496,1940.552
18497,1940.562
18498,1940.572
18499,1940.581
18500,1940.591
18501,1940.606
18502,1940.623
18503,1940.862
18504,1940.951
18505,1940.974
18506,1940.998
18507,1941.021
18508,1941.044
18509,1941.068
18510,1941.093
18511,1941.118
18512,1941.143
18513,1941.167
18514,1941.195
18515,1941.234
18516,1941.274
18517,1941.314
18518,1941.440
18519,1941.464
18520,1941.490
18521,1941.934
18522,1941.969
18523,1942.004
18524,1942.130
18525,1942.147
18526,1942.164
18527,1942.180
18528,1942.307
18529,1942.380
18530,1942.395
18531,1942.518
18532,1942.592
18533,1942.608
18534,1942.735
18535,1942.810
18536,1943.160
18537,1943.201
18538,1943.618
18539,1943.666
18540,1943.713
18541,1943.855
18542,1943.872
18543,1943.887
18544,1943.996
18545,1944.012
18546,1944.028
18547,1944.044
18548,1944.157
18549,1944.176
18550,1944.193
18551,1944.212
18552,1944.337
18553,1944.353
18554,1944.368
18555,1944.490
18556,1944.507
18557,1944.523
18558,1944.539
18559,1944.554
18560,1944.571
18561,1944.703
18562,1944.722
18563,1944.739
18564,1944.756
18565,1945.196
18566,1945.240
18567,1945.295
18568,1945.769
18569,1945.824
18570,1945.875
18571,1946.007
18572,1946.086
18573,1946.102
18574,1946.119
18575,1946.136
18576,1946.152
18577,1946.169
18578,1946.186
18579,1946.229
18580,1946.304
18581,1946.716
18582,1946.753
18583,1946.789
18584,1946.824
18585,1947.252
18586,1947.287
18587,1947.337
18588,1947.395
18589,1947.895
18590,1947.951
18591,1947.998
18592,1948.034
18593,1948.449
18594,1948.485
18595,1948.523
18596,1948.558
18597,1949.008
18598,1949.047
18599,1949.086
18600,1949.123
18601,1949.564
18602,1949.601
18603,1949.639
18604,1949.690
18605,1949.854
18606,1949.964
18607,1949.989
18608,1950.015
18609,1950.040
18610,1950.068
18611,1950.127
18612,1950.207
18613,1950.647
18614,1950.686
18615,1950.722
18616,1950.758
18617,1951.187
18618,1951.223
18619,1951.260
18620,1951.294
18621,1951.710
18622,1951.744
18623,1951.778
18624,1951.818
18625,1952.315
18626,1952.370
18627,1952.426
18628,1952.480
18629,1952.622
18630,1952.709
18631,1952.724
18632,1952.740
18633,1952.757
18634,1952.775
18635,1952.792
18636,1952.809
18637,1952.828
18638,1952.846
18639,1952.864
18640,1952.881
18641,1952.898
18642,1952.914
18643,1952.931
18644,1952.947
18645,1952.963
18646,1952.979
18647,1952.996
18648,1953.014
18649,1953.031
18650,1953.049
18651,1953.092
18652,1953.170
18653,1953.607
18654,1953.642
18655,1953.682
18656,1953.739
18657,1954.240
18658,1954.293
18659,1954.349
18660,1954.387
18661,1954.521
18662,1954.597
18663,1954.614
18664,1954.656
18665,1954.673
18666,1954.691
18667,1954.813
18668,1954.887
18669,1954.903
18670,1955.027
18671,1955.043
18672,1955.058
18673,1955.596
18674,1955.638
18675,1955.679
18676,1955.729
18677,1955.794
18678,1956.283
18679,1956.337
18680,1956.388
18681,1956.425
18682,1956.841
18683,1956.879
18684,1956.915
18685,1956.950
18686,1957.382
18687,1957.419
18688,1957.456
18689,1957.490
18690,1957.931
18691,1957.969
18692,1958.006
18693,1958.052
18694,1958.217
18695,1958.322
18696,1958.346
18697,1958.409
18698,1958.435
18699,1958.463
18700,1958.594
18701,1958.671
18702,1958.686
18703,1958.812
18704,1958.828
18705,1958.844
18706,1959.379
18707,1959.419
18708,1959.460
18709,1959.502
18710,1959.543
18711,1959.960
18712,1959.995
18713,1960.029
18714,1960.077
18715,1960.240
18716,1960.348
18717,1960.373
18718,1960.435
18719,1960.464
18720,1960.485
18721,1960.603
18722,1960.679
18723,1960.696
18724,1960.825
18725,1960.842
18726,1960.859
18727,1961.385
18728,1961.428
18729,1961.468
18730,1961.509
18731,1961.549
18732,1961.978
18733,1962.015
18734,1962.052
18735,1962.109
18736,1962.639
18737,1962.696
18738,1962.749
18739,1962.789
18740,1962.920
18741,1962.996
18742,1963.013
18743,1963.058
18744,1963.075
18745,1963.091
18746,1963.207
18747,1963.280
18748,1963.296
18749,1963.425
18750,1963.440
18751,1963.457
18752,1963.988
18753,1964.030
18754,1964.070
18755,1964.125
18756,1964.190
18757,1964.697
18758,1964.758
18759,1964.798
18760,1964.837
18761,1965.263
18762,1965.301
18763,1965.337
18764,1965.373
18765,1965.800
18766,1965.837
18767,1965.874
18768,1965.909
18769,1966.342
18770,1966.378
18771,1966.415
18772,1966.473
18773,1966.967
18774,1967.023
18775,1967.082
18776,1967.119
18777,1967.551
18778,1967.588
18779,1967.627
18780,1967.662
18781,1968.083
18782,1968.119
18783,1968.156
18784,1968.194
18785,1968.606
18786,1968.640
18787,1968.674
18788,1969.122
18789,1969.178
18790,1969.229
18791,1969.705
18792,1969.742
18793,1969.778
18794,1970.184
18795,1970.222
18796,1970.258
18797,1970.674
18798,1970.711
18799,1970.746
18800,1971.164
18801,1971.200
18802,1971.235
18803,1971.646
18804,1971.705
18805,1971.762
18806,1972.078
18807,1972.222
18808,1972.259
18809,1972.296
18810,1972.325
18811,1972.350
18812,1972.374
18813,1972.397
18814,1972.420
18815,1972.444
18816,1972.470
18817,1972.494
18818,1972.519
18819,1972.543
18820,1972.567
18821,1972.667
18822,1972.683
18823,1972.699
18824,1973.098
18825,1973.132
18826,1973.166
18827,1973.293
18828,1973.310
18829,1973.326
18830,1973.342
18831,1973.468
18832,1973.568
18833,1973.593
18834,1973.749
18835,1973.853
18836,1973.877
18837,1974.033
18838,1974.111
18839,1974.470
18840,1974.501
18841,1974.866
18842,1974.898
18843,1974.927
18844,1975.052
18845,1975.068
18846,1975.083
18847,1975.192
18848,1975.209
18849,1975.225
18850,1975.241
18851,1975.351
18852,1975.368
18853,1975.384
18854,1975.400
18855,1975.527
18856,1975.544
18857,1975.564
18858,1975.727
18859,1975.757
18860,1975.783
18861,1975.807
18862,1975.832
18863,1975.857
18864,1976.007
18865,1976.035
18866,1976.051
18867,1976.067
18868,1976.481
18869,1976.516
18870,1976.551
18871,1976.958
18872,1976.992
18873,1977.027
18874,1977.166
18875,1977.247
18876,1977.264
18877,1977.281
18878,1977.298
18879,1977.314
18880,1977.332
18881,1977.350
18882,1977.397
18883,1977.477
18884,1977.987
18885,1978.041
18886,1978.097
18887,1978.157
18888,1978.623
18889,1978.659
18890,1978.699
18891,1978.738
18892,1979.173
18893,1979.211
18894,1979.248
18895,1979.287
18896,1979.738
18897,1979.775
18898,1979.812
18899,1979.848
18900,1980.326
18901,1980.392
18902,1980.449
18903,1980.503
18904,1980.985
18905,1981.022
18906,1981.057
18907,1981.091
18908,1981.226
18909,1981.306
18910,1981.324
18911,1981.340
18912,1981.358
18913,1981.375
18914,1981.418
18915,1981.498
18916,1981.927
18917,1981.962
18918,1981.999
18919,1982.034
18920,1982.489
18921,1982.549
18922,1982.604
18923,1982.661
18924,1983.155
18925,1983.191
18926,1983.228
18927,1983.263
18928,1983.687
18929,1983.723
18930,1983.757
18931,1983.790
18932,1983.936
18933,1984.025
18934,1984.040
18935,1984.057
18936,1984.072
18937,1984.086
18938,1984.101
18939,1984.119
18940,1984.135
18941,1984.150
18942,1984.168
18943,1984.184
18944,1984.200
18945,1984.216
18946,1984.233
18947,1984.249
18948,1984.266
18949,1984.281
18950,1984.310
18951,1984.336
18952,1984.362
18953,1984.390
18954,1984.455
18955,1984.563
18956,1985.024
18957,1985.058
18958,1985.089
18959,1985.120
18960,1985.533
18961,1985.567
18962,1985.599
18963,1985.632
18964,1985.760
18965,1985.832
18966,1985.848
18967,1985.889
18968,1985.905
18969,1985.922
18970,1986.042
18971,1986.115
18972,1986.130
18973,1986.255
18974,1986.283
18975,1986.309
18976,1986.940
18977,1986.993
18978,1987.035
18979,1987.075
18980,1987.113
18981,1987.540
18982,1987.575
18983,1987.609
18984,1987.642
18985,1988.059
18986,1988.091
18987,1988.124
18988,1988.156
18989,1988.588
18990,1988.635
18991,1988.694
18992,1988.753
18993,1989.275
18994,1989.313
18995,1989.350
18996,1989.386
18997,1989.518
18998,1989.596
18999,1989.613
19000,1989.657
19001,1989.673
19002,1989.689
19003,1989.812
19004,1989.886
19005,1989.901
19006,1990.030
19007,1990.046
19008,1990.062
19009,1990.603
19010,1990.642
19011,1990.694
19012,1990.760
19013,1990.825
19014,1991.323
19015,1991.361
19016,1991.396
19017,1991.429
19018,1991.561
19019,1991.637
19020,1991.653
19021,1991.695
19022,1991.711
19023,1991.726
19024,1992.012
19025,1992.036
19026,1992.060
19027,1992.083
19028,1992.219
19029,1992.234
19030,1992.250
19031,1992.794
19032,1992.847
19033,1992.914
19034,1992.980
19035,1993.038
19036,1993.521
19037,1993.557
19038,1993.592
19039,1993.626
19040,1994.086
19041,1994.121
19042,1994.158
19043,1994.195
19044,1994.325
19045,1994.401
19046,1994.416
19047,1994.457
19048,1994.472
19049,1994.488
19050,1994.604
19051,1994.680
19052,1994.695
19053,1994.844
19054,1994.869
19055,1994.895
19056,1995.522
19057,1995.564
19058,1995.606
19059,1995.645
19060,1995.685
19061,1996.140
19062,1996.175
19063,1996.209
19064,1996.243
19065,1996.677
19066,1996.713
19067,1996.749
19068,1996.782
19069,1997.223
19070,1997.280
19071,1997.339
19072,1997.391
19073,1997.901
19074,1997.938
19075,1997.974
19076,1998.008
19077,1998.439
19078,1998.474
19079,1998.509
19080,1998.542
19081,1998.977
19082,1999.011
19083,1999.046
19084,1999.082
19085,1999.509
19086,1999.545
19087,1999.623
19088,1999.692
19089,2000.178
19090,2000.233
19091,2000.269
19092,2000.692
19093,2000.726
19094,2000.762
19095,2001.176
19096,2001.209
19097,2001.243
19098,2001.658
19099,2001.691
19100,2001.724
19101,2002.139
19102,2002.171
19103,2002.216
19104,2002.707
19105,2002.759
19106,2002.816
19107,2003.238
19108,2003.270
19109,2003.303
19110,2003.574
19111,2003.598
19112,2003.705
19113,2003.744
19114,2003.850
19115,2004.384
19116,2004.422
19117,2004.528
19118,2004.567
19119,2004.592
19120,2004.725
19121,2004.761
19122,2004.789
19123,2004.814
19124,2004.929
19125,2004.984
19126,2005.008
19127,2005.032
19128,2005.433
19129,2005.463
19130,2005.493
19131,2005.522
19132,2005.662
19133,2005.702
19134,2005.717
19135,2006.233
19136,2006.269
19137,2006.304
19138,2006.414
19139,2006.544
19140,2006.582
19141,2006.596
19142,2006.693
19143,2006.733
19144,2006.757
19145,2006.863
19146,2006.900
19147,2006.918
19148,2007.135
19149,2007.172
19150,2007.384
19151,2007.421
19152,2007.739
19153,2007.830
19154,2007.854
19155,2007.877
19156,2007.899
19157,2007.920
19158,2007.943
19159,2007.966
19160,2007.989
19161,2008.011
19162,2008.034
19163,2008.057
19164,2008.079
19165,2008.102
19166,2008.124
19167,2008.402
19168,2008.427
19169,2008.452
19170,2008.735
19171,2008.759
19172,2008.785
19173,2009.070
19174,2009.112
19175,2009.152
19176,2009.480
19177,2009.519
19178,2009.558
19179,2009.714
19180,2009.794
19181,2009.810
19182,2009.825
19183,2009.841
19184,2009.856
19185,2009.872
19186,2009.887
19187,2009.929
19188,2010.006
19189,2010.289
19190,2010.313
19191,2010.337
19192,2010.360
19193,2010.650
19194,2010.674
19195,2010.700
19196,2010.725
19197,2011.017
19198,2011.042
19199,2011.066
19200,2011.099
19201,2011.437
19202,2011.474
19203,2011.513
19204,2011.552
19205,2011.882
19206,2011.907
19207,2011.932
19208,2011.955
19209,2012.235
19210,2012.259
19211,2012.283
19212,2012.306
19213,2012.429
19214,2012.498
19215,2012.512
19216,2012.526
19217,2012.540
19218,2012.554
19219,2012.594
19220,2012.669
19221,2012.947
19222,2012.971
19223,2012.994
19224,2013.017
19225,2013.327
19226,2013.365
19227,2013.402
19228,2013.438
19229,2013.767
19230,2013.802
19231,2013.828
19232,2013.852
19233,2014.133
19234,2014.157
19235,2014.181
19236,2014.206
19237,2014.343
19238,2014.419
19239,2014.435
19240,2014.449
19241,2014.463
19242,2014.478
19243,2014.493
19244,2014.509
19245,2014.524
19246,2014.540
19247,2014.555
19248,2014.570
19249,2014.586
19250,2014.601
19251,2014.619
19252,2014.635
19253,2014.651
19254,2014.667
19255,2014.683
19256,2014.700
19257,2014.716
19258,2014.733
19259,2014.776
19260,2014.875
19261,2015.212
19262,2015.250
19263,2015.287
19264,2015.326
19265,2015.630
19266,2015.655
19267,2015.679
19268,2015.702
19269,2016.007
19270,2016.034
19271,2016.060
19272,2016.086
19273,2016.375
19274,2016.400
19275,2016.425
19276,2016.451
19277,2016.737
19278,2016.761
19279,2016.784
19280,2016.808
19281,2017.100
19282,2017.140
19283,2017.178
19284,2017.220
19285,2017.566
19286,2017.611
19287,2017.659
19288,2017.688
19289,2017.995
19290,2018.020
19291,2018.045
19292,2018.072
19293,2018.372
19294,2018.398
19295,2018.423
19296,2018.447
19297,2018.747
19298,2018.772
19299,2018.797
19300,2018.821
19301,2019.106
19302,2019.131
19303,2019.155
19304,2019.179
19305,2019.505
19306,2019.551
19307,2019.592
19308,2019.631
19309,2019.988
19310,2020.019
19311,2020.046
19312,2020.071
19313,2020.362
19314,2020.387
19315,2020.413
19316,2020.438
19317,2020.737
19318,2020.764
19319,2020.790
19320,2020.816
19321,2021.108
19322,2021.133
19323,2021.159
19324,2021.183
19325,2021.475
19326,2021.500
19327,2021.525
19328,2021.551
19329,2021.899
19330,2021.938
19331,2021.976
19332,2022.017
19333,2022.344
19334,2022.371
19335,2022.398
19336,2022.421
19337,2022.710
19338,2022.739
19339,2022.764
19340,2022.789
19341,2023.071
19342,2023.094
19343,2023.118
19344,2023.399
19345,2023.423
19346,2023.447
19347,2023.727
19348,2023.752
19349,2023.775
19350,2024.066
19351,2024.104
19352,2024.143
19353,2024.469
19354,2024.507
19355,2024.545
19356,2024.838
19357,2024.864
19358,2024.887
19359,2025.172
19360,2025.196
19361,2025.221
19362,2025.346
19363,2025.356
19364,2025.366
19365,2025.413
19366,2025.423
19367,2025.433
19368,2025.442
19369,2025.450
19370,2025.459
19371,2025.469
19372,2025.478
19373,2025.487
19374,2025.496
19375,2025.505
19376,2025.514
19377,2025.523
19378,2025.533
19379,2025.543
19380,2025.671
19381,2025.681
19382,2025.691
19383,2025.783
19384,2025.798
19385,2025.813
19386,2025.824
19387,2025.838
19388,2025.851
19389,2025.862
19390,2025.876
19391,2025.889
19392,2025.930
19393,2025.945
19394,2025.961
19395,2025.978
19396,2026.005
19397,2026.030
19398,2026.046
19399,2026.072
19400,2026.094
19401,2026.147
19402,2026.170
19403,2026.195
19404,2026.213
19405,2026.234
19406,2026.255
19407,2026.271
19408,2026.298
19409,2026.318
19410,2026.330
19411,2026.345
19412,2026.359
19413,2026.398
19414,2026.413
19415,2026.428
19416,2026.450
19417,2026.464
19418,2026.478
19419,2026.500
19420,2026.515
19421,2026.530
19422,2026.539
19423,2026.554
19424,2026.569
19425,2026.579
19426,2026.593
19427,2026.607
19428,2026.637
19429,2026.651
19430,2026.665
19431,2026.675
19432,2026.689
19433,2026.703
19434,2026.742
19435,2026.757
19436,2026.773
19437,2026.815
19438,2026.825
19439,2026.835
19440,2026.845
19441,2026.855
19442,2026.865
19443,2026.875
19444,2026.885
19445,2026.926
19446,2026.937
19447,2026.946
19448,2026.956
19449,2026.965
19450,2026.975
19451,2026.984
19452,2026.993
19453,2027.002
19454,2027.044
19455,2027.054
19456,2027.064
19457,2027.074
19458,2027.084
19459,2027.093
19460,2027.102
19461,2027.110
19462,2027.118
19463,2027.135
19464,2027.149
19465,2027.161
19466,2027.174
19467,2027.282
19468,2027.475
19469,2027.490
19470,2027.503
19471,2027.520
19472,2027.532
19473,2027.650
19474,2027.665
19475,2027.675
19476,2027.684
19477,2027.717
19478,2027.732
19479,2027.742
19480,2027.752
19481,2027.784
19482,2027.844
19483,2027.854
19484,2027.990
19485,2028.003
19486,2028.014
19487,2028.103
19488,2028.114
19489,2028.123
19490,2028.240
19491,2028.256
19492,2028.272
19493,2028.289
19494,2028.306
19495,2028.322
19496,2028.359
19497,2028.370
19498,2028.379
19499,2028.389
19500,2028.399
19501,2028.410
19502,2028.420
19503,2028.432
19504,2028.443
19505,2028.454
19506,2028.470
19507,2028.485
19508,2028.499
19509,2028.509
19510,2028.519
19511,2028.529
19512,2028.538
19513,2028.547
19514,2028.557
19515,2028.567
19516,2028.576
19517,2028.662
19518,2028.843
19519,2028.859
19520,2028.873
19521,2028.891
19522,2028.904
19523,2029.015
19524,2029.039
19525,2029.053
19526,2029.067
19527,2029.111
19528,2029.135
19529,2029.151
19530,2029.167
19531,2029.203
19532,2029.267
19533,2029.276
19534,2029.413
19535,2029.425
19536,2029.436
19537,2029.536
19538,2029.546
19539,2029.557
19540,2029.650
19541,2029.659
19542,2029.668
19543,2029.786
19544,2029.802
19545,2029.816
19546,2029.832
19547,2029.848
19548,2029.861
19549,2029.896
19550,2029.906
19551,2029.915
19552,2029.924
19553,2029.933
19554,2029.941
19555,2029.950
19556,2029.959
19557,2029.967
19558,2030.007
19559,2030.017
19560,2030.027
19561,2030.036
19562,2030.047
19563,2030.056
19564,2030.095
19565,2030.105
19566,2030.115
19567,2030.126
19568,2030.135
19569,2030.235
19570,2030.245
19571,2030.254
19572,2030.323
19573,2030.332
19574,2030.340
19575,2030.354
19576,2030.371
19577,2030.394
19578,2030.419
19579,2030.435
19580,2030.460
19581,2030.484
19582,2030.498
19583,2030.520
19584,2030.543
19585,2030.844
19586,2030.942
19587,2030.963
19588,2030.984
19589,2031.005
19590,2031.027
19591,2031.051
19592,2031.073
19593,2031.095
19594,2031.116
19595,2031.138
19596,2031.161
19597,2031.183
19598,2031.205
19599,2031.227
19600,2031.327
19601,2031.342
19602,2031.357
19603,2031.763
19604,2031.795
19605,2031.828
19606,2031.954
19607,2031.979
19608,2032.004
19609,2032.030
19610,2032.185
19611,2032.286
19612,2032.308
19613,2032.468
19614,2032.542
19615,2032.558
19616,2032.687
19617,2032.760
19618,2033.124
19619,2033.152
19620,2033.511
19621,2033.540
19622,2033.569
19623,2033.693
19624,2033.709
19625,2033.725
19626,2033.834
19627,2033.850
19628,2033.865
19629,2033.879
19630,2034.017
19631,2034.043
19632,2034.069
19633,2034.093
19634,2034.237
19635,2034.262
19636,2034.286
19637,2034.428
19638,2034.444
19639,2034.460
19640,2034.476
19641,2034.491
19642,2034.506
19643,2034.629
19644,2034.644
19645,2034.659
19646,2034.674
19647,2035.080
19648,2035.111
19649,2035.143
19650,2035.551
19651,2035.583
19652,2035.615
19653,2035.743
19654,2035.814
19655,2035.829
19656,2035.852
19657,2035.877
19658,2035.902
19659,2035.927
19660,2035.952
19661,2036.008
19662,2036.107
19663,2036.560
19664,2036.592
19665,2036.624
19666,2036.657
19667,2037.086
19668,2037.118
19669,2037.151
19670,2037.182
19671,2037.605
19672,2037.639
19673,2037.671
19674,2037.704
19675,2038.141
19676,2038.194
19677,2038.244
19678,2038.294
19679,2038.787
19680,2038.823
19681,2038.858
19682,2038.891
19683,2039.318
19684,2039.351
19685,2039.383
19686,2039.418
19687,2039.549
19688,2039.628
19689,2039.644
19690,2039.659
19691,2039.674
19692,2039.690
19693,2039.731
19694,2039.806
19695,2040.261
19696,2040.318
19697,2040.370
19698,2040.421
19699,2040.904
19700,2040.938
19701,2040.972
19702,2041.004
19703,2041.443
19704,2041.476
19705,2041.507
19706,2041.539
19707,2041.971
19708,2042.007
19709,2042.040
19710,2042.080
19711,2042.226
19712,2042.310
19713,2042.325
19714,2042.344
19715,2042.370
19716,2042.394
19717,2042.419
19718,2042.446
19719,2042.471
19720,2042.497
19721,2042.523
19722,2042.548
19723,2042.573
19724,2042.599
19725,2042.626
19726,2042.654
19727,2042.683
19728,2042.701
19729,2042.719
19730,2042.736
19731,2042.754
19732,2042.773
19733,2042.815
19734,2042.889
19735,2043.320
19736,2043.353
19737,2043.385
19738,2043.418
19739,2043.917
19740,2043.953
19741,2043.989
19742,2044.023
19743,2044.154
19744,2044.232
19745,2044.261
19746,2044.324
19747,2044.351
19748,2044.379
19749,2044.405
19750,2044.556
19751,2044.668
19752,2044.685
19753,2044.834
19754,2045.016
19755,2045.032
19756,2045.048
19757,2045.608
19758,2045.647
19759,2045.687
19760,2045.726
19761,2045.765
19762,2046.195
19763,2046.230
19764,2046.264
19765,2046.313
19766,2046.825
19767,2046.881
19768,2046.935
19769,2046.969
19770,2047.419
19771,2047.454
19772,2047.490
19773,2047.525
19774,2047.659
19775,2047.733
19776,2047.748
19777,2047.789
19778,2047.805
19779,2047.820
19780,2047.835
19781,2047.960
19782,2048.032
19783,2048.046
19784,2048.195
19785,2048.406
19786,2048.432
19787,2048.458
19788,2049.135
19789,2049.177
19790,2049.221
19791,2049.261
19792,2049.302
19793,2049.439
19794,2049.514
19795,2049.529
19796,2049.571
19797,2049.587
19798,2049.602
19799,2049.617
19800,2049.742
19801,2049.818
19802,2049.835
19803,2049.986
19804,2050.172
19805,2050.189
19806,2050.205
19807,2050.884
19808,2050.947
19809,2051.016
19810,2051.058
19811,2051.099
19812,2051.541
19813,2051.578
19814,2051.612
19815,2051.646
19816,2051.778
19817,2051.848
19818,2051.863
19819,2051.904
19820,2051.919
19821,2051.935
19822,2052.240
19823,2052.265
19824,2052.292
19825,2052.317
19826,2052.342
19827,2052.505
19828,2052.530
19829,2052.556
19830,2053.224
19831,2053.267
19832,2053.309
19833,2053.349
19834,2053.390
19835,2053.851
19836,2053.887
19837,2053.923
19838,2053.963
19839,2054.462
19840,2054.499
19841,2054.534
19842,2054.571
19843,2054.707
19844,2054.821
19845,2054.849
19846,2054.910
19847,2054.935
19848,2054.959
19849,2055.105
19850,2055.197
19851,2055.213
19852,2055.342
19853,2055.357
19854,2055.373
19855,2055.922
19856,2055.962
19857,2056.001
19858,2056.040
19859,2056.082
19860,2056.536
19861,2056.571
19862,2056.606
19863,2056.640
19864,2057.170
19865,2057.223
19866,2057.279
19867,2057.340
19868,2057.824
19869,2057.860
19870,2057.898
19871,2057.935
19872,2058.401
19873,2058.437
19874,2058.474
19875,2058.512
19876,2058.976
19877,2059.018
19878,2059.053
19879,2059.088
19880,2059.576
19881,2059.634
19882,2059.690
19883,2059.747
19884,2060.240
19885,2060.274
19886,2060.310
19887,2060.345
19888,2060.785
19889,2060.818
19890,2060.851
19891,2061.287
19892,2061.319
19893,2061.353
19894,2061.792
19895,2061.825
19896,2061.863
19897,2062.398
19898,2062.450
19899,2062.501
19900,2062.997
19901,2063.031
19902,2063.064
19903,2063.529
19904,2063.576
19905,2063.616
19906,2064.053
19907,2064.087
19908,2064.122
19909,2064.224
19910,2064.239
19911,2064.550
19912,2064.577
19913,2064.682
19914,2064.727
19915,2064.755
19916,2064.883
19917,2065.598
19918,2065.636
19919,2065.674
19920,2066.035
19921,2066.065
19922,2066.095
19923,2066.472
19924,2066.501
19925,2066.528
19926,2066.670
19927,2066.706
19928,2067.051
19929,2067.081
19930,2067.109
19931,2067.625
19932,2067.685
19933,2067.902
19934,2067.935
19935,2068.066
19936,2068.130
19937,2068.246
19938,2068.286
19939,2068.406
19940,2068.416
19941,2068.426
19942,2068.471
19943,2068.481
19944,2068.490
19945,2068.500
19946,2068.509
19947,2068.519
19948,2068.528
19949,2068.538
19950,2068.548
19951,2068.559
19952,2068.568
19953,2068.578
19954,2068.719
19955,2068.730
19956,2068.741
19957,2068.858
19958,2068.873
19959,2068.888
19960,2068.908
19961,2068.922
19962,2068.937
19963,2068.947
19964,2068.961
19965,2068.976
19966,2068.987
19967,2069.002
19968,2069.017
19969,2069.048
19970,2069.063
19971,2069.079
19972,2069.124
19973,2069.135
19974,2069.145
19975,2069.157
19976,2069.189
19977,2069.204
19978,2069.219
19979,2069.241
19980,2069.256
19981,2069.272
19982,2069.282
19983,2069.292
19984,2069.300
19985,2069.409
19986,2069.610
19987,2069.625
19988,2069.639
19989,2069.655
19990,2069.668
19991,2069.789
19992,2069.876
19993,2069.886
19994,2069.918
19995,2069.980
19996,2069.991
19997,2070.134
19998,2070.146
19999,2070.157
20000,2070.260
20001,2070.270
20002,2070.279
20003,2070.373
20004,2070.383
20005,2070.393
20006,2070.516
20007,2070.531
20008,2070.546
20009,2070.562
20010,2070.578
20011,2070.592
20012,2070.629
20013,2070.639
20014,2070.648
20015,2070.657
20016,2070.666
20017,2070.675
20018,2070.684
20019,2070.694
20020,2070.702
20021,2070.744
20022,2070.755
20023,2070.766
20024,2070.811
20025,2070.821
20026,2070.831
20027,2070.841
20028,2070.851
20029,2070.862
20030,2070.871
20031,2070.881
20032,2070.890
20033,2070.901
20034,2070.911
20035,2070.920
20036,2070.930
20037,2070.940
20038,2070.949
20039,2071.075
20040,2071.090
20041,2071.105
20042,2071.216
20043,2071.242
20044,2071.268
20045,2071.319
20046,2071.343
20047,2071.367
20048,2071.397
20049,2071.421
20050,2071.445
20051,2071.462
20052,2071.490
20053,2071.505
20054,2071.524
20055,2071.539
20056,2071.554
20057,2071.567
20058,2071.583
20059,2071.598
20060,2071.609
20061,2071.624
20062,2071.639
20063,2071.680
20064,2071.696
20065,2071.712
20066,2071.723
20067,2071.738
20068,2071.752
20069,2071.764
20070,2071.779
20071,2071.793
20072,2071.823
20073,2071.837
20074,2071.852
20075,2071.863
20076,2071.873
20077,2071.882
20078,2071.891
20079,2071.981
20080,2072.133
20081,2072.143
20082,2072.153
20083,2072.165
20084,2072.175
20085,2072.319
20086,2072.332
20087,2072.345
20088,2072.439
20089,2072.448
20090,2072.458
20091,2072.583
20092,2072.598
20093,2072.625
20094,2072.651
20095,2072.677
20096,2072.699
20097,2072.750
20098,2072.765
20099,2072.779
20100,2072.793
20101,2072.807
20102,2072.822
20103,2072.839
20104,2072.863
20105,2072.888
20106,2073.170
20107,2073.256
20108,2073.278
20109,2073.300
20110,2073.321
20111,2073.343
20112,2073.365
20113,2073.388
20114,2073.409
20115,2073.435
20116,2073.457
20117,2073.479
20118,2073.500
20119,2073.522
20120,2073.545
20121,2073.920
20122,2073.950
20123,2073.981
20124,2074.356
20125,2074.389
20126,2074.441
20127,2074.886
20128,2074.934
20129,2074.985
20130,2075.366
20131,2075.395
20132,2075.425
20133,2075.556
20134,2075.638
20135,2075.653
20136,2075.669
20137,2075.684
20138,2075.700
20139,2075.715
20140,2075.730
20141,2075.773
20142,2075.845
20143,2076.234
20144,2076.264
20145,2076.295
20146,2076.324
20147,2076.749
20148,2076.803
20149,2076.853
20150,2076.905
20151,2077.334
20152,2077.370
20153,2077.401
20154,2077.431
20155,2077.822
20156,2077.853
20157,2077.883
20158,2077.913
20159,2078.316
20160,2078.349
20161,2078.382
20162,2078.430
20163,2078.818
20164,2078.850
20165,2078.898
20166,2078.947
20167,2079.115
20168,2079.217
20169,2079.241
20170,2079.269
20171,2079.290
20172,2079.306
20173,2079.348
20174,2079.419
20175,2079.824
20176,2079.859
20177,2079.893
20178,2079.925
20179,2080.306
20180,2080.336
20181,2080.366
20182,2080.397
20183,2080.805
20184,2080.837
20185,2080.869
20186,2080.900
20187,2081.354
20188,2081.400
20189,2081.448
20190,2081.497
20191,2081.648
20192,2081.730
20193,2081.744
20194,2081.761
20195,2081.776
20196,2081.791
20197,2081.806
20198,2081.821
20199,2081.836
20200,2081.853
20201,2081.869
20202,2081.884
20203,2081.900
20204,2081.915
20205,2081.929
20206,2081.945
20207,2081.959
20208,2081.974
20209,2081.988
20210,2082.003
20211,2082.018
20212,2082.032
20213,2082.073
20214,2082.145
20215,2082.539
20216,2082.572
20217,2082.604
20218,2082.641
20219,2083.113
20220,2083.164
20221,2083.215
20222,2083.266
20223,2083.701
20224,2083.735
20225,2083.772
20226,2083.807
20227,2084.221
20228,2084.253
20229,2084.285
20230,2084.318
20231,2084.719
20232,2084.751
20233,2084.785
20234,2084.816
20235,2085.239
20236,2085.293
20237,2085.343
20238,2085.393
20239,2085.863
20240,2085.896
20241,2085.929
20242,2085.960
20243,2086.389
20244,2086.424
20245,2086.458
20246,2086.490
20247,2086.877
20248,2086.908
20249,2086.940
20250,2086.972
20251,2087.380
20252,2087.411
20253,2087.460
20254,2087.512
20255,2087.973
20256,2088.025
20257,2088.068
20258,2088.101
20259,2088.517
20260,2088.551
20261,2088.585
20262,2088.617
20263,2089.028
20264,2089.060
20265,2089.093
20266,2089.126
20267,2089.524
20268,2089.555
20269,2089.593
20270,2089.634
20271,2090.063
20272,2090.114
20273,2090.163
20274,2090.214
20275,2090.650
20276,2090.684
20277,2090.718
20278,2090.753
20279,2091.168
20280,2091.203
20281,2091.237
20282,2091.272
20283,2091.681
20284,2091.717
20285,2091.752
20286,2091.788
20287,2092.212
20288,2092.247
20289,2092.282
20290,2092.341
20291,2092.835
20292,2092.889
20293,2092.949
20294,2092.988
20295,2093.395
20296,2093.428
20297,2093.460
20298,2093.865
20299,2093.899
20300,2093.934
20301,2094.342
20302,2094.377
20303,2094.410
20304,2094.818
20305,2094.853
20306,2094.886
20307,2095.340
20308,2095.399
20309,2095.454
20310,2095.945
20311,2095.987
20312,2096.026
20313,2096.436
20314,2096.470
20315,2096.507
20316,2096.812
20317,2096.902
20318,2096.926
20319,2096.949
20320,2096.972
20321,2096.996
20322,2097.020
20323,2097.044
20324,2097.068
20325,2097.092
20326,2097.116
20327,2097.140
20328,2097.166
20329,2097.191
20330,2097.215
20331,2097.710
20332,2097.762
20333,2097.814
20334,2098.288
20335,2098.325
20336,2098.359
20337,2098.774
20338,2098.809
20339,2098.844
20340,2099.253
20341,2099.286
20342,2099.319
20343,2099.457
20344,2099.534
20345,2099.551
20346,2099.569
20347,2099.586
20348,2099.603
20349,2099.620
20350,2099.637
20351,2099.685
20352,2099.764
20353,2100.249
20354,2100.299
20355,2100.350
20356,2100.406
20357,2100.890
20358,2100.930
20359,2100.968
20360,2101.007
20361,2101.455
20362,2101.493
20363,2101.531
20364,2101.566
20365,2101.992
20366,2102.028
20367,2102.065
20368,2102.103
20369,2102.552
20370,2102.592
20371,2102.638
20372,2102.702
20373,2103.198
20374,2103.254
20375,2103.311
20376,2103.348
20377,2103.489
20378,2103.568
20379,2103.584
20380,2103.601
20381,2103.617
20382,2103.634
20383,2103.681
20384,2103.759
20385,2104.178
20386,2104.213
20387,2104.250
20388,2104.286
20389,2104.706
20390,2104.741
20391,2104.779
20392,2104.814
20393,2105.313
20394,2105.363
20395,2105.418
20396,2105.473
20397,2105.958
20398,2105.997
20399,2106.031
20400,2106.066
20401,2106.212
20402,2106.298
20403,2106.314
20404,2106.331
20405,2106.348
20406,2106.364
20407,2106.380
20408,2106.397
20409,2106.413
20410,2106.429
20411,2106.445
20412,2106.461
20413,2106.477
20414,2106.495
20415,2106.512
20416,2106.529
20417,2106.547
20418,2106.565
20419,2106.584
20420,2106.602
20421,2106.620
20422,2106.639
20423,2106.688
20424,2106.774
20425,2107.241
20426,2107.300
20427,2107.357
20428,2107.416
20429,2107.901
20430,2107.940
20431,2107.976
20432,2108.012
20433,2108.494
20434,2108.534
20435,2108.574
20436,2108.611
20437,2109.043
20438,2109.082
20439,2109.120
20440,2109.159
20441,2109.588
20442,2109.629
20443,2109.692
20444,2109.754
20445,2110.270
20446,2110.329
20447,2110.366
20448,2110.404
20449,2110.866
20450,2110.903
20451,2110.941
20452,2110.978
20453,2111.474
20454,2111.515
20455,2111.554
20456,2111.591
20457,2112.026
20458,2112.066
20459,2112.106
20460,2112.144
20461,2112.708
20462,2112.764
20463,2112.824
20464,2112.887
20465,2113.347
20466,2113.386
20467,2113.425
20468,2113.464
20469,2113.947
20470,2113.988
20471,2114.027
20472,2114.068
20473,2114.551
20474,2114.589
20475,2114.628
20476,2114.666
20477,2115.143
20478,2115.205
20479,2115.268
20480,2115.325
20481,2115.860
20482,2115.901
20483,2115.942
20484,2115.985
20485,2116.452
20486,2116.492
20487,2116.530
20488,2116.567
20489,2117.012
20490,2117.049
20491,2117.088
20492,2117.126
20493,2117.565
20494,2117.603
20495,2117.640
20496,2117.679
20497,2118.197
20498,2118.254
20499,2118.312
20500,2118.376
20501,2118.818
20502,2118.852
20503,2118.888
20504,2118.924
20505,2119.350
20506,2119.386
20507,2119.421
20508,2119.857
20509,2119.896
20510,2119.933
20511,2120.078
20512,2120.160
20513,2120.177
20514,2120.195
20515,2120.241
20516,2120.348
20517,2120.422
20518,2120.450
20519,2120.477
20520,2120.649
20521,2120.677
20522,2120.704
20523,2120.736
20524,2120.874
20525,2120.893
20526,2120.912
20527,2121.214
20528,2121.241
20529,2121.269
20530,2121.297
20531,2121.722
20532,2121.756
20533,2121.790
20534,2122.215
20535,2122.252
20536,2122.289
20537,2122.713
20538,2122.749
20539,2122.792
20540,2123.278
20541,2123.334
20542,2123.385
20543,2123.711
20544,2123.801
20545,2123.828
20546,2123.847
20547,2123.871
20548,2123.896
20549,2123.920
20550,2123.944
20551,2123.966
20552,2123.989
20553,2124.012
20554,2124.036
20555,2124.060
20556,2124.085
20557,2124.110
20558,2124.425
20559,2124.453
20560,2124.480
20561,2124.799
20562,2124.827
20563,2124.854
20564,2125.201
20565,2125.244
20566,2125.287
20567,2125.661
20568,2125.705
20569,2125.745
20570,2125.886
20571,2125.966
20572,2125.983
20573,2126.000
20574,2126.017
20575,2126.034
20576,2126.050
20577,2126.068
20578,2126.117
20579,2126.199
20580,2126.528
20581,2126.554
20582,2126.581
20583,2126.608
20584,2126.939
20585,2126.968
20586,2126.998
20587,2127.027
20588,2127.364
20589,2127.405
20590,2127.455
20591,2127.502
20592,2127.900
20593,2127.944
20594,2127.990
20595,2128.034
20596,2128.384
20597,2128.414
20598,2128.444
20599,2128.475
20600,2128.817
20601,2128.847
20602,2128.874
20603,2128.900
20604,2129.036
20605,2129.118
20606,2129.134
20607,2129.151
20608,2129.169
20609,2129.186
20610,2129.231
20611,2129.309
20612,2129.636
20613,2129.662
20614,2129.707
20615,2129.751
20616,2130.141
20617,2130.185
20618,2130.229
20619,2130.279
20620,2130.624
20621,2130.653
20622,2130.682
20623,2130.709
20624,2131.054
20625,2131.083
20626,2131.110
20627,2131.138
20628,2131.289
20629,2131.377
20630,2131.395
20631,2131.413
20632,2131.431
20633,2131.449
20634,2131.467
20635,2131.485
20636,2131.504
20637,2131.522
20638,2131.541
20639,2131.559
20640,2131.579
20641,2131.598
20642,2131.619
20643,2131.638
20644,2131.657
20645,2131.675
20646,2131.693
20647,2131.711
20648,2131.741
20649,2131.768
20650,2131.839
20651,2131.956
20652,2132.369
20653,2132.410
20654,2132.443
20655,2132.475
20656,2132.816
20657,2132.848
20658,2132.882
20659,2132.912
20660,2133.275
20661,2133.304
20662,2133.334
20663,2133.364
20664,2133.699
20665,2133.728
20666,2133.758
20667,2133.788
20668,2134.116
20669,2134.146
20670,2134.186
20671,2134.229
20672,2134.632
20673,2134.678
20674,2134.726
20675,2134.779
20676,2135.133
20677,2135.163
20678,2135.193
20679,2135.225
20680,2135.610
20681,2135.641
20682,2135.672
20683,2135.701
20684,2136.060
20685,2136.092
20686,2136.123
20687,2136.155
20688,2136.523
20689,2136.554
20690,2136.585
20691,2136.615
20692,2136.975
20693,2137.026
20694,2137.071
20695,2137.117
20696,2137.514
20697,2137.545
20698,2137.577
20699,2137.608
20700,2137.941
20701,2137.971
20702,2138.003
20703,2138.033
20704,2138.372
20705,2138.402
20706,2138.431
20707,2138.462
20708,2138.805
20709,2138.835
20710,2138.866
20711,2138.896
20712,2139.235
20713,2139.265
20714,2139.311
20715,2139.359
20716,2139.762
20717,2139.810
20718,2139.858
20719,2139.911
20720,2140.251
20721,2140.281
20722,2140.311
20723,2140.340
20724,2140.681
20725,2140.711
20726,2140.740
20727,2140.767
20728,2141.096
20729,2141.125
20730,2141.153
20731,2141.182
20732,2141.505
20733,2141.532
20734,2141.560
20735,2141.883
20736,2141.928
20737,2141.973
20738,2142.380
20739,2142.425
20740,2142.468
20741,2142.837
20742,2142.866
20743,2142.895
20744,2143.243
20745,2143.271
20746,2143.300
20747,2143.648
20748,2143.676
20749,2143.702
20750,2144.029
20751,2144.057
20752,2144.086
20753,2144.199
20754,2144.629
20755,2144.663
20756,2144.698
20757,2144.874
20758,2145.027
20759,2145.100
20760,2145.253
20761,2145.323
20762,2145.597
20763,2145.623
20764,2145.973
20765,2146.004
20766,2146.183
20767,2146.205
20768,2146.913
20769,2146.948
20770,2147.311
20771,2147.537
20772,2147.561
20773,2147.706
20774,2147.718
20775,2147.729
20776,2147.778
20777,2147.794
20778,2147.813
20779,2147.831
20780,2147.847
20781,2147.872
20782,2147.881
20783,2147.899
20784,2147.917
20785,2147.935
20786,2147.952
20787,2147.968
20788,2147.985
20789,2148.002
20790,2148.018
20791,2148.196
20792,2148.213
20793,2148.231
20794,2148.392
20795,2148.412
20796,2148.431
20797,2148.482
20798,2148.570
20799,2148.588
20800,2148.606
20801,2148.656
20802,2148.745
20803,2148.761
20804,2148.806
20805,2148.824
20806,2148.841
20807,2148.854
20808,2148.866
20809,2148.877
20810,2148.888
20811,2148.934
20812,2148.951
20813,2148.968
20814,2149.014
20815,2149.025
20816,2149.038
20817,2149.050
20818,2149.096
20819,2149.107
20820,2149.120
20821,2149.133
20822,2149.146
20823,2149.163
20824,2149.180
20825,2149.225
20826,2149.237
20827,2149.247
20828,2149.259
20829,2149.269
20830,2149.316
20831,2149.333
20832,2149.350
20833,2149.361
20834,2149.378
20835,2149.400
20836,2149.460
20837,2149.478
20838,2149.494
20839,2149.510
20840,2149.527
20841,2149.544
20842,2149.560
20843,2149.575
20844,2149.591
20845,2149.616
20846,2149.643
20847,2149.661
20848,2149.688
20849,2149.715
20850,2149.822
20851,2149.914
20852,2149.932
20853,2149.948
20854,2149.964
20855,2149.982
20856,2149.999
20857,2150.015
20858,2150.099
20859,2150.225
20860,2150.239
20861,2150.251
20862,2150.312
20863,2150.327
20864,2150.338
20865,2150.350
20866,2150.361
20867,2150.372
20868,2150.383
20869,2150.395
20870,2150.405
20871,2150.416
20872,2150.428
20873,2150.440
20874,2150.452
20875,2150.464
20876,2150.475
20877,2150.487
20878,2150.498
20879,2150.509
20880,2150.519
20881,2150.530
20882,2150.542
20883,2150.553
20884,2150.565
20885,2150.577
20886,2150.589
20887,2150.600
20888,2150.612
20889,2150.624
20890,2150.636
20891,2150.648
20892,2150.659
20893,2150.818
20894,2150.830
20895,2150.842
20896,2151.028
20897,2151.050
20898,2151.070
20899,2151.158
20900,2151.174
20901,2151.190
20902,2151.237
20903,2151.263
20904,2151.290
20905,2151.305
20906,2151.333
20907,2151.357
20908,2151.418
20909,2151.435
20910,2151.451
20911,2151.505
20912,2151.522
20913,2151.540
20914,2151.554
20915,2151.617
20916,2151.629
20917,2151.640
20918,2151.653
20919,2151.686
20920,2151.701
20921,2151.717
20922,2151.741
20923,2151.756
20924,2151.771
20925,2151.782
20926,2151.796
20927,2151.811
20928,2151.821
20929,2151.837
20930,2151.852
20931,2151.884
20932,2151.899
20933,2151.915
20934,2151.962
20935,2151.974
20936,2151.986
20937,2151.997
20938,2152.030
20939,2152.045
20940,2152.060
20941,2152.083
20942,2152.099
20943,2152.116
20944,2152.156
20945,2152.168
20946,2152.181
20947,2152.191
20948,2152.213
20949,2152.228
20950,2152.243
20951,2152.268
20952,2152.283
20953,2152.299
20954,2152.310
20955,2152.326
20956,2152.341
20957,2152.361
20958,2152.377
20959,2152.394
20960,2152.410
20961,2152.425
20962,2152.443
20963,2152.462
20964,2152.487
20965,2152.513
20966,2152.574
20967,2152.601
20968,2152.627
20969,2152.670
20970,2152.694
20971,2152.720
20972,2152.779
20973,2152.806
20974,2152.837
20975,2152.882
20976,2152.900
20977,2152.916
20978,2152.964
20979,2153.041
20980,2153.057
20981,2153.073
20982,2153.119
20983,2153.195
20984,2153.212
20985,2153.222
20986,2153.238
20987,2153.254
20988,2153.287
20989,2153.304
20990,2153.321
20991,2153.335
20992,2153.345
20993,2153.356
20994,2153.455
20995,2153.621
20996,2153.632
20997,2153.642
20998,2153.653
20999,2153.662
21000,2153.765
21001,2153.783
21002,2153.793
21003,2153.802
21004,2153.837
21005,2153.853
21006,2153.862
21007,2153.872
21008,2153.903
21009,2153.997
21010,2154.014
21011,2154.068
21012,2154.168
21013,2154.184
21014,2154.375
21015,2154.398
21016,2154.422
21017,2154.545
21018,2154.556
21019,2154.566
21020,2154.704
21021,2154.717
21022,2154.728
21023,2154.831
21024,2154.842
21025,2154.852
21026,2154.986
21027,2155.004
21028,2155.020
21029,2155.038
21030,2155.054
21031,2155.069
21032,2155.112
21033,2155.123
21034,2155.134
21035,2155.144
21036,2155.154
21037,2155.163
21038,2155.173
21039,2155.183
21040,2155.192
21041,2155.202
21042,2155.214
21043,2155.225
21044,2155.348
21045,2155.364
21046,2155.382
21047,2155.518
21048,2155.536
21049,2155.645
21050,2155.663
21051,2155.681
21052,2155.792
21053,2155.812
21054,2155.831
21055,2156.535
21056,2156.601
21057,2156.776
21058,2156.819
21059,2156.837
21060,2156.854
21061,2156.872
21062,2156.890
21063,2156.908
21064,2156.925
21065,2157.019
21066,2157.133
21067,2157.172
21068,2157.189
21069,2157.207
21070,2157.224
21071,2157.242
21072,2157.258
21073,2157.281
21074,2157.320
21075,2157.695
21076,2157.729
21077,2157.762
21078,2157.795
21079,2157.829
21080,2158.212
21081,2158.246
21082,2158.304
21083,2158.361
21084,2158.417
21085,2158.872
21086,2158.930
21087,2158.965
21088,2159.001
21089,2159.036
21090,2159.434
21091,2159.470
21092,2159.506
21093,2159.542
21094,2159.579
21095,2159.974
21096,2160.008
21097,2160.043
21098,2160.078
21099,2160.112
21100,2160.493
21101,2160.527
21102,2160.562
21103,2160.603
21104,2160.752
21105,2160.781
21106,2160.810
21107,2160.837
21108,2160.863
21109,2160.999
21110,2161.055
21111,2161.199
21112,2161.217
21113,2161.235
21114,2161.370
21115,2161.389
21116,2161.406
21117,2161.531
21118,2161.571
21119,2161.589
21120,2161.606
21121,2161.625
21122,2161.642
21123,2161.659
21124,2161.675
21125,2161.692
21126,2161.708
21127,2161.733
21128,2161.770
21129,2162.187
21130,2162.222
21131,2162.259
21132,2162.295
21133,2162.331
21134,2162.732
21135,2162.766
21136,2162.813
21137,2162.869
21138,2162.929
21139,2163.377
21140,2163.431
21141,2163.477
21142,2163.512
21143,2163.547
21144,2163.930
21145,2163.964
21146,2164.000
21147,2164.035
21148,2164.070
21149,2164.463
21150,2164.496
21151,2164.533
21152,2164.570
21153,2164.604
21154,2165.005
21155,2165.040
21156,2165.075
21157,2165.111
21158,2165.158
21159,2165.620
21160,2165.672
21161,2165.728
21162,2165.783
21163,2165.830
21164,2166.239
21165,2166.275
21166,2166.310
21167,2166.346
21168,2166.385
21169,2166.512
21170,2166.548
21171,2166.565
21172,2166.589
21173,2166.625
21174,2167.014
21175,2167.049
21176,2167.085
21177,2167.120
21178,2167.157
21179,2167.284
21180,2167.323
21181,2167.341
21182,2167.365
21183,2167.403
21184,2167.853
21185,2167.909
21186,2167.973
21187,2168.030
21188,2168.089
21189,2168.230
21190,2168.269
21191,2168.288
21192,2168.316
21193,2168.353
21194,2168.746
21195,2168.782
21196,2168.818
21197,2168.854
21198,2168.889
21199,2169.229
21200,2169.329
21201,2169.355
21202,2169.381
21203,2169.407
21204,2169.434
21205,2169.460
21206,2169.487
21207,2169.513
21208,2169.538
21209,2169.565
21210,2169.592
21211,2169.624
21212,2169.666
21213,2169.707
21214,2170.278
21215,2170.342
21216,2170.385
21217,2170.540
21218,2170.558
21219,2170.575
21220,2170.592
21221,2170.610
21222,2170.759
21223,2170.844
21224,2171.003
21225,2171.020
21226,2171.037
21227,2171.054
21228,2171.639
21229,2171.678
21230,2172.173
21231,2172.212
21232,2172.273
21233,2172.839
21234,2172.899
21235,2172.957
21236,2173.104
21237,2173.186
21238,2173.203
21239,2173.220
21240,2173.237
21241,2173.253
21242,2173.269
21243,2173.287
21244,2173.329
21245,2173.404
21246,2173.898
21247,2173.936
21248,2173.974
21249,2174.012
21250,2174.520
21251,2174.559
21252,2174.610
21253,2174.673
21254,2175.257
21255,2175.322
21256,2175.370
21257,2175.412
21258,2175.931
21259,2175.975
21260,2176.013
21261,2176.051
21262,2176.607
21263,2176.648
21264,2176.689
21265,2176.730
21266,2177.250
21267,2177.289
21268,2177.336
21269,2177.401
21270,2177.578
21271,2177.694
21272,2177.724
21273,2177.755
21274,2177.789
21275,2177.811
21276,2177.860
21277,2177.952
21278,2178.501
21279,2178.544
21280,2178.587
21281,2178.629
21282,2179.160
21283,2179.202
21284,2179.244
21285,2179.285
21286,2179.813
21287,2179.854
21288,2179.914
21289,2179.983
21290,2180.618
21291,2180.686
21292,2180.729
21293,2180.771
21294,2180.947
21295,2181.040
21296,2181.059
21297,2181.080
21298,2181.098
21299,2181.116
21300,2181.134
21301,2181.152
21302,2181.170
21303,2181.188
21304,2181.205
21305,2181.223
21306,2181.242
21307,2181.260
21308,2181.278
21309,2181.296
21310,2181.313
21311,2181.331
21312,2181.349
21313,2181.367
21314,2181.388
21315,2181.408
21316,2181.456
21317,2181.551
21318,2182.102
21319,2182.167
21320,2182.236
21321,2182.298
21322,2182.925
21323,2182.970
21324,2183.014
21325,2183.054
21326,2183.648
21327,2183.692
21328,2183.735
21329,2183.780
21330,2184.336
21331,2184.377
21332,2184.417
21333,2184.458
21334,2184.979
21335,2185.040
21336,2185.104
21337,2185.166
21338,2185.803
21339,2185.848
21340,2185.891
21341,2185.934
21342,2186.518
21343,2186.561
21344,2186.606
21345,2186.650
21346,2187.232
21347,2187.277
21348,2187.325
21349,2187.369
21350,2187.909
21351,2187.968
21352,2188.031
21353,2188.094
21354,2188.738
21355,2188.784
21356,2188.830
21357,2188.870
21358,2189.425
21359,2189.471
21360,2189.515
21361,2189.555
21362,2190.154
21363,2190.200
21364,2190.246
21365,2190.291
21366,2190.845
21367,2190.900
21368,2190.967
21369,2191.034
21370,2191.677
21371,2191.721
21372,2191.761
21373,2191.801
21374,2192.356
21375,2192.400
21376,2192.441
21377,2192.480
21378,2193.012
21379,2193.054
21380,2193.095
21381,2193.135
21382,2193.696
21383,2193.738
21384,2193.794
21385,2193.859
21386,2194.488
21387,2194.550
21388,2194.592
21389,2194.634
21390,2194.787
21391,2194.867
21392,2194.884
21393,2194.933
21394,2195.017
21395,2195.187
21396,2195.205
21397,2195.224
21398,2195.241
21399,2195.394
21400,2195.477
21401,2195.495
21402,2195.513
21403,2195.683
21404,2195.703
21405,2195.721
21406,2195.741
21407,2195.759
21408,2195.917
21409,2195.935
21410,2195.952
21411,2195.980
21412,2196.010
21413,2196.200
21414,2196.227
21415,2196.253
21416,2196.281
21417,2196.308
21418,2196.508
21419,2196.541
21420,2196.560
21421,2196.579
21422,2196.739
21423,2196.757
21424,2196.775
21425,2196.792
21426,2196.810
21427,2196.827
21428,2196.998
21429,2197.018
21430,2197.038
21431,2197.056
21432,2197.074
21433,2197.093
21434,2197.240
21435,2197.256
21436,2197.274
21437,2197.291
21438,2197.337
21439,2197.417
21440,2197.434
21441,2197.481
21442,2197.563
21443,2197.609
21444,2197.628
21445,2197.645
21446,2197.773
21447,2197.791
21448,2197.821
21449,2197.848
21450,2197.877
21451,2197.907
21452,2198.104
21453,2198.131
21454,2198.158
21455,2198.185
21456,2198.213
21457,2198.379
21458,2198.460
21459,2198.613
21460,2198.631
21461,2198.649
21462,2198.666
21463,2198.683
21464,2198.701
21465,2198.718
21466,2198.887
21467,2198.906
21468,2198.926
21469,2198.943
21470,2198.959
21471,2198.976
21472,2198.993
21473,2199.138
21474,2199.156
21475,2199.173
21476,2199.189
21477,2199.236
21478,2199.318
21479,2199.334
21480,2199.351
21481,2199.396
21482,2199.473
21483,2199.535
21484,2199.655
21485,2199.842
21486,2199.870
21487,2199.898
21488,2199.924
21489,2199.954
21490,2200.152
21491,2200.172
21492,2200.192
21493,2200.314
21494,2200.393
21495,2200.410
21496,2200.534
21497,2200.551
21498,2200.568
21499,2200.585
21500,2200.601
21501,2200.743
21502,2200.761
21503,2200.777
21504,2200.794
21505,2200.945
21506,2200.962
21507,2200.982
21508,2201.002
21509,2201.148
21510,2201.166
21511,2201.185
21512,2201.204
21513,2201.222
21514,2201.240
21515,2201.288
21516,2201.400
21517,2201.431
21518,2201.631
21519,2201.660
21520,2201.691
21521,2201.720
21522,2201.915
21523,2201.937
21524,2201.957
21525,2201.975
21526,2201.993
21527,2202.142
21528,2202.160
21529,2202.179
21530,2202.197
21531,2202.373
21532,2202.393
21533,2202.412
21534,2202.431
21535,2202.451
21536,2202.603
21537,2202.621
21538,2202.637
21539,2202.653
21540,2202.670
21541,2203.193
21542,2203.232
21543,2203.271
21544,2203.779
21545,2203.844
21546,2203.909
21547,2204.509
21548,2204.560
21549,2204.600
21550,2205.137
21551,2205.179
21552,2205.218
21553,2205.754
21554,2205.794
21555,2205.835
21556,2206.353
21557,2206.395
21558,2206.434
21559,2206.777
21560,2206.913
21561,2206.949
21562,2206.985
21563,2207.023
21564,2207.062
21565,2207.099
21566,2207.125
21567,2207.150
21568,2207.175
21569,2207.200
21570,2207.225
21571,2207.249
21572,2207.274
21573,2207.299
21574,2207.791
21575,2207.828
21576,2207.865
21577,2208.010
21578,2208.027
21579,2208.049
21580,2208.068
21581,2208.084
21582,2208.227
21583,2208.305
21584,2208.462
21585,2208.480
21586,2208.497
21587,2208.524
21588,2208.877
21589,2208.918
21590,2208.959
21591,2209.537
21592,2209.582
21593,2209.626
21594,2210.141
21595,2210.181
21596,2210.219
21597,2210.366
21598,2210.447
21599,2210.465
21600,2210.482
21601,2210.500
21602,2210.517
21603,2210.534
21604,2210.553
21605,2210.599
21606,2210.679
21607,2211.188
21608,2211.250
21609,2211.315
21610,2211.377
21611,2211.968
21612,2212.009
21613,2212.050
21614,2212.090
21615,2212.599
21616,2212.637
21617,2212.676
21618,2212.714
21619,2213.222
21620,2213.261
21621,2213.300
21622,2213.339
21623,2213.886
21624,2213.949
21625,2214.015
21626,2214.076
21627,2214.659
21628,2214.700
21629,2214.740
21630,2214.780
21631,2214.924
21632,2215.003
21633,2215.019
21634,2215.036
21635,2215.053
21636,2215.069
21637,2215.113
21638,2215.190
21639,2215.713
21640,2215.754
21641,2215.796
21642,2215.838
21643,2216.364
21644,2216.429
21645,2216.494
21646,2216.556
21647,2217.129
21648,2217.169
21649,2217.207
21650,2217.244
21651,2217.747
21652,2217.785
21653,2217.823
21654,2217.861
21655,2218.008
21656,2218.090
21657,2218.107
21658,2218.125
21659,2218.142
21660,2218.159
21661,2218.175
21662,2218.191
21663,2218.208
21664,2218.224
21665,2218.240
21666,2218.256
21667,2218.273
21668,2218.289
21669,2218.305
21670,2218.322
21671,2218.339
21672,2218.365
21673,2218.394
21674,2218.421
21675,2218.449
21676,2218.478
21677,2218.541
21678,2218.659
21679,2219.228
21680,2219.269
21681,2219.306
21682,2219.345
21683,2219.880
21684,2219.920
21685,2219.961
21686,2220.001
21687,2220.563
21688,2220.606
21689,2220.649
21690,2220.692
21691,2221.248
21692,2221.310
21693,2221.368
21694,2221.430
21695,2221.997
21696,2222.037
21697,2222.076
21698,2222.114
21699,2222.658
21700,2222.700
21701,2222.741
21702,2222.783
21703,2223.371
21704,2223.414
21705,2223.458
21706,2223.501
21707,2224.127
21708,2224.195
21709,2224.258
21710,2224.323
21711,2224.920
21712,2224.961
21713,2225.001
21714,2225.041
21715,2225.595
21716,2225.635
21717,2225.675
21718,2225.714
21719,2226.256
21720,2226.300
21721,2226.341
21722,2226.383
21723,2226.992
21724,2227.060
21725,2227.127
21726,2227.198
21727,2227.831
21728,2227.876
21729,2227.917
21730,2227.960
21731,2228.553
21732,2228.597
21733,2228.642
21734,2228.684
21735,2229.250
21736,2229.294
21737,2229.335
21738,2229.377
21739,2229.949
21740,2230.015
21741,2230.077
21742,2230.139
21743,2230.738
21744,2230.781
21745,2230.823
21746,2230.863
21747,2231.398
21748,2231.441
21749,2231.481
21750,2231.521
21751,2231.671
21752,2231.753
21753,2231.770
21754,2231.814
21755,2231.892
21756,2232.062
21757,2232.080
21758,2232.096
21759,2232.113
21760,2232.275
21761,2232.393
21762,2232.420
21763,2232.446
21764,2232.640
21765,2232.672
21766,2232.700
21767,2232.730
21768,2232.752
21769,2232.914
21770,2232.933
21771,2232.952
21772,2232.970
21773,2232.987
21774,2233.135
21775,2233.154
21776,2233.171
21777,2233.189
21778,2233.206
21779,2233.367
21780,2233.383
21781,2233.399
21782,2233.415
21783,2233.569
21784,2233.586
21785,2233.602
21786,2233.619
21787,2233.636
21788,2233.653
21789,2233.818
21790,2233.839
21791,2233.860
21792,2233.878
21793,2233.896
21794,2233.913
21795,2234.057
21796,2234.074
21797,2234.091
21798,2234.108
21799,2234.172
21800,2234.283
21801,2234.308
21802,2234.372
21803,2234.482
21804,2234.546
21805,2234.564
21806,2234.582
21807,2234.708
21808,2234.725
21809,2234.742
21810,2234.758
21811,2234.774
21812,2234.791
21813,2234.952
21814,2234.971
21815,2234.989
21816,2235.007
21817,2235.023
21818,2235.172
21819,2235.248
21820,2235.409
21821,2235.427
21822,2235.445
21823,2235.462
21824,2235.479
21825,2235.496
21826,2235.513
21827,2235.681
21828,2235.701
21829,2235.721
21830,2235.742
21831,2235.760
21832,2235.780
21833,2235.798
21834,2235.969
21835,2235.996
21836,2236.023
21837,2236.052
21838,2236.117
21839,2236.230
21840,2236.256
21841,2236.286
21842,2236.334
21843,2236.415
21844,2236.456
21845,2236.534
21846,2236.687
21847,2236.704
21848,2236.720
21849,2236.737
21850,2236.753
21851,2236.947
21852,2236.966
21853,2236.985
21854,2237.112
21855,2237.194
21856,2237.212
21857,2237.341
21858,2237.360
21859,2237.378
21860,2237.395
21861,2237.413
21862,2237.558
21863,2237.576
21864,2237.592
21865,2237.617
21866,2237.796
21867,2237.825
21868,2237.851
21869,2237.876
21870,2238.043
21871,2238.071
21872,2238.100
21873,2238.126
21874,2238.144
21875,2238.163
21876,2238.210
21877,2238.288
21878,2238.304
21879,2238.456
21880,2238.475
21881,2238.492
21882,2238.509
21883,2238.653
21884,2238.670
21885,2238.686
21886,2238.702
21887,2238.718
21888,2238.863
21889,2238.881
21890,2238.898
21891,2238.915
21892,2239.065
21893,2239.084
21894,2239.102
21895,2239.120
21896,2239.138
21897,2239.283
21898,2239.300
21899,2239.318
21900,2239.335
21901,2239.350
21902,2239.953
21903,2240.018
21904,2240.081
21905,2240.619
21906,2240.660
21907,2240.713
21908,2241.239
21909,2241.280
21910,2241.321
21911,2241.855
21912,2241.898
21913,2241.939
21914,2242.462
21915,2242.518
21916,2242.583
21917,2243.184
21918,2243.253
21919,2243.299
21920,2243.433
21921,2243.449
21922,2243.593
21923,2243.671
21924,2243.786
21925,2243.965
21926,2243.982
21927,2243.999
21928,2244.008
21929,2244.019
21930,2244.106
21931,2244.133
21932,2244.179
21933,2244.261
21934,2244.279
21935,2244.306
21936,2244.324
21937,2245.067
21938,2245.123
21939,2245.175
21940,2245.587
21941,2246.092
21942,2246.126
21943,2246.155
21944,2246.183
21945,2246.452
21946,2247.165
21947,2247.201
21948,2247.237
21949,2247.637
21950,2247.898
21951,2247.934
21952,2248.108
21953,2248.124
21954,2248.143
21955,2248.218
21956,2248.230
21957,2248.242
21958,2248.253
21959,2248.263
21960,2248.273
21961,2248.283
21962,2248.294
21963,2248.304
21964,2248.313
21965,2248.323
21966,2248.333
21967,2248.343
21968,2248.353
21969,2248.504
21970,2248.516
21971,2248.527
21972,2248.627
21973,2248.646
21974,2248.664
21975,2248.752
21976,2248.843
21977,2248.860
21978,2248.876
21979,2248.965
21980,2249.051
21981,2249.068
21982,2249.085
21983,2249.107
21984,2249.123
21985,2249.140
21986,2249.152
21987,2249.168
21988,2249.184
21989,2249.195
21990,2249.211
21991,2249.226
21992,2249.259
21993,2249.274
21994,2249.289
21995,2249.303
21996,2249.318
21997,2249.335
21998,2249.347
21999,2249.363
22000,2249.379
22001,2249.426
22002,2249.447
22003,2249.477
22004,2249.491
22005,2249.506
22006,2249.522
22007,2249.651
22008,2249.867
22009,2249.883
22010,2249.898
22011,2249.912
22012,2250.042
22013,2250.108
22014,2250.119
22015,2250.153
22016,2250.170
22017,2250.180
22018,2250.190
22019,2250.360
22020,2250.375
22021,2250.389
22022,2250.495
22023,2250.506
22024,2250.517
22025,2250.650
22026,2250.666
22027,2250.682
22028,2250.700
22029,2250.718
22030,2250.735
22031,2250.773
22032,2250.784
22033,2250.794
22034,2250.804
22035,2250.813
22036,2250.822
22037,2250.832
22038,2250.841
22039,2251.122
22040,2251.198
22041,2251.223
22042,2251.248
22043,2251.272
22044,2251.297
22045,2251.322
22046,2251.346
22047,2251.389
22048,2251.429
22049,2251.471
22050,2251.508
22051,2251.544
22052,2251.582
22053,2251.620
22054,2251.893
22055,2251.916
22056,2251.939
22057,2252.183
22058,2252.206
22059,2252.231
22060,2252.475
22061,2252.498
22062,2252.522
22063,2252.761
22064,2252.784
22065,2252.807
22066,2252.945
22067,2253.010
22068,2253.028
22069,2253.045
22070,2253.063
22071,2253.081
22072,2253.099
22073,2253.117
22074,2253.157
22075,2253.226
22076,2253.494
22077,2253.533
22078,2253.575
22079,2253.612
22080,2253.902
22081,2253.939
22082,2253.982
22083,2254.013
22084,2254.267
22085,2254.292
22086,2254.317
22087,2254.341
22088,2254.590
22089,2254.616
22090,2254.638
22091,2254.662
22092,2254.927
22093,2254.954
22094,2254.980
22095,2255.004
22096,2255.252
22097,2255.276
22098,2255.301
22099,2255.326
22100,2255.474
22101,2255.540
22102,2255.557
22103,2255.573
22104,2255.591
22105,2255.609
22106,2255.664
22107,2255.763
22108,2256.056
22109,2256.092
22110,2256.130
22111,2256.171
22112,2256.416
22113,2256.442
22114,2256.466
22115,2256.489
22116,2256.738
22117,2256.763
22118,2256.788
22119,2256.811
22120,2257.054
22121,2257.077
22122,2257.099
22123,2257.122
22124,2257.265
22125,2257.332
22126,2257.348
22127,2257.365
22128,2257.382
22129,2257.399
22130,2257.418
22131,2257.437
22132,2257.455
22133,2257.473
22134,2257.490
22135,2257.508
22136,2257.526
22137,2257.545
22138,2257.562
22139,2257.583
22140,2257.614
22141,2257.641
22142,2257.669
22143,2257.699
22144,2257.726
22145,2257.752
22146,2257.808
22147,2257.901
22148,2258.179
22149,2258.204
22150,2258.228
22151,2258.250
22152,2258.503
22153,2258.528
22154,2258.553
22155,2258.577
22156,2258.847
22157,2258.874
22158,2258.899
22159,2258.923
22160,2259.191
22161,2259.216
22162,2259.241
22163,2259.265
22164,2259.513
22165,2259.537
22166,2259.563
22167,2259.587
22168,2259.849
22169,2259.888
22170,2259.927
22171,2259.971
22172,2260.273
22173,2260.309
22174,2260.345
22175,2260.386
22176,2260.660
22177,2260.688
22178,2260.711
22179,2260.734
22180,2260.992
22181,2261.018
22182,2261.043
22183,2261.069
22184,2261.327
22185,2261.349
22186,2261.371
22187,2261.394
22188,2261.648
22189,2261.672
22190,2261.696
22191,2261.721
22192,2261.985
22193,2262.013
22194,2262.038
22195,2262.064
22196,2262.344
22197,2262.381
22198,2262.420
22199,2262.457
22200,2262.755
22201,2262.792
22202,2262.833
22203,2262.870
22204,2263.133
22205,2263.159
22206,2263.183
22207,2263.208
22208,2263.470
22209,2263.495
22210,2263.519
22211,2263.543
22212,2263.792
22213,2263.814
22214,2263.837
22215,2263.859
22216,2264.105
22217,2264.129
22218,2264.152
22219,2264.177
22220,2264.426
22221,2264.450
22222,2264.473
22223,2264.495
22224,2264.756
22225,2264.792
22226,2264.831
22227,2264.866
22228,2265.146
22229,2265.182
22230,2265.221
22231,2265.475
22232,2265.501
22233,2265.524
22234,2265.766
22235,2265.792
22236,2265.816
22237,2266.060
22238,2266.084
22239,2266.107
22240,2266.349
22241,2266.373
22242,2266.398
22243,2266.640
22244,2266.664
22245,2266.688
22246,2266.930
22247,2266.956
22248,2266.980
22249,2267.126
22250,2267.137
22251,2267.147
22252,2267.161
22253,2267.178
22254,2267.195
22255,2267.211
22256,2267.227
22257,2267.243
22258,2267.259
22259,2267.279
22260,2267.294
22261,2267.436
22262,2267.452
22263,2267.469
22264,2267.484
22265,2267.615
22266,2267.630
22267,2267.646
22268,2267.695
22269,2267.705
22270,2267.716
22271,2267.748
22272,2267.806
22273,2267.839
22274,2267.897
22275,2268.058
22276,2268.073
22277,2268.197
22278,2268.209
22279,2268.358
22280,2268.370
22281,2268.508
22282,2268.519
22283,2268.529
22284,2268.661
22285,2268.678
22286,2268.695
22287,2268.711
22288,2268.728
22289,2268.751
22290,2268.768
22291,2268.784
22292,2268.801
22293,2268.967
22294,2269.094
22295,2269.111
22296,2269.221
22297,2269.238
22298,2269.255
22299,2269.384
22300,2269.411
22301,2269.437
22302,2269.577
22303,2269.604
22304,2269.631
22305,2269.772
22306,2269.799
22307,2269.830
22308,2269.852
22309,2269.991
22310,2270.002
22311,2270.013
22312,2270.023
22313,2270.032
22314,2270.041
22315,2270.050
22316,2270.059
22317,2270.067
22318,2270.076
22319,2270.113
22320,2270.209
22321,2270.414
22322,2270.426
22323,2270.437
22324,2270.564
22325,2270.577
22326,2270.587
22327,2270.630
22328,2270.640
22329,2270.651
22330,2270.839
22331,2270.853
22332,2270.866
22333,2270.988
22334,2271.000
22335,2271.011
22336,2271.050
22337,2271.123
22338,2271.134
22339,2271.176
22340,2271.186
22341,2271.196
22342,2271.236
22343,2271.344
22344,2271.377
22345,2271.650
22346,2271.689
22347,2271.841
22348,2271.907
22349,2271.926
22350,2271.944
22351,2272.193
22352,2272.956
22353,2272.990
22354,2273.024
22355,2273.416
22356,2274.814
22357,2274.892
22358,2274.947
22359,2275.644
22360,2276.414
22361,2276.450
22362,2276.484
22363,2276.863
22364,2278.276
22365,2278.331
22366,2278.384
22367,2279.036
22368,2279.185
22369,2279.197
22370,2279.208
22371,2279.219
22372,2279.230
22373,2279.240
22374,2279.251
22375,2279.262
22376,2279.272
22377,2279.377
22378,2279.555
22379,2279.573
22380,2279.589
22381,2279.605
22382,2279.754
22383,2279.773
22384,2279.792
22385,2279.996
22386,2280.017
22387,2280.039
22388,2280.139
22389,2280.155
22390,2280.171
22391,2280.191
22392,2280.220
22393,2280.237
22394,2280.250
22395,2280.261
22396,2280.271
22397,2280.281
22398,2280.291
22399,2280.303
22400,2280.318
22401,2280.357
22402,2280.373
22403,2280.383
22404,2280.393
22405,2280.403
22406,2280.412
22407,2280.534
22408,2280.546
22409,2280.559
22410,2280.570
22411,2280.673
22412,2280.691
22413,2280.707
22414,2280.718
22415,2280.728
22416,2280.739
22417,2280.755
22418,2280.771
22419,2280.788
22420,2280.805
22421,2280.821
22422,2280.838
22423,2280.857
22424,2280.874
22425,2280.886
22426,2280.904
22427,2280.929
22428,2280.946
22429,2280.964
22430,2280.976
22431,2280.993
22432,2281.008
22433,2281.040
22434,2281.057
22435,2281.074
22436,2281.369
22437,2281.493
22438,2281.534
22439,2281.574
22440,2281.614
22441,2281.656
22442,2281.697
22443,2281.737
22444,2281.782
22445,2281.816
22446,2281.842
22447,2281.869
22448,2281.899
22449,2281.922
22450,2281.948
22451,2282.201
22452,2282.226
22453,2282.250
22454,2282.505
22455,2282.529
22456,2282.552
22457,2282.808
22458,2282.831
22459,2282.855
22460,2283.123
22461,2283.150
22462,2283.177
22463,2283.328
22464,2283.411
22465,2283.427
22466,2283.458
22467,2283.488
22468,2283.517
22469,2283.545
22470,2283.573
22471,2283.639
22472,2283.755
22473,2284.074
22474,2284.099
22475,2284.123
22476,2284.146
22477,2284.408
22478,2284.434
22479,2284.460
22480,2284.483
22481,2284.706
22482,2284.726
22483,2284.746
22484,2284.881
22485,2284.964
22486,2284.982
22487,2285.240
22488,2285.265
22489,2285.289
22490,2285.314
22491,2285.534
22492,2285.556
22493,2285.578
22494,2285.746
22495,2285.876
22496,2285.904
22497,2286.228
22498,2286.269
22499,2286.303
22500,2286.328
22501,2286.479
22502,2286.561
22503,2286.579
22504,2286.597
22505,2286.614
22506,2286.633
22507,2286.681
22508,2286.771
22509,2287.046
22510,2287.071
22511,2287.095
22512,2287.120
22513,2287.383
22514,2287.408
22515,2287.432
22516,2287.456
22517,2287.726
22518,2287.750
22519,2287.774
22520,2287.806
22521,2288.121
22522,2288.156
22523,2288.192
22524,2288.230
22525,2288.433
22526,2288.529
22527,2288.547
22528,2288.564
22529,2288.581
22530,2288.598
22531,2288.614
22532,2288.630
22533,2288.648
22534,2288.665
22535,2288.682
22536,2288.700
22537,2288.718
22538,2288.736
22539,2288.753
22540,2288.771
22541,2288.788
22542,2288.806
22543,2288.823
22544,2288.841
22545,2288.859
22546,2288.877
22547,2288.925
22548,2289.008
22549,2289.277
22550,2289.303
22551,2289.329
22552,2289.353
22553,2289.629
22554,2289.653
22555,2289.689
22556,2289.729
22557,2290.074
22558,2290.116
22559,2290.158
22560,2290.201
22561,2290.502
22562,2290.528
22563,2290.554
22564,2290.579
22565,2290.857
22566,2290.884
22567,2290.910
22568,2290.934
22569,2291.232
22570,2291.256
22571,2291.282
22572,2291.308
22573,2291.618
22574,2291.644
22575,2291.669
22576,2291.694
22577,2292.003
22578,2292.032
22579,2292.058
22580,2292.084
22581,2292.415
22582,2292.454
22583,2292.492
22584,2292.528
22585,2292.858
22586,2292.901
22587,2292.933
22588,2292.961
22589,2293.234
22590,2293.260
22591,2293.284
22592,2293.310
22593,2293.595
22594,2293.623
22595,2293.652
22596,2293.677
22597,2293.951
22598,2293.979
22599,2294.005
22600,2294.032
22601,2294.314
22602,2294.342
22603,2294.368
22604,2294.394
22605,2294.672
22606,2294.697
22607,2294.735
22608,2294.776
22609,2295.101
22610,2295.142
22611,2295.180
22612,2295.218
22613,2295.523
22614,2295.548
22615,2295.574
22616,2295.599
22617,2295.875
22618,2295.900
22619,2295.925
22620,2295.950
22621,2296.215
22622,2296.239
22623,2296.263
22624,2296.287
22625,2296.549
22626,2296.574
22627,2296.599
22628,2296.623
22629,2296.881
22630,2296.906
22631,2296.930
22632,2297.185
22633,2297.216
22634,2297.255
22635,2297.565
22636,2297.603
22637,2297.641
22638,2297.951
22639,2297.978
22640,2298.003
22641,2298.262
22642,2298.285
22643,2298.309
22644,2298.568
22645,2298.592
22646,2298.615
22647,2298.870
22648,2298.893
22649,2298.915
22650,2299.240
22651,2299.329
22652,2299.353
22653,2299.377
22654,2299.400
22655,2299.424
22656,2299.449
22657,2299.475
22658,2299.498
22659,2299.539
22660,2299.579
22661,2299.622
22662,2299.665
22663,2299.703
22664,2299.743
22665,2300.046
22666,2300.079
22667,2300.104
22668,2300.362
22669,2300.387
22670,2300.410
22671,2300.676
22672,2300.701
22673,2300.726
22674,2301.003
22675,2301.029
22676,2301.053
22677,2301.212
22678,2301.292
22679,2301.310
22680,2301.327
22681,2301.344
22682,2301.360
22683,2301.378
22684,2301.396
22685,2301.441
22686,2301.520
22687,2301.794
22688,2301.832
22689,2301.872
22690,2301.907
22691,2302.214
22692,2302.250
22693,2302.291
22694,2302.318
22695,2302.539
22696,2302.561
22697,2302.582
22698,2302.719
22699,2302.802
22700,2302.820
22701,2303.076
22702,2303.099
22703,2303.122
22704,2303.146
22705,2303.422
22706,2303.447
22707,2303.472
22708,2303.497
22709,2303.760
22710,2303.784
22711,2303.808
22712,2303.832
22713,2303.979
22714,2304.093
22715,2304.121
22716,2304.150
22717,2304.176
22718,2304.203
22719,2304.272
22720,2304.392
22721,2304.660
22722,2304.685
22723,2304.708
22724,2304.732
22725,2304.997
22726,2305.024
22727,2305.048
22728,2305.072
22729,2305.330
22730,2305.352
22731,2305.376
22732,2305.399
22733,2305.658
22734,2305.682
22735,2305.705
22736,2305.728
22737,2305.887
22738,2305.976
22739,2305.993
22740,2306.010
22741,2306.027
22742,2306.050
22743,2306.079
22744,2306.106
22745,2306.133
22746,2306.163
22747,2306.190
22748,2306.217
22749,2306.243
22750,2306.270
22751,2306.297
22752,2306.325
22753,2306.352
22754,2306.383
22755,2306.410
22756,2306.428
22757,2306.447
22758,2306.465
22759,2306.511
22760,2306.590
22761,2306.854
22762,2306.880
22763,2306.905
22764,2306.929
22765,2307.202
22766,2307.227
22767,2307.250
22768,2307.275
22769,2307.561
22770,2307.588
22771,2307.615
22772,2307.641
22773,2307.910
22774,2307.933
22775,2307.958
22776,2307.988
22777,2308.300
22778,2308.335
22779,2308.370
22780,2308.409
22781,2308.720
22782,2308.745
22783,2308.770
22784,2308.795
22785,2309.074
22786,2309.101
22787,2309.126
22788,2309.153
22789,2309.434
22790,2309.459
22791,2309.484
22792,2309.506
22793,2309.777
22794,2309.803
22795,2309.828
22796,2309.854
22797,2310.132
22798,2310.155
22799,2310.180
22800,2310.203
22801,2310.466
22802,2310.506
22803,2310.545
22804,2310.585
22805,2310.901
22806,2310.942
22807,2310.984
22808,2311.026
22809,2311.300
22810,2311.326
22811,2311.352
22812,2311.377
22813,2311.666
22814,2311.692
22815,2311.715
22816,2311.739
22817,2312.023
22818,2312.049
22819,2312.075
22820,2312.100
22821,2312.397
22822,2312.426
22823,2312.451
22824,2312.476
22825,2312.767
22826,2312.793
22827,2312.818
22828,2312.843
22829,2313.163
22830,2313.204
22831,2313.239
22832,2313.283
22833,2313.610
22834,2313.636
22835,2313.661
22836,2313.686
22837,2313.960
22838,2313.986
22839,2314.010
22840,2314.035
22841,2314.300
22842,2314.324
22843,2314.348
22844,2314.611
22845,2314.635
22846,2314.658
22847,2314.932
22848,2314.957
22849,2314.983
22850,2315.257
22851,2315.282
22852,2315.307
22853,2315.585
22854,2315.624
22855,2315.664
22856,2315.978
22857,2316.017
22858,2316.055
22859,2316.353
22860,2316.378
22861,2316.403
22862,2316.526
22863,2316.543
22864,2316.666
22865,2316.684
22866,2316.809
22867,2316.829
22868,2316.954
22869,2316.971
22870,2317.103
22871,2317.120
22872,2317.246
22873,2317.263
22874,2317.391
22875,2317.409
22876,2317.536
22877,2317.554
22878,2317.681
22879,2317.698
22880,2317.829
22881,2317.846
22882,2317.980
22883,2317.997
22884,2318.129
22885,2318.146
22886,2318.302
22887,2318.331
22888,2318.495
22889,2318.521
22890,2318.688
22891,2318.714
22892,2318.876
22893,2318.908
22894,2319.053
22895,2319.071
22896,2319.214
22897,2319.232
22898,2319.369
22899,2319.386
22900,2319.529
22901,2319.547
22902,2319.689
22903,2319.706
22904,2319.860
22905,2319.878
22906,2320.034
22907,2320.052
22908,2320.195
22909,2320.213
22910,2320.358
22911,2320.376
22912,2320.517
22913,2320.536
22914,2320.679
22915,2320.697
22916,2320.842
22917,2320.861
22918,2321.002
22919,2321.019
22920,2321.184
22921,2321.211
22922,2321.401
22923,2321.431
22924,2321.633
22925,2321.665
22926,2321.862
22927,2321.883
22928,2322.048
22929,2322.068
22930,2322.230
22931,2322.249
22932,2322.269
22933,2322.288
22934,2322.311
22935,2322.332
22936,2322.352
22937,2322.373
22938,2322.394
22939,2322.414
22940,2322.434
22941,2322.454
22942,2322.473
22943,2322.493
22944,2322.513
22945,2322.532
22946,2322.554
22947,2322.576
22948,2322.599
22949,2322.622
22950,2322.750
22951,2322.768
22952,2322.785
22953,2322.912
22954,2322.930
22955,2322.948
22956,2323.067
22957,2323.085
22958,2323.102
22959,2323.131
22960,2323.157
22961,2323.412
22962,2323.449
22963,2323.485
22964,2323.748
22965,2323.790
22966,2323.815
22967,2324.038
22968,2324.063
22969,2324.088
22970,2324.233
22971,2324.249
22972,2324.266
22973,2324.283
22974,2324.301
22975,2324.525
22976,2324.548
22977,2324.572
22978,2324.797
22979,2324.820
22980,2324.844
22981,2325.069
22982,2325.094
22983,2325.118
22984,2325.268
22985,2325.285
22986,2325.303
22987,2325.320
22988,2325.336
22989,2325.557
22990,2325.597
22991,2325.635
22992,2325.906
22993,2325.944
22994,2325.981
22995,2326.247
22996,2326.275
22997,2326.299
22998,2326.444
22999,2326.462
23000,2326.483
23001,2326.496
23002,2326.513
23003,2326.733
23004,2326.759
23005,2326.783
23006,2327.008
23007,2327.034
23008,2327.058
23009,2327.279
23010,2327.303
23011,2327.328
23012,2327.478
23013,2327.496
23014,2327.514
23015,2327.532
23016,2327.549
23017,2327.771
23018,2327.796
23019,2327.819
23020,2328.059
23021,2328.097
23022,2328.137
23023,2328.394
23024,2328.431
23025,2328.468
23026,2328.643
23027,2328.661
23028,2328.679
23029,2328.696
23030,2328.713
23031,2328.935
23032,2328.960
23033,2328.984
23034,2329.213
23035,2329.237
23036,2329.260
23037,2329.475
23038,2329.498
23039,2329.520
23040,2329.669
23041,2329.687
23042,2329.705
23043,2329.722
23044,2329.739
23045,2329.975
23046,2330.006
23047,2330.028
23048,2330.276
23049,2330.302
23050,2330.326
23051,2330.617
23052,2330.656
23053,2330.694
23054,2330.871
23055,2330.899
23056,2330.927
23057,2330.959
23058,2330.993
23059,2331.244
23060,2331.271
23061,2331.297
23062,2331.540
23063,2331.568
23064,2331.597
23065,2331.871
23066,2331.898
23067,2331.925
23068,2332.093
23069,2332.112
23070,2332.131
23071,2332.151
23072,2332.170
23073,2332.418
23074,2332.444
23075,2332.469
23076,2332.711
23077,2332.736
23078,2332.761
23079,2333.014
23080,2333.050
23081,2333.093
23082,2333.292
23083,2333.320
23084,2333.347
23085,2333.375
23086,2333.402
23087,2333.679
23088,2333.711
23089,2333.738
23090,2333.990
23091,2334.017
23092,2334.042
23093,2334.303
23094,2334.332
23095,2334.358
23096,2334.520
23097,2334.539
23098,2334.558
23099,2334.577
23100,2334.596
23101,2334.850
23102,2334.875
23103,2334.900
23104,2335.167
23105,2335.192
23106,2335.216
23107,2335.483
23108,2335.510
23109,2335.538
23110,2335.703
23111,2335.735
23112,2335.763
23113,2335.793
23114,2335.824
23115,2336.128
23116,2336.167
23117,2336.206
23118,2336.506
23119,2336.532
23120,2336.558
23121,2336.832
23122,2336.859
23123,2336.886
23124,2337.051
23125,2337.069
23126,2337.088
23127,2337.107
23128,2337.125
23129,2337.378
23130,2337.404
23131,2337.429
23132,2337.702
23133,2337.729
23134,2337.756
23135,2338.030
23136,2338.055
23137,2338.080
23138,2338.239
23139,2338.257
23140,2338.276
23141,2338.295
23142,2338.315
23143,2338.618
23144,2338.658
23145,2338.695
23146,2339.005
23147,2339.044
23148,2339.088
23149,2339.350
23150,2339.375
23151,2339.399
23152,2339.556
23153,2339.577
23154,2339.595
23155,2339.613
23156,2339.633
23157,2339.877
23158,2339.902
23159,2339.927
23160,2340.176
23161,2340.201
23162,2340.224
23163,2340.467
23164,2340.494
23165,2340.520
23166,2340.679
23167,2340.699
23168,2340.718
23169,2340.738
23170,2340.757
23171,2340.993
23172,2341.017
23173,2341.060
23174,2341.348
23175,2341.385
23176,2341.424
23177,2341.702
23178,2341.747
23179,2341.775
23180,2341.933
23181,2341.954
23182,2341.972
23183,2341.990
23184,2342.007
23185,2342.253
23186,2342.280
23187,2342.306
23188,2342.556
23189,2342.582
23190,2342.607
23191,2342.849
23192,2342.875
23193,2342.900
23194,2343.355
23195,2343.444
23196,2343.476
23197,2343.507
23198,2343.539
23199,2343.574
23200,2343.625
23201,2343.675
23202,2343.727
23203,2343.779
23204,2343.830
23205,2343.881
23206,2343.937
23207,2343.971
23208,2344.004
23209,2344.403
23210,2344.438
23211,2344.473
23212,2344.721
23213,2344.745
23214,2344.770
23215,2344.794
23216,2345.045
23217,2345.070
23218,2345.095
23219,2345.119
23220,2345.144
23221,2345.170
23222,2345.588
23223,2345.624
23224,2345.658
23225,2345.957
23226,2346.077
23227,2346.115
23228,2346.154
23229,2346.193
23230,2346.234
23231,2346.270
23232,2346.297
23233,2346.347
23234,2346.425
23235,2346.686
23236,2346.713
23237,2346.738
23238,2346.764
23239,2346.788
23240,2346.813
23241,2346.837
23242,2347.264
23243,2347.300
23244,2347.336
23245,2347.372
23246,2347.407
23247,2347.676
23248,2347.702
23249,2347.727
23250,2347.752
23251,2347.776
23252,2347.813
23253,2347.852
23254,2348.155
23255,2348.193
23256,2348.231
23257,2348.272
23258,2348.312
23259,2348.353
23260,2348.381
23261,2348.833
23262,2348.869
23263,2348.907
23264,2348.949
23265,2348.986
23266,2349.252
23267,2349.275
23268,2349.298
23269,2349.323
23270,2349.346
23271,2349.370
23272,2349.394
23273,2349.629
23274,2349.704
23275,2349.727
23276,2349.752
23277,2349.775
23278,2349.799
23279,2349.843
23280,2349.958
23281,2350.446
23282,2350.501
23283,2350.558
23284,2350.596
23285,2350.632
23286,2351.089
23287,2351.126
23288,2351.165
23289,2351.204
23290,2351.241
23291,2351.663
23292,2351.700
23293,2351.739
23294,2351.776
23295,2351.814
23296,2352.244
23297,2352.278
23298,2352.314
23299,2352.354
23300,2352.412
23301,2352.725
23302,2352.849
23303,2352.886
23304,2352.930
23305,2352.960
23306,2352.987
23307,2353.014
23308,2353.043
23309,2353.071
23310,2353.099
23311,2353.126
23312,2353.154
23313,2353.183
23314,2353.212
23315,2353.241
23316,2353.268
23317,2353.295
23318,2353.323
23319,2353.350
23320,2353.378
23321,2353.406
23322,2353.435
23323,2353.485
23324,2353.570
23325,2353.848
23326,2353.875
23327,2353.901
23328,2353.928
23329,2353.954
23330,2353.982
23331,2354.010
23332,2354.320
23333,2354.363
23334,2354.402
23335,2354.442
23336,2354.487
23337,2354.529
23338,2354.571
23339,2355.117
23340,2355.157
23341,2355.198
23342,2355.240
23343,2355.284
23344,2355.597
23345,2355.622
23346,2355.648
23347,2355.676
23348,2355.705
23349,2355.733
23350,2355.760
23351,2356.031
23352,2356.058
23353,2356.084
23354,2356.109
23355,2356.135
23356,2356.160
23357,2356.187
23358,2356.675
23359,2356.738
23360,2356.800
23361,2356.857
23362,2356.909
23363,2357.445
23364,2357.484
23365,2357.523
23366,2357.561
23367,2357.601
23368,2358.105
23369,2358.146
23370,2358.184
23371,2358.224
23372,2358.264
23373,2358.553
23374,2358.580
23375,2358.607
23376,2358.635
23377,2358.663
23378,2358.689
23379,2358.715
23380,2359.193
23381,2359.249
23382,2359.306
23383,2359.366
23384,2359.424
23385,2359.941
23386,2359.981
23387,2360.019
23388,2360.057
23389,2360.095
23390,2360.577
23391,2360.617
23392,2360.657
23393,2360.694
23394,2361.184
23395,2361.224
23396,2361.260
23397,2361.297
23398,2361.336
23399,2361.617
23400,2361.642
23401,2361.668
23402,2361.695
23403,2361.736
23404,2361.777
23405,2361.818
23406,2362.348
23407,2362.405
23408,2362.465
23409,2362.506
23410,2362.541
23411,2362.826
23412,2362.851
23413,2362.878
23414,2362.906
23415,2362.935
23416,2362.961
23417,2362.988
23418,2363.454
23419,2363.490
23420,2363.526
23421,2363.564
23422,2363.602
23423,2364.049
23424,2364.086
23425,2364.123
23426,2364.159
23427,2364.197
23428,2364.707
23429,2364.758
23430,2364.813
23431,2364.867
23432,2364.926
23433,2365.362
23434,2365.396
23435,2365.430
23436,2365.465
23437,2365.501
23438,2365.910
23439,2365.945
23440,2365.980
23441,2366.402
23442,2366.440
23443,2366.476
23444,2366.911
23445,2366.946
23446,2366.981
23447,2367.452
23448,2367.509
23449,2367.561
23450,2368.052
23451,2368.093
23452,2368.133
23453,2368.575
23454,2368.611
23455,2368.650
23456,2369.081
23457,2369.118
23458,2369.155
23459,2369.600
23460,2369.690
23461,2369.722
23462,2369.755
23463,2369.789
23464,2369.822
23465,2369.854
23466,2369.885
23467,2369.937
23468,2369.988
23469,2370.041
23470,2370.090
23471,2370.140
23472,2370.191
23473,2370.242
23474,2370.668
23475,2370.705
23476,2370.740
23477,2370.994
23478,2371.021
23479,2371.045
23480,2371.070
23481,2371.323
23482,2371.346
23483,2371.371
23484,2371.394
23485,2371.419
23486,2371.443
23487,2371.872
23488,2371.907
23489,2371.942
23490,2372.202
23491,2372.279
23492,2372.320
23493,2372.357
23494,2372.397
23495,2372.437
23496,2372.473
23497,2372.511
23498,2372.580
23499,2372.688
23500,2372.947
23501,2372.974
23502,2372.999
23503,2373.025
23504,2373.052
23505,2373.078
23506,2373.104
23507,2373.537
23508,2373.573
23509,2373.608
23510,2373.644
23511,2373.679
23512,2373.953
23513,2373.980
23514,2374.005
23515,2374.031
23516,2374.057
23517,2374.082
23518,2374.108
23519,2374.370
23520,2374.393
23521,2374.434
23522,2374.474
23523,2374.518
23524,2374.556
23525,2374.594
23526,2375.121
23527,2375.159
23528,2375.196
23529,2375.234
23530,2375.270
23531,2375.543
23532,2375.571
23533,2375.596
23534,2375.623
23535,2375.649
23536,2375.674
23537,2375.699
23538,2375.940
23539,2376.020
23540,2376.045
23541,2376.071
23542,2376.096
23543,2376.120
23544,2376.166
23545,2376.244
23546,2376.682
23547,2376.738
23548,2376.796
23549,2376.849
23550,2376.901
23551,2377.392
23552,2377.430
23553,2377.468
23554,2377.506
23555,2377.543
23556,2377.816
23557,2377.841
23558,2377.866
23559,2377.891
23560,2378.305
23561,2378.339
23562,2378.375
23563,2378.412
23564,2378.446
23565,2378.703
23566,2378.787
23567,2378.811
23568,2378.836
23569,2378.861
23570,2378.895
23571,2378.934
23572,2378.974
23573,2379.016
23574,2379.053
23575,2379.091
23576,2379.129
23577,2379.168
23578,2379.208
23579,2379.252
23580,2379.280
23581,2379.307
23582,2379.333
23583,2379.359
23584,2379.384
23585,2379.409
23586,2379.434
23587,2379.482
23588,2379.563
23589,2379.836
23590,2379.862
23591,2379.888
23592,2379.915
23593,2379.943
23594,2379.969
23595,2379.997
23596,2380.271
23597,2380.296
23598,2380.323
23599,2380.349
23600,2380.377
23601,2380.404
23602,2380.432
23603,2380.945
23604,2381.008
23605,2381.066
23606,2381.126
23607,2381.184
23608,2381.502
23609,2381.529
23610,2381.554
23611,2381.582
23612,2381.608
23613,2381.633
23614,2381.659
23615,2381.931
23616,2381.957
23617,2381.984
23618,2382.008
23619,2382.031
23620,2382.056
23621,2382.082
23622,2382.529
23623,2382.565
23624,2382.601
23625,2382.637
23626,2382.676
23627,2383.143
23628,2383.187
23629,2383.244
23630,2383.303
23631,2383.360
23632,2383.918
23633,2383.959
23634,2383.999
23635,2384.040
23636,2384.078
23637,2384.369
23638,2384.397
23639,2384.425
23640,2384.454
23641,2384.482
23642,2384.508
23643,2384.535
23644,2385.007
23645,2385.045
23646,2385.083
23647,2385.120
23648,2385.160
23649,2385.607
23650,2385.642
23651,2385.701
23652,2385.760
23653,2385.819
23654,2386.362
23655,2386.410
23656,2386.452
23657,2386.490
23658,2386.944
23659,2386.983
23660,2387.020
23661,2387.061
23662,2387.099
23663,2387.381
23664,2387.405
23665,2387.430
23666,2387.457
23667,2387.483
23668,2387.507
23669,2387.533
23670,2387.980
23671,2388.016
23672,2388.051
23673,2388.086
23674,2388.143
23675,2388.473
23676,2388.509
23677,2388.547
23678,2388.588
23679,2388.627
23680,2388.671
23681,2388.701
23682,2389.150
23683,2389.184
23684,2389.219
23685,2389.256
23686,2389.293
23687,2389.732
23688,2389.765
23689,2389.799
23690,2389.837
23691,2389.873
23692,2390.306
23693,2390.341
23694,2390.377
23695,2390.414
23696,2390.449
23697,2390.936
23698,2390.993
23699,2391.045
23700,2391.099
23701,2391.153
23702,2391.589
23703,2391.626
23704,2391.662
23705,2392.093
23706,2392.129
23707,2392.165
23708,2392.580
23709,2392.615
23710,2392.651
23711,2393.079
23712,2393.115
23713,2393.151
23714,2393.579
23715,2393.627
23716,2393.683
23717,2394.181
23718,2394.235
23719,2394.295
23720,2394.724
23721,2394.759
23722,2394.793
23723,2395.251
23724,2395.340
23725,2395.372
23726,2395.403
23727,2395.436
23728,2395.469
23729,2395.503
23730,2395.535
23731,2395.569
23732,2395.603
23733,2395.636
23734,2395.668
23735,2395.702
23736,2395.736
23737,2395.770
23738,2396.237
23739,2396.294
23740,2396.350
23741,2396.664
23742,2396.699
23743,2396.725
23744,2396.751
23745,2397.018
23746,2397.042
23747,2397.067
23748,2397.090
23749,2397.114
23750,2397.140
23751,2397.603
23752,2397.603
23753,2397.639
23754,2397.907
23755,2397.991
23756,2398.016
23757,2398.040
23758,2398.064
23759,2398.090
23760,2398.116
23761,2398.140
23762,2398.187
23763,2398.263
23764,2398.582
23765,2398.623
23766,2398.663
23767,2398.705
23768,2398.748
23769,2398.788
23770,2398.834
23771,2399.315
23772,2399.356
23773,2399.394
23774,2399.435
23775,2399.477
23776,2399.778
23777,2399.803
23778,2399.829
23779,2399.855
23780,2399.882
23781,2399.908
23782,2399.934
23783,2400.209
23784,2400.236
23785,2400.262
23786,2400.290
23787,2400.317
23788,2400.344
23789,2400.372
23790,2400.861
23791,2400.919
23792,2400.980
23793,2401.036
23794,2401.093
23795,2401.431
23796,2401.458
23797,2401.485
23798,2401.513
23799,2401.542
23800,2401.567
23801,2401.593
23802,2401.857
23803,2401.942
23804,2401.967
23805,2401.993
23806,2402.019
23807,2402.045
23808,2402.095
23809,2402.173
23810,2402.642
23811,2402.680
23812,2402.717
23813,2402.754
23814,2402.793
23815,2403.283
23816,2403.341
23817,2403.395
23818,2403.453
23819,2403.512
23820,2403.983
23821,2404.020
23822,2404.055
23823,2404.093
23824,2404.128
23825,2404.411
23826,2404.438
23827,2404.463
23828,2404.490
23829,2404.755
23830,2404.842
23831,2404.866
23832,2404.891
23833,2404.916
23834,2404.941
23835,2404.966
23836,2404.993
23837,2405.020
23838,2405.047
23839,2405.074
23840,2405.100
23841,2405.126
23842,2405.151
23843,2405.195
23844,2405.237
23845,2405.279
23846,2405.321
23847,2405.360
23848,2405.401
23849,2405.444
23850,2405.485
23851,2405.568
23852,2405.658
23853,2405.952
23854,2405.979
23855,2406.007
23856,2406.035
23857,2406.066
23858,2406.095
23859,2406.121
23860,2406.404
23861,2406.429
23862,2406.454
23863,2406.481
23864,2406.507
23865,2406.532
23866,2406.559
23867,2407.079
23868,2407.116
23869,2407.155
23870,2407.194
23871,2407.233
23872,2407.585
23873,2407.626
23874,2407.664
23875,2407.706
23876,2407.748
23877,2407.787
23878,2407.830
23879,2408.113
23880,2408.139
23881,2408.164
23882,2408.190
23883,2408.218
23884,2408.245
23885,2408.272
23886,2408.761
23887,2408.798
23888,2408.836
23889,2408.874
23890,2408.914
23891,2409.400
23892,2409.436
23893,2409.472
23894,2409.514
23895,2409.554
23896,2410.091
23897,2410.151
23898,2410.208
23899,2410.267
23900,2410.324
23901,2410.640
23902,2410.668
23903,2410.695
23904,2410.722
23905,2410.750
23906,2410.776
23907,2410.804
23908,2411.290
23909,2411.329
23910,2411.365
23911,2411.402
23912,2411.441
23913,2411.904
23914,2411.939
23915,2411.977
23916,2412.016
23917,2412.056
23918,2412.566
23919,2412.629
23920,2412.691
23921,2412.747
23922,2413.280
23923,2413.322
23924,2413.363
23925,2413.403
23926,2413.442
23927,2413.745
23928,2413.770
23929,2413.795
23930,2413.821
23931,2413.849
23932,2413.875
23933,2413.902
23934,2414.360
23935,2414.393
23936,2414.428
23937,2414.465
23938,2414.501
23939,2414.810
23940,2414.834
23941,2414.861
23942,2414.889
23943,2414.934
23944,2414.972
23945,2415.012
23946,2415.546
23947,2415.603
23948,2415.653
23949,2415.692
23950,2415.733
23951,2416.185
23952,2416.219
23953,2416.257
23954,2416.297
23955,2416.334
23956,2416.793
23957,2416.829
23958,2416.866
23959,2416.902
23960,2416.940
23961,2417.391
23962,2417.426
23963,2417.462
23964,2417.498
23965,2417.561
23966,2418.083
23967,2418.138
23968,2418.194
23969,2418.653
23970,2418.691
23971,2418.727
23972,2419.166
23973,2419.203
23974,2419.240
23975,2419.668
23976,2419.704
23977,2419.740
23978,2420.191
23979,2420.229
23980,2420.265
23981,2420.699
23982,2420.750
23983,2420.808
23984,2421.317
23985,2421.371
23986,2421.429
23987,2421.917
23988,2422.005
23989,2422.036
23990,2422.068
23991,2422.103
23992,2422.134
23993,2422.165
23994,2422.197
23995,2422.228
23996,2422.259
23997,2422.290
23998,2422.321
23999,2422.354
24000,2422.387
24001,2422.420
24002,2422.842
24003,2422.877
24004,2422.911
24005,2423.197
24006,2423.236
24007,2423.280
24008,2423.317
24009,2423.630
24010,2423.670
24011,2423.708
24012,2423.736
24013,2423.761
24014,2423.787
24015,2424.215
24016,2424.251
24017,2424.288
24018,2424.547
24019,2424.623
24020,2424.646
24021,2424.669
24022,2424.693
24023,2424.716
24024,2424.740
24025,2424.763
24026,2424.810
24027,2424.886
24028,2425.160
24029,2425.185
24030,2425.210
24031,2425.235
24032,2425.258
24033,2425.299
24034,2425.337
24035,2425.860
24036,2425.915
24037,2425.976
24038,2426.017
24039,2426.056
24040,2426.349
24041,2426.374
24042,2426.400
24043,2426.428
24044,2426.458
24045,2426.486
24046,2426.512
24047,2426.787
24048,2426.812
24049,2426.838
24050,2426.863
24051,2426.891
24052,2426.917
24053,2426.942
24054,2427.419
24055,2427.455
24056,2427.490
24057,2427.528
24058,2427.564
24059,2427.903
24060,2427.940
24061,2427.976
24062,2428.015
24063,2428.057
24064,2428.099
24065,2428.143
24066,2428.396
24067,2428.471
24068,2428.494
24069,2428.522
24070,2428.547
24071,2428.570
24072,2428.618
24073,2428.693
24074,2429.144
24075,2429.180
24076,2429.215
24077,2429.252
24078,2429.288
24079,2429.736
24080,2429.772
24081,2429.807
24082,2429.852
24083,2429.909
24084,2430.412
24085,2430.466
24086,2430.525
24087,2430.568
24088,2430.605
24089,2431.045
24090,2431.080
24091,2431.117
24092,2431.154
24093,2431.188
24094,2431.450
24095,2431.530
24096,2431.554
24097,2431.578
24098,2431.602
24099,2431.627
24100,2431.651
24101,2431.675
24102,2431.699
24103,2431.724
24104,2431.749
24105,2431.773
24106,2431.798
24107,2431.824
24108,2431.851
24109,2431.878
24110,2431.923
24111,2431.964
24112,2432.004
24113,2432.043
24114,2432.080
24115,2432.119
24116,2432.192
24117,2432.300
24118,2432.591
24119,2432.617
24120,2432.643
24121,2432.669
24122,2432.696
24123,2432.723
24124,2432.749
24125,2433.051
24126,2433.076
24127,2433.101
24128,2433.129
24129,2433.158
24130,2433.186
24131,2433.213
24132,2433.552
24133,2433.580
24134,2433.607
24135,2433.634
24136,2433.928
24137,2433.952
24138,2433.977
24139,2434.010
24140,2434.053
24141,2434.096
24142,2434.137
24143,2434.460
24144,2434.497
24145,2434.537
24146,2434.575
24147,2434.604
24148,2434.632
24149,2434.658
24150,2435.128
24151,2435.165
24152,2435.203
24153,2435.238
24154,2435.276
24155,2435.753
24156,2435.792
24157,2435.831
24158,2435.871
24159,2435.910
24160,2436.275
24161,2436.310
24162,2436.341
24163,2436.369
24164,2436.732
24165,2436.769
24166,2436.807
24167,2436.848
24168,2436.890
24169,2436.931
24170,2436.975
24171,2437.305
24172,2437.333
24173,2437.362
24174,2437.390
24175,2437.866
24176,2437.908
24177,2437.947
24178,2437.988
24179,2438.028
24180,2438.540
24181,2438.580
24182,2438.621
24183,2438.659
24184,2438.994
24185,2439.024
24186,2439.059
24187,2439.107
24188,2439.473
24189,2439.514
24190,2439.552
24191,2439.591
24192,2439.635
24193,2439.672
24194,2439.701
24195,2440.179
24196,2440.216
24197,2440.252
24198,2440.292
24199,2440.329
24200,2440.625
24201,2440.648
24202,2440.672
24203,2440.696
24204,2440.722
24205,2440.747
24206,2440.772
24207,2441.242
24208,2441.281
24209,2441.318
24210,2441.353
24211,2441.392
24212,2441.928
24213,2441.986
24214,2442.039
24215,2442.096
24216,2442.155
24217,2442.612
24218,2442.647
24219,2442.682
24220,2442.718
24221,2442.756
24222,2443.229
24223,2443.264
24224,2443.298
24225,2443.333
24226,2443.371
24227,2443.814
24228,2443.850
24229,2443.885
24230,2444.333
24231,2444.391
24232,2444.448
24233,2444.947
24234,2445.004
24235,2445.046
24236,2445.492
24237,2445.527
24238,2445.563
24239,2446.018
24240,2446.054
24241,2446.088
24242,2446.532
24243,2446.568
24244,2446.604
24245,2446.892
24246,2446.918
24247,2446.943
24248,2447.397
24249,2447.535
24250,2447.587
24251,2447.635
24252,2447.684
24253,2447.733
24254,2447.787
24255,2447.825
24256,2447.859
24257,2447.894
24258,2447.927
24259,2447.962
24260,2447.998
24261,2448.033
24262,2448.070
24263,2448.506
24264,2448.541
24265,2448.577
24266,2448.865
24267,2448.890
24268,2448.918
24269,2448.944
24270,2449.217
24271,2449.243
24272,2449.268
24273,2449.294
24274,2449.319
24275,2449.343
24276,2449.832
24277,2449.887
24278,2449.940
24279,2450.249
24280,2450.338
24281,2450.363
24282,2450.390
24283,2450.415
24284,2450.439
24285,2450.463
24286,2450.488
24287,2450.538
24288,2450.615
24289,2450.913
24290,2450.938
24291,2450.963
24292,2450.988
24293,2451.015
24294,2451.042
24295,2451.068
24296,2451.532
24297,2451.574
24298,2451.611
24299,2451.651
24300,2451.690
24301,2452.038
24302,2452.080
24303,2452.118
24304,2452.157
24305,2452.201
24306,2452.246
24307,2452.285
24308,2452.600
24309,2452.628
24310,2452.656
24311,2452.684
24312,2452.713
24313,2452.741
24314,2452.767
24315,2453.245
24316,2453.280
24317,2453.316
24318,2453.356
24319,2453.394
24320,2453.699
24321,2453.725
24322,2453.751
24323,2453.778
24324,2453.808
24325,2453.840
24326,2453.868
24327,2454.129
24328,2454.228
24329,2454.266
24330,2454.307
24331,2454.346
24332,2454.384
24333,2454.457
24334,2454.578
24335,2455.063
24336,2455.099
24337,2455.136
24338,2455.175
24339,2455.215
24340,2455.680
24341,2455.714
24342,2455.749
24343,2455.786
24344,2455.821
24345,2456.256
24346,2456.289
24347,2456.325
24348,2456.361
24349,2456.396
24350,2456.909
24351,2456.964
24352,2457.018
24353,2457.074
24354,2457.130
24355,2457.418
24356,2457.504
24357,2457.529
24358,2457.553
24359,2457.578
24360,2457.604
24361,2457.630
24362,2457.657
24363,2457.683
24364,2457.709
24365,2457.734
24366,2457.760
24367,2457.786
24368,2457.812
24369,2457.838
24370,2457.864
24371,2457.890
24372,2457.917
24373,2457.943
24374,2457.969
24375,2457.995
24376,2458.021
24377,2458.072
24378,2458.156
24379,2458.451
24380,2458.487
24381,2458.526
24382,2458.569
24383,2458.615
24384,2458.655
24385,2458.695
24386,2459.044
24387,2459.085
24388,2459.115
24389,2459.139
24390,2459.168
24391,2459.197
24392,2459.222
24393,2459.753
24394,2459.798
24395,2459.840
24396,2459.884
24397,2459.925
24398,2460.242
24399,2460.268
24400,2460.294
24401,2460.320
24402,2460.350
24403,2460.378
24404,2460.405
24405,2460.691
24406,2460.716
24407,2460.741
24408,2460.766
24409,2460.810
24410,2460.853
24411,2460.895
24412,2461.427
24413,2461.484
24414,2461.531
24415,2461.571
24416,2461.610
24417,2462.103
24418,2462.144
24419,2462.185
24420,2462.226
24421,2462.266
24422,2462.792
24423,2462.833
24424,2462.874
24425,2462.916
24426,2462.954
24427,2463.271
24428,2463.297
24429,2463.323
24430,2463.349
24431,2463.397
24432,2463.439
24433,2463.482
24434,2464.038
24435,2464.100
24436,2464.142
24437,2464.183
24438,2464.222
24439,2464.701
24440,2464.741
24441,2464.777
24442,2464.815
24443,2464.852
24444,2465.360
24445,2465.399
24446,2465.439
24447,2465.480
24448,2465.987
24449,2466.025
24450,2466.064
24451,2466.122
24452,2466.181
24453,2466.550
24454,2466.592
24455,2466.631
24456,2466.676
24457,2466.712
24458,2466.740
24459,2466.767
24460,2467.245
24461,2467.281
24462,2467.318
24463,2467.356
24464,2467.394
24465,2467.701
24466,2467.727
24467,2467.752
24468,2467.780
24469,2467.813
24470,2467.843
24471,2467.872
24472,2468.377
24473,2468.417
24474,2468.454
24475,2468.492
24476,2468.536
24477,2469.102
24478,2469.161
24479,2469.216
24480,2469.279
24481,2469.320
24482,2469.825
24483,2469.862
24484,2469.897
24485,2469.937
24486,2469.974
24487,2470.449
24488,2470.485
24489,2470.520
24490,2470.555
24491,2470.594
24492,2471.049
24493,2471.087
24494,2471.122
24495,2471.606
24496,2471.664
24497,2471.722
24498,2472.239
24499,2472.286
24500,2472.323
24501,2472.763
24502,2472.798
24503,2472.835
24504,2473.316
24505,2473.352
24506,2473.389
24507,2473.852
24508,2473.889
24509,2473.929
24510,2474.249
24511,2474.274
24512,2474.300
24513,2474.464
24514,2474.477
24515,2474.489
24516,2474.679
24517,2474.710
24518,2474.750
24519,2474.783
24520,2474.816
24521,2475.096
24522,2475.134
24523,2475.505
24524,2475.538
24525,2475.871
24526,2475.900
24527,2476.202
24528,2476.232
24529,2476.384
24530,2476.403
24531,2476.556
24532,2476.575
24533,2476.724
24534,2478.337
24535,2478.434
24536,2478.527
24537,2479.283
24538,2480.883
24539,2480.945
24540,2481.699
24541,2481.876
24542,2483.575
24543,2483.632
24544,2483.688
24545,2484.367
24546,2484.525
24547,2484.566
24548,2486.233
24549,2486.297
24550,2486.358
24551,2487.044
24552,2487.201
24553,2487.335
24554,2487.364
24555,2487.393
24556,2487.419
24557,2487.604
24558,2487.623
24559,2487.641
24560,2487.660
24561,2487.688
24562,2487.720
24563,2487.751
24564,2487.782
24565,2488.196
24566,2488.351
24567,2488.606
24568,2488.699
24569,2488.939
24570,2489.031
24571,2489.269
24572,2489.364
24573,2489.599
24574,2489.690
24575,2489.925
24576,2490.018
24577,2490.184
24578,2490.197
24579,2490.209
24580,2490.265
24581,2490.280
24582,2490.295
24583,2490.308
24584,2490.322
24585,2490.336
24586,2490.350
24587,2490.363
24588,2490.380
24589,2490.404
24590,2490.426
24591,2490.449
24592,2490.473
24593,2490.497
24594,2490.521
24595,2490.544
24596,2490.566
24597,2490.589
24598,2490.801
24599,2490.823
24600,2490.845
24601,2491.009
24602,2491.029
24603,2491.048
24604,2491.075
24605,2491.095
24606,2491.113
24607,2491.127
24608,2491.144
24609,2491.161
24610,2491.207
24611,2491.228
24612,2491.249
24613,2491.274
24614,2491.292
24615,2491.310
24616,2491.322
24617,2491.339
24618,2491.356
24619,2491.370
24620,2491.388
24621,2491.404
24622,2491.416
24623,2491.433
24624,2491.449
24625,2491.473
24626,2491.491
24627,2491.511
24628,2491.522
24629,2491.538
24630,2491.556
24631,2491.602
24632,2491.622
24633,2491.643
24634,2491.691
24635,2491.710
24636,2491.731
24637,2491.764
24638,2491.784
24639,2491.805
24640,2491.818
24641,2491.837
24642,2491.855
24643,2491.902
24644,2491.913
24645,2491.924
24646,2491.935
24647,2491.946
24648,2491.988
24649,2492.242
24650,2492.259
24651,2492.277
24652,2492.296
24653,2492.531
24654,2492.552
24655,2492.575
24656,2492.707
24657,2492.719
24658,2492.732
24659,2492.745
24660,2492.762
24661,2492.778
24662,2492.791
24663,2492.803
24664,2492.814
24665,2492.825
24666,2492.835
24667,2492.847
24668,2492.869
24669,2493.006
24670,2493.018
24671,2493.030
24672,2493.200
24673,2493.219
24674,2493.236
24675,2493.256
24676,2493.276
24677,2493.294
24678,2493.330
24679,2493.348
24680,2493.366
24681,2493.380
24682,2493.394
24683,2493.437
24684,2493.449
24685,2493.460
24686,2493.472
24687,2493.482
24688,2493.494
24689,2493.507
24690,2493.521
24691,2493.532
24692,2493.548
24693,2493.565
24694,2493.583
24695,2493.599
24696,2493.617
24697,2493.636
24698,2493.653
24699,2493.670
24700,2493.684
24701,2493.703
24702,2493.727
24703,2493.745
24704,2493.762
24705,2493.907
24706,2493.939
24707,2493.973
24708,2494.002
24709,2494.030
24710,2494.058
24711,2494.084
24712,2494.112
24713,2494.140
24714,2494.168
24715,2494.196
24716,2494.227
24717,2494.259
24718,2494.279
24719,2494.300
24720,2494.318
24721,2494.337
24722,2494.356
24723,2494.376
24724,2494.395
24725,2494.527
24726,2494.545
24727,2494.562
24728,2494.695
24729,2494.713
24730,2494.730
24731,2494.974
24732,2494.997
24733,2495.022
24734,2495.266
24735,2495.290
24736,2495.314
24737,2495.551
24738,2495.576
24739,2495.600
24740,2495.837
24741,2495.862
24742,2495.886
24743,2496.142
24744,2496.181
24745,2496.220
24746,2496.491
24747,2496.529
24748,2496.567
24749,2496.855
24750,2496.882
24751,2496.907
24752,2497.166
24753,2497.192
24754,2497.220
24755,2497.495
24756,2497.520
24757,2497.545
24758,2497.781
24759,2497.806
24760,2497.831
24761,2498.091
24762,2498.116
24763,2498.142
24764,2498.400
24765,2498.425
24766,2498.449
24767,2498.710
24768,2498.734
24769,2498.756
24770,2499.071
24771,2499.111
24772,2499.148
24773,2499.427
24774,2499.464
24775,2499.504
24776,2499.742
24777,2499.768
24778,2499.792
24779,2500.030
24780,2500.055
24781,2500.079
24782,2500.241
24783,2500.261
24784,2500.281
24785,2500.297
24786,2500.313
24787,2500.331
24788,2500.347
24789,2500.363
24790,2500.380
24791,2500.398
24792,2500.415
24793,2500.433
24794,2500.451
24795,2500.468
24796,2500.485
24797,2500.504
24798,2500.523
24799,2500.542
24800,2500.562
24801,2500.580
24802,2500.712
24803,2500.731
24804,2500.750
24805,2500.885
24806,2500.903
24807,2500.923
24808,2501.211
24809,2501.251
24810,2501.288
24811,2501.579
24812,2501.620
24813,2501.658
24814,2501.900
24815,2501.927
24816,2501.951
24817,2502.190
24818,2502.215
24819,2502.240
24820,2502.483
24821,2502.507
24822,2502.530
24823,2502.760
24824,2502.784
24825,2502.807
24826,2503.064
24827,2503.088
24828,2503.113
24829,2503.269
24830,2503.287
24831,2503.305
24832,2503.323
24833,2503.340
24834,2503.367
24835,2503.410
24836,2503.680
24837,2503.720
24838,2503.757
24839,2503.794
24840,2504.069
24841,2504.108
24842,2504.145
24843,2504.169
24844,2504.194
24845,2504.439
24846,2504.463
24847,2504.487
24848,2504.515
24849,2504.748
24850,2504.772
24851,2504.795
24852,2505.040
24853,2505.066
24854,2505.090
24855,2505.328
24856,2505.353
24857,2505.379
24858,2505.404
24859,2505.636
24860,2505.660
24861,2505.684
24862,2505.708
24863,2505.949
24864,2505.990
24865,2506.027
24866,2506.309
24867,2506.347
24868,2506.386
24869,2506.698
24870,2506.724
24871,2506.749
24872,2507.010
24873,2507.035
24874,2507.059
24875,2507.328
24876,2507.354
24877,2507.379
24878,2507.647
24879,2507.673
24880,2507.698
24881,2507.946
24882,2507.971
24883,2507.996
24884,2508.246
24885,2508.272
24886,2508.299
24887,2508.550
24888,2508.574
24889,2508.600
24890,2508.788
24891,2508.824
24892,2508.859
24893,2508.890
24894,2508.919
24895,2508.947
24896,2508.977
24897,2509.008
24898,2509.038
24899,2509.070
24900,2509.101
24901,2509.142
24902,2509.166
24903,2509.189
24904,2509.212
24905,2509.235
24906,2509.257
24907,2509.278
24908,2509.298
24909,2509.317
24910,2509.456
24911,2509.476
24912,2509.495
24913,2509.643
24914,2509.662
24915,2509.681
24916,2509.928
24917,2509.953
24918,2509.978
24919,2510.237
24920,2510.263
24921,2510.288
24922,2510.531
24923,2510.557
24924,2510.582
24925,2510.832
24926,2510.858
24927,2510.890
24928,2511.189
24929,2511.227
24930,2511.263
24931,2511.543
24932,2511.585
24933,2511.617
24934,2511.885
24935,2511.910
24936,2511.936
24937,2512.218
24938,2512.245
24939,2512.272
24940,2512.522
24941,2512.546
24942,2512.571
24943,2512.813
24944,2512.837
24945,2512.862
24946,2513.129
24947,2513.153
24948,2513.178
24949,2513.450
24950,2513.477
24951,2513.501
24952,2513.789
24953,2513.829
24954,2513.869
24955,2514.188
24956,2514.227
24957,2514.265
24958,2514.541
24959,2514.568
24960,2514.593
24961,2514.836
24962,2514.860
24963,2514.884
24964,2515.129
24965,2515.154
24966,2515.179
24967,2515.344
24968,2515.364
24969,2515.384
24970,2515.403
24971,2515.422
24972,2515.443
24973,2515.464
24974,2515.484
24975,2515.504
24976,2515.525
24977,2515.546
24978,2515.566
24979,2515.587
24980,2515.608
24981,2515.629
24982,2515.650
24983,2515.671
24984,2515.693
24985,2515.714
24986,2515.734
24987,2515.901
24988,2515.930
24989,2515.959
24990,2516.120
24991,2516.148
24992,2516.175
24993,2516.474
24994,2516.507
24995,2516.533
24996,2516.788
24997,2516.811
24998,2516.836
24999,2517.079
25000,2517.105
25001,2517.129
25002,2517.372
25003,2517.395
25004,2517.419
25005,2517.665
25006,2517.690
25007,2517.714
25008,2517.956
25009,2517.980
25010,2518.004
25011,2518.263
25012,2518.288
25013,2518.313
25014,2518.607
25015,2518.647
25016,2518.688
25017,2518.973
25018,2519.012
25019,2519.050
25020,2519.321
25021,2519.346
25022,2519.372
25023,2519.645
25024,2519.670
25025,2519.697
25026,2519.986
25027,2520.013
25028,2520.040
25029,2520.319
25030,2520.344
25031,2520.369
25032,2520.646
25033,2520.674
25034,2520.700
25035,2520.960
25036,2520.985
25037,2521.010
25038,2521.250
25039,2521.282
25040,2521.321
25041,2521.611
25042,2521.647
25043,2521.684
25044,2521.867
25045,2521.901
25046,2521.928
25047,2521.947
25048,2521.966
25049,2521.985
25050,2522.002
25051,2522.020
25052,2522.037
25053,2522.055
25054,2522.072
25055,2522.089
25056,2522.106
25057,2522.122
25058,2522.140
25059,2522.157
25060,2522.174
25061,2522.191
25062,2522.208
25063,2522.225
25064,2522.460
25065,2522.484
25066,2522.507
25067,2522.658
25068,2522.675
25069,2522.693
25070,2522.941
25071,2522.967
25072,2522.994
25073,2523.261
25074,2523.286
25075,2523.310
25076,2523.588
25077,2523.629
25078,2523.671
25079,2523.986
25080,2524.027
25081,2524.065
25082,2524.356
25083,2524.383
25084,2524.410
25085,2524.672
25086,2524.696
25087,2524.719
25088,2524.983
25089,2525.009
25090,2525.034
25091,2525.320
25092,2525.346
25093,2525.372
25094,2525.624
25095,2525.650
25096,2525.675
25097,2525.930
25098,2525.956
25099,2525.983
25100,2526.265
25101,2526.290
25102,2526.315
25103,2526.641
25104,2526.688
25105,2526.728
25106,2527.067
25107,2527.107
25108,2527.151
25109,2527.442
25110,2527.471
25111,2527.496
25112,2527.764
25113,2527.791
25114,2527.817
25115,2528.073
25116,2528.097
25117,2528.121
25118,2528.372
25119,2528.397
25120,2528.421
25121,2528.587
25122,2528.609
25123,2528.630
25124,2528.649
25125,2528.668
25126,2528.687
25127,2528.706
25128,2528.725
25129,2528.744
25130,2528.763
25131,2528.783
25132,2528.802
25133,2528.821
25134,2528.840
25135,2528.859
25136,2528.884
25137,2528.916
25138,2528.945
25139,2528.976
25140,2529.008
25141,2529.289
25142,2529.328
25143,2529.367
25144,2529.551
25145,2529.570
25146,2529.590
25147,2529.839
25148,2529.863
25149,2529.888
25150,2530.140
25151,2530.166
25152,2530.190
25153,2530.431
25154,2530.455
25155,2530.479
25156,2530.724
25157,2530.749
25158,2530.773
25159,2531.017
25160,2531.042
25161,2531.066
25162,2531.304
25163,2531.327
25164,2531.349
25165,2531.634
25166,2531.673
25167,2531.713
25168,2532.030
25169,2532.068
25170,2532.105
25171,2532.381
25172,2532.406
25173,2532.431
25174,2532.685
25175,2532.709
25176,2532.733
25177,2533.023
25178,2533.048
25179,2533.073
25180,2533.344
25181,2533.370
25182,2533.394
25183,2533.676
25184,2533.701
25185,2533.726
25186,2534.000
25187,2534.027
25188,2534.055
25189,2534.302
25190,2534.327
25191,2534.366
25192,2534.664
25193,2534.703
25194,2534.740
25195,2535.033
25196,2535.076
25197,2535.107
25198,2535.649
25199,2535.753
25200,2535.790
25201,2535.826
25202,2535.862
25203,2535.898
25204,2535.935
25205,2535.970
25206,2536.007
25207,2536.044
25208,2536.082
25209,2536.120
25210,2536.157
25211,2536.195
25212,2536.231
25213,2536.713
25214,2536.771
25215,2536.826
25216,2537.197
25217,2537.233
25218,2537.278
25219,2537.326
25220,2537.631
25221,2537.659
25222,2537.686
25223,2537.713
25224,2537.740
25225,2537.768
25226,2538.270
25227,2538.306
25228,2538.342
25229,2538.663
25230,2538.747
25231,2538.781
25232,2538.808
25233,2538.837
25234,2538.866
25235,2538.894
25236,2538.921
25237,2538.974
25238,2539.078
25239,2539.432
25240,2539.473
25241,2539.516
25242,2539.558
25243,2539.604
25244,2539.650
25245,2539.680
25246,2540.182
25247,2540.220
25248,2540.258
25249,2540.299
25250,2540.338
25251,2540.674
25252,2540.702
25253,2540.729
25254,2540.757
25255,2540.785
25256,2540.812
25257,2540.840
25258,2541.149
25259,2541.177
25260,2541.205
25261,2541.231
25262,2541.259
25263,2541.285
25264,2541.321
25265,2541.922
25266,2541.979
25267,2542.050
25268,2542.105
25269,2542.146
25270,2542.475
25271,2542.501
25272,2542.530
25273,2542.559
25274,2542.588
25275,2542.614
25276,2542.641
25277,2542.933
25278,2543.010
25279,2543.035
25280,2543.060
25281,2543.087
25282,2543.113
25283,2543.163
25284,2543.243
25285,2543.763
25286,2543.827
25287,2543.892
25288,2543.950
25289,2544.012
25290,2544.589
25291,2544.627
25292,2544.666
25293,2544.705
25294,2544.745
25295,2545.240
25296,2545.278
25297,2545.314
25298,2545.351
25299,2545.388
25300,2545.880
25301,2545.916
25302,2545.955
25303,2545.992
25304,2546.029
25305,2546.378
25306,2546.514
25307,2546.554
25308,2546.596
25309,2546.639
25310,2546.680
25311,2546.728
25312,2546.758
25313,2546.789
25314,2546.817
25315,2546.846
25316,2546.873
25317,2546.901
25318,2546.929
25319,2546.956
25320,2546.984
25321,2547.011
25322,2547.038
25323,2547.065
25324,2547.092
25325,2547.119
25326,2547.146
25327,2547.197
25328,2547.278
25329,2547.590
25330,2547.617
25331,2547.644
25332,2547.672
25333,2547.699
25334,2547.725
25335,2547.754
25336,2548.088
25337,2548.133
25338,2548.176
25339,2548.216
25340,2548.256
25341,2548.297
25342,2548.340
25343,2548.897
25344,2548.936
25345,2548.977
25346,2549.019
25347,2549.060
25348,2549.403
25349,2549.429
25350,2549.456
25351,2549.481
25352,2549.507
25353,2549.534
25354,2549.562
25355,2549.873
25356,2549.900
25357,2549.928
25358,2549.956
25359,2549.984
25360,2550.011
25361,2550.040
25362,2550.624
25363,2550.680
25364,2550.741
25365,2550.804
25366,2550.865
25367,2551.403
25368,2551.440
25369,2551.478
25370,2551.521
25371,2551.561
25372,2552.115
25373,2552.155
25374,2552.195
25375,2552.239
25376,2552.279
25377,2552.616
25378,2552.644
25379,2552.672
25380,2552.700
25381,2552.727
25382,2552.757
25383,2552.802
25384,2553.397
25385,2553.455
25386,2553.517
25387,2553.562
25388,2553.601
25389,2554.117
25390,2554.155
25391,2554.195
25392,2554.234
25393,2554.274
25394,2554.807
25395,2554.847
25396,2554.886
25397,2554.925
25398,2555.443
25399,2555.481
25400,2555.520
25401,2555.573
25402,2555.634
25403,2556.024
25404,2556.064
25405,2556.105
25406,2556.150
25407,2556.184
25408,2556.213
25409,2556.240
25410,2556.733
25411,2556.769
25412,2556.808
25413,2556.845
25414,2556.882
25415,2557.216
25416,2557.243
25417,2557.270
25418,2557.298
25419,2557.325
25420,2557.353
25421,2557.382
25422,2557.883
25423,2557.921
25424,2557.958
25425,2558.005
25426,2558.066
25427,2558.633
25428,2558.690
25429,2558.745
25430,2558.785
25431,2558.826
25432,2559.324
25433,2559.363
25434,2559.401
25435,2559.440
25436,2559.478
25437,2559.970
25438,2560.006
25439,2560.042
25440,2560.080
25441,2560.120
25442,2560.599
25443,2560.635
25444,2560.687
25445,2561.245
25446,2561.301
25447,2561.358
25448,2561.849
25449,2561.888
25450,2561.924
25451,2562.401
25452,2562.438
25453,2562.472
25454,2562.960
25455,2562.998
25456,2563.036
25457,2563.527
25458,2563.566
25459,2563.603
25460,2564.130
25461,2564.193
25462,2564.250
25463,2564.862
25464,2564.964
25465,2564.997
25466,2565.030
25467,2565.064
25468,2565.101
25469,2565.138
25470,2565.172
25471,2565.206
25472,2565.241
25473,2565.275
25474,2565.310
25475,2565.344
25476,2565.379
25477,2565.414
25478,2565.892
25479,2565.928
25480,2565.962
25481,2566.297
25482,2566.340
25483,2566.386
25484,2566.432
25485,2566.791
25486,2566.834
25487,2566.877
25488,2566.921
25489,2566.950
25490,2566.980
25491,2567.463
25492,2567.500
25493,2567.539
25494,2567.870
25495,2567.954
25496,2567.982
25497,2568.009
25498,2568.037
25499,2568.066
25500,2568.094
25501,2568.122
25502,2568.176
25503,2568.260
25504,2568.566
25505,2568.594
25506,2568.620
25507,2568.665
25508,2568.707
25509,2568.753
25510,2568.795
25511,2569.377
25512,2569.423
25513,2569.464
25514,2569.505
25515,2569.547
25516,2569.902
25517,2569.932
25518,2569.961
25519,2569.989
25520,2570.017
25521,2570.044
25522,2570.074
25523,2570.387
25524,2570.416
25525,2570.445
25526,2570.474
25527,2570.504
25528,2570.534
25529,2570.564
25530,2571.113
25531,2571.152
25532,2571.208
25533,2571.274
25534,2571.337
25535,2571.722
25536,2571.765
25537,2571.809
25538,2571.838
25539,2571.868
25540,2571.897
25541,2571.928
25542,2572.263
25543,2572.358
25544,2572.387
25545,2572.416
25546,2572.444
25547,2572.473
25548,2572.528
25549,2572.614
25550,2573.157
25551,2573.198
25552,2573.239
25553,2573.281
25554,2573.322
25555,2573.905
25556,2573.965
25557,2574.025
25558,2574.087
25559,2574.155
25560,2574.692
25561,2574.730
25562,2574.770
25563,2574.809
25564,2574.848
25565,2575.377
25566,2575.415
25567,2575.454
25568,2575.493
25569,2575.531
25570,2575.877
25571,2575.973
25572,2576.000
25573,2576.028
25574,2576.056
25575,2576.082
25576,2576.129
25577,2576.174
25578,2576.221
25579,2576.263
25580,2576.305
25581,2576.349
25582,2576.393
25583,2576.439
25584,2576.477
25585,2576.508
25586,2576.539
25587,2576.570
25588,2576.599
25589,2576.627
25590,2576.655
25591,2576.684
25592,2576.737
25593,2576.824
25594,2577.145
25595,2577.172
25596,2577.200
25597,2577.227
25598,2577.256
25599,2577.283
25600,2577.312
25601,2577.633
25602,2577.660
25603,2577.688
25604,2577.716
25605,2577.744
25606,2577.771
25607,2577.805
25608,2578.448
25609,2578.512
25610,2578.579
25611,2578.632
25612,2578.673
25613,2579.021
25614,2579.051
25615,2579.082
25616,2579.111
25617,2579.143
25618,2579.172
25619,2579.200
25620,2579.515
25621,2579.543
25622,2579.572
25623,2579.600
25624,2579.629
25625,2579.657
25626,2579.686
25627,2580.261
25628,2580.300
25629,2580.338
25630,2580.378
25631,2580.445
25632,2581.071
25633,2581.129
25634,2581.191
25635,2581.232
25636,2581.274
25637,2581.843
25638,2581.887
25639,2581.928
25640,2581.969
25641,2582.008
25642,2582.361
25643,2582.390
25644,2582.419
25645,2582.448
25646,2582.477
25647,2582.505
25648,2582.534
25649,2583.092
25650,2583.130
25651,2583.187
25652,2583.251
25653,2583.314
25654,2583.930
25655,2583.978
25656,2584.019
25657,2584.063
25658,2584.103
25659,2584.656
25660,2584.697
25661,2584.733
25662,2584.772
25663,2585.310
25664,2585.348
25665,2585.388
25666,2585.428
25667,2585.468
25668,2585.820
25669,2585.848
25670,2585.876
25671,2585.923
25672,2585.967
25673,2586.015
25674,2586.058
25675,2586.646
25676,2586.695
25677,2586.735
25678,2586.778
25679,2586.817
25680,2587.170
25681,2587.200
25682,2587.228
25683,2587.255
25684,2587.281
25685,2587.311
25686,2587.339
25687,2587.869
25688,2587.908
25689,2587.948
25690,2587.990
25691,2588.034
25692,2588.581
25693,2588.627
25694,2588.692
25695,2588.759
25696,2588.821
25697,2589.433
25698,2589.475
25699,2589.515
25700,2589.557
25701,2589.597
25702,2590.121
25703,2590.158
25704,2590.197
25705,2590.237
25706,2590.276
25707,2590.784
25708,2590.823
25709,2590.863
25710,2591.400
25711,2591.439
25712,2591.481
25713,2592.086
25714,2592.144
25715,2592.203
25716,2592.734
25717,2592.774
25718,2592.811
25719,2593.317
25720,2593.355
25721,2593.393
25722,2593.897
25723,2593.938
25724,2593.977
25725,2594.481
25726,2594.519
25727,2594.557
25728,2595.161
25729,2595.308
25730,2595.361
25731,2595.415
25732,2595.474
25733,2595.517
25734,2595.553
25735,2595.590
25736,2595.625
25737,2595.660
25738,2595.696
25739,2595.731
25740,2595.770
25741,2595.804
25742,2595.841
25743,2596.327
25744,2596.364
25745,2596.402
25746,2596.736
25747,2596.765
25748,2596.796
25749,2596.824
25750,2597.134
25751,2597.163
25752,2597.196
25753,2597.241
25754,2597.283
25755,2597.330
25756,2597.877
25757,2597.934
25758,2597.973
25759,2598.298
25760,2598.380
25761,2598.406
25762,2598.434
25763,2598.461
25764,2598.487
25765,2598.512
25766,2598.538
25767,2598.586
25768,2598.665
25769,2598.981
25770,2599.010
25771,2599.038
25772,2599.064
25773,2599.093
25774,2599.120
25775,2599.149
25776,2599.661
25777,2599.720
25778,2599.782
25779,2599.838
25780,2599.897
25781,2600.279
25782,2600.308
25783,2600.337
25784,2600.367
25785,2600.395
25786,2600.422
25787,2600.450
25788,2600.763
25789,2600.791
25790,2600.818
25791,2600.845
25792,2600.872
25793,2600.898
25794,2600.925
25795,2601.457
25796,2601.494
25797,2601.530
25798,2601.572
25799,2601.612
25800,2601.946
25801,2601.985
25802,2602.027
25803,2602.069
25804,2602.112
25805,2602.151
25806,2602.194
25807,2602.554
25808,2602.644
25809,2602.672
25810,2602.698
25811,2602.724
25812,2602.749
25813,2602.800
25814,2602.881
25815,2603.380
25816,2603.416
25817,2603.454
25818,2603.492
25819,2603.530
25820,2604.029
25821,2604.067
25822,2604.105
25823,2604.144
25824,2604.204
25825,2604.770
25826,2604.828
25827,2604.889
25828,2604.932
25829,2604.972
25830,2605.465
25831,2605.504
25832,2605.544
25833,2605.583
25834,2605.622
25835,2605.956
25836,2606.043
25837,2606.070
25838,2606.095
25839,2606.121
25840,2606.147
25841,2606.174
25842,2606.204
25843,2606.232
25844,2606.261
25845,2606.288
25846,2606.317
25847,2606.349
25848,2606.394
25849,2606.435
25850,2606.480
25851,2606.521
25852,2606.562
25853,2606.603
25854,2606.647
25855,2606.695
25856,2606.727
25857,2606.782
25858,2606.867
25859,2607.187
25860,2607.215
25861,2607.243
25862,2607.270
25863,2607.297
25864,2607.325
25865,2607.352
25866,2607.667
25867,2607.694
25868,2607.721
25869,2607.747
25870,2607.773
25871,2607.800
25872,2607.827
25873,2608.368
25874,2608.406
25875,2608.472
25876,2608.537
25877,2608.597
25878,2608.998
25879,2609.038
25880,2609.068
25881,2609.097
25882,2609.126
25883,2609.153
25884,2609.180
25885,2609.487
25886,2609.515
25887,2609.543
25888,2609.571
25889,2609.598
25890,2609.624
25891,2609.652
25892,2610.175
25893,2610.213
25894,2610.251
25895,2610.289
25896,2610.328
25897,2610.864
25898,2610.925
25899,2610.985
25900,2611.046
25901,2611.104
25902,2611.708
25903,2611.749
25904,2611.788
25905,2611.828
25906,2611.870
25907,2612.219
25908,2612.246
25909,2612.275
25910,2612.302
25911,2612.328
25912,2612.356
25913,2612.385
25914,2612.918
25915,2612.957
25916,2612.995
25917,2613.036
25918,2613.074
25919,2613.634
25920,2613.693
25921,2613.751
25922,2613.813
25923,2613.876
25924,2614.435
25925,2614.476
25926,2614.516
25927,2614.556
25928,2615.074
25929,2615.113
25930,2615.149
25931,2615.188
25932,2615.226
25933,2615.584
25934,2615.612
25935,2615.641
25936,2615.669
25937,2615.697
25938,2615.727
25939,2615.756
25940,2616.367
25941,2616.402
25942,2616.458
25943,2616.519
25944,2616.587
25945,2616.956
25946,2616.985
25947,2617.013
25948,2617.042
25949,2617.071
25950,2617.102
25951,2617.130
25952,2617.664
25953,2617.701
25954,2617.740
25955,2617.781
25956,2617.823
25957,2618.372
25958,2618.409
25959,2618.449
25960,2618.488
25961,2618.528
25962,2619.124
25963,2619.180
25964,2619.238
25965,2619.299
25966,2619.352
25967,2619.887
25968,2619.926
25969,2619.966
25970,2620.007
25971,2620.050
25972,2620.565
25973,2620.605
25974,2620.645
25975,2621.196
25976,2621.236
25977,2621.275
25978,2621.807
25979,2621.856
25980,2621.918
25981,2622.558
25982,2622.618
25983,2622.677
25984,2623.207
25985,2623.245
25986,2623.284
25987,2623.811
25988,2623.850
25989,2623.889
25990,2624.417
25991,2624.456
25992,2624.494
25993,2625.094
25994,2625.198
25995,2625.251
25996,2625.306
25997,2625.361
25998,2625.413
25999,2625.466
26000,2625.523
26001,2625.583
26002,2625.621
26003,2625.659
26004,2625.697
26005,2625.731
26006,2625.766
26007,2625.802
26008,2626.305
26009,2626.343
26010,2626.381
26011,2626.719
26012,2626.746
26013,2626.775
26014,2626.802
26015,2627.112
26016,2627.139
26017,2627.166
26018,2627.194
26019,2627.219
26020,2627.244
26021,2627.787
26022,2627.844
26023,2627.900
26024,2628.290
26025,2628.375
26026,2628.403
26027,2628.429
26028,2628.454
26029,2628.479
26030,2628.505
26031,2628.529
26032,2628.579
26033,2628.656
26034,2628.975
26035,2629.002
26036,2629.028
26037,2629.055
26038,2629.083
26039,2629.109
26040,2629.137
26041,2629.648
26042,2629.687
26043,2629.724
26044,2629.761
26045,2629.824
26046,2630.229
26047,2630.270
26048,2630.312
26049,2630.353
26050,2630.401
26051,2630.432
26052,2630.462
26053,2630.782
26054,2630.808
26055,2630.834
26056,2630.861
26057,2630.889
26058,2630.920
26059,2630.947
26060,2631.491
26061,2631.529
26062,2631.566
26063,2631.608
26064,2631.648
26065,2631.996
26066,2632.024
26067,2632.051
26068,2632.078
26069,2632.104
26070,2632.128
26071,2632.170
26072,2632.537
26073,2632.658
26074,2632.701
26075,2632.749
26076,2632.781
26077,2632.812
26078,2632.865
26079,2632.959
26080,2633.517
26081,2633.559
26082,2633.601
26083,2633.640
26084,2633.681
26085,2634.248
26086,2634.287
26087,2634.326
26088,2634.365
26089,2634.406
26090,2634.962
26091,2635.025
26092,2635.090
26093,2635.149
26094,2635.217
26095,2635.790
26096,2635.831
26097,2635.871
26098,2635.911
26099,2635.956
26100,2636.332
26101,2636.425
26102,2636.452
26103,2636.479
26104,2636.507
26105,2636.535
26106,2636.564
26107,2636.592
26108,2636.621
26109,2636.650
26110,2636.678
26111,2636.707
26112,2636.736
26113,2636.766
26114,2636.795
26115,2636.824
26116,2636.853
26117,2636.897
26118,2636.943
26119,2636.993
26120,2637.041
26121,2637.087
26122,2637.171
26123,2637.295
26124,2637.659
26125,2637.689
26126,2637.717
26127,2637.745
26128,2637.774
26129,2637.803
26130,2637.836
26131,2638.189
26132,2638.218
26133,2638.248
26134,2638.278
26135,2638.309
26136,2638.340
26137,2638.371
26138,2638.976
26139,2639.018
26140,2639.062
26141,2639.106
26142,2639.151
26143,2639.576
26144,2639.621
26145,2639.664
26146,2639.708
26147,2639.752
26148,2639.800
26149,2639.848
26150,2640.183
26151,2640.213
26152,2640.241
26153,2640.269
26154,2640.299
26155,2640.327
26156,2640.358
26157,2640.926
26158,2640.966
26159,2641.006
26160,2641.051
26161,2641.089
26162,2641.684
26163,2641.727
26164,2641.764
26165,2641.805
26166,2641.848
26167,2642.529
26168,2642.593
26169,2642.660
26170,2642.719
26171,2642.766
26172,2643.146
26173,2643.175
26174,2643.206
26175,2643.236
26176,2643.267
26177,2643.297
26178,2643.326
26179,2643.916
26180,2643.955
26181,2643.995
26182,2644.037
26183,2644.081
26184,2644.636
26185,2644.674
26186,2644.713
26187,2644.771
26188,2644.831
26189,2645.494
26190,2645.561
26191,2645.610
26192,2645.651
26193,2646.217
26194,2646.258
26195,2646.300
26196,2646.343
26197,2646.384
26198,2646.774
26199,2646.803
26200,2646.832
26201,2646.862
26202,2646.892
26203,2646.923
26204,2646.953
26205,2647.523
26206,2647.563
26207,2647.602
26208,2647.659
26209,2647.725
26210,2648.155
26211,2648.197
26212,2648.240
26213,2648.292
26214,2648.322
26215,2648.355
26216,2648.387
26217,2648.937
26218,2648.977
26219,2649.019
26220,2649.059
26221,2649.099
26222,2649.641
26223,2649.678
26224,2649.717
26225,2649.758
26226,2649.797
26227,2650.318
26228,2650.354
26229,2650.396
26230,2650.459
26231,2650.520
26232,2651.113
26233,2651.173
26234,2651.213
26235,2651.254
26236,2651.292
26237,2651.797
26238,2651.837
26239,2651.875
26240,2652.383
26241,2652.419
26242,2652.456
26243,2652.956
26244,2652.994
26245,2653.031
26246,2653.523
26247,2653.585
26248,2653.645
26249,2654.248
26250,2654.315
26251,2654.353
26252,2654.868
26253,2654.906
26254,2654.945
26255,2655.468
26256,2655.508
26257,2655.546
26258,2656.099
26259,2656.187
26260,2656.223
26261,2656.259
26262,2656.297
26263,2656.333
26264,2656.371
26265,2656.432
26266,2656.496
26267,2656.553
26268,2656.612
26269,2656.671
26270,2656.731
26271,2656.771
26272,2656.809
26273,2657.295
26274,2657.336
26275,2657.374
26276,2657.709
26277,2657.735
26278,2657.762
26279,2657.789
26280,2658.097
26281,2658.125
26282,2658.155
26283,2658.184
26284,2658.214
26285,2658.242
26286,2658.734
26287,2658.780
26288,2658.840
26289,2659.238
26290,2659.354
26291,2659.404
26292,2659.434
26293,2659.464
26294,2659.493
26295,2659.521
26296,2659.550
26297,2659.601
26298,2659.686
26299,2660.018
26300,2660.044
26301,2660.072
26302,2660.102
26303,2660.132
26304,2660.161
26305,2660.189
26306,2660.712
26307,2660.753
26308,2660.793
26309,2660.834
26310,2660.875
26311,2661.284
26312,2661.326
26313,2661.368
26314,2661.416
26315,2661.462
26316,2661.514
26317,2661.549
26318,2661.877
26319,2661.905
26320,2661.932
26321,2661.962
26322,2661.993
26323,2662.024
26324,2662.052
26325,2662.598
26326,2662.639
26327,2662.682
26328,2662.725
26329,2662.766
26330,2663.116
26331,2663.143
26332,2663.171
26333,2663.202
26334,2663.232
26335,2663.263
26336,2663.311
26337,2663.676
26338,2663.788
26339,2663.832
26340,2663.879
26341,2663.909
26342,2663.937
26343,2663.988
26344,2664.065
26345,2664.590
26346,2664.630
26347,2664.670
26348,2664.711
26349,2664.752
26350,2665.262
26351,2665.300
26352,2665.338
26353,2665.378
26354,2665.417
26355,2665.946
26356,2666.007
26357,2666.063
26358,2666.122
26359,2666.181
26360,2666.706
26361,2666.744
26362,2666.782
26363,2666.821
26364,2666.862
26365,2667.204
26366,2667.285
26367,2667.312
26368,2667.338
26369,2667.365
26370,2667.392
26371,2667.419
26372,2667.446
26373,2667.473
26374,2667.500
26375,2667.528
26376,2667.556
26377,2667.585
26378,2667.613
26379,2667.640
26380,2667.666
26381,2667.712
26382,2667.758
26383,2667.805
26384,2667.847
26385,2667.889
26386,2667.932
26387,2668.009
26388,2668.114
26389,2668.441
26390,2668.471
26391,2668.501
26392,2668.531
26393,2668.564
26394,2668.596
26395,2668.625
26396,2668.962
26397,2668.991
26398,2669.022
26399,2669.054
26400,2669.091
26401,2669.121
26402,2669.151
26403,2669.735
26404,2669.779
26405,2669.821
26406,2669.891
26407,2669.958
26408,2670.370
26409,2670.417
26410,2670.471
26411,2670.503
26412,2670.535
26413,2670.566
26414,2670.596
26415,2670.919
26416,2670.950
26417,2670.981
26418,2671.009
26419,2671.039
26420,2671.067
26421,2671.095
26422,2671.612
26423,2671.650
26424,2671.689
26425,2671.729
26426,2671.769
26427,2672.309
26428,2672.376
26429,2672.443
26430,2672.506
26431,2672.570
26432,2673.195
26433,2673.237
26434,2673.278
26435,2673.319
26436,2673.359
26437,2673.706
26438,2673.736
26439,2673.764
26440,2673.793
26441,2673.825
26442,2673.856
26443,2673.887
26444,2674.450
26445,2674.492
26446,2674.532
26447,2674.572
26448,2674.628
26449,2675.229
26450,2675.289
26451,2675.355
26452,2675.405
26453,2675.448
26454,2676.028
26455,2676.072
26456,2676.117
26457,2676.161
26458,2676.715
26459,2676.756
26460,2676.798
26461,2676.842
26462,2676.886
26463,2677.258
26464,2677.289
26465,2677.320
26466,2677.354
26467,2677.406
26468,2677.455
26469,2677.508
26470,2678.150
26471,2678.201
26472,2678.246
26473,2678.289
26474,2678.333
26475,2678.731
26476,2678.762
26477,2678.793
26478,2678.825
26479,2678.857
26480,2678.888
26481,2678.919
26482,2679.465
26483,2679.506
26484,2679.548
26485,2679.590
26486,2679.630
26487,2680.170
26488,2680.236
26489,2680.306
26490,2680.370
26491,2680.434
26492,2681.026
26493,2681.070
26494,2681.112
26495,2681.156
26496,2681.200
26497,2681.761
26498,2681.805
26499,2681.847
26500,2681.890
26501,2681.933
26502,2682.473
26503,2682.512
26504,2682.551
26505,2683.118
26506,2683.183
26507,2683.244
26508,2683.835
26509,2683.888
26510,2683.930
26511,2684.462
26512,2684.501
26513,2684.542
26514,2685.081
26515,2685.122
26516,2685.162
26517,2685.706
26518,2685.749
26519,2685.791
26520,2686.323
26521,2686.366
26522,2686.430
26523,2687.102
26524,2687.235
26525,2687.273
26526,2687.313
26527,2687.351
26528,2687.389
26529,2687.428
26530,2687.467
26531,2687.506
26532,2687.544
26533,2687.581
26534,2687.620
26535,2687.658
26536,2687.695
26537,2687.733
26538,2688.252
26539,2688.291
26540,2688.332
26541,2688.679
26542,2688.707
26543,2688.758
26544,2688.801
26545,2689.186
26546,2689.229
26547,2689.278
26548,2689.330
26549,2689.362
26550,2689.393
26551,2689.905
26552,2689.946
26553,2689.987
26554,2690.371
26555,2690.457
26556,2690.486
26557,2690.516
26558,2690.546
26559,2690.577
26560,2690.606
26561,2690.636
26562,2690.691
26563,2690.776
26564,2691.139
26565,2691.170
26566,2691.201
26567,2691.256
26568,2691.308
26569,2691.358
26570,2691.404
26571,2692.034
26572,2692.079
26573,2692.123
26574,2692.166
26575,2692.210
26576,2692.588
26577,2692.621
26578,2692.650
26579,2692.683
26580,2692.714
26581,2692.746
26582,2692.778
26583,2693.118
26584,2693.148
26585,2693.178
26586,2693.210
26587,2693.243
26588,2693.275
26589,2693.307
26590,2693.899
26591,2693.968
26592,2694.036
26593,2694.104
26594,2694.170
26595,2694.586
26596,2694.616
26597,2694.647
26598,2694.678
26599,2694.711
26600,2694.744
26601,2694.777
26602,2695.113
26603,2695.195
26604,2695.223
26605,2695.251
26606,2695.279
26607,2695.307
26608,2695.359
26609,2695.441
26610,2695.996
26611,2696.039
26612,2696.080
26613,2696.143
26614,2696.207
26615,2696.793
26616,2696.855
26617,2696.902
26618,2696.942
26619,2696.982
26620,2697.494
26621,2697.535
26622,2697.575
26623,2697.615
26624,2697.654
26625,2698.160
26626,2698.197
26627,2698.235
26628,2698.275
26629,2698.314
26630,2698.667
26631,2698.757
26632,2698.807
26633,2698.856
26634,2698.905
26635,2698.949
26636,2698.996
26637,2699.043
26638,2699.095
26639,2699.127
26640,2699.159
26641,2699.192
26642,2699.223
26643,2699.253
26644,2699.284
26645,2699.313
26646,2699.343
26647,2699.373
26648,2699.403
26649,2699.433
26650,2699.464
26651,2699.494
26652,2699.544
26653,2699.626
26654,2699.965
26655,2699.996
26656,2700.027
26657,2700.058
26658,2700.090
26659,2700.120
26660,2700.150
26661,2700.531
26662,2700.581
26663,2700.626
26664,2700.672
26665,2700.720
26666,2700.767
26667,2700.808
26668,2701.404
26669,2701.448
26670,2701.494
26671,2701.544
26672,2701.586
26673,2701.947
26674,2701.978
26675,2702.008
26676,2702.039
26677,2702.072
26678,2702.102
26679,2702.134
26680,2702.481
26681,2702.510
26682,2702.539
26683,2702.571
26684,2702.609
26685,2702.660
26686,2702.712
26687,2703.327
26688,2703.392
26689,2703.436
26690,2703.480
26691,2703.523
26692,2704.090
26693,2704.131
26694,2704.172
26695,2704.215
26696,2704.257
26697,2704.852
26698,2704.894
26699,2704.936
26700,2704.981
26701,2705.022
26702,2705.409
26703,2705.459
26704,2705.510
26705,2705.556
26706,2705.604
26707,2705.650
26708,2705.703
26709,2706.271
26710,2706.311
26711,2706.352
26712,2706.395
26713,2706.439
26714,2706.981
26715,2707.021
26716,2707.063
26717,2707.105
26718,2707.146
26719,2707.724
26720,2707.768
26721,2707.809
26722,2707.874
26723,2708.512
26724,2708.575
26725,2708.640
26726,2708.684
26727,2708.728
26728,2709.093
26729,2709.124
26730,2709.156
26731,2709.189
26732,2709.220
26733,2709.251
26734,2709.282
26735,2709.822
26736,2709.862
26737,2709.903
26738,2709.942
26739,2709.982
26740,2710.341
26741,2710.372
26742,2710.404
26743,2710.454
26744,2710.502
26745,2710.552
26746,2710.597
26747,2711.215
26748,2711.260
26749,2711.304
26750,2711.347
26751,2711.389
26752,2711.924
26753,2711.966
26754,2712.006
26755,2712.048
26756,2712.090
26757,2712.619
26758,2712.660
26759,2712.701
26760,2712.743
26761,2712.786
26762,2713.344
26763,2713.407
26764,2713.469
26765,2713.535
26766,2713.604
26767,2714.110
26768,2714.149
26769,2714.186
26770,2714.707
26771,2714.745
26772,2714.784
26773,2715.301
26774,2715.342
26775,2715.382
26776,2715.901
26777,2715.941
26778,2715.980
26779,2716.574
26780,2716.638
26781,2716.704
26782,2717.283
26783,2717.328
26784,2717.369
26785,2717.882
26786,2717.922
26787,2717.962
26788,2718.253
26789,2718.348
26790,2718.617
26791,2718.708
26792,2718.991
26793,2719.078
26794,2719.347
26795,2719.486
26796,2720.453
26797,2720.493
26798,2720.931
26799,2721.205
26800,2721.231
26801,2721.501
26802,2721.526
26803,2722.447
26804,2722.487
26805,2722.974
26806,2723.289
26807,2723.327
26808,2724.252
26809,2724.291
26810,2724.721
26811,2724.995
26812,2725.019
26813,2725.205
26814,2725.221
26815,2725.236
26816,2725.286
26817,2725.300
26818,2725.315
26819,2725.329
26820,2725.342
26821,2725.357
26822,2725.372
26823,2725.388
26824,2725.403
26825,2725.593
26826,2725.608
26827,2725.621
26828,2725.758
26829,2725.783
26830,2725.817
26831,2725.839
26832,2725.866
26833,2725.895
26834,2725.956
26835,2725.987
26836,2726.014
26837,2726.063
26838,2726.094
26839,2726.126
26840,2726.144
26841,2726.174
26842,2726.191
26843,2726.238
26844,2726.252
26845,2726.265
26846,2726.312
26847,2726.327
26848,2726.340
26849,2726.352
26850,2726.366
26851,2726.379
26852,2726.393
26853,2726.405
26854,2726.419
26855,2726.612
26856,2726.627
26857,2726.643
26858,2726.780
26859,2726.800
26860,2726.816
26861,2726.831
26862,2726.849
26863,2726.866
26864,2726.910
26865,2726.931
26866,2726.952
26867,2726.989
26868,2727.011
26869,2727.031
26870,2727.044
26871,2727.065
26872,2727.083
26873,2727.133
26874,2727.148
26875,2727.164
26876,2727.216
26877,2727.230
26878,2727.244
26879,2727.258
26880,2727.272
26881,2727.286
26882,2727.301
26883,2727.316
26884,2727.331
26885,2727.540
26886,2727.564
26887,2727.585
26888,2727.750
26889,2727.781
26890,2727.806
26891,2727.829
26892,2727.859
26893,2727.887
26894,2727.951
26895,2727.988
26896,2728.021
26897,2728.058
26898,2728.077
26899,2728.097
26900,2728.110
26901,2728.130
26902,2728.149
26903,2728.196
26904,2728.211
26905,2728.225
26906,2728.239
26907,2728.254
26908,2728.268
26909,2728.282
26910,2728.478
26911,2728.495
26912,2728.511
26913,2728.651
26914,2728.672
26915,2728.690
26916,2728.706
26917,2728.726
26918,2728.744
26919,2728.781
26920,2728.802
26921,2728.823
26922,2728.861
26923,2728.883
26924,2728.904
26925,2728.953
26926,2728.975
26927,2728.996
26928,2729.011
26929,2729.032
26930,2729.050
26931,2729.089
26932,2729.109
26933,2729.130
26934,2729.178
26935,2729.192
26936,2729.207
26937,2729.219
26938,2729.239
26939,2729.310
26940,2729.333
26941,2729.355
26942,2729.379
26943,2729.402
26944,2729.424
26945,2729.446
26946,2729.468
26947,2729.492
26948,2729.516
26949,2729.548
26950,2729.591
26951,2729.640
26952,2729.669
26953,2729.698
26954,2729.728
26955,2729.756
26956,2729.790
26957,2729.960
26958,2729.982
26959,2730.004
26960,2730.025
26961,2730.046
26962,2730.066
26963,2730.087
26964,2730.108
26965,2730.130
26966,2730.150
26967,2730.171
26968,2730.193
26969,2730.214
26970,2730.235
26971,2730.257
26972,2730.278
26973,2730.301
26974,2730.322
26975,2730.344
26976,2730.514
26977,2730.535
26978,2730.558
26979,2730.740
26980,2730.762
26981,2730.783
26982,2730.965
26983,2730.997
26984,2731.031
26985,2731.226
26986,2731.257
26987,2731.289
26988,2731.486
26989,2731.526
26990,2731.548
26991,2731.719
26992,2731.739
26993,2731.759
26994,2731.935
26995,2731.956
26996,2731.978
26997,2732.152
26998,2732.174
26999,2732.195
27000,2732.365
27001,2732.386
27002,2732.408
27003,2732.580
27004,2732.601
27005,2732.621
27006,2732.792
27007,2732.813
27008,2732.833
27009,2733.008
27010,2733.029
27011,2733.049
27012,2733.226
27013,2733.248
27014,2733.270
27015,2733.467
27016,2733.501
27017,2733.535
27018,2733.736
27019,2733.769
27020,2733.800
27021,2734.000
27022,2734.035
27023,2734.057
27024,2734.235
27025,2734.256
27026,2734.278
27027,2734.448
27028,2734.469
27029,2734.492
27030,2734.514
27031,2734.718
27032,2734.741
27033,2734.763
27034,2734.939
27035,2734.960
27036,2734.981
27037,2735.150
27038,2735.188
27039,2735.208
27040,2735.348
27041,2735.369
27042,2735.390
27043,2735.412
27044,2735.611
27045,2735.634
27046,2735.657
27047,2735.826
27048,2735.858
27049,2735.891
27050,2736.092
27051,2736.151
27052,2736.183
27053,2736.997
27054,2737.117
27055,2737.163
27056,2737.208
27057,2737.251
27058,2737.295
27059,2737.339
27060,2737.385
27061,2737.432
27062,2737.479
27063,2737.525
27064,2737.570
27065,2737.616
27066,2737.661
27067,2737.743
27068,2738.477
27069,2738.549
27070,2738.596
27071,2739.079
27072,2739.113
27073,2739.148
27074,2739.182
27075,2739.648
27076,2739.686
27077,2739.723
27078,2739.759
27079,2739.795
27080,2739.832
27081,2740.497
27082,2740.543
27083,2740.615
27084,2741.173
27085,2741.319
27086,2741.354
27087,2741.391
27088,2741.426
27089,2741.460
27090,2741.495
27091,2741.531
27092,2741.597
27093,2741.696
27094,2742.156
27095,2742.192
27096,2742.226
27097,2742.262
27098,2742.297
27099,2742.332
27100,2742.368
27101,2742.843
27102,2742.898
27103,2742.954
27104,2743.007
27105,2743.099
27106,2743.157
27107,2743.198
27108,2743.666
27109,2743.703
27110,2743.737
27111,2743.774
27112,2743.809
27113,2744.294
27114,2744.328
27115,2744.363
27116,2745.177
27117,2745.225
27118,2745.273
27119,2745.354
27120,2745.438
27121,2746.005
27122,2746.051
27123,2746.086
27124,2746.123
27125,2746.156
27126,2746.189
27127,2746.225
27128,2746.690
27129,2746.725
27130,2746.760
27131,2746.794
27132,2746.826
27133,2746.861
27134,2746.896
27135,2747.352
27136,2747.389
27137,2747.424
27138,2747.459
27139,2747.995
27140,2748.051
27141,2748.103
27142,2748.158
27143,2748.216
27144,2748.263
27145,2749.286
27146,2749.342
27147,2749.403
27148,2749.466
27149,2749.529
27150,2750.033
27151,2750.069
27152,2750.105
27153,2750.139
27154,2751.131
27155,2751.218
27156,2751.288
27157,2751.345
27158,2751.400
27159,2751.921
27160,2751.959
27161,2751.996
27162,2752.032
27163,2752.069
27164,2752.633
27165,2752.673
27166,2752.713
27167,2752.754
27168,2752.793
27169,2753.271
27170,2753.328
27171,2753.386
27172,2753.444
27173,2753.986
27174,2754.036
27175,2754.073
27176,2754.112
27177,2754.147
27178,2754.182
27179,2754.217
27180,2754.686
27181,2754.790
27182,2754.826
27183,2754.861
27184,2754.896
27185,2754.932
27186,2755.000
27187,2755.107
27188,2755.811
27189,2755.888
27190,2755.965
27191,2756.038
27192,2756.108
27193,2756.636
27194,2756.672
27195,2756.709
27196,2756.744
27197,2757.261
27198,2757.298
27199,2757.335
27200,2757.372
27201,2757.873
27202,2757.909
27203,2757.943
27204,2757.977
27205,2758.833
27206,2758.917
27207,2758.994
27208,2759.073
27209,2759.149
27210,2759.972
27211,2760.026
27212,2760.076
27213,2760.124
27214,2760.174
27215,2760.225
27216,2760.949
27217,2760.998
27218,2761.046
27219,2761.093
27220,2761.152
27221,2761.949
27222,2762.021
27223,2762.089
27224,2762.137
27225,2762.186
27226,2762.702
27227,2762.822
27228,2762.857
27229,2762.893
27230,2762.929
27231,2762.964
27232,2763.000
27233,2763.037
27234,2763.073
27235,2763.110
27236,2763.147
27237,2763.186
27238,2763.223
27239,2763.260
27240,2763.297
27241,2763.339
27242,2763.400
27243,2763.460
27244,2763.515
27245,2763.573
27246,2763.631
27247,2763.694
27248,2763.766
27249,2763.875
27250,2764.356
27251,2764.393
27252,2764.430
27253,2764.468
27254,2764.503
27255,2764.538
27256,2764.573
27257,2765.053
27258,2765.089
27259,2765.126
27260,2765.164
27261,2765.201
27262,2765.237
27263,2765.272
27264,2766.095
27265,2766.171
27266,2766.248
27267,2766.300
27268,2766.351
27269,2766.857
27270,2766.894
27271,2766.930
27272,2766.967
27273,2767.003
27274,2767.039
27275,2767.075
27276,2767.546
27277,2767.583
27278,2767.620
27279,2767.655
27280,2767.691
27281,2767.727
27282,2767.763
27283,2768.532
27284,2768.601
27285,2768.672
27286,2768.743
27287,2768.792
27288,2769.495
27289,2769.543
27290,2769.592
27291,2769.641
27292,2769.687
27293,2770.415
27294,2770.465
27295,2770.515
27296,2770.566
27297,2770.614
27298,2771.205
27299,2771.260
27300,2771.311
27301,2771.369
27302,2771.429
27303,2771.478
27304,2771.515
27305,2772.204
27306,2772.251
27307,2772.298
27308,2772.345
27309,2772.393
27310,2773.106
27311,2773.155
27312,2773.205
27313,2773.257
27314,2773.307
27315,2774.118
27316,2774.191
27317,2774.269
27318,2774.347
27319,2775.085
27320,2775.133
27321,2775.183
27322,2775.236
27323,2775.285
27324,2775.807
27325,2775.844
27326,2775.880
27327,2775.916
27328,2775.954
27329,2775.992
27330,2776.033
27331,2776.725
27332,2776.803
27333,2776.879
27334,2776.949
27335,2777.021
27336,2777.577
27337,2777.616
27338,2777.651
27339,2777.688
27340,2777.725
27341,2777.767
27342,2777.806
27343,2778.527
27344,2778.573
27345,2778.621
27346,2778.670
27347,2778.717
27348,2779.423
27349,2779.476
27350,2779.554
27351,2779.633
27352,2779.709
27353,2780.504
27354,2780.554
27355,2780.603
27356,2780.653
27357,2780.704
27358,2781.428
27359,2781.475
27360,2781.523
27361,2781.574
27362,2781.624
27363,2782.298
27364,2782.344
27365,2782.398
27366,2783.170
27367,2783.242
27368,2783.307
27369,2783.975
27370,2784.022
27371,2784.068
27372,2784.730
27373,2784.774
27374,2784.820
27375,2785.491
27376,2785.536
27377,2785.580
27378,2786.287
27379,2786.361
27380,2786.430
27381,2787.171
27382,2787.219
27383,2787.265
27384,2787.770
27385,2787.856
27386,2787.888
27387,2787.921
27388,2787.953
27389,2787.987
27390,2788.020
27391,2788.055
27392,2788.089
27393,2788.123
27394,2788.158
27395,2788.194
27396,2788.228
27397,2788.263
27398,2788.298
27399,2788.645
27400,2788.694
27401,2788.740
27402,2789.099
27403,2789.142
27404,2789.187
27405,2789.459
27406,2789.482
27407,2789.510
27408,2789.534
27409,2789.557
27410,2789.867
27411,2789.897
27412,2789.925
27413,2790.191
27414,2790.265
27415,2790.287
27416,2790.311
27417,2790.334
27418,2790.357
27419,2790.382
27420,2790.405
27421,2790.449
27422,2790.522
27423,2790.767
27424,2790.792
27425,2790.815
27426,2790.839
27427,2790.865
27428,2790.913
27429,2791.278
27430,2791.317
27431,2791.360
27432,2791.403
27433,2791.445
27434,2791.723
27435,2791.746
27436,2791.769
27437,2791.795
27438,2791.817
27439,2791.839
27440,2792.078
27441,2792.105
27442,2792.130
27443,2792.159
27444,2792.184
27445,2792.210
27446,2792.563
27447,2792.591
27448,2792.623
27449,2792.654
27450,2792.685
27451,2792.974
27452,2792.999
27453,2793.025
27454,2793.053
27455,2793.081
27456,2793.108
27457,2793.367
27458,2793.466
27459,2793.506
27460,2793.547
27461,2793.585
27462,2793.629
27463,2793.705
27464,2793.817
27465,2794.153
27466,2794.181
27467,2794.210
27468,2794.239
27469,2794.269
27470,2794.595
27471,2794.624
27472,2794.650
27473,2794.678
27474,2794.707
27475,2795.020
27476,2795.048
27477,2795.074
27478,2795.103
27479,2795.132
27480,2795.458
27481,2795.484
27482,2795.514
27483,2795.544
27484,2795.575
27485,2795.896
27486,2796.012
27487,2796.047
27488,2796.086
27489,2796.125
27490,2796.163
27491,2796.206
27492,2796.239
27493,2796.265
27494,2796.292
27495,2796.319
27496,2796.344
27497,2796.368
27498,2796.394
27499,2796.419
27500,2796.444
27501,2796.469
27502,2796.494
27503,2796.521
27504,2796.546
27505,2796.572
27506,2796.596
27507,2796.642
27508,2796.719
27509,2796.976
27510,2797.002
27511,2797.026
27512,2797.054
27513,2797.079
27514,2797.106
27515,2797.368
27516,2797.394
27517,2797.418
27518,2797.446
27519,2797.480
27520,2797.521
27521,2797.915
27522,2797.958
27523,2797.999
27524,2798.044
27525,2798.093
27526,2798.379
27527,2798.406
27528,2798.432
27529,2798.458
27530,2798.485
27531,2798.511
27532,2798.761
27533,2798.787
27534,2798.812
27535,2798.840
27536,2798.865
27537,2798.891
27538,2799.221
27539,2799.249
27540,2799.277
27541,2799.307
27542,2799.336
27543,2799.672
27544,2799.700
27545,2799.729
27546,2799.759
27547,2799.787
27548,2800.163
27549,2800.206
27550,2800.245
27551,2800.291
27552,2800.336
27553,2800.657
27554,2800.682
27555,2800.708
27556,2800.737
27557,2800.762
27558,2800.786
27559,2801.120
27560,2801.149
27561,2801.178
27562,2801.208
27563,2801.237
27564,2801.556
27565,2801.582
27566,2801.610
27567,2801.639
27568,2801.667
27569,2801.984
27570,2802.013
27571,2802.041
27572,2802.070
27573,2802.379
27574,2802.407
27575,2802.448
27576,2802.493
27577,2802.535
27578,2802.836
27579,2802.873
27580,2802.907
27581,2802.939
27582,2802.962
27583,2802.985
27584,2803.289
27585,2803.312
27586,2803.336
27587,2803.361
27588,2803.389
27589,2803.647
27590,2803.669
27591,2803.689
27592,2803.710
27593,2803.733
27594,2803.754
27595,2804.049
27596,2804.074
27597,2804.099
27598,2804.124
27599,2804.149
27600,2804.443
27601,2804.468
27602,2804.495
27603,2804.525
27604,2804.566
27605,2804.911
27606,2804.949
27607,2804.988
27608,2805.029
27609,2805.075
27610,2805.375
27611,2805.400
27612,2805.424
27613,2805.447
27614,2805.473
27615,2805.763
27616,2805.787
27617,2805.812
27618,2806.097
27619,2806.121
27620,2806.145
27621,2806.436
27622,2806.460
27623,2806.484
27624,2806.777
27625,2806.803
27626,2806.827
27627,2807.123
27628,2807.166
27629,2807.206
27630,2807.537
27631,2807.575
27632,2807.614
27633,2807.936
27634,2807.961
27635,2807.987
27636,2808.452
27637,2808.534
27638,2808.562
27639,2808.590
27640,2808.619
27641,2808.647
27642,2808.676
27643,2808.704
27644,2808.734
27645,2808.762
27646,2808.792
27647,2808.822
27648,2808.853
27649,2808.883
27650,2808.913
27651,2809.210
27652,2809.249
27653,2809.290
27654,2809.614
27655,2809.651
27656,2809.690
27657,2809.956
27658,2809.978
27659,2810.001
27660,2810.022
27661,2810.043
27662,2810.330
27663,2810.357
27664,2810.382
27665,2810.635
27666,2810.705
27667,2810.727
27668,2810.750
27669,2810.772
27670,2810.793
27671,2810.814
27672,2810.835
27673,2810.875
27674,2810.939
27675,2811.171
27676,2811.193
27677,2811.214
27678,2811.245
27679,2811.280
27680,2811.315
27681,2811.654
27682,2811.695
27683,2811.732
27684,2811.776
27685,2811.808
27686,2812.064
27687,2812.085
27688,2812.106
27689,2812.127
27690,2812.147
27691,2812.168
27692,2812.405
27693,2812.426
27694,2812.448
27695,2812.471
27696,2812.492
27697,2812.513
27698,2812.815
27699,2812.838
27700,2812.862
27701,2812.888
27702,2812.912
27703,2813.168
27704,2813.191
27705,2813.213
27706,2813.235
27707,2813.257
27708,2813.277
27709,2813.537
27710,2813.632
27711,2813.667
27712,2813.700
27713,2813.732
27714,2813.766
27715,2813.818
27716,2813.882
27717,2814.179
27718,2814.204
27719,2814.228
27720,2814.256
27721,2814.281
27722,2814.575
27723,2814.599
27724,2814.624
27725,2814.649
27726,2814.675
27727,2814.968
27728,2814.994
27729,2815.019
27730,2815.044
27731,2815.070
27732,2815.362
27733,2815.386
27734,2815.416
27735,2815.459
27736,2815.500
27737,2815.792
27738,2815.900
27739,2815.937
27740,2815.964
27741,2815.986
27742,2816.008
27743,2816.030
27744,2816.051
27745,2816.072
27746,2816.093
27747,2816.116
27748,2816.138
27749,2816.161
27750,2816.184
27751,2816.206
27752,2816.227
27753,2816.249
27754,2816.272
27755,2816.296
27756,2816.320
27757,2816.344
27758,2816.368
27759,2816.411
27760,2816.484
27761,2816.747
27762,2816.771
27763,2816.793
27764,2816.817
27765,2816.840
27766,2816.862
27767,2817.123
27768,2817.159
27769,2817.197
27770,2817.233
27771,2817.267
27772,2817.305
27773,2817.697
27774,2817.722
27775,2817.748
27776,2817.775
27777,2817.800
27778,2818.066
27779,2818.089
27780,2818.114
27781,2818.138
27782,2818.161
27783,2818.183
27784,2818.420
27785,2818.442
27786,2818.463
27787,2818.487
27788,2818.510
27789,2818.530
27790,2818.845
27791,2818.870
27792,2818.895
27793,2818.920
27794,2818.946
27795,2819.258
27796,2819.294
27797,2819.334
27798,2819.378
27799,2819.421
27800,2819.790
27801,2819.832
27802,2819.872
27803,2819.900
27804,2819.926
27805,2820.194
27806,2820.215
27807,2820.236
27808,2820.259
27809,2820.282
27810,2820.306
27811,2820.634
27812,2820.659
27813,2820.685
27814,2820.712
27815,2820.738
27816,2821.050
27817,2821.075
27818,2821.100
27819,2821.125
27820,2821.151
27821,2821.464
27822,2821.490
27823,2821.515
27824,2821.555
27825,2821.907
27826,2821.943
27827,2821.981
27828,2822.023
27829,2822.063
27830,2822.340
27831,2822.364
27832,2822.385
27833,2822.408
27834,2822.430
27835,2822.451
27836,2822.762
27837,2822.787
27838,2822.813
27839,2822.839
27840,2822.865
27841,2823.127
27842,2823.151
27843,2823.172
27844,2823.194
27845,2823.216
27846,2823.237
27847,2823.540
27848,2823.564
27849,2823.589
27850,2823.616
27851,2823.640
27852,2823.978
27853,2824.020
27854,2824.058
27855,2824.097
27856,2824.137
27857,2824.476
27858,2824.501
27859,2824.527
27860,2824.554
27861,2824.578
27862,2824.878
27863,2824.904
27864,2824.929
27865,2824.953
27866,2824.980
27867,2825.270
27868,2825.296
27869,2825.321
27870,2825.614
27871,2825.639
27872,2825.663
27873,2825.949
27874,2825.973
27875,2825.997
27876,2826.281
27877,2826.324
27878,2826.362
27879,2826.697
27880,2826.735
27881,2826.773
27882,2827.093
27883,2827.119
27884,2827.144
27885,2827.431
27886,2827.454
27887,2827.480
27888,2827.943
27889,2828.023
27890,2828.054
27891,2828.084
27892,2828.114
27893,2828.145
27894,2828.175
27895,2828.205
27896,2828.235
27897,2828.265
27898,2828.297
27899,2828.330
27900,2828.363
27901,2828.415
27902,2828.466
27903,2828.795
27904,2828.851
27905,2828.897
27906,2829.205
27907,2829.230
27908,2829.256
27909,2829.508
27910,2829.530
27911,2829.553
27912,2829.576
27913,2829.597
27914,2829.879
27915,2829.902
27916,2829.925
27917,2830.171
27918,2830.236
27919,2830.257
27920,2830.277
27921,2830.297
27922,2830.318
27923,2830.339
27924,2830.360
27925,2830.400
27926,2830.464
27927,2830.728
27928,2830.763
27929,2830.796
27930,2830.829
27931,2830.861
27932,2830.895
27933,2831.224
27934,2831.248
27935,2831.273
27936,2831.298
27937,2831.323
27938,2831.579
27939,2831.602
27940,2831.624
27941,2831.646
27942,2831.667
27943,2831.689
27944,2831.914
27945,2831.935
27946,2831.955
27947,2831.977
27948,2831.997
27949,2832.017
27950,2832.318
27951,2832.343
27952,2832.367
27953,2832.393
27954,2832.417
27955,2832.671
27956,2832.698
27957,2832.732
27958,2832.769
27959,2832.808
27960,2832.840
27961,2833.093
27962,2833.196
27963,2833.218
27964,2833.240
27965,2833.261
27966,2833.283
27967,2833.323
27968,2833.387
27969,2833.677
27970,2833.701
27971,2833.725
27972,2833.751
27973,2833.775
27974,2834.061
27975,2834.085
27976,2834.110
27977,2834.135
27978,2834.160
27979,2834.449
27980,2834.473
27981,2834.498
27982,2834.523
27983,2834.548
27984,2834.893
27985,2834.933
27986,2834.970
27987,2835.010
27988,2835.050
27989,2835.347
27990,2835.423
27991,2835.447
27992,2835.468
27993,2835.489
27994,2835.511
27995,2835.533
27996,2835.554
27997,2835.577
27998,2835.600
27999,2835.622
28000,2835.643
28001,2835.665
28002,2835.687
28003,2835.708
28004,2835.729
28005,2835.750
28006,2835.772
28007,2835.794
28008,2835.816
28009,2835.839
28010,2835.862
28011,2835.905
28012,2835.972
28013,2836.209
28014,2836.231
28015,2836.253
28016,2836.280
28017,2836.314
28018,2836.349
28019,2836.625
28020,2836.658
28021,2836.692
28022,2836.727
28023,2836.764
28024,2836.794
28025,2837.103
28026,2837.127
28027,2837.151
28028,2837.175
28029,2837.201
28030,2837.466
28031,2837.488
28032,2837.510
28033,2837.535
28034,2837.559
28035,2837.581
28036,2837.812
28037,2837.833
28038,2837.854
28039,2837.877
28040,2837.898
28041,2837.919
28042,2838.222
28043,2838.248
28044,2838.274
28045,2838.300
28046,2838.324
28047,2838.687
28048,2838.724
28049,2838.762
28050,2838.804
28051,2838.846
28052,2839.222
28053,2839.249
28054,2839.275
28055,2839.302
28056,2839.329
28057,2839.610
28058,2839.637
28059,2839.661
28060,2839.686
28061,2839.709
28062,2839.734
28063,2840.064
28064,2840.090
28065,2840.116
28066,2840.143
28067,2840.169
28068,2840.469
28069,2840.494
28070,2840.520
28071,2840.545
28072,2840.570
28073,2840.901
28074,2840.944
28075,2840.983
28076,2841.020
28077,2841.360
28078,2841.401
28079,2841.432
28080,2841.460
28081,2841.485
28082,2841.745
28083,2841.768
28084,2841.789
28085,2841.813
28086,2841.835
28087,2841.858
28088,2842.162
28089,2842.188
28090,2842.213
28091,2842.238
28092,2842.263
28093,2842.524
28094,2842.548
28095,2842.569
28096,2842.590
28097,2842.613
28098,2842.636
28099,2842.939
28100,2842.965
28101,2843.008
28102,2843.051
28103,2843.095
28104,2843.434
28105,2843.472
28106,2843.513
28107,2843.550
28108,2843.576
28109,2843.869
28110,2843.893
28111,2843.916
28112,2843.941
28113,2843.966
28114,2844.261
28115,2844.285
28116,2844.309
28117,2844.334
28118,2844.359
28119,2844.654
28120,2844.679
28121,2844.705
28122,2845.002
28123,2845.028
28124,2845.053
28125,2845.346
28126,2845.370
28127,2845.414
28128,2845.760
28129,2845.798
28130,2845.835
28131,2846.188
28132,2846.214
28133,2846.237
28134,2846.525
28135,2846.548
28136,2846.571
28137,2846.862
28138,2846.887
28139,2846.911
28140,2847.493
28141,2847.581
28142,2847.616
28143,2847.652
28144,2847.687
28145,2847.722
28146,2847.758
28147,2847.805
28148,2847.863
28149,2847.922
28150,2847.976
28151,2848.033
28152,2848.094
28153,2848.135
28154,2848.175
28155,2848.681
28156,2848.718
28157,2848.756
28158,2849.107
28159,2849.135
28160,2849.161
28161,2849.187
28162,2849.516
28163,2849.544
28164,2849.575
28165,2849.601
28166,2849.627
28167,2849.655
28168,2850.208
28169,2850.270
28170,2850.326
28171,2850.746
28172,2850.831
28173,2850.859
28174,2850.887
28175,2850.915
28176,2850.943
28177,2850.970
28178,2850.997
28179,2851.043
28180,2851.117
28181,2851.452
28182,2851.478
28183,2851.506
28184,2851.535
28185,2851.565
28186,2851.593
28187,2851.623
28188,2852.148
28189,2852.189
28190,2852.252
28191,2852.314
28192,2852.373
28193,2852.807
28194,2852.840
28195,2852.871
28196,2852.903
28197,2852.932
28198,2852.960
28199,2852.987
28200,2853.335
28201,2853.363
28202,2853.391
28203,2853.421
28204,2853.451
28205,2853.480
28206,2853.511
28207,2854.086
28208,2854.124
28209,2854.161
28210,2854.202
28211,2854.243
28212,2854.658
28213,2854.704
28214,2854.746
28215,2854.790
28216,2854.835
28217,2854.884
28218,2854.918
28219,2855.270
28220,2855.348
28221,2855.376
28222,2855.404
28223,2855.432
28224,2855.459
28225,2855.505
28226,2855.582
28227,2856.129
28228,2856.167
28229,2856.206
28230,2856.246
28231,2856.285
28232,2856.663
28233,2856.710
28234,2856.758
28235,2856.801
28236,2857.177
28237,2857.225
28238,2857.604
28239,2857.631
28240,2857.658
28241,2857.685
28242,2857.713
28243,2858.092
28244,2858.119
28245,2858.146
28246,2858.669
28247,2858.706
28248,2858.743
28249,2858.783
28250,2858.831
28251,2859.375
28252,2859.436
28253,2859.496
28254,2859.554
28255,2859.610
28256,2860.011
28257,2860.094
28258,2860.122
28259,2860.148
28260,2860.176
28261,2860.205
28262,2860.235
28263,2860.264
28264,2860.291
28265,2860.317
28266,2860.344
28267,2860.372
28268,2860.399
28269,2860.427
28270,2860.455
28271,2860.483
28272,2860.511
28273,2860.539
28274,2860.567
28275,2860.595
28276,2860.624
28277,2860.652
28278,2860.700
28279,2860.808
28280,2861.196
28281,2861.237
28282,2861.280
28283,2861.331
28284,2861.363
28285,2861.394
28286,2861.423
28287,2861.756
28288,2861.783
28289,2861.810
28290,2861.840
28291,2861.869
28292,2861.897
28293,2861.923
28294,2862.493
28295,2862.533
28296,2862.590
28297,2862.635
28298,2862.676
28299,2863.060
28300,2863.103
28301,2863.150
28302,2863.204
28303,2863.252
28304,2863.296
28305,2863.338
28306,2863.709
28307,2863.737
28308,2863.767
28309,2863.794
28310,2863.824
28311,2863.854
28312,2863.883
28313,2864.450
28314,2864.487
28315,2864.525
28316,2864.567
28317,2864.606
28318,2865.203
28319,2865.242
28320,2865.278
28321,2865.315
28322,2865.379
28323,2866.056
28324,2866.119
28325,2866.164
28326,2866.207
28327,2866.246
28328,2866.614
28329,2866.642
28330,2866.668
28331,2866.696
28332,2866.724
28333,2866.752
28334,2866.780
28335,2867.320
28336,2867.359
28337,2867.395
28338,2867.433
28339,2867.469
28340,2868.028
28341,2868.089
28342,2868.144
28343,2868.202
28344,2868.264
28345,2868.830
28346,2868.871
28347,2868.910
28348,2868.950
28349,2869.497
28350,2869.534
28351,2869.571
28352,2869.612
28353,2869.653
28354,2870.018
28355,2870.045
28356,2870.072
28357,2870.100
28358,2870.127
28359,2870.170
28360,2870.213
28361,2870.830
28362,2870.889
28363,2870.932
28364,2870.972
28365,2871.011
28366,2871.379
28367,2871.406
28368,2871.437
28369,2871.463
28370,2871.491
28371,2871.518
28372,2871.546
28373,2872.104
28374,2872.142
28375,2872.178
28376,2872.217
28377,2872.254
28378,2872.795
28379,2872.859
28380,2872.917
28381,2872.978
28382,2873.037
28383,2873.591
28384,2873.627
28385,2873.663
28386,2873.700
28387,2873.740
28388,2874.282
28389,2874.320
28390,2874.356
28391,2874.396
28392,2874.432
28393,2874.957
28394,2874.994
28395,2875.030
28396,2875.614
28397,2875.671
28398,2875.727
28399,2876.276
28400,2876.315
28401,2876.350
28402,2876.858
28403,2876.895
28404,2876.931
28405,2877.457
28406,2877.498
28407,2877.536
28408,2878.053
28409,2878.090
28410,2878.127
28411,2878.704
28412,2878.760
28413,2878.816
28414,2879.004
28415,2879.030
28416,2879.192
28417,2879.210
28418,2879.229
28419,2879.242
28420,2879.253
28421,2879.377
28422,2879.403
28423,2879.446
28424,2879.524
28425,2879.541
28426,2879.694
28427,2879.874
28428,2879.886
28429,2879.897
28430,2879.908
28431,2879.919
28432,2879.931
28433,2879.963
28434,2880.166
28435,2880.179
28436,2880.190
28437,2880.203
28438,2880.329
28439,2880.346
28440,2880.364
28441,2880.381
28442,2880.399
28443,2880.417
28444,2880.431
28445,2880.450
28446,2880.487
28447,2880.507
28448,2880.528
28449,2880.548
28450,2880.570
28451,2880.590
28452,2880.619
28453,2880.864
28454,2880.884
28455,2880.903
28456,2880.922
28457,2881.093
28458,2881.105
28459,2881.117
28460,2881.129
28461,2881.141
28462,2881.152
28463,2881.164
28464,2881.181
28465,2881.200
28466,2881.214
28467,2881.226
28468,2881.238
28469,2881.250
28470,2881.269
28471,2881.289
28472,2881.308
28473,2881.327
28474,2881.346
28475,2881.365
28476,2881.380
28477,2881.398
28478,2881.416
28479,2881.429
28480,2881.442
28481,2881.454
28482,2881.466
28483,2881.477
28484,2881.496
28485,2881.717
28486,2881.731
28487,2881.744
28488,2881.757
28489,2881.904
28490,2881.917
28491,2881.930
28492,2881.943
28493,2881.956
28494,2881.969
28495,2881.983
28496,2882.000
28497,2882.018
28498,2882.031
28499,2882.043
28500,2882.055
28501,2882.067
28502,2882.085
28503,2882.102
28504,2882.128
28505,2882.156
28506,2882.185
28507,2882.215
28508,2882.238
28509,2882.266
28510,2882.294
28511,2882.312
28512,2882.332
28513,2882.351
28514,2882.371
28515,2882.388
28516,2882.419
28517,2882.662
28518,2882.676
28519,2882.689
28520,2882.702
28521,2882.851
28522,2882.864
28523,2882.877
28524,2882.889
28525,2882.901
28526,2882.912
28527,2882.926
28528,2882.944
28529,2882.962
28530,2882.976
28531,2882.989
28532,2883.002
28533,2883.015
28534,2883.034
28535,2883.052
28536,2883.070
28537,2883.087
28538,2883.106
28539,2883.125
28540,2883.137
28541,2883.159
28542,2883.177
28543,2883.190
28544,2883.205
28545,2883.218
28546,2883.232
28547,2883.244
28548,2883.264
28549,2883.484
28550,2883.497
28551,2883.512
28552,2883.526
28553,2883.672
28554,2883.685
28555,2883.697
28556,2883.709
28557,2883.720
28558,2883.731
28559,2883.743
28560,2883.763
28561,2883.795
28562,2883.816
28563,2883.836
28564,2883.856
28565,2883.876
28566,2884.139
28567,2884.174
28568,2884.423
28569,2884.461
28570,2884.596
28571,2884.739
28572,2884.792
28573,2884.806
28574,2884.818
28575,2884.831
28576,2884.843
28577,2884.856
28578,2884.870
28579,2884.883
28580,2885.051
28581,2885.065
28582,2885.078
28583,2885.244
28584,2885.257
28585,2885.269
28586,2885.410
28587,2885.423
28588,2885.435
28589,2885.586
28590,2885.605
28591,2885.624
28592,2885.663
28593,2885.683
28594,2885.702
28595,2885.745
28596,2885.764
28597,2885.785
28598,2885.820
28599,2885.839
28600,2885.857
28601,2886.638
28602,2886.689
28603,2887.059
28604,2887.826
28605,2887.859
28606,2888.231
28607,2888.492
28608,2888.515
28609,2888.664
28610,2888.683
28611,2888.701
28612,2888.719
28613,2889.062
28614,2889.091
28615,2889.275
28616,2889.307
28617,2889.339
28618,2889.487
28619,2889.516
28620,2889.665
28621,2889.695
28622,2891.298
28623,2891.352
28624,2891.406
28625,2892.161
28626,2892.356
28627,2892.411
28628,2892.571
28629,2892.766
28630,2892.780
28631,2892.793
28632,2892.805
28633,2892.818
28634,2892.831
28635,2892.843
28636,2892.855
28637,2892.867
28638,2892.880
28639,2892.893
28640,2892.926
28641,2893.132
28642,2893.145
28643,2893.157
28644,2893.170
28645,2893.329
28646,2893.342
28647,2893.355
28648,2893.569
28649,2893.582
28650,2893.595
28651,2893.745
28652,2893.764
28653,2893.778
28654,2893.791
28655,2893.816
28656,2893.835
28657,2893.854
28658,2893.866
28659,2893.885
28660,2893.904
28661,2893.947
28662,2893.965
28663,2893.983
28664,2894.171
28665,2894.189
28666,2894.211
28667,2894.402
28668,2894.431
28669,2894.458
28670,2894.518
28671,2894.538
28672,2894.557
28673,2894.577
28674,2894.596
28675,2894.615
28676,2894.636
28677,2894.795
28678,2894.998
28679,2895.012
28680,2895.025
28681,2895.038
28682,2895.228
28683,2895.241
28684,2895.254
28685,2895.423
28686,2895.442
28687,2895.455
28688,2895.468
28689,2895.503
28690,2895.521
28691,2895.534
28692,2895.546
28693,2895.579
28694,2895.596
28695,2895.616
28696,2895.660
28697,2895.674
28698,2895.687
28699,2895.700
28700,2895.712
28701,2895.725
28702,2895.738
28703,2895.750
28704,2895.765
28705,2895.921
28706,2896.141
28707,2896.155
28708,2896.167
28709,2896.179
28710,2896.399
28711,2896.421
28712,2896.441
28713,2896.611
28714,2896.639
28715,2896.669
28716,2896.721
28717,2896.750
28718,2896.770
28719,2896.793
28720,2896.835
28721,2896.856
28722,2896.869
28723,2896.883
28724,2896.907
28725,2896.925
28726,2896.944
28727,2896.977
28728,2896.997
28729,2897.016
28730,2897.073
28731,2897.094
28732,2897.108
28733,2897.122
28734,2897.135
28735,2897.148
28736,2897.161
28737,2897.175
28738,2897.187
28739,2897.200
28740,2897.213
28741,2897.225
28742,2897.237
28743,2897.250
28744,2897.262
28745,2897.275
28746,2897.287
28747,2897.301
28748,2897.447
28749,2897.667
28750,2897.681
28751,2897.694
28752,2897.707
28753,2897.899
28754,2897.912
28755,2897.925
28756,2898.086
28757,2898.119
28758,2898.138
28759,2898.158
28760,2898.424
28761,2898.443
28762,2898.463
28763,2898.640
28764,2898.669
28765,2898.691
28766,2898.714
28767,2898.727
28768,2898.748
28769,2898.767
28770,2898.782
28771,2898.802
28772,2898.820
28773,2898.855
28774,2898.874
28775,2898.893
28776,2898.907
28777,2898.925
28778,2898.944
28779,2898.983
28780,2899.003
28781,2899.016
28782,2899.029
28783,2899.043
28784,2899.061
28785,2899.080
28786,2899.094
28787,2899.112
28788,2899.131
28789,2899.165
28790,2899.183
28791,2899.202
28792,2899.238
28793,2899.256
28794,2899.273
28795,2899.308
28796,2899.324
28797,2899.342
28798,2899.492
28799,2899.511
28800,2899.530
28801,2899.548
28802,2899.566
28803,2899.583
28804,2899.617
28805,2899.649
28806,2899.682
28807,2899.715
28808,2899.746
28809,2899.774
28810,2899.804
28811,2899.833
28812,2899.863
28813,2899.893
28814,2899.923
28815,2899.940
28816,2899.958
28817,2899.976
28818,2900.117
