n,seconds
1,0.000
2,0.018
3,0.025
4,0.030
5,0.047
6,0.050
7,0.063
8,0.070
9,0.072
10,0.171
11,0.173
12,0.241
13,0.270
14,0.271
15,0.273
16,0.293
17,0.295
18,0.296
19,0.298
20,0.300
21,0.303
22,0.309
23,0.311
24,0.325
25,0.327
26,0.337
27,0.342
28,0.344
29,0.428
30,0.430
31,0.499
32,0.528
33,0.530
34,0.532
35,0.551
36,0.553
37,0.554
38,0.556
39,0.558
40,0.561
41,0.567
42,0.569
43,0.584
44,0.585
45,0.596
46,0.601
47,0.602
48,0.693
49,0.696
50,0.768
51,0.795
52,0.797
53,0.798
54,0.817
55,0.818
56,0.820
57,0.822
58,0.823
59,0.827
60,0.835
61,0.837
62,0.852
63,0.854
64,0.864
65,0.869
66,0.870
67,0.962
68,0.964
69,1.037
70,1.064
71,1.066
72,1.067
73,1.085
74,1.087
75,1.089
76,1.090
77,1.092
78,1.095
79,1.102
80,1.104
81,1.119
82,1.120
83,1.130
84,1.135
85,1.137
86,1.229
87,1.231
88,1.312
89,1.347
90,1.349
91,1.351
92,1.375
93,1.377
94,1.379
95,1.381
96,1.383
97,1.387
98,1.395
99,1.397
100,1.419
101,1.421
102,1.435
103,1.442
104,1.444
105,1.574
106,1.577
107,1.684
108,1.719
109,1.721
110,1.723
111,1.748
112,1.750
113,1.753
114,1.755
115,1.758
116,1.764
117,1.773
118,1.775
119,1.791
120,1.794
121,1.805
122,1.810
123,1.812
124,1.914
125,1.916
126,2.000
127,2.031
128,2.032
129,2.034
130,2.054
131,2.056
132,2.057
133,2.059
134,2.061
135,2.064
136,2.070
137,2.072
138,2.090
139,2.092
140,2.103
141,2.108
142,2.110
143,2.209
144,2.211
145,2.295
146,2.322
147,2.323
148,2.325
149,2.343
150,2.345
151,2.347
152,2.349
153,2.351
154,2.356
155,2.363
156,2.365
157,2.378
158,2.380
159,2.391
160,2.396
161,2.398
162,2.496
163,2.498
164,2.582
165,2.613
166,2.615
167,2.616
168,2.636
169,2.638
170,2.640
171,2.642
172,2.643
173,2.646
174,2.652
175,2.654
176,2.670
177,2.672
178,2.682
179,2.687
180,2.689
181,2.797
182,2.799
183,2.888
184,2.915
185,2.917
186,2.919
187,2.939
188,2.941
189,2.943
190,2.945
191,2.946
192,2.950
193,2.956
194,2.957
195,2.975
196,2.976
197,2.988
198,2.994
199,2.996
200,3.115
201,3.117
202,3.229
203,3.265
204,3.268
205,3.270
206,3.295
207,3.297
208,3.299
209,3.302
210,3.304
211,3.308
212,3.317
213,3.319
214,3.343
215,3.345
216,3.360
217,3.368
218,3.370
219,3.513
220,3.515
221,3.625
222,3.657
223,3.659
224,3.662
225,3.695
226,3.695
227,3.695
228,3.697
229,3.699
230,3.702
231,3.709
232,3.711
233,3.730
234,3.732
235,3.744
236,3.750
237,3.751
238,3.877
239,3.879
240,3.986
241,4.015
242,4.017
243,4.020
244,4.044
245,4.046
246,4.048
247,4.050
248,4.052
249,4.055
250,4.061
251,4.063
252,4.084
253,4.086
254,4.098
255,4.103
256,4.105
257,4.109
258,4.115
259,4.117
260,4.262
261,4.267
262,4.271
263,4.273
264,4.385
265,4.513
266,4.516
267,4.518
268,4.520
269,4.613
270,4.649
271,4.651
272,4.653
273,4.679
274,4.681
275,4.682
276,4.684
277,4.686
278,4.688
279,4.718
280,4.720
281,4.722
282,4.731
283,4.736
284,4.738
285,4.755
286,4.757
287,4.767
288,4.772
289,4.774
290,4.879
291,4.881
292,5.002
293,5.047
294,5.051
295,5.054
296,5.088
297,5.090
298,5.093
299,5.095
300,5.098
301,5.100
302,5.141
303,5.143
304,5.145
305,5.154
306,5.161
307,5.163
308,5.183
309,5.186
310,5.201
311,5.208
312,5.210
313,5.355
314,5.358
315,5.477
316,5.517
317,5.519
318,5.521
319,5.549
320,5.551
321,5.553
322,5.554
323,5.556
324,5.558
325,5.591
326,5.593
327,5.595
328,5.602
329,5.608
330,5.610
331,5.627
332,5.629
333,5.644
334,5.650
335,5.652
336,5.777
337,5.779
338,5.892
339,5.929
340,5.931
341,5.933
342,5.961
343,5.962
344,5.964
345,5.966
346,5.968
347,5.970
348,6.001
349,6.003
350,6.005
351,6.012
352,6.018
353,6.019
354,6.105
355,6.108
356,6.181
357,6.195
358,6.201
359,6.203
360,6.333
361,6.337
362,6.340
363,6.442
364,6.568
365,6.572
366,6.574
367,6.677
368,6.808
369,6.813
370,6.816
371,6.943
372,6.960
373,6.967
374,6.969
375,6.994
376,6.996
377,7.038
378,7.040
379,7.042
380,7.077
381,7.079
382,7.081
383,7.084
384,7.086
385,7.088
386,7.091
387,7.131
388,7.134
389,7.136
390,7.146
391,7.154
392,7.156
393,7.264
394,7.267
395,7.338
396,7.350
397,7.355
398,7.357
399,7.376
400,7.378
401,7.389
402,7.394
403,7.396
404,7.416
405,7.418
406,7.429
407,7.434
408,7.435
409,7.456
410,7.456
411,7.466
412,7.471
413,7.473
414,7.493
415,7.494
416,7.514
417,7.516
418,7.518
419,7.521
420,7.523
421,7.525
422,7.527
423,7.530
424,7.532
425,7.535
426,7.537
427,7.540
428,7.543
429,7.545
430,7.556
431,7.591
432,7.594
433,7.598
434,7.601
435,7.634
436,7.638
437,7.643
438,7.648
439,7.671
440,7.674
441,7.677
442,7.680
443,7.707
444,7.711
445,7.715
446,7.719
447,7.752
448,7.757
449,7.762
450,7.766
451,7.796
452,7.799
453,7.803
454,7.806
455,7.836
456,7.840
457,7.844
458,7.847
459,7.876
460,7.880
461,7.884
462,7.887
463,7.905
464,7.920
465,7.922
466,7.929
467,7.944
468,7.970
469,7.974
470,7.977
471,7.980
472,7.990
473,7.993
474,7.996
475,8.000
476,8.025
477,8.030
478,8.034
479,8.037
480,8.063
481,8.066
482,8.070
483,8.073
484,8.095
485,8.098
486,8.100
487,8.102
488,8.105
489,8.108
490,8.110
491,8.113
492,8.115
493,8.118
494,8.121
495,8.124
496,8.127
497,8.129
498,8.142
499,8.181
500,8.184
501,8.188
502,8.191
503,8.228
504,8.232
505,8.237
506,8.242
507,8.266
508,8.270
509,8.273
510,8.276
511,8.304
512,8.308
513,8.312
514,8.315
515,8.347
516,8.351
517,8.356
518,8.360
519,8.384
520,8.387
521,8.390
522,8.394
523,8.433
524,8.437
525,8.442
526,8.446
527,8.483
528,8.486
529,8.491
530,8.495
531,8.517
532,8.534
533,8.537
534,8.546
535,8.563
536,8.596
537,8.600
538,8.603
539,8.606
540,8.617
541,8.621
542,8.624
543,8.627
544,8.657
545,8.661
546,8.696
547,8.701
548,8.741
549,8.746
550,8.751
551,8.755
552,8.809
553,8.858
554,8.860
555,8.863
556,8.866
557,8.870
558,8.873
559,8.876
560,8.880
561,8.883
562,8.887
563,8.891
564,8.895
565,8.899
566,8.904
567,8.945
568,8.947
569,8.950
570,9.009
571,9.009
572,9.009
573,9.037
574,9.040
575,9.043
576,9.069
577,9.071
578,9.074
579,9.103
580,9.107
581,9.110
582,9.138
583,9.141
584,9.144
585,9.174
586,9.212
587,9.214
588,9.216
589,9.218
590,9.221
591,9.223
592,9.225
593,9.227
594,9.229
595,9.231
596,9.233
597,9.235
598,9.237
599,9.240
600,9.242
601,9.245
602,9.247
603,9.250
604,9.252
605,9.255
606,9.257
607,9.276
608,9.313
609,9.349
610,9.352
611,9.355
612,9.358
613,9.388
614,9.391
615,9.394
616,9.397
617,9.425
618,9.428
619,9.431
620,9.434
621,9.460
622,9.463
623,9.466
624,9.468
625,9.495
626,9.497
627,9.500
628,9.502
629,9.528
630,9.531
631,9.534
632,9.536
633,9.563
634,9.566
635,9.569
636,9.572
637,9.600
638,9.603
639,9.606
640,9.609
641,9.637
642,9.639
643,9.642
644,9.645
645,9.672
646,9.675
647,9.678
648,9.680
649,9.707
650,9.710
651,9.714
652,9.717
653,9.745
654,9.749
655,9.753
656,9.756
657,9.786
658,9.789
659,9.792
660,9.795
661,9.825
662,9.828
663,9.832
664,9.835
665,9.864
666,9.867
667,9.870
668,9.873
669,9.901
670,9.904
671,9.907
672,9.910
673,9.937
674,9.940
675,9.943
676,9.946
677,9.973
678,9.976
679,9.979
680,9.981
681,10.008
682,10.011
683,10.014
684,10.016
685,10.042
686,10.045
687,10.047
688,10.050
689,10.076
690,10.078
691,10.081
692,10.103
693,10.106
694,10.108
695,10.132
696,10.136
697,10.139
698,10.174
699,10.178
700,10.180
701,10.213
702,10.217
703,10.220
704,10.253
705,10.257
706,10.259
707,10.292
708,10.296
709,10.299
710,10.341
711,10.393
712,10.397
713,10.400
714,10.403
715,10.407
716,10.410
717,10.414
718,10.417
719,10.421
720,10.425
721,10.429
722,10.433
723,10.437
724,10.441
725,10.497
726,10.501
727,10.504
728,10.597
729,10.605
730,10.610
731,10.653
732,10.656
733,10.659
734,10.705
735,10.708
736,10.711
737,10.763
738,10.768
739,10.772
740,10.820
741,10.824
742,10.828
743,10.861
744,10.902
745,10.905
746,10.907
747,10.909
748,10.911
749,10.913
750,10.915
751,10.918
752,10.920
753,10.923
754,10.925
755,10.928
756,10.931
757,10.934
758,10.937
759,10.940
760,10.942
761,10.945
762,10.948
763,10.950
764,10.953
765,10.972
766,11.009
767,11.050
768,11.053
769,11.057
770,11.060
771,11.094
772,11.098
773,11.102
774,11.148
775,11.215
776,11.221
777,11.226
778,11.231
779,11.286
780,11.291
781,11.297
782,11.301
783,11.347
784,11.370
785,11.370
786,11.374
787,11.422
788,11.426
789,11.431
790,11.435
791,11.477
792,11.480
793,11.484
794,11.488
795,11.538
796,11.542
797,11.546
798,11.551
799,11.595
800,11.599
801,11.603
802,11.607
803,11.652
804,11.655
805,11.660
806,11.663
807,11.710
808,11.714
809,11.719
810,11.723
811,11.767
812,11.773
813,11.778
814,11.782
815,11.827
816,11.830
817,11.834
818,11.837
819,11.883
820,11.888
821,11.893
822,11.897
823,11.953
824,11.957
825,11.962
826,11.966
827,12.027
828,12.030
829,12.035
830,12.039
831,12.096
832,12.100
833,12.104
834,12.109
835,12.170
836,12.175
837,12.180
838,12.185
839,12.241
840,12.245
841,12.249
842,12.253
843,12.300
844,12.305
845,12.310
846,12.315
847,12.365
848,12.368
849,12.371
850,12.418
851,12.421
852,12.425
853,12.465
854,12.469
855,12.473
856,12.513
857,12.516
858,12.519
859,12.566
860,12.569
861,12.573
862,12.616
863,12.620
864,12.624
865,12.666
866,12.670
867,12.673
868,12.705
869,12.746
870,12.748
871,12.751
872,12.754
873,12.757
874,12.759
875,12.762
876,12.765
877,12.769
878,12.773
879,12.776
880,12.780
881,12.783
882,12.786
883,12.830
884,12.833
885,12.836
886,12.865
887,12.902
888,12.904
889,12.947
890,12.951
891,12.954
892,12.997
893,13.001
894,13.004
895,13.053
896,13.058
897,13.063
898,13.113
899,13.117
900,13.121
901,13.155
902,13.199
903,13.201
904,13.204
905,13.206
906,13.208
907,13.210
908,13.212
909,13.215
910,13.217
911,13.220
912,13.222
913,13.225
914,13.228
915,13.230
916,13.233
917,13.236
918,13.239
919,13.241
920,13.244
921,13.247
922,13.250
923,13.272
924,13.313
925,13.358
926,13.361
927,13.365
928,13.368
929,13.407
930,13.410
931,13.414
932,13.417
933,13.455
934,13.458
935,13.462
936,13.466
937,13.523
938,13.527
939,13.531
940,13.535
941,13.587
942,13.592
943,13.596
944,13.600
945,13.661
946,13.665
947,13.670
948,13.675
949,13.723
950,13.727
951,13.732
952,13.736
953,13.803
954,13.808
955,13.813
956,13.817
957,13.878
958,13.883
959,13.887
960,13.891
961,13.951
962,13.956
963,13.959
964,13.963
965,14.014
966,14.018
967,14.022
968,14.026
969,14.072
970,14.078
971,14.082
972,14.086
973,14.133
974,14.136
975,14.140
976,14.143
977,14.189
978,14.192
979,14.196
980,14.199
981,14.241
982,14.244
983,14.248
984,14.252
985,14.296
986,14.299
987,14.303
988,14.306
989,14.351
990,14.354
991,14.358
992,14.361
993,14.405
994,14.408
995,14.412
996,14.416
997,14.463
998,14.466
999,14.470
1000,14.474
1001,14.513
1002,14.516
1003,14.520
1004,14.524
1005,14.569
1006,14.573
1007,14.576
1008,14.620
1009,14.623
1010,14.627
1011,14.670
1012,14.674
1013,14.677
1014,14.720
1015,14.724
1016,14.727
1017,14.779
1018,14.783
1019,14.787
1020,14.836
1021,14.842
1022,14.845
1023,14.899
1024,14.903
1025,14.907
1026,14.943
1027,14.984
1028,14.987
1029,14.990
1030,14.993
1031,14.995
1032,14.998
1033,15.001
1034,15.004
1035,15.006
1036,15.009
1037,15.012
1038,15.015
1039,15.019
1040,15.022
1041,15.060
1042,15.063
1043,15.065
1044,15.174
1045,15.183
1046,15.190
1047,15.244
1048,15.249
1049,15.252
1050,15.304
1051,15.308
1052,15.312
1053,15.376
1054,15.382
1055,15.387
1056,15.455
1057,15.461
1058,15.465
1059,15.510
1060,15.557
1061,15.559
1062,15.561
1063,15.563
1064,15.566
1065,15.568
1066,15.570
1067,15.573
1068,15.575
1069,15.578
1070,15.580
1071,15.583
1072,15.586
1073,15.588
1074,15.591
1075,15.594
1076,15.597
1077,15.599
1078,15.602
1079,15.605
1080,15.608
1081,15.631
1082,15.670
1083,15.714
1084,15.718
1085,15.721
1086,15.725
1087,15.762
1088,15.765
1089,15.769
1090,15.772
1091,15.816
1092,15.820
1093,15.824
1094,15.827
1095,15.868
1096,15.872
1097,15.876
1098,15.879
1099,15.917
1100,15.920
1101,15.924
1102,15.927
1103,15.972
1104,15.976
1105,15.980
1106,15.984
1107,16.020
1108,16.023
1109,16.027
1110,16.031
1111,16.079
1112,16.082
1113,16.086
1114,16.090
1115,16.130
1116,16.133
1117,16.137
1118,16.140
1119,16.182
1120,16.186
1121,16.189
1122,16.193
1123,16.240
1124,16.243
1125,16.247
1126,16.251
1127,16.292
1128,16.296
1129,16.301
1130,16.305
1131,16.352
1132,16.356
1133,16.360
1134,16.363
1135,16.409
1136,16.412
1137,16.416
1138,16.419
1139,16.463
1140,16.466
1141,16.469
1142,16.473
1143,16.515
1144,16.518
1145,16.522
1146,16.525
1147,16.569
1148,16.572
1149,16.575
1150,16.579
1151,16.617
1152,16.620
1153,16.623
1154,16.626
1155,16.684
1156,16.687
1157,16.692
1158,16.696
1159,16.743
1160,16.747
1161,16.751
1162,16.756
1163,16.810
1164,16.814
1165,16.818
1166,16.871
1167,16.875
1168,16.879
1169,16.935
1170,16.938
1171,16.942
1172,16.994
1173,16.998
1174,17.001
1175,17.060
1176,17.064
1177,17.067
1178,17.112
1179,17.115
1180,17.119
1181,17.164
1182,17.167
1183,17.170
1184,17.183
1185,17.187
1186,17.188
1187,17.217
1188,17.291
1189,17.337
1190,17.366
1191,17.413
1192,17.415
1193,17.417
1194,17.445
1195,17.493
1196,17.495
1197,17.535
1198,17.537
1199,17.540
1200,17.542
1201,17.545
1202,17.548
1203,17.583
1204,17.632
1205,17.634
1206,17.636
1207,17.638
1208,17.640
1209,17.648
1210,17.649
1211,17.678
1212,17.751
1213,17.798
1214,17.815
1215,17.818
1216,17.820
1217,17.823
1218,17.825
1219,17.828
1220,17.863
1221,17.913
1222,17.915
1223,17.944
1224,17.990
1225,17.992
1226,17.994
1227,17.996
1228,17.998
1229,18.002
1230,18.022
1231,18.025
1232,18.028
1233,18.032
1234,18.035
1235,18.069
1236,18.118
1237,18.121
1238,18.122
1239,18.124
1240,18.145
1241,18.148
1242,18.152
1243,18.156
1244,18.198
1245,18.264
1246,18.267
1247,18.269
1248,18.272
1249,18.319
1250,18.388
1251,18.391
1252,18.394
1253,18.397
1254,18.401
1255,18.404
1256,18.407
1257,18.410
1258,18.413
1259,18.417
1260,18.421
1261,18.424
1262,18.428
1263,18.431
1264,18.504
1265,18.509
1266,18.512
1267,18.568
1268,18.571
1269,18.575
1270,18.631
1271,18.636
1272,18.640
1273,18.703
1274,18.707
1275,18.711
1276,18.774
1277,18.779
1278,18.783
1279,18.841
1280,18.847
1281,18.851
1282,18.893
1283,18.948
1284,18.951
1285,18.953
1286,18.956
1287,18.958
1288,18.961
1289,18.963
1290,18.966
1291,18.968
1292,18.970
1293,18.973
1294,18.975
1295,18.978
1296,18.981
1297,18.984
1298,18.987
1299,18.989
1300,18.992
1301,18.995
1302,18.998
1303,19.000
1304,19.027
1305,19.076
1306,19.128
1307,19.132
1308,19.136
1309,19.139
1310,19.184
1311,19.188
1312,19.192
1313,19.195
1314,19.252
1315,19.256
1316,19.261
1317,19.264
1318,19.318
1319,19.322
1320,19.325
1321,19.329
1322,19.375
1323,19.379
1324,19.382
1325,19.386
1326,19.438
1327,19.442
1328,19.445
1329,19.449
1330,19.496
1331,19.499
1332,19.503
1333,19.507
1334,19.565
1335,19.569
1336,19.573
1337,19.577
1338,19.627
1339,19.630
1340,19.634
1341,19.638
1342,19.687
1343,19.690
1344,19.694
1345,19.697
1346,19.752
1347,19.756
1348,19.760
1349,19.763
1350,19.806
1351,19.810
1352,19.815
1353,19.820
1354,19.892
1355,19.896
1356,19.901
1357,19.905
1358,19.979
1359,19.983
1360,19.988
1361,19.992
1362,20.059
1363,20.063
1364,20.068
1365,20.072
1366,20.142
1367,20.146
1368,20.151
1369,20.155
1370,20.226
1371,20.231
1372,20.235
1373,20.239
1374,20.310
1375,20.314
1376,20.319
1377,20.323
1378,20.379
1379,20.383
1380,20.387
1381,20.390
1382,20.436
1383,20.439
1384,20.443
1385,20.447
1386,20.502
1387,20.506
1388,20.509
1389,20.563
1390,20.568
1391,20.571
1392,20.623
1393,20.626
1394,20.630
1395,20.676
1396,20.680
1397,20.683
1398,20.734
1399,20.737
1400,20.741
1401,20.790
1402,20.793
1403,20.797
1404,20.846
1405,20.849
1406,20.853
1407,20.866
1408,20.872
1409,20.873
1410,21.012
1411,21.015
1412,21.143
1413,21.181
1414,21.183
1415,21.185
1416,21.213
1417,21.215
1418,21.217
1419,21.219
1420,21.221
1421,21.223
1422,21.225
1423,21.253
1424,21.254
1425,21.256
1426,21.258
1427,21.292
1428,21.295
1429,21.297
1430,21.336
1431,21.391
1432,21.394
1433,21.397
1434,21.400
1435,21.403
1436,21.405
1437,21.408
1438,21.411
1439,21.414
1440,21.417
1441,21.420
1442,21.423
1443,21.426
1444,21.429
1445,21.475
1446,21.479
1447,21.482
1448,21.540
1449,21.544
1450,21.547
1451,21.607
1452,21.611
1453,21.615
1454,21.683
1455,21.687
1456,21.691
1457,21.765
1458,21.771
1459,21.776
1460,21.853
1461,21.858
1462,21.862
1463,21.919
1464,21.980
1465,21.983
1466,21.985
1467,21.987
1468,21.990
1469,21.992
1470,21.994
1471,21.997
1472,21.999
1473,22.002
1474,22.005
1475,22.008
1476,22.011
1477,22.014
1478,22.017
1479,22.020
1480,22.023
1481,22.026
1482,22.029
1483,22.032
1484,22.035
1485,22.064
1486,22.110
1487,22.166
1488,22.170
1489,22.174
1490,22.178
1491,22.226
1492,22.231
1493,22.234
1494,22.238
1495,22.299
1496,22.303
1497,22.308
1498,22.312
1499,22.367
1500,22.371
1501,22.375
1502,22.379
1503,22.426
1504,22.431
1505,22.435
1506,22.438
1507,22.497
1508,22.502
1509,22.506
1510,22.510
1511,22.566
1512,22.571
1513,22.576
1514,22.581
1515,22.652
1516,22.657
1517,22.661
1518,22.666
1519,22.728
1520,22.732
1521,22.736
1522,22.739
1523,22.798
1524,22.802
1525,22.807
1526,22.811
1527,22.876
1528,22.880
1529,22.884
1530,22.888
1531,22.943
1532,22.949
1533,22.954
1534,22.958
1535,23.018
1536,23.022
1537,23.027
1538,23.030
1539,23.088
1540,23.092
1541,23.096
1542,23.099
1543,23.166
1544,23.170
1545,23.175
1546,23.179
1547,23.253
1548,23.258
1549,23.263
1550,23.267
1551,23.338
1552,23.342
1553,23.347
1554,23.351
1555,23.424
1556,23.429
1557,23.433
1558,23.437
1559,23.512
1560,23.517
1561,23.521
1562,23.526
1563,23.614
1564,23.614
1565,23.614
1566,23.614
1567,23.683
1568,23.688
1569,23.692
1570,23.762
1571,23.767
1572,23.770
1573,23.822
1574,23.826
1575,23.829
1576,23.875
1577,23.879
1578,23.882
1579,23.932
1580,23.936
1581,23.939
1582,23.988
1583,23.992
1584,23.995
1585,24.044
1586,24.047
1587,24.051
1588,24.064
1589,24.069
1590,24.070
1591,24.216
1592,24.218
1593,24.347
1594,24.383
1595,24.385
1596,24.387
1597,24.414
1598,24.416
1599,24.418
1600,24.420
1601,24.422
1602,24.424
1603,24.426
1604,24.460
1605,24.462
1606,24.464
1607,24.501
1608,24.550
1609,24.552
1610,24.554
1611,24.557
1612,24.559
1613,24.562
1614,24.564
1615,24.567
1616,24.570
1617,24.573
1618,24.575
1619,24.578
1620,24.581
1621,24.584
1622,24.636
1623,24.640
1624,24.643
1625,24.733
1626,24.742
1627,24.751
1628,24.819
1629,24.823
1630,24.828
1631,24.897
1632,24.902
1633,24.906
1634,24.979
1635,24.986
1636,24.991
1637,25.066
1638,25.071
1639,25.076
1640,25.121
1641,25.186
1642,25.188
1643,25.190
1644,25.192
1645,25.194
1646,25.196
1647,25.198
1648,25.200
1649,25.202
1650,25.204
1651,25.206
1652,25.208
1653,25.210
1654,25.212
1655,25.215
1656,25.217
1657,25.219
1658,25.221
1659,25.224
1660,25.226
1661,25.228
1662,25.252
1663,25.298
1664,25.352
1665,25.356
1666,25.360
1667,25.363
1668,25.409
1669,25.412
1670,25.416
1671,25.420
1672,25.478
1673,25.483
1674,25.487
1675,25.491
1676,25.548
1677,25.552
1678,25.556
1679,25.560
1680,25.609
1681,25.613
1682,25.617
1683,25.621
1684,25.676
1685,25.680
1686,25.684
1687,25.688
1688,25.736
1689,25.740
1690,25.744
1691,25.748
1692,25.807
1693,25.811
1694,25.816
1695,25.820
1696,25.875
1697,25.879
1698,25.883
1699,25.887
1700,25.940
1701,25.944
1702,25.948
1703,25.952
1704,26.014
1705,26.018
1706,26.023
1707,26.027
1708,26.084
1709,26.091
1710,26.096
1711,26.100
1712,26.160
1713,26.164
1714,26.169
1715,26.173
1716,26.232
1717,26.236
1718,26.241
1719,26.244
1720,26.297
1721,26.301
1722,26.304
1723,26.308
1724,26.383
1725,26.388
1726,26.393
1727,26.397
1728,26.474
1729,26.479
1730,26.484
1731,26.488
1732,26.563
1733,26.567
1734,26.573
1735,26.577
1736,26.655
1737,26.660
1738,26.665
1739,26.670
1740,26.737
1741,26.743
1742,26.749
1743,26.754
1744,26.816
1745,26.820
1746,26.824
1747,26.882
1748,26.886
1749,26.890
1750,26.942
1751,26.946
1752,26.949
1753,26.999
1754,27.002
1755,27.006
1756,27.058
1757,27.064
1758,27.065
1759,27.116
1760,27.120
1761,27.123
1762,27.174
1763,27.177
1764,27.181
1765,27.218
1766,27.266
1767,27.269
1768,27.272
1769,27.275
1770,27.277
1771,27.280
1772,27.283
1773,27.286
1774,27.289
1775,27.292
1776,27.295
1777,27.298
1778,27.301
1779,27.305
1780,27.355
1781,27.358
1782,27.361
1783,27.404
1784,27.407
1785,27.410
1786,27.453
1787,27.456
1788,27.459
1789,27.511
1790,27.514
1791,27.518
1792,27.578
1793,27.583
1794,27.587
1795,27.644
1796,27.649
1797,27.652
1798,27.689
1799,27.740
1800,27.743
1801,27.745
1802,27.747
1803,27.749
1804,27.751
1805,27.754
1806,27.756
1807,27.758
1808,27.761
1809,27.764
1810,27.767
1811,27.771
1812,27.774
1813,27.777
1814,27.780
1815,27.782
1816,27.785
1817,27.788
1818,27.790
1819,27.793
1820,27.815
1821,27.865
1822,27.934
1823,27.939
1824,27.943
1825,27.947
1826,28.010
1827,28.015
1828,28.019
1829,28.024
1830,28.096
1831,28.101
1832,28.105
1833,28.109
1834,28.207
1835,28.208
1836,28.208
1837,28.208
1838,28.274
1839,28.279
1840,28.283
1841,28.288
1842,28.355
1843,28.359
1844,28.364
1845,28.367
1846,28.417
1847,28.421
1848,28.424
1849,28.428
1850,28.487
1851,28.492
1852,28.496
1853,28.500
1854,28.556
1855,28.560
1856,28.564
1857,28.567
1858,28.620
1859,28.624
1860,28.628
1861,28.632
1862,28.690
1863,28.694
1864,28.699
1865,28.703
1866,28.761
1867,28.768
1868,28.772
1869,28.777
1870,28.838
1871,28.844
1872,28.848
1873,28.852
1874,28.913
1875,28.917
1876,28.921
1877,28.925
1878,28.983
1879,28.987
1880,28.992
1881,28.996
1882,29.057
1883,29.061
1884,29.065
1885,29.070
1886,29.128
1887,29.132
1888,29.136
1889,29.140
1890,29.202
1891,29.208
1892,29.213
1893,29.218
1894,29.279
1895,29.284
1896,29.288
1897,29.292
1898,29.344
1899,29.349
1900,29.353
1901,29.357
1902,29.406
1903,29.411
1904,29.415
1905,29.490
1906,29.495
1907,29.499
1908,29.571
1909,29.575
1910,29.579
1911,29.646
1912,29.650
1913,29.655
1914,29.729
1915,29.734
1916,29.738
1917,29.813
1918,29.818
1919,29.822
1920,29.893
1921,29.897
1922,29.900
1923,29.945
1924,30.001
1925,30.004
1926,30.006
1927,30.009
1928,30.012
1929,30.015
1930,30.018
1931,30.021
1932,30.024
1933,30.027
1934,30.030
1935,30.033
1936,30.037
1937,30.040
1938,30.095
1939,30.099
1940,30.102
1941,30.148
1942,30.151
1943,30.154
1944,30.202
1945,30.206
1946,30.209
1947,30.263
1948,30.267
1949,30.271
1950,30.335
1951,30.340
1952,30.345
1953,30.406
1954,30.411
1955,30.415
1956,30.457
1957,30.517
1958,30.519
1959,30.521
1960,30.523
1961,30.526
1962,30.529
1963,30.532
1964,30.534
1965,30.537
1966,30.540
1967,30.543
1968,30.546
1969,30.548
1970,30.551
1971,30.554
1972,30.557
1973,30.560
1974,30.563
1975,30.566
1976,30.569
1977,30.571
1978,30.598
1979,30.647
1980,30.703
1981,30.708
1982,30.712
1983,30.716
1984,30.769
1985,30.773
1986,30.777
1987,30.780
1988,30.839
1989,30.843
1990,30.847
1991,30.850
1992,30.904
1993,30.908
1994,30.911
1995,30.915
1996,30.962
1997,30.965
1998,30.969
1999,30.972
2000,31.025
2001,31.030
2002,31.036
2003,31.040
2004,31.102
2005,31.107
2006,31.111
2007,31.115
2008,31.193
2009,31.198
2010,31.203
2011,31.208
2012,31.282
2013,31.286
2014,31.292
2015,31.298
2016,31.376
2017,31.381
2018,31.386
2019,31.390
2020,31.475
2021,31.480
2022,31.485
2023,31.489
2024,31.550
2025,31.557
2026,31.562
2027,31.567
2028,31.631
2029,31.637
2030,31.641
2031,31.645
2032,31.709
2033,31.713
2034,31.717
2035,31.721
2036,31.782
2037,31.786
2038,31.791
2039,31.795
2040,31.856
2041,31.860
2042,31.864
2043,31.868
2044,31.927
2045,31.931
2046,31.936
2047,31.940
2048,32.000
2049,32.005
2050,32.009
2051,32.014
2052,32.082
2053,32.088
2054,32.093
2055,32.098
2056,32.157
2057,32.163
2058,32.167
2059,32.172
2060,32.230
2061,32.234
2062,32.237
2063,32.297
2064,32.300
2065,32.304
2066,32.367
2067,32.371
2068,32.375
2069,32.432
2070,32.436
2071,32.439
2072,32.499
2073,32.503
2074,32.506
2075,32.564
2076,32.568
2077,32.572
2078,32.622
2079,32.625
2080,32.628
2081,32.679
2082,32.742
2083,32.745
2084,32.748
2085,32.752
2086,32.755
2087,32.759
2088,32.762
2089,32.766
2090,32.770
2091,32.773
2092,32.776
2093,32.780
2094,32.784
2095,32.789
2096,32.857
2097,32.861
2098,32.865
2099,32.920
2100,32.924
2101,32.928
2102,32.986
2103,32.990
2104,32.994
2105,33.062
2106,33.066
2107,33.071
2108,33.141
2109,33.147
2110,33.151
2111,33.209
2112,33.213
2113,33.217
2114,33.253
2115,33.305
2116,33.307
2117,33.309
2118,33.311
2119,33.314
2120,33.316
2121,33.318
2122,33.320
2123,33.323
2124,33.325
2125,33.327
2126,33.330
2127,33.332
2128,33.334
2129,33.337
2130,33.340
2131,33.343
2132,33.345
2133,33.348
2134,33.350
2135,33.353
2136,33.379
2137,33.429
2138,33.482
2139,33.486
2140,33.490
2141,33.493
2142,33.540
2143,33.544
2144,33.547
2145,33.551
2146,33.608
2147,33.612
2148,33.617
2149,33.620
2150,33.676
2151,33.680
2152,33.684
2153,33.687
2154,33.735
2155,33.739
2156,33.743
2157,33.747
2158,33.804
2159,33.808
2160,33.812
2161,33.816
2162,33.865
2163,33.869
2164,33.873
2165,33.877
2166,33.938
2167,33.943
2168,33.947
2169,33.951
2170,34.008
2171,34.012
2172,34.016
2173,34.020
2174,34.072
2175,34.076
2176,34.080
2177,34.083
2178,34.144
2179,34.148
2180,34.153
2181,34.157
2182,34.215
2183,34.219
2184,34.224
2185,34.228
2186,34.283
2187,34.287
2188,34.292
2189,34.297
2190,34.373
2191,34.377
2192,34.381
2193,34.386
2194,34.461
2195,34.466
2196,34.471
2197,34.476
2198,34.547
2199,34.551
2200,34.556
2201,34.560
2202,34.628
2203,34.632
2204,34.637
2205,34.641
2206,34.713
2207,34.718
2208,34.723
2209,34.728
2210,34.808
2211,34.812
2212,34.816
2213,34.819
2214,34.868
2215,34.872
2216,34.875
2217,34.879
2218,34.937
2219,34.940
2220,34.944
2221,34.997
2222,35.001
2223,35.004
2224,35.056
2225,35.061
2226,35.065
2227,35.116
2228,35.120
2229,35.123
2230,35.175
2231,35.179
2232,35.182
2233,35.235
2234,35.239
2235,35.242
2236,35.294
2237,35.297
2238,35.301
2239,35.319
2240,35.321
2241,35.337
2242,35.339
2243,35.363
2244,35.365
2245,35.560
2246,35.564
2247,35.567
2248,35.570
2249,35.738
2250,35.762
2251,35.783
2252,35.785
2253,35.802
2254,35.821
2255,35.836
2256,35.856
2257,35.858
2258,36.025
2259,36.028
2260,36.179
2261,36.202
2262,36.204
2263,36.221
2264,36.223
2265,36.263
2266,36.265
2267,36.268
2268,36.298
2269,36.301
2270,36.303
2271,36.305
2272,36.307
2273,36.309
2274,36.312
2275,36.314
2276,36.357
2277,36.360
2278,36.362
2279,36.373
2280,36.380
2281,36.382
2282,36.399
2283,36.406
2284,36.408
2285,36.415
2286,36.417
2287,36.420
2288,36.423
2289,36.430
2290,36.433
2291,36.438
2292,36.446
2293,36.448
2294,36.484
2295,36.487
2296,36.489
2297,36.492
2298,36.495
2299,36.497
2300,36.499
2301,36.502
2302,36.535
2303,36.538
2304,36.541
2305,36.543
2306,36.546
2307,36.548
2308,36.551
2309,36.592
2310,36.594
2311,36.596
2312,36.598
2313,36.600
2314,36.602
2315,36.604
2316,36.606
2317,36.613
2318,36.615
2319,36.617
2320,36.619
2321,36.648
2322,36.650
2323,36.652
2324,36.654
2325,36.656
2326,36.658
2327,36.660
2328,36.694
2329,36.696
2330,36.698
2331,36.701
2332,36.703
2333,36.705
2334,36.707
2335,36.709
2336,36.743
2337,36.745
2338,36.747
2339,36.750
2340,36.752
2341,36.780
2342,36.782
2343,36.784
2344,36.786
2345,36.788
2346,36.791
2347,36.793
2348,36.795
2349,36.797
2350,36.825
2351,36.828
2352,36.830
2353,36.832
2354,36.844
2355,36.846
2356,36.848
2357,36.851
2358,36.866
2359,36.874
2360,36.879
2361,36.881
2362,36.923
2363,37.006
2364,37.010
2365,37.015
2366,37.019
2367,37.023
2368,37.028
2369,37.032
2370,37.035
2371,37.038
2372,37.041
2373,37.045
2374,37.048
2375,37.051
2376,37.055
2377,37.107
2378,37.111
2379,37.114
2380,37.157
2381,37.160
2382,37.163
2383,37.208
2384,37.211
2385,37.215
2386,37.269
2387,37.272
2388,37.277
2389,37.337
2390,37.343
2391,37.347
2392,37.409
2393,37.414
2394,37.418
2395,37.461
2396,37.521
2397,37.524
2398,37.526
2399,37.529
2400,37.532
2401,37.535
2402,37.538
2403,37.541
2404,37.544
2405,37.547
2406,37.550
2407,37.553
2408,37.557
2409,37.561
2410,37.565
2411,37.568
2412,37.571
2413,37.575
2414,37.578
2415,37.582
2416,37.585
2417,37.617
2418,37.671
2419,37.734
2420,37.738
2421,37.743
2422,37.746
2423,37.802
2424,37.806
2425,37.810
2426,37.814
2427,37.887
2428,37.894
2429,37.900
2430,37.905
2431,37.983
2432,37.987
2433,37.991
2434,37.996
2435,38.060
2436,38.068
2437,38.069
2438,38.073
2439,38.151
2440,38.156
2441,38.160
2442,38.164
2443,38.231
2444,38.236
2445,38.240
2446,38.244
2447,38.331
2448,38.336
2449,38.340
2450,38.344
2451,38.404
2452,38.408
2453,38.412
2454,38.416
2455,38.483
2456,38.488
2457,38.493
2458,38.497
2459,38.563
2460,38.567
2461,38.572
2462,38.576
2463,38.634
2464,38.641
2465,38.645
2466,38.649
2467,38.713
2468,38.717
2469,38.721
2470,38.725
2471,38.785
2472,38.789
2473,38.793
2474,38.797
2475,38.857
2476,38.862
2477,38.866
2478,38.870
2479,38.930
2480,38.934
2481,38.938
2482,38.942
2483,39.003
2484,39.008
2485,39.012
2486,39.016
2487,39.078
2488,39.082
2489,39.086
2490,39.090
2491,39.151
2492,39.155
2493,39.159
2494,39.163
2495,39.218
2496,39.222
2497,39.226
2498,39.229
2499,39.287
2500,39.292
2501,39.295
2502,39.352
2503,39.355
2504,39.359
2505,39.413
2506,39.417
2507,39.420
2508,39.467
2509,39.470
2510,39.474
2511,39.552
2512,39.556
2513,39.561
2514,39.641
2515,39.646
2516,39.650
2517,39.723
2518,39.728
2519,39.732
2520,39.788
2521,39.862
2522,39.866
2523,39.869
2524,39.873
2525,39.877
2526,39.880
2527,39.884
2528,39.888
2529,39.892
2530,39.897
2531,39.901
2532,39.905
2533,39.909
2534,39.914
2535,39.995
2536,39.999
2537,40.003
2538,40.054
2539,40.058
2540,40.062
2541,40.112
2542,40.116
2543,40.119
2544,40.176
2545,40.180
2546,40.184
2547,40.251
2548,40.256
2549,40.261
2550,40.328
2551,40.332
2552,40.336
2553,40.378
2554,40.434
2555,40.437
2556,40.439
2557,40.442
2558,40.445
2559,40.447
2560,40.450
2561,40.453
2562,40.456
2563,40.459
2564,40.461
2565,40.465
2566,40.472
2567,40.472
2568,40.477
2569,40.480
2570,40.484
2571,40.488
2572,40.492
2573,40.495
2574,40.499
2575,40.525
2576,40.580
2577,40.642
2578,40.646
2579,40.650
2580,40.654
2581,40.708
2582,40.712
2583,40.716
2584,40.720
2585,40.785
2586,40.790
2587,40.795
2588,40.799
2589,40.863
2590,40.867
2591,40.871
2592,40.875
2593,40.932
2594,40.936
2595,40.940
2596,40.944
2597,41.006
2598,41.010
2599,41.014
2600,41.018
2601,41.072
2602,41.076
2603,41.080
2604,41.084
2605,41.147
2606,41.151
2607,41.155
2608,41.158
2609,41.227
2610,41.232
2611,41.237
2612,41.241
2613,41.319
2614,41.324
2615,41.329
2616,41.334
2617,41.414
2618,41.420
2619,41.425
2620,41.429
2621,41.505
2622,41.514
2623,41.519
2624,41.525
2625,41.604
2626,41.608
2627,41.614
2628,41.618
2629,41.689
2630,41.693
2631,41.697
2632,41.700
2633,41.758
2634,41.762
2635,41.766
2636,41.770
2637,41.825
2638,41.829
2639,41.832
2640,41.836
2641,41.892
2642,41.896
2643,41.900
2644,41.904
2645,41.961
2646,41.965
2647,41.969
2648,41.972
2649,42.029
2650,42.033
2651,42.037
2652,42.041
2653,42.090
2654,42.094
2655,42.098
2656,42.102
2657,42.159
2658,42.163
2659,42.167
2660,42.223
2661,42.227
2662,42.230
2663,42.283
2664,42.287
2665,42.290
2666,42.340
2667,42.344
2668,42.347
2669,42.402
2670,42.406
2671,42.409
2672,42.466
2673,42.470
2674,42.473
2675,42.526
2676,42.529
2677,42.533
2678,42.573
2679,42.626
2680,42.629
2681,42.632
2682,42.634
2683,42.637
2684,42.640
2685,42.643
2686,42.646
2687,42.649
2688,42.653
2689,42.656
2690,42.659
2691,42.662
2692,42.666
2693,42.713
2694,42.716
2695,42.719
2696,42.778
2697,42.782
2698,42.786
2699,42.847
2700,42.852
2701,42.856
2702,42.924
2703,42.928
2704,42.932
2705,43.007
2706,43.013
2707,43.018
2708,43.096
2709,43.102
2710,43.105
2711,43.160
2712,43.220
2713,43.223
2714,43.226
2715,43.228
2716,43.231
2717,43.234
2718,43.236
2719,43.239
2720,43.242
2721,43.244
2722,43.247
2723,43.250
2724,43.253
2725,43.256
2726,43.259
2727,43.262
2728,43.265
2729,43.268
2730,43.272
2731,43.276
2732,43.279
2733,43.304
2734,43.353
2735,43.411
2736,43.415
2737,43.419
2738,43.423
2739,43.472
2740,43.476
2741,43.480
2742,43.484
2743,43.544
2744,43.548
2745,43.552
2746,43.556
2747,43.613
2748,43.617
2749,43.621
2750,43.624
2751,43.676
2752,43.680
2753,43.683
2754,43.687
2755,43.745
2756,43.749
2757,43.753
2758,43.757
2759,43.807
2760,43.811
2761,43.815
2762,43.819
2763,43.879
2764,43.884
2765,43.888
2766,43.892
2767,43.948
2768,43.952
2769,43.956
2770,43.959
2771,44.018
2772,44.024
2773,44.029
2774,44.032
2775,44.096
2776,44.100
2777,44.104
2778,44.108
2779,44.167
2780,44.173
2781,44.177
2782,44.181
2783,44.243
2784,44.246
2785,44.250
2786,44.254
2787,44.312
2788,44.317
2789,44.321
2790,44.326
2791,44.399
2792,44.404
2793,44.409
2794,44.413
2795,44.487
2796,44.492
2797,44.496
2798,44.500
2799,44.572
2800,44.577
2801,44.581
2802,44.586
2803,44.663
2804,44.668
2805,44.673
2806,44.678
2807,44.757
2808,44.761
2809,44.766
2810,44.770
2811,44.824
2812,44.828
2813,44.832
2814,44.836
2815,44.891
2816,44.894
2817,44.898
2818,44.954
2819,44.957
2820,44.961
2821,45.014
2822,45.018
2823,45.022
2824,45.076
2825,45.080
2826,45.083
2827,45.138
2828,45.142
2829,45.146
2830,45.201
2831,45.205
2832,45.208
2833,45.262
2834,45.266
2835,45.269
2836,45.313
2837,45.369
2838,45.372
2839,45.375
2840,45.377
2841,45.381
2842,45.383
2843,45.387
2844,45.390
2845,45.393
2846,45.397
2847,45.400
2848,45.404
2849,45.407
2850,45.411
2851,45.465
2852,45.469
2853,45.472
2854,45.519
2855,45.522
2856,45.526
2857,45.573
2858,45.577
2859,45.580
2860,45.649
2861,45.653
2862,45.657
2863,45.728
2864,45.734
2865,45.738
2866,45.802
2867,45.806
2868,45.810
2869,45.852
2870,45.947
2871,45.947
2872,45.947
2873,45.947
2874,45.947
2875,45.947
2876,45.947
2877,45.947
2878,45.947
2879,45.947
2880,45.949
2881,45.953
2882,45.957
2883,45.961
2884,45.965
2885,45.969
2886,45.973
2887,45.977
2888,45.982
2889,45.986
2890,45.991
2891,46.027
2892,46.100
2893,46.176
2894,46.181
2895,46.186
2896,46.190
2897,46.259
2898,46.264
2899,46.268
2900,46.273
2901,46.363
2902,46.369
2903,46.376
2904,46.382
2905,46.450
2906,46.454
2907,46.458
2908,46.462
2909,46.521
2910,46.525
2911,46.530
2912,46.533
2913,46.596
2914,46.600
2915,46.604
2916,46.608
2917,46.666
2918,46.671
2919,46.674
2920,46.678
2921,46.746
2922,46.751
2923,46.755
2924,46.759
2925,46.820
2926,46.825
2927,46.828
2928,46.832
2929,46.891
2930,46.895
2931,46.899
2932,46.903
2933,46.965
2934,46.970
2935,46.974
2936,46.978
2937,47.037
2938,47.044
2939,47.049
2940,47.053
2941,47.118
2942,47.123
2943,47.128
2944,47.132
2945,47.195
2946,47.200
2947,47.205
2948,47.208
2949,47.273
2950,47.278
2951,47.284
2952,47.288
2953,47.353
2954,47.358
2955,47.362
2956,47.366
2957,47.428
2958,47.432
2959,47.435
2960,47.439
2961,47.500
2962,47.504
2963,47.508
2964,47.512
2965,47.568
2966,47.572
2967,47.576
2968,47.581
2969,47.651
2970,47.658
2971,47.662
2972,47.667
2973,47.741
2974,47.746
2975,47.750
2976,47.824
2977,47.828
2978,47.833
2979,47.906
2980,47.911
2981,47.915
2982,47.985
2983,47.989
2984,47.994
2985,48.070
2986,48.075
2987,48.078
2988,48.139
2989,48.143
2990,48.146
2991,48.203
2992,48.207
2993,48.210
2994,48.254
2995,48.309
2996,48.312
2997,48.315
2998,48.318
2999,48.321
3000,48.324
3001,48.328
3002,48.331
3003,48.335
3004,48.338
3005,48.342
3006,48.347
3007,48.350
3008,48.354
3009,48.410
3010,48.414
3011,48.418
3012,48.467
3013,48.470
3014,48.474
3015,48.522
3016,48.526
3017,48.529
3018,48.586
3019,48.589
3020,48.593
3021,48.657
3022,48.663
3023,48.667
3024,48.730
3025,48.734
3026,48.738
3027,48.779
3028,48.836
3029,48.838
3030,48.841
3031,48.845
3032,48.848
3033,48.851
3034,48.853
3035,48.856
3036,48.859
3037,48.862
3038,48.865
3039,48.868
3040,48.871
3041,48.874
3042,48.877
3043,48.881
3044,48.884
3045,48.888
3046,48.892
3047,48.895
3048,48.899
3049,48.927
3050,48.980
3051,49.041
3052,49.045
3053,49.049
3054,49.053
3055,49.106
3056,49.110
3057,49.114
3058,49.118
3059,49.182
3060,49.186
3061,49.190
3062,49.194
3063,49.266
3064,49.271
3065,49.275
3066,49.280
3067,49.346
3068,49.351
3069,49.356
3070,49.361
3071,49.439
3072,49.445
3073,49.450
3074,49.454
3075,49.524
3076,49.529
3077,49.535
3078,49.539
3079,49.619
3080,49.624
3081,49.629
3082,49.634
3083,49.711
3084,49.715
3085,49.720
3086,49.723
3087,49.784
3088,49.788
3089,49.793
3090,49.796
3091,49.859
3092,49.863
3093,49.867
3094,49.871
3095,49.926
3096,49.932
3097,49.937
3098,49.941
3099,50.007
3100,50.013
3101,50.017
3102,50.021
3103,50.087
3104,50.094
3105,50.099
3106,50.103
3107,50.163
3108,50.168
3109,50.172
3110,50.176
3111,50.238
3112,50.245
3113,50.249
3114,50.253
3115,50.320
3116,50.326
3117,50.331
3118,50.335
3119,50.399
3120,50.405
3121,50.409
3122,50.413
3123,50.477
3124,50.483
3125,50.487
3126,50.491
3127,50.550
3128,50.557
3129,50.561
3130,50.565
3131,50.627
3132,50.631
3133,50.634
3134,50.694
3135,50.698
3136,50.701
3137,50.763
3138,50.767
3139,50.771
3140,50.824
3141,50.829
3142,50.833
3143,50.912
3144,50.916
3145,50.921
3146,51.005
3147,51.010
3148,51.014
3149,51.090
3150,51.095
3151,51.099
3152,51.291
3153,51.295
3154,51.436
3155,51.574
3156,51.577
3157,51.704
3158,51.841
3159,51.844
3160,51.978
3161,52.166
3162,52.169
3163,52.306
3164,52.458
3165,52.462
3166,52.464
3167,52.583
3168,52.604
3169,52.622
3170,52.635
3171,52.652
3172,52.666
3173,52.668
3174,52.677
3175,52.679
3176,52.691
3177,52.694
3178,52.710
3179,52.713
3180,52.755
3181,52.758
3182,52.760
3183,52.792
3184,52.795
3185,52.797
3186,52.800
3187,52.802
3188,52.805
3189,52.808
3190,52.850
3191,52.852
3192,52.854
3193,52.865
3194,52.872
3195,52.874
3196,52.881
3197,52.883
3198,52.885
3199,52.918
3200,52.921
3201,52.923
3202,52.957
3203,52.959
3204,52.961
3205,52.964
3206,52.966
3207,52.968
3208,52.971
3209,53.005
3210,53.008
3211,53.010
3212,53.017
3213,53.024
3214,53.027
3215,53.034
3216,53.041
3217,53.044
3218,53.078
3219,53.081
3220,53.083
3221,53.114
3222,53.117
3223,53.119
3224,53.121
3225,53.124
3226,53.126
3227,53.129
3228,53.164
3229,53.167
3230,53.169
3231,53.177
3232,53.185
3233,53.188
3234,53.196
3235,53.204
3236,53.206
3237,53.235
3238,53.237
3239,53.239
3240,53.266
3241,53.268
3242,53.270
3243,53.272
3244,53.274
3245,53.276
3246,53.278
3247,53.312
3248,53.314
3249,53.316
3250,53.325
3251,53.331
3252,53.332
3253,53.338
3254,53.343
3255,53.345
3256,53.372
3257,53.374
3258,53.376
3259,53.401
3260,53.402
3261,53.404
3262,53.406
3263,53.408
3264,53.410
3265,53.412
3266,53.441
3267,53.443
3268,53.445
3269,53.459
3270,53.465
3271,53.467
3272,53.472
3273,53.477
3274,53.479
3275,53.505
3276,53.508
3277,53.530
3278,53.532
3279,53.552
3280,53.554
3281,53.567
3282,53.569
3283,53.571
3284,53.573
3285,53.575
3286,53.583
3287,53.600
3288,53.608
3289,53.625
3290,53.656
3291,53.658
3292,53.660
3293,53.688
3294,53.690
3295,53.692
3296,53.694
3297,53.697
3298,53.699
3299,53.701
3300,53.703
3301,53.707
3302,53.709
3303,53.711
3304,53.713
3305,53.716
3306,53.718
3307,53.720
3308,53.722
3309,53.724
3310,53.728
3311,53.730
3312,53.732
3313,53.733
3314,53.735
3315,53.739
3316,53.741
3317,53.743
3318,53.745
3319,53.747
3320,53.749
3321,53.751
3322,53.755
3323,53.757
3324,53.759
3325,53.761
3326,53.763
3327,53.767
3328,53.769
3329,53.771
3330,53.773
3331,53.775
3332,53.778
3333,53.780
3334,53.783
3335,53.785
3336,53.787
3337,53.789
3338,53.791
3339,53.795
3340,53.797
3341,53.799
3342,53.802
3343,53.804
3344,53.806
3345,53.808
3346,53.811
3347,53.813
3348,53.841
3349,53.843
3350,53.845
3351,53.847
3352,53.874
3353,53.876
3354,53.878
3355,53.880
3356,53.909
3357,53.911
3358,53.913
3359,53.915
3360,53.944
3361,53.946
3362,53.948
3363,53.951
3364,53.978
3365,53.980
3366,53.982
3367,53.984
3368,54.013
3369,54.015
3370,54.018
3371,54.020
3372,54.049
3373,54.051
3374,54.053
3375,54.055
3376,54.085
3377,54.087
3378,54.090
3379,54.092
3380,54.121
3381,54.123
3382,54.126
3383,54.128
3384,54.156
3385,54.158
3386,54.160
3387,54.162
3388,54.192
3389,54.194
3390,54.196
3391,54.224
3392,54.226
3393,54.228
3394,54.230
3395,54.232
3396,54.236
3397,54.238
3398,54.239
3399,54.265
3400,54.312
3401,54.340
3402,54.342
3403,54.344
3404,54.360
3405,54.377
3406,54.379
3407,54.381
3408,54.383
3409,54.385
3410,54.387
3411,54.389
3412,54.391
3413,54.393
3414,54.395
3415,54.397
3416,54.399
3417,54.401
3418,54.403
3419,54.405
3420,54.407
3421,54.409
3422,54.411
3423,54.413
3424,54.451
3425,54.548
3426,54.550
3427,54.553
3428,54.590
3429,54.647
3430,54.679
3431,54.740
3432,54.773
3433,54.836
3434,54.875
3435,54.924
3436,54.926
3437,54.928
3438,54.931
3439,54.935
3440,54.950
3441,54.952
3442,54.954
3443,54.956
3444,54.985
3445,55.032
3446,55.034
3447,55.036
3448,55.039
3449,55.043
3450,55.059
3451,55.061
3452,55.064
3453,55.066
3454,55.096
3455,55.146
3456,55.148
3457,55.150
3458,55.152
3459,55.156
3460,55.172
3461,55.174
3462,55.176
3463,55.179
3464,55.209
3465,55.259
3466,55.261
3467,55.263
3468,55.265
3469,55.269
3470,55.284
3471,55.286
3472,55.288
3473,55.290
3474,55.320
3475,55.371
3476,55.373
3477,55.375
3478,55.378
3479,55.382
3480,55.397
3481,55.399
3482,55.401
3483,55.403
3484,55.433
3485,55.483
3486,55.485
3487,55.487
3488,55.489
3489,55.493
3490,55.508
3491,55.511
3492,55.513
3493,55.515
3494,55.545
3495,55.595
3496,55.598
3497,55.600
3498,55.602
3499,55.606
3500,55.623
3501,55.625
3502,55.628
3503,55.630
3504,55.663
3505,55.722
3506,55.724
3507,55.726
3508,55.729
3509,55.733
3510,55.749
3511,55.751
3512,55.753
3513,55.756
3514,55.787
3515,55.844
3516,55.846
3517,55.848
3518,55.851
3519,55.855
3520,55.872
3521,55.874
3522,55.877
3523,55.879
3524,55.911
3525,55.969
3526,55.971
3527,55.974
3528,55.976
3529,55.979
3530,55.994
3531,55.996
3532,55.998
3533,56.000
3534,56.032
3535,56.105
3536,56.108
3537,56.110
3538,56.113
3539,56.119
3540,56.139
3541,56.142
3542,56.146
3543,56.148
3544,56.189
3545,56.256
3546,56.258
3547,56.261
3548,56.263
3549,56.269
3550,56.289
3551,56.293
3552,56.296
3553,56.298
3554,56.340
3555,56.410
3556,56.413
3557,56.416
3558,56.419
3559,56.426
3560,56.447
3561,56.450
3562,56.453
3563,56.456
3564,56.499
3565,56.564
3566,56.566
3567,56.568
3568,56.571
3569,56.575
3570,56.597
3571,56.600
3572,56.602
3573,56.605
3574,56.636
3575,56.690
3576,56.693
3577,56.695
3578,56.697
3579,56.701
3580,56.723
3581,56.726
3582,56.729
3583,56.732
3584,56.764
3585,56.822
3586,56.824
3587,56.826
3588,56.828
3589,56.832
3590,56.856
3591,56.859
3592,56.861
3593,56.864
3594,56.941
3595,56.951
3596,56.953
3597,56.956
3598,56.958
3599,56.962
3600,56.984
3601,56.986
3602,56.989
3603,56.991
3604,57.023
3605,57.077
3606,57.079
3607,57.081
3608,57.085
3609,57.100
3610,57.102
3611,57.104
3612,57.106
3613,57.136
3614,57.189
3615,57.191
3616,57.193
3617,57.195
3618,57.198
3619,57.200
3620,57.202
3621,57.204
3622,57.206
3623,57.208
3624,57.210
3625,57.215
3626,57.236
3627,57.239
3628,57.242
3629,57.244
3630,57.253
3631,57.256
3632,57.258
3633,57.261
3634,57.271
3635,57.276
3636,57.276
3637,57.276
3638,57.293
3639,57.295
3640,57.298
3641,57.300
3642,57.310
3643,57.314
3644,57.316
3645,57.319
3646,57.328
3647,57.332
3648,57.334
3649,57.337
3650,57.346
3651,57.351
3652,57.353
3653,57.356
3654,57.365
3655,57.367
3656,57.369
3657,57.371
3658,57.377
3659,57.379
3660,57.381
3661,57.383
3662,57.419
3663,57.422
3664,57.448
3665,57.451
3666,57.465
3667,57.467
3668,57.469
3669,57.472
3670,57.478
3671,57.481
3672,57.483
3673,57.491
3674,57.493
3675,57.495
3676,57.500
3677,57.502
3678,57.510
3679,57.512
3680,57.520
3681,57.522
3682,57.524
3683,57.533
3684,57.535
3685,57.537
3686,57.539
3687,57.555
3688,57.558
3689,57.560
3690,57.573
3691,57.575
3692,57.583
3693,57.585
3694,57.587
3695,57.593
3696,57.595
3697,57.603
3698,57.604
3699,57.615
3700,57.617
3701,57.629
3702,57.631
3703,57.633
3704,57.635
3705,57.643
3706,57.645
3707,57.675
3708,57.680
3709,57.698
3710,57.700
3711,57.703
3712,57.706
3713,57.719
3714,57.722
3715,57.793
3716,57.793
3717,57.793
3718,57.793
3719,57.793
3720,57.793
3721,57.808
3722,57.811
3723,57.847
3724,57.852
3725,57.878
3726,57.881
3727,57.885
3728,57.888
3729,57.907
3730,57.911
3731,57.950
3732,57.955
3733,57.990
3734,57.992
3735,57.995
3736,57.998
3737,58.001
3738,58.042
3739,58.045
3740,58.095
3741,58.100
3742,58.151
3743,58.155
3744,58.187
3745,58.190
3746,58.192
3747,58.194
3748,58.197
3749,58.229
3750,58.233
3751,58.272
3752,58.276
3753,58.311
3754,58.314
3755,58.339
3756,58.341
3757,58.343
3758,58.346
3759,58.348
3760,58.379
3761,58.382
3762,58.421
3763,58.424
3764,58.461
3765,58.464
3766,58.488
3767,58.491
3768,58.493
3769,58.495
3770,58.498
3771,58.530
3772,58.533
3773,58.570
3774,58.574
3775,58.609
3776,58.612
3777,58.637
3778,58.639
3779,58.642
3780,58.644
3781,58.681
3782,58.684
3783,58.715
3784,58.718
3785,58.743
3786,58.745
3787,58.748
3788,58.750
3789,58.787
3790,58.791
3791,58.822
3792,58.825
3793,58.850
3794,58.852
3795,58.855
3796,58.857
3797,58.894
3798,58.898
3799,58.930
3800,58.934
3801,58.960
3802,58.962
3803,58.965
3804,58.968
3805,59.005
3806,59.008
3807,59.038
3808,59.042
3809,59.069
3810,59.072
3811,59.074
3812,59.077
3813,59.114
3814,59.117
3815,59.146
3816,59.150
3817,59.176
3818,59.178
3819,59.181
3820,59.183
3821,59.220
3822,59.224
3823,59.256
3824,59.260
3825,59.289
3826,59.292
3827,59.295
3828,59.298
3829,59.339
3830,59.343
3831,59.388
3832,59.392
3833,59.438
3834,59.442
3835,59.450
3836,59.454
3837,59.479
3838,59.481
3839,59.520
3840,59.524
3841,59.528
3842,59.532
3843,59.535
3844,59.575
3845,59.579
3846,59.622
3847,59.625
3848,59.638
3849,59.641
3850,59.684
3851,59.689
3852,59.695
3853,59.761
3854,59.765
3855,59.805
3856,59.808
3857,59.812
3858,59.850
3859,59.853
3860,59.886
3861,59.889
3862,59.892
3863,59.924
3864,59.928
3865,59.942
3866,59.944
3867,59.946
3868,59.948
3869,59.959
3870,59.961
3871,59.982
3872,59.985
3873,60.010
3874,60.012
3875,60.014
3876,60.035
3877,60.056
3878,60.078
3879,60.080
3880,60.082
3881,60.101
3882,60.121
3883,60.152
3884,60.155
3885,60.158
3886,60.189
3887,60.192
3888,60.231
3889,60.234
3890,60.238
3891,60.270
3892,60.276
3893,60.289
3894,60.291
3895,60.303
3896,60.306
3897,60.315
3898,60.318
3899,60.375
3900,60.413
3901,60.418
3902,60.423
3903,60.427
3904,60.432
3905,60.436
3906,60.440
3907,60.445
3908,60.449
3909,60.454
3910,60.460
3911,60.465
3912,60.470
3913,60.475
3914,60.480
3915,60.485
3916,60.490
3917,60.494
3918,60.499
3919,60.504
3920,60.509
3921,60.514
3922,60.519
3923,60.524
3924,60.529
3925,60.534
3926,60.539
3927,60.544
3928,60.549
3929,60.599
3930,60.668
3931,60.700
3932,60.732
3933,60.762
3934,60.794
3935,60.820
3936,60.831
3937,60.863
3938,60.885
3939,60.942
3940,60.975
3941,61.041
3942,61.075
3943,61.136
3944,61.171
3945,61.270
3946,61.276
3947,61.359
3948,61.365
3949,61.413
3950,61.444
3951,61.475
3952,61.499
3953,61.510
3954,61.534
3955,61.593
3956,61.597
3957,61.644
3958,61.675
3959,61.700
3960,61.754
3961,61.759
3962,61.816
3963,61.822
3964,61.870
3965,61.874
3966,61.922
3967,61.926
3968,61.974
3969,61.979
3970,62.028
3971,62.032
3972,62.095
3973,62.099
3974,62.158
3975,62.162
3976,62.218
3977,62.251
3978,62.255
3979,62.259
3980,62.262
3981,62.266
3982,62.270
3983,62.274
3984,62.279
3985,62.283
3986,62.287
3987,62.291
3988,62.296
3989,62.301
3990,62.305
3991,62.309
3992,62.313
3993,62.317
3994,62.322
3995,62.326
3996,62.331
3997,62.336
3998,62.340
3999,62.345
4000,62.349
4001,62.353
4002,62.357
4003,62.362
4004,62.366
4005,62.371
4006,62.408
4007,62.498
4008,62.537
4009,62.581
4010,62.618
4011,62.655
4012,62.683
4013,62.697
4014,62.733
4015,62.762
4016,62.842
4017,62.876
4018,62.947
4019,62.976
4020,63.030
4021,63.063
4022,63.140
4023,63.145
4024,63.208
4025,63.212
4026,63.262
4027,63.293
4028,63.324
4029,63.349
4030,63.361
4031,63.387
4032,63.461
4033,63.466
4034,63.524
4035,63.559
4036,63.586
4037,63.651
4038,63.657
4039,63.730
4040,63.736
4041,63.799
4042,63.804
4043,63.866
4044,63.871
4045,63.927
4046,63.932
4047,63.990
4048,63.995
4049,64.063
4050,64.067
4051,64.155
4052,64.160
4053,64.249
4054,64.294
4055,64.299
4056,64.306
4057,64.311
4058,64.317
4059,64.322
4060,64.327
4061,64.333
4062,64.338
4063,64.344
4064,64.349
4065,64.355
4066,64.360
4067,64.366
4068,64.371
4069,64.377
4070,64.383
4071,64.388
4072,64.394
4073,64.399
4074,64.406
4075,64.413
4076,64.419
4077,64.426
4078,64.432
4079,64.438
4080,64.444
4081,64.451
4082,64.458
4083,64.523
4084,64.629
4085,64.651
4086,64.684
4087,64.718
4088,64.752
4089,64.777
4090,64.789
4091,64.821
4092,64.845
4093,64.906
4094,64.936
4095,65.000
4096,65.028
4097,65.083
4098,65.115
4099,65.199
4100,65.204
4101,65.273
4102,65.278
4103,65.333
4104,65.367
4105,65.400
4106,65.430
4107,65.443
4108,65.471
4109,65.542
4110,65.546
4111,65.601
4112,65.635
4113,65.661
4114,65.727
4115,65.732
4116,65.791
4117,65.795
4118,65.862
4119,65.868
4120,65.941
4121,65.947
4122,66.026
4123,66.032
4124,66.110
4125,66.116
4126,66.213
4127,66.219
4128,66.312
4129,66.317
4130,66.381
4131,66.419
4132,66.423
4133,66.428
4134,66.432
4135,66.437
4136,66.441
4137,66.446
4138,66.450
4139,66.455
4140,66.459
4141,66.464
4142,66.468
4143,66.473
4144,66.478
4145,66.483
4146,66.487
4147,66.492
4148,66.497
4149,66.502
4150,66.507
4151,66.512
4152,66.517
4153,66.521
4154,66.526
4155,66.531
4156,66.536
4157,66.541
4158,66.546
4159,66.551
4160,66.599
4161,66.670
4162,66.701
4163,66.734
4164,66.767
4165,66.799
4166,66.823
4167,66.836
4168,66.869
4169,66.893
4170,66.957
4171,66.985
4172,67.049
4173,67.078
4174,67.133
4175,67.196
4176,67.254
4177,67.260
4178,67.332
4179,67.337
4180,67.393
4181,67.425
4182,67.458
4183,67.484
4184,67.497
4185,67.525
4186,67.595
4187,67.601
4188,67.672
4189,67.711
4190,67.745
4191,67.824
4192,67.829
4193,67.910
4194,67.916
4195,67.989
4196,67.995
4197,68.074
4198,68.079
4199,68.135
4200,68.140
4201,68.200
4202,68.205
4203,68.272
4204,68.277
4205,68.339
4206,68.343
4207,68.400
4208,68.433
4209,68.438
4210,68.442
4211,68.446
4212,68.451
4213,68.455
4214,68.459
4215,68.463
4216,68.468
4217,68.472
4218,68.477
4219,68.481
4220,68.485
4221,68.490
4222,68.494
4223,68.499
4224,68.504
4225,68.508
4226,68.513
4227,68.518
4228,68.523
4229,68.528
4230,68.532
4231,68.537
4232,68.541
4233,68.546
4234,68.551
4235,68.556
4236,68.561
4237,68.610
4238,68.680
4239,68.714
4240,68.747
4241,68.780
4242,68.813
4243,68.840
4244,68.852
4245,68.886
4246,68.911
4247,68.980
4248,69.011
4249,69.073
4250,69.101
4251,69.154
4252,69.186
4253,69.267
4254,69.272
4255,69.357
4256,69.363
4257,69.434
4258,69.474
4259,69.514
4260,69.547
4261,69.561
4262,69.595
4263,69.684
4264,69.690
4265,69.771
4266,69.809
4267,69.837
4268,69.906
4269,69.911
4270,69.975
4271,69.981
4272,70.035
4273,70.041
4274,70.097
4275,70.102
4276,70.156
4277,70.161
4278,70.218
4279,70.223
4280,70.293
4281,70.298
4282,70.367
4283,70.372
4284,70.434
4285,70.471
4286,70.475
4287,70.480
4288,70.485
4289,70.490
4290,70.495
4291,70.499
4292,70.504
4293,70.508
4294,70.513
4295,70.518
4296,70.522
4297,70.527
4298,70.532
4299,70.537
4300,70.542
4301,70.547
4302,70.553
4303,70.558
4304,70.564
4305,70.569
4306,70.574
4307,70.579
4308,70.585
4309,70.591
4310,70.597
4311,70.602
4312,70.607
4313,70.613
4314,70.664
4315,70.736
4316,70.769
4317,70.800
4318,70.830
4319,70.860
4320,70.883
4321,70.895
4322,70.925
4323,70.948
4324,71.008
4325,71.031
4326,71.108
4327,71.138
4328,71.206
4329,71.245
4330,71.350
4331,71.356
4332,71.447
4333,71.453
4334,71.524
4335,71.557
4336,71.588
4337,71.614
4338,71.626
4339,71.652
4340,71.716
4341,71.722
4342,71.774
4343,71.805
4344,71.829
4345,71.890
4346,71.895
4347,71.954
4348,71.958
4349,72.011
4350,72.016
4351,72.069
4352,72.074
4353,72.127
4354,72.132
4355,72.188
4356,72.192
4357,72.261
4358,72.266
4359,72.330
4360,72.335
4361,72.393
4362,72.429
4363,72.433
4364,72.438
4365,72.442
4366,72.446
4367,72.451
4368,72.455
4369,72.460
4370,72.464
4371,72.469
4372,72.473
4373,72.478
4374,72.482
4375,72.487
4376,72.491
4377,72.496
4378,72.500
4379,72.506
4380,72.511
4381,72.516
4382,72.521
4383,72.525
4384,72.530
4385,72.535
4386,72.540
4387,72.545
4388,72.550
4389,72.555
4390,72.559
4391,72.608
4392,72.676
4393,72.717
4394,72.755
4395,72.794
4396,72.838
4397,72.843
4398,72.849
4399,72.854
4400,72.859
4401,72.864
4402,72.879
4403,72.917
4404,72.922
4405,72.936
4406,72.967
4407,72.973
4408,72.988
4409,72.993
4410,73.007
4411,73.117
4412,73.213
4413,73.217
4414,73.222
4415,73.227
4416,73.292
4417,73.297
4418,73.302
4419,73.307
4420,73.359
4421,73.391
4422,73.416
4423,73.428
4424,73.432
4425,73.436
4426,73.441
4427,73.445
4428,73.456
4429,73.460
4430,73.472
4431,73.476
4432,73.542
4433,73.616
4434,73.620
4435,73.625
4436,73.682
4437,73.687
4438,73.692
4439,73.696
4440,73.701
4441,73.713
4442,73.717
4443,73.732
4444,73.737
4445,73.809
4446,73.893
4447,73.898
4448,73.903
4449,73.960
4450,73.996
4451,74.089
4452,74.094
4453,74.167
4454,74.172
4455,74.231
4456,74.264
4457,74.340
4458,74.344
4459,74.348
4460,74.351
4461,74.355
4462,74.359
4463,74.423
4464,74.429
4465,74.495
4466,74.599
4467,74.708
4468,74.815
4469,74.860
4470,74.897
4471,74.902
4472,74.956
4473,74.961
4474,74.965
4475,74.970
4476,74.974
4477,74.979
4478,74.983
4479,75.035
4480,75.039
4481,75.087
4482,75.155
4483,75.235
4484,75.308
4485,75.341
4486,75.427
4487,75.432
4488,75.483
4489,75.558
4490,75.563
4491,75.567
4492,75.572
4493,75.629
4494,75.663
4495,75.667
4496,75.678
4497,75.703
4498,75.708
4499,75.777
4500,75.782
4501,75.787
4502,75.841
4503,75.846
4504,75.850
4505,75.913
4506,75.918
4507,75.978
4508,75.982
4509,76.051
4510,76.053
4511,76.130
4512,76.135
4513,76.206
4514,76.212
4515,76.284
4516,76.289
4517,76.378
4518,76.385
4519,76.473
4520,76.478
4521,76.538
4522,76.576
4523,76.581
4524,76.586
4525,76.590
4526,76.594
4527,76.599
4528,76.603
4529,76.608
4530,76.613
4531,76.617
4532,76.621
4533,76.626
4534,76.631
4535,76.636
4536,76.641
4537,76.646
4538,76.651
4539,76.655
4540,76.660
4541,76.665
4542,76.670
4543,76.675
4544,76.680
4545,76.686
4546,76.691
4547,76.696
4548,76.702
4549,76.708
4550,76.713
4551,76.764
4552,76.837
4553,76.872
4554,76.903
4555,76.936
4556,77.027
4557,77.058
4558,77.115
4559,77.148
4560,77.174
4561,77.187
4562,77.212
4563,77.219
4564,77.235
4565,77.269
4566,77.281
4567,77.305
4568,77.316
4569,77.321
4570,77.333
4571,77.337
4572,77.404
4573,77.440
4574,77.445
4575,77.450
4576,77.509
4577,77.544
4578,77.550
4579,77.554
4580,77.558
4581,77.562
4582,77.631
4583,77.636
4584,77.640
4585,77.645
4586,77.650
4587,77.655
4588,77.659
4589,77.711
4590,77.715
4591,77.718
4592,77.732
4593,77.761
4594,77.771
4595,77.795
4596,77.812
4597,77.816
4598,77.821
4599,77.835
4600,77.872
4601,77.976
4602,77.981
4603,78.063
4604,78.068
4605,78.136
4606,78.173
4607,78.290
4608,78.320
4609,78.335
4610,78.366
4611,78.433
4612,78.437
4613,78.491
4614,78.522
4615,78.546
4616,78.609
4617,78.613
4618,78.671
4619,78.675
4620,78.729
4621,78.734
4622,78.784
4623,78.789
4624,78.843
4625,78.848
4626,78.902
4627,78.906
4628,78.973
4629,78.978
4630,79.045
4631,79.050
4632,79.115
4633,79.152
4634,79.157
4635,79.161
4636,79.165
4637,79.169
4638,79.174
4639,79.178
4640,79.183
4641,79.187
4642,79.191
4643,79.196
4644,79.200
4645,79.205
4646,79.209
4647,79.214
4648,79.218
4649,79.223
4650,79.228
4651,79.233
4652,79.237
4653,79.243
4654,79.247
4655,79.252
4656,79.257
4657,79.262
4658,79.267
4659,79.271
4660,79.276
4661,79.280
4662,79.327
4663,79.388
4664,79.425
4665,79.461
4666,79.500
4667,79.535
4668,79.565
4669,79.578
4670,79.613
4671,79.641
4672,79.715
4673,79.747
4674,79.828
4675,79.867
4676,79.920
4677,79.952
4678,80.033
4679,80.037
4680,80.107
4681,80.112
4682,80.164
4683,80.195
4684,80.227
4685,80.254
4686,80.265
4687,80.293
4688,80.356
4689,80.361
4690,80.416
4691,80.449
4692,80.477
4693,80.542
4694,80.547
4695,80.614
4696,80.619
4697,80.677
4698,80.682
4699,80.746
4700,80.751
4701,80.812
4702,80.817
4703,80.880
4704,80.885
4705,80.957
4706,80.962
4707,81.025
4708,81.029
4709,81.113
4710,81.159
4711,81.165
4712,81.170
4713,81.175
4714,81.181
4715,81.186
4716,81.191
4717,81.197
4718,81.203
4719,81.208
4720,81.215
4721,81.221
4722,81.228
4723,81.234
4724,81.240
4725,81.246
4726,81.251
4727,81.257
4728,81.263
4729,81.269
4730,81.275
4731,81.281
4732,81.287
4733,81.292
4734,81.298
4735,81.304
4736,81.309
4737,81.315
4738,81.320
4739,81.387
4740,81.483
4741,81.522
4742,81.569
4743,81.605
4744,81.639
4745,81.665
4746,81.678
4747,81.713
4748,81.737
4749,81.805
4750,81.833
4751,81.899
4752,81.927
4753,81.982
4754,82.013
4755,82.101
4756,82.106
4757,82.177
4758,82.182
4759,82.235
4760,82.266
4761,82.300
4762,82.326
4763,82.338
4764,82.365
4765,82.433
4766,82.438
4767,82.495
4768,82.528
4769,82.553
4770,82.622
4771,82.627
4772,82.692
4773,82.697
4774,82.759
4775,82.763
4776,82.827
4777,82.833
4778,82.910
4779,82.916
4780,82.997
4781,83.003
4782,83.091
4783,83.096
4784,83.186
4785,83.192
4786,83.279
4787,83.318
4788,83.323
4789,83.327
4790,83.331
4791,83.336
4792,83.340
4793,83.345
4794,83.349
4795,83.353
4796,83.358
4797,83.362
4798,83.367
4799,83.371
4800,83.376
4801,83.381
4802,83.386
4803,83.391
4804,83.395
4805,83.400
4806,83.405
4807,83.410
4808,83.415
4809,83.420
4810,83.425
4811,83.429
4812,83.434
4813,83.439
4814,83.443
4815,83.448
4816,83.501
4817,83.571
4818,83.602
4819,83.639
4820,83.671
4821,83.704
4822,83.708
4823,83.713
4824,83.717
4825,83.721
4826,83.726
4827,83.738
4828,83.772
4829,83.776
4830,83.788
4831,83.812
4832,83.816
4833,83.828
4834,83.832
4835,83.843
4836,83.925
4837,84.003
4838,84.008
4839,84.012
4840,84.016
4841,84.081
4842,84.086
4843,84.091
4844,84.096
4845,84.153
4846,84.186
4847,84.212
4848,84.224
4849,84.251
4850,84.256
4851,84.268
4852,84.296
4853,84.307
4854,84.332
4855,84.344
4856,84.348
4857,84.359
4858,84.446
4859,84.530
4860,84.534
4861,84.539
4862,84.544
4863,84.548
4864,84.608
4865,84.648
4866,84.653
4867,84.657
4868,84.662
4869,84.667
4870,84.672
4871,84.753
4872,84.758
4873,84.763
4874,84.768
4875,84.773
4876,84.855
4877,84.861
4878,84.867
4879,84.872
4880,84.878
4881,84.949
4882,84.990
4883,84.995
4884,84.999
4885,85.075
4886,85.079
4887,85.132
4888,85.157
4889,85.168
4890,85.171
4891,85.175
4892,85.187
4893,85.215
4894,85.294
4895,85.299
4896,85.366
4897,85.372
4898,85.428
4899,85.463
4900,85.558
4901,85.590
4902,85.605
4903,85.638
4904,85.716
4905,85.722
4906,85.780
4907,85.861
4908,85.866
4909,85.870
4910,85.874
4911,85.879
4912,85.883
4913,85.939
4914,85.970
4915,85.983
4916,86.006
4917,86.018
4918,86.051
4919,86.055
4920,86.066
4921,86.090
4922,86.095
4923,86.099
4924,86.110
4925,86.134
4926,86.138
4927,86.150
4928,86.237
4929,86.328
4930,86.334
4931,86.422
4932,86.428
4933,86.505
4934,86.511
4935,86.584
4936,86.590
4937,86.665
4938,86.671
4939,86.755
4940,86.761
4941,86.837
4942,86.842
4943,86.913
4944,86.918
4945,86.981
4946,87.016
4947,87.021
4948,87.025
4949,87.030
4950,87.034
4951,87.039
4952,87.044
4953,87.048
4954,87.053
4955,87.058
4956,87.063
4957,87.068
4958,87.073
4959,87.077
4960,87.082
4961,87.087
4962,87.091
4963,87.097
4964,87.101
4965,87.106
4966,87.111
4967,87.116
4968,87.121
4969,87.126
4970,87.131
4971,87.136
4972,87.141
4973,87.146
4974,87.150
4975,87.201
4976,87.273
4977,87.305
4978,87.337
4979,87.370
4980,87.447
4981,87.473
4982,87.477
4983,87.481
4984,87.485
4985,87.489
4986,87.495
4987,87.549
4988,87.553
4989,87.564
4990,87.569
4991,87.580
4992,87.585
4993,87.654
4994,87.691
4995,87.775
4996,87.811
4997,87.837
4998,87.850
4999,87.876
5000,87.881
5001,87.942
5002,87.947
5003,88.002
5004,88.025
5005,88.037
5006,88.044
5007,88.059
5008,88.065
5009,88.154
5010,88.257
5011,88.263
5012,88.268
5013,88.353
5014,88.358
5015,88.364
5016,88.437
5017,88.479
5018,88.484
5019,88.490
5020,88.495
5021,88.501
5022,88.584
5023,88.589
5024,88.593
5025,88.598
5026,88.603
5027,88.608
5028,88.613
5029,88.670
5030,88.675
5031,88.679
5032,88.736
5033,88.741
5034,88.798
5035,88.823
5036,88.834
5037,88.839
5038,88.843
5039,88.855
5040,88.889
5041,88.976
5042,88.981
5043,89.052
5044,89.057
5045,89.112
5046,89.145
5047,89.178
5048,89.204
5049,89.216
5050,89.243
5051,89.314
5052,89.319
5053,89.373
5054,89.455
5055,89.460
5056,89.464
5057,89.468
5058,89.473
5059,89.478
5060,89.482
5061,89.487
5062,89.547
5063,89.552
5064,89.606
5065,89.630
5066,89.641
5067,89.645
5068,89.657
5069,89.661
5070,89.722
5071,89.824
5072,89.829
5073,89.834
5074,89.839
5075,89.928
5076,89.934
5077,90.017
5078,90.023
5079,90.102
5080,90.108
5081,90.193
5082,90.198
5083,90.260
5084,90.265
5085,90.333
5086,90.338
5087,90.411
5088,90.416
5089,90.482
5090,90.487
5091,90.555
5092,90.597
5093,90.597
5094,90.599
5095,90.603
5096,90.608
5097,90.613
5098,90.618
5099,90.622
5100,90.627
5101,90.631
5102,90.636
5103,90.641
5104,90.645
5105,90.650
5106,90.655
5107,90.660
5108,90.665
5109,90.670
5110,90.675
5111,90.680
5112,90.685
5113,90.690
5114,90.695
5115,90.700
5116,90.705
5117,90.710
5118,90.716
5119,90.721
5120,90.726
5121,90.779
5122,90.853
5123,90.886
5124,90.920
5125,90.955
5126,91.037
5127,91.063
5128,91.067
5129,91.071
5130,91.076
5131,91.080
5132,91.086
5133,91.141
5134,91.145
5135,91.157
5136,91.162
5137,91.174
5138,91.178
5139,91.248
5140,91.284
5141,91.362
5142,91.447
5143,91.451
5144,91.455
5145,91.459
5146,91.463
5147,91.546
5148,91.551
5149,91.626
5150,91.632
5151,91.720
5152,91.726
5153,91.732
5154,91.808
5155,91.840
5156,91.845
5157,91.928
5158,91.934
5159,91.998
5160,92.023
5161,92.035
5162,92.039
5163,92.051
5164,92.055
5165,92.123
5166,92.208
5167,92.213
5168,92.217
5169,92.287
5170,92.293
5171,92.299
5172,92.357
5173,92.391
5174,92.396
5175,92.400
5176,92.404
5177,92.409
5178,92.480
5179,92.485
5180,92.491
5181,92.496
5182,92.501
5183,92.506
5184,92.511
5185,92.567
5186,92.571
5187,92.575
5188,92.635
5189,92.639
5190,92.692
5191,92.716
5192,92.726
5193,92.730
5194,92.734
5195,92.748
5196,92.780
5197,92.862
5198,92.867
5199,92.934
5200,92.938
5201,92.991
5202,93.022
5203,93.052
5204,93.077
5205,93.088
5206,93.113
5207,93.191
5208,93.196
5209,93.267
5210,93.363
5211,93.368
5212,93.372
5213,93.377
5214,93.382
5215,93.387
5216,93.392
5217,93.396
5218,93.467
5219,93.472
5220,93.539
5221,93.569
5222,93.584
5223,93.589
5224,93.601
5225,93.605
5226,93.672
5227,93.748
5228,93.752
5229,93.757
5230,93.760
5231,93.823
5232,93.827
5233,93.889
5234,93.894
5235,93.946
5236,93.951
5237,94.004
5238,94.010
5239,94.064
5240,94.068
5241,94.125
5242,94.130
5243,94.206
5244,94.211
5245,94.281
5246,94.286
5247,94.347
5248,94.378
5249,94.382
5250,94.387
5251,94.390
5252,94.395
5253,94.399
5254,94.403
5255,94.407
5256,94.412
5257,94.416
5258,94.420
5259,94.424
5260,94.429
5261,94.433
5262,94.438
5263,94.442
5264,94.446
5265,94.451
5266,94.455
5267,94.459
5268,94.464
5269,94.469
5270,94.473
5271,94.478
5272,94.482
5273,94.487
5274,94.491
5275,94.496
5276,94.500
5277,94.548
5278,94.614
5279,94.649
5280,94.681
5281,94.711
5282,94.749
5283,94.782
5284,94.787
5285,94.792
5286,94.797
5287,94.802
5288,94.811
5289,94.825
5290,94.830
5291,94.845
5292,94.850
5293,94.864
5294,94.869
5295,94.957
5296,94.996
5297,95.097
5298,95.204
5299,95.211
5300,95.217
5301,95.222
5302,95.228
5303,95.287
5304,95.291
5305,95.349
5306,95.353
5307,95.418
5308,95.423
5309,95.428
5310,95.484
5311,95.509
5312,95.514
5313,95.577
5314,95.582
5315,95.638
5316,95.663
5317,95.675
5318,95.679
5319,95.690
5320,95.694
5321,95.760
5322,95.838
5323,95.842
5324,95.847
5325,95.914
5326,95.919
5327,95.924
5328,95.984
5329,96.017
5330,96.021
5331,96.025
5332,96.030
5333,96.034
5334,96.107
5335,96.112
5336,96.117
5337,96.123
5338,96.128
5339,96.133
5340,96.138
5341,96.196
5342,96.200
5343,96.205
5344,96.265
5345,96.269
5346,96.323
5347,96.348
5348,96.359
5349,96.363
5350,96.367
5351,96.377
5352,96.404
5353,96.513
5354,96.519
5355,96.613
5356,96.618
5357,96.685
5358,96.722
5359,96.763
5360,96.797
5361,96.812
5362,96.846
5363,96.933
5364,96.938
5365,96.998
5366,97.077
5367,97.082
5368,97.086
5369,97.091
5370,97.095
5371,97.100
5372,97.104
5373,97.108
5374,97.168
5375,97.173
5376,97.231
5377,97.255
5378,97.267
5379,97.272
5380,97.283
5381,97.288
5382,97.353
5383,97.437
5384,97.442
5385,97.447
5386,97.452
5387,97.524
5388,97.528
5389,97.598
5390,97.603
5391,97.667
5392,97.672
5393,97.735
5394,97.741
5395,97.807
5396,97.812
5397,97.878
5398,97.883
5399,97.960
5400,97.965
5401,98.033
5402,98.038
5403,98.119
5404,98.159
5405,98.164
5406,98.169
5407,98.175
5408,98.180
5409,98.185
5410,98.190
5411,98.195
5412,98.201
5413,98.207
5414,98.213
5415,98.219
5416,98.224
5417,98.229
5418,98.234
5419,98.239
5420,98.245
5421,98.250
5422,98.256
5423,98.261
5424,98.267
5425,98.272
5426,98.278
5427,98.284
5428,98.290
5429,98.296
5430,98.303
5431,98.307
5432,98.313
5433,98.375
5434,98.466
5435,98.504
5436,98.545
5437,98.584
5438,98.617
5439,98.643
5440,98.656
5441,98.689
5442,98.714
5443,98.783
5444,98.812
5445,98.884
5446,98.914
5447,98.973
5448,99.005
5449,99.086
5450,99.091
5451,99.158
5452,99.163
5453,99.215
5454,99.246
5455,99.276
5456,99.303
5457,99.314
5458,99.340
5459,99.408
5460,99.413
5461,99.467
5462,99.498
5463,99.522
5464,99.590
5465,99.595
5466,99.664
5467,99.669
5468,99.728
5469,99.732
5470,99.812
5471,99.818
5472,99.904
5473,99.911
5474,99.994
5475,100.000
5476,100.103
5477,100.109
5478,100.212
5479,100.219
5480,100.292
5481,100.330
5482,100.335
5483,100.340
5484,100.345
5485,100.349
5486,100.354
5487,100.359
5488,100.363
5489,100.368
5490,100.372
5491,100.377
5492,100.382
5493,100.387
5494,100.391
5495,100.396
5496,100.401
5497,100.405
5498,100.410
5499,100.415
5500,100.420
5501,100.425
5502,100.430
5503,100.436
5504,100.442
5505,100.447
5506,100.452
5507,100.457
5508,100.463
5509,100.468
5510,100.532
5511,100.607
5512,100.640
5513,100.671
5514,100.701
5515,100.731
5516,100.755
5517,100.767
5518,100.798
5519,100.823
5520,100.889
5521,100.917
5522,100.982
5523,101.011
5524,101.065
5525,101.098
5526,101.182
5527,101.187
5528,101.260
5529,101.265
5530,101.321
5531,101.351
5532,101.380
5533,101.405
5534,101.416
5535,101.441
5536,101.514
5537,101.519
5538,101.593
5539,101.634
5540,101.665
5541,101.750
5542,101.756
5543,101.847
5544,101.854
5545,101.936
5546,101.943
5547,102.011
5548,102.017
5549,102.081
5550,102.086
5551,102.149
5552,102.154
5553,102.230
5554,102.235
5555,102.309
5556,102.314
5557,102.382
5558,102.419
5559,102.424
5560,102.428
5561,102.433
5562,102.438
5563,102.443
5564,102.448
5565,102.452
5566,102.457
5567,102.462
5568,102.467
5569,102.473
5570,102.477
5571,102.482
5572,102.487
5573,102.492
5574,102.496
5575,102.502
5576,102.507
5577,102.512
5578,102.517
5579,102.522
5580,102.527
5581,102.532
5582,102.538
5583,102.543
5584,102.547
5585,102.553
5586,102.558
5587,102.613
5588,102.691
5589,102.728
5590,102.760
5591,102.792
5592,102.827
5593,102.854
5594,102.867
5595,102.900
5596,102.928
5597,103.007
5598,103.040
5599,103.112
5600,103.140
5601,103.197
5602,103.226
5603,103.348
5604,103.354
5605,103.461
5606,103.468
5607,103.543
5608,103.584
5609,103.624
5610,103.659
5611,103.675
5612,103.708
5613,103.799
5614,103.804
5615,103.870
5616,103.904
5617,103.932
5618,104.004
5619,104.008
5620,104.077
5621,104.083
5622,104.145
5623,104.150
5624,104.212
5625,104.217
5626,104.284
5627,104.289
5628,104.358
5629,104.363
5630,104.444
5631,104.449
5632,104.527
5633,104.532
5634,104.560
5635,104.610
5636,104.659
5637,104.712
5638,104.757
5639,104.798
5640,104.847
5641,104.891
5642,104.936
5643,104.997
5644,105.054
5645,105.112
5646,105.169
5647,105.221
5648,105.286
5649,105.345
5650,105.405
5651,105.460
5652,105.511
5653,105.563
5654,105.613
5655,105.661
5656,105.708
5657,105.757
5658,105.805
5659,105.855
5660,105.895
5661,105.937
5662,105.989
5663,106.034
5664,106.083
5665,106.133
5666,106.182
5667,106.232
5668,106.281
5669,106.330
5670,106.384
5671,106.414
5672,106.416
5673,106.433
5674,106.436
5675,106.438
5676,106.457
5677,106.466
5678,106.497
5679,106.544
5680,106.615
5681,106.668
5682,106.671
5683,106.796
5684,106.984
5685,106.992
5686,107.000
5687,107.008
5688,107.017
5689,107.026
5690,107.035
5691,107.046
5692,107.058
5693,107.069
5694,107.084
5695,107.094
5696,107.105
5697,107.115
5698,107.126
5699,107.137
5700,107.149
5701,107.161
5702,107.174
5703,107.187
5704,107.200
5705,107.214
5706,107.228
5707,107.242
5708,107.257
5709,107.274
5710,107.290
5711,107.307
5712,107.326
5713,107.344
5714,107.362
5715,107.386
5716,107.404
5717,107.424
5718,107.443
5719,107.462
5720,107.483
5721,107.504
5722,107.526
5723,107.549
5724,107.562
5725,107.567
5726,107.581
5727,107.605
5728,107.608
5729,107.610
5730,107.612
5731,107.635
5732,107.655
5733,107.677
5734,107.698
5735,107.770
5736,107.809
5737,107.814
5738,107.818
5739,107.823
5740,107.827
5741,107.832
5742,107.837
5743,107.841
5744,107.846
5745,107.851
5746,107.856
5747,107.861
5748,107.866
5749,107.871
5750,107.875
5751,107.880
5752,107.885
5753,107.890
5754,107.895
5755,107.901
5756,107.906
5757,107.912
5758,107.917
5759,107.922
5760,107.927
5761,107.933
5762,107.938
5763,107.943
5764,107.949
5765,108.009
5766,108.091
5767,108.124
5768,108.157
5769,108.189
5770,108.220
5771,108.246
5772,108.259
5773,108.294
5774,108.322
5775,108.396
5776,108.427
5777,108.492
5778,108.497
5779,108.501
5780,108.506
5781,108.511
5782,108.524
5783,108.528
5784,108.583
5785,108.587
5786,108.673
5787,108.678
5788,108.684
5789,108.772
5790,108.812
5791,108.930
5792,108.936
5793,109.042
5794,109.049
5795,109.124
5796,109.158
5797,109.191
5798,109.218
5799,109.230
5800,109.257
5801,109.311
5802,109.315
5803,109.320
5804,109.324
5805,109.328
5806,109.381
5807,109.387
5808,109.455
5809,109.460
5810,109.521
5811,109.552
5812,109.578
5813,109.653
5814,109.658
5815,109.734
5816,109.739
5817,109.803
5818,109.808
5819,109.873
5820,109.879
5821,109.946
5822,109.950
5823,110.020
5824,110.025
5825,110.106
5826,110.111
5827,110.180
5828,110.184
5829,110.274
5830,110.323
5831,110.329
5832,110.336
5833,110.342
5834,110.348
5835,110.354
5836,110.360
5837,110.366
5838,110.373
5839,110.380
5840,110.386
5841,110.392
5842,110.398
5843,110.404
5844,110.409
5845,110.416
5846,110.422
5847,110.428
5848,110.434
5849,110.440
5850,110.446
5851,110.453
5852,110.459
5853,110.465
5854,110.471
5855,110.477
5856,110.483
5857,110.490
5858,110.495
5859,110.577
5860,110.685
5861,110.732
5862,110.770
5863,110.804
5864,110.839
5865,110.872
5866,110.880
5867,110.912
5868,110.939
5869,111.018
5870,111.049
5871,111.126
5872,111.158
5873,111.222
5874,111.255
5875,111.360
5876,111.365
5877,111.454
5878,111.459
5879,111.525
5880,111.564
5881,111.590
5882,111.618
5883,111.630
5884,111.658
5885,111.734
5886,111.739
5887,111.803
5888,111.835
5889,111.863
5890,111.875
5891,111.964
5892,111.971
5893,112.098
5894,112.106
5895,112.207
5896,112.213
5897,112.293
5898,112.299
5899,112.391
5900,112.398
5901,112.510
5902,112.515
5903,112.594
5904,112.599
5905,112.666
5906,112.703
5907,112.708
5908,112.712
5909,112.717
5910,112.722
5911,112.726
5912,112.731
5913,112.736
5914,112.741
5915,112.745
5916,112.750
5917,112.755
5918,112.759
5919,112.764
5920,112.769
5921,112.774
5922,112.779
5923,112.784
5924,112.789
5925,112.794
5926,112.799
5927,112.805
5928,112.811
5929,112.816
5930,112.822
5931,112.827
5932,112.831
5933,112.836
5934,112.841
5935,112.898
5936,112.982
5937,113.014
5938,113.048
5939,113.078
5940,113.110
5941,113.135
5942,113.146
5943,113.178
5944,113.202
5945,113.273
5946,113.302
5947,113.379
5948,113.413
5949,113.479
5950,113.514
5951,113.546
5952,113.651
5953,113.657
5954,113.717
5955,113.757
5956,113.798
5957,113.833
5958,113.847
5959,113.880
5960,113.974
5961,113.980
5962,114.056
5963,114.093
5964,114.124
5965,114.138
5966,114.253
5967,114.258
5968,114.324
5969,114.329
5970,114.394
5971,114.399
5972,114.462
5973,114.466
5974,114.532
5975,114.537
5976,114.616
5977,114.620
5978,114.695
5979,114.700
5980,114.768
5981,114.804
5982,114.809
5983,114.813
5984,114.818
5985,114.822
5986,114.827
5987,114.831
5988,114.836
5989,114.840
5990,114.845
5991,114.849
5992,114.854
5993,114.859
5994,114.863
5995,114.868
5996,114.873
5997,114.878
5998,114.883
5999,114.888
6000,114.893
6001,114.898
6002,114.903
6003,114.909
6004,114.914
6005,114.919
6006,114.925
6007,114.930
6008,114.935
6009,114.940
6010,115.002
6011,115.082
6012,115.114
6013,115.147
6014,115.178
6015,115.209
6016,115.234
6017,115.246
6018,115.277
6019,115.300
6020,115.368
6021,115.401
6022,115.493
6023,115.530
6024,115.611
6025,115.652
6026,115.780
6027,115.786
6028,115.892
6029,115.897
6030,115.958
6031,115.987
6032,116.021
6033,116.054
6034,116.068
6035,116.102
6036,116.172
6037,116.177
6038,116.239
6039,116.270
6040,116.295
6041,116.306
6042,116.399
6043,116.404
6044,116.467
6045,116.472
6046,116.537
6047,116.542
6048,116.610
6049,116.615
6050,116.686
6051,116.691
6052,116.779
6053,116.784
6054,116.865
6055,116.870
6056,116.943
6057,116.980
6058,116.984
6059,116.989
6060,116.993
6061,116.997
6062,117.001
6063,117.005
6064,117.009
6065,117.013
6066,117.018
6067,117.022
6068,117.026
6069,117.030
6070,117.036
6071,117.042
6072,117.048
6073,117.055
6074,117.061
6075,117.068
6076,117.074
6077,117.080
6078,117.087
6079,117.094
6080,117.101
6081,117.108
6082,117.113
6083,117.120
6084,117.126
6085,117.131
6086,117.211
6087,117.316
6088,117.356
6089,117.395
6090,117.433
6091,117.473
6092,117.505
6093,117.521
6094,117.563
6095,117.588
6096,117.661
6097,117.687
6098,117.756
6099,117.784
6100,117.841
6101,117.872
6102,117.876
6103,117.887
6104,117.978
6105,117.983
6106,118.040
6107,118.044
6108,118.055
6109,118.085
6110,118.110
6111,118.121
6112,118.147
6113,118.217
6114,118.222
6115,118.281
6116,118.313
6117,118.339
6118,118.350
6119,118.443
6120,118.448
6121,118.513
6122,118.519
6123,118.587
6124,118.592
6125,118.658
6126,118.663
6127,118.753
6128,118.759
6129,118.873
6130,118.879
6131,118.981
6132,118.988
6133,119.079
6134,119.125
6135,119.131
6136,119.137
6137,119.144
6138,119.150
6139,119.156
6140,119.163
6141,119.171
6142,119.176
6143,119.181
6144,119.186
6145,119.192
6146,119.197
6147,119.202
6148,119.207
6149,119.213
6150,119.218
6151,119.224
6152,119.229
6153,119.234
6154,119.239
6155,119.244
6156,119.249
6157,119.255
6158,119.261
6159,119.266
6160,119.271
6161,119.276
6162,119.281
6163,119.343
6164,119.422
6165,119.453
6166,119.484
6167,119.516
6168,119.547
6169,119.575
6170,119.588
6171,119.620
6172,119.646
6173,119.719
6174,119.747
6175,119.817
6176,119.845
6177,119.904
6178,119.934
6179,119.965
6180,120.060
6181,120.065
6182,120.125
6183,120.156
6184,120.188
6185,120.215
6186,120.227
6187,120.252
6188,120.326
6189,120.331
6190,120.387
6191,120.428
6192,120.462
6193,120.476
6194,120.596
6195,120.602
6196,120.684
6197,120.690
6198,120.776
6199,120.781
6200,120.865
6201,120.869
6202,120.939
6203,120.944
6204,121.021
6205,121.025
6206,121.098
6207,121.151
6208,121.172
6209,121.211
6210,121.215
6211,121.220
6212,121.225
6213,121.229
6214,121.234
6215,121.238
6216,121.243
6217,121.247
6218,121.253
6219,121.258
6220,121.263
6221,121.268
6222,121.273
6223,121.277
6224,121.282
6225,121.287
6226,121.292
6227,121.297
6228,121.302
6229,121.307
6230,121.312
6231,121.318
6232,121.323
6233,121.328
6234,121.333
6235,121.338
6236,121.343
6237,121.348
6238,121.403
6239,121.481
6240,121.515
6241,121.551
6242,121.583
6243,121.616
6244,121.642
6245,121.653
6246,121.684
6247,121.708
6248,121.781
6249,121.811
6250,121.882
6251,121.912
6252,121.972
6253,122.003
6254,122.037
6255,122.173
6256,122.181
6257,122.275
6258,122.281
6259,122.299
6260,122.305
6261,122.394
6262,122.439
6263,122.460
6264,122.506
6265,122.583
6266,122.588
6267,122.650
6268,122.680
6269,122.706
6270,122.716
6271,122.813
6272,122.818
6273,122.881
6274,122.886
6275,122.947
6276,122.951
6277,123.013
6278,123.018
6279,123.083
6280,123.087
6281,123.161
6282,123.165
6283,123.234
6284,123.239
6285,123.301
6286,123.334
6287,123.338
6288,123.343
6289,123.347
6290,123.351
6291,123.355
6292,123.360
6293,123.364
6294,123.368
6295,123.372
6296,123.377
6297,123.381
6298,123.386
6299,123.390
6300,123.395
6301,123.399
6302,123.403
6303,123.408
6304,123.412
6305,123.416
6306,123.421
6307,123.425
6308,123.430
6309,123.434
6310,123.439
6311,123.444
6312,123.448
6313,123.453
6314,123.457
6315,123.511
6316,123.589
6317,123.626
6318,123.662
6319,123.698
6320,123.737
6321,123.770
6322,123.783
6323,123.820
6324,123.850
6325,123.938
6326,123.971
6327,124.059
6328,124.086
6329,124.149
6330,124.179
6331,124.209
6332,124.303
6333,124.307
6334,124.366
6335,124.396
6336,124.426
6337,124.452
6338,124.468
6339,124.501
6340,124.572
6341,124.577
6342,124.637
6343,124.668
6344,124.693
6345,124.762
6346,124.767
6347,124.839
6348,124.844
6349,124.907
6350,124.912
6351,124.977
6352,124.982
6353,125.044
6354,125.048
6355,125.114
6356,125.119
6357,125.226
6358,125.233
6359,125.328
6360,125.334
6361,125.422
6362,125.471
6363,125.477
6364,125.482
6365,125.487
6366,125.493
6367,125.498
6368,125.504
6369,125.509
6370,125.514
6371,125.520
6372,125.525
6373,125.531
6374,125.537
6375,125.542
6376,125.548
6377,125.554
6378,125.560
6379,125.567
6380,125.573
6381,125.580
6382,125.587
6383,125.594
6384,125.601
6385,125.608
6386,125.613
6387,125.618
6388,125.623
6389,125.628
6390,125.633
6391,125.694
6392,125.775
6393,125.806
6394,125.837
6395,125.867
6396,125.897
6397,125.922
6398,125.933
6399,125.966
6400,125.989
6401,126.061
6402,126.089
6403,126.156
6404,126.185
6405,126.246
6406,126.277
6407,126.308
6408,126.409
6409,126.414
6410,126.478
6411,126.511
6412,126.541
6413,126.567
6414,126.579
6415,126.605
6416,126.684
6417,126.689
6418,126.746
6419,126.784
6420,126.819
6421,126.834
6422,126.966
6423,126.974
6424,127.067
6425,127.073
6426,127.161
6427,127.166
6428,127.254
6429,127.259
6430,127.334
6431,127.339
6432,127.415
6433,127.420
6434,127.494
6435,127.499
6436,127.568
6437,127.601
6438,127.606
6439,127.610
6440,127.614
6441,127.619
6442,127.623
6443,127.627
6444,127.632
6445,127.637
6446,127.641
6447,127.645
6448,127.651
6449,127.656
6450,127.661
6451,127.665
6452,127.670
6453,127.674
6454,127.679
6455,127.684
6456,127.689
6457,127.695
6458,127.699
6459,127.704
6460,127.709
6461,127.714
6462,127.718
6463,127.723
6464,127.728
6465,127.732
6466,127.787
6467,127.860
6468,127.889
6469,127.918
6470,127.947
6471,127.977
6472,128.002
6473,128.014
6474,128.045
6475,128.070
6476,128.142
6477,128.171
6478,128.241
6479,128.268
6480,128.333
6481,128.338
6482,128.341
6483,128.408
6484,128.444
6485,128.570
6486,128.576
6487,128.643
6488,128.678
6489,128.712
6490,128.743
6491,128.756
6492,128.787
6493,128.808
6494,128.846
6495,128.858
6496,128.888
6497,128.911
6498,128.923
6499,129.015
6500,129.020
6501,129.083
6502,129.088
6503,129.153
6504,129.158
6505,129.221
6506,129.225
6507,129.293
6508,129.297
6509,129.375
6510,129.380
6511,129.455
6512,129.459
6513,129.529
6514,129.562
6515,129.567
6516,129.571
6517,129.576
6518,129.580
6519,129.584
6520,129.589
6521,129.593
6522,129.598
6523,129.602
6524,129.607
6525,129.611
6526,129.616
6527,129.620
6528,129.627
6529,129.632
6530,129.637
6531,129.641
6532,129.646
6533,129.651
6534,129.656
6535,129.661
6536,129.666
6537,129.671
6538,129.676
6539,129.681
6540,129.686
6541,129.690
6542,129.695
6543,129.752
6544,129.828
6545,129.858
6546,129.888
6547,129.914
6548,129.944
6549,129.979
6550,129.993
6551,130.029
6552,130.060
6553,130.158
6554,130.194
6555,130.286
6556,130.321
6557,130.403
6558,130.435
6559,130.465
6560,130.567
6561,130.572
6562,130.634
6563,130.665
6564,130.697
6565,130.724
6566,130.736
6567,130.762
6568,130.839
6569,130.844
6570,130.905
6571,130.935
6572,130.960
6573,130.972
6574,131.065
6575,131.070
6576,131.139
6577,131.144
6578,131.210
6579,131.215
6580,131.280
6581,131.285
6582,131.356
6583,131.361
6584,131.441
6585,131.446
6586,131.536
6587,131.542
6588,131.637
6589,131.681
6590,131.686
6591,131.691
6592,131.697
6593,131.702
6594,131.707
6595,131.712
6596,131.718
6597,131.724
6598,131.729
6599,131.735
6600,131.740
6601,131.746
6602,131.752
6603,131.757
6604,131.763
6605,131.769
6606,131.775
6607,131.781
6608,131.787
6609,131.793
6610,131.799
6611,131.805
6612,131.811
6613,131.817
6614,131.823
6615,131.829
6616,131.835
6617,131.841
6618,131.920
6619,132.021
6620,132.054
6621,132.088
6622,132.126
6623,132.162
6624,132.186
6625,132.198
6626,132.228
6627,132.252
6628,132.324
6629,132.353
6630,132.425
6631,132.454
6632,132.519
6633,132.550
6634,132.581
6635,132.680
6636,132.685
6637,132.747
6638,132.777
6639,132.807
6640,132.833
6641,132.845
6642,132.871
6643,132.952
6644,132.957
6645,133.021
6646,133.051
6647,133.076
6648,133.087
6649,133.189
6650,133.195
6651,133.286
6652,133.292
6653,133.381
6654,133.386
6655,133.472
6656,133.478
6657,133.576
6658,133.581
6659,133.669
6660,133.674
6661,133.751
6662,133.755
6663,133.825
6664,133.860
6665,133.864
6666,133.868
6667,133.873
6668,133.877
6669,133.881
6670,133.886
6671,133.890
6672,133.895
6673,133.899
6674,133.904
6675,133.908
6676,133.913
6677,133.917
6678,133.922
6679,133.926
6680,133.931
6681,133.935
6682,133.940
6683,133.945
6684,133.950
6685,133.954
6686,133.959
6687,133.964
6688,133.969
6689,133.973
6690,133.978
6691,133.983
6692,133.987
6693,134.044
6694,134.117
6695,134.147
6696,134.176
6697,134.205
6698,134.235
6699,134.260
6700,134.271
6701,134.301
6702,134.324
6703,134.395
6704,134.423
6705,134.491
6706,134.521
6707,134.583
6708,134.612
6709,134.641
6710,134.735
6711,134.739
6712,134.820
6713,134.861
6714,134.905
6715,134.939
6716,134.953
6717,134.984
6718,135.079
6719,135.085
6720,135.164
6721,135.205
6722,135.236
6723,135.247
6724,135.342
6725,135.348
6726,135.411
6727,135.416
6728,135.481
6729,135.486
6730,135.552
6731,135.557
6732,135.625
6733,135.630
6734,135.709
6735,135.714
6736,135.788
6737,135.793
6738,135.861
6739,135.896
6740,135.901
6741,135.905
6742,135.909
6743,135.913
6744,135.917
6745,135.921
6746,135.926
6747,135.930
6748,135.935
6749,135.939
6750,135.943
6751,135.948
6752,135.952
6753,135.957
6754,135.961
6755,135.965
6756,135.970
6757,135.974
6758,135.979
6759,135.984
6760,135.988
6761,135.992
6762,135.997
6763,136.002
6764,136.006
6765,136.011
6766,136.015
6767,136.020
6768,136.074
6769,136.149
6770,136.178
6771,136.206
6772,136.235
6773,136.265
6774,136.288
6775,136.298
6776,136.326
6777,136.358
6778,136.450
6779,136.483
6780,136.565
6781,136.599
6782,136.678
6783,136.718
6784,136.752
6785,136.850
6786,136.855
6787,136.915
6788,136.943
6789,136.972
6790,136.996
6791,137.006
6792,137.029
6793,137.103
6794,137.108
6795,137.169
6796,137.198
6797,137.223
6798,137.233
6799,137.326
6800,137.331
6801,137.395
6802,137.400
6803,137.464
6804,137.468
6805,137.531
6806,137.536
6807,137.603
6808,137.607
6809,137.685
6810,137.689
6811,137.761
6812,137.765
6813,137.862
6814,137.903
6815,137.909
6816,137.913
6817,137.919
6818,137.924
6819,137.930
6820,137.935
6821,137.942
6822,137.947
6823,137.952
6824,137.957
6825,137.963
6826,137.968
6827,137.973
6828,137.979
6829,137.984
6830,137.990
6831,137.995
6832,138.001
6833,138.006
6834,138.012
6835,138.017
6836,138.023
6837,138.028
6838,138.034
6839,138.039
6840,138.046
6841,138.053
6842,138.059
6843,138.135
6844,138.239
6845,138.274
6846,138.305
6847,138.336
6848,138.372
6849,138.410
6850,138.424
6851,138.459
6852,138.482
6853,138.554
6854,138.581
6855,138.653
6856,138.680
6857,138.741
6858,138.771
6859,138.801
6860,138.903
6861,138.907
6862,138.970
6863,139.001
6864,139.033
6865,139.056
6866,139.067
6867,139.090
6868,139.168
6869,139.172
6870,139.235
6871,139.272
6872,139.307
6873,139.318
6874,139.411
6875,139.417
6876,139.512
6877,139.518
6878,139.610
6879,139.615
6880,139.702
6881,139.708
6882,139.801
6883,139.807
6884,139.900
6885,139.905
6886,139.981
6887,139.986
6888,140.054
6889,140.089
6890,140.093
6891,140.098
6892,140.102
6893,140.106
6894,140.110
6895,140.114
6896,140.119
6897,140.124
6898,140.129
6899,140.133
6900,140.138
6901,140.142
6902,140.147
6903,140.152
6904,140.156
6905,140.161
6906,140.166
6907,140.171
6908,140.176
6909,140.180
6910,140.185
6911,140.190
6912,140.195
6913,140.199
6914,140.204
6915,140.209
6916,140.213
6917,140.218
6918,140.275
6919,140.351
6920,140.380
6921,140.409
6922,140.439
6923,140.468
6924,140.493
6925,140.504
6926,140.535
6927,140.558
6928,140.630
6929,140.658
6930,140.729
6931,140.757
6932,140.820
6933,140.850
6934,140.879
6935,140.970
6936,140.976
6937,141.061
6938,141.102
6939,141.143
6940,141.175
6941,141.189
6942,141.220
6943,141.321
6944,141.327
6945,141.415
6946,141.452
6947,141.478
6948,141.489
6949,141.586
6950,141.591
6951,141.661
6952,141.666
6953,141.737
6954,141.741
6955,141.813
6956,141.818
6957,141.896
6958,141.901
6959,141.988
6960,141.993
6961,142.070
6962,142.075
6963,142.144
6964,142.179
6965,142.183
6966,142.187
6967,142.192
6968,142.196
6969,142.200
6970,142.205
6971,142.209
6972,142.213
6973,142.218
6974,142.223
6975,142.227
6976,142.232
6977,142.236
6978,142.241
6979,142.245
6980,142.250
6981,142.254
6982,142.259
6983,142.264
6984,142.269
6985,142.273
6986,142.278
6987,142.283
6988,142.288
6989,142.292
6990,142.297
6991,142.302
6992,142.307
6993,142.366
6994,142.445
6995,142.475
6996,142.504
6997,142.534
6998,142.560
6999,142.585
7000,142.601
7001,142.642
7002,142.673
7003,142.776
7004,142.810
7005,142.905
7006,142.940
7007,143.025
7008,143.058
7009,143.089
7010,143.188
7011,143.192
7012,143.254
7013,143.283
7014,143.312
7015,143.337
7016,143.349
7017,143.374
7018,143.452
7019,143.457
7020,143.518
7021,143.548
7022,143.573
7023,143.584
7024,143.683
7025,143.688
7026,143.755
7027,143.760
7028,143.829
7029,143.834
7030,143.901
7031,143.906
7032,143.977
7033,143.982
7034,144.066
7035,144.071
7036,144.155
7037,144.161
7038,144.258
7039,144.301
7040,144.307
7041,144.313
7042,144.318
7043,144.324
7044,144.330
7045,144.335
7046,144.340
7047,144.346
7048,144.351
7049,144.356
7050,144.361
7051,144.367
7052,144.372
7053,144.377
7054,144.383
7055,144.388
7056,144.394
7057,144.400
7058,144.405
7059,144.411
7060,144.417
7061,144.424
7062,144.430
7063,144.436
7064,144.442
7065,144.448
7066,144.455
7067,144.461
7068,144.546
7069,144.578
7070,144.658
7071,144.662
7072,144.725
7073,144.731
7074,144.737
7075,144.749
7076,144.781
7077,144.811
7078,144.842
7079,144.874
7080,144.899
7081,144.910
7082,144.943
7083,144.969
7084,145.056
7085,145.086
7086,145.167
7087,145.196
7088,145.260
7089,145.292
7090,145.325
7091,145.433
7092,145.438
7093,145.506
7094,145.538
7095,145.570
7096,145.598
7097,145.610
7098,145.635
7099,145.721
7100,145.726
7101,145.796
7102,145.898
7103,145.906
7104,145.912
7105,145.999
7106,146.122
7107,146.127
7108,146.221
7109,146.227
7110,146.321
7111,146.326
7112,146.401
7113,146.406
7114,146.479
7115,146.484
7116,146.567
7117,146.572
7118,146.651
7119,146.655
7120,146.728
7121,146.762
7122,146.766
7123,146.772
7124,146.777
7125,146.781
7126,146.785
7127,146.790
7128,146.794
7129,146.799
7130,146.803
7131,146.808
7132,146.812
7133,146.817
7134,146.822
7135,146.826
7136,146.831
7137,146.836
7138,146.840
7139,146.845
7140,146.850
7141,146.854
7142,146.859
7143,146.864
7144,146.869
7145,146.874
7146,146.879
7147,146.884
7148,146.889
7149,146.895
7150,146.958
7151,147.040
7152,147.071
7153,147.102
7154,147.196
7155,147.196
7156,147.213
7157,147.225
7158,147.274
7159,147.283
7160,147.363
7161,147.391
7162,147.465
7163,147.495
7164,147.585
7165,147.626
7166,147.667
7167,147.801
7168,147.807
7169,147.891
7170,147.932
7171,147.974
7172,148.002
7173,148.015
7174,148.041
7175,148.126
7176,148.131
7177,148.194
7178,148.286
7179,148.293
7180,148.298
7181,148.363
7182,148.465
7183,148.470
7184,148.540
7185,148.545
7186,148.615
7187,148.620
7188,148.696
7189,148.702
7190,148.781
7191,148.786
7192,148.871
7193,148.876
7194,148.956
7195,148.960
7196,149.040
7197,149.076
7198,149.082
7199,149.088
7200,149.094
7201,149.100
7202,149.106
7203,149.112
7204,149.117
7205,149.123
7206,149.129
7207,149.134
7208,149.139
7209,149.145
7210,149.150
7211,149.156
7212,149.162
7213,149.167
7214,149.172
7215,149.179
7216,149.185
7217,149.191
7218,149.196
7219,149.202
7220,149.208
7221,149.214
7222,149.219
7223,149.225
7224,149.231
7225,149.237
7226,149.320
7227,149.420
7228,149.459
7229,149.497
7230,149.617
7231,149.622
7232,149.696
7233,149.735
7234,149.747
7235,149.779
7236,149.805
7237,149.888
7238,149.965
7239,150.044
7240,150.074
7241,150.139
7242,150.169
7243,150.199
7244,150.305
7245,150.310
7246,150.377
7247,150.407
7248,150.440
7249,150.464
7250,150.475
7251,150.500
7252,150.591
7253,150.597
7254,150.672
7255,150.711
7256,150.749
7257,150.761
7258,150.894
7259,150.901
7260,151.008
7261,151.014
7262,151.110
7263,151.115
7264,151.216
7265,151.221
7266,151.324
7267,151.329
7268,151.425
7269,151.430
7270,151.516
7271,151.521
7272,151.592
7273,151.630
7274,151.636
7275,151.641
7276,151.645
7277,151.649
7278,151.653
7279,151.658
7280,151.662
7281,151.667
7282,151.671
7283,151.676
7284,151.680
7285,151.685
7286,151.689
7287,151.694
7288,151.698
7289,151.703
7290,151.708
7291,151.713
7292,151.718
7293,151.723
7294,151.729
7295,151.734
7296,151.739
7297,151.744
7298,151.749
7299,151.754
7300,151.758
7301,151.763
7302,151.825
7303,151.906
7304,151.939
7305,151.969
7306,152.001
7307,152.033
7308,152.059
7309,152.071
7310,152.104
7311,152.130
7312,152.210
7313,152.239
7314,152.321
7315,152.351
7316,152.417
7317,152.449
7318,152.478
7319,152.610
7320,152.616
7321,152.708
7322,152.747
7323,152.786
7324,152.818
7325,152.833
7326,152.866
7327,152.994
7328,153.001
7329,153.076
7330,153.111
7331,153.137
7332,153.149
7333,153.257
7334,153.262
7335,153.342
7336,153.347
7337,153.423
7338,153.429
7339,153.509
7340,153.515
7341,153.595
7342,153.600
7343,153.689
7344,153.694
7345,153.780
7346,153.785
7347,153.864
7348,153.903
7349,153.907
7350,153.912
7351,153.917
7352,153.921
7353,153.926
7354,153.931
7355,153.935
7356,153.939
7357,153.944
7358,153.948
7359,153.953
7360,153.958
7361,153.963
7362,153.968
7363,153.973
7364,153.979
7365,153.985
7366,153.990
7367,153.995
7368,154.000
7369,154.005
7370,154.010
7371,154.015
7372,154.020
7373,154.025
7374,154.029
7375,154.034
7376,154.039
7377,154.101
7378,154.181
7379,154.219
7380,154.263
7381,154.303
7382,154.350
7383,154.394
7384,154.409
7385,154.447
7386,154.478
7387,154.594
7388,154.633
7389,154.742
7390,154.775
7391,154.850
7392,154.885
7393,154.919
7394,155.034
7395,155.040
7396,155.115
7397,155.147
7398,155.182
7399,155.209
7400,155.221
7401,155.247
7402,155.341
7403,155.346
7404,155.428
7405,155.472
7406,155.510
7407,155.524
7408,155.645
7409,155.651
7410,155.730
7411,155.735
7412,155.817
7413,155.822
7414,155.906
7415,155.912
7416,155.999
7417,156.006
7418,156.138
7419,156.144
7420,156.259
7421,156.265
7422,156.375
7423,156.426
7424,156.432
7425,156.439
7426,156.447
7427,156.454
7428,156.461
7429,156.467
7430,156.473
7431,156.478
7432,156.483
7433,156.489
7434,156.494
7435,156.499
7436,156.505
7437,156.510
7438,156.516
7439,156.521
7440,156.527
7441,156.533
7442,156.538
7443,156.544
7444,156.550
7445,156.555
7446,156.561
7447,156.567
7448,156.572
7449,156.578
7450,156.584
7451,156.589
7452,156.660
7453,156.752
7454,156.788
7455,156.823
7456,156.858
7457,156.896
7458,156.925
7459,156.938
7460,156.973
7461,157.001
7462,157.086
7463,157.117
7464,157.200
7465,157.232
7466,157.306
7467,157.341
7468,157.377
7469,157.493
7470,157.499
7471,157.572
7472,157.607
7473,157.640
7474,157.665
7475,157.678
7476,157.705
7477,157.794
7478,157.800
7479,157.895
7480,158.016
7481,158.026
7482,158.032
7483,158.125
7484,158.258
7485,158.263
7486,158.342
7487,158.347
7488,158.421
7489,158.426
7490,158.500
7491,158.505
7492,158.583
7493,158.588
7494,158.675
7495,158.680
7496,158.762
7497,158.766
7498,158.843
7499,158.883
7500,158.888
7501,158.893
7502,158.898
7503,158.902
7504,158.907
7505,158.912
7506,158.916
7507,158.921
7508,158.926
7509,158.931
7510,158.936
7511,158.941
7512,158.946
7513,158.951
7514,158.955
7515,158.960
7516,158.965
7517,158.970
7518,158.975
7519,158.980
7520,158.986
7521,158.991
7522,158.996
7523,159.001
7524,159.006
7525,159.012
7526,159.017
7527,159.022
7528,159.089
7529,159.175
7530,159.207
7531,159.239
7532,159.270
7533,159.302
7534,159.330
7535,159.342
7536,159.371
7537,159.393
7538,159.509
7539,159.549
7540,159.663
7541,159.703
7542,159.806
7543,159.849
7544,159.894
7545,160.010
7546,160.015
7547,160.088
7548,160.120
7549,160.154
7550,160.183
7551,160.197
7552,160.228
7553,160.323
7554,160.329
7555,160.403
7556,160.445
7557,160.487
7558,160.500
7559,160.615
7560,160.620
7561,160.700
7562,160.705
7563,160.790
7564,160.795
7565,160.880
7566,160.885
7567,160.968
7568,160.973
7569,161.073
7570,161.080
7571,161.204
7572,161.210
7573,161.313
7574,161.373
7575,161.381
7576,161.388
7577,161.395
7578,161.402
7579,161.409
7580,161.416
7581,161.423
7582,161.431
7583,161.438
7584,161.446
7585,161.452
7586,161.457
7587,161.463
7588,161.468
7589,161.474
7590,161.479
7591,161.485
7592,161.490
7593,161.496
7594,161.501
7595,161.507
7596,161.513
7597,161.518
7598,161.524
7599,161.530
7600,161.535
7601,161.541
7602,161.547
7603,161.625
7604,161.710
7605,161.740
7606,161.769
7607,161.799
7608,161.834
7609,161.866
7610,161.877
7611,161.907
7612,161.929
7613,162.007
7614,162.035
7615,162.112
7616,162.140
7617,162.204
7618,162.233
7619,162.263
7620,162.366
7621,162.370
7622,162.438
7623,162.468
7624,162.499
7625,162.523
7626,162.535
7627,162.559
7628,162.640
7629,162.645
7630,162.706
7631,162.747
7632,162.793
7633,162.806
7634,162.940
7635,162.945
7636,163.039
7637,163.044
7638,163.142
7639,163.148
7640,163.224
7641,163.229
7642,163.301
7643,163.306
7644,163.391
7645,163.396
7646,163.477
7647,163.482
7648,163.555
7649,163.591
7650,163.596
7651,163.600
7652,163.605
7653,163.609
7654,163.614
7655,163.618
7656,163.622
7657,163.626
7658,163.631
7659,163.635
7660,163.640
7661,163.644
7662,163.648
7663,163.653
7664,163.658
7665,163.662
7666,163.667
7667,163.672
7668,163.676
7669,163.681
7670,163.686
7671,163.691
7672,163.695
7673,163.700
7674,163.705
7675,163.710
7676,163.715
7677,163.720
7678,163.788
7679,163.874
7680,163.904
7681,163.933
7682,163.963
7683,163.994
7684,164.019
7685,164.031
7686,164.062
7687,164.086
7688,164.166
7689,164.194
7690,164.271
7691,164.305
7692,164.401
7693,164.439
7694,164.483
7695,164.628
7696,164.635
7697,164.739
7698,164.775
7699,164.810
7700,164.836
7701,164.849
7702,164.878
7703,164.969
7704,164.974
7705,165.062
7706,165.067
7707,165.142
7708,165.170
7709,165.241
7710,165.351
7711,165.356
7712,165.434
7713,165.439
7714,165.516
7715,165.521
7716,165.598
7717,165.603
7718,165.686
7719,165.691
7720,165.781
7721,165.786
7722,165.886
7723,165.892
7724,165.991
7725,166.033
7726,166.038
7727,166.043
7728,166.048
7729,166.053
7730,166.058
7731,166.063
7732,166.067
7733,166.073
7734,166.078
7735,166.083
7736,166.088
7737,166.094
7738,166.099
7739,166.104
7740,166.109
7741,166.115
7742,166.120
7743,166.125
7744,166.131
7745,166.136
7746,166.142
7747,166.148
7748,166.153
7749,166.159
7750,166.164
7751,166.170
7752,166.176
7753,166.181
7754,166.263
7755,166.358
7756,166.387
7757,166.418
7758,166.447
7759,166.476
7760,166.499
7761,166.510
7762,166.539
7763,166.563
7764,166.642
7765,166.669
7766,166.745
7767,166.772
7768,166.839
7769,166.870
7770,166.901
7771,167.003
7772,167.009
7773,167.077
7774,167.107
7775,167.138
7776,167.162
7777,167.173
7778,167.197
7779,167.278
7780,167.284
7781,167.362
7782,167.367
7783,167.444
7784,167.488
7785,167.502
7786,167.643
7787,167.649
7788,167.754
7789,167.759
7790,167.866
7791,167.873
7792,167.962
7793,167.967
7794,168.049
7795,168.054
7796,168.147
7797,168.152
7798,168.239
7799,168.245
7800,168.323
7801,168.361
7802,168.365
7803,168.370
7804,168.374
7805,168.379
7806,168.384
7807,168.388
7808,168.393
7809,168.398
7810,168.402
7811,168.407
7812,168.412
7813,168.417
7814,168.422
7815,168.427
7816,168.431
7817,168.436
7818,168.441
7819,168.446
7820,168.452
7821,168.457
7822,168.462
7823,168.467
7824,168.472
7825,168.478
7826,168.483
7827,168.489
7828,168.494
7829,168.499
7830,168.568
7831,168.660
7832,168.693
7833,168.726
7834,168.759
7835,168.792
7836,168.819
7837,168.832
7838,168.864
7839,168.892
7840,168.975
7841,169.002
7842,169.075
7843,169.102
7844,169.195
7845,169.233
7846,169.274
7847,169.407
7848,169.413
7849,169.510
7850,169.555
7851,169.588
7852,169.616
7853,169.629
7854,169.655
7855,169.741
7856,169.747
7857,169.819
7858,169.851
7859,169.879
7860,169.890
7861,169.999
7862,170.005
7863,170.084
7864,170.089
7865,170.166
7866,170.171
7867,170.248
7868,170.253
7869,170.334
7870,170.339
7871,170.433
7872,170.438
7873,170.527
7874,170.532
7875,170.610
7876,170.648
7877,170.652
7878,170.657
7879,170.661
7880,170.666
7881,170.670
7882,170.674
7883,170.678
7884,170.682
7885,170.687
7886,170.691
7887,170.695
7888,170.699
7889,170.704
7890,170.708
7891,170.713
7892,170.720
7893,170.726
7894,170.732
7895,170.738
7896,170.745
7897,170.751
7898,170.757
7899,170.763
7900,170.770
7901,170.776
7902,170.782
7903,170.788
7904,170.795
7905,170.886
7906,170.997
7907,171.035
7908,171.074
7909,171.112
7910,171.150
7911,171.184
7912,171.201
7913,171.237
7914,171.264
7915,171.281
7916,171.316
7917,171.399
7918,171.426
7919,171.496
7920,171.527
7921,171.558
7922,171.663
7923,171.668
7924,171.734
7925,171.764
7926,171.795
7927,171.819
7928,171.831
7929,171.856
7930,171.938
7931,171.942
7932,172.011
7933,172.050
7934,172.076
7935,172.088
7936,172.195
7937,172.201
7938,172.276
7939,172.281
7940,172.352
7941,172.359
7942,172.462
7943,172.467
7944,172.571
7945,172.577
7946,172.694
7947,172.700
7948,172.808
7949,172.813
7950,172.890
7951,172.924
7952,172.929
7953,172.933
7954,172.937
7955,172.941
7956,172.946
7957,172.950
7958,172.954
7959,172.958
7960,172.963
7961,172.968
7962,172.972
7963,172.976
7964,172.981
7965,172.985
7966,172.990
7967,172.995
7968,172.999
7969,173.004
7970,173.008
7971,173.013
7972,173.019
7973,173.024
7974,173.029
7975,173.034
7976,173.040
7977,173.045
7978,173.050
7979,173.055
7980,173.125
7981,173.215
7982,173.248
7983,173.281
7984,173.314
7985,173.346
7986,173.373
7987,173.385
7988,173.490
7989,173.519
7990,173.533
7991,173.563
7992,173.643
7993,173.672
7994,173.740
7995,173.772
7996,173.803
7997,173.913
7998,173.917
7999,173.983
8000,174.022
8001,174.062
8002,174.092
8003,174.106
8004,174.135
8005,174.251
8006,174.257
8007,174.359
8008,174.402
8009,174.440
8010,174.457
8011,174.587
8012,174.592
8013,174.668
8014,174.673
8015,174.749
8016,174.754
8017,174.835
8018,174.840
8019,174.922
8020,174.926
8021,175.013
8022,175.018
8023,175.100
8024,175.105
8025,175.185
8026,175.219
8027,175.223
8028,175.227
8029,175.232
8030,175.236
8031,175.240
8032,175.244
8033,175.249
8034,175.253
8035,175.258
8036,175.262
8037,175.266
8038,175.271
8039,175.276
8040,175.280
8041,175.285
8042,175.289
8043,175.294
8044,175.299
8045,175.305
8046,175.310
8047,175.316
8048,175.321
8049,175.326
8050,175.331
8051,175.336
8052,175.341
8053,175.346
8054,175.351
8055,175.419
8056,175.512
8057,175.544
8058,175.576
8059,175.607
8060,175.638
8061,175.662
8062,175.678
8063,175.724
8064,175.759
8065,175.877
8066,175.911
8067,176.016
8068,176.051
8069,176.146
8070,176.178
8071,176.210
8072,176.322
8073,176.328
8074,176.405
8075,176.439
8076,176.470
8077,176.494
8078,176.506
8079,176.531
8080,176.623
8081,176.628
8082,176.704
8083,176.738
8084,176.765
8085,176.777
8086,176.892
8087,176.897
8088,176.978
8089,176.983
8090,177.066
8091,177.071
8092,177.156
8093,177.161
8094,177.244
8095,177.248
8096,177.376
8097,177.382
8098,177.508
8099,177.514
8100,177.633
8101,177.680
8102,177.686
8103,177.692
8104,177.698
8105,177.704
8106,177.710
8107,177.716
8108,177.722
8109,177.728
8110,177.734
8111,177.741
8112,177.747
8113,177.754
8114,177.760
8115,177.767
8116,177.773
8117,177.779
8118,177.784
8119,177.789
8120,177.794
8121,177.799
8122,177.805
8123,177.811
8124,177.816
8125,177.821
8126,177.827
8127,177.832
8128,177.837
8129,177.842
8130,177.919
8131,178.014
8132,178.054
8133,178.087
8134,178.119
8135,178.153
8136,178.182
8137,178.198
8138,178.241
8139,178.270
8140,178.370
8141,178.375
8142,178.382
8143,178.492
8144,178.497
8145,178.588
8146,178.615
8147,178.688
8148,178.719
8149,178.750
8150,178.860
8151,178.865
8152,178.938
8153,178.968
8154,178.997
8155,179.018
8156,179.029
8157,179.062
8158,179.183
8159,179.189
8160,179.282
8161,179.321
8162,179.351
8163,179.365
8164,179.507
8165,179.512
8166,179.595
8167,179.600
8168,179.680
8169,179.685
8170,179.766
8171,179.771
8172,179.854
8173,179.859
8174,179.949
8175,179.954
8176,180.042
8177,180.047
8178,180.127
8179,180.159
8180,180.164
8181,180.168
8182,180.172
8183,180.177
8184,180.181
8185,180.186
8186,180.190
8187,180.195
8188,180.200
8189,180.204
8190,180.208
8191,180.213
8192,180.218
8193,180.223
8194,180.228
8195,180.232
8196,180.237
8197,180.242
8198,180.247
8199,180.252
8200,180.257
8201,180.262
8202,180.267
8203,180.272
8204,180.277
8205,180.283
8206,180.288
8207,180.293
8208,180.363
8209,180.461
8210,180.494
8211,180.527
8212,180.558
8213,180.589
8214,180.615
8215,180.627
8216,180.757
8217,180.795
8218,180.897
8219,180.939
8220,181.051
8221,181.087
8222,181.169
8223,181.201
8224,181.232
8225,181.339
8226,181.344
8227,181.413
8228,181.444
8229,181.475
8230,181.499
8231,181.511
8232,181.534
8233,181.623
8234,181.628
8235,181.701
8236,181.733
8237,181.760
8238,181.771
8239,181.881
8240,181.886
8241,181.966
8242,181.971
8243,182.052
8244,182.057
8245,182.136
8246,182.141
8247,182.220
8248,182.224
8249,182.325
8250,182.368
8251,182.483
8252,182.489
8253,182.595
8254,182.639
8255,182.644
8256,182.650
8257,182.656
8258,182.662
8259,182.668
8260,182.674
8261,182.680
8262,182.686
8263,182.692
8264,182.698
8265,182.703
8266,182.707
8267,182.712
8268,182.717
8269,182.722
8270,182.727
8271,182.731
8272,182.736
8273,182.741
8274,182.746
8275,182.751
8276,182.756
8277,182.762
8278,182.767
8279,182.772
8280,182.777
8281,182.782
8282,182.787
8283,182.858
8284,182.944
8285,182.976
8286,183.008
8287,183.040
8288,183.072
8289,183.098
8290,183.179
8291,183.184
8292,183.252
8293,183.278
8294,183.363
8295,183.393
8296,183.475
8297,183.505
8298,183.577
8299,183.609
8300,183.642
8301,183.759
8302,183.765
8303,183.840
8304,183.869
8305,183.911
8306,183.942
8307,183.959
8308,183.995
8309,184.118
8310,184.124
8311,184.243
8312,184.249
8313,184.357
8314,184.396
8315,184.408
8316,184.524
8317,184.529
8318,184.612
8319,184.617
8320,184.706
8321,184.711
8322,184.796
8323,184.801
8324,184.885
8325,184.890
8326,184.988
8327,184.993
8328,185.085
8329,185.090
8330,185.171
8331,185.208
8332,185.212
8333,185.217
8334,185.222
8335,185.227
8336,185.231
8337,185.235
8338,185.240
8339,185.244
8340,185.249
8341,185.254
8342,185.258
8343,185.263
8344,185.268
8345,185.272
8346,185.277
8347,185.281
8348,185.286
8349,185.291
8350,185.295
8351,185.300
8352,185.305
8353,185.310
8354,185.314
8355,185.320
8356,185.325
8357,185.330
8358,185.335
8359,185.340
8360,185.427
8361,185.515
8362,185.544
8363,185.581
8364,185.624
8365,185.667
8366,185.702
8367,185.815
8368,185.821
8369,185.826
8370,185.922
8371,185.954
8372,186.068
8373,186.099
8374,186.185
8375,186.214
8376,186.286
8377,186.318
8378,186.350
8379,186.464
8380,186.469
8381,186.542
8382,186.574
8383,186.606
8384,186.632
8385,186.644
8386,186.671
8387,186.763
8388,186.769
8389,186.855
8390,186.860
8391,186.936
8392,186.961
8393,186.973
8394,187.084
8395,187.089
8396,187.163
8397,187.167
8398,187.277
8399,187.283
8400,187.392
8401,187.398
8402,187.508
8403,187.514
8404,187.641
8405,187.646
8406,187.737
8407,187.742
8408,187.822
8409,187.858
8410,187.863
8411,187.867
8412,187.872
8413,187.876
8414,187.880
8415,187.885
8416,187.890
8417,187.894
8418,187.899
8419,187.904
8420,187.908
8421,187.913
8422,187.918
8423,187.923
8424,187.927
8425,187.932
8426,187.937
8427,187.941
8428,187.946
8429,187.951
8430,187.956
8431,187.961
8432,187.965
8433,187.970
8434,187.975
8435,187.980
8436,187.985
8437,187.990
8438,188.058
8439,188.150
8440,188.182
8441,188.212
8442,188.243
8443,188.274
8444,188.302
8445,188.384
8446,188.389
8447,188.462
8448,188.488
8449,188.575
8450,188.603
8451,188.686
8452,188.714
8453,188.783
8454,188.818
8455,188.857
8456,189.005
8457,189.011
8458,189.104
8459,189.145
8460,189.185
8461,189.215
8462,189.229
8463,189.261
8464,189.365
8465,189.370
8466,189.449
8467,189.479
8468,189.505
8469,189.516
8470,189.626
8471,189.631
8472,189.710
8473,189.715
8474,189.795
8475,189.800
8476,189.877
8477,189.883
8478,189.965
8479,189.970
8480,190.075
8481,190.080
8482,190.171
8483,190.176
8484,190.259
8485,190.295
8486,190.301
8487,190.306
8488,190.363
8489,190.364
8490,190.364
8491,190.364
8492,190.364
8493,190.372
8494,190.377
8495,190.382
8496,190.387
8497,190.392
8498,190.397
8499,190.411
8500,190.411
8501,190.412
8502,190.417
8503,190.422
8504,190.427
8505,190.432
8506,190.437
8507,190.442
8508,190.447
8509,190.453
8510,190.458
8511,190.463
8512,190.469
8513,190.474
8514,190.553
8515,190.681
8516,190.728
8517,190.770
8518,190.813
8519,190.855
8520,190.890
8521,191.010
8522,191.016
8523,191.095
8524,191.122
8525,191.204
8526,191.233
8527,191.319
8528,191.350
8529,191.427
8530,191.459
8531,191.493
8532,191.614
8533,191.620
8534,191.697
8535,191.730
8536,191.765
8537,191.794
8538,191.808
8539,191.836
8540,191.930
8541,191.935
8542,192.016
8543,192.058
8544,192.100
8545,192.110
8546,192.230
8547,192.237
8548,192.353
8549,192.361
8550,192.473
8551,192.479
8552,192.604
8553,192.610
8554,192.732
8555,192.738
8556,192.851
8557,192.856
8558,192.955
8559,192.960
8560,193.050
8561,193.087
8562,193.092
8563,193.097
8564,193.102
8565,193.107
8566,193.112
8567,193.116
8568,193.121
8569,193.126
8570,193.131
8571,193.135
8572,193.140
8573,193.145
8574,193.150
8575,193.155
8576,193.160
8577,193.165
8578,193.170
8579,193.175
8580,193.180
8581,193.185
8582,193.190
8583,193.196
8584,193.201
8585,193.206
8586,193.211
8587,193.217
8588,193.222
8589,193.227
8590,193.303
8591,193.398
8592,193.433
8593,193.467
8594,193.503
8595,193.538
8596,193.567
8597,193.652
8598,193.657
8599,193.742
8600,193.771
8601,193.848
8602,193.878
8603,193.970
8604,194.009
8605,194.110
8606,194.150
8607,194.187
8608,194.335
8609,194.340
8610,194.435
8611,194.467
8612,194.500
8613,194.526
8614,194.539
8615,194.565
8616,194.654
8617,194.659
8618,194.738
8619,194.781
8620,194.823
8621,194.836
8622,194.958
8623,194.964
8624,195.050
8625,195.055
8626,195.140
8627,195.144
8628,195.224
8629,195.229
8630,195.318
8631,195.323
8632,195.430
8633,195.436
8634,195.532
8635,195.538
8636,195.632
8637,195.679
8638,195.685
8639,195.691
8640,195.697
8641,195.702
8642,195.708
8643,195.713
8644,195.719
8645,195.724
8646,195.730
8647,195.736
8648,195.741
8649,195.747
8650,195.752
8651,195.758
8652,195.764
8653,195.771
8654,195.777
8655,195.782
8656,195.788
8657,195.794
8658,195.800
8659,195.805
8660,195.811
8661,195.817
8662,195.823
8663,195.828
8664,195.834
8665,195.840
8666,195.924
8667,196.034
8668,196.075
8669,196.109
8670,196.144
8671,196.176
8672,196.202
8673,196.287
8674,196.292
8675,196.366
8676,196.393
8677,196.485
8678,196.512
8679,196.596
8680,196.625
8681,196.697
8682,196.729
8683,196.767
8684,196.885
8685,196.891
8686,196.968
8687,196.999
8688,197.032
8689,197.058
8690,197.070
8691,197.095
8692,197.188
8693,197.193
8694,197.266
8695,197.433
8696,197.470
8697,197.563
8698,197.710
8699,197.714
8700,197.800
8701,197.805
8702,197.885
8703,197.890
8704,197.966
8705,197.971
8706,198.053
8707,198.058
8708,198.154
8709,198.159
8710,198.247
8711,198.252
8712,198.274
8713,198.276
8714,198.278
8715,198.281
8716,198.284
8717,198.288
8718,198.291
8719,198.294
8720,198.296
8721,198.299
8722,198.304
8723,198.307
8724,198.310
8725,198.339
8726,198.342
8727,198.345
8728,198.348
8729,198.356
8730,198.359
8731,198.362
8732,198.365
8733,198.461
8734,198.498
8735,198.503
8736,198.507
8737,198.512
8738,198.517
8739,198.522
8740,198.527
8741,198.531
8742,198.536
8743,198.541
8744,198.546
8745,198.552
8746,198.557
8747,198.561
8748,198.566
8749,198.571
8750,198.576
8751,198.582
8752,198.587
8753,198.592
8754,198.597
8755,198.602
8756,198.607
8757,198.612
8758,198.617
8759,198.622
8760,198.627
8761,198.632
8762,198.638
8763,198.709
8764,198.798
8765,198.828
8766,198.858
8767,198.889
8768,198.932
8769,198.963
8770,198.978
8771,199.018
8772,199.051
8773,199.167
8774,199.202
8775,199.320
8776,199.358
8777,199.437
8778,199.468
8779,199.574
8780,199.578
8781,199.672
8782,199.678
8783,199.754
8784,199.786
8785,199.818
8786,199.845
8787,199.857
8788,199.883
8789,199.980
8790,199.985
8791,200.067
8792,200.189
8793,200.219
8794,200.313
8795,200.318
8796,200.413
8797,200.418
8798,200.500
8799,200.505
8800,200.623
8801,200.629
8802,200.744
8803,200.750
8804,200.869
8805,200.875
8806,201.005
8807,201.010
8808,201.105
8809,201.111
8810,201.156
8811,201.160
8812,201.163
8813,201.166
8814,201.169
8815,201.172
8816,201.175
8817,201.178
8818,201.182
8819,201.185
8820,201.188
8821,201.191
8822,201.195
8823,201.198
8824,201.202
8825,201.205
8826,201.209
8827,201.239
8828,201.292
8829,201.301
8830,201.304
8831,201.306
8832,201.319
8833,201.321
8834,201.323
8835,201.366
8836,201.369
8837,201.372
8838,201.375
8839,201.474
8840,201.480
8841,201.485
8842,201.489
8843,201.547
8844,201.550
8845,201.554
8846,201.557
8847,201.583
8848,201.587
8849,201.589
8850,201.592
8851,201.595
8852,201.598
8853,201.601
8854,201.604
8855,201.607
8856,201.610
8857,201.628
8858,201.649
8859,201.682
8860,201.685
8861,201.688
8862,201.690
8863,201.693
8864,201.696
8865,201.699
8866,201.702
8867,201.740
8868,201.742
8869,201.745
8870,201.748
8871,201.751
8872,201.756
8873,201.761
8874,201.766
8875,201.771
8876,201.776
8877,201.779
8878,201.805
8879,201.808
8880,201.810
8881,201.813
8882,201.816
8883,201.819
8884,201.821
8885,201.847
8886,201.850
8887,201.852
8888,201.855
8889,201.858
8890,201.861
8891,201.864
8892,201.892
8893,201.895
8894,201.897
8895,201.900
8896,201.903
8897,201.906
8898,201.911
8899,201.916
8900,201.920
8901,201.925
8902,201.930
8903,201.935
8904,201.940
8905,201.943
8906,201.969
8907,201.971
8908,201.974
8909,201.977
8910,201.979
8911,201.984
8912,201.987
8913,202.012
8914,202.014
8915,202.017
8916,202.019
8917,202.022
8918,202.027
8919,202.029
8920,202.060
8921,202.063
8922,202.065
8923,202.067
8924,202.070
8925,202.095
8926,202.097
8927,202.099
8928,202.102
8929,202.104
8930,202.128
8931,202.130
8932,202.132
8933,202.134
8934,202.136
8935,202.139
8936,202.141
8937,202.143
8938,202.146
8939,202.148
8940,202.182
8941,202.185
8942,202.188
8943,202.191
8944,202.194
8945,202.197
8946,202.201
8947,202.204
8948,202.241
8949,202.243
8950,202.247
8951,202.250
8952,202.254
8953,202.257
8954,202.261
8955,202.264
8956,202.268
8957,202.272
8958,202.275
8959,202.279
8960,202.283
8961,202.287
8962,202.291
8963,202.295
8964,202.299
8965,202.303
8966,202.307
8967,202.311
8968,202.315
8969,202.319
8970,202.323
8971,202.328
8972,202.360
8973,202.363
8974,202.366
8975,202.369
8976,202.372
8977,202.402
8978,202.404
8979,202.407
8980,202.410
8981,202.412
8982,202.442
8983,202.445
8984,202.447
8985,202.450
8986,202.453
8987,202.483
8988,202.486
8989,202.489
8990,202.492
8991,202.495
8992,202.526
8993,202.529
8994,202.532
8995,202.535
8996,202.538
8997,202.568
8998,202.571
8999,202.574
9000,202.577
9001,202.580
9002,202.611
9003,202.614
9004,202.617
9005,202.619
9006,202.622
9007,202.645
9008,202.671
9009,202.674
9010,202.713
9011,202.783
9012,202.835
9013,202.837
9014,202.863
9015,202.913
9016,202.916
9017,202.918
9018,202.952
9019,203.003
9020,203.005
9021,203.008
9022,203.042
9023,203.092
9024,203.095
9025,203.111
9026,203.130
9027,203.132
9028,203.134
9029,203.136
9030,203.152
9031,203.175
9032,203.190
9033,203.193
9034,203.195
9035,203.210
9036,203.213
9037,203.216
9038,203.241
9039,203.245
9040,203.248
9041,203.270
9042,203.273
9043,203.276
9044,203.297
9045,203.300
9046,203.303
9047,203.319
9048,203.322
9049,203.326
9050,203.341
9051,203.345
9052,203.349
9053,203.364
9054,203.368
9055,203.371
9056,203.387
9057,203.390
9058,203.393
9059,203.409
9060,203.412
9061,203.416
9062,203.431
9063,203.435
9064,203.438
9065,203.454
9066,203.460
9067,203.464
9068,203.479
9069,203.484
9070,203.487
9071,203.505
9072,203.510
9073,203.513
9074,203.530
9075,203.535
9076,203.538
9077,203.555
9078,203.561
9079,203.566
9080,203.569
9081,203.585
9082,203.591
9083,203.594
9084,203.611
9085,203.616
9086,203.619
9087,203.635
9088,203.640
9089,203.644
9090,203.661
9091,203.670
9092,203.673
9093,203.675
9094,203.678
9095,203.680
9096,203.683
9097,203.685
9098,203.687
9099,203.690
9100,203.692
9101,203.695
9102,203.697
9103,203.699
9104,203.702
9105,203.706
9106,203.718
9107,203.727
9108,203.729
9109,203.731
9110,203.760
9111,203.766
9112,203.769
9113,203.801
9114,203.822
9115,203.825
9116,203.829
9117,203.832
9118,203.835
9119,203.838
9120,203.842
9121,203.857
9122,203.886
9123,203.898
9124,203.900
9125,203.903
9126,203.905
9127,203.907
9128,203.910
9129,203.916
9130,203.934
9131,203.977
9132,203.980
9133,203.983
9134,203.987
9135,203.991
9136,204.026
9137,204.030
9138,204.034
9139,204.038
9140,204.042
9141,204.086
9142,204.089
9143,204.092
9144,204.097
9145,204.104
9146,204.140
9147,204.143
9148,204.146
9149,204.150
9150,204.153
9151,204.192
9152,204.195
9153,204.199
9154,204.203
9155,204.207
9156,204.243
9157,204.247
9158,204.250
9159,204.253
9160,204.280
9161,204.299
9162,204.302
9163,204.311
9164,204.332
9165,204.381
9166,204.384
9167,204.387
9168,204.391
9169,204.394
9170,204.419
9171,204.438
9172,204.440
9173,204.443
9174,204.445
9175,204.448
9176,204.451
9177,204.453
9178,204.456
9179,204.459
9180,204.466
9181,204.481
9182,204.516
9183,204.519
9184,204.522
9185,204.526
9186,204.529
9187,204.561
9188,204.563
9189,204.567
9190,204.570
9191,204.573
9192,204.604
9193,204.607
9194,204.611
9195,204.614
9196,204.617
9197,204.648
9198,204.651
9199,204.654
9200,204.658
9201,204.661
9202,204.693
9203,204.696
9204,204.699
9205,204.703
9206,204.708
9207,204.740
9208,204.743
9209,204.746
9210,204.750
9211,204.753
9212,204.787
9213,204.790
9214,204.793
9215,204.797
9216,204.800
9217,204.832
9218,204.835
9219,204.838
9220,204.842
9221,204.845
9222,204.865
9223,204.880
9224,204.882
9225,204.890
9226,204.905
9227,204.937
9228,204.939
9229,204.943
9230,204.946
9231,204.949
9232,204.970
9233,204.985
9234,204.987
9235,204.995
9236,205.011
9237,205.044
9238,205.047
9239,205.050
9240,205.053
9241,205.056
9242,205.078
9243,205.093
9244,205.096
9245,205.103
9246,205.119
9247,205.127
9248,205.129
9249,205.132
9250,205.153
9251,205.171
9252,205.193
9253,205.213
9254,205.216
9255,205.220
9256,205.224
9257,205.227
9258,205.231
9259,205.234
9260,205.249
9261,205.280
9262,205.298
9263,205.301
9264,205.304
9265,205.307
9266,205.311
9267,205.314
9268,205.322
9269,205.339
9270,205.374
9271,205.377
9272,205.381
9273,205.384
9274,205.388
9275,205.418
9276,205.421
9277,205.426
9278,205.429
9279,205.433
9280,205.467
9281,205.470
9282,205.473
9283,205.477
9284,205.480
9285,205.512
9286,205.515
9287,205.518
9288,205.521
9289,205.524
9290,205.556
9291,205.558
9292,205.561
9293,205.564
9294,205.567
9295,205.595
9296,205.597
9297,205.600
9298,205.602
9299,205.621
9300,205.633
9301,205.635
9302,205.642
9303,205.659
9304,205.710
9305,205.714
9306,205.717
9307,205.722
9308,205.726
9309,205.760
9310,205.784
9311,205.787
9312,205.791
9313,205.794
9314,205.797
9315,205.800
9316,205.803
9317,205.807
9318,205.812
9319,205.824
9320,205.843
9321,205.887
9322,205.891
9323,205.895
9324,205.900
9325,205.904
9326,205.946
9327,205.949
9328,205.953
9329,205.957
9330,205.961
9331,206.002
9332,206.005
9333,206.008
9334,206.012
9335,206.016
9336,206.058
9337,206.061
9338,206.065
9339,206.069
9340,206.073
9341,206.118
9342,206.121
9343,206.125
9344,206.130
9345,206.134
9346,206.154
9347,206.156
9348,206.158
9349,206.183
9350,206.200
9351,206.221
9352,206.223
9353,206.225
9354,206.250
9355,206.267
9356,206.298
9357,206.300
9358,206.304
9359,206.307
9360,206.311
9361,206.331
9362,206.345
9363,206.347
9364,206.355
9365,206.370
9366,206.402
9367,206.404
9368,206.407
9369,206.410
9370,206.413
9371,206.434
9372,206.449
9373,206.451
9374,206.459
9375,206.474
9376,206.508
9377,206.511
9378,206.514
9379,206.518
9380,206.521
9381,206.543
9382,206.559
9383,206.561
9384,206.568
9385,206.583
9386,206.614
9387,206.617
9388,206.620
9389,206.623
9390,206.626
9391,206.646
9392,206.648
9393,206.650
9394,206.664
9395,206.708
9396,206.749
9397,206.752
9398,206.755
9399,206.759
9400,206.763
9401,206.767
9402,206.772
9403,206.777
9404,206.782
9405,206.787
9406,206.791
9407,206.796
9408,206.801
9409,206.805
9410,206.849
9411,206.852
9412,206.855
9413,206.888
9414,206.923
9415,206.926
9416,206.972
9417,206.975
9418,206.979
9419,207.026
9420,207.030
9421,207.033
9422,207.068
9423,207.107
9424,207.110
9425,207.112
9426,207.115
9427,207.118
9428,207.120
9429,207.123
9430,207.141
9431,207.179
9432,207.227
9433,207.231
9434,207.235
9435,207.238
9436,207.282
9437,207.285
9438,207.288
9439,207.292
9440,207.348
9441,207.353
9442,207.358
9443,207.363
9444,207.416
9445,207.421
9446,207.427
9447,207.432
9448,207.484
9449,207.535
9450,207.539
9451,207.543
9452,207.547
9453,207.578
9454,207.624
9455,207.627
9456,207.662
9457,207.710
9458,207.763
9459,207.768
9460,207.772
9461,207.822
9462,207.825
9463,207.829
9464,207.832
9465,207.864
9466,207.900
9467,207.902
9468,207.905
9469,207.907
9470,207.909
9471,207.925
9472,207.961
9473,207.979
9474,208.012
9475,208.014
9476,208.042
9477,208.079
9478,208.082
9479,208.129
9480,208.132
9481,208.136
9482,208.140
9483,208.181
9484,208.185
9485,208.188
9486,208.191
9487,208.231
9488,208.235
9489,208.238
9490,208.241
9491,208.271
9492,208.309
9493,208.311
9494,208.313
9495,208.316
9496,208.318
9497,208.321
9498,208.324
9499,208.326
9500,208.329
9501,208.331
9502,208.334
9503,208.336
9504,208.339
9505,208.342
9506,208.344
9507,208.347
9508,208.350
9509,208.353
9510,208.355
9511,208.358
9512,208.361
9513,208.380
9514,208.417
9515,208.463
9516,208.467
9517,208.471
9518,208.475
9519,208.513
9520,208.517
9521,208.521
9522,208.524
9523,208.574
9524,208.578
9525,208.582
9526,208.585
9527,208.632
9528,208.636
9529,208.640
9530,208.644
9531,208.682
9532,208.686
9533,208.690
9534,208.693
9535,208.739
9536,208.743
9537,208.747
9538,208.751
9539,208.791
9540,208.795
9541,208.799
9542,208.803
9543,208.852
9544,208.856
9545,208.860
9546,208.863
9547,208.905
9548,208.908
9549,208.911
9550,208.914
9551,208.975
9552,208.979
9553,208.984
9554,208.988
9555,209.058
9556,209.063
9557,209.070
9558,209.076
9559,209.144
9560,209.152
9561,209.159
9562,209.164
9563,209.234
9564,209.239
9565,209.244
9566,209.249
9567,209.316
9568,209.320
9569,209.325
9570,209.330
9571,209.402
9572,209.407
9573,209.412
9574,209.416
9575,209.468
9576,209.472
9577,209.476
9578,209.480
9579,209.531
9580,209.535
9581,209.539
9582,209.543
9583,209.592
9584,209.597
9585,209.602
9586,209.606
9587,209.657
9588,209.662
9589,209.666
9590,209.670
9591,209.711
9592,209.716
9593,209.720
9594,209.724
9595,209.774
9596,209.778
9597,209.781
9598,209.830
9599,209.834
9600,209.837
9601,209.881
9602,209.885
9603,209.888
9604,209.931
9605,209.935
9606,209.938
9607,209.985
9608,209.989
9609,209.993
9610,210.042
9611,210.046
9612,210.049
9613,210.096
9614,210.100
9615,210.103
9616,210.143
9617,210.186
9618,210.190
9619,210.193
9620,210.196
9621,210.200
9622,210.203
9623,210.207
9624,210.211
9625,210.214
9626,210.220
9627,210.223
9628,210.227
9629,210.231
9630,210.236
9631,210.285
9632,210.289
9633,210.292
9634,210.329
9635,210.372
9636,210.375
9637,210.426
9638,210.430
9639,210.434
9640,210.483
9641,210.487
9642,210.491
9643,210.526
9644,210.565
9645,210.568
9646,210.571
9647,210.573
9648,210.576
9649,210.578
9650,210.581
9651,210.598
9652,210.638
9653,210.706
9654,210.710
9655,210.716
9656,210.721
9657,210.790
9658,210.794
9659,210.799
9660,210.804
9661,210.869
9662,210.874
9663,210.878
9664,210.883
9665,210.936
9666,210.941
9667,210.945
9668,210.949
9669,211.017
9670,211.022
9671,211.027
9672,211.032
9673,211.100
9674,211.105
9675,211.108
9676,211.113
9677,211.149
9678,211.187
9679,211.190
9680,211.193
9681,211.196
9682,211.198
9683,211.218
9684,211.259
9685,211.310
9686,211.314
9687,211.318
9688,211.322
9689,211.371
9690,211.375
9691,211.379
9692,211.383
9693,211.428
9694,211.431
9695,211.435
9696,211.439
9697,211.486
9698,211.490
9699,211.495
9700,211.498
9701,211.534
9702,211.576
9703,211.579
9704,211.582
9705,211.585
9706,211.588
9707,211.591
9708,211.594
9709,211.597
9710,211.600
9711,211.603
9712,211.607
9713,211.610
9714,211.613
9715,211.617
9716,211.620
9717,211.624
9718,211.627
9719,211.631
9720,211.634
9721,211.638
9722,211.642
9723,211.664
9724,211.703
9725,211.752
9726,211.756
9727,211.760
9728,211.764
9729,211.807
9730,211.811
9731,211.816
9732,211.819
9733,211.874
9734,211.879
9735,211.883
9736,211.887
9737,211.937
9738,211.941
9739,211.945
9740,211.948
9741,211.991
9742,211.995
9743,211.999
9744,212.003
9745,212.053
9746,212.057
9747,212.062
9748,212.066
9749,212.112
9750,212.116
9751,212.120
9752,212.124
9753,212.176
9754,212.180
9755,212.184
9756,212.188
9757,212.238
9758,212.243
9759,212.247
9760,212.251
9761,212.297
9762,212.300
9763,212.304
9764,212.307
9765,212.369
9766,212.374
9767,212.380
9768,212.385
9769,212.450
9770,212.459
9771,212.466
9772,212.472
9773,212.541
9774,212.545
9775,212.550
9776,212.555
9777,212.616
9778,212.621
9779,212.626
9780,212.631
9781,212.698
9782,212.703
9783,212.708
9784,212.713
9785,212.782
9786,212.787
9787,212.794
9788,212.800
9789,212.853
9790,212.856
9791,212.861
9792,212.864
9793,212.918
9794,212.924
9795,212.928
9796,212.932
9797,212.982
9798,212.987
9799,212.991
9800,212.995
9801,213.037
9802,213.043
9803,213.046
9804,213.050
9805,213.100
9806,213.104
9807,213.107
9808,213.159
9809,213.162
9810,213.166
9811,213.210
9812,213.214
9813,213.217
9814,213.262
9815,213.265
9816,213.269
9817,213.315
9818,213.319
9819,213.323
9820,213.373
9821,213.377
9822,213.380
9823,213.428
9824,213.432
9825,213.435
9826,213.477
9827,213.518
9828,213.521
9829,213.524
9830,213.527
9831,213.531
9832,213.535
9833,213.538
9834,213.542
9835,213.545
9836,213.548
9837,213.552
9838,213.555
9839,213.558
9840,213.562
9841,213.600
9842,213.603
9843,213.606
9844,213.638
9845,213.641
9846,213.644
9847,213.677
9848,213.681
9849,213.683
9850,213.717
9851,213.721
9852,213.724
9853,213.760
9854,213.799
9855,213.801
9856,213.804
9857,213.807
9858,213.810
9859,213.812
9860,213.815
9861,213.834
9862,213.871
9863,213.911
9864,213.915
9865,213.919
9866,213.922
9867,213.956
9868,213.960
9869,213.964
9870,213.967
9871,213.998
9872,214.001
9873,214.004
9874,214.007
9875,214.052
9876,214.055
9877,214.059
9878,214.064
9879,214.107
9880,214.111
9881,214.116
9882,214.120
9883,214.166
9884,214.171
9885,214.176
9886,214.180
9887,214.225
9888,214.277
9889,214.280
9890,214.283
9891,214.286
9892,214.289
9893,214.313
9894,214.362
9895,214.412
9896,214.417
9897,214.421
9898,214.426
9899,214.471
9900,214.475
9901,214.480
9902,214.485
9903,214.524
9904,214.527
9905,214.530
9906,214.533
9907,214.580
9908,214.580
9909,214.580
9910,214.580
9911,214.618
9912,214.659
9913,214.662
9914,214.665
9915,214.668
9916,214.671
9917,214.674
9918,214.677
9919,214.680
9920,214.683
9921,214.686
9922,214.689
9923,214.692
9924,214.695
9925,214.698
9926,214.701
9927,214.705
9928,214.708
9929,214.711
9930,214.714
9931,214.718
9932,214.721
9933,214.741
9934,214.781
9935,214.822
9936,214.825
9937,214.829
9938,214.850
9939,214.870
9940,214.873
9941,214.883
9942,214.883
9943,214.918
9944,214.921
9945,214.925
9946,214.930
9947,214.962
9948,214.966
9949,214.970
9950,214.973
9951,215.007
9952,215.010
9953,215.014
9954,215.017
9955,215.052
9956,215.055
9957,215.059
9958,215.062
9959,215.094
9960,215.098
9961,215.101
9962,215.105
9963,215.141
9964,215.144
9965,215.148
9966,215.151
9967,215.185
9968,215.189
9969,215.192
9970,215.196
9971,215.231
9972,215.235
9973,215.238
9974,215.242
9975,215.274
9976,215.278
9977,215.281
9978,215.285
9979,215.320
9980,215.326
9981,215.329
9982,215.333
9983,215.366
9984,215.370
9985,215.375
9986,215.379
9987,215.414
9988,215.417
9989,215.421
9990,215.424
9991,215.459
9992,215.463
9993,215.467
9994,215.470
9995,215.503
9996,215.506
9997,215.510
9998,215.513
9999,215.545
10000,215.548
10001,215.551
10002,215.555
10003,215.588
10004,215.591
10005,215.596
10006,215.599
10007,215.632
10008,215.636
10009,215.640
10010,215.643
10011,215.676
10012,215.680
10013,215.684
10014,215.688
10015,215.717
10016,215.720
10017,215.722
10018,215.759
10019,215.763
10020,215.767
10021,215.807
10022,215.811
10023,215.815
10024,215.853
10025,215.857
10026,215.860
10027,215.903
10028,215.907
10029,215.910
10030,215.947
10031,215.951
10032,215.954
10033,215.993
10034,215.996
10035,216.000
10036,216.031
10037,216.052
10038,216.056
10039,216.060
10040,216.064
10041,216.067
10042,216.071
10043,216.075
10044,216.093
10045,216.129
10046,216.145
10047,216.149
10048,216.152
10049,216.155
10050,216.158
10051,216.162
10052,216.171
10053,216.192
10054,216.225
10055,216.228
10056,216.231
10057,216.234
10058,216.237
10059,216.265
10060,216.267
10061,216.271
10062,216.274
10063,216.278
10064,216.309
10065,216.311
10066,216.314
10067,216.318
10068,216.321
10069,216.350
10070,216.352
10071,216.355
10072,216.358
10073,216.361
10074,216.391
10075,216.393
10076,216.396
10077,216.399
10078,216.402
10079,216.428
10080,216.431
10081,216.434
10082,216.436
10083,216.456
10084,216.470
10085,216.472
10086,216.479
10087,216.494
10088,216.527
10089,216.529
10090,216.533
10091,216.536
10092,216.539
10093,216.563
10094,216.580
10095,216.583
10096,216.586
10097,216.588
10098,216.591
10099,216.594
10100,216.596
10101,216.600
10102,216.603
10103,216.610
10104,216.626
10105,216.658
10106,216.660
10107,216.664
10108,216.667
10109,216.671
10110,216.703
10111,216.705
10112,216.708
10113,216.712
10114,216.715
10115,216.746
10116,216.748
10117,216.752
10118,216.755
10119,216.758
10120,216.790
10121,216.793
10122,216.796
10123,216.800
10124,216.803
10125,216.837
10126,216.839
10127,216.843
10128,216.846
10129,216.850
10130,216.883
10131,216.886
10132,216.889
10133,216.893
10134,216.899
10135,216.938
10136,216.938
10137,216.938
10138,216.939
10139,216.942
10140,216.974
10141,216.977
10142,216.980
10143,216.984
10144,216.987
10145,217.009
10146,217.024
10147,217.027
10148,217.034
10149,217.050
10150,217.084
10151,217.087
10152,217.090
10153,217.093
10154,217.096
10155,217.118
10156,217.133
10157,217.136
10158,217.143
10159,217.159
10160,217.192
10161,217.194
10162,217.197
10163,217.200
10164,217.203
10165,217.225
10166,217.240
10167,217.242
10168,217.250
10169,217.267
10170,217.299
10171,217.301
10172,217.304
10173,217.307
10174,217.310
10175,217.347
10176,217.404
10177,217.408
10178,217.412
10179,217.416
10180,217.420
10181,217.424
10182,217.428
10183,217.433
10184,217.437
10185,217.442
10186,217.446
10187,217.451
10188,217.456
10189,217.461
10190,217.527
10191,217.531
10192,217.535
10193,217.579
10194,217.581
10195,217.585
10196,217.588
10197,217.649
10198,217.653
10199,217.657
10200,217.720
10201,217.724
10202,217.728
10203,217.774
10204,217.817
10205,217.820
10206,217.823
10207,217.825
10208,217.828
10209,217.830
10210,217.833
10211,217.852
10212,217.889
10213,217.937
10214,217.940
10215,217.944
10216,217.948
10217,217.995
10218,217.999
10219,218.003
10220,218.006
10221,218.053
10222,218.057
10223,218.061
10224,218.065
10225,218.106
10226,218.110
10227,218.114
10228,218.117
10229,218.166
10230,218.170
10231,218.174
10232,218.178
10233,218.223
10234,218.227
10235,218.230
10236,218.234
10237,218.266
10238,218.303
10239,218.305
10240,218.308
10241,218.310
10242,218.313
10243,218.330
10244,218.363
10245,218.410
10246,218.414
10247,218.418
10248,218.422
10249,218.471
10250,218.475
10251,218.480
10252,218.484
10253,218.530
10254,218.534
10255,218.538
10256,218.541
10257,218.587
10258,218.590
10259,218.594
10260,218.598
10261,218.635
10262,218.676
10263,218.679
10264,218.682
10265,218.685
10266,218.688
10267,218.691
10268,218.694
10269,218.697
10270,218.700
10271,218.703
10272,218.706
10273,218.709
10274,218.712
10275,218.715
10276,218.718
10277,218.721
10278,218.724
10279,218.727
10280,218.731
10281,218.734
10282,218.737
10283,218.759
10284,218.799
10285,218.850
10286,218.854
10287,218.859
10288,218.863
10289,218.904
10290,218.908
10291,218.912
10292,218.915
10293,218.967
10294,218.972
10295,218.977
10296,218.982
10297,219.047
10298,219.052
10299,219.057
10300,219.061
10301,219.119
10302,219.124
10303,219.129
10304,219.133
10305,219.194
10306,219.198
10307,219.203
10308,219.207
10309,219.264
10310,219.268
10311,219.273
10312,219.278
10313,219.347
10314,219.352
10315,219.357
10316,219.362
10317,219.428
10318,219.433
10319,219.438
10320,219.443
10321,219.493
10322,219.497
10323,219.501
10324,219.505
10325,219.559
10326,219.564
10327,219.569
10328,219.573
10329,219.621
10330,219.627
10331,219.632
10332,219.637
10333,219.688
10334,219.692
10335,219.696
10336,219.700
10337,219.747
10338,219.751
10339,219.755
10340,219.758
10341,219.809
10342,219.813
10343,219.817
10344,219.821
10345,219.868
10346,219.872
10347,219.876
10348,219.880
10349,219.928
10350,219.931
10351,219.935
10352,219.939
10353,219.986
10354,219.992
10355,219.996
10356,219.999
10357,220.049
10358,220.054
10359,220.058
10360,220.062
10361,220.105
10362,220.110
10363,220.114
10364,220.118
10365,220.167
10366,220.171
10367,220.174
10368,220.223
10369,220.227
10370,220.231
10371,220.275
10372,220.279
10373,220.283
10374,220.328
10375,220.332
10376,220.335
10377,220.381
10378,220.385
10379,220.389
10380,220.438
10381,220.441
10382,220.445
10383,220.493
10384,220.497
10385,220.501
10386,220.543
10387,220.582
10388,220.585
10389,220.589
10390,220.592
10391,220.595
10392,220.598
10393,220.601
10394,220.606
10395,220.611
10396,220.616
10397,220.621
10398,220.626
10399,220.632
10400,220.693
10401,220.698
10402,220.703
10403,220.706
10404,220.765
10405,220.772
10406,220.777
10407,220.831
10408,220.836
10409,220.840
10410,220.902
10411,220.907
10412,220.911
10413,220.956
10414,221.004
10415,221.007
10416,221.010
10417,221.014
10418,221.017
10419,221.020
10420,221.023
10421,221.046
10422,221.097
10423,221.147
10424,221.151
10425,221.155
10426,221.160
10427,221.214
10428,221.218
10429,221.222
10430,221.226
10431,221.288
10432,221.288
10433,221.289
10434,221.289
10435,221.329
10436,221.333
10437,221.337
10438,221.340
10439,221.390
10440,221.394
10441,221.399
10442,221.403
10443,221.452
10444,221.455
10445,221.459
10446,221.463
10447,221.498
10448,221.536
10449,221.539
10450,221.541
10451,221.544
10452,221.546
10453,221.564
10454,221.598
10455,221.645
10456,221.649
10457,221.653
10458,221.657
10459,221.705
10460,221.709
10461,221.713
10462,221.717
10463,221.762
10464,221.765
10465,221.769
10466,221.773
10467,221.817
10468,221.821
10469,221.825
10470,221.829
10471,221.864
10472,221.905
10473,221.908
10474,221.911
10475,221.914
10476,221.917
10477,221.920
10478,221.924
10479,221.927
10480,221.930
10481,221.933
10482,221.936
10483,221.939
10484,221.942
10485,221.945
10486,221.949
10487,221.954
10488,221.957
10489,221.960
10490,221.963
10491,221.966
10492,221.970
10493,221.991
10494,222.031
10495,222.080
10496,222.084
10497,222.088
10498,222.092
10499,222.135
10500,222.139
10501,222.144
10502,222.148
10503,222.205
10504,222.209
10505,222.213
10506,222.218
10507,222.261
10508,222.264
10509,222.268
10510,222.271
10511,222.328
10512,222.334
10513,222.340
10514,222.345
10515,222.409
10516,222.414
10517,222.419
10518,222.427
10519,222.483
10520,222.488
10521,222.492
10522,222.497
10523,222.564
10524,222.569
10525,222.575
10526,222.579
10527,222.647
10528,222.652
10529,222.657
10530,222.661
10531,222.729
10532,222.733
10533,222.739
10534,222.744
10535,222.802
10536,222.806
10537,222.811
10538,222.815
10539,222.869
10540,222.875
10541,222.880
10542,222.885
10543,222.936
10544,222.940
10545,222.944
10546,222.948
10547,222.994
10548,222.998
10549,223.002
10550,223.006
10551,223.054
10552,223.057
10553,223.061
10554,223.065
10555,223.114
10556,223.118
10557,223.122
10558,223.126
10559,223.171
10560,223.175
10561,223.178
10562,223.182
10563,223.234
10564,223.239
10565,223.244
10566,223.248
10567,223.300
10568,223.305
10569,223.309
10570,223.313
10571,223.357
10572,223.362
10573,223.366
10574,223.369
10575,223.417
10576,223.421
10577,223.424
10578,223.477
10579,223.481
10580,223.485
10581,223.522
10582,223.559
10583,223.561
10584,223.578
10585,223.634
10586,223.643
10587,223.645
10588,223.647
10589,223.700
10590,223.719
10591,223.723
10592,223.757
10593,223.760
10594,223.762
10595,223.765
10596,223.810
10597,223.814
10598,223.817
10599,223.859
10600,223.863
10601,223.866
10602,223.907
10603,223.911
10604,223.916
10605,223.972
10606,223.976
10607,223.980
10608,224.033
10609,224.038
10610,224.084
10611,224.140
10612,224.143
10613,224.146
10614,224.181
10615,224.277
10616,224.343
10617,224.367
10618,224.413
10619,224.415
10620,224.445
10621,224.491
10622,224.518
10623,224.563
10624,224.566
10625,224.568
10626,224.571
10627,224.587
10628,224.589
10629,224.592
10630,224.596
10631,224.598
10632,224.613
10633,224.645
10634,224.676
10635,224.694
10636,224.696
10637,224.711
10638,224.714
10639,224.716
10640,224.731
10641,224.749
10642,224.752
10643,224.754
10644,224.770
10645,224.789
10646,224.791
10647,224.823
10648,224.872
10649,224.874
10650,224.877
10651,224.880
10652,224.910
10653,224.956
10654,224.986
10655,225.060
10656,225.105
10657,225.136
10658,225.181
10659,225.183
10660,225.186
10661,225.218
10662,225.266
10663,225.298
10664,225.379
10665,225.430
10666,225.433
10667,225.436
10668,225.441
10669,225.473
10670,225.537
10671,225.578
10672,225.646
10673,225.657
10674,225.702
10675,225.774
10676,225.818
10677,225.885
10678,225.917
10679,225.980
10680,225.983
10681,225.987
10682,225.991
10683,226.207
10684,226.211
10685,226.388
10686,226.413
10687,226.417
10688,226.435
10689,226.445
10690,226.448
10691,226.669
10692,226.673
10693,226.677
10694,226.874
10695,227.067
10696,227.071
10697,227.074
10698,227.257
10699,227.277
10700,227.287
10701,227.290
10702,227.294
10703,227.302
10704,227.503
10705,227.506
10706,227.683
10707,227.713
10708,227.717
10709,227.770
10710,227.826
10711,227.830
10712,227.834
10713,227.838
10714,227.842
10715,227.846
10716,227.850
10717,227.854
10718,227.859
10719,227.863
10720,227.868
10721,227.872
10722,227.876
10723,227.881
10724,227.930
10725,227.933
10726,227.937
10727,227.977
10728,227.980
10729,227.984
10730,228.026
10731,228.031
10732,228.034
10733,228.079
10734,228.084
10735,228.089
10736,228.135
10737,228.175
10738,228.177
10739,228.180
10740,228.182
10741,228.185
10742,228.188
10743,228.191
10744,228.209
10745,228.244
10746,228.281
10747,228.284
10748,228.287
10749,228.290
10750,228.322
10751,228.325
10752,228.328
10753,228.331
10754,228.363
10755,228.366
10756,228.370
10757,228.373
10758,228.405
10759,228.408
10760,228.412
10761,228.415
10762,228.448
10763,228.452
10764,228.455
10765,228.459
10766,228.491
10767,228.494
10768,228.497
10769,228.500
10770,228.534
10771,228.570
10772,228.573
10773,228.576
10774,228.578
10775,228.581
10776,228.599
10777,228.633
10778,228.671
10779,228.674
10780,228.677
10781,228.681
10782,228.712
10783,228.716
10784,228.719
10785,228.722
10786,228.754
10787,228.757
10788,228.760
10789,228.763
10790,228.794
10791,228.797
10792,228.801
10793,228.803
10794,228.838
10795,228.878
10796,228.881
10797,228.884
10798,228.887
10799,228.890
10800,228.893
10801,228.896
10802,228.899
10803,228.902
10804,228.905
10805,228.908
10806,228.912
10807,228.915
10808,228.918
10809,228.921
10810,228.924
10811,228.928
10812,228.931
10813,228.934
10814,228.938
10815,228.941
10816,228.962
10817,229.001
10818,229.041
10819,229.044
10820,229.048
10821,229.051
10822,229.084
10823,229.088
10824,229.091
10825,229.095
10826,229.132
10827,229.135
10828,229.139
10829,229.143
10830,229.176
10831,229.179
10832,229.183
10833,229.186
10834,229.220
10835,229.223
10836,229.227
10837,229.230
10838,229.264
10839,229.267
10840,229.270
10841,229.273
10842,229.308
10843,229.313
10844,229.317
10845,229.321
10846,229.363
10847,229.367
10848,229.372
10849,229.377
10850,229.419
10851,229.423
10852,229.427
10853,229.431
10854,229.476
10855,229.480
10856,229.485
10857,229.489
10858,229.529
10859,229.534
10860,229.538
10861,229.542
10862,229.591
10863,229.599
10864,229.603
10865,229.608
10866,229.652
10867,229.656
10868,229.661
10869,229.665
10870,229.707
10871,229.711
10872,229.715
10873,229.719
10874,229.765
10875,229.769
10876,229.773
10877,229.776
10878,229.810
10879,229.814
10880,229.817
10881,229.821
10882,229.854
10883,229.857
10884,229.860
10885,229.863
10886,229.895
10887,229.898
10888,229.902
10889,229.905
10890,229.937
10891,229.940
10892,229.943
10893,229.947
10894,229.978
10895,229.981
10896,229.984
10897,229.988
10898,230.022
10899,230.025
10900,230.028
10901,230.060
10902,230.064
10903,230.067
10904,230.100
10905,230.104
10906,230.107
10907,230.139
10908,230.142
10909,230.145
10910,230.177
10911,230.180
10912,230.183
10913,230.216
10914,230.219
10915,230.222
10916,230.255
10917,230.259
10918,230.261
10919,230.285
10920,230.304
10921,230.308
10922,230.311
10923,230.314
10924,230.317
10925,230.320
10926,230.323
10927,230.338
10928,230.367
10929,230.385
10930,230.388
10931,230.390
10932,230.393
10933,230.395
10934,230.398
10935,230.408
10936,230.426
10937,230.461
10938,230.464
10939,230.467
10940,230.471
10941,230.474
10942,230.505
10943,230.508
10944,230.512
10945,230.515
10946,230.519
10947,230.553
10948,230.556
10949,230.560
10950,230.564
10951,230.568
10952,230.604
10953,230.607
10954,230.611
10955,230.614
10956,230.618
10957,230.653
10958,230.657
10959,230.660
10960,230.664
10961,230.668
10962,230.705
10963,230.708
10964,230.711
10965,230.715
10966,230.738
10967,230.758
10968,230.760
10969,230.769
10970,230.788
10971,230.826
10972,230.829
10973,230.833
10974,230.837
10975,230.840
10976,230.864
10977,230.881
10978,230.884
10979,230.887
10980,230.890
10981,230.892
10982,230.895
10983,230.898
10984,230.901
10985,230.904
10986,230.913
10987,230.929
10988,230.973
10989,230.977
10990,230.981
10991,230.986
10992,230.991
10993,231.035
10994,231.039
10995,231.043
10996,231.048
10997,231.052
10998,231.103
10999,231.109
11000,231.114
11001,231.118
11002,231.122
11003,231.167
11004,231.171
11005,231.175
11006,231.180
11007,231.184
11008,231.228
11009,231.232
11010,231.237
11011,231.241
11012,231.246
11013,231.292
11014,231.296
11015,231.300
11016,231.304
11017,231.309
11018,231.355
11019,231.359
11020,231.363
11021,231.367
11022,231.372
11023,231.422
11024,231.426
11025,231.431
11026,231.436
11027,231.441
11028,231.469
11029,231.489
11030,231.491
11031,231.499
11032,231.519
11033,231.557
11034,231.560
11035,231.564
11036,231.568
11037,231.571
11038,231.596
11039,231.613
11040,231.616
11041,231.623
11042,231.641
11043,231.675
11044,231.678
11045,231.681
11046,231.685
11047,231.688
11048,231.711
11049,231.729
11050,231.732
11051,231.739
11052,231.757
11053,231.792
11054,231.795
11055,231.798
11056,231.802
11057,231.805
11058,231.852
11059,231.906
11060,231.909
11061,231.912
11062,231.915
11063,231.919
11064,231.922
11065,231.925
11066,231.929
11067,231.932
11068,231.936
11069,231.939
11070,231.943
11071,231.947
11072,231.950
11073,232.002
11074,232.006
11075,232.009
11076,232.058
11077,232.110
11078,232.113
11079,232.165
11080,232.169
11081,232.172
11082,232.227
11083,232.231
11084,232.235
11085,232.274
11086,232.323
11087,232.326
11088,232.328
11089,232.331
11090,232.334
11091,232.337
11092,232.340
11093,232.364
11094,232.410
11095,232.466
11096,232.469
11097,232.473
11098,232.477
11099,232.528
11100,232.531
11101,232.535
11102,232.538
11103,232.602
11104,232.606
11105,232.611
11106,232.615
11107,232.678
11108,232.682
11109,232.687
11110,232.691
11111,232.772
11112,232.777
11113,232.782
11114,232.787
11115,232.857
11116,232.861
11117,232.866
11118,232.871
11119,232.927
11120,232.994
11121,232.997
11122,233.001
11123,233.004
11124,233.008
11125,233.038
11126,233.090
11127,233.146
11128,233.150
11129,233.154
11130,233.158
11131,233.211
11132,233.215
11133,233.219
11134,233.222
11135,233.273
11136,233.276
11137,233.280
11138,233.283
11139,233.337
11140,233.340
11141,233.344
11142,233.348
11143,233.390
11144,233.441
11145,233.444
11146,233.447
11147,233.450
11148,233.454
11149,233.457
11150,233.460
11151,233.463
11152,233.466
11153,233.469
11154,233.472
11155,233.475
11156,233.478
11157,233.481
11158,233.484
11159,233.487
11160,233.490
11161,233.493
11162,233.496
11163,233.499
11164,233.503
11165,233.527
11166,233.578
11167,233.634
11168,233.638
11169,233.642
11170,233.646
11171,233.696
11172,233.700
11173,233.704
11174,233.708
11175,233.768
11176,233.772
11177,233.776
11178,233.780
11179,233.835
11180,233.839
11181,233.843
11182,233.846
11183,233.895
11184,233.899
11185,233.903
11186,233.907
11187,233.963
11188,233.967
11189,233.970
11190,233.974
11191,234.026
11192,234.030
11193,234.034
11194,234.038
11195,234.097
11196,234.101
11197,234.105
11198,234.109
11199,234.160
11200,234.163
11201,234.167
11202,234.170
11203,234.241
11204,234.245
11205,234.250
11206,234.255
11207,234.340
11208,234.345
11209,234.350
11210,234.355
11211,234.429
11212,234.438
11213,234.443
11214,234.448
11215,234.529
11216,234.533
11217,234.539
11218,234.543
11219,234.619
11220,234.629
11221,234.633
11222,234.638
11223,234.709
11224,234.713
11225,234.717
11226,234.721
11227,234.788
11228,234.792
11229,234.797
11230,234.801
11231,234.862
11232,234.866
11233,234.871
11234,234.875
11235,234.931
11236,234.937
11237,234.941
11238,234.944
11239,235.003
11240,235.009
11241,235.013
11242,235.016
11243,235.071
11244,235.077
11245,235.081
11246,235.084
11247,235.140
11248,235.144
11249,235.148
11250,235.207
11251,235.212
11252,235.215
11253,235.272
11254,235.276
11255,235.280
11256,235.339
11257,235.343
11258,235.347
11259,235.407
11260,235.411
11261,235.415
11262,235.473
11263,235.477
11264,235.481
11265,235.537
11266,235.541
11267,235.545
11268,235.592
11269,235.648
11270,235.652
11271,235.655
11272,235.659
11273,235.662
11274,235.665
11275,235.669
11276,235.673
11277,235.676
11278,235.680
11279,235.684
11280,235.688
11281,235.692
11282,235.695
11283,235.754
11284,235.758
11285,235.761
11286,235.809
11287,235.812
11288,235.815
11289,235.871
11290,235.875
11291,235.877
11292,235.952
11293,235.957
11294,235.961
11295,236.013
11296,236.080
11297,236.083
11298,236.086
11299,236.090
11300,236.093
11301,236.096
11302,236.100
11303,236.129
11304,236.185
11305,236.253
11306,236.257
11307,236.262
11308,236.266
11309,236.337
11310,236.342
11311,236.346
11312,236.349
11313,236.407
11314,236.411
11315,236.415
11316,236.418
11317,236.467
11318,236.470
11319,236.474
11320,236.477
11321,236.534
11322,236.538
11323,236.542
11324,236.546
11325,236.599
11326,236.602
11327,236.607
11328,236.610
11329,236.649
11330,236.696
11331,236.699
11332,236.701
11333,236.704
11334,236.707
11335,236.729
11336,236.774
11337,236.829
11338,236.833
11339,236.836
11340,236.840
11341,236.895
11342,236.898
11343,236.902
11344,236.905
11345,236.960
11346,236.963
11347,236.967
11348,236.970
11349,237.025
11350,237.029
11351,237.034
11352,237.038
11353,237.081
11354,237.135
11355,237.138
11356,237.141
11357,237.144
11358,237.147
11359,237.150
11360,237.153
11361,237.156
11362,237.159
11363,237.162
11364,237.166
11365,237.169
11366,237.172
11367,237.175
11368,237.178
11369,237.181
11370,237.185
11371,237.188
11372,237.191
11373,237.195
11374,237.198
11375,237.224
11376,237.277
11377,237.331
11378,237.334
11379,237.338
11380,237.341
11381,237.388
11382,237.391
11383,237.395
11384,237.399
11385,237.459
11386,237.462
11387,237.466
11388,237.470
11389,237.533
11390,237.538
11391,237.542
11392,237.546
11393,237.607
11394,237.612
11395,237.616
11396,237.621
11397,237.692
11398,237.696
11399,237.701
11400,237.705
11401,237.769
11402,237.772
11403,237.777
11404,237.782
11405,237.854
11406,237.858
11407,237.863
11408,237.867
11409,237.937
11410,237.942
11411,237.947
11412,237.951
11413,238.009
11414,238.012
11415,238.016
11416,238.020
11417,238.081
11418,238.085
11419,238.089
11420,238.093
11421,238.146
11422,238.153
11423,238.157
11424,238.161
11425,238.221
11426,238.225
11427,238.229
11428,238.233
11429,238.289
11430,238.294
11431,238.298
11432,238.302
11433,238.358
11434,238.362
11435,238.365
11436,238.369
11437,238.423
11438,238.427
11439,238.431
11440,238.435
11441,238.488
11442,238.492
11443,238.496
11444,238.500
11445,238.555
11446,238.561
11447,238.566
11448,238.569
11449,238.626
11450,238.631
11451,238.635
11452,238.638
11453,238.687
11454,238.692
11455,238.696
11456,238.699
11457,238.754
11458,238.758
11459,238.762
11460,238.821
11461,238.825
11462,238.828
11463,238.888
11464,238.892
11465,238.896
11466,238.956
11467,238.959
11468,238.963
11469,239.018
11470,239.023
11471,239.026
11472,239.084
11473,239.088
11474,239.091
11475,239.155
11476,239.160
11477,239.164
11478,239.211
11479,239.274
11480,239.277
11481,239.315
11482,239.433
11483,239.539
11484,239.598
11485,239.600
11486,239.630
11487,239.679
11488,239.708
11489,239.753
11490,239.755
11491,239.758
11492,239.760
11493,239.763
11494,239.786
11495,239.830
11496,239.832
11497,239.835
11498,239.837
11499,239.854
11500,239.872
11501,239.875
11502,239.878
11503,239.881
11504,239.884
11505,239.887
11506,239.890
11507,239.906
11508,239.935
11509,239.951
11510,239.954
11511,239.956
11512,239.959
11513,239.961
11514,239.963
11515,239.972
11516,239.987
11517,240.022
11518,240.025
11519,240.028
11520,240.031
11521,240.035
11522,240.067
11523,240.070
11524,240.074
11525,240.077
11526,240.080
11527,240.116
11528,240.118
11529,240.122
11530,240.125
11531,240.129
11532,240.161
11533,240.163
11534,240.167
11535,240.170
11536,240.173
11537,240.207
11538,240.210
11539,240.213
11540,240.216
11541,240.219
11542,240.252
11543,240.255
11544,240.258
11545,240.261
11546,240.283
11547,240.299
11548,240.301
11549,240.311
11550,240.327
11551,240.365
11552,240.368
11553,240.372
11554,240.375
11555,240.379
11556,240.431
11557,240.434
11558,240.437
11559,240.439
11560,240.442
11561,240.445
11562,240.447
11563,240.450
11564,240.452
11565,240.459
11566,240.466
11567,240.484
11568,240.525
11569,240.528
11570,240.532
11571,240.536
11572,240.540
11573,240.577
11574,240.580
11575,240.583
11576,240.587
11577,240.590
11578,240.625
11579,240.628
11580,240.631
11581,240.635
11582,240.638
11583,240.674
11584,240.677
11585,240.680
11586,240.684
11587,240.687
11588,240.720
11589,240.723
11590,240.726
11591,240.729
11592,240.732
11593,240.783
11594,240.786
11595,240.790
11596,240.794
11597,240.799
11598,240.846
11599,240.849
11600,240.853
11601,240.857
11602,240.861
11603,240.905
11604,240.909
11605,240.913
11606,240.918
11607,240.922
11608,240.949
11609,240.967
11610,240.970
11611,240.983
11612,241.002
11613,241.045
11614,241.049
11615,241.053
11616,241.057
11617,241.061
11618,241.090
11619,241.109
11620,241.113
11621,241.126
11622,241.145
11623,241.190
11624,241.193
11625,241.196
11626,241.199
11627,241.203
11628,241.225
11629,241.240
11630,241.242
11631,241.251
11632,241.268
11633,241.301
11634,241.304
11635,241.307
11636,241.310
11637,241.314
11638,241.365
11639,241.369
11640,241.420
11641,241.424
11642,241.481
11643,241.485
11644,241.540
11645,241.545
11646,241.597
11647,241.601
11648,241.654
11649,241.658
11650,241.711
11651,241.717
11652,241.722
11653,241.726
11654,241.767
11655,241.770
11656,241.797
11657,241.800
11658,241.805
11659,241.807
11660,241.832
11661,241.835
11662,241.895
11663,241.899
11664,241.950
11665,242.008
11666,242.011
11667,242.015
11668,242.019
11669,242.023
11670,242.026
11671,242.030
11672,242.034
11673,242.038
11674,242.041
11675,242.045
11676,242.049
11677,242.053
11678,242.057
11679,242.120
11680,242.124
11681,242.128
11682,242.173
11683,242.224
11684,242.227
11685,242.285
11686,242.289
11687,242.292
11688,242.345
11689,242.350
11690,242.355
11691,242.411
11692,242.483
11693,242.487
11694,242.492
11695,242.495
11696,242.499
11697,242.502
11698,242.505
11699,242.535
11700,242.591
11701,242.665
11702,242.670
11703,242.675
11704,242.679
11705,242.757
11706,242.762
11707,242.767
11708,242.772
11709,242.852
11710,242.856
11711,242.860
11712,242.864
11713,242.920
11714,242.924
11715,242.929
11716,242.933
11717,242.999
11718,243.003
11719,243.008
11720,243.012
11721,243.070
11722,243.074
11723,243.078
11724,243.082
11725,243.125
11726,243.176
11727,243.179
11728,243.182
11729,243.184
11730,243.187
11731,243.211
11732,243.259
11733,243.318
11734,243.322
11735,243.327
11736,243.331
11737,243.388
11738,243.393
11739,243.398
11740,243.402
11741,243.461
11742,243.466
11743,243.470
11744,243.474
11745,243.534
11746,243.538
11747,243.542
11748,243.545
11749,243.588
11750,243.640
11751,243.643
11752,243.646
11753,243.649
11754,243.652
11755,243.655
11756,243.658
11757,243.661
11758,243.664
11759,243.667
11760,243.671
11761,243.674
11762,243.677
11763,243.681
11764,243.684
11765,243.687
11766,243.690
11767,243.694
11768,243.697
11769,243.700
11770,243.703
11771,243.730
11772,243.785
11773,243.848
11774,243.852
11775,243.856
11776,243.860
11777,243.915
11778,243.920
11779,243.924
11780,243.928
11781,243.995
11782,244.000
11783,244.004
11784,244.009
11785,244.065
11786,244.071
11787,244.076
11788,244.081
11789,244.153
11790,244.158
11791,244.164
11792,244.168
11793,244.251
11794,244.256
11795,244.261
11796,244.266
11797,244.338
11798,244.342
11799,244.347
11800,244.352
11801,244.433
11802,244.438
11803,244.443
11804,244.447
11805,244.524
11806,244.529
11807,244.534
11808,244.539
11809,244.612
11810,244.616
11811,244.620
11812,244.624
11813,244.693
11814,244.699
11815,244.703
11816,244.707
11817,244.769
11818,244.775
11819,244.780
11820,244.784
11821,244.846
11822,244.852
11823,244.855
11824,244.859
11825,244.918
11826,244.924
11827,244.928
11828,244.931
11829,244.992
11830,244.997
11831,245.001
11832,245.005
11833,245.046
11834,245.100
11835,245.103
11836,245.106
11837,245.132
11838,245.181
11839,245.184
11840,245.187
11841,245.212
11842,245.262
11843,245.265
11844,245.269
11845,245.337
11846,245.344
11847,245.349
11848,245.353
11849,245.415
11850,245.422
11851,245.427
11852,245.431
11853,245.493
11854,245.498
11855,245.502
11856,245.549
11857,245.604
11858,245.607
11859,245.636
11860,245.693
11861,245.724
11862,245.775
11863,245.779
11864,245.802
11865,245.858
11866,245.938
11867,245.943
11868,245.948
11869,246.007
11870,246.069
11871,246.072
11872,246.101
11873,246.164
11874,246.194
11875,246.256
11876,246.260
11877,246.317
11878,246.353
11879,246.378
11880,246.431
11881,246.435
11882,246.460
11883,246.513
11884,246.542
11885,246.544
11886,246.589
11887,246.598
11888,246.600
11889,246.603
11890,246.622
11891,246.645
11892,246.670
11893,246.725
11894,246.767
11895,246.770
11896,246.772
11897,246.816
11898,246.824
11899,246.830
11900,246.833
11901,246.848
11902,246.874
11903,246.915
11904,246.918
11905,246.921
11906,246.923
11907,246.937
11908,246.945
11909,246.970
11910,247.021
11911,247.045
11912,247.099
11913,247.123
11914,247.175
11915,247.199
11916,247.249
11917,247.274
11918,247.324
11919,247.351
11920,247.402
11921,247.436
11922,247.445
11923,247.448
11924,247.450
11925,247.453
11926,247.456
11927,247.458
11928,247.461
11929,247.463
11930,247.490
11931,247.499
11932,247.504
11933,247.506
11934,247.509
11935,247.542
11936,247.615
11937,247.666
11938,247.669
11939,247.712
11940,247.787
11941,247.795
11942,247.825
11943,247.828
11944,247.832
11945,247.835
11946,247.865
11947,247.877
11948,247.880
11949,247.927
11950,247.930
11951,247.934
11952,247.937
11953,247.973
11954,248.048
11955,248.052
11956,248.056
11957,248.112
11958,248.175
11959,248.181
11960,248.184
11961,248.214
11962,248.218
11963,248.242
11964,248.246
11965,248.281
11966,248.320
11967,248.323
11968,248.366
11969,248.369
11970,248.373
11971,248.424
11972,248.429
11973,248.433
11974,248.469
11975,248.512
11976,248.516
11977,248.558
11978,248.562
11979,248.567
11980,248.572
11981,248.609
11982,248.651
11983,248.672
11984,248.715
11985,248.728
11986,248.753
11987,248.780
11988,248.783
11989,248.795
11990,248.818
11991,249.212
11992,249.216
11993,249.221
11994,249.570
11995,249.841
11996,249.849
11997,249.854
11998,250.072
11999,250.113
12000,250.165
12001,250.169
12002,250.190
12003,250.198
12004,250.454
12005,250.458
12006,250.677
12007,250.698
12008,250.709
12009,250.712
12010,250.725
12011,250.762
12012,250.768
12013,251.037
12014,251.041
12015,251.289
12016,251.317
12017,251.320
12018,251.490
12019,251.498
12020,251.528
12021,251.535
12022,251.580
12023,251.583
12024,251.585
12025,251.615
12026,251.618
12027,251.620
12028,251.623
12029,251.626
12030,251.629
12031,251.631
12032,251.665
12033,251.667
12034,251.672
12035,251.701
12036,251.713
12037,251.717
12038,251.727
12039,251.739
12040,251.742
12041,251.772
12042,251.784
12043,251.787
12044,251.814
12045,251.848
12046,251.852
12047,251.856
12048,251.860
12049,251.864
12050,251.868
12051,251.871
12052,251.894
12053,251.934
12054,251.956
12055,251.960
12056,251.963
12057,251.966
12058,251.969
12059,251.972
12060,251.986
12061,252.006
12062,252.060
12063,252.064
12064,252.069
12065,252.074
12066,252.080
12067,252.133
12068,252.140
12069,252.146
12070,252.150
12071,252.154
12072,252.205
12073,252.209
12074,252.213
12075,252.217
12076,252.222
12077,252.264
12078,252.267
12079,252.271
12080,252.275
12081,252.278
12082,252.317
12083,252.321
12084,252.325
12085,252.330
12086,252.334
12087,252.373
12088,252.377
12089,252.380
12090,252.384
12091,252.407
12092,252.424
12093,252.426
12094,252.436
12095,252.452
12096,252.495
12097,252.500
12098,252.504
12099,252.508
12100,252.511
12101,252.535
12102,252.554
12103,252.556
12104,252.560
12105,252.563
12106,252.566
12107,252.569
12108,252.572
12109,252.575
12110,252.578
12111,252.588
12112,252.608
12113,252.652
12114,252.656
12115,252.660
12116,252.664
12117,252.668
12118,252.711
12119,252.715
12120,252.719
12121,252.723
12122,252.727
12123,252.772
12124,252.777
12125,252.781
12126,252.785
12127,252.789
12128,252.839
12129,252.878
12130,252.878
12131,252.878
12132,252.878
12133,252.907
12134,252.907
12135,252.910
12136,252.914
12137,252.920
12138,252.965
12139,252.969
12140,252.973
12141,252.978
12142,252.982
12143,253.028
12144,253.039
12145,253.039
12146,253.041
12147,253.046
12148,253.091
12149,253.095
12150,253.099
12151,253.103
12152,253.107
12153,253.133
12154,253.150
12155,253.153
12156,253.163
12157,253.180
12158,253.226
12159,253.230
12160,253.234
12161,253.238
12162,253.242
12163,253.267
12164,253.284
12165,253.287
12166,253.296
12167,253.313
12168,253.354
12169,253.357
12170,253.361
12171,253.364
12172,253.368
12173,253.399
12174,253.422
12175,253.426
12176,253.439
12177,253.460
12178,253.519
12179,253.525
12180,253.533
12181,253.537
12182,253.542
12183,253.598
12184,253.657
12185,253.661
12186,253.665
12187,253.670
12188,253.674
12189,253.679
12190,253.685
12191,253.690
12192,253.695
12193,253.700
12194,253.705
12195,253.710
12196,253.715
12197,253.721
12198,253.796
12199,253.802
12200,253.807
12201,253.871
12202,253.875
12203,253.882
12204,253.886
12205,253.944
12206,253.948
12207,253.952
12208,254.018
12209,254.018
12210,254.022
12211,254.058
12212,254.098
12213,254.101
12214,254.105
12215,254.108
12216,254.111
12217,254.114
12218,254.117
12219,254.139
12220,254.177
12221,254.238
12222,254.243
12223,254.247
12224,254.252
12225,254.314
12226,254.319
12227,254.323
12228,254.328
12229,254.388
12230,254.393
12231,254.397
12232,254.401
12233,254.453
12234,254.457
12235,254.461
12236,254.465
12237,254.528
12238,254.533
12239,254.538
12240,254.543
12241,254.605
12242,254.610
12243,254.616
12244,254.621
12245,254.660
12246,254.701
12247,254.704
12248,254.707
12249,254.710
12250,254.713
12251,254.736
12252,254.779
12253,254.841
12254,254.844
12255,254.850
12256,254.854
12257,254.914
12258,254.918
12259,254.924
12260,254.929
12261,254.985
12262,254.989
12263,254.994
12264,254.998
12265,255.051
12266,255.055
12267,255.059
12268,255.062
12269,255.112
12270,255.176
12271,255.181
12272,255.185
12273,255.190
12274,255.194
12275,255.198
12276,255.202
12277,255.207
12278,255.211
12279,255.215
12280,255.219
12281,255.224
12282,255.229
12283,255.234
12284,255.241
12285,255.245
12286,255.250
12287,255.254
12288,255.258
12289,255.263
12290,255.267
12291,255.296
12292,255.352
12293,255.433
12294,255.438
12295,255.443
12296,255.448
12297,255.516
12298,255.522
12299,255.528
12300,255.533
12301,255.613
12302,255.618
12303,255.624
12304,255.629
12305,255.692
12306,255.696
12307,255.701
12308,255.705
12309,255.757
12310,255.761
12311,255.766
12312,255.770
12313,255.829
12314,255.834
12315,255.838
12316,255.843
12317,255.896
12318,255.900
12319,255.905
12320,255.909
12321,255.969
12322,255.974
12323,255.978
12324,255.983
12325,256.042
12326,256.047
12327,256.051
12328,256.055
12329,256.112
12330,256.116
12331,256.121
12332,256.125
12333,256.187
12334,256.194
12335,256.199
12336,256.204
12337,256.269
12338,256.276
12339,256.282
12340,256.287
12341,256.351
12342,256.358
12343,256.362
12344,256.367
12345,256.424
12346,256.431
12347,256.435
12348,256.440
12349,256.502
12350,256.509
12351,256.514
12352,256.518
12353,256.577
12354,256.584
12355,256.588
12356,256.592
12357,256.647
12358,256.653
12359,256.657
12360,256.661
12361,256.719
12362,256.724
12363,256.729
12364,256.734
12365,256.817
12366,256.826
12367,256.831
12368,256.836
12369,256.910
12370,256.924
12371,256.924
12372,256.928
12373,256.999
12374,257.005
12375,257.009
12376,257.088
12377,257.094
12378,257.099
12379,257.171
12380,257.176
12381,257.181
12382,257.247
12383,257.283
12384,257.283
12385,257.314
12386,257.319
12387,257.324
12388,257.384
12389,257.389
12390,257.394
12391,257.453
12392,257.458
12393,257.463
12394,257.483
12395,257.519
12396,257.522
12397,257.525
12398,257.531
12399,257.533
12400,257.535
12401,257.538
12402,257.582
12403,257.585
12404,257.587
12405,257.602
12406,257.605
12407,257.608
12408,257.611
12409,257.632
12410,257.642
12411,257.644
12412,257.651
12413,257.660
12414,257.663
12415,257.686
12416,257.696
12417,257.699
12418,257.708
12419,257.719
12420,257.722
12421,257.731
12422,257.733
12423,257.736
12424,257.738
12425,257.768
12426,257.771
12427,257.774
12428,257.777
12429,257.780
12430,257.784
12431,257.793
12432,257.795
12433,257.802
12434,257.804
12435,257.807
12436,257.810
12437,257.814
12438,257.817
12439,257.819
12440,257.822
12441,257.825
12442,257.854
12443,257.857
12444,257.859
12445,257.862
12446,257.865
12447,257.867
12448,257.870
12449,257.898
12450,257.901
12451,257.904
12452,257.907
12453,257.934
12454,257.936
12455,257.939
12456,257.942
12457,257.944
12458,257.946
12459,257.949
12460,257.952
12461,257.981
12462,257.984
12463,257.986
12464,257.990
12465,257.993
12466,257.995
12467,257.998
12468,258.001
12469,258.005
12470,258.007
12471,258.010
12472,258.012
12473,258.020
12474,258.032
12475,258.034
12476,258.037
12477,258.039
12478,258.042
12479,258.044
12480,258.072
12481,258.153
12482,258.156
12483,258.158
12484,258.161
12485,258.164
12486,258.198
12487,258.202
12488,258.206
12489,258.235
12490,258.237
12491,258.240
12492,258.277
12493,258.279
12494,258.282
12495,258.285
12496,258.288
12497,258.315
12498,258.317
12499,258.320
12500,258.323
12501,258.325
12502,258.330
12503,258.339
12504,258.341
12505,258.348
12506,258.356
12507,258.358
12508,258.401
12509,258.405
12510,258.409
12511,258.445
12512,258.488
12513,258.514
12514,258.518
12515,258.570
12516,258.627
12517,258.632
12518,258.636
12519,258.640
12520,258.645
12521,258.649
12522,258.655
12523,258.660
12524,258.665
12525,258.670
12526,258.675
12527,258.681
12528,258.686
12529,258.691
12530,258.771
12531,258.776
12532,258.781
12533,258.841
12534,258.846
12535,258.853
12536,258.858
12537,258.929
12538,258.934
12539,258.938
12540,259.011
12541,259.016
12542,259.021
12543,259.056
12544,259.098
12545,259.101
12546,259.106
12547,259.110
12548,259.114
12549,259.117
12550,259.121
12551,259.143
12552,259.180
12553,259.237
12554,259.241
12555,259.246
12556,259.249
12557,259.308
12558,259.312
12559,259.316
12560,259.320
12561,259.378
12562,259.382
12563,259.388
12564,259.392
12565,259.444
12566,259.448
12567,259.452
12568,259.456
12569,259.517
12570,259.521
12571,259.526
12572,259.530
12573,259.590
12574,259.594
12575,259.598
12576,259.602
12577,259.638
12578,259.678
12579,259.681
12580,259.684
12581,259.687
12582,259.690
12583,259.712
12584,259.751
12585,259.806
12586,259.811
12587,259.815
12588,259.819
12589,259.874
12590,259.877
12591,259.882
12592,259.886
12593,259.937
12594,259.941
12595,259.945
12596,259.948
12597,260.001
12598,260.005
12599,260.009
12600,260.013
12601,260.051
12602,260.094
12603,260.097
12604,260.100
12605,260.104
12606,260.107
12607,260.110
12608,260.113
12609,260.116
12610,260.119
12611,260.123
12612,260.126
12613,260.129
12614,260.132
12615,260.135
12616,260.138
12617,260.141
12618,260.144
12619,260.147
12620,260.150
12621,260.153
12622,260.157
12623,260.182
12624,260.237
12625,260.319
12626,260.325
12627,260.331
12628,260.336
12629,260.404
12630,260.408
12631,260.414
12632,260.419
12633,260.503
12634,260.508
12635,260.514
12636,260.520
12637,260.598
12638,260.603
12639,260.608
12640,260.614
12641,260.672
12642,260.676
12643,260.680
12644,260.684
12645,260.745
12646,260.749
12647,260.753
12648,260.758
12649,260.806
12650,260.811
12651,260.815
12652,260.820
12653,260.879
12654,260.883
12655,260.888
12656,260.892
12657,260.949
12658,260.953
12659,260.957
12660,260.962
12661,261.017
12662,261.022
12663,261.026
12664,261.031
12665,261.094
12666,261.101
12667,261.106
12668,261.110
12669,261.167
12670,261.175
12671,261.180
12672,261.185
12673,261.245
12674,261.251
12675,261.256
12676,261.260
12677,261.318
12678,261.326
12679,261.331
12680,261.336
12681,261.397
12682,261.404
12683,261.409
12684,261.414
12685,261.478
12686,261.485
12687,261.490
12688,261.499
12689,261.562
12690,261.571
12691,261.575
12692,261.580
12693,261.645
12694,261.652
12695,261.657
12696,261.662
12697,261.724
12698,261.731
12699,261.736
12700,261.741
12701,261.789
12702,261.794
12703,261.798
12704,261.802
12705,261.889
12706,261.894
12707,261.900
12708,261.988
12709,261.994
12710,261.999
12711,262.076
12712,262.081
12713,262.087
12714,262.165
12715,262.171
12716,262.176
12717,262.269
12718,262.275
12719,262.281
12720,262.363
12721,262.367
12722,262.373
12723,262.436
12724,262.441
12725,262.446
12726,262.492
12727,262.537
12728,262.540
12729,262.544
12730,262.547
12731,262.551
12732,262.555
12733,262.559
12734,262.562
12735,262.566
12736,262.570
12737,262.574
12738,262.578
12739,262.582
12740,262.586
12741,262.628
12742,262.632
12743,262.635
12744,262.670
12745,262.673
12746,262.676
12747,262.712
12748,262.716
12749,262.719
12750,262.755
12751,262.759
12752,262.762
12753,262.799
12754,262.838
12755,262.841
12756,262.844
12757,262.847
12758,262.850
12759,262.853
12760,262.856
12761,262.874
12762,262.915
12763,262.956
12764,262.960
12765,262.964
12766,262.968
12767,263.005
12768,263.009
12769,263.013
12770,263.017
12771,263.055
12772,263.060
12773,263.064
12774,263.067
12775,263.105
12776,263.109
12777,263.116
12778,263.116
12779,263.156
12780,263.160
12781,263.164
12782,263.168
12783,263.204
12784,263.207
12785,263.211
12786,263.215
12787,263.251
12788,263.291
12789,263.294
12790,263.297
12791,263.301
12792,263.303
12793,263.323
12794,263.363
12795,263.405
12796,263.408
12797,263.412
12798,263.416
12799,263.450
12800,263.453
12801,263.457
12802,263.460
12803,263.494
12804,263.498
12805,263.502
12806,263.505
12807,263.540
12808,263.543
12809,263.547
12810,263.550
12811,263.585
12812,263.633
12813,263.638
12814,263.642
12815,263.646
12816,263.650
12817,263.654
12818,263.658
12819,263.662
12820,263.666
12821,263.671
12822,263.675
12823,263.679
12824,263.684
12825,263.688
12826,263.692
12827,263.697
12828,263.701
12829,263.706
12830,263.710
12831,263.715
12832,263.719
12833,263.749
12834,263.803
12835,263.860
12836,263.864
12837,263.869
12838,263.873
12839,263.922
12840,263.926
12841,263.931
12842,263.935
12843,263.985
12844,263.990
12845,263.994
12846,263.999
12847,264.048
12848,264.052
12849,264.057
12850,264.062
12851,264.106
12852,264.110
12853,264.114
12854,264.118
12855,264.156
12856,264.159
12857,264.164
12858,264.167
12859,264.207
12860,264.211
12861,264.215
12862,264.218
12863,264.255
12864,264.258
12865,264.262
12866,264.266
12867,264.302
12868,264.305
12869,264.309
12870,264.312
12871,264.349
12872,264.352
12873,264.356
12874,264.360
12875,264.396
12876,264.400
12877,264.404
12878,264.407
12879,264.446
12880,264.452
12881,264.456
12882,264.460
12883,264.496
12884,264.500
12885,264.503
12886,264.507
12887,264.544
12888,264.549
12889,264.553
12890,264.556
12891,264.593
12892,264.598
12893,264.602
12894,264.605
12895,264.642
12896,264.648
12897,264.652
12898,264.655
12899,264.690
12900,264.695
12901,264.699
12902,264.702
12903,264.740
12904,264.746
12905,264.750
12906,264.754
12907,264.789
12908,264.792
12909,264.796
12910,264.800
12911,264.834
12912,264.840
12913,264.844
12914,264.847
12915,264.882
12916,264.886
12917,264.889
12918,264.923
12919,264.926
12920,264.930
12921,264.963
12922,264.967
12923,264.970
12924,265.004
12925,265.007
12926,265.010
12927,265.044
12928,265.048
12929,265.052
12930,265.088
12931,265.092
12932,265.095
12933,265.133
12934,265.137
12935,265.141
12936,265.184
12937,265.233
12938,265.236
12939,265.265
12940,265.384
12941,265.390
12942,265.464
12943,265.469
12944,265.474
12945,265.530
12946,265.595
12947,265.599
12948,265.630
12949,265.694
12950,265.697
12951,265.704
12952,265.756
12953,265.759
12954,265.763
12955,265.809
12956,265.813
12957,265.816
12958,265.819
12959,265.858
12960,265.911
12961,265.914
12962,265.917
12963,265.951
12964,265.999
12965,266.002
12966,266.004
12967,266.007
12968,266.048
12969,266.052
12970,266.055
12971,266.058
12972,266.062
12973,266.066
12974,266.118
12975,266.121
12976,266.124
12977,266.130
12978,266.134
12979,266.178
12980,266.231
12981,266.234
12982,266.237
12983,266.299
12984,266.304
12985,266.311
12986,266.315
12987,266.364
12988,266.367
12989,266.370
12990,266.373
12991,266.379
12992,266.383
12993,266.431
12994,266.434
12995,266.437
12996,266.440
12997,266.443
12998,266.445
12999,266.501
13000,266.504
13001,266.507
13002,266.510
13003,266.513
13004,266.519
13005,266.522
13006,266.568
13007,266.571
13008,266.574
13009,266.577
13010,266.621
13011,266.674
13012,266.677
13013,266.680
13014,266.740
13015,266.746
13016,266.750
13017,266.754
13018,266.798
13019,266.874
13020,266.928
13021,266.931
13022,266.935
13023,266.978
13024,266.986
13025,266.989
13026,266.996
13027,266.999
13028,267.023
13029,267.025
13030,267.075
13031,267.144
13032,267.153
13033,267.167
13034,267.170
13035,267.207
13036,267.212
13037,267.245
13038,267.250
13039,267.258
13040,267.263
13041,267.291
13042,267.296
13043,267.351
13044,267.409
13045,267.414
13046,267.418
13047,267.423
13048,267.427
13049,267.432
13050,267.437
13051,267.442
13052,267.446
13053,267.452
13054,267.457
13055,267.462
13056,267.468
13057,267.473
13058,267.541
13059,267.545
13060,267.550
13061,267.595
13062,267.599
13063,267.603
13064,267.649
13065,267.652
13066,267.656
13067,267.706
13068,267.710
13069,267.714
13070,267.748
13071,267.785
13072,267.788
13073,267.791
13074,267.794
13075,267.797
13076,267.799
13077,267.802
13078,267.821
13079,267.860
13080,267.913
13081,267.917
13082,267.921
13083,267.924
13084,267.973
13085,267.977
13086,267.981
13087,267.985
13088,268.033
13089,268.037
13090,268.041
13091,268.044
13092,268.084
13093,268.088
13094,268.092
13095,268.096
13096,268.147
13097,268.151
13098,268.156
13099,268.160
13100,268.212
13101,268.214
13102,268.218
13103,268.222
13104,268.258
13105,268.295
13106,268.298
13107,268.300
13108,268.303
13109,268.306
13110,268.325
13111,268.365
13112,268.418
13113,268.421
13114,268.425
13115,268.428
13116,268.477
13117,268.481
13118,268.485
13119,268.488
13120,268.533
13121,268.537
13122,268.540
13123,268.544
13124,268.587
13125,268.590
13126,268.594
13127,268.598
13128,268.633
13129,268.674
13130,268.677
13131,268.680
13132,268.683
13133,268.685
13134,268.688
13135,268.691
13136,268.694
13137,268.696
13138,268.699
13139,268.702
13140,268.704
13141,268.707
13142,268.710
13143,268.713
13144,268.716
13145,268.720
13146,268.724
13147,268.729
13148,268.733
13149,268.738
13150,268.765
13151,268.812
13152,268.884
13153,268.888
13154,268.893
13155,268.898
13156,268.952
13157,268.956
13158,268.961
13159,268.965
13160,269.039
13161,269.044
13162,269.049
13163,269.054
13164,269.118
13165,269.123
13166,269.127
13167,269.132
13168,269.194
13169,269.199
13170,269.205
13171,269.208
13172,269.260
13173,269.264
13174,269.268
13175,269.273
13176,269.323
13177,269.327
13178,269.331
13179,269.335
13180,269.393
13181,269.398
13182,269.402
13183,269.407
13184,269.465
13185,269.469
13186,269.473
13187,269.477
13188,269.543
13189,269.549
13190,269.555
13191,269.561
13192,269.617
13193,269.623
13194,269.628
13195,269.632
13196,269.682
13197,269.688
13198,269.693
13199,269.698
13200,269.756
13201,269.763
13202,269.767
13203,269.772
13204,269.829
13205,269.836
13206,269.842
13207,269.846
13208,269.900
13209,269.905
13210,269.909
13211,269.913
13212,269.966
13213,269.973
13214,269.977
13215,269.981
13216,270.038
13217,270.045
13218,270.049
13219,270.053
13220,270.108
13221,270.116
13222,270.119
13223,270.123
13224,270.182
13225,270.189
13226,270.194
13227,270.198
13228,270.248
13229,270.254
13230,270.258
13231,270.262
13232,270.302
13233,270.305
13234,270.308
13235,270.311
13236,270.350
13237,270.391
13238,270.422
13239,270.467
13240,270.511
13241,270.514
13242,270.517
13243,270.521
13244,270.571
13245,270.628
13246,270.699
13247,270.703
13248,270.708
13249,270.773
13250,270.778
13251,270.783
13252,270.849
13253,270.855
13254,270.859
13255,270.926
13256,270.931
13257,270.937
13258,271.005
13259,271.010
13260,271.015
13261,271.069
13262,271.073
13263,271.077
13264,271.119
13265,271.158
13266,271.162
13267,271.165
13268,271.168
13269,271.172
13270,271.175
13271,271.179
13272,271.182
13273,271.186
13274,271.190
13275,271.194
13276,271.198
13277,271.202
13278,271.206
13279,271.254
13280,271.258
13281,271.261
13282,271.302
13283,271.305
13284,271.309
13285,271.350
13286,271.354
13287,271.357
13288,271.407
13289,271.411
13290,271.414
13291,271.450
13292,271.487
13293,271.490
13294,271.493
13295,271.496
13296,271.499
13297,271.502
13298,271.505
13299,271.524
13300,271.568
13301,271.619
13302,271.624
13303,271.628
13304,271.631
13305,271.684
13306,271.688
13307,271.692
13308,271.696
13309,271.749
13310,271.753
13311,271.757
13312,271.761
13313,271.805
13314,271.809
13315,271.814
13316,271.818
13317,271.876
13318,271.881
13319,271.887
13320,271.892
13321,271.943
13322,271.947
13323,271.951
13324,271.955
13325,271.994
13326,272.033
13327,272.036
13328,272.039
13329,272.042
13330,272.044
13331,272.062
13332,272.102
13333,272.155
13334,272.159
13335,272.163
13336,272.166
13337,272.221
13338,272.225
13339,272.230
13340,272.235
13341,272.298
13342,272.303
13343,272.308
13344,272.313
13345,272.386
13346,272.391
13347,272.396
13348,272.401
13349,272.448
13350,272.503
13351,272.508
13352,272.512
13353,272.516
13354,272.520
13355,272.524
13356,272.528
13357,272.532
13358,272.536
13359,272.540
13360,272.544
13361,272.549
13362,272.553
13363,272.557
13364,272.561
13365,272.566
13366,272.570
13367,272.574
13368,272.578
13369,272.583
13370,272.587
13371,272.618
13372,272.680
13373,272.743
13374,272.748
13375,272.753
13376,272.757
13377,272.811
13378,272.815
13379,272.820
13380,272.824
13381,272.886
13382,272.892
13383,272.897
13384,272.902
13385,272.959
13386,272.963
13387,272.968
13388,272.973
13389,273.018
13390,273.022
13391,273.027
13392,273.031
13393,273.088
13394,273.092
13395,273.097
13396,273.102
13397,273.154
13398,273.159
13399,273.164
13400,273.169
13401,273.229
13402,273.235
13403,273.240
13404,273.244
13405,273.300
13406,273.304
13407,273.309
13408,273.313
13409,273.367
13410,273.372
13411,273.377
13412,273.381
13413,273.446
13414,273.453
13415,273.458
13416,273.463
13417,273.523
13418,273.531
13419,273.536
13420,273.541
13421,273.601
13422,273.608
13423,273.612
13424,273.616
13425,273.672
13426,273.679
13427,273.684
13428,273.688
13429,273.746
13430,273.753
13431,273.757
13432,273.761
13433,273.819
13434,273.826
13435,273.830
13436,273.835
13437,273.894
13438,273.900
13439,273.905
13440,273.909
13441,273.966
13442,273.972
13443,273.976
13444,273.980
13445,274.036
13446,274.046
13447,274.051
13448,274.057
13449,274.118
13450,274.127
13451,274.133
13452,274.139
13453,274.212
13454,274.217
13455,274.222
13456,274.294
13457,274.299
13458,274.304
13459,274.367
13460,274.372
13461,274.377
13462,274.442
13463,274.447
13464,274.452
13465,274.525
13466,274.530
13467,274.534
13468,274.593
13469,274.597
13470,274.601
13471,274.657
13472,274.661
13473,274.665
13474,274.711
13475,274.763
13476,274.766
13477,274.800
13478,274.893
13479,274.949
13480,274.985
13481,275.036
13482,275.038
13483,275.043
13484,275.076
13485,275.126
13486,275.160
13487,275.212
13488,275.215
13489,275.218
13490,275.221
13491,275.267
13492,275.325
13493,275.331
13494,275.336
13495,275.340
13496,275.343
13497,275.347
13498,275.351
13499,275.355
13500,275.360
13501,275.364
13502,275.368
13503,275.372
13504,275.377
13505,275.381
13506,275.430
13507,275.489
13508,275.571
13509,275.575
13510,275.580
13511,275.663
13512,275.670
13513,275.675
13514,275.752
13515,275.757
13516,275.762
13517,275.852
13518,275.857
13519,275.863
13520,275.932
13521,276.003
13522,276.007
13523,276.011
13524,276.015
13525,276.019
13526,276.023
13527,276.027
13528,276.061
13529,276.127
13530,276.236
13531,276.241
13532,276.247
13533,276.252
13534,276.361
13535,276.366
13536,276.371
13537,276.375
13538,276.464
13539,276.469
13540,276.475
13541,276.479
13542,276.552
13543,276.557
13544,276.562
13545,276.567
13546,276.655
13547,276.661
13548,276.667
13549,276.672
13550,276.771
13551,276.778
13552,276.783
13553,276.789
13554,276.854
13555,276.897
13556,276.901
13557,276.904
13558,276.907
13559,276.911
13560,276.938
13561,276.995
13562,277.093
13563,277.098
13564,277.103
13565,277.109
13566,277.197
13567,277.202
13568,277.207
13569,277.212
13570,277.299
13571,277.305
13572,277.310
13573,277.314
13574,277.404
13575,277.410
13576,277.415
13577,277.420
13578,277.474
13579,277.540
13580,277.543
13581,277.547
13582,277.550
13583,277.553
13584,277.557
13585,277.560
13586,277.564
13587,277.567
13588,277.571
13589,277.575
13590,277.578
13591,277.582
13592,277.586
13593,277.590
13594,277.594
13595,277.598
13596,277.602
13597,277.606
13598,277.610
13599,277.615
13600,277.647
13601,277.714
13602,277.844
13603,277.850
13604,277.856
13605,277.862
13606,277.969
13607,277.976
13608,277.982
13609,277.988
13610,278.111
13611,278.117
13612,278.124
13613,278.131
13614,278.242
13615,278.247
13616,278.253
13617,278.258
13618,278.337
13619,278.343
13620,278.348
13621,278.352
13622,278.437
13623,278.442
13624,278.448
13625,278.454
13626,278.532
13627,278.537
13628,278.542
13629,278.547
13630,278.636
13631,278.642
13632,278.647
13633,278.652
13634,278.733
13635,278.738
13636,278.743
13637,278.748
13638,278.837
13639,278.843
13640,278.848
13641,278.853
13642,278.905
13643,278.962
13644,278.965
13645,278.969
13646,279.009
13647,279.015
13648,279.019
13649,279.022
13650,279.026
13651,279.056
13652,279.117
13653,279.121
13654,279.125
13655,279.167
13656,279.229
13657,279.233
13658,279.237
13659,279.240
13660,279.282
13661,279.342
13662,279.345
13663,279.350
13664,279.393
13665,279.396
13666,279.399
13667,279.404
13668,279.408
13669,279.471
13670,279.475
13671,279.479
13672,279.485
13673,279.489
13674,279.494
13675,279.498
13676,279.544
13677,279.613
13678,279.617
13679,279.621
13680,279.736
13681,279.745
13682,279.751
13683,279.755
13684,279.866
13685,279.875
13686,279.881
13687,279.887
13688,279.996
13689,280.007
13690,280.012
13691,280.019
13692,280.113
13693,280.120
13694,280.125
13695,280.130
13696,280.218
13697,280.225
13698,280.230
13699,280.236
13700,280.327
13701,280.334
13702,280.339
13703,280.344
13704,280.431
13705,280.438
13706,280.443
13707,280.447
13708,280.528
13709,280.535
13710,280.541
13711,280.547
13712,280.630
13713,280.635
13714,280.639
13715,280.727
13716,280.733
13717,280.738
13718,280.821
13719,280.826
13720,280.831
13721,280.911
13722,280.916
13723,280.921
13724,281.005
13725,281.011
13726,281.016
13727,281.104
13728,281.112
13729,281.117
13730,281.202
13731,281.207
13732,281.212
13733,281.260
13734,281.311
13735,281.315
13736,281.367
13737,281.475
13738,281.548
13739,281.582
13740,281.655
13741,281.659
13742,281.663
13743,281.712
13744,281.781
13745,281.828
13746,281.899
13747,281.902
13748,281.909
13749,281.953
13750,282.011
13751,282.015
13752,282.018
13753,282.023
13754,282.069
13755,282.123
13756,282.127
13757,282.130
13758,282.132
13759,282.137
13760,282.165
13761,282.218
13762,282.221
13763,282.225
13764,282.271
13765,282.282
13766,282.284
13767,282.287
13768,282.296
13769,282.299
13770,282.328
13771,282.331
13772,282.377
13773,282.430
13774,282.456
13775,282.507
13776,282.548
13777,282.596
13778,282.600
13779,282.604
13780,282.608
13781,282.612
13782,282.616
13783,282.620
13784,282.624
13785,282.628
13786,282.633
13787,282.637
13788,282.641
13789,282.645
13790,282.650
13791,282.692
13792,282.695
13793,282.699
13794,282.735
13795,282.739
13796,282.742
13797,282.779
13798,282.783
13799,282.786
13800,282.823
13801,282.827
13802,282.830
13803,282.867
13804,282.910
13805,282.913
13806,282.916
13807,282.919
13808,282.923
13809,282.926
13810,282.929
13811,282.952
13812,282.995
13813,283.042
13814,283.045
13815,283.049
13816,283.053
13817,283.091
13818,283.095
13819,283.098
13820,283.102
13821,283.141
13822,283.144
13823,283.148
13824,283.151
13825,283.187
13826,283.190
13827,283.194
13828,283.197
13829,283.249
13830,283.253
13831,283.258
13832,283.262
13833,283.315
13834,283.319
13835,283.324
13836,283.328
13837,283.381
13838,283.432
13839,283.436
13840,283.439
13841,283.443
13842,283.448
13843,283.474
13844,283.528
13845,283.590
13846,283.594
13847,283.599
13848,283.603
13849,283.650
13850,283.654
13851,283.659
13852,283.664
13853,283.712
13854,283.716
13855,283.719
13856,283.723
13857,283.760
13858,283.765
13859,283.769
13860,283.772
13861,283.812
13862,283.856
13863,283.859
13864,283.863
13865,283.866
13866,283.869
13867,283.872
13868,283.875
13869,283.879
13870,283.882
13871,283.885
13872,283.888
13873,283.892
13874,283.895
13875,283.899
13876,283.902
13877,283.907
13878,283.911
13879,283.915
13880,283.918
13881,283.922
13882,283.926
13883,283.947
13884,283.987
13885,284.032
13886,284.036
13887,284.041
13888,284.045
13889,284.084
13890,284.087
13891,284.091
13892,284.094
13893,284.132
13894,284.135
13895,284.139
13896,284.143
13897,284.182
13898,284.186
13899,284.189
13900,284.193
13901,284.233
13902,284.237
13903,284.241
13904,284.245
13905,284.285
13906,284.288
13907,284.292
13908,284.296
13909,284.334
13910,284.339
13911,284.342
13912,284.346
13913,284.385
13914,284.388
13915,284.392
13916,284.396
13917,284.436
13918,284.440
13919,284.444
13920,284.448
13921,284.489
13922,284.492
13923,284.496
13924,284.500
13925,284.538
13926,284.541
13927,284.545
13928,284.549
13929,284.588
13930,284.594
13931,284.598
13932,284.601
13933,284.639
13934,284.642
13935,284.646
13936,284.650
13937,284.687
13938,284.693
13939,284.696
13940,284.699
13941,284.736
13942,284.742
13943,284.745
13944,284.749
13945,284.785
13946,284.791
13947,284.794
13948,284.798
13949,284.835
13950,284.840
13951,284.843
13952,284.847
13953,284.883
13954,284.887
13955,284.890
13956,284.893
13957,284.939
13958,284.947
13959,284.951
13960,284.955
13961,284.999
13962,285.007
13963,285.011
13964,285.015
13965,285.065
13966,285.069
13967,285.073
13968,285.120
13969,285.124
13970,285.128
13971,285.175
13972,285.179
13973,285.183
13974,285.228
13975,285.232
13976,285.237
13977,285.283
13978,285.288
13979,285.292
13980,285.340
13981,285.344
13982,285.349
13983,285.403
13984,285.406
13985,285.410
13986,285.455
13987,285.499
13988,285.503
13989,285.507
13990,285.510
13991,285.514
13992,285.518
13993,285.522
13994,285.526
13995,285.530
13996,285.534
13997,285.538
13998,285.542
13999,285.546
14000,285.550
14001,285.591
14002,285.595
14003,285.598
14004,285.632
14005,285.636
14006,285.639
14007,285.675
14008,285.679
14009,285.684
14010,285.720
14011,285.724
14012,285.728
14013,285.766
14014,285.808
14015,285.812
14016,285.815
14017,285.818
14018,285.821
14019,285.824
14020,285.828
14021,285.849
14022,285.888
14023,285.933
14024,285.936
14025,285.940
14026,285.944
14027,285.984
14028,285.988
14029,285.992
14030,285.996
14031,286.035
14032,286.039
14033,286.043
14034,286.047
14035,286.083
14036,286.087
14037,286.090
14038,286.095
14039,286.135
14040,286.139
14041,286.143
14042,286.147
14043,286.186
14044,286.189
14045,286.193
14046,286.197
14047,286.234
14048,286.274
14049,286.277
14050,286.280
14051,286.283
14052,286.286
14053,286.306
14054,286.348
14055,286.390
14056,286.394
14057,286.397
14058,286.402
14059,286.439
14060,286.443
14061,286.447
14062,286.450
14063,286.487
14064,286.491
14065,286.494
14066,286.498
14067,286.534
14068,286.537
14069,286.541
14070,286.545
14071,286.584
14072,286.626
14073,286.629
14074,286.632
14075,286.635
14076,286.638
14077,286.641
14078,286.646
14079,286.651
14080,286.655
14081,286.660
14082,286.665
14083,286.670
14084,286.675
14085,286.680
14086,286.685
14087,286.689
14088,286.694
14089,286.699
14090,286.704
14091,286.708
14092,286.714
14093,286.745
14094,286.808
14095,286.889
14096,286.893
14097,286.897
14098,286.902
14099,286.950
14100,286.954
14101,286.958
14102,286.963
14103,287.012
14104,287.016
14105,287.021
14106,287.025
14107,287.076
14108,287.080
14109,287.085
14110,287.089
14111,287.144
14112,287.149
14113,287.154
14114,287.159
14115,287.202
14116,287.206
14117,287.211
14118,287.215
14119,287.256
14120,287.260
14121,287.264
14122,287.268
14123,287.306
14124,287.309
14125,287.313
14126,287.317
14127,287.355
14128,287.359
14129,287.363
14130,287.366
14131,287.403
14132,287.406
14133,287.410
14134,287.413
14135,287.450
14136,287.454
14137,287.458
14138,287.461
14139,287.499
14140,287.505
14141,287.509
14142,287.512
14143,287.547
14144,287.551
14145,287.554
14146,287.558
14147,287.595
14148,287.601
14149,287.605
14150,287.608
14151,287.645
14152,287.650
14153,287.654
14154,287.657
14155,287.727
14156,287.727
14157,287.727
14158,287.728
14159,287.748
14160,287.773
14161,287.773
14162,287.773
14163,287.805
14164,287.812
14165,287.816
14166,287.820
14167,287.860
14168,287.866
14169,287.869
14170,287.873
14171,287.908
14172,287.914
14173,287.917
14174,287.921
14175,287.955
14176,287.959
14177,287.962
14178,287.997
14179,288.001
14180,288.005
14181,288.039
14182,288.043
14183,288.047
14184,288.083
14185,288.087
14186,288.090
14187,288.127
14188,288.131
14189,288.135
14190,288.170
14191,288.174
14192,288.177
14193,288.215
14194,288.219
14195,288.223
14196,288.270
14197,288.314
14198,288.317
14199,288.320
14200,288.323
14201,288.327
14202,288.330
14203,288.333
14204,288.337
14205,288.340
14206,288.344
14207,288.348
14208,288.351
14209,288.355
14210,288.358
14211,288.417
14212,288.421
14213,288.426
14214,288.475
14215,288.479
14216,288.484
14217,288.536
14218,288.541
14219,288.546
14220,288.591
14221,288.595
14222,288.600
14223,288.645
14224,288.697
14225,288.701
14226,288.703
14227,288.707
14228,288.711
14229,288.715
14230,288.719
14231,288.749
14232,288.805
14233,288.868
14234,288.872
14235,288.876
14236,288.887
14237,288.919
14238,288.923
14239,288.926
14240,288.930
14241,288.970
14242,288.974
14243,288.978
14244,288.983
14245,289.018
14246,289.021
14247,289.025
14248,289.028
14249,289.066
14250,289.070
14251,289.074
14252,289.077
14253,289.117
14254,289.153
14255,289.153
14256,289.153
14257,289.190
14258,289.230
14259,289.232
14260,289.235
14261,289.238
14262,289.241
14263,289.261
14264,289.299
14265,289.342
14266,289.346
14267,289.350
14268,289.353
14269,289.428
14270,289.428
14271,289.428
14272,289.428
14273,289.443
14274,289.447
14275,289.451
14276,289.455
14277,289.492
14278,289.496
14279,289.499
14280,289.503
14281,289.542
14282,289.585
14283,289.588
14284,289.592
14285,289.595
14286,289.598
14287,289.602
14288,289.605
14289,289.609
14290,289.612
14291,289.615
14292,289.619
14293,289.622
14294,289.626
14295,289.629
14296,289.633
14297,289.636
14298,289.640
14299,289.644
14300,289.648
14301,289.651
14302,289.655
14303,289.677
14304,289.717
14305,289.763
14306,289.767
14307,289.771
14308,289.774
14309,289.814
14310,289.817
14311,289.821
14312,289.825
14313,289.863
14314,289.867
14315,289.871
14316,289.875
14317,289.914
14318,289.917
14319,289.921
14320,289.925
14321,289.963
14322,289.966
14323,289.970
14324,289.973
14325,290.010
14326,290.013
14327,290.017
14328,290.021
14329,290.059
14330,290.062
14331,290.066
14332,290.069
14333,290.104
14334,290.107
14335,290.111
14336,290.114
14337,290.161
14338,290.165
14339,290.169
14340,290.174
14341,290.222
14342,290.226
14343,290.230
14344,290.235
14345,290.288
14346,290.293
14347,290.297
14348,290.302
14349,290.352
14350,290.360
14351,290.364
14352,290.368
14353,290.418
14354,290.422
14355,290.427
14356,290.431
14357,290.480
14358,290.488
14359,290.492
14360,290.496
14361,290.543
14362,290.552
14363,290.557
14364,290.561
14365,290.608
14366,290.614
14367,290.618
14368,290.622
14369,290.659
14370,290.665
14371,290.669
14372,290.672
14373,290.709
14374,290.714
14375,290.718
14376,290.721
14377,290.757
14378,290.763
14379,290.766
14380,290.769
14381,290.804
14382,290.810
14383,290.813
14384,290.817
14385,290.852
14386,290.856
14387,290.859
14388,290.893
14389,290.897
14390,290.900
14391,290.934
14392,290.938
14393,290.941
14394,290.973
14395,290.977
14396,290.980
14397,291.013
14398,291.017
14399,291.020
14400,291.053
14401,291.057
14402,291.060
14403,291.093
14404,291.096
14405,291.099
14406,291.138
14407,291.177
14408,291.181
14409,291.184
14410,291.187
14411,291.191
14412,291.194
14413,291.198
14414,291.201
14415,291.204
14416,291.208
14417,291.212
14418,291.215
14419,291.219
14420,291.223
14421,291.260
14422,291.263
14423,291.266
14424,291.299
14425,291.303
14426,291.306
14427,291.341
14428,291.345
14429,291.348
14430,291.384
14431,291.387
14432,291.391
14433,291.426
14434,291.464
14435,291.467
14436,291.470
14437,291.473
14438,291.477
14439,291.480
14440,291.483
14441,291.505
14442,291.544
14443,291.586
14444,291.590
14445,291.593
14446,291.597
14447,291.634
14448,291.638
14449,291.641
14450,291.644
14451,291.679
14452,291.682
14453,291.685
14454,291.688
14455,291.726
14456,291.730
14457,291.735
14458,291.739
14459,291.787
14460,291.792
14461,291.796
14462,291.801
14463,291.848
14464,291.852
14465,291.857
14466,291.863
14467,291.908
14468,291.954
14469,291.957
14470,291.960
14471,291.964
14472,291.967
14473,291.990
14474,292.040
14475,292.095
14476,292.099
14477,292.103
14478,292.107
14479,292.153
14480,292.158
14481,292.162
14482,292.165
14483,292.200
14484,292.204
14485,292.207
14486,292.210
14487,292.245
14488,292.248
14489,292.252
14490,292.255
14491,292.290
14492,292.332
14493,292.332
14494,292.335
14495,292.338
14496,292.341
14497,292.344
14498,292.347
14499,292.350
14500,292.353
14501,292.356
14502,292.359
14503,292.362
14504,292.365
14505,292.369
14506,292.372
14507,292.375
14508,292.378
14509,292.381
14510,292.385
14511,292.388
14512,292.391
14513,292.411
14514,292.449
14515,292.494
14516,292.498
14517,292.502
14518,292.505
14519,292.543
14520,292.546
14521,292.550
14522,292.554
14523,292.592
14524,292.596
14525,292.600
14526,292.604
14527,292.641
14528,292.645
14529,292.648
14530,292.652
14531,292.689
14532,292.692
14533,292.696
14534,292.699
14535,292.737
14536,292.741
14537,292.745
14538,292.748
14539,292.787
14540,292.791
14541,292.794
14542,292.798
14543,292.838
14544,292.842
14545,292.846
14546,292.850
14547,292.888
14548,292.892
14549,292.896
14550,292.900
14551,292.943
14552,292.947
14553,292.951
14554,292.954
14555,292.994
14556,292.998
14557,293.002
14558,293.006
14559,293.045
14560,293.052
14561,293.056
14562,293.060
14563,293.099
14564,293.103
14565,293.107
14566,293.111
14567,293.149
14568,293.155
14569,293.158
14570,293.162
14571,293.200
14572,293.205
14573,293.209
14574,293.213
14575,293.253
14576,293.259
14577,293.263
14578,293.266
14579,293.302
14580,293.307
14581,293.310
14582,293.313
14583,293.359
14584,293.368
14585,293.372
14586,293.377
14587,293.427
14588,293.435
14589,293.440
14590,293.444
14591,293.499
14592,293.507
14593,293.512
14594,293.516
14595,293.561
14596,293.565
14597,293.569
14598,293.615
14599,293.619
14600,293.623
14601,293.668
14602,293.672
14603,293.676
14604,293.721
14605,293.726
14606,293.730
14607,293.778
14608,293.783
14609,293.788
14610,293.831
14611,293.835
14612,293.839
14613,293.874
14614,293.878
14615,293.881
14616,293.919
14617,293.922
14618,293.925
14619,293.927
14620,293.956
14621,293.995
14622,294.041
14623,294.044
14624,294.049
14625,294.054
14626,294.090
14627,294.149
14628,294.187
14629,294.191
14630,294.233
14631,294.237
14632,294.241
14633,294.281
14634,294.285
14635,294.288
14636,294.293
14637,294.301
14638,294.307
14639,294.310
14640,294.348
14641,294.352
14642,294.355
14643,294.370
14644,294.373
14645,294.375
14646,294.405
14647,294.408
14648,294.411
14649,294.414
14650,294.417
14651,294.424
14652,294.427
14653,294.429
14654,294.432
14655,294.439
14656,294.442
14657,294.445
14658,294.447
14659,294.477
14660,294.480
14661,294.483
14662,294.486
14663,294.489
14664,294.493
14665,294.496
14666,294.503
14667,294.506
14668,294.510
14669,294.513
14670,294.542
14671,294.545
14672,294.550
14673,294.553
14674,294.581
14675,294.584
14676,294.587
14677,294.610
14678,294.629
14679,294.634
14680,294.647
14681,294.654
14682,294.667
14683,294.671
14684,294.674
14685,294.681
14686,294.684
14687,294.686
14688,294.691
14689,294.693
14690,294.696
14691,294.698
14692,294.701
14693,294.704
14694,294.706
14695,294.713
14696,294.715
14697,294.718
14698,294.723
14699,294.725
14700,294.731
14701,294.733
14702,294.736
14703,294.741
14704,294.743
14705,294.752
14706,294.754
14707,294.757
14708,294.762
14709,294.764
14710,294.769
14711,294.776
14712,294.778
14713,294.802
14714,294.804
14715,294.808
14716,294.813
14717,294.816
14718,294.842
14719,294.850
14720,294.859
14721,294.864
14722,294.867
14723,294.920
14724,294.924
14725,295.479
14726,295.485
14727,295.489
14728,295.958
14729,295.987
14730,296.005
14731,296.017
14732,296.037
14733,296.041
14734,296.052
14735,296.072
14736,296.563
14737,296.568
14738,296.572
14739,297.033
14740,297.062
14741,297.080
14742,297.107
14743,297.110
14744,297.131
14745,297.134
14746,297.175
14747,297.223
14748,297.227
14749,297.247
14750,297.295
14751,297.333
14752,297.337
14753,297.340
14754,297.372
14755,297.375
14756,297.378
14757,297.381
14758,297.384
14759,297.387
14760,297.391
14761,297.435
14762,297.438
14763,297.441
14764,297.466
14765,297.480
14766,297.485
14767,297.497
14768,297.509
14769,297.512
14770,297.547
14771,297.558
14772,297.562
14773,297.592
14774,297.651
14775,297.657
14776,297.687
14777,297.751
14778,297.784
14779,297.846
14780,297.879
14781,297.882
14782,297.885
14783,297.890
14784,297.893
14785,297.895
14786,297.898
14787,297.934
14788,297.937
14789,297.940
14790,297.961
14791,297.969
14792,297.972
14793,297.988
14794,297.997
14795,297.999
14796,298.008
14797,298.016
14798,298.018
14799,298.026
14800,298.034
14801,298.037
14802,298.043
14803,298.051
14804,298.054
14805,298.085
14806,298.094
14807,298.097
14808,298.128
14809,298.137
14810,298.139
14811,298.174
14812,298.176
14813,298.179
14814,298.182
14815,298.210
14816,298.213
14817,298.216
14818,298.219
14819,298.222
14820,298.225
14821,298.228
14822,298.255
14823,298.258
14824,298.261
14825,298.264
14826,298.268
14827,298.304
14828,298.307
14829,298.311
14830,298.314
14831,298.317
14832,298.321
14833,298.323
14834,298.335
14835,298.337
14836,298.340
14837,298.342
14838,298.370
14839,298.374
14840,298.377
14841,298.379
14842,298.383
14843,298.386
14844,298.389
14845,298.426
14846,298.430
14847,298.433
14848,298.436
14849,298.440
14850,298.443
14851,298.446
14852,298.484
14853,298.487
14854,298.490
14855,298.494
14856,298.497
14857,298.527
14858,298.530
14859,298.534
14860,298.538
14861,298.541
14862,298.570
14863,298.573
14864,298.576
14865,298.579
14866,298.582
14867,298.584
14868,298.599
14869,298.602
14870,298.605
14871,298.608
14872,298.613
14873,298.621
14874,298.624
14875,298.629
14876,298.631
14877,298.638
14878,298.641
14879,298.644
14880,298.646
14881,298.649
14882,298.679
14883,298.767
14884,298.771
14885,298.774
14886,298.777
14887,298.780
14888,298.813
14889,298.816
14890,298.819
14891,298.855
14892,298.859
14893,298.862
14894,298.901
14895,298.905
14896,298.908
14897,298.910
14898,298.913
14899,298.916
14900,298.945
14901,298.947
14902,298.951
14903,298.953
14904,298.982
14905,298.985
14906,298.988
14907,298.990
14908,298.995
14909,299.002
14910,299.032
14911,299.034
14912,299.037
14913,299.066
14914,299.069
14915,299.072
14916,299.074
14917,299.077
14918,299.080
14919,299.083
14920,299.121
14921,299.124
14922,299.127
14923,299.139
14924,299.146
14925,299.148
14926,299.155
14927,299.165
14928,299.168
14929,299.208
14930,299.222
14931,299.226
14932,299.264
14933,299.268
14934,299.272
14935,299.276
14936,299.279
14937,299.319
14938,299.429
14939,299.433
14940,299.436
14941,299.441
14942,299.445
14943,299.492
14944,299.496
14945,299.500
14946,299.540
14947,299.543
14948,299.547
14949,299.572
14950,299.576
14951,299.579
14952,299.582
14953,299.585
14954,299.589
14955,299.593
14956,299.618
14957,299.621
14958,299.624
14959,299.630
14960,299.642
14961,299.645
14962,299.658
14963,299.671
14964,299.675
14965,299.703
14966,299.711
14967,299.714
14968,299.738
14969,299.740
14970,299.743
14971,299.746
14972,299.748
14973,299.780
14974,299.854
14975,299.857
14976,299.860
14977,299.862
14978,299.895
14979,299.899
14980,299.904
14981,299.938
14982,299.980
14983,300.013
14984,300.017
14985,300.021
14986,300.044
14987,300.048
14988,300.051
14989,300.073
14990,300.077
14991,300.080
14992,300.102
14993,300.106
14994,300.109
14995,300.131
14996,300.134
14997,300.138
14998,300.160
14999,300.163
15000,300.167
15001,300.197
15002,300.200
15003,300.220
15004,300.223
15005,300.238
15006,300.246
15007,300.249
15008,300.274
15009,300.342
15010,300.348
15011,300.350
15012,300.353
15013,300.395
15014,300.397
15015,300.400
15016,300.403
15017,300.422
15018,300.474
15019,300.482
15020,300.485
15021,300.507
15022,300.510
15023,300.512
15024,300.553
15025,300.556
15026,300.559
15027,300.561
15028,300.582
15029,300.632
15030,300.642
15031,300.644
15032,300.658
15033,300.661
15034,300.675
15035,300.683
15036,300.686
15037,300.711
15038,300.763
15039,300.773
15040,300.776
15041,300.790
15042,300.809
15043,300.812
15044,300.814
15045,300.817
15046,300.819
15047,300.836
15048,300.838
15049,300.841
15050,300.844
15051,300.859
15052,300.875
15053,300.882
15054,300.898
15055,300.904
15056,300.915
15057,300.931
15058,300.943
15059,300.946
15060,300.949
15061,300.974
15062,300.978
15063,300.982
15064,300.986
15065,301.014
15066,301.026
15067,301.053
15068,301.057
15069,301.060
15070,301.105
15071,301.162
15072,301.189
15073,301.253
15074,301.267
15075,301.271
15076,301.283
15077,301.287
15078,301.291
15079,301.295
15080,301.344
15081,301.353
15082,301.361
15083,301.364
15084,301.409
15085,301.455
15086,301.459
15087,301.463
15088,301.467
15089,301.471
15090,301.475
15091,301.479
15092,301.483
15093,301.487
15094,301.492
15095,301.496
15096,301.500
15097,301.504
15098,301.508
15099,301.552
15100,301.556
15101,301.559
15102,301.596
15103,301.600
15104,301.603
15105,301.639
15106,301.643
15107,301.647
15108,301.683
15109,301.686
15110,301.690
15111,301.725
15112,301.768
15113,301.771
15114,301.775
15115,301.778
15116,301.781
15117,301.784
15118,301.787
15119,301.809
15120,301.849
15121,301.894
15122,301.898
15123,301.902
15124,301.907
15125,301.946
15126,301.950
15127,301.953
15128,301.957
15129,301.995
15130,301.999
15131,302.003
15132,302.007
15133,302.044
15134,302.047
15135,302.051
15136,302.055
15137,302.094
15138,302.098
15139,302.101
15140,302.105
15141,302.145
15142,302.148
15143,302.152
15144,302.155
15145,302.192
15146,302.250
15147,302.250
15148,302.250
15149,302.250
15150,302.250
15151,302.268
15152,302.308
15153,302.355
15154,302.359
15155,302.363
15156,302.367
15157,302.406
15158,302.410
15159,302.413
15160,302.417
15161,302.452
15162,302.455
15163,302.459
15164,302.463
15165,302.502
15166,302.507
15167,302.512
15168,302.517
15169,302.568
15170,302.629
15171,302.633
15172,302.641
15173,302.645
15174,302.650
15175,302.654
15176,302.659
15177,302.663
15178,302.667
15179,302.671
15180,302.675
15181,302.679
15182,302.683
15183,302.688
15184,302.692
15185,302.696
15186,302.701
15187,302.705
15188,302.710
15189,302.714
15190,302.718
15191,302.746
15192,302.796
15193,302.853
15194,302.858
15195,302.862
15196,302.867
15197,302.918
15198,302.922
15199,302.927
15200,302.932
15201,302.983
15202,302.987
15203,302.991
15204,302.996
15205,303.036
15206,303.040
15207,303.045
15208,303.049
15209,303.087
15210,303.090
15211,303.094
15212,303.097
15213,303.138
15214,303.142
15215,303.146
15216,303.149
15217,303.187
15218,303.192
15219,303.196
15220,303.200
15221,303.240
15222,303.244
15223,303.248
15224,303.252
15225,303.292
15226,303.296
15227,303.300
15228,303.304
15229,303.347
15230,303.353
15231,303.357
15232,303.360
15233,303.401
15234,303.407
15235,303.411
15236,303.415
15237,303.455
15238,303.462
15239,303.467
15240,303.471
15241,303.510
15242,303.515
15243,303.519
15244,303.523
15245,303.566
15246,303.572
15247,303.576
15248,303.580
15249,303.620
15250,303.626
15251,303.630
15252,303.633
15253,303.673
15254,303.679
15255,303.682
15256,303.686
15257,303.726
15258,303.732
15259,303.736
15260,303.740
15261,303.781
15262,303.787
15263,303.790
15264,303.794
15265,303.837
15266,303.843
15267,303.847
15268,303.851
15269,303.889
15270,303.895
15271,303.899
15272,303.903
15273,303.945
15274,303.949
15275,303.953
15276,303.995
15277,303.999
15278,304.003
15279,304.044
15280,304.048
15281,304.051
15282,304.089
15283,304.092
15284,304.095
15285,304.127
15286,304.130
15287,304.132
15288,304.161
15289,304.165
15290,304.170
15291,304.216
15292,304.220
15293,304.224
15294,304.281
15295,304.337
15296,304.343
15297,304.348
15298,304.352
15299,304.356
15300,304.361
15301,304.366
15302,304.371
15303,304.376
15304,304.381
15305,304.385
15306,304.390
15307,304.395
15308,304.400
15309,304.463
15310,304.468
15311,304.472
15312,304.527
15313,304.532
15314,304.536
15315,304.587
15316,304.591
15317,304.596
15318,304.646
15319,304.651
15320,304.655
15321,304.692
15322,304.735
15323,304.738
15324,304.742
15325,304.745
15326,304.748
15327,304.751
15328,304.754
15329,304.774
15330,304.812
15331,304.857
15332,304.861
15333,304.864
15334,304.868
15335,304.910
15336,304.913
15337,304.917
15338,304.921
15339,304.961
15340,304.965
15341,304.968
15342,304.972
15343,305.014
15344,305.018
15345,305.022
15346,305.026
15347,305.071
15348,305.075
15349,305.079
15350,305.083
15351,305.124
15352,305.128
15353,305.132
15354,305.136
15355,305.172
15356,305.210
15357,305.213
15358,305.216
15359,305.219
15360,305.222
15361,305.243
15362,305.282
15363,305.328
15364,305.332
15365,305.337
15366,305.342
15367,305.385
15368,305.389
15369,305.392
15370,305.396
15371,305.438
15372,305.442
15373,305.446
15374,305.450
15375,305.490
15376,305.494
15377,305.498
15378,305.501
15379,305.540
15380,305.585
15381,305.588
15382,305.592
15383,305.595
15384,305.598
15385,305.602
15386,305.605
15387,305.609
15388,305.612
15389,305.616
15390,305.620
15391,305.624
15392,305.629
15393,305.633
15394,305.637
15395,305.641
15396,305.645
15397,305.648
15398,305.652
15399,305.656
15400,305.661
15401,305.686
15402,305.734
15403,305.789
15404,305.794
15405,305.798
15406,305.802
15407,305.844
15408,305.848
15409,305.852
15410,305.855
15411,305.916
15412,305.924
15413,305.930
15414,305.934
15415,305.991
15416,306.001
15417,306.005
15418,306.010
15419,306.071
15420,306.081
15421,306.086
15422,306.091
15423,306.146
15424,306.155
15425,306.160
15426,306.165
15427,306.194
15428,306.203
15429,306.208
15430,306.213
15431,306.271
15432,306.279
15433,306.284
15434,306.289
15435,306.349
15436,306.359
15437,306.363
15438,306.367
15439,306.414
15440,306.421
15441,306.425
15442,306.430
15443,306.478
15444,306.485
15445,306.489
15446,306.493
15447,306.541
15448,306.548
15449,306.552
15450,306.557
15451,306.601
15452,306.608
15453,306.613
15454,306.617
15455,306.662
15456,306.668
15457,306.672
15458,306.677
15459,306.721
15460,306.728
15461,306.732
15462,306.737
15463,306.781
15464,306.788
15465,306.792
15466,306.796
15467,306.840
15468,306.847
15469,306.851
15470,306.855
15471,306.900
15472,306.907
15473,306.911
15474,306.915
15475,306.959
15476,306.966
15477,306.970
15478,306.975
15479,307.020
15480,307.027
15481,307.031
15482,307.035
15483,307.079
15484,307.083
15485,307.087
15486,307.129
15487,307.133
15488,307.136
15489,307.178
15490,307.182
15491,307.186
15492,307.228
15493,307.232
15494,307.236
15495,307.279
15496,307.283
15497,307.287
15498,307.331
15499,307.335
15500,307.339
15501,307.381
15502,307.385
15503,307.388
15504,307.440
15505,307.444
15506,307.448
15507,307.487
15508,307.530
15509,307.562
15510,307.566
15511,307.569
15512,307.612
15513,307.681
15514,307.724
15515,307.787
15516,307.813
15517,307.898
15518,307.912
15519,307.915
15520,307.954
15521,307.958
15522,307.961
15523,307.965
15524,308.020
15525,308.023
15526,308.027
15527,308.031
15528,308.092
15529,308.147
15530,308.182
15531,308.227
15532,308.248
15533,308.319
15534,308.328
15535,308.331
15536,308.377
15537,308.377
15538,308.377
15539,308.377
15540,308.414
15541,308.416
15542,308.420
15543,308.423
15544,308.467
15545,308.524
15546,308.562
15547,308.607
15548,308.628
15549,308.708
15550,308.718
15551,308.721
15552,308.755
15553,308.759
15554,308.762
15555,308.765
15556,308.807
15557,308.810
15558,308.813
15559,308.816
15560,308.840
15561,308.860
15562,308.864
15563,308.868
15564,308.871
15565,308.875
15566,308.878
15567,308.882
15568,308.903
15569,308.939
15570,308.957
15571,308.960
15572,308.963
15573,308.966
15574,308.969
15575,308.973
15576,308.983
15577,309.002
15578,309.049
15579,309.053
15580,309.057
15581,309.061
15582,309.065
15583,309.106
15584,309.110
15585,309.114
15586,309.118
15587,309.122
15588,309.166
15589,309.170
15590,309.174
15591,309.178
15592,309.182
15593,309.223
15594,309.226
15595,309.230
15596,309.234
15597,309.238
15598,309.281
15599,309.285
15600,309.289
15601,309.293
15602,309.297
15603,309.333
15604,309.336
15605,309.341
15606,309.344
15607,309.381
15608,309.403
15609,309.406
15610,309.419
15611,309.446
15612,309.512
15613,309.516
15614,309.521
15615,309.527
15616,309.532
15617,309.566
15618,309.592
15619,309.596
15620,309.600
15621,309.604
15622,309.608
15623,309.612
15624,309.616
15625,309.620
15626,309.624
15627,309.638
15628,309.662
15629,309.721
15630,309.726
15631,309.731
15632,309.737
15633,309.743
15634,309.802
15635,309.807
15636,309.812
15637,309.818
15638,309.823
15639,309.868
15640,309.871
15641,309.875
15642,309.880
15643,309.884
15644,309.931
15645,309.935
15646,309.939
15647,309.943
15648,309.948
15649,309.992
15650,309.995
15651,309.999
15652,310.003
15653,310.008
15654,310.059
15655,310.063
15656,310.068
15657,310.072
15658,310.077
15659,310.126
15660,310.130
15661,310.134
15662,310.139
15663,310.144
15664,310.191
15665,310.194
15666,310.199
15667,310.203
15668,310.207
15669,310.235
15670,310.251
15671,310.255
15672,310.264
15673,310.284
15674,310.327
15675,310.330
15676,310.334
15677,310.338
15678,310.342
15679,310.370
15680,310.387
15681,310.390
15682,310.399
15683,310.418
15684,310.462
15685,310.466
15686,310.470
15687,310.473
15688,310.477
15689,310.505
15690,310.522
15691,310.526
15692,310.537
15693,310.557
15694,310.600
15695,310.604
15696,310.608
15697,310.612
15698,310.616
15699,310.666
15700,310.711
15701,310.715
15702,310.719
15703,310.724
15704,310.728
15705,310.734
15706,310.739
15707,310.745
15708,310.749
15709,310.753
15710,310.758
15711,310.762
15712,310.766
15713,310.771
15714,310.818
15715,310.822
15716,310.825
15717,310.863
15718,310.866
15719,310.870
15720,310.909
15721,310.913
15722,310.917
15723,310.958
15724,310.961
15725,310.965
15726,311.001
15727,311.035
15728,311.038
15729,311.041
15730,311.044
15731,311.049
15732,311.053
15733,311.058
15734,311.088
15735,311.139
15736,311.205
15737,311.209
15738,311.214
15739,311.218
15740,311.270
15741,311.274
15742,311.279
15743,311.283
15744,311.336
15745,311.342
15746,311.347
15747,311.351
15748,311.404
15749,311.409
15750,311.413
15751,311.418
15752,311.475
15753,311.480
15754,311.485
15755,311.490
15756,311.544
15757,311.549
15758,311.555
15759,311.560
15760,311.599
15761,311.644
15762,311.647
15763,311.651
15764,311.654
15765,311.657
15766,311.679
15767,311.720
15768,311.769
15769,311.772
15770,311.776
15771,311.780
15772,311.821
15773,311.824
15774,311.828
15775,311.832
15776,311.872
15777,311.876
15778,311.880
15779,311.884
15780,311.922
15781,311.925
15782,311.929
15783,311.933
15784,311.971
15785,312.015
15786,312.019
15787,312.022
15788,312.025
15789,312.028
15790,312.033
15791,312.037
15792,312.041
15793,312.045
15794,312.049
15795,312.053
15796,312.056
15797,312.059
15798,312.063
15799,312.066
15800,312.070
15801,312.073
15802,312.077
15803,312.080
15804,312.084
15805,312.088
15806,312.112
15807,312.152
15808,312.201
15809,312.205
15810,312.209
15811,312.213
15812,312.254
15813,312.258
15814,312.262
15815,312.266
15816,312.310
15817,312.314
15818,312.319
15819,312.323
15820,312.367
15821,312.370
15822,312.374
15823,312.378
15824,312.420
15825,312.424
15826,312.428
15827,312.431
15828,312.473
15829,312.477
15830,312.481
15831,312.485
15832,312.527
15833,312.531
15834,312.536
15835,312.540
15836,312.581
15837,312.587
15838,312.591
15839,312.595
15840,312.635
15841,312.638
15842,312.642
15843,312.646
15844,312.686
15845,312.692
15846,312.695
15847,312.699
15848,312.735
15849,312.742
15850,312.745
15851,312.749
15852,312.800
15853,312.809
15854,312.814
15855,312.820
15856,312.873
15857,312.882
15858,312.887
15859,312.892
15860,312.949
15861,312.958
15862,312.963
15863,312.968
15864,313.019
15865,313.027
15866,313.031
15867,313.036
15868,313.088
15869,313.097
15870,313.101
15871,313.106
15872,313.161
15873,313.170
15874,313.174
15875,313.179
15876,313.236
15877,313.244
15878,313.248
15879,313.252
15880,313.296
15881,313.302
15882,313.306
15883,313.310
15884,313.355
15885,313.360
15886,313.364
15887,313.367
15888,313.408
15889,313.412
15890,313.415
15891,313.455
15892,313.459
15893,313.463
15894,313.503
15895,313.507
15896,313.511
15897,313.548
15898,313.552
15899,313.556
15900,313.596
15901,313.600
15902,313.604
15903,313.644
15904,313.648
15905,313.652
15906,313.692
15907,313.696
15908,313.699
15909,313.756
15910,313.820
15911,313.824
15912,313.828
15913,313.832
15914,313.836
15915,313.840
15916,313.845
15917,313.849
15918,313.853
15919,313.858
15920,313.863
15921,313.868
15922,313.872
15923,313.878
15924,313.978
15925,313.983
15926,313.988
15927,314.039
15928,314.043
15929,314.047
15930,314.051
15931,314.054
15932,314.058
15933,314.062
15934,314.065
15935,314.114
15936,314.169
15937,314.173
15938,314.197
15939,314.250
15940,314.254
15941,314.299
15942,314.353
15943,314.417
15944,314.421
15945,314.468
15946,314.471
15947,314.583
15948,314.589
15949,314.595
15950,314.723
15951,314.730
15952,314.735
15953,314.794
15954,314.876
15955,314.881
15956,314.885
15957,314.889
15958,314.894
15959,314.898
15960,314.903
15961,314.937
15962,315.013
15963,315.117
15964,315.122
15965,315.127
15966,315.132
15967,315.240
15968,315.245
15969,315.251
15970,315.256
15971,315.354
15972,315.361
15973,315.368
15974,315.374
15975,315.463
15976,315.468
15977,315.473
15978,315.478
15979,315.578
15980,315.583
15981,315.589
15982,315.594
15983,315.690
15984,315.695
15985,315.701
15986,315.706
15987,315.757
15988,315.814
15989,315.818
15990,315.821
15991,315.825
15992,315.828
15993,315.856
15994,315.914
15995,316.012
15996,316.018
15997,316.023
15998,316.028
15999,316.116
16000,316.121
16001,316.126
16002,316.131
16003,316.218
16004,316.222
16005,316.227
16006,316.231
16007,316.352
16008,316.358
16009,316.364
16010,316.370
16011,316.439
16012,316.513
16013,316.517
16014,316.521
16015,316.525
16016,316.529
16017,316.534
16018,316.538
16019,316.542
16020,316.546
16021,316.550
16022,316.555
16023,316.559
16024,316.564
16025,316.569
16026,316.574
16027,316.579
16028,316.584
16029,316.589
16030,316.594
16031,316.599
16032,316.605
16033,316.644
16034,316.717
16035,316.832
16036,316.837
16037,316.843
16038,316.847
16039,316.939
16040,316.945
16041,316.950
16042,316.955
16043,317.046
16044,317.051
16045,317.056
16046,317.061
16047,317.148
16048,317.153
16049,317.157
16050,317.162
16051,317.242
16052,317.248
16053,317.252
16054,317.257
16055,317.348
16056,317.355
16057,317.360
16058,317.365
16059,317.448
16060,317.455
16061,317.460
16062,317.465
16063,317.560
16064,317.567
16065,317.572
16066,317.577
16067,317.663
16068,317.670
16069,317.675
16070,317.679
16071,317.769
16072,317.776
16073,317.781
16074,317.785
16075,317.876
16076,317.882
16077,317.889
16078,317.895
16079,318.021
16080,318.033
16081,318.043
16082,318.051
16083,318.179
16084,318.188
16085,318.195
16086,318.201
16087,318.335
16088,318.335
16089,318.338
16090,318.345
16091,318.452
16092,318.460
16093,318.466
16094,318.473
16095,318.566
16096,318.573
16097,318.579
16098,318.584
16099,318.679
16100,318.686
16101,318.691
16102,318.697
16103,318.789
16104,318.797
16105,318.802
16106,318.807
16107,318.900
16108,318.907
16109,318.912
16110,318.917
16111,319.008
16112,319.016
16113,319.021
16114,319.027
16115,319.124
16116,319.130
16117,319.135
16118,319.235
16119,319.240
16120,319.245
16121,319.340
16122,319.346
16123,319.351
16124,319.446
16125,319.452
16126,319.457
16127,319.554
16128,319.559
16129,319.564
16130,319.686
16131,319.693
16132,319.699
16133,319.831
16134,319.837
16135,319.843
16136,319.881
16137,319.908
16138,319.912
16139,319.916
16140,319.921
16141,319.925
16142,319.930
16143,319.934
16144,319.962
16145,320.012
16146,320.038
16147,320.042
16148,320.047
16149,320.051
16150,320.055
16151,320.059
16152,320.074
16153,320.104
16154,320.154
16155,320.158
16156,320.162
16157,320.166
16158,320.171
16159,320.215
16160,320.220
16161,320.224
16162,320.229
16163,320.234
16164,320.280
16165,320.284
16166,320.289
16167,320.293
16168,320.297
16169,320.341
16170,320.345
16171,320.349
16172,320.354
16173,320.358
16174,320.400
16175,320.404
16176,320.408
16177,320.412
16178,320.416
16179,320.458
16180,320.462
16181,320.466
16182,320.470
16183,320.498
16184,320.516
16185,320.519
16186,320.529
16187,320.549
16188,320.597
16189,320.601
16190,320.606
16191,320.612
16192,320.616
16193,320.644
16194,320.665
16195,320.668
16196,320.671
16197,320.675
16198,320.678
16199,320.681
16200,320.685
16201,320.688
16202,320.691
16203,320.701
16204,320.720
16205,320.768
16206,320.773
16207,320.778
16208,320.783
16209,320.787
16210,320.831
16211,320.835
16212,320.839
16213,320.843
16214,320.847
16215,320.888
16216,320.892
16217,320.896
16218,320.901
16219,320.904
16220,320.948
16221,320.952
16222,320.956
16223,320.960
16224,320.964
16225,321.008
16226,321.012
16227,321.016
16228,321.020
16229,321.024
16230,321.067
16231,321.071
16232,321.075
16233,321.079
16234,321.083
16235,321.127
16236,321.130
16237,321.134
16238,321.139
16239,321.143
16240,321.184
16241,321.188
16242,321.192
16243,321.196
16244,321.200
16245,321.226
16246,321.242
16247,321.244
16248,321.253
16249,321.271
16250,321.313
16251,321.316
16252,321.320
16253,321.325
16254,321.329
16255,321.352
16256,321.366
16257,321.368
16258,321.383
16259,321.408
16260,321.462
16261,321.466
16262,321.471
16263,321.476
16264,321.481
16265,321.519
16266,321.540
16267,321.543
16268,321.556
16269,321.580
16270,321.633
16271,321.638
16272,321.643
16273,321.647
16274,321.652
16275,321.692
16276,321.695
16277,321.755
16278,321.767
16279,321.770
16280,321.774
16281,321.785
16282,321.788
16283,321.815
16284,321.823
16285,321.847
16286,321.895
16287,321.898
16288,321.901
16289,321.938
16290,322.020
16291,322.067
16292,322.103
16293,322.154
16294,322.158
16295,322.199
16296,322.285
16297,322.328
16298,322.332
16299,322.335
16300,322.339
16301,322.343
16302,322.346
16303,322.350
16304,322.354
16305,322.357
16306,322.361
16307,322.365
16308,322.369
16309,322.373
16310,322.376
16311,322.419
16312,322.423
16313,322.426
16314,322.461
16315,322.464
16316,322.468
16317,322.506
16318,322.510
16319,322.513
16320,322.552
16321,322.555
16322,322.559
16323,322.594
16324,322.633
16325,322.636
16326,322.639
16327,322.642
16328,322.645
16329,322.648
16330,322.651
16331,322.671
16332,322.712
16333,322.764
16334,322.764
16335,322.764
16336,322.768
16337,322.808
16338,322.811
16339,322.815
16340,322.819
16341,322.858
16342,322.861
16343,322.865
16344,322.869
16345,322.909
16346,322.913
16347,322.916
16348,322.920
16349,322.957
16350,322.960
16351,322.963
16352,322.967
16353,323.001
16354,323.005
16355,323.009
16356,323.014
16357,323.059
16358,323.106
16359,323.110
16360,323.114
16361,323.117
16362,323.121
16363,323.151
16364,323.198
16365,323.252
16366,323.256
16367,323.260
16368,323.264
16369,323.314
16370,323.317
16371,323.322
16372,323.326
16373,323.376
16374,323.380
16375,323.384
16376,323.388
16377,323.441
16378,323.445
16379,323.448
16380,323.452
16381,323.490
16382,323.538
16383,323.542
16384,323.545
16385,323.548
16386,323.551
16387,323.554
16388,323.557
16389,323.561
16390,323.564
16391,323.567
16392,323.570
16393,323.573
16394,323.577
16395,323.580
16396,323.583
16397,323.587
16398,323.590
16399,323.594
16400,323.597
16401,323.601
16402,323.604
16403,323.625
16404,323.663
16405,323.709
16406,323.713
16407,323.716
16408,323.720
16409,323.757
16410,323.761
16411,323.765
16412,323.768
16413,323.807
16414,323.811
16415,323.815
16416,323.818
16417,323.856
16418,323.859
16419,323.863
16420,323.866
16421,323.903
16422,323.907
16423,323.911
16424,323.914
16425,323.951
16426,323.955
16427,323.958
16428,323.962
16429,323.999
16430,324.003
16431,324.007
16432,324.010
16433,324.049
16434,324.055
16435,324.059
16436,324.062
16437,324.101
16438,324.108
16439,324.111
16440,324.115
16441,324.154
16442,324.160
16443,324.163
16444,324.167
16445,324.205
16446,324.211
16447,324.215
16448,324.219
16449,324.261
16450,324.266
16451,324.270
16452,324.273
16453,324.312
16454,324.318
16455,324.322
16456,324.325
16457,324.365
16458,324.371
16459,324.374
16460,324.378
16461,324.415
16462,324.421
16463,324.425
16464,324.429
16465,324.469
16466,324.474
16467,324.478
16468,324.482
16469,324.524
16470,324.529
16471,324.533
16472,324.537
16473,324.572
16474,324.576
16475,324.579
16476,324.582
16477,324.638
16478,324.646
16479,324.650
16480,324.654
16481,324.707
16482,324.716
16483,324.720
16484,324.724
16485,324.778
16486,324.782
16487,324.786
16488,324.835
16489,324.840
16490,324.844
16491,324.894
16492,324.898
16493,324.902
16494,324.949
16495,324.953
16496,324.958
16497,325.010
16498,325.014
16499,325.020
16500,325.076
16501,325.081
16502,325.085
16503,325.132
16504,325.136
16505,325.140
16506,325.195
16507,325.244
16508,325.248
16509,325.252
16510,325.256
16511,325.260
16512,325.264
16513,325.268
16514,325.272
16515,325.276
16516,325.281
16517,325.285
16518,325.290
16519,325.294
16520,325.298
16521,325.366
16522,325.371
16523,325.376
16524,325.417
16525,325.459
16526,325.463
16527,325.466
16528,325.533
16529,325.538
16530,325.543
16531,325.612
16532,325.618
16533,325.623
16534,325.667
16535,325.715
16536,325.718
16537,325.722
16538,325.726
16539,325.729
16540,325.733
16541,325.737
16542,325.762
16543,325.812
16544,325.889
16545,325.895
16546,325.901
16547,325.906
16548,325.982
16549,325.987
16550,325.993
16551,325.998
16552,326.073
16553,326.079
16554,326.085
16555,326.091
16556,326.162
16557,326.168
16558,326.174
16559,326.179
16560,326.254
16561,326.260
16562,326.266
16563,326.271
16564,326.344
16565,326.350
16566,326.355
16567,326.360
16568,326.401
16569,326.450
16570,326.455
16571,326.461
16572,326.467
16573,326.472
16574,326.511
16575,326.580
16576,326.682
16577,326.688
16578,326.695
16579,326.701
16580,326.797
16581,326.803
16582,326.810
16583,326.817
16584,326.911
16585,326.918
16586,326.924
16587,326.931
16588,327.029
16589,327.034
16590,327.040
16591,327.045
16592,327.095
16593,327.152
16594,327.157
16595,327.161
16596,327.164
16597,327.168
16598,327.172
16599,327.176
16600,327.180
16601,327.184
16602,327.188
16603,327.192
16604,327.196
16605,327.201
16606,327.205
16607,327.211
16608,327.213
16609,327.217
16610,327.221
16611,327.226
16612,327.230
16613,327.234
16614,327.260
16615,327.307
16616,327.383
16617,327.389
16618,327.395
16619,327.401
16620,327.471
16621,327.477
16622,327.482
16623,327.488
16624,327.574
16625,327.581
16626,327.587
16627,327.593
16628,327.666
16629,327.671
16630,327.677
16631,327.683
16632,327.748
16633,327.754
16634,327.761
16635,327.767
16636,327.850
16637,327.857
16638,327.863
16639,327.869
16640,327.942
16641,327.949
16642,327.954
16643,327.960
16644,328.042
16645,328.050
16646,328.057
16647,328.062
16648,328.139
16649,328.145
16650,328.151
16651,328.156
16652,328.233
16653,328.241
16654,328.247
16655,328.253
16656,328.336
16657,328.344
16658,328.350
16659,328.355
16660,328.431
16661,328.440
16662,328.447
16663,328.452
16664,328.552
16665,328.563
16666,328.570
16667,328.575
16668,328.679
16669,328.690
16670,328.697
16671,328.702
16672,328.795
16673,328.805
16674,328.810
16675,328.816
16676,328.907
16677,328.917
16678,328.923
16679,328.929
16680,329.029
16681,329.037
16682,329.042
16683,329.047
16684,329.121
16685,329.129
16686,329.134
16687,329.139
16688,329.215
16689,329.223
16690,329.228
16691,329.233
16692,329.299
16693,329.307
16694,329.313
16695,329.319
16696,329.400
16697,329.406
16698,329.412
16699,329.482
16700,329.487
16701,329.492
16702,329.554
16703,329.561
16704,329.566
16705,329.629
16706,329.635
16707,329.640
16708,329.706
16709,329.712
16710,329.717
16711,329.787
16712,329.793
16713,329.798
16714,329.869
16715,329.875
16716,329.880
16717,329.939
16718,329.999
16719,330.003
16720,330.006
16721,330.010
16722,330.014
16723,330.018
16724,330.022
16725,330.086
16726,330.086
16727,330.086
16728,330.086
16729,330.086
16730,330.087
16731,330.087
16732,330.108
16733,330.112
16734,330.116
16735,330.161
16736,330.165
16737,330.169
16738,330.218
16739,330.223
16740,330.227
16741,330.275
16742,330.279
16743,330.283
16744,330.330
16745,330.385
16746,330.390
16747,330.394
16748,330.399
16749,330.403
16750,330.407
16751,330.413
16752,330.451
16753,330.522
16754,330.605
16755,330.611
16756,330.617
16757,330.622
16758,330.689
16759,330.695
16760,330.700
16761,330.763
16762,330.855
16763,330.918
16764,330.924
16765,330.929
16766,330.985
16767,331.048
16768,331.112
16769,331.116
16770,331.120
16771,331.125
16772,331.174
16773,331.178
16774,331.182
16775,331.227
16776,331.288
16777,331.346
16778,331.350
16779,331.354
16780,331.358
16781,331.408
16782,331.466
16783,331.469
16784,331.473
16785,331.476
16786,331.480
16787,331.507
16788,331.562
16789,331.618
16790,331.623
16791,331.627
16792,331.631
16793,331.681
16794,331.685
16795,331.689
16796,331.694
16797,331.744
16798,331.749
16799,331.753
16800,331.756
16801,331.806
16802,331.811
16803,331.815
16804,331.820
16805,331.874
16806,331.943
16807,331.947
16808,331.951
16809,331.955
16810,331.959
16811,331.963
16812,331.966
16813,331.970
16814,331.974
16815,331.977
16816,331.981
16817,331.985
16818,331.989
16819,331.993
16820,331.997
16821,332.001
16822,332.005
16823,332.009
16824,332.014
16825,332.018
16826,332.022
16827,332.055
16828,332.120
16829,332.185
16830,332.190
16831,332.195
16832,332.199
16833,332.254
16834,332.259
16835,332.264
16836,332.268
16837,332.324
16838,332.328
16839,332.333
16840,332.337
16841,332.389
16842,332.393
16843,332.397
16844,332.401
16845,332.472
16846,332.477
16847,332.483
16848,332.488
16849,332.558
16850,332.564
16851,332.570
16852,332.575
16853,332.648
16854,332.654
16855,332.659
16856,332.664
16857,332.734
16858,332.744
16859,332.750
16860,332.755
16861,332.827
16862,332.836
16863,332.841
16864,332.846
16865,332.916
16866,332.928
16867,332.933
16868,332.939
16869,333.006
16870,333.013
16871,333.017
16872,333.022
16873,333.080
16874,333.087
16875,333.092
16876,333.096
16877,333.151
16878,333.158
16879,333.162
16880,333.167
16881,333.222
16882,333.229
16883,333.233
16884,333.238
16885,333.292
16886,333.299
16887,333.303
16888,333.307
16889,333.364
16890,333.371
16891,333.376
16892,333.380
16893,333.435
16894,333.441
16895,333.446
16896,333.450
16897,333.505
16898,333.511
16899,333.516
16900,333.520
16901,333.575
16902,333.582
16903,333.586
16904,333.590
16905,333.644
16906,333.650
16907,333.655
16908,333.659
16909,333.713
16910,333.718
16911,333.723
16912,333.778
16913,333.784
16914,333.788
16915,333.843
16916,333.848
16917,333.852
16918,333.904
16919,333.908
16920,333.913
16921,333.969
16922,333.974
16923,333.979
16924,334.032
16925,334.037
16926,334.042
16927,334.095
16928,334.100
16929,334.104
16930,334.413
16931,334.418
16932,334.731
16933,334.779
16934,334.784
16935,335.491
16936,335.497
16937,335.502
16938,335.506
16939,335.511
16940,336.070
16941,336.110
16942,336.159
16943,336.183
16944,336.207
16945,336.233
16946,336.244
16947,336.306
16948,336.310
16949,336.314
16950,336.349
16951,336.378
16952,336.382
16953,336.410
16954,336.437
16955,336.441
16956,336.505
16957,336.510
16958,336.515
16959,336.582
16960,336.591
16961,336.596
16962,336.601
16963,336.633
16964,336.663
16965,336.667
16966,336.693
16967,336.722
16968,336.727
16969,336.789
16970,336.861
16971,336.866
16972,336.870
16973,336.875
16974,336.879
16975,336.884
16976,336.889
16977,336.894
16978,336.899
16979,336.904
16980,336.909
16981,336.914
16982,336.919
16983,336.923
16984,336.985
16985,336.992
16986,336.997
16987,337.076
16988,337.081
16989,337.087
16990,337.166
16991,337.172
16992,337.178
16993,337.260
16994,337.265
16995,337.271
16996,337.338
16997,337.413
16998,337.418
16999,337.423
17000,337.427
17001,337.432
17002,337.436
17003,337.441
17004,337.478
17005,337.557
17006,337.644
17007,337.649
17008,337.653
17009,337.658
17010,337.717
17011,337.722
17012,337.726
17013,337.731
17014,337.785
17015,337.790
17016,337.795
17017,337.799
17018,337.853
17019,337.857
17020,337.861
17021,337.866
17022,337.921
17023,337.925
17024,337.929
17025,337.934
17026,337.985
17027,337.989
17028,337.993
17029,337.997
17030,338.044
17031,338.099
17032,338.104
17033,338.107
17034,338.111
17035,338.114
17036,338.142
17037,338.198
17038,338.258
17039,338.262
17040,338.266
17041,338.270
17042,338.323
17043,338.327
17044,338.331
17045,338.334
17046,338.384
17047,338.388
17048,338.392
17049,338.395
17050,338.448
17051,338.452
17052,338.456
17053,338.459
17054,338.511
17055,338.570
17056,338.574
17057,338.577
17058,338.580
17059,338.585
17060,338.589
17061,338.592
17062,338.597
17063,338.600
17064,338.604
17065,338.609
17066,338.613
17067,338.617
17068,338.622
17069,338.626
17070,338.630
17071,338.634
17072,338.638
17073,338.642
17074,338.646
17075,338.651
17076,338.681
17077,338.740
17078,338.801
17079,338.806
17080,338.810
17081,338.814
17082,338.867
17083,338.871
17084,338.876
17085,338.880
17086,338.932
17087,338.936
17088,338.939
17089,338.943
17090,339.007
17091,339.013
17092,339.019
17093,339.024
17094,339.091
17095,339.097
17096,339.103
17097,339.108
17098,339.186
17099,339.196
17100,339.201
17101,339.206
17102,339.273
17103,339.283
17104,339.287
17105,339.293
17106,339.364
17107,339.374
17108,339.379
17109,339.384
17110,339.456
17111,339.467
17112,339.472
17113,339.478
17114,339.540
17115,339.547
17116,339.552
17117,339.556
17118,339.617
17119,339.624
17120,339.629
17121,339.634
17122,339.695
17123,339.702
17124,339.707
17125,339.712
17126,339.769
17127,339.776
17128,339.781
17129,339.785
17130,339.845
17131,339.852
17132,339.857
17133,339.861
17134,339.919
17135,339.926
17136,339.931
17137,339.936
17138,339.992
17139,339.998
17140,340.002
17141,340.006
17142,340.062
17143,340.069
17144,340.073
17145,340.078
17146,340.139
17147,340.146
17148,340.150
17149,340.155
17150,340.211
17151,340.218
17152,340.222
17153,340.226
17154,340.282
17155,340.288
17156,340.293
17157,340.297
17158,340.353
17159,340.357
17160,340.361
17161,340.419
17162,340.424
17163,340.428
17164,340.486
17165,340.491
17166,340.496
17167,340.550
17168,340.554
17169,340.559
17170,340.615
17171,340.620
17172,340.625
17173,340.681
17174,340.685
17175,340.689
17176,340.743
17177,340.747
17178,340.751
17179,340.813
17180,340.879
17181,340.884
17182,340.887
17183,340.892
17184,340.895
17185,340.899
17186,340.904
17187,340.908
17188,340.915
17189,340.921
17190,340.927
17191,340.934
17192,340.941
17193,340.947
17194,341.024
17195,341.029
17196,341.034
17197,341.111
17198,341.116
17199,341.121
17200,341.185
17201,341.190
17202,341.195
17203,341.269
17204,341.275
17205,341.281
17206,341.348
17207,341.437
17208,341.443
17209,341.448
17210,341.455
17211,341.461
17212,341.466
17213,341.472
17214,341.506
17215,341.572
17216,341.629
17217,341.634
17218,341.638
17219,341.642
17220,341.693
17221,341.698
17222,341.702
17223,341.706
17224,341.757
17225,341.761
17226,341.765
17227,341.769
17228,341.818
17229,341.822
17230,341.826
17231,341.831
17232,341.884
17233,341.889
17234,341.893
17235,341.897
17236,341.950
17237,341.955
17238,341.959
17239,341.963
17240,342.014
17241,342.070
17242,342.074
17243,342.078
17244,342.081
17245,342.085
17246,342.116
17247,342.182
17248,342.246
17249,342.251
17250,342.255
17251,342.259
17252,342.316
17253,342.320
17254,342.325
17255,342.329
17256,342.385
17257,342.389
17258,342.393
17259,342.397
17260,342.449
17261,342.454
17262,342.458
17263,342.462
17264,342.522
17265,342.595
17266,342.600
17267,342.604
17268,342.608
17269,342.613
17270,342.617
17271,342.622
17272,342.626
17273,342.630
17274,342.635
17275,342.639
17276,342.644
17277,342.649
17278,342.654
17279,342.658
17280,342.663
17281,342.668
17282,342.673
17283,342.678
17284,342.683
17285,342.688
17286,342.722
17287,342.788
17288,342.850
17289,342.854
17290,342.858
17291,342.862
17292,342.938
17293,342.944
17294,342.950
17295,342.956
17296,343.034
17297,343.041
17298,343.047
17299,343.052
17300,343.133
17301,343.138
17302,343.143
17303,343.148
17304,343.222
17305,343.227
17306,343.232
17307,343.237
17308,343.311
17309,343.320
17310,343.325
17311,343.331
17312,343.406
17313,343.418
17314,343.424
17315,343.430
17316,343.495
17317,343.502
17318,343.507
17319,343.511
17320,343.574
17321,343.580
17322,343.585
17323,343.590
17324,343.650
17325,343.658
17326,343.663
17327,343.668
17328,343.725
17329,343.732
17330,343.737
17331,343.741
17332,343.799
17333,343.806
17334,343.811
17335,343.816
17336,343.872
17337,343.879
17338,343.883
17339,343.887
17340,343.942
17341,343.948
17342,343.953
17343,343.957
17344,344.015
17345,344.022
17346,344.026
17347,344.030
17348,344.085
17349,344.091
17350,344.096
17351,344.101
17352,344.155
17353,344.162
17354,344.166
17355,344.170
17356,344.225
17357,344.232
17358,344.236
17359,344.240
17360,344.295
17361,344.301
17362,344.305
17363,344.309
17364,344.365
17365,344.372
17366,344.377
17367,344.381
17368,344.439
17369,344.444
17370,344.448
17371,344.506
17372,344.511
17373,344.515
17374,344.570
17375,344.574
17376,344.578
17377,344.630
17378,344.635
17379,344.639
17380,344.697
17381,344.701
17382,344.705
17383,344.759
17384,344.763
17385,344.768
17386,344.817
17387,344.823
17388,344.829
17389,344.915
17390,345.004
17391,345.013
17392,345.018
17393,345.023
17394,345.029
17395,345.034
17396,345.040
17397,345.046
17398,345.052
17399,345.058
17400,345.064
17401,345.070
17402,345.076
17403,345.082
17404,345.162
17405,345.167
17406,345.172
17407,345.247
17408,345.252
17409,345.257
17410,345.334
17411,345.340
17412,345.345
17413,345.418
17414,345.423
17415,345.428
17416,345.483
17417,345.545
17418,345.548
17419,345.552
17420,345.555
17421,345.558
17422,345.562
17423,345.566
17424,345.594
17425,345.655
17426,345.719
17427,345.724
17428,345.728
17429,345.732
17430,345.786
17431,345.791
17432,345.796
17433,345.800
17434,345.857
17435,345.862
17436,345.866
17437,345.870
17438,345.930
17439,345.935
17440,345.939
17441,345.943
17442,346.001
17443,346.005
17444,346.010
17445,346.014
17446,346.072
17447,346.076
17448,346.081
17449,346.085
17450,346.138
17451,346.198
17452,346.202
17453,346.206
17454,346.210
17455,346.214
17456,346.244
17457,346.304
17458,346.369
17459,346.374
17460,346.378
17461,346.383
17462,346.440
17463,346.444
17464,346.449
17465,346.453
17466,346.509
17467,346.513
17468,346.518
17469,346.522
17470,346.578
17471,346.582
17472,346.587
17473,346.591
17474,346.642
17475,346.704
17476,346.708
17477,346.712
17478,346.716
17479,346.720
17480,346.724
17481,346.728
17482,346.732
17483,346.735
17484,346.739
17485,346.743
17486,346.747
17487,346.751
17488,346.755
17489,346.759
17490,346.764
17491,346.768
17492,346.772
17493,346.777
17494,346.781
17495,346.785
17496,346.817
17497,346.905
17498,346.992
17499,346.998
17500,347.004
17501,347.010
17502,347.093
17503,347.098
17504,347.103
17505,347.109
17506,347.188
17507,347.194
17508,347.200
17509,347.206
17510,347.283
17511,347.288
17512,347.294
17513,347.299
17514,347.376
17515,347.382
17516,347.388
17517,347.394
17518,347.465
17519,347.473
17520,347.477
17521,347.482
17522,347.538
17523,347.544
17524,347.548
17525,347.552
17526,347.608
17527,347.615
17528,347.619
17529,347.624
17530,347.682
17531,347.688
17532,347.693
17533,347.697
17534,347.754
17535,347.762
17536,347.766
17537,347.770
17538,347.826
17539,347.832
17540,347.836
17541,347.840
17542,347.891
17543,347.898
17544,347.903
17545,347.907
17546,347.959
17547,347.965
17548,347.969
17549,347.973
17550,348.025
17551,348.032
17552,348.035
17553,348.039
17554,348.090
17555,348.097
17556,348.102
17557,348.106
17558,348.158
17559,348.164
17560,348.168
17561,348.171
17562,348.227
17563,348.233
17564,348.237
17565,348.241
17566,348.293
17567,348.299
17568,348.303
17569,348.307
17570,348.362
17571,348.369
17572,348.372
17573,348.376
17574,348.427
17575,348.433
17576,348.437
17577,348.441
17578,348.495
17579,348.499
17580,348.503
17581,348.555
17582,348.559
17583,348.564
17584,348.620
17585,348.625
17586,348.630
17587,348.685
17588,348.689
17589,348.693
17590,348.761
17591,348.766
17592,348.771
17593,348.843
17594,348.848
17595,348.853
17596,348.929
17597,348.934
17598,348.939
17599,348.970
17600,348.985
17601,349.000
17602,349.016
17603,349.030
17604,349.045
17605,349.072
17606,349.098
17607,349.113
17608,349.126
17609,349.160
17610,349.201
17611,349.213
17612,349.258
17613,349.262
17614,349.290
17615,349.317
17616,349.343
17617,349.395
17618,349.422
17619,349.429
17620,349.449
17621,349.484
17622,349.510
17623,349.564
17624,349.568
17625,349.623
17626,349.685
17627,349.690
17628,349.719
17629,349.777
17630,349.803
17631,349.807
17632,349.833
17633,349.837
17634,349.856
17635,349.912
17636,349.916
17637,349.920
17638,349.955
17639,349.959
17640,349.962
17641,349.966
17642,349.970
17643,349.974
17644,349.978
17645,349.982
17646,349.985
17647,349.989
17648,349.993
17649,350.037
17650,350.041
17651,350.045
17652,350.077
17653,350.081
17654,350.084
17655,350.088
17656,350.092
17657,350.108
17658,350.111
17659,350.115
17660,350.118
17661,350.141
17662,350.150
17663,350.154
17664,350.192
17665,350.195
17666,350.201
17667,350.205
17668,350.235
17669,350.239
17670,350.244
17671,350.248
17672,350.253
17673,350.265
17674,350.268
17675,350.277
17676,350.286
17677,350.289
17678,350.330
17679,350.340
17680,350.344
17681,350.385
17682,350.389
17683,350.393
17684,350.397
17685,350.400
17686,350.404
17687,350.408
17688,350.411
17689,350.417
17690,350.427
17691,350.431
17692,350.471
17693,350.475
17694,350.478
17695,350.514
17696,350.518
17697,350.521
17698,350.525
17699,350.528
17700,350.532
17701,350.535
17702,350.539
17703,350.543
17704,350.546
17705,350.550
17706,350.594
17707,350.598
17708,350.602
17709,350.635
17710,350.639
17711,350.643
17712,350.647
17713,350.651
17714,350.669
17715,350.673
17716,350.678
17717,350.682
17718,350.717
17719,350.732
17720,350.737
17721,350.784
17722,350.789
17723,350.798
17724,350.802
17725,350.850
17726,350.855
17727,350.869
17728,350.873
17729,350.881
17730,350.895
17731,350.899
17732,350.950
17733,350.955
17734,350.959
17735,350.964
17736,350.973
17737,350.978
17738,351.016
17739,351.031
17740,351.035
17741,351.048
17742,351.065
17743,351.069
17744,351.124
17745,351.130
17746,351.135
17747,351.141
17748,351.145
17749,351.150
17750,351.155
17751,351.163
17752,351.177
17753,351.182
17754,351.239
17755,351.244
17756,351.249
17757,351.290
17758,351.295
17759,351.298
17760,351.302
17761,351.306
17762,351.310
17763,351.314
17764,351.318
17765,351.352
17766,351.356
17767,351.360
17768,351.364
17769,351.379
17770,351.389
17771,351.393
17772,351.428
17773,351.438
17774,351.441
17775,351.449
17776,351.458
17777,351.462
17778,351.469
17779,351.478
17780,351.481
17781,351.521
17782,351.525
17783,351.530
17784,351.570
17785,351.577
17786,351.581
17787,351.585
17788,351.589
17789,351.593
17790,351.597
17791,351.601
17792,351.605
17793,351.610
17794,351.614
17795,351.618
17796,351.623
17797,351.629
17798,351.634
17799,351.640
17800,351.647
17801,351.654
17802,351.658
17803,351.665
17804,351.671
17805,351.675
17806,351.680
17807,351.731
17808,351.735
17809,351.740
17810,351.779
17811,351.789
17812,351.793
17813,351.821
17814,351.832
17815,351.836
17816,351.844
17817,351.854
17818,351.858
17819,351.888
17820,351.897
17821,351.901
17822,351.932
17823,351.943
17824,351.947
17825,351.993
17826,351.997
17827,352.003
17828,352.007
17829,352.014
17830,352.024
17831,352.028
17832,352.074
17833,352.082
17834,352.088
17835,352.092
17836,352.135
17837,352.144
17838,352.151
17839,352.156
17840,352.172
17841,352.183
17842,352.186
17843,352.197
17844,352.208
17845,352.212
17846,352.225
17847,352.234
17848,352.238
17849,352.278
17850,352.289
17851,352.293
17852,352.323
17853,352.333
17854,352.337
17855,352.359
17856,352.370
17857,352.374
17858,352.401
17859,352.412
17860,352.415
17861,352.426
17862,352.436
17863,352.440
17864,352.452
17865,352.462
17866,352.466
17867,352.500
17868,352.549
17869,352.549
17870,352.571
17871,352.575
17872,352.579
17873,352.583
17874,352.588
17875,352.592
17876,352.596
17877,352.601
17878,352.604
17879,352.645
17880,352.749
17881,352.755
17882,352.766
17883,352.775
17884,352.780
17885,352.831
17886,352.846
17887,352.858
17888,352.862
17889,352.894
17890,352.970
17891,352.982
17892,353.012
17893,353.084
17894,353.096
17895,353.150
17896,353.160
17897,353.165
17898,353.212
17899,353.217
17900,353.222
17901,353.279
17902,353.284
17903,353.287
17904,353.310
17905,353.313
17906,353.317
17907,353.365
17908,353.368
17909,353.372
17910,353.379
17911,353.384
17912,353.388
17913,353.421
17914,353.424
17915,353.428
17916,353.431
17917,353.462
17918,353.466
17919,353.469
17920,353.472
17921,353.476
17922,353.507
17923,353.511
17924,353.514
17925,353.517
17926,353.520
17927,353.523
17928,353.527
17929,353.530
17930,353.535
17931,353.539
17932,353.586
17933,353.590
17934,353.593
17935,353.633
17936,353.643
17937,353.646
17938,353.673
17939,353.683
17940,353.686
17941,353.740
17942,353.805
17943,353.809
17944,353.813
17945,353.817
17946,353.823
17947,353.829
17948,353.836
17949,353.842
17950,353.848
17951,353.854
17952,353.861
17953,353.867
17954,353.874
17955,353.881
17956,353.940
17957,353.944
17958,353.949
17959,354.002
17960,354.006
17961,354.010
17962,354.064
17963,354.068
17964,354.071
17965,354.124
17966,354.128
17967,354.132
17968,354.180
17969,354.243
17970,354.247
17971,354.250
17972,354.254
17973,354.257
17974,354.261
17975,354.265
17976,354.293
17977,354.348
17978,354.407
17979,354.412
17980,354.417
17981,354.421
17982,354.475
17983,354.479
17984,354.483
17985,354.487
17986,354.535
17987,354.539
17988,354.543
17989,354.546
17990,354.611
17991,354.615
17992,354.619
17993,354.623
17994,354.689
17995,354.694
17996,354.699
17997,354.703
17998,354.773
17999,354.778
18000,354.783
18001,354.788
18002,354.848
18003,354.922
18004,354.926
18005,354.931
18006,354.935
18007,354.940
18008,354.980
18009,355.058
18010,355.122
18011,355.127
18012,355.131
18013,355.135
18014,355.189
18015,355.193
18016,355.197
18017,355.201
18018,355.254
18019,355.258
18020,355.262
18021,355.265
18022,355.318
18023,355.322
18024,355.326
18025,355.330
18026,355.385
18027,355.452
18028,355.458
18029,355.463
18030,355.469
18031,355.475
18032,355.481
18033,355.487
18034,355.493
18035,355.499
18036,355.506
18037,355.512
18038,355.518
18039,355.525
18040,355.531
18041,355.537
18042,355.544
18043,355.551
18044,355.558
18045,355.566
18046,355.573
18047,355.580
18048,355.614
18049,355.674
18050,355.736
18051,355.740
18052,355.745
18053,355.749
18054,355.804
18055,355.808
18056,355.812
18057,355.816
18058,355.871
18059,355.878
18060,355.883
18061,355.887
18062,355.943
18063,355.948
18064,355.952
18065,355.956
18066,356.011
18067,356.016
18068,356.021
18069,356.025
18070,356.086
18071,356.094
18072,356.099
18073,356.104
18074,356.167
18075,356.175
18076,356.180
18077,356.185
18078,356.246
18079,356.253
18080,356.257
18081,356.261
18082,356.316
18083,356.328
18084,356.334
18085,356.340
18086,356.428
18087,356.433
18088,356.438
18089,356.443
18090,356.527
18091,356.537
18092,356.543
18093,356.549
18094,356.624
18095,356.635
18096,356.640
18097,356.646
18098,356.722
18099,356.733
18100,356.738
18101,356.743
18102,356.823
18103,356.833
18104,356.839
18105,356.845
18106,356.923
18107,356.930
18108,356.935
18109,356.940
18110,357.008
18111,357.016
18112,357.021
18113,357.026
18114,357.092
18115,357.100
18116,357.105
18117,357.110
18118,357.175
18119,357.182
18120,357.187
18121,357.192
18122,357.255
18123,357.262
18124,357.267
18125,357.271
18126,357.333
18127,357.341
18128,357.346
18129,357.350
18130,357.412
18131,357.417
18132,357.422
18133,357.482
18134,357.487
18135,357.491
18136,357.553
18137,357.558
18138,357.563
18139,357.627
18140,357.633
18141,357.638
18142,357.704
18143,357.710
18144,357.715
18145,357.777
18146,357.782
18147,357.787
18148,357.850
18149,357.855
18150,357.860
18151,357.929
18152,358.002
18153,358.007
18154,358.012
18155,358.017
18156,358.021
18157,358.026
18158,358.034
18159,358.039
18160,358.044
18161,358.049
18162,358.054
18163,358.060
18164,358.065
18165,358.070
18166,358.139
18167,358.142
18168,358.147
18169,358.208
18170,358.213
18171,358.218
18172,358.280
18173,358.285
18174,358.290
18175,358.349
18176,358.354
18177,358.358
18178,358.426
18179,358.516
18180,358.522
18181,358.527
18182,358.532
18183,358.537
18184,358.543
18185,358.548
18186,358.595
18187,358.684
18188,358.774
18189,358.780
18190,358.786
18191,358.791
18192,358.869
18193,358.874
18194,358.879
18195,358.884
18196,358.961
18197,358.967
18198,358.973
18199,358.979
18200,359.038
18201,359.042
18202,359.047
18203,359.051
18204,359.113
18205,359.118
18206,359.123
18207,359.127
18208,359.183
18209,359.187
18210,359.191
18211,359.195
18212,359.247
18213,359.307
18214,359.311
18215,359.315
18216,359.319
18217,359.324
18218,359.360
18219,359.429
18220,359.498
18221,359.503
18222,359.508
18223,359.513
18224,359.572
18225,359.577
18226,359.581
18227,359.586
18228,359.643
18229,359.648
18230,359.653
18231,359.657
18232,359.717
18233,359.722
18234,359.727
18235,359.731
18236,359.792
18237,359.862
18238,359.869
18239,359.875
18240,359.881
18241,359.887
18242,359.893
18243,359.899
18244,359.906
18245,359.912
18246,359.919
18247,359.925
18248,359.932
18249,359.939
18250,359.945
18251,359.952
18252,359.959
18253,359.967
18254,359.974
18255,359.982
18256,359.989
18257,359.997
18258,360.031
18259,360.101
18260,360.168
18261,360.174
18262,360.179
18263,360.183
18264,360.245
18265,360.251
18266,360.256
18267,360.260
18268,360.320
18269,360.326
18270,360.330
18271,360.335
18272,360.409
18273,360.414
18274,360.420
18275,360.425
18276,360.503
18277,360.514
18278,360.520
18279,360.527
18280,360.606
18281,360.615
18282,360.621
18283,360.626
18284,360.701
18285,360.710
18286,360.715
18287,360.721
18288,360.796
18289,360.806
18290,360.812
18291,360.817
18292,360.896
18293,360.906
18294,360.911
18295,360.915
18296,360.976
18297,360.983
18298,360.987
18299,360.992
18300,361.057
18301,361.064
18302,361.068
18303,361.073
18304,361.135
18305,361.143
18306,361.148
18307,361.153
18308,361.212
18309,361.220
18310,361.224
18311,361.229
18312,361.298
18313,361.305
18314,361.310
18315,361.315
18316,361.376
18317,361.383
18318,361.388
18319,361.392
18320,361.453
18321,361.461
18322,361.466
18323,361.471
18324,361.530
18325,361.537
18326,361.542
18327,361.547
18328,361.609
18329,361.616
18330,361.621
18331,361.626
18332,361.684
18333,361.691
18334,361.695
18335,361.699
18336,361.757
18337,361.764
18338,361.769
18339,361.773
18340,361.830
18341,361.835
18342,361.839
18343,361.894
18344,361.898
18345,361.902
18346,361.959
18347,361.964
18348,361.968
18349,362.021
18350,362.026
18351,362.030
18352,362.086
18353,362.090
18354,362.094
18355,362.148
18356,362.153
18357,362.157
18358,362.213
18359,362.218
18360,362.223
18361,362.267
18362,362.271
18363,362.295
18364,362.327
18365,362.332
18366,362.336
18367,362.381
18368,362.385
18369,362.419
18370,362.454
18371,362.534
18372,362.539
18373,362.545
18374,362.589
18375,362.620
18376,362.654
18377,362.689
18378,362.695
18379,362.711
18380,362.746
18381,362.793
18382,362.799
18383,362.872
18384,362.876
18385,362.881
18386,362.920
18387,362.925
18388,362.929
18389,362.933
18390,362.936
18391,362.940
18392,362.945
18393,362.949
18394,362.953
18395,362.958
18396,362.962
18397,362.966
18398,362.970
18399,362.974
18400,363.020
18401,363.024
18402,363.028
18403,363.055
18404,363.065
18405,363.069
18406,363.087
18407,363.097
18408,363.101
18409,363.139
18410,363.149
18411,363.153
18412,363.191
18413,363.201
18414,363.205
18415,363.226
18416,363.237
18417,363.241
18418,363.262
18419,363.273
18420,363.277
18421,363.287
18422,363.297
18423,363.301
18424,363.311
18425,363.321
18426,363.325
18427,363.358
18428,363.369
18429,363.373
18430,363.428
18431,363.433
18432,363.437
18433,363.457
18434,363.461
18435,363.466
18436,363.470
18437,363.506
18438,363.606
18439,363.610
18440,363.617
18441,363.622
18442,363.626
18443,363.668
18444,363.679
18445,363.689
18446,363.692
18447,363.720
18448,363.731
18449,363.740
18450,363.743
18451,363.770
18452,363.829
18453,363.838
18454,363.877
18455,363.885
18456,363.889
18457,363.931
18458,363.935
18459,363.939
18460,363.943
18461,363.946
18462,363.950
18463,363.956
18464,363.960
18465,363.965
18466,363.975
18467,363.979
18468,363.987
18469,363.991
18470,363.995
18471,363.999
18472,364.039
18473,364.144
18474,364.149
18475,364.154
18476,364.160
18477,364.164
18478,364.206
18479,364.217
18480,364.226
18481,364.229
18482,364.255
18483,364.264
18484,364.272
18485,364.274
18486,364.306
18487,364.382
18488,364.396
18489,364.451
18490,364.467
18491,364.474
18492,364.531
18493,364.535
18494,364.540
18495,364.544
18496,364.549
18497,364.554
18498,364.562
18499,364.566
18500,364.574
18501,364.588
18502,364.593
18503,364.672
18504,364.767
18505,364.773
18506,364.779
18507,364.790
18508,364.800
18509,364.812
18510,364.825
18511,364.837
18512,364.845
18513,364.852
18514,364.860
18515,364.867
18516,364.875
18517,364.882
18518,364.933
18519,364.939
18520,364.943
18521,365.029
18522,365.034
18523,365.038
18524,365.093
18525,365.097
18526,365.102
18527,365.105
18528,365.154
18529,365.214
18530,365.219
18531,365.249
18532,365.308
18533,365.314
18534,365.369
18535,365.435
18536,365.508
18537,365.513
18538,365.548
18539,365.556
18540,365.561
18541,365.614
18542,365.618
18543,365.623
18544,365.669
18545,365.674
18546,365.677
18547,365.681
18548,365.725
18549,365.730
18550,365.734
18551,365.738
18552,365.789
18553,365.793
18554,365.798
18555,365.851
18556,365.855
18557,365.859
18558,365.863
18559,365.867
18560,365.872
18561,365.920
18562,365.924
18563,365.928
18564,365.932
18565,366.019
18566,366.024
18567,366.029
18568,366.116
18569,366.121
18570,366.126
18571,366.181
18572,366.243
18573,366.247
18574,366.251
18575,366.255
18576,366.260
18577,366.266
18578,366.271
18579,366.319
18580,366.401
18581,366.521
18582,366.526
18583,366.531
18584,366.536
18585,366.647
18586,366.653
18587,366.658
18588,366.663
18589,366.782
18590,366.789
18591,366.796
18592,366.801
18593,366.878
18594,366.882
18595,366.886
18596,366.890
18597,366.975
18598,366.983
18599,366.988
18600,366.993
18601,367.080
18602,367.085
18603,367.090
18604,367.095
18605,367.149
18606,367.213
18607,367.217
18608,367.222
18609,367.226
18610,367.230
18611,367.264
18612,367.327
18613,367.417
18614,367.423
18615,367.428
18616,367.433
18617,367.520
18618,367.525
18619,367.530
18620,367.535
18621,367.618
18622,367.623
18623,367.628
18624,367.633
18625,367.718
18626,367.723
18627,367.728
18628,367.732
18629,367.793
18630,367.867
18631,367.874
18632,367.880
18633,367.886
18634,367.893
18635,367.899
18636,367.905
18637,367.912
18638,367.919
18639,367.926
18640,367.933
18641,367.940
18642,367.947
18643,367.955
18644,367.963
18645,367.970
18646,367.978
18647,367.985
18648,367.993
18649,368.001
18650,368.009
18651,368.044
18652,368.110
18653,368.232
18654,368.238
18655,368.245
18656,368.251
18657,368.365
18658,368.371
18659,368.377
18660,368.383
18661,368.453
18662,368.537
18663,368.542
18664,368.581
18665,368.586
18666,368.591
18667,368.657
18668,368.734
18669,368.739
18670,368.794
18671,368.798
18672,368.802
18673,368.896
18674,368.905
18675,368.910
18676,368.915
18677,368.921
18678,369.011
18679,369.016
18680,369.021
18681,369.026
18682,369.106
18683,369.112
18684,369.117
18685,369.122
18686,369.211
18687,369.219
18688,369.224
18689,369.229
18690,369.309
18691,369.317
18692,369.321
18693,369.326
18694,369.382
18695,369.445
18696,369.449
18697,369.479
18698,369.483
18699,369.487
18700,369.534
18701,369.594
18702,369.599
18703,369.653
18704,369.657
18705,369.661
18706,369.755
18707,369.764
18708,369.769
18709,369.774
18710,369.779
18711,369.869
18712,369.876
18713,369.881
18714,369.886
18715,369.940
18716,370.010
18717,370.015
18718,370.048
18719,370.053
18720,370.057
18721,370.105
18722,370.195
18723,370.200
18724,370.266
18725,370.271
18726,370.277
18727,370.409
18728,370.421
18729,370.428
18730,370.434
18731,370.441
18732,370.568
18733,370.579
18734,370.586
18735,370.592
18736,370.714
18737,370.723
18738,370.729
18739,370.735
18740,370.797
18741,370.863
18742,370.868
18743,370.898
18744,370.903
18745,370.907
18746,370.953
18747,371.017
18748,371.021
18749,371.071
18750,371.076
18751,371.080
18752,371.177
18753,371.186
18754,371.192
18755,371.197
18756,371.203
18757,371.302
18758,371.310
18759,371.316
18760,371.322
18761,371.414
18762,371.421
18763,371.426
18764,371.431
18765,371.523
18766,371.531
18767,371.537
18768,371.542
18769,371.629
18770,371.637
18771,371.642
18772,371.646
18773,371.744
18774,371.745
18775,371.749
18776,371.754
18777,371.851
18778,371.859
18779,371.864
18780,371.869
18781,371.953
18782,371.961
18783,371.966
18784,371.971
18785,372.065
18786,372.070
18787,372.075
18788,372.175
18789,372.182
18790,372.188
18791,372.297
18792,372.303
18793,372.309
18794,372.419
18795,372.426
18796,372.431
18797,372.539
18798,372.546
18799,372.552
18800,372.670
18801,372.677
18802,372.683
18803,372.781
18804,372.786
18805,372.791
18806,372.863
18807,372.940
18808,372.947
18809,372.953
18810,372.960
18811,372.966
18812,372.972
18813,372.979
18814,372.986
18815,372.993
18816,373.000
18817,373.008
18818,373.015
18819,373.023
18820,373.032
18821,373.079
18822,373.085
18823,373.089
18824,373.175
18825,373.180
18826,373.184
18827,373.237
18828,373.241
18829,373.245
18830,373.249
18831,373.296
18832,373.355
18833,373.359
18834,373.388
18835,373.445
18836,373.451
18837,373.503
18838,373.566
18839,373.636
18840,373.641
18841,373.675
18842,373.682
18843,373.687
18844,373.741
18845,373.745
18846,373.749
18847,373.799
18848,373.799
18849,373.804
18850,373.807
18851,373.853
18852,373.857
18853,373.861
18854,373.865
18855,373.916
18856,373.921
18857,373.925
18858,373.978
18859,373.982
18860,373.986
18861,373.990
18862,373.994
18863,373.998
18864,374.052
18865,374.056
18866,374.060
18867,374.064
18868,374.164
18869,374.169
18870,374.175
18871,374.285
18872,374.292
18873,374.301
18874,374.377
18875,374.459
18876,374.463
18877,374.468
18878,374.474
18879,374.479
18880,374.484
18881,374.490
18882,374.533
18883,374.613
18884,374.725
18885,374.730
18886,374.736
18887,374.741
18888,374.827
18889,374.832
18890,374.836
18891,374.842
18892,374.922
18893,374.926
18894,374.931
18895,374.935
18896,375.005
18897,375.009
18898,375.014
18899,375.018
18900,375.097
18901,375.105
18902,375.111
18903,375.115
18904,375.189
18905,375.194
18906,375.198
18907,375.202
18908,375.248
18909,375.301
18910,375.305
18911,375.308
18912,375.312
18913,375.316
18914,375.344
18915,375.399
18916,375.476
18917,375.480
18918,375.485
18919,375.489
18920,375.565
18921,375.569
18922,375.574
18923,375.578
18924,375.656
18925,375.661
18926,375.667
18927,375.671
18928,375.752
18929,375.756
18930,375.761
18931,375.765
18932,375.826
18933,375.907
18934,375.913
18935,375.918
18936,375.922
18937,375.927
18938,375.931
18939,375.936
18940,375.946
18941,375.957
18942,375.968
18943,375.977
18944,375.986
18945,375.995
18946,376.005
18947,376.014
18948,376.023
18949,376.033
18950,376.042
18951,376.055
18952,376.066
18953,376.076
18954,376.113
18955,376.182
18956,376.284
18957,376.289
18958,376.294
18959,376.299
18960,376.391
18961,376.396
18962,376.401
18963,376.406
18964,376.453
18965,376.509
18966,376.513
18967,376.537
18968,376.540
18969,376.544
18970,376.586
18971,376.637
18972,376.641
18973,376.687
18974,376.690
18975,376.693
18976,376.775
18977,376.783
18978,376.790
18979,376.794
18980,376.799
18981,376.880
18982,376.884
18983,376.889
18984,376.893
18985,376.963
18986,376.968
18987,376.973
18988,376.978
18989,377.062
18990,377.070
18991,377.075
18992,377.080
18993,377.153
18994,377.160
18995,377.165
18996,377.169
18997,377.216
18998,377.272
18999,377.276
19000,377.302
19001,377.306
19002,377.309
19003,377.349
19004,377.403
19005,377.406
19006,377.451
19007,377.454
19008,377.458
19009,377.538
19010,377.545
19011,377.550
19012,377.555
19013,377.561
19014,377.639
19015,377.649
19016,377.654
19017,377.660
19018,377.718
19019,377.794
19020,377.801
19021,377.835
19022,377.840
19023,377.845
19024,377.920
19025,377.925
19026,377.930
19027,377.934
19028,377.995
19029,378.000
19030,378.004
19031,378.112
19032,378.123
19033,378.129
19034,378.133
19035,378.138
19036,378.230
19037,378.237
19038,378.241
19039,378.246
19040,378.324
19041,378.332
19042,378.338
19043,378.346
19044,378.390
19045,378.448
19046,378.451
19047,378.478
19048,378.484
19049,378.488
19050,378.530
19051,378.583
19052,378.587
19053,378.634
19054,378.638
19055,378.642
19056,378.725
19057,378.732
19058,378.737
19059,378.742
19060,378.746
19061,378.830
19062,378.838
19063,378.842
19064,378.847
19065,378.933
19066,378.940
19067,378.944
19068,378.949
19069,379.031
19070,379.038
19071,379.042
19072,379.047
19073,379.134
19074,379.141
19075,379.146
19076,379.150
19077,379.238
19078,379.245
19079,379.250
19080,379.255
19081,379.341
19082,379.348
19083,379.352
19084,379.357
19085,379.430
19086,379.436
19087,379.440
19088,379.444
19089,379.554
19090,379.559
19091,379.565
19092,379.674
19093,379.680
19094,379.685
19095,379.785
19096,379.791
19097,379.797
19098,379.902
19099,379.908
19100,379.913
19101,380.027
19102,380.032
19103,380.036
19104,380.119
19105,380.125
19106,380.129
19107,380.210
19108,380.215
19109,380.219
19110,380.259
19111,380.263
19112,380.293
19113,380.317
19114,380.345
19115,380.421
19116,380.425
19117,380.453
19118,380.474
19119,380.489
19120,380.532
19121,380.555
19122,380.558
19123,380.563
19124,380.586
19125,380.610
19126,380.613
19127,380.616
19128,380.661
19129,380.665
19130,380.669
19131,380.672
19132,380.703
19133,380.727
19134,380.731
19135,380.788
19136,380.792
19137,380.796
19138,380.826
19139,380.871
19140,380.894
19141,380.900
19142,380.924
19143,380.946
19144,380.959
19145,381.002
19146,381.025
19147,381.028
19148,381.059
19149,381.062
19150,381.067
19151,381.071
19152,381.128
19153,381.187
19154,381.191
19155,381.194
19156,381.198
19157,381.202
19158,381.207
19159,381.212
19160,381.216
19161,381.220
19162,381.224
19163,381.227
19164,381.231
19165,381.237
19166,381.243
19167,381.317
19168,381.321
19169,381.325
19170,381.390
19171,381.397
19172,381.402
19173,381.464
19174,381.469
19175,381.473
19176,381.537
19177,381.542
19178,381.546
19179,381.603
19180,381.674
19181,381.679
19182,381.684
19183,381.689
19184,381.693
19185,381.698
19186,381.703
19187,381.732
19188,381.784
19189,381.842
19190,381.846
19191,381.850
19192,381.854
19193,381.903
19194,381.906
19195,381.910
19196,381.914
19197,381.964
19198,381.968
19199,381.972
19200,381.976
19201,382.025
19202,382.029
19203,382.033
19204,382.036
19205,382.087
19206,382.093
19207,382.096
19208,382.100
19209,382.152
19210,382.156
19211,382.160
19212,382.163
19213,382.211
19214,382.263
19215,382.266
19216,382.270
19217,382.273
19218,382.276
19219,382.302
19220,382.352
19221,382.408
19222,382.412
19223,382.416
19224,382.419
19225,382.468
19226,382.472
19227,382.476
19228,382.479
19229,382.530
19230,382.534
19231,382.538
19232,382.541
19233,382.590
19234,382.594
19235,382.598
19236,382.601
19237,382.651
19238,382.710
19239,382.716
19240,382.721
19241,382.727
19242,382.733
19243,382.738
19244,382.743
19245,382.749
19246,382.754
19247,382.760
19248,382.766
19249,382.771
19250,382.777
19251,382.783
19252,382.789
19253,382.794
19254,382.800
19255,382.806
19256,382.812
19257,382.817
19258,382.823
19259,382.847
19260,382.917
19261,382.990
19262,382.995
19263,383.001
19264,383.006
19265,383.075
19266,383.083
19267,383.087
19268,383.091
19269,383.157
19270,383.166
19271,383.170
19272,383.175
19273,383.240
19274,383.249
19275,383.253
19276,383.257
19277,383.325
19278,383.332
19279,383.335
19280,383.339
19281,383.391
19282,383.397
19283,383.400
19284,383.404
19285,383.453
19286,383.459
19287,383.462
19288,383.466
19289,383.516
19290,383.521
19291,383.525
19292,383.529
19293,383.576
19294,383.582
19295,383.585
19296,383.589
19297,383.637
19298,383.642
19299,383.646
19300,383.650
19301,383.697
19302,383.703
19303,383.706
19304,383.710
19305,383.757
19306,383.763
19307,383.767
19308,383.771
19309,383.818
19310,383.823
19311,383.826
19312,383.830
19313,383.876
19314,383.882
19315,383.885
19316,383.889
19317,383.936
19318,383.942
19319,383.946
19320,383.949
19321,383.998
19322,384.004
19323,384.008
19324,384.012
19325,384.059
19326,384.065
19327,384.068
19328,384.072
19329,384.119
19330,384.125
19331,384.129
19332,384.132
19333,384.179
19334,384.185
19335,384.188
19336,384.191
19337,384.242
19338,384.249
19339,384.253
19340,384.257
19341,384.308
19342,384.312
19343,384.315
19344,384.365
19345,384.369
19346,384.373
19347,384.424
19348,384.427
19349,384.431
19350,384.477
19351,384.482
19352,384.487
19353,384.555
19354,384.560
19355,384.565
19356,384.636
19357,384.642
19358,384.647
19359,384.712
19360,384.717
19361,384.721
19362,384.779
19363,384.783
19364,384.787
19365,384.830
19366,384.839
19367,384.842
19368,384.846
19369,384.855
19370,384.858
19371,384.863
19372,384.867
19373,384.871
19374,384.875
19375,384.884
19376,384.887
19377,384.896
19378,384.903
19379,384.907
19380,384.965
19381,384.968
19382,384.972
19383,384.998
19384,385.008
19385,385.011
19386,385.020
19387,385.029
19388,385.032
19389,385.042
19390,385.050
19391,385.053
19392,385.085
19393,385.093
19394,385.096
19395,385.105
19396,385.114
19397,385.117
19398,385.126
19399,385.135
19400,385.138
19401,385.172
19402,385.182
19403,385.185
19404,385.194
19405,385.203
19406,385.206
19407,385.215
19408,385.224
19409,385.227
19410,385.236
19411,385.245
19412,385.248
19413,385.281
19414,385.291
19415,385.294
19416,385.311
19417,385.319
19418,385.322
19419,385.339
19420,385.347
19421,385.351
19422,385.357
19423,385.366
19424,385.371
19425,385.379
19426,385.389
19427,385.393
19428,385.427
19429,385.437
19430,385.441
19431,385.450
19432,385.458
19433,385.461
19434,385.493
19435,385.502
19436,385.506
19437,385.539
19438,385.545
19439,385.548
19440,385.551
19441,385.554
19442,385.560
19443,385.563
19444,385.567
19445,385.602
19446,385.608
19447,385.612
19448,385.618
19449,385.621
19450,385.627
19451,385.631
19452,385.635
19453,385.639
19454,385.678
19455,385.685
19456,385.688
19457,385.692
19458,385.695
19459,385.699
19460,385.706
19461,385.710
19462,385.714
19463,385.720
19464,385.723
19465,385.727
19466,385.730
19467,385.763
19468,385.850
19469,385.854
19470,385.860
19471,385.865
19472,385.869
19473,385.907
19474,385.917
19475,385.925
19476,385.929
19477,385.954
19478,385.963
19479,385.971
19480,385.975
19481,385.997
19482,386.048
19483,386.056
19484,386.094
19485,386.101
19486,386.105
19487,386.126
19488,386.129
19489,386.132
19490,386.175
19491,386.178
19492,386.181
19493,386.186
19494,386.189
19495,386.192
19496,386.239
19497,386.244
19498,386.248
19499,386.253
19500,386.258
19501,386.262
19502,386.266
19503,386.274
19504,386.279
19505,386.287
19506,386.301
19507,386.305
19508,386.317
19509,386.321
19510,386.326
19511,386.330
19512,386.334
19513,386.338
19514,386.343
19515,386.347
19516,386.352
19517,386.399
19518,386.509
19519,386.514
19520,386.522
19521,386.529
19522,386.533
19523,386.577
19524,386.590
19525,386.601
19526,386.604
19527,386.635
19528,386.647
19529,386.659
19530,386.663
19531,386.695
19532,386.749
19533,386.757
19534,386.794
19535,386.801
19536,386.805
19537,386.837
19538,386.840
19539,386.843
19540,386.862
19541,386.865
19542,386.869
19543,386.918
19544,386.922
19545,386.925
19546,386.931
19547,386.935
19548,386.939
19549,386.971
19550,386.974
19551,386.977
19552,386.981
19553,386.984
19554,386.987
19555,386.991
19556,386.996
19557,387.000
19558,387.031
19559,387.034
19560,387.037
19561,387.041
19562,387.046
19563,387.049
19564,387.080
19565,387.083
19566,387.086
19567,387.091
19568,387.094
19569,387.134
19570,387.138
19571,387.141
19572,387.156
19573,387.158
19574,387.163
19575,387.166
19576,387.171
19577,387.180
19578,387.183
19579,387.190
19580,387.199
19581,387.202
19582,387.209
19583,387.218
19584,387.221
19585,387.272
19586,387.334
19587,387.341
19588,387.347
19589,387.353
19590,387.360
19591,387.366
19592,387.373
19593,387.379
19594,387.386
19595,387.393
19596,387.400
19597,387.407
19598,387.414
19599,387.421
19600,387.460
19601,387.466
19602,387.469
19603,387.545
19604,387.549
19605,387.553
19606,387.601
19607,387.605
19608,387.609
19609,387.612
19610,387.670
19611,387.742
19612,387.748
19613,387.776
19614,387.865
19615,387.871
19616,387.961
19617,388.048
19618,388.139
19619,388.144
19620,388.183
19621,388.193
19622,388.198
19623,388.264
19624,388.269
19625,388.273
19626,388.324
19627,388.328
19628,388.333
19629,388.337
19630,388.388
19631,388.392
19632,388.397
19633,388.401
19634,388.460
19635,388.464
19636,388.468
19637,388.532
19638,388.536
19639,388.541
19640,388.546
19641,388.551
19642,388.555
19643,388.605
19644,388.608
19645,388.612
19646,388.615
19647,388.695
19648,388.700
19649,388.704
19650,388.783
19651,388.788
19652,388.792
19653,388.838
19654,388.894
19655,388.898
19656,388.902
19657,388.905
19658,388.909
19659,388.912
19660,388.916
19661,388.948
19662,389.003
19663,389.080
19664,389.084
19665,389.089
19666,389.092
19667,389.170
19668,389.174
19669,389.179
19670,389.183
19671,389.263
19672,389.268
19673,389.273
19674,389.278
19675,389.349
19676,389.353
19677,389.358
19678,389.362
19679,389.444
19680,389.451
19681,389.456
19682,389.460
19683,389.539
19684,389.544
19685,389.548
19686,389.552
19687,389.602
19688,389.660
19689,389.664
19690,389.668
19691,389.671
19692,389.675
19693,389.703
19694,389.752
19695,389.851
19696,389.857
19697,389.862
19698,389.868
19699,389.972
19700,389.977
19701,389.982
19702,389.987
19703,390.078
19704,390.083
19705,390.088
19706,390.093
19707,390.197
19708,390.202
19709,390.207
19710,390.212
19711,390.287
19712,390.359
19713,390.365
19714,390.371
19715,390.377
19716,390.382
19717,390.388
19718,390.394
19719,390.399
19720,390.405
19721,390.411
19722,390.417
19723,390.423
19724,390.430
19725,390.436
19726,390.442
19727,390.449
19728,390.455
19729,390.462
19730,390.469
19731,390.476
19732,390.483
19733,390.515
19734,390.577
19735,390.661
19736,390.665
19737,390.670
19738,390.674
19739,390.749
19740,390.754
19741,390.758
19742,390.763
19743,390.813
19744,390.870
19745,390.874
19746,390.901
19747,390.905
19748,390.908
19749,390.912
19750,390.957
19751,391.013
19752,391.017
19753,391.060
19754,391.153
19755,391.157
19756,391.160
19757,391.249
19758,391.257
19759,391.262
19760,391.267
19761,391.272
19762,391.355
19763,391.360
19764,391.365
19765,391.369
19766,391.444
19767,391.450
19768,391.454
19769,391.458
19770,391.544
19771,391.553
19772,391.558
19773,391.564
19774,391.627
19775,391.703
19776,391.707
19777,391.741
19778,391.745
19779,391.750
19780,391.754
19781,391.808
19782,391.874
19783,391.878
19784,391.932
19785,392.054
19786,392.059
19787,392.064
19788,392.155
19789,392.162
19790,392.169
19791,392.174
19792,392.178
19793,392.226
19794,392.284
19795,392.288
19796,392.318
19797,392.323
19798,392.327
19799,392.331
19800,392.373
19801,392.425
19802,392.429
19803,392.473
19804,392.569
19805,392.573
19806,392.576
19807,392.663
19808,392.670
19809,392.675
19810,392.680
19811,392.684
19812,392.765
19813,392.772
19814,392.776
19815,392.780
19816,392.829
19817,392.882
19818,392.886
19819,392.913
19820,392.916
19821,392.919
19822,392.980
19823,392.988
19824,392.993
19825,392.998
19826,393.002
19827,393.049
19828,393.053
19829,393.056
19830,393.141
19831,393.148
19832,393.154
19833,393.159
19834,393.163
19835,393.248
19836,393.255
19837,393.260
19838,393.264
19839,393.357
19840,393.367
19841,393.374
19842,393.380
19843,393.442
19844,393.516
19845,393.521
19846,393.551
19847,393.555
19848,393.560
19849,393.611
19850,393.677
19851,393.682
19852,393.740
19853,393.744
19854,393.748
19855,393.849
19856,393.856
19857,393.861
19858,393.865
19859,393.870
19860,393.951
19861,393.957
19862,393.962
19863,393.966
19864,394.040
19865,394.047
19866,394.051
19867,394.056
19868,394.132
19869,394.139
19870,394.143
19871,394.147
19872,394.224
19873,394.231
19874,394.235
19875,394.239
19876,394.319
19877,394.326
19878,394.331
19879,394.335
19880,394.416
19881,394.423
19882,394.427
19883,394.431
19884,394.503
19885,394.511
19886,394.516
19887,394.520
19888,394.600
19889,394.605
19890,394.609
19891,394.685
19892,394.690
19893,394.694
19894,394.766
19895,394.770
19896,394.774
19897,394.847
19898,394.852
19899,394.856
19900,394.938
19901,394.943
19902,394.947
19903,395.033
19904,395.039
19905,395.044
19906,395.148
19907,395.153
19908,395.158
19909,395.186
19910,395.189
19911,395.240
19912,395.245
19913,395.292
19914,395.322
19915,395.327
19916,395.365
19917,395.473
19918,395.477
19919,395.481
19920,395.529
19921,395.534
19922,395.538
19923,395.587
19924,395.591
19925,395.595
19926,395.628
19927,395.650
19928,395.700
19929,395.704
19930,395.708
19931,395.760
19932,395.765
19933,395.795
19934,395.799
19935,395.829
19936,395.851
19937,395.877
19938,395.902
19939,395.946
19940,395.950
19941,395.953
19942,395.983
19943,395.989
19944,395.992
19945,395.995
19946,395.998
19947,396.001
19948,396.004
19949,396.008
19950,396.011
19951,396.014
19952,396.017
19953,396.021
19954,396.064
19955,396.068
19956,396.071
19957,396.111
19958,396.119
19959,396.122
19960,396.138
19961,396.146
19962,396.150
19963,396.157
19964,396.165
19965,396.167
19966,396.174
19967,396.182
19968,396.185
19969,396.209
19970,396.217
19971,396.220
19972,396.255
19973,396.261
19974,396.265
19975,396.269
19976,396.289
19977,396.297
19978,396.300
19979,396.317
19980,396.326
19981,396.329
19982,396.336
19983,396.339
19984,396.342
19985,396.372
19986,396.453
19987,396.457
19988,396.462
19989,396.467
19990,396.469
19991,396.501
19992,396.545
19993,396.553
19994,396.573
19995,396.620
19996,396.628
19997,396.660
19998,396.665
19999,396.668
20000,396.707
20001,396.711
20002,396.715
20003,396.740
20004,396.744
20005,396.747
20006,396.799
20007,396.803
20008,396.811
20009,396.817
20010,396.823
20011,396.827
20012,396.871
20013,396.875
20014,396.879
20015,396.883
20016,396.887
20017,396.891
20018,396.894
20019,396.902
20020,396.905
20021,396.943
20022,396.946
20023,396.950
20024,396.988
20025,396.992
20026,396.996
20027,396.999
20028,397.003
20029,397.007
20030,397.011
20031,397.015
20032,397.020
20033,397.024
20034,397.032
20035,397.035
20036,397.040
20037,397.044
20038,397.048
20039,397.099
20040,397.103
20041,397.107
20042,397.139
20043,397.153
20044,397.157
20045,397.191
20046,397.200
20047,397.204
20048,397.220
20049,397.229
20050,397.232
20051,397.239
20052,397.248
20053,397.252
20054,397.269
20055,397.276
20056,397.279
20057,397.288
20058,397.296
20059,397.299
20060,397.307
20061,397.315
20062,397.318
20063,397.349
20064,397.358
20065,397.361
20066,397.368
20067,397.423
20068,397.423
20069,397.423
20070,397.423
20071,397.423
20072,397.423
20073,397.428
20074,397.431
20075,397.438
20076,397.441
20077,397.444
20078,397.447
20079,397.479
20080,397.562
20081,397.565
20082,397.571
20083,397.576
20084,397.579
20085,397.613
20086,397.617
20087,397.621
20088,397.639
20089,397.642
20090,397.645
20091,397.686
20092,397.689
20093,397.693
20094,397.697
20095,397.701
20096,397.705
20097,397.733
20098,397.737
20099,397.739
20100,397.742
20101,397.746
20102,397.749
20103,397.754
20104,397.764
20105,397.767
20106,397.816
20107,397.872
20108,397.876
20109,397.880
20110,397.884
20111,397.890
20112,397.894
20113,397.900
20114,397.904
20115,397.908
20116,397.912
20117,397.916
20118,397.921
20119,397.927
20120,397.932
20121,397.999
20122,398.003
20123,398.007
20124,398.064
20125,398.068
20126,398.072
20127,398.133
20128,398.137
20129,398.140
20130,398.209
20131,398.213
20132,398.217
20133,398.263
20134,398.308
20135,398.311
20136,398.316
20137,398.321
20138,398.325
20139,398.330
20140,398.335
20141,398.367
20142,398.436
20143,398.529
20144,398.534
20145,398.539
20146,398.543
20147,398.629
20148,398.634
20149,398.640
20150,398.644
20151,398.732
20152,398.737
20153,398.743
20154,398.749
20155,398.825
20156,398.830
20157,398.835
20158,398.838
20159,398.915
20160,398.922
20161,398.927
20162,398.932
20163,399.005
20164,399.010
20165,399.016
20166,399.020
20167,399.069
20168,399.119
20169,399.123
20170,399.127
20171,399.130
20172,399.133
20173,399.158
20174,399.210
20175,399.283
20176,399.288
20177,399.292
20178,399.296
20179,399.366
20180,399.371
20181,399.375
20182,399.380
20183,399.446
20184,399.450
20185,399.454
20186,399.458
20187,399.525
20188,399.529
20189,399.533
20190,399.537
20191,399.586
20192,399.645
20193,399.651
20194,399.656
20195,399.662
20196,399.667
20197,399.673
20198,399.678
20199,399.684
20200,399.690
20201,399.696
20202,399.702
20203,399.707
20204,399.712
20205,399.718
20206,399.723
20207,399.729
20208,399.735
20209,399.741
20210,399.746
20211,399.752
20212,399.758
20213,399.786
20214,399.838
20215,399.912
20216,399.917
20217,399.923
20218,399.928
20219,400.010
20220,400.016
20221,400.022
20222,400.028
20223,400.140
20224,400.150
20225,400.156
20226,400.162
20227,400.258
20228,400.268
20229,400.274
20230,400.279
20231,400.373
20232,400.385
20233,400.390
20234,400.395
20235,400.478
20236,400.486
20237,400.490
20238,400.496
20239,400.572
20240,400.580
20241,400.585
20242,400.589
20243,400.675
20244,400.683
20245,400.688
20246,400.693
20247,400.769
20248,400.777
20249,400.781
20250,400.785
20251,400.861
20252,400.868
20253,400.873
20254,400.878
20255,400.961
20256,400.968
20257,400.974
20258,400.978
20259,401.056
20260,401.064
20261,401.070
20262,401.075
20263,401.154
20264,401.162
20265,401.166
20266,401.171
20267,401.244
20268,401.251
20269,401.255
20270,401.260
20271,401.335
20272,401.342
20273,401.346
20274,401.351
20275,401.424
20276,401.430
20277,401.434
20278,401.438
20279,401.506
20280,401.512
20281,401.517
20282,401.521
20283,401.594
20284,401.601
20285,401.606
20286,401.611
20287,401.702
20288,401.712
20289,401.717
20290,401.722
20291,401.813
20292,401.827
20293,401.832
20294,401.838
20295,401.930
20296,401.935
20297,401.940
20298,402.029
20299,402.034
20300,402.039
20301,402.129
20302,402.134
20303,402.139
20304,402.208
20305,402.212
20306,402.216
20307,402.286
20308,402.290
20309,402.295
20310,402.362
20311,402.367
20312,402.371
20313,402.441
20314,402.445
20315,402.449
20316,402.507
20317,402.563
20318,402.567
20319,402.570
20320,402.574
20321,402.578
20322,402.582
20323,402.588
20324,402.592
20325,402.596
20326,402.600
20327,402.604
20328,402.608
20329,402.612
20330,402.616
20331,402.683
20332,402.686
20333,402.690
20334,402.748
20335,402.752
20336,402.756
20337,402.818
20338,402.824
20339,402.827
20340,402.898
20341,402.902
20342,402.906
20343,402.952
20344,403.003
20345,403.007
20346,403.010
20347,403.013
20348,403.016
20349,403.020
20350,403.023
20351,403.048
20352,403.101
20353,403.168
20354,403.173
20355,403.177
20356,403.180
20357,403.248
20358,403.253
20359,403.257
20360,403.261
20361,403.330
20362,403.334
20363,403.338
20364,403.342
20365,403.418
20366,403.423
20367,403.428
20368,403.433
20369,403.538
20370,403.548
20371,403.553
20372,403.559
20373,403.643
20374,403.648
20375,403.653
20376,403.658
20377,403.722
20378,403.794
20379,403.799
20380,403.804
20381,403.809
20382,403.813
20383,403.850
20384,403.916
20385,404.002
20386,404.007
20387,404.012
20388,404.016
20389,404.100
20390,404.107
20391,404.113
20392,404.118
20393,404.207
20394,404.214
20395,404.220
20396,404.226
20397,404.309
20398,404.314
20399,404.318
20400,404.322
20401,404.370
20402,404.429
20403,404.435
20404,404.441
20405,404.446
20406,404.451
20407,404.457
20408,404.462
20409,404.467
20410,404.473
20411,404.478
20412,404.484
20413,404.489
20414,404.494
20415,404.500
20416,404.506
20417,404.511
20418,404.517
20419,404.523
20420,404.529
20421,404.535
20422,404.541
20423,404.572
20424,404.628
20425,404.704
20426,404.710
20427,404.714
20428,404.719
20429,404.785
20430,404.790
20431,404.794
20432,404.799
20433,404.882
20434,404.890
20435,404.895
20436,404.900
20437,404.974
20438,404.981
20439,404.985
20440,404.990
20441,405.053
20442,405.060
20443,405.064
20444,405.068
20445,405.139
20446,405.151
20447,405.157
20448,405.163
20449,405.255
20450,405.265
20451,405.270
20452,405.276
20453,405.391
20454,405.401
20455,405.407
20456,405.413
20457,405.508
20458,405.518
20459,405.523
20460,405.528
20461,405.619
20462,405.627
20463,405.631
20464,405.636
20465,405.719
20466,405.723
20467,405.728
20468,405.733
20469,405.810
20470,405.818
20471,405.825
20472,405.830
20473,405.907
20474,405.914
20475,405.918
20476,405.923
20477,405.996
20478,406.003
20479,406.008
20480,406.012
20481,406.086
20482,406.094
20483,406.099
20484,406.103
20485,406.179
20486,406.186
20487,406.190
20488,406.194
20489,406.265
20490,406.271
20491,406.276
20492,406.280
20493,406.350
20494,406.356
20495,406.361
20496,406.365
20497,406.438
20498,406.445
20499,406.449
20500,406.453
20501,406.519
20502,406.526
20503,406.530
20504,406.534
20505,406.603
20506,406.608
20507,406.612
20508,406.684
20509,406.689
20510,406.693
20511,406.739
20512,406.792
20513,406.795
20514,406.798
20515,406.824
20516,406.877
20517,406.910
20518,406.914
20519,406.918
20520,406.975
20521,406.984
20522,406.988
20523,406.994
20524,407.051
20525,407.055
20526,407.060
20527,407.126
20528,407.131
20529,407.136
20530,407.140
20531,407.231
20532,407.236
20533,407.241
20534,407.337
20535,407.343
20536,407.350
20537,407.426
20538,407.431
20539,407.436
20540,407.511
20541,407.516
20542,407.520
20543,407.579
20544,407.638
20545,407.642
20546,407.646
20547,407.650
20548,407.656
20549,407.661
20550,407.668
20551,407.672
20552,407.679
20553,407.683
20554,407.688
20555,407.694
20556,407.700
20557,407.707
20558,407.765
20559,407.770
20560,407.773
20561,407.827
20562,407.831
20563,407.835
20564,407.891
20565,407.895
20566,407.899
20567,407.955
20568,407.959
20569,407.963
20570,408.012
20571,408.068
20572,408.072
20573,408.076
20574,408.079
20575,408.083
20576,408.087
20577,408.090
20578,408.119
20579,408.180
20580,408.238
20581,408.242
20582,408.246
20583,408.250
20584,408.301
20585,408.305
20586,408.309
20587,408.312
20588,408.364
20589,408.368
20590,408.372
20591,408.376
20592,408.427
20593,408.433
20594,408.437
20595,408.441
20596,408.493
20597,408.499
20598,408.503
20599,408.509
20600,408.562
20601,408.569
20602,408.574
20603,408.578
20604,408.623
20605,408.698
20606,408.703
20607,408.707
20608,408.713
20609,408.717
20610,408.755
20611,408.836
20612,408.911
20613,408.915
20614,408.920
20615,408.925
20616,408.994
20617,408.999
20618,409.004
20619,409.009
20620,409.078
20621,409.082
20622,409.087
20623,409.092
20624,409.162
20625,409.167
20626,409.171
20627,409.175
20628,409.230
20629,409.295
20630,409.301
20631,409.307
20632,409.312
20633,409.318
20634,409.323
20635,409.328
20636,409.334
20637,409.339
20638,409.345
20639,409.350
20640,409.355
20641,409.361
20642,409.367
20643,409.373
20644,409.379
20645,409.385
20646,409.390
20647,409.396
20648,409.402
20649,409.409
20650,409.439
20651,409.494
20652,409.554
20653,409.560
20654,409.564
20655,409.568
20656,409.622
20657,409.629
20658,409.633
20659,409.637
20660,409.693
20661,409.699
20662,409.704
20663,409.708
20664,409.763
20665,409.770
20666,409.774
20667,409.778
20668,409.832
20669,409.839
20670,409.843
20671,409.847
20672,409.900
20673,409.907
20674,409.911
20675,409.915
20676,409.968
20677,409.975
20678,409.979
20679,409.983
20680,410.037
20681,410.045
20682,410.049
20683,410.054
20684,410.111
20685,410.118
20686,410.122
20687,410.127
20688,410.180
20689,410.187
20690,410.191
20691,410.195
20692,410.247
20693,410.253
20694,410.258
20695,410.262
20696,410.317
20697,410.322
20698,410.327
20699,410.331
20700,410.398
20701,410.407
20702,410.411
20703,410.416
20704,410.484
20705,410.495
20706,410.502
20707,410.508
20708,410.573
20709,410.581
20710,410.586
20711,410.591
20712,410.659
20713,410.668
20714,410.673
20715,410.678
20716,410.747
20717,410.756
20718,410.761
20719,410.765
20720,410.840
20721,410.847
20722,410.851
20723,410.855
20724,410.908
20725,410.915
20726,410.919
20727,410.923
20728,410.977
20729,410.983
20730,410.987
20731,410.991
20732,411.044
20733,411.048
20734,411.052
20735,411.104
20736,411.108
20737,411.112
20738,411.166
20739,411.170
20740,411.174
20741,411.227
20742,411.232
20743,411.235
20744,411.288
20745,411.292
20746,411.296
20747,411.347
20748,411.351
20749,411.355
20750,411.406
20751,411.411
20752,411.414
20753,411.437
20754,411.491
20755,411.495
20756,411.499
20757,411.530
20758,411.570
20759,411.591
20760,411.616
20761,411.641
20762,411.674
20763,411.678
20764,411.720
20765,411.723
20766,411.748
20767,411.751
20768,412.125
20769,412.130
20770,412.511
20771,412.560
20772,412.565
20773,412.625
20774,412.630
20775,412.634
20776,412.674
20777,412.682
20778,412.686
20779,412.694
20780,412.702
20781,412.710
20782,412.718
20783,412.726
20784,412.730
20785,412.739
20786,412.743
20787,412.748
20788,412.752
20789,412.762
20790,412.765
20791,412.826
20792,412.830
20793,412.835
20794,412.884
20795,412.894
20796,412.897
20797,412.923
20798,412.978
20799,412.981
20800,412.985
20801,413.014
20802,413.064
20803,413.070
20804,413.103
20805,413.112
20806,413.115
20807,413.124
20808,413.127
20809,413.132
20810,413.135
20811,413.163
20812,413.173
20813,413.176
20814,413.210
20815,413.213
20816,413.218
20817,413.222
20818,413.252
20819,413.255
20820,413.260
20821,413.263
20822,413.268
20823,413.277
20824,413.280
20825,413.312
20826,413.315
20827,413.319
20828,413.324
20829,413.327
20830,413.354
20831,413.364
20832,413.367
20833,413.374
20834,413.382
20835,413.385
20836,413.417
20837,413.422
20838,413.426
20839,413.429
20840,413.432
20841,413.435
20842,413.438
20843,413.442
20844,413.447
20845,413.455
20846,413.458
20847,413.465
20848,413.474
20849,413.477
20850,413.492
20851,413.513
20852,413.521
20853,413.524
20854,413.530
20855,413.541
20856,413.549
20857,413.552
20858,413.566
20859,413.617
20860,413.620
20861,413.624
20862,413.660
20863,413.666
20864,413.672
20865,413.678
20866,413.683
20867,413.689
20868,413.695
20869,413.700
20870,413.706
20871,413.712
20872,413.718
20873,413.723
20874,413.728
20875,413.735
20876,413.741
20877,413.747
20878,413.753
20879,413.760
20880,413.767
20881,413.773
20882,413.779
20883,413.786
20884,413.793
20885,413.799
20886,413.806
20887,413.812
20888,413.819
20889,413.826
20890,413.833
20891,413.839
20892,413.846
20893,413.896
20894,413.902
20895,413.906
20896,413.942
20897,413.951
20898,413.954
20899,413.977
20900,413.991
20901,413.996
20902,414.039
20903,414.053
20904,414.057
20905,414.067
20906,414.080
20907,414.084
20908,414.136
20909,414.145
20910,414.149
20911,414.188
20912,414.192
20913,414.200
20914,414.203
20915,414.240
20916,414.249
20917,414.254
20918,414.259
20919,414.284
20920,414.295
20921,414.299
20922,414.322
20923,414.334
20924,414.337
20925,414.347
20926,414.358
20927,414.363
20928,414.372
20929,414.383
20930,414.387
20931,414.424
20932,414.435
20933,414.439
20934,414.475
20935,414.481
20936,414.486
20937,414.490
20938,414.510
20939,414.518
20940,414.524
20941,414.542
20942,414.551
20943,414.556
20944,414.587
20945,414.593
20946,414.598
20947,414.603
20948,414.617
20949,414.626
20950,414.631
20951,414.647
20952,414.656
20953,414.661
20954,414.669
20955,414.678
20956,414.683
20957,414.699
20958,414.707
20959,414.712
20960,414.721
20961,414.730
20962,414.735
20963,414.744
20964,414.753
20965,414.759
20966,414.791
20967,414.800
20968,414.806
20969,414.829
20970,414.838
20971,414.843
20972,414.878
20973,414.887
20974,414.892
20975,414.927
20976,414.936
20977,414.942
20978,414.971
20979,415.029
20980,415.035
20981,415.040
20982,415.067
20983,415.131
20984,415.137
20985,415.146
20986,415.155
20987,415.160
20988,415.186
20989,415.196
20990,415.202
20991,415.209
20992,415.216
20993,415.216
20994,415.250
20995,415.349
20996,415.353
20997,415.358
20998,415.363
20999,415.367
21000,415.405
21001,415.415
21002,415.422
21003,415.426
21004,415.467
21005,415.468
21006,415.468
21007,415.469
21008,415.517
21009,415.540
21010,415.548
21011,415.571
21012,415.616
21013,415.625
21014,415.677
21015,415.686
21016,415.691
21017,415.734
21018,415.739
21019,415.743
21020,415.809
21021,415.821
21022,415.827
21023,415.864
21024,415.869
21025,415.875
21026,415.941
21027,415.946
21028,415.954
21029,415.960
21030,415.966
21031,415.970
21032,416.013
21033,416.018
21034,416.022
21035,416.027
21036,416.031
21037,416.035
21038,416.044
21039,416.048
21040,416.052
21041,416.056
21042,416.065
21043,416.069
21044,416.110
21045,416.114
21046,416.118
21047,416.163
21048,416.166
21049,416.197
21050,416.201
21051,416.204
21052,416.231
21053,416.234
21054,416.238
21055,416.297
21056,416.301
21057,416.334
21058,416.357
21059,416.362
21060,416.365
21061,416.372
21062,416.376
21063,416.380
21064,416.384
21065,416.406
21066,416.447
21067,416.467
21068,416.471
21069,416.474
21070,416.478
21071,416.482
21072,416.485
21073,416.496
21074,416.517
21075,416.572
21076,416.577
21077,416.581
21078,416.586
21079,416.591
21080,416.641
21081,416.646
21082,416.650
21083,416.655
21084,416.659
21085,416.711
21086,416.716
21087,416.722
21088,416.726
21089,416.731
21090,416.781
21091,416.785
21092,416.790
21093,416.794
21094,416.798
21095,416.862
21096,416.863
21097,416.863
21098,416.866
21099,416.871
21100,416.924
21101,416.928
21102,416.932
21103,416.936
21104,416.968
21105,416.971
21106,416.975
21107,416.978
21108,416.981
21109,417.008
21110,417.030
21111,417.060
21112,417.063
21113,417.067
21114,417.101
21115,417.105
21116,417.109
21117,417.143
21118,417.165
21119,417.171
21120,417.177
21121,417.182
21122,417.188
21123,417.193
21124,417.199
21125,417.205
21126,417.210
21127,417.222
21128,417.243
21129,417.296
21130,417.300
21131,417.304
21132,417.309
21133,417.313
21134,417.361
21135,417.364
21136,417.368
21137,417.372
21138,417.376
21139,417.435
21140,417.441
21141,417.445
21142,417.450
21143,417.455
21144,417.522
21145,417.527
21146,417.532
21147,417.538
21148,417.543
21149,417.620
21150,417.624
21151,417.633
21152,417.639
21153,417.644
21154,417.715
21155,417.720
21156,417.730
21157,417.736
21158,417.741
21159,417.808
21160,417.813
21161,417.822
21162,417.827
21163,417.832
21164,417.897
21165,417.902
21166,417.909
21167,417.913
21168,417.918
21169,417.950
21170,417.970
21171,417.973
21172,417.983
21173,418.001
21174,418.054
21175,418.058
21176,418.062
21177,418.066
21178,418.070
21179,418.098
21180,418.117
21181,418.121
21182,418.131
21183,418.149
21184,418.198
21185,418.202
21186,418.206
21187,418.210
21188,418.214
21189,418.243
21190,418.261
21191,418.264
21192,418.274
21193,418.291
21194,418.342
21195,418.346
21196,418.350
21197,418.354
21198,418.358
21199,418.412
21200,418.469
21201,418.475
21202,418.481
21203,418.487
21204,418.493
21205,418.499
21206,418.506
21207,418.512
21208,418.519
21209,418.526
21210,418.532
21211,418.539
21212,418.546
21213,418.554
21214,418.628
21215,418.632
21216,418.636
21217,418.681
21218,418.685
21219,418.688
21220,418.692
21221,418.695
21222,418.737
21223,418.788
21224,418.834
21225,418.838
21226,418.843
21227,418.847
21228,418.913
21229,418.917
21230,418.993
21231,418.997
21232,419.003
21233,419.099
21234,419.104
21235,419.109
21236,419.167
21237,419.229
21238,419.234
21239,419.238
21240,419.242
21241,419.246
21242,419.250
21243,419.258
21244,419.293
21245,419.358
21246,419.447
21247,419.453
21248,419.457
21249,419.461
21250,419.541
21251,419.547
21252,419.552
21253,419.556
21254,419.632
21255,419.638
21256,419.643
21257,419.647
21258,419.716
21259,419.722
21260,419.726
21261,419.730
21262,419.810
21263,419.817
21264,419.824
21265,419.829
21266,419.905
21267,419.912
21268,419.916
21269,419.920
21270,419.964
21271,420.016
21272,420.020
21273,420.023
21274,420.026
21275,420.030
21276,420.057
21277,420.113
21278,420.197
21279,420.202
21280,420.207
21281,420.212
21282,420.293
21283,420.298
21284,420.303
21285,420.307
21286,420.385
21287,420.390
21288,420.394
21289,420.398
21290,420.475
21291,420.480
21292,420.485
21293,420.489
21294,420.541
21295,420.597
21296,420.602
21297,420.611
21298,420.621
21299,420.631
21300,420.639
21301,420.647
21302,420.654
21303,420.662
21304,420.670
21305,420.678
21306,420.687
21307,420.696
21308,420.707
21309,420.717
21310,420.725
21311,420.734
21312,420.742
21313,420.750
21314,420.757
21315,420.765
21316,420.802
21317,420.867
21318,420.970
21319,420.982
21320,420.988
21321,420.993
21322,421.067
21323,421.075
21324,421.079
21325,421.084
21326,421.166
21327,421.173
21328,421.180
21329,421.184
21330,421.260
21331,421.266
21332,421.271
21333,421.275
21334,421.344
21335,421.352
21336,421.357
21337,421.361
21338,421.444
21339,421.452
21340,421.458
21341,421.462
21342,421.543
21343,421.550
21344,421.556
21345,421.561
21346,421.645
21347,421.653
21348,421.661
21349,421.667
21350,421.750
21351,421.759
21352,421.764
21353,421.769
21354,421.852
21355,421.859
21356,421.864
21357,421.869
21358,421.957
21359,421.965
21360,421.975
21361,421.981
21362,422.076
21363,422.085
21364,422.093
21365,422.098
21366,422.189
21367,422.199
21368,422.206
21369,422.210
21370,422.303
21371,422.313
21372,422.318
21373,422.323
21374,422.435
21375,422.445
21376,422.450
21377,422.456
21378,422.559
21379,422.569
21380,422.574
21381,422.581
21382,422.684
21383,422.693
21384,422.698
21385,422.704
21386,422.803
21387,422.810
21388,422.818
21389,422.822
21390,422.872
21391,422.926
21392,422.931
21393,422.959
21394,423.016
21395,423.063
21396,423.070
21397,423.075
21398,423.079
21399,423.125
21400,423.180
21401,423.186
21402,423.192
21403,423.243
21404,423.250
21405,423.257
21406,423.260
21407,423.264
21408,423.313
21409,423.319
21410,423.325
21411,423.331
21412,423.337
21413,423.383
21414,423.389
21415,423.395
21416,423.401
21417,423.406
21418,423.453
21419,423.457
21420,423.463
21421,423.467
21422,423.521
21423,423.527
21424,423.534
21425,423.540
21426,423.546
21427,423.552
21428,423.610
21429,423.616
21430,423.623
21431,423.626
21432,423.631
21433,423.634
21434,423.684
21435,423.690
21436,423.696
21437,423.702
21438,423.730
21439,423.789
21440,423.795
21441,423.823
21442,423.876
21443,423.908
21444,423.913
21445,423.918
21446,423.971
21447,423.979
21448,423.988
21449,423.997
21450,424.005
21451,424.013
21452,424.078
21453,424.087
21454,424.095
21455,424.102
21456,424.109
21457,424.167
21458,424.237
21459,424.301
21460,424.311
21461,424.321
21462,424.331
21463,424.339
21464,424.345
21465,424.351
21466,424.408
21467,424.415
21468,424.422
21469,424.426
21470,424.430
21471,424.434
21472,424.438
21473,424.482
21474,424.488
21475,424.493
21476,424.498
21477,424.525
21478,424.579
21479,424.583
21480,424.587
21481,424.613
21482,424.668
21483,424.696
21484,424.751
21485,424.795
21486,424.799
21487,424.802
21488,424.806
21489,424.809
21490,424.853
21491,424.857
21492,424.860
21493,424.898
21494,424.948
21495,424.951
21496,424.977
21497,424.983
21498,424.986
21499,424.989
21500,424.992
21501,425.036
21502,425.042
21503,425.048
21504,425.051
21505,425.095
21506,425.101
21507,425.105
21508,425.108
21509,425.152
21510,425.155
21511,425.159
21512,425.162
21513,425.165
21514,425.169
21515,425.194
21516,425.249
21517,425.254
21518,425.298
21519,425.302
21520,425.305
21521,425.309
21522,425.356
21523,425.362
21524,425.365
21525,425.369
21526,425.373
21527,425.422
21528,425.428
21529,425.434
21530,425.437
21531,425.487
21532,425.492
21533,425.495
21534,425.498
21535,425.501
21536,425.562
21537,425.566
21538,425.570
21539,425.574
21540,425.579
21541,425.690
21542,425.695
21543,425.701
21544,425.797
21545,425.802
21546,425.807
21547,425.908
21548,425.913
21549,425.918
21550,426.017
21551,426.022
21552,426.027
21553,426.109
21554,426.114
21555,426.118
21556,426.196
21557,426.200
21558,426.205
21559,426.262
21560,426.324
21561,426.330
21562,426.336
21563,426.342
21564,426.347
21565,426.353
21566,426.359
21567,426.365
21568,426.372
21569,426.378
21570,426.385
21571,426.391
21572,426.398
21573,426.404
21574,426.479
21575,426.484
21576,426.487
21577,426.533
21578,426.537
21579,426.540
21580,426.544
21581,426.547
21582,426.594
21583,426.652
21584,426.702
21585,426.706
21586,426.713
21587,426.716
21588,426.773
21589,426.780
21590,426.785
21591,426.869
21592,426.873
21593,426.878
21594,426.963
21595,426.968
21596,426.973
21597,427.023
21598,427.081
21599,427.085
21600,427.091
21601,427.096
21602,427.102
21603,427.107
21604,427.113
21605,427.141
21606,427.200
21607,427.305
21608,427.314
21609,427.319
21610,427.324
21611,427.431
21612,427.440
21613,427.446
21614,427.451
21615,427.565
21616,427.575
21617,427.580
21618,427.586
21619,427.694
21620,427.702
21621,427.707
21622,427.712
21623,427.805
21624,427.812
21625,427.819
21626,427.824
21627,427.903
21628,427.909
21629,427.914
21630,427.918
21631,427.966
21632,428.021
21633,428.025
21634,428.029
21635,428.032
21636,428.036
21637,428.062
21638,428.117
21639,428.200
21640,428.207
21641,428.211
21642,428.216
21643,428.315
21644,428.321
21645,428.325
21646,428.330
21647,428.409
21648,428.413
21649,428.418
21650,428.422
21651,428.499
21652,428.505
21653,428.510
21654,428.514
21655,428.568
21656,428.627
21657,428.633
21658,428.638
21659,428.644
21660,428.649
21661,428.655
21662,428.661
21663,428.667
21664,428.674
21665,428.680
21666,428.686
21667,428.692
21668,428.698
21669,428.704
21670,428.711
21671,428.717
21672,428.723
21673,428.729
21674,428.736
21675,428.742
21676,428.749
21677,428.781
21678,428.834
21679,428.932
21680,428.942
21681,428.952
21682,428.957
21683,429.066
21684,429.076
21685,429.085
21686,429.090
21687,429.200
21688,429.210
21689,429.221
21690,429.227
21691,429.338
21692,429.353
21693,429.360
21694,429.368
21695,429.453
21696,429.463
21697,429.468
21698,429.472
21699,429.563
21700,429.571
21701,429.578
21702,429.584
21703,429.685
21704,429.692
21705,429.698
21706,429.702
21707,429.794
21708,429.802
21709,429.809
21710,429.814
21711,429.897
21712,429.904
21713,429.910
21714,429.914
21715,429.998
21716,430.005
21717,430.011
21718,430.015
21719,430.103
21720,430.111
21721,430.118
21722,430.123
21723,430.210
21724,430.218
21725,430.227
21726,430.233
21727,430.325
21728,430.333
21729,430.341
21730,430.346
21731,430.430
21732,430.438
21733,430.445
21734,430.449
21735,430.531
21736,430.538
21737,430.543
21738,430.548
21739,430.637
21740,430.644
21741,430.650
21742,430.655
21743,430.745
21744,430.754
21745,430.763
21746,430.769
21747,430.878
21748,430.887
21749,430.896
21750,430.901
21751,430.958
21752,431.026
21753,431.033
21754,431.070
21755,431.153
21756,431.203
21757,431.210
21758,431.215
21759,431.221
21760,431.269
21761,431.323
21762,431.329
21763,431.334
21764,431.383
21765,431.389
21766,431.396
21767,431.399
21768,431.403
21769,431.452
21770,431.458
21771,431.464
21772,431.470
21773,431.476
21774,431.521
21775,431.527
21776,431.533
21777,431.539
21778,431.544
21779,431.590
21780,431.596
21781,431.602
21782,431.607
21783,431.657
21784,431.662
21785,431.668
21786,431.674
21787,431.680
21788,431.686
21789,431.740
21790,431.746
21791,431.753
21792,431.757
21793,431.760
21794,431.764
21795,431.810
21796,431.816
21797,431.822
21798,431.827
21799,431.855
21800,431.910
21801,431.915
21802,431.939
21803,431.996
21804,432.023
21805,432.029
21806,432.035
21807,432.080
21808,432.086
21809,432.092
21810,432.099
21811,432.105
21812,432.110
21813,432.157
21814,432.163
21815,432.168
21816,432.174
21817,432.179
21818,432.221
21819,432.287
21820,432.356
21821,432.365
21822,432.374
21823,432.388
21824,432.397
21825,432.405
21826,432.413
21827,432.487
21828,432.495
21829,432.504
21830,432.509
21831,432.513
21832,432.518
21833,432.523
21834,432.584
21835,432.592
21836,432.601
21837,432.608
21838,432.645
21839,432.706
21840,432.710
21841,432.713
21842,432.738
21843,432.794
21844,432.820
21845,432.874
21846,432.920
21847,432.924
21848,432.927
21849,432.933
21850,432.936
21851,432.984
21852,432.989
21853,432.993
21854,433.035
21855,433.087
21856,433.091
21857,433.119
21858,433.125
21859,433.128
21860,433.131
21861,433.135
21862,433.180
21863,433.186
21864,433.192
21865,433.197
21866,433.244
21867,433.250
21868,433.254
21869,433.257
21870,433.303
21871,433.307
21872,433.311
21873,433.315
21874,433.319
21875,433.323
21876,433.351
21877,433.408
21878,433.415
21879,433.460
21880,433.464
21881,433.468
21882,433.472
21883,433.520
21884,433.526
21885,433.529
21886,433.533
21887,433.537
21888,433.584
21889,433.591
21890,433.596
21891,433.602
21892,433.651
21893,433.657
21894,433.662
21895,433.666
21896,433.669
21897,433.714
21898,433.718
21899,433.722
21900,433.725
21901,433.728
21902,433.807
21903,433.812
21904,433.817
21905,433.890
21906,433.895
21907,433.898
21908,433.991
21909,433.996
21910,434.001
21911,434.108
21912,434.113
21913,434.119
21914,434.219
21915,434.227
21916,434.232
21917,434.342
21918,434.347
21919,434.352
21920,434.398
21921,434.403
21922,434.455
21923,434.510
21924,434.549
21925,434.644
21926,434.654
21927,434.657
21928,434.664
21929,434.668
21930,434.687
21931,434.695
21932,434.720
21933,434.770
21934,434.775
21935,434.785
21936,434.789
21937,435.206
21938,435.211
21939,435.215
21940,435.617
21941,435.935
21942,435.940
21943,435.944
21944,435.948
21945,436.219
21946,436.699
21947,436.705
21948,436.710
21949,437.117
21950,437.154
21951,437.158
21952,437.210
21953,437.214
21954,437.218
21955,437.251
21956,437.257
21957,437.260
21958,437.264
21959,437.267
21960,437.270
21961,437.276
21962,437.279
21963,437.283
21964,437.288
21965,437.294
21966,437.299
21967,437.305
21968,437.308
21969,437.355
21970,437.358
21971,437.362
21972,437.381
21973,437.390
21974,437.393
21975,437.409
21976,437.432
21977,437.442
21978,437.445
21979,437.461
21980,437.483
21981,437.492
21982,437.496
21983,437.514
21984,437.522
21985,437.525
21986,437.532
21987,437.541
21988,437.544
21989,437.551
21990,437.559
21991,437.562
21992,437.589
21993,437.597
21994,437.600
21995,437.609
21996,437.618
21997,437.621
21998,437.630
21999,437.638
22000,437.641
22001,437.676
22002,437.684
22003,437.688
22004,437.695
22005,437.698
22006,437.702
22007,437.734
22008,437.824
22009,437.828
22010,437.833
22011,437.836
22012,437.871
22013,437.921
22014,437.929
22015,437.953
22016,437.963
22017,437.971
22018,437.974
22019,438.013
22020,438.020
22021,438.024
22022,438.045
22023,438.049
22024,438.052
22025,438.099
22026,438.103
22027,438.109
22028,438.113
22029,438.118
22030,438.122
22031,438.155
22032,438.159
22033,438.162
22034,438.165
22035,438.169
22036,438.173
22037,438.178
22038,438.182
22039,438.230
22040,438.278
22041,438.285
22042,438.290
22043,438.297
22044,438.303
22045,438.309
22046,438.315
22047,438.321
22048,438.327
22049,438.332
22050,438.339
22051,438.351
22052,438.365
22053,438.379
22054,438.461
22055,438.468
22056,438.475
22057,438.534
22058,438.538
22059,438.543
22060,438.605
22061,438.610
22062,438.615
22063,438.668
22064,438.673
22065,438.678
22066,438.732
22067,438.785
22068,438.789
22069,438.793
22070,438.802
22071,438.809
22072,438.817
22073,438.824
22074,438.856
22075,438.904
22076,438.957
22077,438.964
22078,438.970
22079,438.974
22080,439.014
22081,439.020
22082,439.024
22083,439.028
22084,439.069
22085,439.075
22086,439.079
22087,439.083
22088,439.124
22089,439.130
22090,439.136
22091,439.139
22092,439.181
22093,439.187
22094,439.194
22095,439.198
22096,439.242
22097,439.248
22098,439.252
22099,439.256
22100,439.295
22101,439.336
22102,439.340
22103,439.343
22104,439.347
22105,439.350
22106,439.372
22107,439.417
22108,439.463
22109,439.467
22110,439.471
22111,439.475
22112,439.517
22113,439.521
22114,439.525
22115,439.529
22116,439.571
22117,439.575
22118,439.579
22119,439.583
22120,439.627
22121,439.631
22122,439.635
22123,439.639
22124,439.685
22125,439.734
22126,439.741
22127,439.747
22128,439.753
22129,439.760
22130,439.766
22131,439.772
22132,439.778
22133,439.784
22134,439.790
22135,439.796
22136,439.802
22137,439.808
22138,439.815
22139,439.821
22140,439.828
22141,439.834
22142,439.840
22143,439.846
22144,439.852
22145,439.859
22146,439.882
22147,439.925
22148,439.975
22149,439.981
22150,439.987
22151,439.991
22152,440.034
22153,440.040
22154,440.045
22155,440.048
22156,440.114
22157,440.123
22158,440.131
22159,440.136
22160,440.191
22161,440.202
22162,440.209
22163,440.216
22164,440.271
22165,440.279
22166,440.283
22167,440.288
22168,440.344
22169,440.353
22170,440.362
22171,440.366
22172,440.422
22173,440.431
22174,440.440
22175,440.445
22176,440.504
22177,440.516
22178,440.524
22179,440.528
22180,440.573
22181,440.579
22182,440.586
22183,440.590
22184,440.636
22185,440.642
22186,440.648
22187,440.652
22188,440.699
22189,440.705
22190,440.712
22191,440.716
22192,440.763
22193,440.770
22194,440.777
22195,440.782
22196,440.828
22197,440.835
22198,440.841
22199,440.845
22200,440.891
22201,440.897
22202,440.904
22203,440.908
22204,440.951
22205,440.957
22206,440.963
22207,440.967
22208,441.009
22209,441.015
22210,441.021
22211,441.025
22212,441.065
22213,441.071
22214,441.078
22215,441.081
22216,441.125
22217,441.132
22218,441.138
22219,441.142
22220,441.185
22221,441.191
22222,441.198
22223,441.201
22224,441.244
22225,441.250
22226,441.256
22227,441.260
22228,441.304
22229,441.308
22230,441.312
22231,441.357
22232,441.364
22233,441.365
22234,441.409
22235,441.413
22236,441.417
22237,441.460
22238,441.464
22239,441.468
22240,441.510
22241,441.514
22242,441.519
22243,441.561
22244,441.565
22245,441.569
22246,441.611
22247,441.615
22248,441.619
22249,441.669
22250,441.672
22251,441.676
22252,441.679
22253,441.682
22254,441.685
22255,441.691
22256,441.694
22257,441.697
22258,441.701
22259,441.706
22260,441.709
22261,441.751
22262,441.755
22263,441.759
22264,441.762
22265,441.803
22266,441.813
22267,441.817
22268,441.844
22269,441.852
22270,441.855
22271,441.882
22272,441.948
22273,441.977
22274,442.033
22275,442.080
22276,442.085
22277,442.128
22278,442.132
22279,442.179
22280,442.183
22281,442.235
22282,442.239
22283,442.244
22284,442.288
22285,442.293
22286,442.298
22287,442.303
22288,442.306
22289,442.318
22290,442.321
22291,442.326
22292,442.330
22293,442.356
22294,442.399
22295,442.402
22296,442.427
22297,442.431
22298,442.434
22299,442.459
22300,442.463
22301,442.466
22302,442.494
22303,442.497
22304,442.500
22305,442.529
22306,442.532
22307,442.536
22308,442.539
22309,442.585
22310,442.589
22311,442.593
22312,442.596
22313,442.599
22314,442.603
22315,442.606
22316,442.610
22317,442.614
22318,442.617
22319,442.642
22320,442.712
22321,442.799
22322,442.803
22323,442.807
22324,442.849
22325,442.855
22326,442.858
22327,442.886
22328,442.892
22329,442.895
22330,442.942
22331,442.947
22332,442.950
22333,442.992
22334,442.996
22335,442.999
22336,443.025
22337,443.079
22338,443.085
22339,443.114
22340,443.118
22341,443.121
22342,443.146
22343,443.202
22344,443.213
22345,443.251
22346,443.255
22347,443.288
22348,443.312
22349,443.315
22350,443.318
22351,443.350
22352,443.784
22353,443.790
22354,443.795
22355,444.228
22356,444.938
22357,444.943
22358,444.948
22359,445.616
22360,446.054
22361,446.060
22362,446.064
22363,446.419
22364,447.146
22365,447.152
22366,447.157
22367,447.791
22368,447.839
22369,447.842
22370,447.846
22371,447.849
22372,447.852
22373,447.857
22374,447.860
22375,447.865
22376,447.868
22377,447.899
22378,447.980
22379,447.984
22380,447.989
22381,447.992
22382,448.032
22383,448.035
22384,448.038
22385,448.074
22386,448.081
22387,448.084
22388,448.100
22389,448.103
22390,448.106
22391,448.111
22392,448.119
22393,448.122
22394,448.129
22395,448.132
22396,448.135
22397,448.140
22398,448.142
22399,448.147
22400,448.156
22401,448.182
22402,448.190
22403,448.198
22404,448.201
22405,448.206
22406,448.209
22407,448.250
22408,448.254
22409,448.259
22410,448.262
22411,448.291
22412,448.300
22413,448.303
22414,448.311
22415,448.314
22416,448.318
22417,448.327
22418,448.330
22419,448.335
22420,448.337
22421,448.341
22422,448.344
22423,448.349
22424,448.352
22425,448.359
22426,448.367
22427,448.381
22428,448.389
22429,448.392
22430,448.400
22431,448.408
22432,448.411
22433,448.435
22434,448.443
22435,448.446
22436,448.494
22437,448.554
22438,448.560
22439,448.565
22440,448.571
22441,448.577
22442,448.583
22443,448.589
22444,448.595
22445,448.601
22446,448.607
22447,448.613
22448,448.619
22449,448.625
22450,448.631
22451,448.683
22452,448.686
22453,448.690
22454,448.736
22455,448.739
22456,448.742
22457,448.808
22458,448.813
22459,448.818
22460,448.881
22461,448.886
22462,448.891
22463,448.951
22464,449.030
22465,449.037
22466,449.044
22467,449.052
22468,449.060
22469,449.067
22470,449.075
22471,449.112
22472,449.184
22473,449.258
22474,449.265
22475,449.271
22476,449.277
22477,449.325
22478,449.332
22479,449.337
22480,449.341
22481,449.391
22482,449.397
22483,449.402
22484,449.442
22485,449.500
22486,449.506
22487,449.563
22488,449.569
22489,449.575
22490,449.581
22491,449.634
22492,449.640
22493,449.646
22494,449.688
22495,449.745
22496,449.751
22497,449.809
22498,449.816
22499,449.822
22500,449.826
22501,449.874
22502,449.930
22503,449.936
22504,449.942
22505,449.948
22506,449.954
22507,449.981
22508,450.037
22509,450.094
22510,450.101
22511,450.105
22512,450.109
22513,450.162
22514,450.169
22515,450.173
22516,450.177
22517,450.226
22518,450.234
22519,450.238
22520,450.242
22521,450.292
22522,450.298
22523,450.302
22524,450.305
22525,450.357
22526,450.415
22527,450.421
22528,450.426
22529,450.431
22530,450.436
22531,450.440
22532,450.448
22533,450.458
22534,450.468
22535,450.477
22536,450.486
22537,450.495
22538,450.503
22539,450.513
22540,450.521
22541,450.531
22542,450.540
22543,450.550
22544,450.563
22545,450.572
22546,450.581
22547,450.618
22548,450.691
22549,450.766
22550,450.776
22551,450.785
22552,450.794
22553,450.865
22554,450.873
22555,450.880
22556,450.886
22557,450.939
22558,450.946
22559,450.953
22560,450.957
22561,451.007
22562,451.014
22563,451.020
22564,451.024
22565,451.075
22566,451.082
22567,451.089
22568,451.093
22569,451.146
22570,451.153
22571,451.160
22572,451.166
22573,451.216
22574,451.223
22575,451.231
22576,451.237
22577,451.287
22578,451.295
22579,451.302
22580,451.308
22581,451.357
22582,451.363
22583,451.369
22584,451.375
22585,451.426
22586,451.432
22587,451.439
22588,451.445
22589,451.496
22590,451.503
22591,451.510
22592,451.517
22593,451.599
22594,451.599
22595,451.599
22596,451.599
22597,451.645
22598,451.651
22599,451.658
22600,451.664
22601,451.716
22602,451.723
22603,451.730
22604,451.736
22605,451.789
22606,451.796
22607,451.803
22608,451.811
22609,451.864
22610,451.870
22611,451.877
22612,451.883
22613,451.937
22614,451.944
22615,451.950
22616,451.956
22617,452.007
22618,452.014
22619,452.020
22620,452.025
22621,452.079
22622,452.091
22623,452.103
22624,452.114
22625,452.190
22626,452.199
22627,452.209
22628,452.219
22629,452.290
22630,452.296
22631,452.301
22632,452.365
22633,452.370
22634,452.375
22635,452.438
22636,452.443
22637,452.447
22638,452.512
22639,452.519
22640,452.526
22641,452.589
22642,452.593
22643,452.597
22644,452.647
22645,452.652
22646,452.656
22647,452.705
22648,452.709
22649,452.713
22650,452.772
22651,452.833
22652,452.838
22653,452.844
22654,452.850
22655,452.856
22656,452.862
22657,452.868
22658,452.874
22659,452.880
22660,452.886
22661,452.894
22662,452.900
22663,452.906
22664,452.913
22665,452.968
22666,452.972
22667,452.975
22668,453.023
22669,453.027
22670,453.031
22671,453.078
22672,453.082
22673,453.086
22674,453.135
22675,453.140
22676,453.145
22677,453.189
22678,453.243
22679,453.248
22680,453.254
22681,453.259
22682,453.265
22683,453.270
22684,453.276
22685,453.306
22686,453.362
22687,453.417
22688,453.423
22689,453.429
22690,453.435
22691,453.481
22692,453.487
22693,453.492
22694,453.496
22695,453.547
22696,453.553
22697,453.558
22698,453.598
22699,453.653
22700,453.659
22701,453.708
22702,453.713
22703,453.718
22704,453.726
22705,453.789
22706,453.798
22707,453.806
22708,453.815
22709,453.880
22710,453.888
22711,453.896
22712,453.900
22713,453.956
22714,454.028
22715,454.036
22716,454.043
22717,454.051
22718,454.059
22719,454.095
22720,454.165
22721,454.227
22722,454.234
22723,454.238
22724,454.242
22725,454.291
22726,454.298
22727,454.301
22728,454.305
22729,454.354
22730,454.360
22731,454.364
22732,454.368
22733,454.416
22734,454.423
22735,454.427
22736,454.431
22737,454.483
22738,454.544
22739,454.550
22740,454.556
22741,454.562
22742,454.567
22743,454.573
22744,454.579
22745,454.585
22746,454.591
22747,454.597
22748,454.603
22749,454.609
22750,454.615
22751,454.622
22752,454.628
22753,454.635
22754,454.642
22755,454.648
22756,454.655
22757,454.662
22758,454.669
22759,454.698
22760,454.756
22761,454.813
22762,454.821
22763,454.828
22764,454.834
22765,454.885
22766,454.892
22767,454.898
22768,454.904
22769,454.957
22770,454.965
22771,454.971
22772,454.975
22773,455.026
22774,455.033
22775,455.039
22776,455.042
22777,455.096
22778,455.103
22779,455.109
22780,455.113
22781,455.163
22782,455.169
22783,455.175
22784,455.180
22785,455.230
22786,455.235
22787,455.239
22788,455.244
22789,455.305
22790,455.314
22791,455.322
22792,455.330
22793,455.394
22794,455.407
22795,455.416
22796,455.423
22797,455.485
22798,455.494
22799,455.503
22800,455.511
22801,455.571
22802,455.580
22803,455.589
22804,455.597
22805,455.661
22806,455.673
22807,455.684
22808,455.693
22809,455.744
22810,455.752
22811,455.759
22812,455.766
22813,455.817
22814,455.823
22815,455.830
22816,455.836
22817,455.886
22818,455.893
22819,455.899
22820,455.905
22821,455.958
22822,455.964
22823,455.971
22824,455.977
22825,456.026
22826,456.033
22827,456.039
22828,456.045
22829,456.095
22830,456.101
22831,456.108
22832,456.114
22833,456.164
22834,456.170
22835,456.177
22836,456.183
22837,456.232
22838,456.239
22839,456.246
22840,456.252
22841,456.302
22842,456.306
22843,456.310
22844,456.360
22845,456.365
22846,456.369
22847,456.420
22848,456.425
22849,456.429
22850,456.479
22851,456.483
22852,456.487
22853,456.542
22854,456.547
22855,456.551
22856,456.601
22857,456.605
22858,456.610
22859,456.657
22860,456.661
22861,456.665
22862,456.692
22863,456.695
22864,456.715
22865,456.718
22866,456.739
22867,456.742
22868,456.764
22869,456.768
22870,456.789
22871,456.792
22872,456.812
22873,456.815
22874,456.835
22875,456.838
22876,456.855
22877,456.858
22878,456.876
22879,456.880
22880,456.918
22881,456.921
22882,456.943
22883,456.947
22884,456.982
22885,456.986
22886,457.012
22887,457.020
22888,457.051
22889,457.059
22890,457.086
22891,457.089
22892,457.114
22893,457.118
22894,457.144
22895,457.148
22896,457.174
22897,457.178
22898,457.204
22899,457.208
22900,457.234
22901,457.238
22902,457.264
22903,457.269
22904,457.296
22905,457.301
22906,457.332
22907,457.336
22908,457.394
22909,457.394
22910,457.394
22911,457.394
22912,457.417
22913,457.427
22914,457.447
22915,457.451
22916,457.472
22917,457.477
22918,457.497
22919,457.502
22920,457.522
22921,457.527
22922,457.556
22923,457.559
22924,457.591
22925,457.595
22926,457.625
22927,457.629
22928,457.658
22929,457.661
22930,457.698
22931,457.704
22932,457.710
22933,457.716
22934,457.722
22935,457.728
22936,457.734
22937,457.740
22938,457.746
22939,457.753
22940,457.759
22941,457.766
22942,457.772
22943,457.779
22944,457.785
22945,457.792
22946,457.799
22947,457.805
22948,457.813
22949,457.820
22950,457.847
22951,457.853
22952,457.858
22953,457.885
22954,457.891
22955,457.898
22956,457.925
22957,457.930
22958,457.937
22959,457.943
22960,457.949
22961,457.993
22962,458.000
22963,458.005
22964,458.053
22965,458.060
22966,458.067
22967,458.110
22968,458.118
22969,458.125
22970,458.162
22971,458.168
22972,458.174
22973,458.179
22974,458.185
22975,458.227
22976,458.234
22977,458.241
22978,458.288
22979,458.295
22980,458.302
22981,458.362
22982,458.363
22983,458.363
22984,458.391
22985,458.397
22986,458.403
22987,458.413
22988,458.413
22989,458.461
22990,458.471
22991,458.481
22992,458.538
22993,458.548
22994,458.558
22995,458.617
22996,458.627
22997,458.636
22998,458.682
22999,458.691
23000,458.699
23001,458.707
23002,458.715
23003,458.770
23004,458.781
23005,458.792
23006,458.856
23007,458.871
23008,458.886
23009,458.933
23010,458.940
23011,458.947
23012,458.982
23013,458.989
23014,458.996
23015,459.002
23016,459.008
23017,459.050
23018,459.057
23019,459.064
23020,459.105
23021,459.111
23022,459.118
23023,459.156
23024,459.162
23025,459.169
23026,459.201
23027,459.207
23028,459.213
23029,459.219
23030,459.224
23031,459.264
23032,459.271
23033,459.276
23034,459.318
23035,459.325
23036,459.331
23037,459.367
23038,459.374
23039,459.380
23040,459.412
23041,459.418
23042,459.424
23043,459.430
23044,459.436
23045,459.481
23046,459.489
23047,459.495
23048,459.541
23049,459.549
23050,459.556
23051,459.597
23052,459.605
23053,459.612
23054,459.645
23055,459.652
23056,459.657
23057,459.663
23058,459.669
23059,459.710
23060,459.717
23061,459.723
23062,459.766
23063,459.773
23064,459.779
23065,459.822
23066,459.829
23067,459.835
23068,459.867
23069,459.872
23070,459.878
23071,459.883
23072,459.888
23073,459.926
23074,459.932
23075,459.937
23076,459.994
23077,460.003
23078,460.012
23079,460.064
23080,460.077
23081,460.087
23082,460.130
23083,460.138
23084,460.145
23085,460.153
23086,460.160
23087,460.212
23088,460.221
23089,460.230
23090,460.286
23091,460.295
23092,460.305
23093,460.360
23094,460.372
23095,460.379
23096,460.413
23097,460.420
23098,460.426
23099,460.431
23100,460.438
23101,460.488
23102,460.496
23103,460.505
23104,460.562
23105,460.572
23106,460.580
23107,460.631
23108,460.640
23109,460.649
23110,460.685
23111,460.691
23112,460.696
23113,460.702
23114,460.745
23115,460.752
23116,460.759
23117,460.767
23118,460.813
23119,460.820
23120,460.827
23121,460.868
23122,460.875
23123,460.882
23124,460.914
23125,460.920
23126,460.926
23127,460.931
23128,460.937
23129,460.982
23130,460.989
23131,460.995
23132,461.039
23133,461.048
23134,461.054
23135,461.094
23136,461.101
23137,461.107
23138,461.138
23139,461.144
23140,461.149
23141,461.154
23142,461.159
23143,461.204
23144,461.210
23145,461.216
23146,461.261
23147,461.268
23148,461.275
23149,461.323
23150,461.330
23151,461.337
23152,461.372
23153,461.378
23154,461.384
23155,461.390
23156,461.395
23157,461.438
23158,461.444
23159,461.450
23160,461.489
23161,461.498
23162,461.509
23163,461.562
23164,461.572
23165,461.581
23166,461.625
23167,461.635
23168,461.646
23169,461.654
23170,461.661
23171,461.712
23172,461.722
23173,461.731
23174,461.783
23175,461.792
23176,461.802
23177,461.851
23178,461.860
23179,461.869
23180,461.914
23181,461.920
23182,461.926
23183,461.932
23184,461.937
23185,461.975
23186,461.982
23187,461.988
23188,462.028
23189,462.034
23190,462.040
23191,462.077
23192,462.083
23193,462.089
23194,462.146
23195,462.195
23196,462.202
23197,462.208
23198,462.214
23199,462.220
23200,462.226
23201,462.233
23202,462.240
23203,462.246
23204,462.253
23205,462.260
23206,462.266
23207,462.274
23208,462.280
23209,462.345
23210,462.350
23211,462.355
23212,462.405
23213,462.410
23214,462.417
23215,462.421
23216,462.472
23217,462.477
23218,462.483
23219,462.489
23220,462.538
23221,462.538
23222,462.571
23223,462.578
23224,462.583
23225,462.635
23226,462.682
23227,462.688
23228,462.694
23229,462.700
23230,462.706
23231,462.712
23232,462.718
23233,462.740
23234,462.784
23235,462.839
23236,462.846
23237,462.852
23238,462.859
23239,462.865
23240,462.872
23241,462.878
23242,462.959
23243,462.967
23244,462.973
23245,462.980
23246,462.985
23247,463.049
23248,463.060
23249,463.066
23250,463.075
23251,463.084
23252,463.103
23253,463.103
23254,463.159
23255,463.170
23256,463.182
23257,463.190
23258,463.199
23259,463.207
23260,463.216
23261,463.309
23262,463.319
23263,463.330
23264,463.340
23265,463.347
23266,463.418
23267,463.428
23268,463.434
23269,463.443
23270,463.453
23271,463.459
23272,463.464
23273,463.511
23274,463.555
23275,463.559
23276,463.565
23277,463.571
23278,463.577
23279,463.598
23280,463.641
23281,463.717
23282,463.724
23283,463.732
23284,463.738
23285,463.745
23286,463.813
23287,463.821
23288,463.828
23289,463.834
23290,463.839
23291,463.904
23292,463.911
23293,463.916
23294,463.922
23295,463.928
23296,463.992
23297,463.999
23298,464.004
23299,464.010
23300,464.015
23301,464.067
23302,464.114
23303,464.121
23304,464.127
23305,464.134
23306,464.140
23307,464.146
23308,464.152
23309,464.158
23310,464.164
23311,464.170
23312,464.177
23313,464.184
23314,464.190
23315,464.196
23316,464.203
23317,464.209
23318,464.215
23319,464.221
23320,464.228
23321,464.234
23322,464.241
23323,464.262
23324,464.309
23325,464.360
23326,464.367
23327,464.372
23328,464.378
23329,464.385
23330,464.391
23331,464.396
23332,464.442
23333,464.449
23334,464.453
23335,464.459
23336,464.466
23337,464.471
23338,464.475
23339,464.573
23340,464.583
23341,464.594
23342,464.603
23343,464.611
23344,464.689
23345,464.699
23346,464.707
23347,464.715
23348,464.724
23349,464.732
23350,464.738
23351,464.799
23352,464.809
23353,464.818
23354,464.827
23355,464.837
23356,464.847
23357,464.852
23358,464.951
23359,464.959
23360,464.967
23361,464.974
23362,464.980
23363,465.048
23364,465.055
23365,465.062
23366,465.069
23367,465.074
23368,465.145
23369,465.153
23370,465.160
23371,465.167
23372,465.173
23373,465.229
23374,465.236
23375,465.243
23376,465.249
23377,465.256
23378,465.263
23379,465.268
23380,465.339
23381,465.346
23382,465.353
23383,465.359
23384,465.365
23385,465.445
23386,465.454
23387,465.464
23388,465.474
23389,465.480
23390,465.565
23391,465.575
23392,465.585
23393,465.591
23394,465.670
23395,465.678
23396,465.686
23397,465.693
23398,465.699
23399,465.758
23400,465.765
23401,465.772
23402,465.778
23403,465.786
23404,465.793
23405,465.798
23406,465.870
23407,465.878
23408,465.886
23409,465.893
23410,465.900
23411,465.959
23412,465.966
23413,465.973
23414,465.980
23415,465.986
23416,465.993
23417,466.000
23418,466.077
23419,466.084
23420,466.091
23421,466.097
23422,466.102
23423,466.196
23424,466.207
23425,466.216
23426,466.223
23427,466.230
23428,466.333
23429,466.344
23430,466.354
23431,466.363
23432,466.369
23433,466.462
23434,466.472
23435,466.483
23436,466.492
23437,466.499
23438,466.593
23439,466.600
23440,466.608
23441,466.689
23442,466.695
23443,466.700
23444,466.774
23445,466.780
23446,466.785
23447,466.858
23448,466.864
23449,466.869
23450,466.943
23451,466.949
23452,466.954
23453,467.037
23454,467.044
23455,467.049
23456,467.127
23457,467.133
23458,467.138
23459,467.209
23460,467.264
23461,467.271
23462,467.278
23463,467.285
23464,467.292
23465,467.299
23466,467.307
23467,467.314
23468,467.322
23469,467.329
23470,467.337
23471,467.345
23472,467.352
23473,467.360
23474,467.435
23475,467.440
23476,467.445
23477,467.502
23478,467.507
23479,467.515
23480,467.520
23481,467.574
23482,467.578
23483,467.585
23484,467.591
23485,467.597
23486,467.602
23487,467.670
23488,467.677
23489,467.682
23490,467.731
23491,467.777
23492,467.783
23493,467.789
23494,467.795
23495,467.801
23496,467.807
23497,467.812
23498,467.835
23499,467.873
23500,467.939
23501,467.950
23502,467.960
23503,467.968
23504,467.977
23505,467.987
23506,467.997
23507,468.101
23508,468.111
23509,468.118
23510,468.126
23511,468.132
23512,468.210
23513,468.219
23514,468.225
23515,468.233
23516,468.243
23517,468.253
23518,468.259
23519,468.320
23520,468.331
23521,468.342
23522,468.351
23523,468.358
23524,468.365
23525,468.372
23526,468.458
23527,468.466
23528,468.474
23529,468.483
23530,468.489
23531,468.550
23532,468.557
23533,468.563
23534,468.569
23535,468.576
23536,468.583
23537,468.589
23538,468.641
23539,468.690
23540,468.694
23541,468.699
23542,468.706
23543,468.713
23544,468.737
23545,468.783
23546,468.869
23547,468.878
23548,468.887
23549,468.894
23550,468.902
23551,468.997
23552,468.997
23553,469.004
23554,469.011
23555,469.017
23556,469.081
23557,469.089
23558,469.094
23559,469.099
23560,469.182
23561,469.190
23562,469.195
23563,469.203
23564,469.209
23565,469.272
23566,469.326
23567,469.334
23568,469.341
23569,469.348
23570,469.355
23571,469.362
23572,469.368
23573,469.375
23574,469.382
23575,469.389
23576,469.396
23577,469.402
23578,469.409
23579,469.416
23580,469.424
23581,469.431
23582,469.439
23583,469.447
23584,469.454
23585,469.461
23586,469.468
23587,469.493
23588,469.539
23589,469.591
23590,469.603
23591,469.611
23592,469.621
23593,469.632
23594,469.642
23595,469.648
23596,469.715
23597,469.726
23598,469.732
23599,469.743
23600,469.757
23601,469.767
23602,469.773
23603,469.889
23604,469.900
23605,469.912
23606,469.922
23607,469.930
23608,470.011
23609,470.021
23610,470.031
23611,470.042
23612,470.054
23613,470.066
23614,470.074
23615,470.131
23616,470.138
23617,470.144
23618,470.152
23619,470.160
23620,470.168
23621,470.174
23622,470.262
23623,470.270
23624,470.279
23625,470.287
23626,470.293
23627,470.369
23628,470.378
23629,470.387
23630,470.394
23631,470.401
23632,470.486
23633,470.494
23634,470.503
23635,470.511
23636,470.517
23637,470.585
23638,470.593
23639,470.600
23640,470.607
23641,470.614
23642,470.621
23643,470.626
23644,470.700
23645,470.708
23646,470.716
23647,470.723
23648,470.728
23649,470.804
23650,470.813
23651,470.821
23652,470.831
23653,470.837
23654,470.911
23655,470.920
23656,470.929
23657,470.934
23658,471.009
23659,471.017
23660,471.025
23661,471.032
23662,471.038
23663,471.098
23664,471.104
23665,471.111
23666,471.118
23667,471.125
23668,471.131
23669,471.136
23670,471.214
23671,471.221
23672,471.229
23673,471.236
23674,471.244
23675,471.301
23676,471.307
23677,471.313
23678,471.319
23679,471.324
23680,471.332
23681,471.339
23682,471.440
23683,471.451
23684,471.461
23685,471.470
23686,471.477
23687,471.579
23688,471.589
23689,471.599
23690,471.606
23691,471.612
23692,471.709
23693,471.718
23694,471.728
23695,471.736
23696,471.742
23697,471.827
23698,471.834
23699,471.842
23700,471.849
23701,471.854
23702,471.928
23703,471.934
23704,471.938
23705,472.013
23706,472.019
23707,472.024
23708,472.095
23709,472.101
23710,472.106
23711,472.171
23712,472.177
23713,472.182
23714,472.254
23715,472.261
23716,472.266
23717,472.343
23718,472.348
23719,472.354
23720,472.432
23721,472.439
23722,472.444
23723,472.510
23724,472.565
23725,472.572
23726,472.579
23727,472.586
23728,472.593
23729,472.600
23730,472.607
23731,472.614
23732,472.621
23733,472.628
23734,472.635
23735,472.642
23736,472.649
23737,472.656
23738,472.727
23739,472.732
23740,472.737
23741,472.791
23742,472.795
23743,472.802
23744,472.811
23745,472.864
23746,472.869
23747,472.875
23748,472.883
23749,472.890
23750,472.895
23751,472.973
23752,472.981
23753,472.986
23754,473.040
23755,473.086
23756,473.096
23757,473.107
23758,473.118
23759,473.127
23760,473.135
23761,473.144
23762,473.175
23763,473.240
23764,473.306
23765,473.316
23766,473.325
23767,473.334
23768,473.342
23769,473.352
23770,473.361
23771,473.464
23772,473.474
23773,473.480
23774,473.488
23775,473.495
23776,473.573
23777,473.581
23778,473.586
23779,473.593
23780,473.601
23781,473.608
23782,473.614
23783,473.671
23784,473.678
23785,473.685
23786,473.691
23787,473.698
23788,473.704
23789,473.711
23790,473.792
23791,473.800
23792,473.810
23793,473.820
23794,473.827
23795,473.893
23796,473.901
23797,473.906
23798,473.912
23799,473.920
23800,473.927
23801,473.932
23802,473.983
23803,474.029
23804,474.035
23805,474.042
23806,474.048
23807,474.055
23808,474.078
23809,474.124
23810,474.204
23811,474.213
23812,474.221
23813,474.228
23814,474.237
23815,474.317
23816,474.326
23817,474.333
23818,474.340
23819,474.345
23820,474.417
23821,474.425
23822,474.430
23823,474.438
23824,474.444
23825,474.503
23826,474.511
23827,474.515
23828,474.520
23829,474.578
23830,474.632
23831,474.639
23832,474.646
23833,474.653
23834,474.659
23835,474.666
23836,474.672
23837,474.679
23838,474.685
23839,474.692
23840,474.699
23841,474.706
23842,474.712
23843,474.718
23844,474.723
23845,474.729
23846,474.735
23847,474.746
23848,474.757
23849,474.769
23850,474.780
23851,474.811
23852,474.872
23853,474.948
23854,474.958
23855,474.967
23856,474.975
23857,474.984
23858,474.994
23859,475.000
23860,475.063
23861,475.073
23862,475.083
23863,475.092
23864,475.101
23865,475.111
23866,475.117
23867,475.219
23868,475.228
23869,475.238
23870,475.245
23871,475.250
23872,475.310
23873,475.318
23874,475.325
23875,475.332
23876,475.339
23877,475.346
23878,475.351
23879,475.401
23880,475.408
23881,475.415
23882,475.423
23883,475.431
23884,475.439
23885,475.443
23886,475.521
23887,475.529
23888,475.537
23889,475.544
23890,475.550
23891,475.619
23892,475.627
23893,475.635
23894,475.644
23895,475.650
23896,475.730
23897,475.739
23898,475.748
23899,475.756
23900,475.762
23901,475.825
23902,475.832
23903,475.840
23904,475.847
23905,475.854
23906,475.862
23907,475.867
23908,475.949
23909,475.958
23910,475.966
23911,475.974
23912,475.980
23913,476.061
23914,476.069
23915,476.078
23916,476.087
23917,476.093
23918,476.171
23919,476.181
23920,476.191
23921,476.197
23922,476.274
23923,476.282
23924,476.290
23925,476.297
23926,476.303
23927,476.368
23928,476.377
23929,476.385
23930,476.393
23931,476.400
23932,476.408
23933,476.416
23934,476.500
23935,476.512
23936,476.524
23937,476.535
23938,476.545
23939,476.630
23940,476.641
23941,476.655
23942,476.664
23943,476.674
23944,476.683
23945,476.693
23946,476.801
23947,476.812
23948,476.823
23949,476.832
23950,476.839
23951,476.945
23952,476.957
23953,476.970
23954,476.977
23955,476.982
23956,477.070
23957,477.079
23958,477.087
23959,477.095
23960,477.100
23961,477.177
23962,477.186
23963,477.193
23964,477.201
23965,477.208
23966,477.287
23967,477.293
23968,477.298
23969,477.377
23970,477.383
23971,477.389
23972,477.464
23973,477.470
23974,477.475
23975,477.551
23976,477.557
23977,477.563
23978,477.640
23979,477.648
23980,477.654
23981,477.734
23982,477.741
23983,477.746
23984,477.829
23985,477.836
23986,477.841
23987,477.910
23988,477.964
23989,477.971
23990,477.977
23991,477.984
23992,477.991
23993,477.998
23994,478.005
23995,478.012
23996,478.018
23997,478.025
23998,478.032
23999,478.039
24000,478.047
24001,478.054
24002,478.122
24003,478.127
24004,478.132
24005,478.188
24006,478.192
24007,478.199
24008,478.206
24009,478.262
24010,478.267
24011,478.274
24012,478.282
24013,478.289
24014,478.294
24015,478.382
24016,478.394
24017,478.400
24018,478.470
24019,478.540
24020,478.550
24021,478.559
24022,478.568
24023,478.576
24024,478.587
24025,478.594
24026,478.626
24027,478.687
24028,478.764
24029,478.778
24030,478.791
24031,478.801
24032,478.809
24033,478.817
24034,478.825
24035,478.913
24036,478.921
24037,478.928
24038,478.935
24039,478.940
24040,479.001
24041,479.009
24042,479.014
24043,479.021
24044,479.029
24045,479.037
24046,479.042
24047,479.100
24048,479.108
24049,479.115
24050,479.122
24051,479.130
24052,479.138
24053,479.145
24054,479.234
24055,479.244
24056,479.253
24057,479.263
24058,479.269
24059,479.329
24060,479.337
24061,479.343
24062,479.350
24063,479.357
24064,479.364
24065,479.369
24066,479.424
24067,479.472
24068,479.480
24069,479.487
24070,479.494
24071,479.500
24072,479.525
24073,479.574
24074,479.665
24075,479.674
24076,479.684
24077,479.693
24078,479.702
24079,479.795
24080,479.805
24081,479.815
24082,479.823
24083,479.829
24084,479.911
24085,479.920
24086,479.926
24087,479.934
24088,479.940
24089,480.013
24090,480.021
24091,480.026
24092,480.033
24093,480.039
24094,480.096
24095,480.140
24096,480.148
24097,480.159
24098,480.170
24099,480.181
24100,480.190
24101,480.199
24102,480.208
24103,480.218
24104,480.227
24105,480.236
24106,480.246
24107,480.257
24108,480.273
24109,480.282
24110,480.292
24111,480.303
24112,480.313
24113,480.322
24114,480.331
24115,480.341
24116,480.371
24117,480.431
24118,480.510
24119,480.520
24120,480.531
24121,480.543
24122,480.553
24123,480.562
24124,480.568
24125,480.624
24126,480.632
24127,480.639
24128,480.647
24129,480.654
24130,480.663
24131,480.669
24132,480.738
24133,480.746
24134,480.755
24135,480.762
24136,480.823
24137,480.831
24138,480.838
24139,480.845
24140,480.853
24141,480.861
24142,480.867
24143,480.923
24144,480.931
24145,480.938
24146,480.946
24147,480.953
24148,480.961
24149,480.966
24150,481.045
24151,481.053
24152,481.061
24153,481.068
24154,481.074
24155,481.143
24156,481.152
24157,481.160
24158,481.167
24159,481.173
24160,481.246
24161,481.254
24162,481.264
24163,481.271
24164,481.334
24165,481.342
24166,481.350
24167,481.358
24168,481.365
24169,481.373
24170,481.379
24171,481.449
24172,481.457
24173,481.466
24174,481.473
24175,481.563
24176,481.572
24177,481.581
24178,481.590
24179,481.596
24180,481.674
24181,481.683
24182,481.692
24183,481.698
24184,481.765
24185,481.772
24186,481.780
24187,481.787
24188,481.844
24189,481.855
24190,481.868
24191,481.878
24192,481.887
24193,481.899
24194,481.909
24195,482.018
24196,482.030
24197,482.042
24198,482.051
24199,482.062
24200,482.143
24201,482.153
24202,482.163
24203,482.171
24204,482.179
24205,482.189
24206,482.199
24207,482.302
24208,482.314
24209,482.327
24210,482.335
24211,482.340
24212,482.423
24213,482.431
24214,482.438
24215,482.444
24216,482.451
24217,482.532
24218,482.540
24219,482.547
24220,482.555
24221,482.560
24222,482.630
24223,482.638
24224,482.645
24225,482.652
24226,482.660
24227,482.735
24228,482.741
24229,482.746
24230,482.824
24231,482.830
24232,482.835
24233,482.906
24234,482.911
24235,482.917
24236,482.988
24237,482.994
24238,482.999
24239,483.072
24240,483.079
24241,483.085
24242,483.160
24243,483.168
24244,483.173
24245,483.235
24246,483.242
24247,483.247
24248,483.312
24249,483.364
24250,483.371
24251,483.378
24252,483.385
24253,483.392
24254,483.399
24255,483.406
24256,483.413
24257,483.421
24258,483.428
24259,483.435
24260,483.443
24261,483.450
24262,483.457
24263,483.527
24264,483.531
24265,483.536
24266,483.585
24267,483.590
24268,483.602
24269,483.613
24270,483.685
24271,483.692
24272,483.701
24273,483.710
24274,483.721
24275,483.727
24276,483.826
24277,483.836
24278,483.842
24279,483.909
24280,483.972
24281,483.981
24282,483.990
24283,483.999
24284,484.008
24285,484.018
24286,484.029
24287,484.060
24288,484.108
24289,484.170
24290,484.177
24291,484.184
24292,484.190
24293,484.197
24294,484.205
24295,484.212
24296,484.294
24297,484.301
24298,484.309
24299,484.316
24300,484.321
24301,484.384
24302,484.391
24303,484.398
24304,484.405
24305,484.412
24306,484.420
24307,484.425
24308,484.478
24309,484.486
24310,484.493
24311,484.500
24312,484.507
24313,484.514
24314,484.521
24315,484.604
24316,484.612
24317,484.620
24318,484.630
24319,484.636
24320,484.695
24321,484.704
24322,484.711
24323,484.718
24324,484.725
24325,484.733
24326,484.738
24327,484.788
24328,484.832
24329,484.838
24330,484.845
24331,484.852
24332,484.858
24333,484.881
24334,484.928
24335,485.005
24336,485.013
24337,485.021
24338,485.028
24339,485.035
24340,485.109
24341,485.117
24342,485.125
24343,485.131
24344,485.137
24345,485.205
24346,485.212
24347,485.216
24348,485.223
24349,485.228
24350,485.293
24351,485.305
24352,485.313
24353,485.323
24354,485.333
24355,485.417
24356,485.487
24357,485.497
24358,485.506
24359,485.515
24360,485.524
24361,485.533
24362,485.542
24363,485.551
24364,485.560
24365,485.569
24366,485.579
24367,485.589
24368,485.599
24369,485.608
24370,485.618
24371,485.628
24372,485.638
24373,485.649
24374,485.658
24375,485.668
24376,485.679
24377,485.713
24378,485.760
24379,485.820
24380,485.828
24381,485.835
24382,485.842
24383,485.849
24384,485.857
24385,485.862
24386,485.915
24387,485.922
24388,485.929
24389,485.936
24390,485.943
24391,485.951
24392,485.957
24393,486.041
24394,486.049
24395,486.058
24396,486.066
24397,486.072
24398,486.130
24399,486.139
24400,486.146
24401,486.153
24402,486.160
24403,486.168
24404,486.173
24405,486.226
24406,486.234
24407,486.241
24408,486.249
24409,486.256
24410,486.263
24411,486.269
24412,486.350
24413,486.368
24414,486.369
24415,486.375
24416,486.381
24417,486.452
24418,486.460
24419,486.468
24420,486.475
24421,486.481
24422,486.557
24423,486.566
24424,486.574
24425,486.582
24426,486.587
24427,486.651
24428,486.658
24429,486.665
24430,486.673
24431,486.680
24432,486.687
24433,486.692
24434,486.769
24435,486.776
24436,486.783
24437,486.790
24438,486.795
24439,486.874
24440,486.882
24441,486.891
24442,486.900
24443,486.906
24444,486.990
24445,487.002
24446,487.017
24447,487.027
24448,487.129
24449,487.142
24450,487.157
24451,487.165
24452,487.172
24453,487.247
24454,487.257
24455,487.267
24456,487.277
24457,487.285
24458,487.295
24459,487.305
24460,487.405
24461,487.415
24462,487.425
24463,487.435
24464,487.448
24465,487.517
24466,487.524
24467,487.531
24468,487.538
24469,487.545
24470,487.552
24471,487.560
24472,487.642
24473,487.650
24474,487.657
24475,487.664
24476,487.670
24477,487.756
24478,487.765
24479,487.774
24480,487.781
24481,487.790
24482,487.872
24483,487.880
24484,487.887
24485,487.894
24486,487.902
24487,487.975
24488,487.983
24489,487.990
24490,487.998
24491,488.005
24492,488.078
24493,488.084
24494,488.089
24495,488.163
24496,488.169
24497,488.175
24498,488.246
24499,488.252
24500,488.257
24501,488.326
24502,488.333
24503,488.337
24504,488.409
24505,488.417
24506,488.422
24507,488.500
24508,488.508
24509,488.513
24510,488.578
24511,488.586
24512,488.591
24513,488.637
24514,488.643
24515,488.649
24516,488.694
24517,488.700
24518,488.706
24519,488.711
24520,488.716
24521,488.743
24522,488.748
24523,488.789
24524,488.800
24525,488.817
24526,488.827
24527,488.877
24528,488.886
24529,488.927
24530,488.938
24531,488.974
24532,488.982
24533,489.013
24534,489.799
24535,489.808
24536,489.815
24537,490.530
24538,491.206
24539,491.214
24540,491.915
24541,491.956
24542,492.791
24543,492.798
24544,492.802
24545,493.476
24546,493.512
24547,493.535
24548,494.282
24549,494.287
24550,494.291
24551,494.966
24552,495.004
24553,495.047
24554,495.067
24555,495.083
24556,495.099
24557,495.169
24558,495.178
24559,495.186
24560,495.195
24561,495.203
24562,495.211
24563,495.220
24564,495.228
24565,495.309
24566,495.391
24567,495.483
24568,495.592
24569,495.627
24570,495.710
24571,495.745
24572,495.804
24573,495.833
24574,495.890
24575,495.921
24576,495.977
24577,496.026
24578,496.033
24579,496.039
24580,496.071
24581,496.077
24582,496.082
24583,496.088
24584,496.093
24585,496.099
24586,496.104
24587,496.110
24588,496.116
24589,496.122
24590,496.128
24591,496.133
24592,496.139
24593,496.146
24594,496.152
24595,496.159
24596,496.165
24597,496.171
24598,496.221
24599,496.227
24600,496.233
24601,496.264
24602,496.273
24603,496.279
24604,496.298
24605,496.307
24606,496.313
24607,496.323
24608,496.332
24609,496.338
24610,496.372
24611,496.383
24612,496.389
24613,496.407
24614,496.417
24615,496.423
24616,496.430
24617,496.439
24618,496.445
24619,496.452
24620,496.461
24621,496.466
24622,496.473
24623,496.482
24624,496.487
24625,496.506
24626,496.515
24627,496.521
24628,496.530
24629,496.539
24630,496.545
24631,496.579
24632,496.590
24633,496.596
24634,496.633
24635,496.643
24636,496.649
24637,496.674
24638,496.684
24639,496.690
24640,496.696
24641,496.708
24642,496.718
24643,496.762
24644,496.770
24645,496.778
24646,496.786
24647,496.795
24648,496.823
24649,496.936
24650,496.945
24651,496.953
24652,496.961
24653,497.017
24654,497.026
24655,497.035
24656,497.059
24657,497.067
24658,497.075
24659,497.082
24660,497.094
24661,497.104
24662,497.121
24663,497.129
24664,497.135
24665,497.141
24666,497.147
24667,497.152
24668,497.164
24669,497.191
24670,497.198
24671,497.204
24672,497.253
24673,497.259
24674,497.264
24675,497.271
24676,497.275
24677,497.281
24678,497.307
24679,497.316
24680,497.322
24681,497.330
24682,497.335
24683,497.365
24684,497.371
24685,497.377
24686,497.383
24687,497.389
24688,497.395
24689,497.401
24690,497.408
24691,497.413
24692,497.422
24693,497.428
24694,497.434
24695,497.439
24696,497.445
24697,497.451
24698,497.456
24699,497.462
24700,497.469
24701,497.481
24702,497.495
24703,497.504
24704,497.510
24705,497.540
24706,497.546
24707,497.552
24708,497.558
24709,497.564
24710,497.570
24711,497.576
24712,497.582
24713,497.588
24714,497.595
24715,497.601
24716,497.608
24717,497.615
24718,497.621
24719,497.628
24720,497.634
24721,497.641
24722,497.648
24723,497.655
24724,497.662
24725,497.690
24726,497.696
24727,497.702
24728,497.729
24729,497.735
24730,497.741
24731,497.786
24732,497.794
24733,497.801
24734,497.849
24735,497.857
24736,497.864
24737,497.908
24738,497.915
24739,497.921
24740,497.964
24741,497.971
24742,497.977
24743,498.021
24744,498.027
24745,498.034
24746,498.074
24747,498.081
24748,498.087
24749,498.132
24750,498.138
24751,498.145
24752,498.192
24753,498.199
24754,498.205
24755,498.258
24756,498.267
24757,498.276
24758,498.329
24759,498.338
24760,498.348
24761,498.409
24762,498.418
24763,498.426
24764,498.483
24765,498.493
24766,498.502
24767,498.564
24768,498.573
24769,498.583
24770,498.650
24771,498.658
24772,498.665
24773,498.710
24774,498.717
24775,498.725
24776,498.767
24777,498.774
24778,498.781
24779,498.824
24780,498.831
24781,498.838
24782,498.875
24783,498.882
24784,498.888
24785,498.894
24786,498.900
24787,498.906
24788,498.913
24789,498.919
24790,498.925
24791,498.932
24792,498.938
24793,498.945
24794,498.952
24795,498.959
24796,498.965
24797,498.972
24798,498.978
24799,498.985
24800,498.992
24801,498.999
24802,499.027
24803,499.033
24804,499.039
24805,499.064
24806,499.070
24807,499.076
24808,499.121
24809,499.128
24810,499.135
24811,499.182
24812,499.190
24813,499.197
24814,499.244
24815,499.251
24816,499.259
24817,499.303
24818,499.310
24819,499.317
24820,499.360
24821,499.367
24822,499.373
24823,499.417
24824,499.425
24825,499.432
24826,499.479
24827,499.486
24828,499.492
24829,499.528
24830,499.534
24831,499.540
24832,499.545
24833,499.551
24834,499.562
24835,499.588
24836,499.632
24837,499.639
24838,499.645
24839,499.651
24840,499.691
24841,499.697
24842,499.704
24843,499.710
24844,499.716
24845,499.759
24846,499.765
24847,499.770
24848,499.775
24849,499.842
24850,499.852
24851,499.861
24852,499.920
24853,499.931
24854,499.946
24855,499.999
24856,500.009
24857,500.018
24858,500.027
24859,500.082
24860,500.092
24861,500.102
24862,500.112
24863,500.169
24864,500.179
24865,500.189
24866,500.247
24867,500.255
24868,500.261
24869,500.308
24870,500.316
24871,500.323
24872,500.370
24873,500.377
24874,500.383
24875,500.430
24876,500.437
24877,500.443
24878,500.489
24879,500.496
24880,500.503
24881,500.547
24882,500.554
24883,500.561
24884,500.604
24885,500.611
24886,500.617
24887,500.660
24888,500.667
24889,500.673
24890,500.710
24891,500.716
24892,500.722
24893,500.727
24894,500.733
24895,500.739
24896,500.745
24897,500.751
24898,500.758
24899,500.764
24900,500.771
24901,500.777
24902,500.784
24903,500.791
24904,500.797
24905,500.804
24906,500.811
24907,500.818
24908,500.825
24909,500.832
24910,500.859
24911,500.866
24912,500.871
24913,500.898
24914,500.904
24915,500.910
24916,500.954
24917,500.961
24918,500.968
24919,501.013
24920,501.020
24921,501.027
24922,501.070
24923,501.076
24924,501.082
24925,501.125
24926,501.132
24927,501.138
24928,501.181
24929,501.187
24930,501.194
24931,501.236
24932,501.242
24933,501.248
24934,501.292
24935,501.304
24936,501.305
24937,501.350
24938,501.356
24939,501.370
24940,501.431
24941,501.441
24942,501.450
24943,501.506
24944,501.516
24945,501.530
24946,501.589
24947,501.598
24948,501.607
24949,501.668
24950,501.678
24951,501.687
24952,501.748
24953,501.758
24954,501.768
24955,501.830
24956,501.838
24957,501.845
24958,501.889
24959,501.896
24960,501.904
24961,501.947
24962,501.954
24963,501.961
24964,502.004
24965,502.011
24966,502.018
24967,502.057
24968,502.063
24969,502.070
24970,502.076
24971,502.082
24972,502.088
24973,502.095
24974,502.101
24975,502.108
24976,502.115
24977,502.121
24978,502.127
24979,502.134
24980,502.141
24981,502.148
24982,502.154
24983,502.161
24984,502.167
24985,502.174
24986,502.181
24987,502.208
24988,502.214
24989,502.219
24990,502.246
24991,502.253
24992,502.259
24993,502.304
24994,502.311
24995,502.318
24996,502.365
24997,502.372
24998,502.379
24999,502.423
25000,502.431
25001,502.438
25002,502.482
25003,502.488
25004,502.495
25005,502.540
25006,502.547
25007,502.554
25008,502.597
25009,502.604
25010,502.610
25011,502.659
25012,502.666
25013,502.673
25014,502.725
25015,502.733
25016,502.741
25017,502.790
25018,502.797
25019,502.804
25020,502.851
25021,502.858
25022,502.865
25023,502.908
25024,502.913
25025,502.919
25026,502.987
25027,502.997
25028,503.007
25029,503.071
25030,503.086
25031,503.095
25032,503.157
25033,503.167
25034,503.176
25035,503.234
25036,503.244
25037,503.254
25038,503.312
25039,503.321
25040,503.330
25041,503.390
25042,503.400
25043,503.404
25044,503.439
25045,503.444
25046,503.451
25047,503.458
25048,503.464
25049,503.471
25050,503.476
25051,503.483
25052,503.488
25053,503.494
25054,503.500
25055,503.507
25056,503.513
25057,503.520
25058,503.527
25059,503.533
25060,503.539
25061,503.546
25062,503.553
25063,503.559
25064,503.602
25065,503.608
25066,503.614
25067,503.648
25068,503.654
25069,503.660
25070,503.702
25071,503.708
25072,503.714
25073,503.756
25074,503.764
25075,503.770
25076,503.815
25077,503.823
25078,503.829
25079,503.871
25080,503.877
25081,503.884
25082,503.925
25083,503.932
25084,503.938
25085,503.980
25086,503.988
25087,503.995
25088,504.039
25089,504.047
25090,504.054
25091,504.099
25092,504.106
25093,504.112
25094,504.153
25095,504.160
25096,504.167
25097,504.207
25098,504.214
25099,504.221
25100,504.269
25101,504.277
25102,504.284
25103,504.331
25104,504.338
25105,504.344
25106,504.387
25107,504.394
25108,504.400
25109,504.442
25110,504.448
25111,504.453
25112,504.511
25113,504.520
25114,504.529
25115,504.579
25116,504.588
25117,504.602
25118,504.655
25119,504.665
25120,504.674
25121,504.721
25122,504.729
25123,504.738
25124,504.746
25125,504.754
25126,504.762
25127,504.771
25128,504.779
25129,504.788
25130,504.797
25131,504.806
25132,504.814
25133,504.824
25134,504.834
25135,504.845
25136,504.852
25137,504.858
25138,504.865
25139,504.870
25140,504.876
25141,504.919
25142,504.926
25143,504.932
25144,504.962
25145,504.968
25146,504.973
25147,505.014
25148,505.021
25149,505.027
25150,505.070
25151,505.077
25152,505.082
25153,505.123
25154,505.130
25155,505.136
25156,505.176
25157,505.183
25158,505.189
25159,505.229
25160,505.236
25161,505.242
25162,505.281
25163,505.287
25164,505.293
25165,505.341
25166,505.348
25167,505.355
25168,505.401
25169,505.408
25170,505.415
25171,505.458
25172,505.465
25173,505.471
25174,505.520
25175,505.527
25176,505.533
25177,505.577
25178,505.584
25179,505.591
25180,505.637
25181,505.644
25182,505.651
25183,505.697
25184,505.704
25185,505.710
25186,505.753
25187,505.760
25188,505.767
25189,505.811
25190,505.818
25191,505.824
25192,505.865
25193,505.871
25194,505.877
25195,505.915
25196,505.921
25197,505.926
25198,506.008
25199,506.083
25200,506.093
25201,506.105
25202,506.117
25203,506.127
25204,506.136
25205,506.146
25206,506.156
25207,506.165
25208,506.175
25209,506.186
25210,506.196
25211,506.207
25212,506.217
25213,506.312
25214,506.322
25215,506.331
25216,506.409
25217,506.417
25218,506.424
25219,506.432
25220,506.489
25221,506.496
25222,506.502
25223,506.510
25224,506.517
25225,506.525
25226,506.604
25227,506.613
25228,506.621
25229,506.682
25230,506.735
25231,506.742
25232,506.749
25233,506.756
25234,506.763
25235,506.771
25236,506.778
25237,506.803
25238,506.851
25239,506.906
25240,506.914
25241,506.922
25242,506.928
25243,506.935
25244,506.943
25245,506.950
25246,507.033
25247,507.042
25248,507.050
25249,507.059
25250,507.067
25251,507.131
25252,507.138
25253,507.145
25254,507.152
25255,507.159
25256,507.166
25257,507.174
25258,507.231
25259,507.238
25260,507.245
25261,507.251
25262,507.258
25263,507.265
25264,507.272
25265,507.357
25266,507.365
25267,507.384
25268,507.392
25269,507.401
25270,507.463
25271,507.470
25272,507.477
25273,507.483
25274,507.489
25275,507.496
25276,507.502
25277,507.551
25278,507.619
25279,507.629
25280,507.638
25281,507.648
25282,507.658
25283,507.696
25284,507.756
25285,507.858
25286,507.868
25287,507.880
25288,507.891
25289,507.902
25290,508.005
25291,508.013
25292,508.021
25293,508.029
25294,508.037
25295,508.118
25296,508.127
25297,508.135
25298,508.145
25299,508.154
25300,508.230
25301,508.238
25302,508.245
25303,508.253
25304,508.261
25305,508.325
25306,508.378
25307,508.385
25308,508.392
25309,508.399
25310,508.406
25311,508.413
25312,508.420
25313,508.427
25314,508.434
25315,508.441
25316,508.448
25317,508.455
25318,508.462
25319,508.470
25320,508.478
25321,508.485
25322,508.493
25323,508.501
25324,508.509
25325,508.517
25326,508.524
25327,508.550
25328,508.604
25329,508.658
25330,508.666
25331,508.673
25332,508.680
25333,508.687
25334,508.695
25335,508.703
25336,508.758
25337,508.765
25338,508.773
25339,508.779
25340,508.787
25341,508.794
25342,508.801
25343,508.882
25344,508.890
25345,508.898
25346,508.906
25347,508.915
25348,508.978
25349,508.985
25350,508.992
25351,508.998
25352,509.005
25353,509.012
25354,509.018
25355,509.070
25356,509.075
25357,509.081
25358,509.086
25359,509.092
25360,509.102
25361,509.113
25362,509.219
25363,509.230
25364,509.241
25365,509.256
25366,509.266
25367,509.350
25368,509.360
25369,509.370
25370,509.381
25371,509.391
25372,509.498
25373,509.509
25374,509.522
25375,509.534
25376,509.546
25377,509.611
25378,509.618
25379,509.626
25380,509.633
25381,509.640
25382,509.648
25383,509.655
25384,509.739
25385,509.747
25386,509.755
25387,509.764
25388,509.772
25389,509.855
25390,509.864
25391,509.872
25392,509.880
25393,509.889
25394,509.971
25395,509.980
25396,509.989
25397,509.998
25398,510.078
25399,510.086
25400,510.095
25401,510.104
25402,510.112
25403,510.179
25404,510.187
25405,510.196
25406,510.205
25407,510.212
25408,510.220
25409,510.228
25410,510.310
25411,510.319
25412,510.328
25413,510.337
25414,510.345
25415,510.408
25416,510.415
25417,510.423
25418,510.429
25419,510.437
25420,510.444
25421,510.451
25422,510.532
25423,510.541
25424,510.550
25425,510.559
25426,510.568
25427,510.648
25428,510.656
25429,510.664
25430,510.672
25431,510.680
25432,510.752
25433,510.759
25434,510.771
25435,510.784
25436,510.796
25437,510.891
25438,510.902
25439,510.914
25440,510.930
25441,510.940
25442,511.032
25443,511.043
25444,511.053
25445,511.151
25446,511.161
25447,511.171
25448,511.259
25449,511.266
25450,511.274
25451,511.351
25452,511.358
25453,511.366
25454,511.445
25455,511.454
25456,511.462
25457,511.543
25458,511.551
25459,511.559
25460,511.640
25461,511.649
25462,511.657
25463,511.734
25464,511.794
25465,511.803
25466,511.811
25467,511.819
25468,511.827
25469,511.834
25470,511.842
25471,511.850
25472,511.858
25473,511.868
25474,511.876
25475,511.885
25476,511.894
25477,511.903
25478,511.982
25479,511.990
25480,511.998
25481,512.065
25482,512.073
25483,512.081
25484,512.090
25485,512.149
25486,512.157
25487,512.164
25488,512.172
25489,512.180
25490,512.187
25491,512.271
25492,512.280
25493,512.289
25494,512.355
25495,512.407
25496,512.413
25497,512.419
25498,512.425
25499,512.431
25500,512.443
25501,512.455
25502,512.492
25503,512.559
25504,512.642
25505,512.652
25506,512.662
25507,512.669
25508,512.678
25509,512.688
25510,512.697
25511,512.800
25512,512.811
25513,512.822
25514,512.833
25515,512.843
25516,512.924
25517,512.932
25518,512.939
25519,512.945
25520,512.952
25521,512.961
25522,512.969
25523,513.032
25524,513.040
25525,513.047
25526,513.054
25527,513.060
25528,513.068
25529,513.075
25530,513.164
25531,513.173
25532,513.181
25533,513.189
25534,513.197
25535,513.261
25536,513.269
25537,513.277
25538,513.283
25539,513.290
25540,513.298
25541,513.306
25542,513.358
25543,513.409
25544,513.416
25545,513.422
25546,513.429
25547,513.435
25548,513.459
25549,513.507
25550,513.591
25551,513.600
25552,513.608
25553,513.616
25554,513.625
25555,513.709
25556,513.718
25557,513.727
25558,513.737
25559,513.745
25560,513.823
25561,513.831
25562,513.839
25563,513.847
25564,513.855
25565,513.936
25566,513.944
25567,513.952
25568,513.961
25569,513.969
25570,514.035
25571,514.087
25572,514.093
25573,514.099
25574,514.105
25575,514.110
25576,514.116
25577,514.125
25578,514.136
25579,514.147
25580,514.158
25581,514.169
25582,514.178
25583,514.188
25584,514.198
25585,514.208
25586,514.219
25587,514.228
25588,514.239
25589,514.255
25590,514.265
25591,514.275
25592,514.307
25593,514.374
25594,514.448
25595,514.458
25596,514.468
25597,514.476
25598,514.485
25599,514.495
25600,514.507
25601,514.576
25602,514.584
25603,514.592
25604,514.599
25605,514.607
25606,514.615
25607,514.624
25608,514.715
25609,514.724
25610,514.733
25611,514.742
25612,514.750
25613,514.816
25614,514.824
25615,514.831
25616,514.838
25617,514.845
25618,514.853
25619,514.861
25620,514.919
25621,514.927
25622,514.934
25623,514.941
25624,514.949
25625,514.956
25626,514.964
25627,515.049
25628,515.057
25629,515.066
25630,515.074
25631,515.083
25632,515.157
25633,515.167
25634,515.176
25635,515.185
25636,515.193
25637,515.273
25638,515.282
25639,515.290
25640,515.300
25641,515.309
25642,515.376
25643,515.384
25644,515.392
25645,515.399
25646,515.406
25647,515.414
25648,515.423
25649,515.507
25650,515.515
25651,515.524
25652,515.532
25653,515.540
25654,515.628
25655,515.637
25656,515.646
25657,515.655
25658,515.666
25659,515.753
25660,515.761
25661,515.770
25662,515.777
25663,515.886
25664,515.897
25665,515.909
25666,515.920
25667,515.931
25668,516.021
25669,516.031
25670,516.040
25671,516.049
25672,516.058
25673,516.068
25674,516.079
25675,516.186
25676,516.196
25677,516.207
25678,516.219
25679,516.231
25680,516.314
25681,516.322
25682,516.330
25683,516.336
25684,516.343
25685,516.352
25686,516.359
25687,516.442
25688,516.450
25689,516.459
25690,516.468
25691,516.476
25692,516.559
25693,516.568
25694,516.576
25695,516.584
25696,516.593
25697,516.676
25698,516.685
25699,516.693
25700,516.701
25701,516.710
25702,516.784
25703,516.792
25704,516.801
25705,516.810
25706,516.819
25707,516.900
25708,516.909
25709,516.917
25710,516.999
25711,517.008
25712,517.017
25713,517.092
25714,517.101
25715,517.109
25716,517.188
25717,517.196
25718,517.204
25719,517.282
25720,517.292
25721,517.300
25722,517.381
25723,517.389
25724,517.397
25725,517.472
25726,517.478
25727,517.485
25728,517.589
25729,517.669
25730,517.683
25731,517.693
25732,517.704
25733,517.714
25734,517.724
25735,517.733
25736,517.743
25737,517.752
25738,517.762
25739,517.773
25740,517.785
25741,517.796
25742,517.809
25743,517.924
25744,517.936
25745,517.949
25746,518.026
25747,518.033
25748,518.040
25749,518.048
25750,518.113
25751,518.121
25752,518.128
25753,518.135
25754,518.143
25755,518.150
25756,518.230
25757,518.238
25758,518.246
25759,518.311
25760,518.364
25761,518.371
25762,518.378
25763,518.385
25764,518.392
25765,518.399
25766,518.406
25767,518.431
25768,518.480
25769,518.541
25770,518.549
25771,518.556
25772,518.564
25773,518.570
25774,518.577
25775,518.584
25776,518.669
25777,518.677
25778,518.686
25779,518.694
25780,518.701
25781,518.768
25782,518.776
25783,518.783
25784,518.789
25785,518.797
25786,518.804
25787,518.811
25788,518.868
25789,518.875
25790,518.882
25791,518.889
25792,518.896
25793,518.904
25794,518.911
25795,519.002
25796,519.011
25797,519.019
25798,519.027
25799,519.036
25800,519.101
25801,519.109
25802,519.117
25803,519.123
25804,519.131
25805,519.138
25806,519.146
25807,519.199
25808,519.248
25809,519.259
25810,519.270
25811,519.281
25812,519.290
25813,519.322
25814,519.392
25815,519.494
25816,519.506
25817,519.517
25818,519.528
25819,519.539
25820,519.641
25821,519.652
25822,519.664
25823,519.677
25824,519.689
25825,519.764
25826,519.772
25827,519.781
25828,519.790
25829,519.799
25830,519.873
25831,519.881
25832,519.889
25833,519.898
25834,519.906
25835,519.968
25836,520.023
25837,520.031
25838,520.038
25839,520.045
25840,520.052
25841,520.059
25842,520.066
25843,520.073
25844,520.081
25845,520.088
25846,520.095
25847,520.102
25848,520.109
25849,520.116
25850,520.124
25851,520.131
25852,520.138
25853,520.145
25854,520.152
25855,520.160
25856,520.167
25857,520.193
25858,520.247
25859,520.305
25860,520.313
25861,520.320
25862,520.327
25863,520.334
25864,520.342
25865,520.349
25866,520.406
25867,520.413
25868,520.421
25869,520.428
25870,520.435
25871,520.443
25872,520.450
25873,520.539
25874,520.547
25875,520.555
25876,520.565
25877,520.573
25878,520.639
25879,520.648
25880,520.655
25881,520.662
25882,520.669
25883,520.677
25884,520.685
25885,520.742
25886,520.749
25887,520.756
25888,520.762
25889,520.769
25890,520.776
25891,520.783
25892,520.878
25893,520.889
25894,520.899
25895,520.910
25896,520.921
25897,521.021
25898,521.031
25899,521.042
25900,521.052
25901,521.062
25902,521.162
25903,521.173
25904,521.183
25905,521.194
25906,521.206
25907,521.291
25908,521.299
25909,521.307
25910,521.313
25911,521.320
25912,521.327
25913,521.334
25914,521.420
25915,521.428
25916,521.436
25917,521.445
25918,521.453
25919,521.536
25920,521.544
25921,521.553
25922,521.561
25923,521.570
25924,521.652
25925,521.662
25926,521.672
25927,521.680
25928,521.757
25929,521.765
25930,521.774
25931,521.783
25932,521.792
25933,521.859
25934,521.867
25935,521.875
25936,521.882
25937,521.890
25938,521.898
25939,521.906
25940,521.985
25941,521.993
25942,522.001
25943,522.011
25944,522.019
25945,522.102
25946,522.102
25947,522.102
25948,522.105
25949,522.112
25950,522.119
25951,522.127
25952,522.209
25953,522.217
25954,522.225
25955,522.233
25956,522.241
25957,522.321
25958,522.329
25959,522.337
25960,522.345
25961,522.353
25962,522.430
25963,522.438
25964,522.445
25965,522.452
25966,522.459
25967,522.547
25968,522.556
25969,522.567
25970,522.578
25971,522.588
25972,522.693
25973,522.703
25974,522.712
25975,522.814
25976,522.825
25977,522.835
25978,522.934
25979,522.943
25980,522.951
25981,523.029
25982,523.036
25983,523.044
25984,523.118
25985,523.126
25986,523.133
25987,523.211
25988,523.219
25989,523.227
25990,523.302
25991,523.310
25992,523.318
25993,523.391
25994,523.447
25995,523.455
25996,523.462
25997,523.470
25998,523.477
25999,523.484
26000,523.491
26001,523.499
26002,523.507
26003,523.514
26004,523.522
26005,523.530
26006,523.538
26007,523.546
26008,523.619
26009,523.628
26010,523.635
26011,523.697
26012,523.703
26013,523.710
26014,523.718
26015,523.770
26016,523.776
26017,523.783
26018,523.790
26019,523.797
26020,523.804
26021,523.881
26022,523.889
26023,523.896
26024,523.955
26025,524.008
26026,524.015
26027,524.022
26028,524.029
26029,524.035
26030,524.042
26031,524.049
26032,524.073
26033,524.116
26034,524.193
26035,524.202
26036,524.213
26037,524.220
26038,524.230
26039,524.240
26040,524.250
26041,524.359
26042,524.370
26043,524.380
26044,524.390
26045,524.400
26046,524.480
26047,524.489
26048,524.499
26049,524.507
26050,524.515
26051,524.524
26052,524.535
26053,524.603
26054,524.611
26055,524.618
26056,524.624
26057,524.631
26058,524.639
26059,524.647
26060,524.732
26061,524.740
26062,524.748
26063,524.757
26064,524.766
26065,524.830
26066,524.838
26067,524.845
26068,524.851
26069,524.859
26070,524.866
26071,524.873
26072,524.926
26073,524.978
26074,524.986
26075,524.993
26076,525.000
26077,525.007
26078,525.032
26079,525.082
26080,525.163
26081,525.172
26082,525.180
26083,525.189
26084,525.198
26085,525.279
26086,525.288
26087,525.296
26088,525.305
26089,525.314
26090,525.393
26091,525.401
26092,525.409
26093,525.418
26094,525.427
26095,525.503
26096,525.511
26097,525.519
26098,525.527
26099,525.535
26100,525.601
26101,525.662
26102,525.669
26103,525.676
26104,525.683
26105,525.690
26106,525.697
26107,525.704
26108,525.710
26109,525.716
26110,525.722
26111,525.728
26112,525.735
26113,525.747
26114,525.758
26115,525.769
26116,525.782
26117,525.793
26118,525.803
26119,525.814
26120,525.825
26121,525.836
26122,525.874
26123,525.944
26124,526.016
26125,526.026
26126,526.037
26127,526.045
26128,526.054
26129,526.064
26130,526.074
26131,526.148
26132,526.160
26133,526.172
26134,526.179
26135,526.186
26136,526.194
26137,526.202
26138,526.292
26139,526.301
26140,526.310
26141,526.319
26142,526.328
26143,526.392
26144,526.400
26145,526.408
26146,526.414
26147,526.422
26148,526.430
26149,526.437
26150,526.495
26151,526.502
26152,526.510
26153,526.516
26154,526.524
26155,526.532
26156,526.539
26157,526.622
26158,526.631
26159,526.639
26160,526.647
26161,526.655
26162,526.727
26163,526.735
26164,526.743
26165,526.752
26166,526.760
26167,526.842
26168,526.851
26169,526.859
26170,526.868
26171,526.877
26172,526.941
26173,526.949
26174,526.956
26175,526.963
26176,526.970
26177,526.978
26178,526.985
26179,527.070
26180,527.079
26181,527.087
26182,527.096
26183,527.104
26184,527.185
26185,527.194
26186,527.203
26187,527.211
26188,527.219
26189,527.306
26190,527.306
26191,527.316
26192,527.323
26193,527.409
26194,527.420
26195,527.431
26196,527.441
26197,527.451
26198,527.539
26199,527.549
26200,527.559
26201,527.567
26202,527.576
26203,527.586
26204,527.595
26205,527.698
26206,527.708
26207,527.718
26208,527.729
26209,527.739
26210,527.827
26211,527.835
26212,527.843
26213,527.849
26214,527.856
26215,527.863
26216,527.871
26217,527.956
26218,527.964
26219,527.972
26220,527.981
26221,527.989
26222,528.071
26223,528.079
26224,528.087
26225,528.095
26226,528.103
26227,528.185
26228,528.193
26229,528.201
26230,528.209
26231,528.217
26232,528.288
26233,528.296
26234,528.304
26235,528.313
26236,528.320
26237,528.397
26238,528.405
26239,528.412
26240,528.492
26241,528.500
26242,528.508
26243,528.582
26244,528.591
26245,528.599
26246,528.675
26247,528.683
26248,528.691
26249,528.765
26250,528.774
26251,528.782
26252,528.860
26253,528.869
26254,528.877
26255,528.955
26256,528.964
26257,528.973
26258,529.044
26259,529.110
26260,529.121
26261,529.131
26262,529.140
26263,529.150
26264,529.162
26265,529.171
26266,529.180
26267,529.191
26268,529.205
26269,529.218
26270,529.228
26271,529.239
26272,529.249
26273,529.338
26274,529.348
26275,529.357
26276,529.430
26277,529.438
26278,529.447
26279,529.457
26280,529.520
26281,529.527
26282,529.533
26283,529.539
26284,529.546
26285,529.553
26286,529.635
26287,529.643
26288,529.650
26289,529.709
26290,529.755
26291,529.762
26292,529.768
26293,529.776
26294,529.783
26295,529.789
26296,529.796
26297,529.820
26298,529.865
26299,529.919
26300,529.926
26301,529.933
26302,529.939
26303,529.948
26304,529.955
26305,529.962
26306,530.037
26307,530.045
26308,530.052
26309,530.061
26310,530.068
26311,530.129
26312,530.137
26313,530.145
26314,530.151
26315,530.160
26316,530.169
26317,530.177
26318,530.237
26319,530.244
26320,530.252
26321,530.258
26322,530.265
26323,530.273
26324,530.280
26325,530.365
26326,530.374
26327,530.383
26328,530.392
26329,530.401
26330,530.465
26331,530.472
26332,530.479
26333,530.485
26334,530.493
26335,530.500
26336,530.508
26337,530.556
26338,530.604
26339,530.611
26340,530.617
26341,530.623
26342,530.629
26343,530.649
26344,530.705
26345,530.809
26346,530.821
26347,530.835
26348,530.848
26349,530.858
26350,530.955
26351,530.966
26352,530.977
26353,530.989
26354,531.000
26355,531.099
26356,531.110
26357,531.121
26358,531.135
26359,531.146
26360,531.226
26361,531.235
26362,531.243
26363,531.253
26364,531.262
26365,531.324
26366,531.373
26367,531.381
26368,531.387
26369,531.394
26370,531.400
26371,531.407
26372,531.413
26373,531.420
26374,531.427
26375,531.434
26376,531.441
26377,531.449
26378,531.455
26379,531.463
26380,531.470
26381,531.477
26382,531.484
26383,531.491
26384,531.498
26385,531.505
26386,531.512
26387,531.536
26388,531.585
26389,531.641
26390,531.649
26391,531.657
26392,531.663
26393,531.671
26394,531.678
26395,531.685
26396,531.737
26397,531.744
26398,531.752
26399,531.758
26400,531.765
26401,531.773
26402,531.780
26403,531.865
26404,531.873
26405,531.881
26406,531.890
26407,531.897
26408,531.955
26409,531.962
26410,531.969
26411,531.975
26412,531.981
26413,531.988
26414,531.995
26415,532.045
26416,532.052
26417,532.059
26418,532.066
26419,532.073
26420,532.081
26421,532.088
26422,532.171
26423,532.179
26424,532.187
26425,532.194
26426,532.201
26427,532.273
26428,532.285
26429,532.297
26430,532.309
26431,532.319
26432,532.432
26433,532.442
26434,532.453
26435,532.463
26436,532.473
26437,532.549
26438,532.558
26439,532.568
26440,532.576
26441,532.585
26442,532.594
26443,532.604
26444,532.712
26445,532.720
26446,532.728
26447,532.735
26448,532.743
26449,532.833
26450,532.841
26451,532.849
26452,532.858
26453,532.866
26454,532.944
26455,532.954
26456,532.962
26457,532.970
26458,533.054
26459,533.062
26460,533.070
26461,533.078
26462,533.086
26463,533.147
26464,533.155
26465,533.162
26466,533.168
26467,533.175
26468,533.182
26469,533.189
26470,533.267
26471,533.275
26472,533.283
26473,533.289
26474,533.297
26475,533.359
26476,533.367
26477,533.375
26478,533.382
26479,533.389
26480,533.397
26481,533.404
26482,533.485
26483,533.494
26484,533.502
26485,533.510
26486,533.518
26487,533.598
26488,533.606
26489,533.614
26490,533.623
26491,533.630
26492,533.707
26493,533.715
26494,533.723
26495,533.731
26496,533.739
26497,533.808
26498,533.816
26499,533.824
26500,533.832
26501,533.840
26502,533.914
26503,533.922
26504,533.928
26505,534.017
26506,534.030
26507,534.040
26508,534.136
26509,534.151
26510,534.161
26511,534.252
26512,534.263
26513,534.272
26514,534.366
26515,534.376
26516,534.386
26517,534.487
26518,534.495
26519,534.502
26520,534.579
26521,534.587
26522,534.593
26523,534.666
26524,534.718
26525,534.725
26526,534.732
26527,534.739
26528,534.746
26529,534.753
26530,534.760
26531,534.768
26532,534.775
26533,534.783
26534,534.790
26535,534.798
26536,534.805
26537,534.812
26538,534.883
26539,534.890
26540,534.897
26541,534.953
26542,534.960
26543,534.967
26544,534.974
26545,535.027
26546,535.035
26547,535.041
26548,535.048
26549,535.055
26550,535.062
26551,535.139
26552,535.147
26553,535.155
26554,535.210
26555,535.261
26556,535.268
26557,535.275
26558,535.281
26559,535.288
26560,535.295
26561,535.302
26562,535.328
26563,535.377
26564,535.432
26565,535.439
26566,535.447
26567,535.453
26568,535.461
26569,535.468
26570,535.475
26571,535.554
26572,535.565
26573,535.575
26574,535.586
26575,535.595
26576,535.659
26577,535.670
26578,535.682
26579,535.689
26580,535.700
26581,535.711
26582,535.721
26583,535.790
26584,535.800
26585,535.814
26586,535.823
26587,535.832
26588,535.842
26589,535.851
26590,535.954
26591,535.965
26592,535.976
26593,535.986
26594,535.997
26595,536.077
26596,536.088
26597,536.099
26598,536.107
26599,536.116
26600,536.123
26601,536.131
26602,536.177
26603,536.229
26604,536.236
26605,536.242
26606,536.249
26607,536.256
26608,536.279
26609,536.323
26610,536.397
26611,536.405
26612,536.413
26613,536.423
26614,536.431
26615,536.506
26616,536.514
26617,536.522
26618,536.531
26619,536.538
26620,536.610
26621,536.618
26622,536.625
26623,536.634
26624,536.642
26625,536.713
26626,536.721
26627,536.729
26628,536.737
26629,536.746
26630,536.804
26631,536.855
26632,536.862
26633,536.869
26634,536.876
26635,536.882
26636,536.889
26637,536.896
26638,536.902
26639,536.909
26640,536.915
26641,536.922
26642,536.929
26643,536.936
26644,536.943
26645,536.950
26646,536.957
26647,536.964
26648,536.970
26649,536.977
26650,536.984
26651,536.991
26652,537.012
26653,537.064
26654,537.120
26655,537.127
26656,537.134
26657,537.140
26658,537.147
26659,537.154
26660,537.160
26661,537.208
26662,537.214
26663,537.219
26664,537.226
26665,537.237
26666,537.248
26667,537.259
26668,537.366
26669,537.380
26670,537.391
26671,537.401
26672,537.411
26673,537.484
26674,537.493
26675,537.502
26676,537.510
26677,537.519
26678,537.529
26679,537.539
26680,537.607
26681,537.617
26682,537.628
26683,537.637
26684,537.648
26685,537.657
26686,537.665
26687,537.744
26688,537.753
26689,537.761
26690,537.769
26691,537.776
26692,537.849
26693,537.857
26694,537.865
26695,537.873
26696,537.881
26697,537.968
26698,537.975
26699,537.983
26700,537.992
26701,538.000
26702,538.060
26703,538.066
26704,538.073
26705,538.079
26706,538.086
26707,538.093
26708,538.100
26709,538.181
26710,538.189
26711,538.196
26712,538.202
26713,538.209
26714,538.288
26715,538.296
26716,538.304
26717,538.312
26718,538.320
26719,538.401
26720,538.411
26721,538.421
26722,538.430
26723,538.509
26724,538.517
26725,538.526
26726,538.535
26727,538.543
26728,538.608
26729,538.615
26730,538.622
26731,538.629
26732,538.636
26733,538.643
26734,538.650
26735,538.733
26736,538.740
26737,538.748
26738,538.754
26739,538.762
26740,538.821
26741,538.828
26742,538.835
26743,538.840
26744,538.847
26745,538.854
26746,538.860
26747,538.949
26748,538.958
26749,538.968
26750,538.978
26751,538.989
26752,539.090
26753,539.101
26754,539.111
26755,539.121
26756,539.131
26757,539.227
26758,539.237
26759,539.247
26760,539.257
26761,539.267
26762,539.362
26763,539.371
26764,539.378
26765,539.386
26766,539.394
26767,539.471
26768,539.478
26769,539.485
26770,539.560
26771,539.568
26772,539.575
26773,539.646
26774,539.653
26775,539.660
26776,539.731
26777,539.738
26778,539.745
26779,539.818
26780,539.826
26781,539.833
26782,539.905
26783,539.913
26784,539.920
26785,539.991
26786,539.999
26787,540.005
26788,540.061
26789,540.116
26790,540.144
26791,540.200
26792,540.228
26793,540.282
26794,540.310
26795,540.366
26796,540.862
26797,540.873
26798,541.337
26799,541.388
26800,541.399
26801,541.438
26802,541.445
26803,541.911
26804,541.920
26805,542.340
26806,542.377
26807,542.383
26808,542.875
26809,542.882
26810,543.315
26811,543.374
26812,543.374
26813,543.415
26814,543.422
26815,543.428
26816,543.458
26817,543.463
26818,543.468
26819,543.473
26820,543.477
26821,543.482
26822,543.489
26823,543.499
26824,543.508
26825,543.565
26826,543.574
26827,543.583
26828,543.612
26829,543.629
26830,543.643
26831,543.655
26832,543.672
26833,543.680
26834,543.722
26835,543.738
26836,543.747
26837,543.780
26838,543.797
26839,543.805
26840,543.815
26841,543.828
26842,543.837
26843,543.880
26844,543.889
26845,543.899
26846,543.938
26847,543.944
26848,543.950
26849,543.956
26850,543.961
26851,543.967
26852,543.973
26853,543.979
26854,543.986
26855,544.034
26856,544.039
26857,544.046
26858,544.069
26859,544.080
26860,544.085
26861,544.093
26862,544.104
26863,544.109
26864,544.145
26865,544.157
26866,544.163
26867,544.191
26868,544.203
26869,544.209
26870,544.217
26871,544.229
26872,544.234
26873,544.268
26874,544.275
26875,544.280
26876,544.312
26877,544.318
26878,544.324
26879,544.330
26880,544.336
26881,544.341
26882,544.347
26883,544.353
26884,544.358
26885,544.405
26886,544.411
26887,544.417
26888,544.440
26889,544.451
26890,544.457
26891,544.466
26892,544.478
26893,544.484
26894,544.519
26895,544.531
26896,544.538
26897,544.564
26898,544.576
26899,544.582
26900,544.590
26901,544.602
26902,544.607
26903,544.642
26904,544.648
26905,544.654
26906,544.660
26907,544.666
26908,544.672
26909,544.678
26910,544.727
26911,544.734
26912,544.741
26913,544.766
26914,544.779
26915,544.786
26916,544.796
26917,544.808
26918,544.814
26919,544.844
26920,544.853
26921,544.878
26922,544.888
26923,544.899
26924,544.905
26925,544.938
26926,544.950
26927,544.955
26928,544.963
26929,544.974
26930,544.980
26931,545.006
26932,545.016
26933,545.022
26934,545.055
26935,545.065
26936,545.074
26937,545.083
26938,545.091
26939,545.128
26940,545.137
26941,545.145
26942,545.153
26943,545.161
26944,545.175
26945,545.183
26946,545.191
26947,545.199
26948,545.207
26949,545.222
26950,545.237
26951,545.252
26952,545.267
26953,545.282
26954,545.297
26955,545.312
26956,545.328
26957,545.376
26958,545.386
26959,545.397
26960,545.405
26961,545.411
26962,545.419
26963,545.427
26964,545.435
26965,545.443
26966,545.451
26967,545.458
26968,545.464
26969,545.470
26970,545.477
26971,545.483
26972,545.489
26973,545.495
26974,545.502
26975,545.508
26976,545.544
26977,545.550
26978,545.556
26979,545.593
26980,545.600
26981,545.606
26982,545.646
26983,545.653
26984,545.659
26985,545.693
26986,545.700
26987,545.706
26988,545.740
26989,545.746
26990,545.753
26991,545.785
26992,545.792
26993,545.799
26994,545.837
26995,545.844
26996,545.850
26997,545.884
26998,545.891
26999,545.897
27000,545.932
27001,545.939
27002,545.945
27003,545.979
27004,545.986
27005,545.993
27006,546.027
27007,546.033
27008,546.040
27009,546.075
27010,546.081
27011,546.088
27012,546.120
27013,546.127
27014,546.133
27015,546.165
27016,546.172
27017,546.178
27018,546.214
27019,546.221
27020,546.227
27021,546.265
27022,546.272
27023,546.278
27024,546.317
27025,546.323
27026,546.329
27027,546.363
27028,546.369
27029,546.375
27030,546.380
27031,546.420
27032,546.427
27033,546.433
27034,546.465
27035,546.470
27036,546.476
27037,546.504
27038,546.531
27039,546.541
27040,546.572
27041,546.580
27042,546.588
27043,546.597
27044,546.648
27045,546.664
27046,546.673
27047,546.714
27048,546.722
27049,546.729
27050,546.767
27051,546.800
27052,546.808
27053,546.919
27054,546.996
27055,547.003
27056,547.010
27057,547.017
27058,547.025
27059,547.032
27060,547.039
27061,547.046
27062,547.053
27063,547.061
27064,547.068
27065,547.075
27066,547.083
27067,547.091
27068,547.173
27069,547.180
27070,547.187
27071,547.254
27072,547.261
27073,547.268
27074,547.275
27075,547.339
27076,547.347
27077,547.353
27078,547.359
27079,547.366
27080,547.372
27081,547.457
27082,547.465
27083,547.472
27084,547.543
27085,547.607
27086,547.613
27087,547.621
27088,547.626
27089,547.633
27090,547.640
27091,547.646
27092,547.674
27093,547.733
27094,547.794
27095,547.802
27096,547.809
27097,547.816
27098,547.823
27099,547.831
27100,547.837
27101,547.900
27102,547.907
27103,547.913
27104,547.920
27105,547.948
27106,547.955
27107,547.960
27108,548.023
27109,548.030
27110,548.037
27111,548.043
27112,548.049
27113,548.105
27114,548.110
27115,548.115
27116,548.237
27117,548.248
27118,548.258
27119,548.268
27120,548.284
27121,548.374
27122,548.383
27123,548.393
27124,548.402
27125,548.410
27126,548.419
27127,548.429
27128,548.508
27129,548.518
27130,548.526
27131,548.538
27132,548.548
27133,548.558
27134,548.566
27135,548.631
27136,548.639
27137,548.646
27138,548.653
27139,548.718
27140,548.725
27141,548.731
27142,548.738
27143,548.744
27144,548.750
27145,548.857
27146,548.866
27147,548.874
27148,548.882
27149,548.890
27150,548.957
27151,548.963
27152,548.969
27153,548.975
27154,549.073
27155,549.082
27156,549.090
27157,549.098
27158,549.107
27159,549.175
27160,549.182
27161,549.188
27162,549.194
27163,549.200
27164,549.266
27165,549.273
27166,549.280
27167,549.292
27168,549.293
27169,549.352
27170,549.358
27171,549.364
27172,549.370
27173,549.430
27174,549.436
27175,549.442
27176,549.449
27177,549.455
27178,549.461
27179,549.467
27180,549.527
27181,549.585
27182,549.591
27183,549.598
27184,549.604
27185,549.610
27186,549.640
27187,549.693
27188,549.804
27189,549.814
27190,549.825
27191,549.834
27192,549.845
27193,549.937
27194,549.945
27195,549.953
27196,549.961
27197,550.038
27198,550.047
27199,550.059
27200,550.070
27201,550.156
27202,550.167
27203,550.175
27204,550.180
27205,550.272
27206,550.279
27207,550.287
27208,550.294
27209,550.301
27210,550.381
27211,550.389
27212,550.397
27213,550.404
27214,550.411
27215,550.418
27216,550.505
27217,550.512
27218,550.519
27219,550.527
27220,550.536
27221,550.621
27222,550.629
27223,550.637
27224,550.645
27225,550.653
27226,550.731
27227,550.808
27228,550.816
27229,550.823
27230,550.830
27231,550.837
27232,550.844
27233,550.851
27234,550.859
27235,550.866
27236,550.874
27237,550.881
27238,550.888
27239,550.895
27240,550.902
27241,550.910
27242,550.917
27243,550.925
27244,550.932
27245,550.939
27246,550.946
27247,550.953
27248,550.981
27249,551.038
27250,551.102
27251,551.109
27252,551.116
27253,551.121
27254,551.128
27255,551.134
27256,551.141
27257,551.207
27258,551.214
27259,551.221
27260,551.226
27261,551.232
27262,551.238
27263,551.248
27264,551.343
27265,551.354
27266,551.363
27267,551.373
27268,551.383
27269,551.479
27270,551.487
27271,551.496
27272,551.502
27273,551.511
27274,551.519
27275,551.527
27276,551.601
27277,551.611
27278,551.620
27279,551.627
27280,551.635
27281,551.645
27282,551.654
27283,551.767
27284,551.774
27285,551.782
27286,551.789
27287,551.796
27288,551.876
27289,551.883
27290,551.889
27291,551.897
27292,551.903
27293,551.990
27294,551.998
27295,552.005
27296,552.012
27297,552.019
27298,552.088
27299,552.095
27300,552.101
27301,552.106
27302,552.112
27303,552.118
27304,552.125
27305,552.212
27306,552.220
27307,552.227
27308,552.234
27309,552.241
27310,552.329
27311,552.337
27312,552.345
27313,552.354
27314,552.361
27315,552.447
27316,552.456
27317,552.465
27318,552.473
27319,552.563
27320,552.570
27321,552.578
27322,552.585
27323,552.593
27324,552.661
27325,552.668
27326,552.674
27327,552.679
27328,552.686
27329,552.692
27330,552.698
27331,552.785
27332,552.792
27333,552.799
27334,552.806
27335,552.814
27336,552.878
27337,552.886
27338,552.897
27339,552.907
27340,552.916
27341,552.926
27342,552.936
27343,553.051
27344,553.060
27345,553.070
27346,553.079
27347,553.089
27348,553.191
27349,553.201
27350,553.211
27351,553.219
27352,553.229
27353,553.342
27354,553.349
27355,553.356
27356,553.363
27357,553.370
27358,553.450
27359,553.458
27360,553.465
27361,553.472
27362,553.479
27363,553.557
27364,553.564
27365,553.570
27366,553.652
27367,553.660
27368,553.667
27369,553.743
27370,553.750
27371,553.756
27372,553.834
27373,553.841
27374,553.847
27375,553.925
27376,553.933
27377,553.939
27378,554.020
27379,554.027
27380,554.034
27381,554.113
27382,554.120
27383,554.126
27384,554.184
27385,554.229
27386,554.234
27387,554.240
27388,554.246
27389,554.252
27390,554.258
27391,554.264
27392,554.271
27393,554.277
27394,554.284
27395,554.290
27396,554.297
27397,554.303
27398,554.310
27399,554.360
27400,554.365
27401,554.371
27402,554.409
27403,554.414
27404,554.418
27405,554.483
27406,554.493
27407,554.498
27408,554.506
27409,554.515
27410,554.579
27411,554.593
27412,554.601
27413,554.657
27414,554.713
27415,554.721
27416,554.729
27417,554.737
27418,554.745
27419,554.753
27420,554.761
27421,554.789
27422,554.851
27423,554.896
27424,554.903
27425,554.910
27426,554.917
27427,554.924
27428,554.931
27429,554.984
27430,554.990
27431,554.997
27432,555.004
27433,555.010
27434,555.059
27435,555.066
27436,555.072
27437,555.079
27438,555.085
27439,555.092
27440,555.136
27441,555.143
27442,555.149
27443,555.155
27444,555.162
27445,555.169
27446,555.220
27447,555.227
27448,555.234
27449,555.240
27450,555.247
27451,555.293
27452,555.299
27453,555.305
27454,555.311
27455,555.318
27456,555.325
27457,555.365
27458,555.408
27459,555.414
27460,555.420
27461,555.426
27462,555.432
27463,555.454
27464,555.496
27465,555.551
27466,555.558
27467,555.565
27468,555.569
27469,555.576
27470,555.623
27471,555.630
27472,555.638
27473,555.643
27474,555.649
27475,555.695
27476,555.701
27477,555.707
27478,555.712
27479,555.718
27480,555.761
27481,555.767
27482,555.773
27483,555.778
27484,555.784
27485,555.837
27486,555.879
27487,555.884
27488,555.889
27489,555.894
27490,555.901
27491,555.910
27492,555.920
27493,555.930
27494,555.939
27495,555.947
27496,555.955
27497,555.963
27498,555.972
27499,555.981
27500,555.989
27501,556.001
27502,556.013
27503,556.021
27504,556.029
27505,556.038
27506,556.046
27507,556.073
27508,556.128
27509,556.181
27510,556.190
27511,556.199
27512,556.204
27513,556.213
27514,556.221
27515,556.276
27516,556.282
27517,556.289
27518,556.293
27519,556.300
27520,556.306
27521,556.363
27522,556.369
27523,556.375
27524,556.380
27525,556.387
27526,556.432
27527,556.438
27528,556.444
27529,556.449
27530,556.455
27531,556.461
27532,556.500
27533,556.507
27534,556.513
27535,556.518
27536,556.524
27537,556.531
27538,556.583
27539,556.590
27540,556.597
27541,556.602
27542,556.609
27543,556.656
27544,556.663
27545,556.669
27546,556.674
27547,556.681
27548,556.728
27549,556.736
27550,556.742
27551,556.748
27552,556.754
27553,556.804
27554,556.810
27555,556.817
27556,556.822
27557,556.830
27558,556.837
27559,556.890
27560,556.896
27561,556.903
27562,556.909
27563,556.915
27564,556.964
27565,556.971
27566,556.978
27567,556.985
27568,556.992
27569,557.041
27570,557.048
27571,557.055
27572,557.061
27573,557.107
27574,557.113
27575,557.119
27576,557.124
27577,557.130
27578,557.179
27579,557.186
27580,557.193
27581,557.198
27582,557.205
27583,557.211
27584,557.267
27585,557.273
27586,557.278
27587,557.283
27588,557.290
27589,557.337
27590,557.342
27591,557.347
27592,557.352
27593,557.362
27594,557.372
27595,557.439
27596,557.448
27597,557.458
27598,557.464
27599,557.474
27600,557.542
27601,557.551
27602,557.559
27603,557.568
27604,557.577
27605,557.637
27606,557.646
27607,557.654
27608,557.660
27609,557.669
27610,557.730
27611,557.740
27612,557.750
27613,557.757
27614,557.767
27615,557.811
27616,557.817
27617,557.823
27618,557.866
27619,557.872
27620,557.878
27621,557.920
27622,557.926
27623,557.931
27624,557.972
27625,557.978
27626,557.983
27627,558.025
27628,558.031
27629,558.037
27630,558.080
27631,558.086
27632,558.092
27633,558.136
27634,558.142
27635,558.148
27636,558.206
27637,558.251
27638,558.257
27639,558.263
27640,558.269
27641,558.275
27642,558.282
27643,558.288
27644,558.295
27645,558.301
27646,558.308
27647,558.314
27648,558.321
27649,558.328
27650,558.335
27651,558.382
27652,558.389
27653,558.394
27654,558.435
27655,558.441
27656,558.447
27657,558.492
27658,558.498
27659,558.503
27660,558.509
27661,558.515
27662,558.565
27663,558.572
27664,558.579
27665,558.627
27666,558.673
27667,558.679
27668,558.685
27669,558.692
27670,558.698
27671,558.704
27672,558.710
27673,558.732
27674,558.781
27675,558.829
27676,558.836
27677,558.842
27678,558.848
27679,558.853
27680,558.859
27681,558.933
27682,558.942
27683,558.951
27684,558.961
27685,558.971
27686,559.046
27687,559.056
27688,559.066
27689,559.075
27690,559.084
27691,559.093
27692,559.147
27693,559.156
27694,559.165
27695,559.174
27696,559.184
27697,559.193
27698,559.264
27699,559.273
27700,559.284
27701,559.295
27702,559.305
27703,559.357
27704,559.364
27705,559.372
27706,559.379
27707,559.386
27708,559.392
27709,559.435
27710,559.479
27711,559.485
27712,559.492
27713,559.498
27714,559.504
27715,559.526
27716,559.570
27717,559.621
27718,559.628
27719,559.634
27720,559.639
27721,559.645
27722,559.689
27723,559.695
27724,559.701
27725,559.706
27726,559.712
27727,559.758
27728,559.764
27729,559.770
27730,559.775
27731,559.782
27732,559.826
27733,559.833
27734,559.839
27735,559.843
27736,559.850
27737,559.903
27738,559.955
27739,559.962
27740,559.969
27741,559.976
27742,559.983
27743,559.990
27744,559.996
27745,560.003
27746,560.010
27747,560.017
27748,560.024
27749,560.031
27750,560.038
27751,560.044
27752,560.051
27753,560.058
27754,560.065
27755,560.072
27756,560.079
27757,560.085
27758,560.092
27759,560.117
27760,560.167
27761,560.213
27762,560.219
27763,560.226
27764,560.231
27765,560.237
27766,560.244
27767,560.288
27768,560.295
27769,560.302
27770,560.309
27771,560.315
27772,560.320
27773,560.385
27774,560.398
27775,560.409
27776,560.416
27777,560.426
27778,560.496
27779,560.507
27780,560.522
27781,560.528
27782,560.538
27783,560.547
27784,560.603
27785,560.612
27786,560.621
27787,560.629
27788,560.640
27789,560.649
27790,560.721
27791,560.730
27792,560.740
27793,560.746
27794,560.755
27795,560.820
27796,560.827
27797,560.834
27798,560.841
27799,560.847
27800,560.898
27801,560.906
27802,560.913
27803,560.918
27804,560.925
27805,560.978
27806,560.986
27807,560.993
27808,560.998
27809,561.006
27810,561.013
27811,561.071
27812,561.078
27813,561.085
27814,561.091
27815,561.098
27816,561.150
27817,561.157
27818,561.165
27819,561.172
27820,561.180
27821,561.232
27822,561.239
27823,561.247
27824,561.254
27825,561.308
27826,561.315
27827,561.322
27828,561.327
27829,561.334
27830,561.388
27831,561.396
27832,561.403
27833,561.409
27834,561.420
27835,561.424
27836,561.485
27837,561.493
27838,561.501
27839,561.507
27840,561.515
27841,561.570
27842,561.577
27843,561.584
27844,561.591
27845,561.598
27846,561.604
27847,561.663
27848,561.671
27849,561.678
27850,561.684
27851,561.691
27852,561.744
27853,561.751
27854,561.757
27855,561.765
27856,561.772
27857,561.825
27858,561.832
27859,561.839
27860,561.845
27861,561.853
27862,561.905
27863,561.913
27864,561.920
27865,561.926
27866,561.933
27867,561.980
27868,561.985
27869,561.990
27870,562.056
27871,562.066
27872,562.075
27873,562.138
27874,562.148
27875,562.158
27876,562.224
27877,562.233
27878,562.242
27879,562.302
27880,562.312
27881,562.321
27882,562.382
27883,562.392
27884,562.401
27885,562.464
27886,562.475
27887,562.484
27888,562.548
27889,562.599
27890,562.606
27891,562.612
27892,562.618
27893,562.624
27894,562.631
27895,562.637
27896,562.644
27897,562.650
27898,562.657
27899,562.664
27900,562.672
27901,562.679
27902,562.686
27903,562.738
27904,562.744
27905,562.750
27906,562.794
27907,562.802
27908,562.807
27909,562.856
27910,562.862
27911,562.867
27912,562.874
27913,562.880
27914,562.931
27915,562.938
27916,562.944
27917,562.995
27918,563.041
27919,563.047
27920,563.053
27921,563.059
27922,563.065
27923,563.071
27924,563.077
27925,563.098
27926,563.141
27927,563.182
27928,563.189
27929,563.194
27930,563.201
27931,563.207
27932,563.213
27933,563.267
27934,563.274
27935,563.281
27936,563.287
27937,563.294
27938,563.347
27939,563.353
27940,563.359
27941,563.367
27942,563.373
27943,563.379
27944,563.422
27945,563.428
27946,563.434
27947,563.441
27948,563.447
27949,563.453
27950,563.508
27951,563.514
27952,563.521
27953,563.527
27954,563.534
27955,563.579
27956,563.586
27957,563.597
27958,563.609
27959,563.619
27960,563.642
27961,563.683
27962,563.747
27963,563.755
27964,563.763
27965,563.772
27966,563.780
27967,563.809
27968,563.864
27969,563.935
27970,563.944
27971,563.953
27972,563.959
27973,563.967
27974,564.027
27975,564.034
27976,564.040
27977,564.045
27978,564.051
27979,564.100
27980,564.107
27981,564.113
27982,564.117
27983,564.123
27984,564.169
27985,564.175
27986,564.182
27987,564.187
27988,564.193
27989,564.246
27990,564.293
27991,564.299
27992,564.306
27993,564.312
27994,564.318
27995,564.325
27996,564.331
27997,564.338
27998,564.344
27999,564.351
28000,564.357
28001,564.363
28002,564.369
28003,564.376
28004,564.383
28005,564.390
28006,564.397
28007,564.404
28008,564.411
28009,564.418
28010,564.426
28011,564.450
28012,564.497
28013,564.544
28014,564.551
28015,564.558
28016,564.566
28017,564.573
28018,564.580
28019,564.626
28020,564.633
28021,564.641
28022,564.648
28023,564.655
28024,564.661
28025,564.718
28026,564.725
28027,564.733
28028,564.738
28029,564.744
28030,564.795
28031,564.802
28032,564.809
28033,564.814
28034,564.821
28035,564.827
28036,564.904
28037,564.904
28038,564.904
28039,564.904
28040,564.904
28041,564.909
28042,564.966
28043,564.972
28044,564.978
28045,564.983
28046,564.990
28047,565.037
28048,565.043
28049,565.048
28050,565.053
28051,565.058
28052,565.124
28053,565.133
28054,565.142
28055,565.148
28056,565.158
28057,565.230
28058,565.240
28059,565.249
28060,565.256
28061,565.268
28062,565.280
28063,565.357
28064,565.367
28065,565.377
28066,565.384
28067,565.393
28068,565.455
28069,565.465
28070,565.474
28071,565.485
28072,565.498
28073,565.556
28074,565.563
28075,565.570
28076,565.577
28077,565.628
28078,565.635
28079,565.641
28080,565.646
28081,565.653
28082,565.703
28083,565.711
28084,565.717
28085,565.723
28086,565.730
28087,565.737
28088,565.795
28089,565.802
28090,565.810
28091,565.815
28092,565.822
28093,565.875
28094,565.882
28095,565.889
28096,565.896
28097,565.903
28098,565.910
28099,565.964
28100,565.971
28101,565.978
28102,565.983
28103,565.990
28104,566.039
28105,566.047
28106,566.054
28107,566.062
28108,566.070
28109,566.122
28110,566.129
28111,566.136
28112,566.144
28113,566.151
28114,566.198
28115,566.205
28116,566.211
28117,566.217
28118,566.224
28119,566.268
28120,566.274
28121,566.280
28122,566.325
28123,566.332
28124,566.338
28125,566.382
28126,566.389
28127,566.394
28128,566.438
28129,566.444
28130,566.450
28131,566.494
28132,566.500
28133,566.506
28134,566.551
28135,566.558
28136,566.564
28137,566.612
28138,566.619
28139,566.624
28140,566.704
28141,566.772
28142,566.783
28143,566.793
28144,566.803
28145,566.818
28146,566.828
28147,566.837
28148,566.847
28149,566.857
28150,566.866
28151,566.875
28152,566.885
28153,566.895
28154,566.905
28155,567.000
28156,567.010
28157,567.020
28158,567.094
28159,567.101
28160,567.108
28161,567.114
28162,567.165
28163,567.172
28164,567.178
28165,567.184
28166,567.190
28167,567.197
28168,567.270
28169,567.278
28170,567.285
28171,567.343
28172,567.393
28173,567.400
28174,567.407
28175,567.414
28176,567.421
28177,567.428
28178,567.434
28179,567.457
28180,567.506
28181,567.561
28182,567.568
28183,567.576
28184,567.584
28185,567.591
28186,567.598
28187,567.605
28188,567.686
28189,567.694
28190,567.702
28191,567.710
28192,567.717
28193,567.781
28194,567.789
28195,567.796
28196,567.804
28197,567.811
28198,567.818
28199,567.825
28200,567.882
28201,567.889
28202,567.896
28203,567.904
28204,567.912
28205,567.919
28206,567.926
28207,568.012
28208,568.020
28209,568.029
28210,568.039
28211,568.048
28212,568.111
28213,568.119
28214,568.127
28215,568.135
28216,568.144
28217,568.151
28218,568.160
28219,568.215
28220,568.278
28221,568.278
28222,568.279
28223,568.291
28224,568.302
28225,568.334
28226,568.402
28227,568.517
28228,568.527
28229,568.538
28230,568.548
28231,568.559
28232,568.635
28233,568.646
28234,568.656
28235,568.665
28236,568.697
28237,568.709
28238,568.780
28239,568.789
28240,568.797
28241,568.805
28242,568.812
28243,568.868
28244,568.875
28245,568.883
28246,568.958
28247,568.966
28248,568.973
28249,568.981
28250,568.990
28251,569.065
28252,569.073
28253,569.080
28254,569.088
28255,569.096
28256,569.155
28257,569.207
28258,569.214
28259,569.221
28260,569.228
28261,569.235
28262,569.242
28263,569.249
28264,569.257
28265,569.264
28266,569.273
28267,569.280
28268,569.290
28269,569.300
28270,569.310
28271,569.320
28272,569.331
28273,569.341
28274,569.352
28275,569.363
28276,569.373
28277,569.384
28278,569.409
28279,569.463
28280,569.521
28281,569.528
28282,569.537
28283,569.545
28284,569.553
28285,569.561
28286,569.569
28287,569.627
28288,569.635
28289,569.643
28290,569.651
28291,569.659
28292,569.666
28293,569.674
28294,569.766
28295,569.775
28296,569.786
28297,569.795
28298,569.803
28299,569.868
28300,569.875
28301,569.881
28302,569.888
28303,569.894
28304,569.900
28305,569.912
28306,569.987
28307,569.997
28308,570.046
28309,570.046
28310,570.046
28311,570.046
28312,570.046
28313,570.160
28314,570.172
28315,570.183
28316,570.193
28317,570.204
28318,570.301
28319,570.312
28320,570.325
28321,570.336
28322,570.348
28323,570.447
28324,570.455
28325,570.464
28326,570.473
28327,570.482
28328,570.545
28329,570.553
28330,570.561
28331,570.568
28332,570.575
28333,570.582
28334,570.590
28335,570.675
28336,570.684
28337,570.693
28338,570.702
28339,570.710
28340,570.797
28341,570.806
28342,570.816
28343,570.826
28344,570.834
28345,570.916
28346,570.925
28347,570.935
28348,570.946
28349,571.035
28350,571.043
28351,571.052
28352,571.060
28353,571.068
28354,571.134
28355,571.142
28356,571.150
28357,571.156
28358,571.163
28359,571.171
28360,571.179
28361,571.262
28362,571.270
28363,571.279
28364,571.288
28365,571.296
28366,571.358
28367,571.366
28368,571.374
28369,571.382
28370,571.389
28371,571.396
28372,571.404
28373,571.484
28374,571.493
28375,571.501
28376,571.509
28377,571.517
28378,571.596
28379,571.604
28380,571.612
28381,571.619
28382,571.626
28383,571.723
28384,571.748
28385,571.748
28386,571.753
28387,571.765
28388,571.864
28389,571.875
28390,571.886
28391,571.896
28392,571.907
28393,572.009
28394,572.019
28395,572.028
28396,572.141
28397,572.153
28398,572.160
28399,572.238
28400,572.246
28401,572.253
28402,572.330
28403,572.338
28404,572.345
28405,572.422
28406,572.430
28407,572.437
28408,572.517
28409,572.526
28410,572.534
28411,572.611
28412,572.618
28413,572.626
28414,572.656
28415,572.662
28416,572.712
28417,572.724
28418,572.729
28419,572.737
28420,572.743
28421,572.765
28422,572.778
28423,572.807
28424,572.862
28425,572.868
28426,572.909
28427,572.984
28428,572.990
28429,572.996
28430,573.001
28431,573.007
28432,573.012
28433,573.035
28434,573.120
28435,573.126
28436,573.131
28437,573.136
28438,573.159
28439,573.165
28440,573.170
28441,573.176
28442,573.181
28443,573.187
28444,573.194
28445,573.207
28446,573.212
28447,573.222
28448,573.227
28449,573.232
28450,573.238
28451,573.243
28452,573.253
28453,573.294
28454,573.300
28455,573.305
28456,573.310
28457,573.347
28458,573.358
28459,573.367
28460,573.376
28461,573.385
28462,573.393
28463,573.399
28464,573.416
28465,573.424
28466,573.439
28467,573.447
28468,573.456
28469,573.469
28470,573.485
28471,573.493
28472,573.501
28473,573.509
28474,573.517
28475,573.524
28476,573.534
28477,573.550
28478,573.558
28479,573.571
28480,573.579
28481,573.588
28482,573.596
28483,573.603
28484,573.622
28485,573.676
28486,573.686
28487,573.697
28488,573.705
28489,573.744
28490,573.750
28491,573.755
28492,573.762
28493,573.768
28494,573.774
28495,573.780
28496,573.792
28497,573.798
28498,573.807
28499,573.813
28500,573.818
28501,573.824
28502,573.836
28503,573.841
28504,573.847
28505,573.852
28506,573.857
28507,573.863
28508,573.871
28509,573.882
28510,573.888
28511,573.898
28512,573.904
28513,573.910
28514,573.915
28515,573.920
28516,573.934
28517,573.977
28518,573.983
28519,573.990
28520,573.996
28521,574.036
28522,574.042
28523,574.047
28524,574.053
28525,574.058
28526,574.064
28527,574.069
28528,574.080
28529,574.086
28530,574.095
28531,574.101
28532,574.106
28533,574.112
28534,574.123
28535,574.129
28536,574.134
28537,574.140
28538,574.145
28539,574.151
28540,574.159
28541,574.171
28542,574.176
28543,574.186
28544,574.192
28545,574.197
28546,574.203
28547,574.208
28548,574.222
28549,574.269
28550,574.276
28551,574.283
28552,574.289
28553,574.330
28554,574.336
28555,574.342
28556,574.348
28557,574.354
28558,574.359
28559,574.365
28560,574.376
28561,574.382
28562,574.391
28563,574.397
28564,574.403
28565,574.408
28566,574.441
28567,574.447
28568,574.457
28569,574.463
28570,574.485
28571,574.512
28572,574.556
28573,574.562
28574,574.567
28575,574.573
28576,574.578
28577,574.584
28578,574.589
28579,574.595
28580,574.638
28581,574.643
28582,574.647
28583,574.709
28584,574.718
28585,574.728
28586,574.774
28587,574.783
28588,574.792
28589,574.849
28590,574.858
28591,574.866
28592,574.901
28593,574.917
28594,574.925
28595,574.961
28596,574.978
28597,574.987
28598,575.025
28599,575.042
28600,575.051
28601,575.492
28602,575.499
28603,575.856
28604,576.248
28605,576.255
28606,576.606
28607,576.641
28608,576.648
28609,576.675
28610,576.681
28611,576.686
28612,576.692
28613,576.728
28614,576.733
28615,576.758
28616,576.764
28617,576.769
28618,576.788
28619,576.793
28620,576.798
28621,576.804
28622,577.638
28623,577.648
28624,577.657
28625,578.414
28626,578.453
28627,578.486
28628,578.513
28629,578.567
28630,578.573
28631,578.579
28632,578.585
28633,578.590
28634,578.596
28635,578.602
28636,578.607
28637,578.614
28638,578.620
28639,578.625
28640,578.650
28641,578.746
28642,578.752
28643,578.757
28644,578.763
28645,578.809
28646,578.816
28647,578.822
28648,578.865
28649,578.872
28650,578.878
28651,578.918
28652,578.930
28653,578.938
28654,578.944
28655,578.959
28656,578.971
28657,578.976
28658,578.987
28659,578.997
28660,579.003
28661,579.039
28662,579.050
28663,579.056
28664,579.105
28665,579.111
28666,579.117
28667,579.165
28668,579.168
28669,579.174
28670,579.206
28671,579.212
28672,579.217
28673,579.222
28674,579.228
28675,579.234
28676,579.239
28677,579.274
28678,579.367
28679,579.374
28680,579.379
28681,579.385
28682,579.434
28683,579.439
28684,579.443
28685,579.494
28686,579.514
28687,579.526
28688,579.536
28689,579.567
28690,579.584
28691,579.595
28692,579.604
28693,579.632
28694,579.648
28695,579.660
28696,579.710
28697,579.719
28698,579.727
28699,579.735
28700,579.742
28701,579.750
28702,579.758
28703,579.766
28704,579.774
28705,579.818
28706,579.935
28707,579.945
28708,579.954
28709,579.964
28710,580.013
28711,580.019
28712,580.024
28713,580.056
28714,580.067
28715,580.073
28716,580.103
28717,580.114
28718,580.122
28719,580.128
28720,580.151
28721,580.162
28722,580.170
28723,580.176
28724,580.190
28725,580.202
28726,580.207
28727,580.233
28728,580.244
28729,580.249
28730,580.290
28731,580.302
28732,580.310
28733,580.316
28734,580.321
28735,580.327
28736,580.333
28737,580.338
28738,580.344
28739,580.349
28740,580.355
28741,580.361
28742,580.367
28743,580.373
28744,580.379
28745,580.386
28746,580.392
28747,580.399
28748,580.436
28749,580.530
28750,580.538
28751,580.545
28752,580.551
28753,580.597
28754,580.604
28755,580.610
28756,580.654
28757,580.666
28758,580.674
28759,580.680
28760,580.723
28761,580.731
28762,580.738
28763,580.778
28764,580.790
28765,580.798
28766,580.803
28767,580.808
28768,580.820
28769,580.825
28770,580.834
28771,580.845
28772,580.852
28773,580.877
28774,580.888
28775,580.893
28776,580.902
28777,580.913
28778,580.918
28779,580.944
28780,580.955
28781,580.963
28782,580.969
28783,580.973
28784,580.983
28785,580.988
28786,580.998
28787,581.009
28788,581.014
28789,581.038
28790,581.047
28791,581.051
28792,581.085
28793,581.103
28794,581.112
28795,581.143
28796,581.159
28797,581.168
28798,581.225
28799,581.233
28800,581.241
28801,581.249
28802,581.256
28803,581.263
28804,581.271
28805,581.279
28806,581.286
28807,581.294
28808,581.302
28809,581.310
28810,581.318
28811,581.326
28812,581.334
28813,581.342
28814,581.350
28815,581.358
28816,581.366
28817,581.374
28818,581.429
