n,seconds
1,0.000
2,0.013
3,0.023
4,0.026
5,0.049
6,0.051
7,0.066
8,0.076
9,0.078
10,0.181
11,0.183
12,0.256
13,0.290
14,0.292
15,0.294
16,0.327
17,0.329
18,0.332
19,0.372
20,0.372
21,0.372
22,0.372
23,0.372
24,0.391
25,0.393
26,0.414
27,0.426
28,0.428
29,0.558
30,0.561
31,0.669
32,0.714
33,0.717
34,0.720
35,0.749
36,0.752
37,0.754
38,0.757
39,0.759
40,0.764
41,0.777
42,0.778
43,0.802
44,0.804
45,0.818
46,0.828
47,0.830
48,0.935
49,0.938
50,1.019
51,1.053
52,1.056
53,1.058
54,1.080
55,1.082
56,1.084
57,1.086
58,1.088
59,1.092
60,1.103
61,1.105
62,1.125
63,1.127
64,1.140
65,1.150
66,1.152
67,1.266
68,1.269
69,1.354
70,1.389
71,1.391
72,1.393
73,1.416
74,1.418
75,1.421
76,1.423
77,1.425
78,1.428
79,1.438
80,1.440
81,1.461
82,1.463
83,1.477
84,1.487
85,1.489
86,1.605
87,1.608
88,1.694
89,1.726
90,1.729
91,1.731
92,1.755
93,1.757
94,1.759
95,1.761
96,1.763
97,1.766
98,1.777
99,1.779
100,1.801
101,1.803
102,1.816
103,1.825
104,1.827
105,1.936
106,1.938
107,2.045
108,2.087
109,2.089
110,2.092
111,2.121
112,2.123
113,2.125
114,2.128
115,2.130
116,2.135
117,2.150
118,2.152
119,2.182
120,2.184
121,2.205
122,2.221
123,2.223
124,2.370
125,2.374
126,2.475
127,2.513
128,2.515
129,2.517
130,2.538
131,2.540
132,2.542
133,2.544
134,2.546
135,2.549
136,2.561
137,2.563
138,2.585
139,2.587
140,2.600
141,2.611
142,2.613
143,2.725
144,2.727
145,2.817
146,2.851
147,2.854
148,2.856
149,2.878
150,2.880
151,2.882
152,2.884
153,2.886
154,2.890
155,2.901
156,2.903
157,2.925
158,2.928
159,2.941
160,2.953
161,2.955
162,3.077
163,3.080
164,3.173
165,3.208
166,3.211
167,3.213
168,3.235
169,3.238
170,3.240
171,3.242
172,3.244
173,3.247
174,3.258
175,3.260
176,3.282
177,3.284
178,3.298
179,3.308
180,3.310
181,3.430
182,3.433
183,3.535
184,3.571
185,3.573
186,3.575
187,3.597
188,3.599
189,3.602
190,3.603
191,3.605
192,3.608
193,3.624
194,3.627
195,3.663
196,3.666
197,3.687
198,3.707
199,3.710
200,3.880
201,3.883
202,4.010
203,4.057
204,4.060
205,4.063
206,4.096
207,4.099
208,4.102
209,4.105
210,4.107
211,4.113
212,4.124
213,4.126
214,4.151
215,4.153
216,4.169
217,4.181
218,4.183
219,4.310
220,4.312
221,4.410
222,4.460
223,4.461
224,4.461
225,4.472
226,4.474
227,4.476
228,4.478
229,4.480
230,4.484
231,4.495
232,4.498
233,4.522
234,4.524
235,4.538
236,4.548
237,4.550
238,4.677
239,4.680
240,4.788
241,4.826
242,4.829
243,4.832
244,4.856
245,4.859
246,4.862
247,4.866
248,4.869
249,4.873
250,4.886
251,4.889
252,4.921
253,4.924
254,4.942
255,4.958
256,4.961
257,4.968
258,4.977
259,4.980
260,5.125
261,5.130
262,5.134
263,5.138
264,5.251
265,5.388
266,5.392
267,5.395
268,5.398
269,5.532
270,5.606
271,5.610
272,5.613
273,5.665
274,5.668
275,5.671
276,5.673
277,5.676
278,5.679
279,5.738
280,5.741
281,5.743
282,5.758
283,5.776
284,5.779
285,5.822
286,5.825
287,5.851
288,5.867
289,5.869
290,6.011
291,6.014
292,6.126
293,6.180
294,6.182
295,6.185
296,6.224
297,6.226
298,6.228
299,6.230
300,6.232
301,6.234
302,6.276
303,6.278
304,6.280
305,6.291
306,6.303
307,6.305
308,6.333
309,6.335
310,6.352
311,6.364
312,6.367
313,6.516
314,6.519
315,6.638
316,6.688
317,6.691
318,6.693
319,6.731
320,6.733
321,6.736
322,6.738
323,6.741
324,6.743
325,6.788
326,6.790
327,6.793
328,6.804
329,6.817
330,6.819
331,6.846
332,6.849
333,6.865
334,6.877
335,6.880
336,7.023
337,7.026
338,7.138
339,7.200
340,7.202
341,7.205
342,7.252
343,7.255
344,7.258
345,7.260
346,7.263
347,7.266
348,7.323
349,7.326
350,7.329
351,7.344
352,7.362
353,7.364
354,7.504
355,7.508
356,7.620
357,7.648
358,7.671
359,7.674
360,7.817
361,7.821
362,7.824
363,7.928
364,8.080
365,8.084
366,8.087
367,8.213
368,8.340
369,8.345
370,8.347
371,8.456
372,8.474
373,8.486
374,8.488
375,8.520
376,8.522
377,8.568
378,8.571
379,8.573
380,8.611
381,8.614
382,8.616
383,8.618
384,8.620
385,8.623
386,8.625
387,8.671
388,8.674
389,8.676
390,8.688
391,8.700
392,8.702
393,8.804
394,8.806
395,8.881
396,8.896
397,8.905
398,8.907
399,8.946
400,8.949
401,8.967
402,8.987
403,8.987
404,9.026
405,9.028
406,9.047
407,9.064
408,9.066
409,9.102
410,9.104
411,9.124
412,9.140
413,9.142
414,9.182
415,9.184
416,9.221
417,9.224
418,9.227
419,9.230
420,9.233
421,9.236
422,9.240
423,9.244
424,9.248
425,9.252
426,9.256
427,9.260
428,9.265
429,9.269
430,9.293
431,9.347
432,9.350
433,9.354
434,9.357
435,9.408
436,9.413
437,9.418
438,9.423
439,9.453
440,9.457
441,9.461
442,9.464
443,9.500
444,9.504
445,9.509
446,9.512
447,9.557
448,9.564
449,9.569
450,9.575
451,9.609
452,9.613
453,9.616
454,9.620
455,9.655
456,9.658
457,9.663
458,9.666
459,9.701
460,9.705
461,9.709
462,9.712
463,9.733
464,9.752
465,9.754
466,9.764
467,9.781
468,9.818
469,9.822
470,9.825
471,9.829
472,9.842
473,9.845
474,9.849
475,9.852
476,9.886
477,9.890
478,9.894
479,9.897
480,9.930
481,9.934
482,9.938
483,9.943
484,9.973
485,9.977
486,9.980
487,9.983
488,9.986
489,9.989
490,9.991
491,9.994
492,9.997
493,10.001
494,10.005
495,10.009
496,10.013
497,10.018
498,10.034
499,10.085
500,10.091
501,10.097
502,10.102
503,10.154
504,10.161
505,10.169
506,10.175
507,10.210
508,10.215
509,10.220
510,10.225
511,10.264
512,10.270
513,10.277
514,10.282
515,10.329
516,10.335
517,10.342
518,10.348
519,10.389
520,10.393
521,10.398
522,10.402
523,10.459
524,10.464
525,10.469
526,10.473
527,10.524
528,10.529
529,10.533
530,10.538
531,10.570
532,10.597
533,10.599
534,10.612
535,10.633
536,10.687
537,10.691
538,10.695
539,10.698
540,10.714
541,10.718
542,10.722
543,10.726
544,10.772
545,10.777
546,10.782
547,10.786
548,10.834
549,10.838
550,10.842
551,10.847
552,10.890
553,10.943
554,10.946
555,10.949
556,10.952
557,10.955
558,10.958
559,10.961
560,10.964
561,10.968
562,10.971
563,10.974
564,10.978
565,10.981
566,10.984
567,11.026
568,11.028
569,11.031
570,11.063
571,11.066
572,11.068
573,11.103
574,11.105
575,11.108
576,11.142
577,11.145
578,11.148
579,11.188
580,11.195
581,11.200
582,11.238
583,11.243
584,11.248
585,11.292
586,11.345
587,11.349
588,11.352
589,11.356
590,11.359
591,11.362
592,11.365
593,11.368
594,11.372
595,11.376
596,11.379
597,11.383
598,11.386
599,11.390
600,11.394
601,11.399
602,11.403
603,11.407
604,11.411
605,11.414
606,11.418
607,11.445
608,11.492
609,11.535
610,11.540
611,11.545
612,11.549
613,11.582
614,11.586
615,11.590
616,11.594
617,11.632
618,11.637
619,11.642
620,11.646
621,11.682
622,11.687
623,11.691
624,11.694
625,11.732
626,11.736
627,11.740
628,11.744
629,11.778
630,11.783
631,11.789
632,11.795
633,11.830
634,11.836
635,11.842
636,11.848
637,11.883
638,11.887
639,11.891
640,11.895
641,11.923
642,11.926
643,11.929
644,11.933
645,11.979
646,11.983
647,11.987
648,11.991
649,12.038
650,12.043
651,12.046
652,12.050
653,12.095
654,12.098
655,12.102
656,12.106
657,12.151
658,12.154
659,12.157
660,12.161
661,12.202
662,12.205
663,12.209
664,12.212
665,12.259
666,12.263
667,12.268
668,12.272
669,12.321
670,12.325
671,12.329
672,12.333
673,12.382
674,12.385
675,12.388
676,12.391
677,12.427
678,12.430
679,12.433
680,12.456
681,12.480
682,12.480
683,12.481
684,12.484
685,12.518
686,12.520
687,12.523
688,12.526
689,12.560
690,12.562
691,12.565
692,12.603
693,12.607
694,12.609
695,12.647
696,12.650
697,12.653
698,12.690
699,12.693
700,12.696
701,12.734
702,12.737
703,12.740
704,12.776
705,12.779
706,12.782
707,12.818
708,12.821
709,12.823
710,12.872
711,12.935
712,12.940
713,12.945
714,12.950
715,12.955
716,12.960
717,12.966
718,12.972
719,12.977
720,12.982
721,12.988
722,12.994
723,13.000
724,13.006
725,13.070
726,13.075
727,13.080
728,13.173
729,13.183
730,13.192
731,13.254
732,13.260
733,13.264
734,13.324
735,13.330
736,13.334
737,13.397
738,13.406
739,13.412
740,13.475
741,13.481
742,13.487
743,13.549
744,13.627
745,13.631
746,13.634
747,13.638
748,13.642
749,13.646
750,13.650
751,13.655
752,13.659
753,13.664
754,13.668
755,13.673
756,13.678
757,13.682
758,13.687
759,13.692
760,13.696
761,13.701
762,13.706
763,13.711
764,13.716
765,13.755
766,13.818
767,13.900
768,13.905
769,13.909
770,13.914
771,13.978
772,13.982
773,13.986
774,13.991
775,14.058
776,14.062
777,14.066
778,14.070
779,14.125
780,14.129
781,14.133
782,14.137
783,14.187
784,14.191
785,14.195
786,14.200
787,14.262
788,14.265
789,14.269
790,14.273
791,14.320
792,14.324
793,14.328
794,14.331
795,14.396
796,14.400
797,14.404
798,14.408
799,14.462
800,14.466
801,14.470
802,14.473
803,14.528
804,14.531
805,14.535
806,14.539
807,14.598
808,14.603
809,14.607
810,14.611
811,14.667
812,14.674
813,14.679
814,14.683
815,14.754
816,14.758
817,14.762
818,14.771
819,14.828
820,14.832
821,14.836
822,14.840
823,14.895
824,14.899
825,14.903
826,14.906
827,14.981
828,14.985
829,14.990
830,14.995
831,15.075
832,15.079
833,15.084
834,15.088
835,15.164
836,15.168
837,15.173
838,15.177
839,15.255
840,15.260
841,15.264
842,15.269
843,15.331
844,15.334
845,15.338
846,15.342
847,15.401
848,15.405
849,15.408
850,15.465
851,15.469
852,15.473
853,15.528
854,15.532
855,15.535
856,15.583
857,15.587
858,15.590
859,15.644
860,15.648
861,15.652
862,15.704
863,15.708
864,15.712
865,15.763
866,15.766
867,15.770
868,15.810
869,15.854
870,15.857
871,15.860
872,15.863
873,15.866
874,15.868
875,15.871
876,15.874
877,15.877
878,15.880
879,15.883
880,15.886
881,15.889
882,15.892
883,15.945
884,15.948
885,15.951
886,15.989
887,16.035
888,16.037
889,16.092
890,16.096
891,16.099
892,16.153
893,16.157
894,16.161
895,16.222
896,16.228
897,16.234
898,16.318
899,16.323
900,16.328
901,16.384
902,16.445
903,16.448
904,16.451
905,16.454
906,16.456
907,16.459
908,16.462
909,16.466
910,16.469
911,16.473
912,16.476
913,16.479
914,16.483
915,16.487
916,16.541
917,16.541
918,16.541
919,16.541
920,16.541
921,16.541
922,16.541
923,16.549
924,16.611
925,16.687
926,16.691
927,16.695
928,16.699
929,16.749
930,16.753
931,16.757
932,16.761
933,16.819
934,16.823
935,16.827
936,16.831
937,16.882
938,16.886
939,16.890
940,16.894
941,16.941
942,16.945
943,16.949
944,16.952
945,17.012
946,17.017
947,17.022
948,17.027
949,17.072
950,17.076
951,17.080
952,17.084
953,17.149
954,17.153
955,17.157
956,17.161
957,17.211
958,17.215
959,17.219
960,17.223
961,17.278
962,17.282
963,17.286
964,17.290
965,17.353
966,17.357
967,17.362
968,17.366
969,17.423
970,17.429
971,17.434
972,17.438
973,17.496
974,17.499
975,17.503
976,17.507
977,17.562
978,17.566
979,17.569
980,17.573
981,17.639
982,17.643
983,17.648
984,17.652
985,17.733
986,17.737
987,17.741
988,17.745
989,17.824
990,17.828
991,17.833
992,17.837
993,17.917
994,17.921
995,17.926
996,17.930
997,18.004
998,18.008
999,18.012
1000,18.015
1001,18.063
1002,18.066
1003,18.071
1004,18.074
1005,18.131
1006,18.135
1007,18.138
1008,18.195
1009,18.199
1010,18.202
1011,18.259
1012,18.263
1013,18.266
1014,18.320
1015,18.324
1016,18.327
1017,18.393
1018,18.398
1019,18.402
1020,18.458
1021,18.462
1022,18.466
1023,18.524
1024,18.527
1025,18.531
1026,18.575
1027,18.627
1028,18.630
1029,18.633
1030,18.637
1031,18.639
1032,18.643
1033,18.646
1034,18.649
1035,18.653
1036,18.656
1037,18.660
1038,18.663
1039,18.667
1040,18.671
1041,18.734
1042,18.737
1043,18.741
1044,18.852
1045,18.860
1046,18.867
1047,18.924
1048,18.928
1049,18.931
1050,19.008
1051,19.013
1052,19.017
1053,19.106
1054,19.112
1055,19.117
1056,19.200
1057,19.205
1058,19.210
1059,19.267
1060,19.343
1061,19.346
1062,19.348
1063,19.351
1064,19.353
1065,19.356
1066,19.358
1067,19.360
1068,19.363
1069,19.366
1070,19.369
1071,19.372
1072,19.374
1073,19.377
1074,19.380
1075,19.383
1076,19.386
1077,19.389
1078,19.392
1079,19.395
1080,19.398
1081,19.422
1082,19.471
1083,19.528
1084,19.532
1085,19.536
1086,19.539
1087,19.589
1088,19.593
1089,19.597
1090,19.601
1091,19.658
1092,19.662
1093,19.666
1094,19.670
1095,19.721
1096,19.725
1097,19.728
1098,19.732
1099,19.778
1100,19.781
1101,19.785
1102,19.788
1103,19.848
1104,19.852
1105,19.856
1106,19.860
1107,19.909
1108,19.912
1109,19.916
1110,19.920
1111,19.985
1112,19.990
1113,19.994
1114,19.998
1115,20.051
1116,20.055
1117,20.059
1118,20.063
1119,20.124
1120,20.128
1121,20.132
1122,20.136
1123,20.203
1124,20.206
1125,20.211
1126,20.215
1127,20.266
1128,20.272
1129,20.276
1130,20.280
1131,20.353
1132,20.357
1133,20.362
1134,20.367
1135,20.455
1136,20.460
1137,20.464
1138,20.469
1139,20.552
1140,20.557
1141,20.562
1142,20.566
1143,20.651
1144,20.655
1145,20.660
1146,20.664
1147,20.744
1148,20.748
1149,20.752
1150,20.756
1151,20.822
1152,20.826
1153,20.830
1154,20.833
1155,20.892
1156,20.896
1157,20.900
1158,20.903
1159,20.949
1160,20.953
1161,20.957
1162,20.960
1163,21.016
1164,21.020
1165,21.023
1166,21.078
1167,21.082
1168,21.085
1169,21.143
1170,21.149
1171,21.153
1172,21.215
1173,21.219
1174,21.223
1175,21.286
1176,21.290
1177,21.294
1178,21.354
1179,21.358
1180,21.361
1181,21.421
1182,21.425
1183,21.429
1184,21.447
1185,21.452
1186,21.454
1187,21.489
1188,21.581
1189,21.636
1190,21.683
1191,21.759
1192,21.761
1193,21.764
1194,21.814
1195,21.891
1196,21.893
1197,21.966
1198,21.971
1199,21.975
1200,21.979
1201,21.983
1202,21.987
1203,22.048
1204,22.119
1205,22.121
1206,22.123
1207,22.125
1208,22.130
1209,22.138
1210,22.140
1211,22.175
1212,22.270
1213,22.329
1214,22.352
1215,22.355
1216,22.358
1217,22.360
1218,22.363
1219,22.366
1220,22.411
1221,22.470
1222,22.472
1223,22.509
1224,22.565
1225,22.568
1226,22.570
1227,22.572
1228,22.574
1229,22.579
1230,22.609
1231,22.612
1232,22.615
1233,22.620
1234,22.624
1235,22.669
1236,22.732
1237,22.735
1238,22.737
1239,22.739
1240,22.827
1241,22.827
1242,22.827
1243,22.827
1244,22.839
1245,22.904
1246,22.906
1247,22.909
1248,22.911
1249,22.956
1250,23.018
1251,23.021
1252,23.024
1253,23.028
1254,23.031
1255,23.034
1256,23.038
1257,23.041
1258,23.045
1259,23.048
1260,23.053
1261,23.056
1262,23.060
1263,23.064
1264,23.131
1265,23.135
1266,23.139
1267,23.212
1268,23.217
1269,23.220
1270,23.293
1271,23.299
1272,23.303
1273,23.394
1274,23.398
1275,23.403
1276,23.520
1277,23.528
1278,23.534
1279,23.620
1280,23.625
1281,23.629
1282,23.688
1283,23.758
1284,23.761
1285,23.763
1286,23.765
1287,23.768
1288,23.770
1289,23.773
1290,23.775
1291,23.778
1292,23.780
1293,23.783
1294,23.786
1295,23.789
1296,23.791
1297,23.794
1298,23.797
1299,23.800
1300,23.803
1301,23.806
1302,23.809
1303,23.812
1304,23.844
1305,23.904
1306,23.976
1307,23.980
1308,23.985
1309,23.988
1310,24.047
1311,24.051
1312,24.055
1313,24.059
1314,24.134
1315,24.138
1316,24.142
1317,24.146
1318,24.215
1319,24.220
1320,24.224
1321,24.228
1322,24.283
1323,24.286
1324,24.291
1325,24.294
1326,24.365
1327,24.368
1328,24.372
1329,24.376
1330,24.430
1331,24.433
1332,24.437
1333,24.441
1334,24.509
1335,24.513
1336,24.517
1337,24.520
1338,24.597
1339,24.603
1340,24.607
1341,24.612
1342,24.706
1343,24.710
1344,24.715
1345,24.719
1346,24.826
1347,24.831
1348,24.837
1349,24.842
1350,24.928
1351,24.936
1352,24.942
1353,24.946
1354,25.036
1355,25.040
1356,25.044
1357,25.047
1358,25.117
1359,25.121
1360,25.125
1361,25.128
1362,25.193
1363,25.196
1364,25.200
1365,25.203
1366,25.266
1367,25.270
1368,25.273
1369,25.277
1370,25.339
1371,25.342
1372,25.346
1373,25.349
1374,25.413
1375,25.416
1376,25.420
1377,25.423
1378,25.487
1379,25.490
1380,25.494
1381,25.498
1382,25.555
1383,25.559
1384,25.563
1385,25.566
1386,25.632
1387,25.636
1388,25.640
1389,25.709
1390,25.713
1391,25.716
1392,25.777
1393,25.781
1394,25.784
1395,25.841
1396,25.844
1397,25.847
1398,25.923
1399,25.926
1400,25.930
1401,26.016
1402,26.021
1403,26.025
1404,26.110
1405,26.114
1406,26.118
1407,26.140
1408,26.155
1409,26.157
1410,26.337
1411,26.340
1412,26.468
1413,26.514
1414,26.516
1415,26.518
1416,26.551
1417,26.553
1418,26.555
1419,26.557
1420,26.559
1421,26.561
1422,26.563
1423,26.598
1424,26.600
1425,26.602
1426,26.605
1427,26.646
1428,26.648
1429,26.650
1430,26.703
1431,26.766
1432,26.768
1433,26.771
1434,26.774
1435,26.777
1436,26.780
1437,26.783
1438,26.786
1439,26.789
1440,26.793
1441,26.796
1442,26.799
1443,26.802
1444,26.806
1445,26.874
1446,26.877
1447,26.881
1448,26.942
1449,26.945
1450,26.948
1451,27.010
1452,27.014
1453,27.017
1454,27.089
1455,27.093
1456,27.097
1457,27.178
1458,27.183
1459,27.188
1460,27.264
1461,27.269
1462,27.273
1463,27.320
1464,27.397
1465,27.400
1466,27.402
1467,27.405
1468,27.408
1469,27.410
1470,27.413
1471,27.416
1472,27.420
1473,27.423
1474,27.426
1475,27.430
1476,27.433
1477,27.437
1478,27.440
1479,27.444
1480,27.447
1481,27.451
1482,27.454
1483,27.458
1484,27.461
1485,27.504
1486,27.585
1487,27.704
1488,27.711
1489,27.717
1490,27.724
1491,27.818
1492,27.823
1493,27.827
1494,27.831
1495,27.914
1496,27.919
1497,27.924
1498,27.928
1499,27.995
1500,27.999
1501,28.003
1502,28.007
1503,28.067
1504,28.071
1505,28.075
1506,28.079
1507,28.150
1508,28.154
1509,28.158
1510,28.162
1511,28.222
1512,28.226
1513,28.231
1514,28.235
1515,28.308
1516,28.311
1517,28.316
1518,28.319
1519,28.394
1520,28.395
1521,28.398
1522,28.402
1523,28.478
1524,28.483
1525,28.488
1526,28.492
1527,28.576
1528,28.581
1529,28.586
1530,28.590
1531,28.659
1532,28.665
1533,28.670
1534,28.674
1535,28.750
1536,28.756
1537,28.760
1538,28.763
1539,28.864
1540,28.869
1541,28.874
1542,28.879
1543,28.975
1544,28.979
1545,28.984
1546,28.988
1547,29.088
1548,29.093
1549,29.098
1550,29.102
1551,29.198
1552,29.202
1553,29.206
1554,29.210
1555,29.287
1556,29.291
1557,29.295
1558,29.299
1559,29.371
1560,29.376
1561,29.380
1562,29.384
1563,29.444
1564,29.452
1565,29.457
1566,29.462
1567,29.529
1568,29.532
1569,29.535
1570,29.601
1571,29.605
1572,29.615
1573,29.673
1574,29.677
1575,29.680
1576,29.742
1577,29.745
1578,29.749
1579,29.816
1580,29.820
1581,29.823
1582,29.896
1583,29.900
1584,29.903
1585,29.969
1586,29.973
1587,29.976
1588,29.994
1589,30.004
1590,30.006
1591,30.189
1592,30.193
1593,30.356
1594,30.415
1595,30.418
1596,30.420
1597,30.461
1598,30.464
1599,30.466
1600,30.468
1601,30.471
1602,30.473
1603,30.476
1604,30.524
1605,30.527
1606,30.529
1607,30.593
1608,30.657
1609,30.660
1610,30.662
1611,30.665
1612,30.668
1613,30.671
1614,30.673
1615,30.676
1616,30.679
1617,30.683
1618,30.686
1619,30.689
1620,30.691
1621,30.695
1622,30.769
1623,30.773
1624,30.777
1625,30.898
1626,30.906
1627,30.913
1628,30.980
1629,30.983
1630,30.987
1631,31.054
1632,31.058
1633,31.062
1634,31.140
1635,31.146
1636,31.151
1637,31.225
1638,31.230
1639,31.234
1640,31.279
1641,31.341
1642,31.343
1643,31.346
1644,31.348
1645,31.350
1646,31.352
1647,31.354
1648,31.357
1649,31.359
1650,31.361
1651,31.363
1652,31.366
1653,31.368
1654,31.371
1655,31.373
1656,31.375
1657,31.378
1658,31.380
1659,31.383
1660,31.385
1661,31.388
1662,31.418
1663,31.475
1664,31.550
1665,31.554
1666,31.559
1667,31.564
1668,31.646
1669,31.651
1670,31.656
1671,31.661
1672,31.764
1673,31.769
1674,31.775
1675,31.780
1676,31.881
1677,31.885
1678,31.890
1679,31.895
1680,31.969
1681,31.972
1682,31.976
1683,31.980
1684,32.051
1685,32.055
1686,32.059
1687,32.063
1688,32.122
1689,32.126
1690,32.130
1691,32.134
1692,32.210
1693,32.214
1694,32.219
1695,32.223
1696,32.292
1697,32.296
1698,32.301
1699,32.305
1700,32.375
1701,32.379
1702,32.384
1703,32.387
1704,32.467
1705,32.471
1706,32.476
1707,32.481
1708,32.551
1709,32.558
1710,32.563
1711,32.568
1712,32.650
1713,32.656
1714,32.661
1715,32.665
1716,32.747
1717,32.752
1718,32.757
1719,32.761
1720,32.838
1721,32.843
1722,32.847
1723,32.851
1724,32.942
1725,32.948
1726,32.953
1727,32.958
1728,33.070
1729,33.075
1730,33.080
1731,33.085
1732,33.193
1733,33.199
1734,33.205
1735,33.210
1736,33.321
1737,33.325
1738,33.330
1739,33.334
1740,33.402
1741,33.407
1742,33.412
1743,33.417
1744,33.491
1745,33.496
1746,33.500
1747,33.576
1748,33.580
1749,33.584
1750,33.656
1751,33.661
1752,33.665
1753,33.729
1754,33.733
1755,33.737
1756,33.815
1757,33.821
1758,33.825
1759,33.913
1760,33.919
1761,33.924
1762,34.013
1763,34.018
1764,34.023
1765,34.093
1766,34.167
1767,34.170
1768,34.173
1769,34.176
1770,34.179
1771,34.182
1772,34.185
1773,34.189
1774,34.192
1775,34.196
1776,34.199
1777,34.203
1778,34.207
1779,34.212
1780,34.284
1781,34.288
1782,34.292
1783,34.352
1784,34.356
1785,34.359
1786,34.443
1787,34.448
1788,34.452
1789,34.549
1790,34.554
1791,34.558
1792,34.670
1793,34.676
1794,34.682
1795,34.789
1796,34.794
1797,34.799
1798,34.861
1799,34.926
1800,34.929
1801,34.931
1802,34.934
1803,34.937
1804,34.939
1805,34.942
1806,34.945
1807,34.948
1808,34.951
1809,34.954
1810,34.956
1811,34.959
1812,34.962
1813,34.965
1814,34.968
1815,34.971
1816,34.974
1817,34.977
1818,34.980
1819,34.983
1820,35.016
1821,35.077
1822,35.155
1823,35.160
1824,35.164
1825,35.169
1826,35.233
1827,35.238
1828,35.242
1829,35.246
1830,35.328
1831,35.333
1832,35.337
1833,35.341
1834,35.417
1835,35.421
1836,35.425
1837,35.429
1838,35.494
1839,35.499
1840,35.503
1841,35.507
1842,35.591
1843,35.596
1844,35.601
1845,35.605
1846,35.668
1847,35.673
1848,35.677
1849,35.681
1850,35.760
1851,35.764
1852,35.768
1853,35.773
1854,35.878
1855,35.884
1856,35.889
1857,35.893
1858,35.997
1859,36.002
1860,36.007
1861,36.012
1862,36.122
1863,36.131
1864,36.136
1865,36.141
1866,36.230
1867,36.236
1868,36.241
1869,36.245
1870,36.332
1871,36.338
1872,36.342
1873,36.346
1874,36.424
1875,36.429
1876,36.433
1877,36.437
1878,36.508
1879,36.513
1880,36.517
1881,36.521
1882,36.595
1883,36.601
1884,36.605
1885,36.608
1886,36.684
1887,36.689
1888,36.693
1889,36.697
1890,36.777
1891,36.782
1892,36.787
1893,36.791
1894,36.871
1895,36.877
1896,36.882
1897,36.886
1898,36.963
1899,36.966
1900,36.970
1901,36.974
1902,37.046
1903,37.050
1904,37.053
1905,37.131
1906,37.136
1907,37.140
1908,37.244
1909,37.249
1910,37.253
1911,37.345
1912,37.349
1913,37.354
1914,37.457
1915,37.462
1916,37.466
1917,37.562
1918,37.566
1919,37.570
1920,37.652
1921,37.656
1922,37.659
1923,37.713
1924,37.778
1925,37.781
1926,37.785
1927,37.788
1928,37.790
1929,37.794
1930,37.796
1931,37.800
1932,37.803
1933,37.806
1934,37.809
1935,37.812
1936,37.816
1937,37.819
1938,37.888
1939,37.892
1940,37.895
1941,37.950
1942,37.953
1943,37.956
1944,38.015
1945,38.019
1946,38.023
1947,38.099
1948,38.103
1949,38.107
1950,38.193
1951,38.199
1952,38.203
1953,38.286
1954,38.291
1955,38.295
1956,38.347
1957,38.413
1958,38.416
1959,38.418
1960,38.420
1961,38.423
1962,38.426
1963,38.429
1964,38.431
1965,38.434
1966,38.437
1967,38.440
1968,38.443
1969,38.446
1970,38.449
1971,38.452
1972,38.456
1973,38.460
1974,38.463
1975,38.466
1976,38.470
1977,38.473
1978,38.504
1979,38.561
1980,38.667
1981,38.673
1982,38.677
1983,38.682
1984,38.772
1985,38.775
1986,38.779
1987,38.784
1988,38.893
1989,38.899
1990,38.906
1991,38.911
1992,39.017
1993,39.022
1994,39.026
1995,39.031
1996,39.100
1997,39.105
1998,39.109
1999,39.114
2000,39.194
2001,39.199
2002,39.203
2003,39.208
2004,39.274
2005,39.279
2006,39.283
2007,39.287
2008,39.369
2009,39.374
2010,39.379
2011,39.383
2012,39.463
2013,39.468
2014,39.473
2015,39.476
2016,39.553
2017,39.558
2018,39.562
2019,39.567
2020,39.650
2021,39.657
2022,39.662
2023,39.666
2024,39.739
2025,39.746
2026,39.751
2027,39.755
2028,39.837
2029,39.842
2030,39.847
2031,39.851
2032,39.932
2033,39.936
2034,39.940
2035,39.944
2036,40.050
2037,40.057
2038,40.063
2039,40.067
2040,40.171
2041,40.178
2042,40.183
2043,40.188
2044,40.291
2045,40.299
2046,40.304
2047,40.309
2048,40.396
2049,40.402
2050,40.406
2051,40.410
2052,40.493
2053,40.499
2054,40.503
2055,40.507
2056,40.575
2057,40.580
2058,40.584
2059,40.588
2060,40.661
2061,40.665
2062,40.669
2063,40.743
2064,40.748
2065,40.752
2066,40.826
2067,40.830
2068,40.833
2069,40.901
2070,40.905
2071,40.910
2072,40.986
2073,40.990
2074,40.994
2075,41.074
2076,41.079
2077,41.083
2078,41.159
2079,41.162
2080,41.166
2081,41.215
2082,41.271
2083,41.274
2084,41.276
2085,41.280
2086,41.284
2087,41.287
2088,41.291
2089,41.295
2090,41.299
2091,41.303
2092,41.307
2093,41.311
2094,41.314
2095,41.318
2096,41.413
2097,41.418
2098,41.422
2099,41.494
2100,41.498
2101,41.501
2102,41.574
2103,41.579
2104,41.583
2105,41.674
2106,41.679
2107,41.683
2108,41.769
2109,41.775
2110,41.779
2111,41.859
2112,41.864
2113,41.868
2114,41.920
2115,41.984
2116,41.986
2117,41.988
2118,41.990
2119,41.993
2120,41.995
2121,41.997
2122,42.000
2123,42.002
2124,42.004
2125,42.007
2126,42.009
2127,42.012
2128,42.015
2129,42.017
2130,42.020
2131,42.023
2132,42.026
2133,42.029
2134,42.032
2135,42.034
2136,42.064
2137,42.122
2138,42.191
2139,42.195
2140,42.199
2141,42.203
2142,42.260
2143,42.263
2144,42.267
2145,42.271
2146,42.342
2147,42.346
2148,42.350
2149,42.354
2150,42.424
2151,42.429
2152,42.433
2153,42.436
2154,42.500
2155,42.504
2156,42.508
2157,42.512
2158,42.590
2159,42.595
2160,42.599
2161,42.603
2162,42.662
2163,42.666
2164,42.670
2165,42.673
2166,42.763
2167,42.768
2168,42.773
2169,42.777
2170,42.873
2171,42.877
2172,42.882
2173,42.886
2174,42.973
2175,42.978
2176,42.982
2177,42.987
2178,43.091
2179,43.096
2180,43.100
2181,43.103
2182,43.168
2183,43.174
2184,43.178
2185,43.182
2186,43.254
2187,43.258
2188,43.262
2189,43.266
2190,43.333
2191,43.337
2192,43.341
2193,43.346
2194,43.444
2195,43.449
2196,43.453
2197,43.458
2198,43.543
2199,43.548
2200,43.553
2201,43.557
2202,43.646
2203,43.653
2204,43.660
2205,43.666
2206,43.738
2207,43.742
2208,43.746
2209,43.749
2210,43.818
2211,43.822
2212,43.826
2213,43.829
2214,43.891
2215,43.894
2216,43.898
2217,43.902
2218,43.973
2219,43.977
2220,43.980
2221,44.047
2222,44.050
2223,44.054
2224,44.122
2225,44.125
2226,44.129
2227,44.212
2228,44.218
2229,44.223
2230,44.325
2231,44.330
2232,44.334
2233,44.434
2234,44.439
2235,44.443
2236,44.539
2237,44.543
2238,44.547
2239,44.574
2240,44.576
2241,44.597
2242,44.599
2243,44.634
2244,44.637
2245,44.825
2246,44.829
2247,44.832
2248,44.835
2249,45.001
2250,45.027
2251,45.047
2252,45.049
2253,45.065
2254,45.084
2255,45.099
2256,45.118
2257,45.120
2258,45.298
2259,45.301
2260,45.450
2261,45.473
2262,45.476
2263,45.495
2264,45.497
2265,45.539
2266,45.541
2267,45.544
2268,45.578
2269,45.580
2270,45.582
2271,45.584
2272,45.586
2273,45.588
2274,45.590
2275,45.592
2276,45.631
2277,45.633
2278,45.635
2279,45.646
2280,45.657
2281,45.659
2282,45.677
2283,45.687
2284,45.688
2285,45.696
2286,45.698
2287,45.700
2288,45.703
2289,45.711
2290,45.713
2291,45.724
2292,45.742
2293,45.744
2294,45.795
2295,45.797
2296,45.800
2297,45.803
2298,45.807
2299,45.810
2300,45.812
2301,45.815
2302,45.861
2303,45.864
2304,45.868
2305,45.872
2306,45.875
2307,45.878
2308,45.880
2309,45.933
2310,45.935
2311,45.938
2312,45.940
2313,45.943
2314,45.946
2315,45.948
2316,45.951
2317,45.961
2318,45.963
2319,45.966
2320,45.968
2321,46.012
2322,46.016
2323,46.018
2324,46.021
2325,46.023
2326,46.026
2327,46.029
2328,46.086
2329,46.089
2330,46.092
2331,46.094
2332,46.097
2333,46.100
2334,46.102
2335,46.105
2336,46.158
2337,46.162
2338,46.164
2339,46.168
2340,46.171
2341,46.235
2342,46.240
2343,46.245
2344,46.249
2345,46.253
2346,46.258
2347,46.263
2348,46.267
2349,46.270
2350,46.315
2351,46.318
2352,46.322
2353,46.325
2354,46.344
2355,46.347
2356,46.350
2357,46.353
2358,46.370
2359,46.386
2360,46.394
2361,46.396
2362,46.447
2363,46.512
2364,46.515
2365,46.518
2366,46.521
2367,46.524
2368,46.527
2369,46.531
2370,46.534
2371,46.537
2372,46.541
2373,46.544
2374,46.547
2375,46.551
2376,46.555
2377,46.626
2378,46.629
2379,46.633
2380,46.687
2381,46.691
2382,46.694
2383,46.751
2384,46.754
2385,46.758
2386,46.827
2387,46.830
2388,46.834
2389,46.912
2390,46.917
2391,46.922
2392,46.998
2393,47.004
2394,47.008
2395,47.060
2396,47.126
2397,47.129
2398,47.131
2399,47.134
2400,47.137
2401,47.139
2402,47.142
2403,47.145
2404,47.148
2405,47.151
2406,47.154
2407,47.157
2408,47.160
2409,47.164
2410,47.168
2411,47.171
2412,47.174
2413,47.177
2414,47.181
2415,47.186
2416,47.191
2417,47.224
2418,47.283
2419,47.389
2420,47.393
2421,47.398
2422,47.403
2423,47.493
2424,47.499
2425,47.504
2426,47.508
2427,47.618
2428,47.624
2429,47.629
2430,47.634
2431,47.729
2432,47.733
2433,47.737
2434,47.740
2435,47.801
2436,47.805
2437,47.809
2438,47.812
2439,47.889
2440,47.894
2441,47.897
2442,47.901
2443,47.966
2444,47.972
2445,47.977
2446,47.982
2447,48.071
2448,48.076
2449,48.081
2450,48.085
2451,48.160
2452,48.164
2453,48.169
2454,48.173
2455,48.242
2456,48.246
2457,48.250
2458,48.254
2459,48.331
2460,48.335
2461,48.340
2462,48.344
2463,48.414
2464,48.421
2465,48.425
2466,48.430
2467,48.512
2468,48.517
2469,48.522
2470,48.525
2471,48.601
2472,48.605
2473,48.609
2474,48.612
2475,48.712
2476,48.718
2477,48.723
2478,48.728
2479,48.830
2480,48.834
2481,48.839
2482,48.844
2483,48.949
2484,48.954
2485,48.958
2486,48.963
2487,49.062
2488,49.066
2489,49.071
2490,49.075
2491,49.156
2492,49.160
2493,49.164
2494,49.168
2495,49.234
2496,49.238
2497,49.242
2498,49.246
2499,49.325
2500,49.329
2501,49.333
2502,49.409
2503,49.413
2504,49.417
2505,49.509
2506,49.514
2507,49.519
2508,49.592
2509,49.596
2510,49.600
2511,49.673
2512,49.677
2513,49.681
2514,49.753
2515,49.757
2516,49.761
2517,49.835
2518,49.839
2519,49.842
2520,49.894
2521,49.958
2522,49.961
2523,49.964
2524,49.966
2525,49.969
2526,49.972
2527,49.975
2528,49.978
2529,49.981
2530,49.984
2531,49.986
2532,49.989
2533,49.992
2534,49.995
2535,50.097
2536,50.103
2537,50.108
2538,50.199
2539,50.199
2540,50.199
2541,50.282
2542,50.287
2543,50.291
2544,50.410
2545,50.412
2546,50.419
2547,50.510
2548,50.516
2549,50.521
2550,50.601
2551,50.606
2552,50.610
2553,50.659
2554,50.721
2555,50.724
2556,50.726
2557,50.729
2558,50.731
2559,50.734
2560,50.736
2561,50.739
2562,50.742
2563,50.745
2564,50.748
2565,50.750
2566,50.753
2567,50.756
2568,50.759
2569,50.762
2570,50.765
2571,50.768
2572,50.771
2573,50.774
2574,50.778
2575,50.806
2576,50.863
2577,50.934
2578,50.938
2579,50.942
2580,50.945
2581,51.006
2582,51.010
2583,51.014
2584,51.018
2585,51.096
2586,51.100
2587,51.105
2588,51.109
2589,51.183
2590,51.187
2591,51.191
2592,51.194
2593,51.260
2594,51.264
2595,51.268
2596,51.272
2597,51.346
2598,51.350
2599,51.354
2600,51.358
2601,51.430
2602,51.434
2603,51.439
2604,51.443
2605,51.549
2606,51.554
2607,51.559
2608,51.563
2609,51.659
2610,51.665
2611,51.669
2612,51.673
2613,51.774
2614,51.778
2615,51.782
2616,51.786
2617,51.870
2618,51.874
2619,51.879
2620,51.883
2621,51.951
2622,51.957
2623,51.961
2624,51.966
2625,52.044
2626,52.049
2627,52.053
2628,52.057
2629,52.131
2630,52.135
2631,52.139
2632,52.142
2633,52.215
2634,52.219
2635,52.223
2636,52.226
2637,52.303
2638,52.307
2639,52.311
2640,52.315
2641,52.391
2642,52.395
2643,52.399
2644,52.403
2645,52.482
2646,52.486
2647,52.490
2648,52.494
2649,52.572
2650,52.576
2651,52.580
2652,52.583
2653,52.646
2654,52.651
2655,52.655
2656,52.658
2657,52.750
2658,52.755
2659,52.759
2660,52.866
2661,52.871
2662,52.876
2663,52.985
2664,52.989
2665,52.993
2666,53.092
2667,53.096
2668,53.100
2669,53.176
2670,53.180
2671,53.184
2672,53.257
2673,53.261
2674,53.265
2675,53.339
2676,53.343
2677,53.347
2678,53.400
2679,53.464
2680,53.467
2681,53.470
2682,53.474
2683,53.477
2684,53.480
2685,53.483
2686,53.487
2687,53.490
2688,53.494
2689,53.498
2690,53.502
2691,53.506
2692,53.510
2693,53.588
2694,53.592
2695,53.596
2696,53.661
2697,53.665
2698,53.669
2699,53.735
2700,53.739
2701,53.742
2702,53.822
2703,53.826
2704,53.830
2705,53.920
2706,53.926
2707,53.931
2708,54.010
2709,54.015
2710,54.019
2711,54.067
2712,54.155
2713,54.159
2714,54.162
2715,54.165
2716,54.169
2717,54.172
2718,54.176
2719,54.179
2720,54.183
2721,54.186
2722,54.190
2723,54.194
2724,54.198
2725,54.202
2726,54.207
2727,54.211
2728,54.215
2729,54.219
2730,54.224
2731,54.228
2732,54.233
2733,54.273
2734,54.350
2735,54.454
2736,54.459
2737,54.464
2738,54.469
2739,54.554
2740,54.558
2741,54.563
2742,54.567
2743,54.656
2744,54.661
2745,54.665
2746,54.670
2747,54.749
2748,54.754
2749,54.758
2750,54.762
2751,54.828
2752,54.832
2753,54.836
2754,54.840
2755,54.916
2756,54.921
2757,54.925
2758,54.929
2759,54.995
2760,54.999
2761,55.004
2762,55.008
2763,55.089
2764,55.094
2765,55.099
2766,55.103
2767,55.178
2768,55.182
2769,55.186
2770,55.190
2771,55.267
2772,55.271
2773,55.276
2774,55.280
2775,55.363
2776,55.368
2777,55.373
2778,55.377
2779,55.448
2780,55.454
2781,55.459
2782,55.463
2783,55.563
2784,55.569
2785,55.576
2786,55.580
2787,55.690
2788,55.696
2789,55.701
2790,55.705
2791,55.814
2792,55.819
2793,55.825
2794,55.829
2795,55.934
2796,55.939
2797,55.943
2798,55.947
2799,56.031
2800,56.035
2801,56.039
2802,56.043
2803,56.122
2804,56.127
2805,56.131
2806,56.135
2807,56.215
2808,56.219
2809,56.224
2810,56.228
2811,56.298
2812,56.304
2813,56.308
2814,56.312
2815,56.385
2816,56.390
2817,56.393
2818,56.471
2819,56.475
2820,56.479
2821,56.552
2822,56.556
2823,56.560
2824,56.631
2825,56.635
2826,56.639
2827,56.716
2828,56.720
2829,56.724
2830,56.798
2831,56.802
2832,56.806
2833,56.898
2834,56.903
2835,56.907
2836,56.984
2837,57.070
2838,57.074
2839,57.078
2840,57.082
2841,57.085
2842,57.089
2843,57.094
2844,57.098
2845,57.102
2846,57.107
2847,57.111
2848,57.116
2849,57.121
2850,57.125
2851,57.231
2852,57.236
2853,57.240
2854,57.317
2855,57.321
2856,57.325
2857,57.395
2858,57.399
2859,57.403
2860,57.478
2861,57.482
2862,57.486
2863,57.571
2864,57.577
2865,57.582
2866,57.661
2867,57.666
2868,57.670
2869,57.721
2870,57.784
2871,57.787
2872,57.790
2873,57.792
2874,57.795
2875,57.798
2876,57.801
2877,57.804
2878,57.807
2879,57.810
2880,57.813
2881,57.817
2882,57.820
2883,57.823
2884,57.826
2885,57.830
2886,57.833
2887,57.837
2888,57.841
2889,57.845
2890,57.849
2891,57.879
2892,57.938
2893,58.011
2894,58.015
2895,58.019
2896,58.022
2897,58.088
2898,58.092
2899,58.096
2900,58.100
2901,58.183
2902,58.188
2903,58.194
2904,58.198
2905,58.270
2906,58.275
2907,58.280
2908,58.285
2909,58.374
2910,58.380
2911,58.384
2912,58.389
2913,58.494
2914,58.500
2915,58.505
2916,58.509
2917,58.604
2918,58.610
2919,58.615
2920,58.620
2921,58.731
2922,58.736
2923,58.741
2924,58.745
2925,58.824
2926,58.828
2927,58.832
2928,58.836
2929,58.909
2930,58.914
2931,58.918
2932,58.922
2933,59.003
2934,59.007
2935,59.012
2936,59.016
2937,59.086
2938,59.093
2939,59.098
2940,59.102
2941,59.178
2942,59.183
2943,59.187
2944,59.191
2945,59.270
2946,59.274
2947,59.278
2948,59.282
2949,59.360
2950,59.364
2951,59.369
2952,59.373
2953,59.477
2954,59.482
2955,59.486
2956,59.490
2957,59.569
2958,59.573
2959,59.577
2960,59.581
2961,59.664
2962,59.672
2963,59.677
2964,59.682
2965,59.793
2966,59.801
2967,59.806
2968,59.810
2969,59.902
2970,59.909
2971,59.914
2972,59.918
2973,60.018
2974,60.023
2975,60.028
2976,60.105
2977,60.109
2978,60.112
2979,60.184
2980,60.187
2981,60.191
2982,60.257
2983,60.260
2984,60.264
2985,60.333
2986,60.337
2987,60.341
2988,60.407
2989,60.411
2990,60.415
2991,60.483
2992,60.486
2993,60.490
2994,60.544
2995,60.607
2996,60.610
2997,60.613
2998,60.616
2999,60.619
3000,60.622
3001,60.625
3002,60.628
3003,60.631
3004,60.635
3005,60.638
3006,60.641
3007,60.645
3008,60.649
3009,60.720
3010,60.724
3011,60.727
3012,60.786
3013,60.790
3014,60.793
3015,60.854
3016,60.858
3017,60.861
3018,60.929
3019,60.934
3020,60.938
3021,61.054
3022,61.061
3023,61.067
3024,61.173
3025,61.179
3026,61.183
3027,61.254
3028,61.343
3029,61.346
3030,61.348
3031,61.351
3032,61.354
3033,61.357
3034,61.360
3035,61.363
3036,61.366
3037,61.369
3038,61.372
3039,61.375
3040,61.378
3041,61.382
3042,61.385
3043,61.388
3044,61.392
3045,61.395
3046,61.399
3047,61.402
3048,61.406
3049,61.438
3050,61.500
3051,61.575
3052,61.579
3053,61.584
3054,61.587
3055,61.654
3056,61.659
3057,61.663
3058,61.668
3059,61.749
3060,61.754
3061,61.759
3062,61.763
3063,61.838
3064,61.842
3065,61.846
3066,61.850
3067,61.917
3068,61.922
3069,61.927
3070,61.931
3071,62.014
3072,62.020
3073,62.025
3074,62.029
3075,62.101
3076,62.106
3077,62.111
3078,62.116
3079,62.203
3080,62.208
3081,62.213
3082,62.217
3083,62.295
3084,62.299
3085,62.304
3086,62.308
3087,62.406
3088,62.411
3089,62.417
3090,62.422
3091,62.532
3092,62.538
3093,62.544
3094,62.548
3095,62.644
3096,62.653
3097,62.659
3098,62.664
3099,62.770
3100,62.776
3101,62.781
3102,62.785
3103,62.872
3104,62.878
3105,62.882
3106,62.887
3107,62.969
3108,62.976
3109,62.980
3110,62.984
3111,63.065
3112,63.072
3113,63.076
3114,63.081
3115,63.160
3116,63.167
3117,63.171
3118,63.175
3119,63.256
3120,63.263
3121,63.267
3122,63.271
3123,63.356
3124,63.363
3125,63.367
3126,63.371
3127,63.445
3128,63.452
3129,63.457
3130,63.460
3131,63.539
3132,63.544
3133,63.547
3134,63.624
3135,63.628
3136,63.632
3137,63.717
3138,63.721
3139,63.725
3140,63.824
3141,63.828
3142,63.832
3143,63.938
3144,63.943
3145,63.947
3146,64.053
3147,64.058
3148,64.063
3149,64.145
3150,64.149
3151,64.152
3152,64.317
3153,64.320
3154,64.468
3155,64.614
3156,64.617
3157,64.736
3158,64.877
3159,64.880
3160,65.000
3161,65.167
3162,65.171
3163,65.305
3164,65.471
3165,65.475
3166,65.478
3167,65.622
3168,65.654
3169,65.678
3170,65.698
3171,65.722
3172,65.752
3173,65.754
3174,65.773
3175,65.776
3176,65.794
3177,65.797
3178,65.818
3179,65.821
3180,65.871
3181,65.873
3182,65.875
3183,65.907
3184,65.909
3185,65.911
3186,65.914
3187,65.916
3188,65.918
3189,65.920
3190,65.959
3191,65.961
3192,65.964
3193,65.976
3194,65.986
3195,65.988
3196,65.995
3197,65.997
3198,65.999
3199,66.030
3200,66.032
3201,66.034
3202,66.095
3203,66.095
3204,66.095
3205,66.095
3206,66.095
3207,66.095
3208,66.095
3209,66.112
3210,66.114
3211,66.121
3212,66.124
3213,66.135
3214,66.137
3215,66.144
3216,66.155
3217,66.156
3218,66.191
3219,66.193
3220,66.195
3221,66.226
3222,66.228
3223,66.230
3224,66.232
3225,66.234
3226,66.236
3227,66.238
3228,66.271
3229,66.273
3230,66.275
3231,66.283
3232,66.293
3233,66.294
3234,66.302
3235,66.312
3236,66.314
3237,66.348
3238,66.350
3239,66.352
3240,66.381
3241,66.383
3242,66.385
3243,66.387
3244,66.389
3245,66.391
3246,66.393
3247,66.430
3248,66.432
3249,66.434
3250,66.446
3251,66.456
3252,66.458
3253,66.466
3254,66.475
3255,66.477
3256,66.512
3257,66.514
3258,66.516
3259,66.546
3260,66.548
3261,66.550
3262,66.552
3263,66.554
3264,66.556
3265,66.558
3266,66.591
3267,66.593
3268,66.595
3269,66.612
3270,66.623
3271,66.625
3272,66.633
3273,66.644
3274,66.646
3275,66.686
3276,66.689
3277,66.719
3278,66.722
3279,66.749
3280,66.751
3281,66.768
3282,66.770
3283,66.772
3284,66.774
3285,66.776
3286,66.787
3287,66.805
3288,66.816
3289,66.835
3290,66.877
3291,66.880
3292,66.882
3293,66.926
3294,66.929
3295,66.932
3296,66.935
3297,66.938
3298,66.941
3299,66.944
3300,66.947
3301,66.952
3302,66.954
3303,66.957
3304,66.959
3305,66.964
3306,66.967
3307,66.969
3308,66.972
3309,66.975
3310,66.980
3311,66.983
3312,66.986
3313,66.990
3314,66.992
3315,66.997
3316,66.999
3317,67.003
3318,67.006
3319,67.008
3320,67.011
3321,67.014
3322,67.018
3323,67.021
3324,67.024
3325,67.027
3326,67.029
3327,67.034
3328,67.037
3329,67.039
3330,67.042
3331,67.044
3332,67.049
3333,67.051
3334,67.054
3335,67.057
3336,67.059
3337,67.062
3338,67.065
3339,67.069
3340,67.072
3341,67.074
3342,67.077
3343,67.080
3344,67.082
3345,67.085
3346,67.088
3347,67.090
3348,67.131
3349,67.134
3350,67.137
3351,67.139
3352,67.179
3353,67.182
3354,67.185
3355,67.187
3356,67.231
3357,67.234
3358,67.237
3359,67.240
3360,67.284
3361,67.287
3362,67.290
3363,67.293
3364,67.337
3365,67.340
3366,67.342
3367,67.344
3368,67.378
3369,67.381
3370,67.383
3371,67.385
3372,67.419
3373,67.421
3374,67.423
3375,67.426
3376,67.458
3377,67.460
3378,67.463
3379,67.465
3380,67.496
3381,67.498
3382,67.501
3383,67.503
3384,67.535
3385,67.537
3386,67.539
3387,67.541
3388,67.574
3389,67.576
3390,67.578
3391,67.611
3392,67.613
3393,67.615
3394,67.617
3395,67.620
3396,67.624
3397,67.626
3398,67.628
3399,67.657
3400,67.714
3401,67.746
3402,67.748
3403,67.750
3404,67.768
3405,67.785
3406,67.788
3407,67.790
3408,67.792
3409,67.794
3410,67.796
3411,67.798
3412,67.800
3413,67.802
3414,67.804
3415,67.807
3416,67.809
3417,67.811
3418,67.813
3419,67.816
3420,67.818
3421,67.821
3422,67.823
3423,67.825
3424,67.863
3425,67.962
3426,67.964
3427,67.967
3428,68.001
3429,68.055
3430,68.081
3431,68.140
3432,68.169
3433,68.224
3434,68.257
3435,68.312
3436,68.314
3437,68.316
3438,68.319
3439,68.323
3440,68.340
3441,68.342
3442,68.344
3443,68.346
3444,68.387
3445,68.464
3446,68.467
3447,68.469
3448,68.472
3449,68.479
3450,68.503
3451,68.508
3452,68.511
3453,68.513
3454,68.557
3455,68.636
3456,68.638
3457,68.640
3458,68.643
3459,68.649
3460,68.673
3461,68.677
3462,68.680
3463,68.683
3464,68.731
3465,68.807
3466,68.809
3467,68.812
3468,68.814
3469,68.819
3470,68.838
3471,68.841
3472,68.843
3473,68.845
3474,68.882
3475,68.942
3476,68.945
3477,68.947
3478,68.950
3479,68.954
3480,68.973
3481,68.976
3482,68.978
3483,68.981
3484,69.015
3485,69.074
3486,69.077
3487,69.079
3488,69.082
3489,69.086
3490,69.108
3491,69.111
3492,69.114
3493,69.116
3494,69.154
3495,69.219
3496,69.222
3497,69.224
3498,69.227
3499,69.232
3500,69.252
3501,69.256
3502,69.258
3503,69.261
3504,69.299
3505,69.366
3506,69.369
3507,69.371
3508,69.374
3509,69.379
3510,69.397
3511,69.400
3512,69.402
3513,69.405
3514,69.440
3515,69.505
3516,69.508
3517,69.511
3518,69.514
3519,69.518
3520,69.537
3521,69.540
3522,69.542
3523,69.545
3524,69.585
3525,69.651
3526,69.654
3527,69.656
3528,69.659
3529,69.663
3530,69.683
3531,69.686
3532,69.689
3533,69.692
3534,69.731
3535,69.792
3536,69.794
3537,69.796
3538,69.799
3539,69.803
3540,69.818
3541,69.821
3542,69.823
3543,69.825
3544,69.869
3545,69.951
3546,69.954
3547,69.957
3548,69.960
3549,69.966
3550,69.994
3551,69.998
3552,70.001
3553,70.003
3554,70.054
3555,70.141
3556,70.144
3557,70.147
3558,70.150
3559,70.156
3560,70.184
3561,70.188
3562,70.192
3563,70.196
3564,70.252
3565,70.337
3566,70.340
3567,70.342
3568,70.345
3569,70.349
3570,70.372
3571,70.376
3572,70.378
3573,70.381
3574,70.421
3575,70.485
3576,70.488
3577,70.490
3578,70.493
3579,70.498
3580,70.521
3581,70.524
3582,70.526
3583,70.529
3584,70.565
3585,70.627
3586,70.629
3587,70.631
3588,70.634
3589,70.638
3590,70.657
3591,70.660
3592,70.662
3593,70.665
3594,70.698
3595,70.756
3596,70.758
3597,70.760
3598,70.762
3599,70.766
3600,70.786
3601,70.789
3602,70.791
3603,70.794
3604,70.826
3605,70.882
3606,70.884
3607,70.887
3608,70.891
3609,70.905
3610,70.908
3611,70.910
3612,70.912
3613,70.947
3614,71.005
3615,71.007
3616,71.009
3617,71.011
3618,71.013
3619,71.015
3620,71.018
3621,71.020
3622,71.022
3623,71.025
3624,71.027
3625,71.032
3626,71.054
3627,71.057
3628,71.059
3629,71.062
3630,71.073
3631,71.076
3632,71.078
3633,71.081
3634,71.091
3635,71.093
3636,71.095
3637,71.097
3638,71.113
3639,71.118
3640,71.120
3641,71.123
3642,71.134
3643,71.138
3644,71.141
3645,71.143
3646,71.154
3647,71.158
3648,71.160
3649,71.163
3650,71.174
3651,71.178
3652,71.180
3653,71.183
3654,71.192
3655,71.194
3656,71.196
3657,71.198
3658,71.204
3659,71.206
3660,71.209
3661,71.211
3662,71.254
3663,71.257
3664,71.286
3665,71.289
3666,71.303
3667,71.305
3668,71.307
3669,71.309
3670,71.320
3671,71.322
3672,71.326
3673,71.341
3674,71.343
3675,71.346
3676,71.352
3677,71.354
3678,71.367
3679,71.369
3680,71.382
3681,71.384
3682,71.387
3683,71.400
3684,71.403
3685,71.406
3686,71.409
3687,71.432
3688,71.436
3689,71.439
3690,71.462
3691,71.465
3692,71.478
3693,71.481
3694,71.483
3695,71.494
3696,71.496
3697,71.509
3698,71.512
3699,71.535
3700,71.537
3701,71.562
3702,71.564
3703,71.567
3704,71.570
3705,71.591
3706,71.594
3707,71.637
3708,71.641
3709,71.669
3710,71.672
3711,71.675
3712,71.677
3713,71.698
3714,71.700
3715,71.733
3716,71.736
3717,71.756
3718,71.758
3719,71.760
3720,71.762
3721,71.776
3722,71.779
3723,71.809
3724,71.812
3725,71.831
3726,71.834
3727,71.836
3728,71.838
3729,71.852
3730,71.855
3731,71.889
3732,71.892
3733,71.922
3734,71.924
3735,71.927
3736,71.929
3737,71.932
3738,71.970
3739,71.973
3740,72.023
3741,72.027
3742,72.073
3743,72.077
3744,72.108
3745,72.110
3746,72.113
3747,72.115
3748,72.118
3749,72.160
3750,72.163
3751,72.215
3752,72.219
3753,72.267
3754,72.271
3755,72.301
3756,72.303
3757,72.306
3758,72.308
3759,72.311
3760,72.353
3761,72.357
3762,72.410
3763,72.414
3764,72.464
3765,72.468
3766,72.500
3767,72.502
3768,72.505
3769,72.508
3770,72.511
3771,72.549
3772,72.552
3773,72.615
3774,72.620
3775,72.688
3776,72.693
3777,72.743
3778,72.747
3779,72.750
3780,72.753
3781,72.828
3782,72.833
3783,72.892
3784,72.897
3785,72.946
3786,72.949
3787,72.952
3788,72.956
3789,73.024
3790,73.028
3791,73.070
3792,73.074
3793,73.106
3794,73.109
3795,73.111
3796,73.113
3797,73.162
3798,73.165
3799,73.206
3800,73.210
3801,73.244
3802,73.247
3803,73.249
3804,73.252
3805,73.300
3806,73.304
3807,73.341
3808,73.345
3809,73.377
3810,73.380
3811,73.383
3812,73.385
3813,73.433
3814,73.438
3815,73.483
3816,73.487
3817,73.524
3818,73.527
3819,73.530
3820,73.533
3821,73.584
3822,73.588
3823,73.631
3824,73.635
3825,73.690
3826,73.694
3827,73.698
3828,73.703
3829,73.757
3830,73.761
3831,73.816
3832,73.820
3833,73.866
3834,73.869
3835,73.878
3836,73.883
3837,73.920
3838,73.923
3839,73.988
3840,73.994
3841,73.998
3842,74.002
3843,74.006
3844,74.069
3845,74.074
3846,74.143
3847,74.147
3848,74.163
3849,74.167
3850,74.235
3851,74.241
3852,74.245
3853,74.306
3854,74.310
3855,74.361
3856,74.365
3857,74.368
3858,74.419
3859,74.422
3860,74.471
3861,74.475
3862,74.479
3863,74.532
3864,74.536
3865,74.556
3866,74.558
3867,74.561
3868,74.563
3869,74.579
3870,74.581
3871,74.614
3872,74.618
3873,74.649
3874,74.652
3875,74.654
3876,74.684
3877,74.709
3878,74.741
3879,74.744
3880,74.746
3881,74.774
3882,74.798
3883,74.843
3884,74.847
3885,74.850
3886,74.894
3887,74.897
3888,74.955
3889,74.959
3890,74.963
3891,75.017
3892,75.020
3893,75.041
3894,75.043
3895,75.061
3896,75.064
3897,75.075
3898,75.077
3899,75.162
3900,75.212
3901,75.218
3902,75.224
3903,75.229
3904,75.234
3905,75.239
3906,75.245
3907,75.250
3908,75.256
3909,75.261
3910,75.267
3911,75.273
3912,75.279
3913,75.284
3914,75.290
3915,75.296
3916,75.301
3917,75.307
3918,75.313
3919,75.319
3920,75.325
3921,75.331
3922,75.337
3923,75.342
3924,75.348
3925,75.354
3926,75.360
3927,75.366
3928,75.371
3929,75.457
3930,75.576
3931,75.625
3932,75.663
3933,75.700
3934,75.737
3935,75.765
3936,75.780
3937,75.814
3938,75.838
3939,75.922
3940,75.953
3941,76.025
3942,76.057
3943,76.124
3944,76.161
3945,76.261
3946,76.266
3947,76.354
3948,76.359
3949,76.430
3950,76.465
3951,76.499
3952,76.527
3953,76.540
3954,76.569
3955,76.674
3956,76.680
3957,76.777
3958,76.819
3959,76.853
3960,76.973
3961,76.980
3962,77.071
3963,77.076
3964,77.148
3965,77.153
3966,77.223
3967,77.228
3968,77.295
3969,77.300
3970,77.376
3971,77.381
3972,77.469
3973,77.474
3974,77.560
3975,77.565
3976,77.643
3977,77.681
3978,77.685
3979,77.690
3980,77.694
3981,77.699
3982,77.703
3983,77.708
3984,77.712
3985,77.717
3986,77.722
3987,77.726
3988,77.731
3989,77.735
3990,77.740
3991,77.745
3992,77.749
3993,77.754
3994,77.759
3995,77.764
3996,77.770
3997,77.775
3998,77.780
3999,77.785
4000,77.790
4001,77.795
4002,77.801
4003,77.806
4004,77.811
4005,77.816
4006,77.880
4007,77.987
4008,78.030
4009,78.075
4010,78.118
4011,78.162
4012,78.195
4013,78.212
4014,78.256
4015,78.288
4016,78.405
4017,78.436
4018,78.517
4019,78.547
4020,78.616
4021,78.651
4022,78.754
4023,78.759
4024,78.844
4025,78.849
4026,78.916
4027,78.950
4028,78.985
4029,79.013
4030,79.026
4031,79.055
4032,79.143
4033,79.149
4034,79.217
4035,79.252
4036,79.279
4037,79.388
4038,79.394
4039,79.513
4040,79.518
4041,79.620
4042,79.626
4043,79.723
4044,79.728
4045,79.803
4046,79.807
4047,79.880
4048,79.885
4049,79.973
4050,79.977
4051,80.056
4052,80.061
4053,80.134
4054,80.169
4055,80.174
4056,80.178
4057,80.183
4058,80.187
4059,80.192
4060,80.196
4061,80.201
4062,80.205
4063,80.211
4064,80.217
4065,80.223
4066,80.229
4067,80.235
4068,80.241
4069,80.247
4070,80.254
4071,80.260
4072,80.266
4073,80.273
4074,80.279
4075,80.285
4076,80.291
4077,80.298
4078,80.304
4079,80.310
4080,80.317
4081,80.323
4082,80.329
4083,80.414
4084,80.528
4085,80.563
4086,80.598
4087,80.634
4088,80.667
4089,80.694
4090,80.708
4091,80.741
4092,80.776
4093,80.903
4094,80.940
4095,81.054
4096,81.091
4097,81.189
4098,81.225
4099,81.333
4100,81.338
4101,81.427
4102,81.432
4103,81.501
4104,81.535
4105,81.569
4106,81.595
4107,81.608
4108,81.637
4109,81.723
4110,81.728
4111,81.799
4112,81.833
4113,81.860
4114,81.951
4115,81.956
4116,82.041
4117,82.046
4118,82.125
4119,82.130
4120,82.238
4121,82.244
4122,82.350
4123,82.356
4124,82.468
4125,82.474
4126,82.593
4127,82.598
4128,82.687
4129,82.692
4130,82.769
4131,82.806
4132,82.811
4133,82.815
4134,82.819
4135,82.823
4136,82.828
4137,82.832
4138,82.836
4139,82.841
4140,82.846
4141,82.850
4142,82.855
4143,82.859
4144,82.864
4145,82.868
4146,82.873
4147,82.878
4148,82.882
4149,82.887
4150,82.892
4151,82.897
4152,82.902
4153,82.906
4154,82.911
4155,82.916
4156,82.920
4157,82.925
4158,82.930
4159,82.934
4160,82.997
4161,83.080
4162,83.114
4163,83.147
4164,83.179
4165,83.212
4166,83.238
4167,83.254
4168,83.292
4169,83.320
4170,83.409
4171,83.438
4172,83.515
4173,83.543
4174,83.633
4175,83.678
4176,83.829
4177,83.835
4178,83.973
4179,83.978
4180,84.051
4181,84.088
4182,84.121
4183,84.148
4184,84.161
4185,84.189
4186,84.277
4187,84.282
4188,84.350
4189,84.385
4190,84.412
4191,84.497
4192,84.502
4193,84.585
4194,84.590
4195,84.666
4196,84.672
4197,84.753
4198,84.758
4199,84.832
4200,84.837
4201,84.919
4202,84.923
4203,85.052
4204,85.058
4205,85.182
4206,85.188
4207,85.300
4208,85.352
4209,85.356
4210,85.360
4211,85.364
4212,85.369
4213,85.373
4214,85.377
4215,85.381
4216,85.385
4217,85.390
4218,85.395
4219,85.399
4220,85.404
4221,85.408
4222,85.413
4223,85.417
4224,85.422
4225,85.426
4226,85.431
4227,85.435
4228,85.439
4229,85.444
4230,85.448
4231,85.453
4232,85.458
4233,85.462
4234,85.467
4235,85.471
4236,85.476
4237,85.538
4238,85.618
4239,85.650
4240,85.685
4241,85.719
4242,85.754
4243,85.783
4244,85.797
4245,85.834
4246,85.864
4247,85.952
4248,85.987
4249,86.077
4250,86.111
4251,86.187
4252,86.224
4253,86.333
4254,86.337
4255,86.428
4256,86.433
4257,86.528
4258,86.568
4259,86.607
4260,86.640
4261,86.656
4262,86.692
4263,86.820
4264,86.825
4265,86.899
4266,86.934
4267,86.959
4268,87.038
4269,87.043
4270,87.122
4271,87.127
4272,87.195
4273,87.200
4274,87.266
4275,87.271
4276,87.342
4277,87.347
4278,87.421
4279,87.425
4280,87.515
4281,87.520
4282,87.601
4283,87.606
4284,87.673
4285,87.722
4286,87.727
4287,87.732
4288,87.737
4289,87.742
4290,87.747
4291,87.751
4292,87.756
4293,87.761
4294,87.766
4295,87.771
4296,87.776
4297,87.781
4298,87.786
4299,87.791
4300,87.796
4301,87.801
4302,87.807
4303,87.812
4304,87.818
4305,87.823
4306,87.828
4307,87.834
4308,87.839
4309,87.845
4310,87.850
4311,87.855
4312,87.860
4313,87.866
4314,87.952
4315,88.066
4316,88.110
4317,88.149
4318,88.183
4319,88.216
4320,88.260
4321,88.260
4322,88.300
4323,88.325
4324,88.409
4325,88.439
4326,88.518
4327,88.547
4328,88.625
4329,88.667
4330,88.775
4331,88.781
4332,88.873
4333,88.879
4334,88.949
4335,88.984
4336,89.018
4337,89.045
4338,89.058
4339,89.085
4340,89.186
4341,89.192
4342,89.294
4343,89.337
4344,89.370
4345,89.498
4346,89.505
4347,89.613
4348,89.619
4349,89.694
4350,89.699
4351,89.772
4352,89.777
4353,89.852
4354,89.857
4355,89.934
4356,89.940
4357,90.033
4358,90.038
4359,90.125
4360,90.131
4361,90.219
4362,90.262
4363,90.267
4364,90.272
4365,90.277
4366,90.282
4367,90.287
4368,90.292
4369,90.297
4370,90.302
4371,90.307
4372,90.312
4373,90.317
4374,90.322
4375,90.327
4376,90.332
4377,90.337
4378,90.342
4379,90.348
4380,90.353
4381,90.358
4382,90.365
4383,90.368
4384,90.374
4385,90.380
4386,90.385
4387,90.390
4388,90.396
4389,90.402
4390,90.408
4391,90.480
4392,90.591
4393,90.638
4394,90.687
4395,90.732
4396,90.775
4397,90.781
4398,90.786
4399,90.794
4400,90.796
4401,90.801
4402,90.819
4403,90.861
4404,90.866
4405,90.882
4406,90.915
4407,90.921
4408,90.937
4409,90.942
4410,90.958
4411,91.095
4412,91.193
4413,91.198
4414,91.202
4415,91.207
4416,91.295
4417,91.300
4418,91.305
4419,91.310
4420,91.379
4421,91.416
4422,91.441
4423,91.455
4424,91.459
4425,91.463
4426,91.467
4427,91.471
4428,91.484
4429,91.489
4430,91.502
4431,91.506
4432,91.594
4433,91.696
4434,91.701
4435,91.705
4436,91.778
4437,91.782
4438,91.787
4439,91.791
4440,91.795
4441,91.808
4442,91.812
4443,91.825
4444,91.829
4445,91.913
4446,92.039
4447,92.045
4448,92.050
4449,92.152
4450,92.196
4451,92.351
4452,92.356
4453,92.455
4454,92.460
4455,92.531
4456,92.566
4457,92.663
4458,92.668
4459,92.673
4460,92.678
4461,92.682
4462,92.687
4463,92.763
4464,92.768
4465,92.839
4466,92.932
4467,93.049
4468,93.151
4469,93.188
4470,93.216
4471,93.221
4472,93.296
4473,93.300
4474,93.304
4475,93.308
4476,93.312
4477,93.316
4478,93.321
4479,93.434
4480,93.439
4481,93.542
4482,93.667
4483,93.819
4484,93.917
4485,93.953
4486,94.069
4487,94.074
4488,94.144
4489,94.242
4490,94.247
4491,94.251
4492,94.256
4493,94.334
4494,94.371
4495,94.375
4496,94.390
4497,94.417
4498,94.421
4499,94.521
4500,94.526
4501,94.532
4502,94.611
4503,94.616
4504,94.620
4505,94.708
4506,94.714
4507,94.845
4508,94.852
4509,94.959
4510,94.965
4511,95.075
4512,95.081
4513,95.175
4514,95.181
4515,95.263
4516,95.268
4517,95.362
4518,95.367
4519,95.458
4520,95.461
4521,95.541
4522,95.581
4523,95.586
4524,95.591
4525,95.595
4526,95.600
4527,95.604
4528,95.609
4529,95.613
4530,95.618
4531,95.622
4532,95.627
4533,95.632
4534,95.636
4535,95.643
4536,95.646
4537,95.651
4538,95.656
4539,95.660
4540,95.666
4541,95.670
4542,95.676
4543,95.681
4544,95.686
4545,95.691
4546,95.696
4547,95.701
4548,95.706
4549,95.711
4550,95.715
4551,95.785
4552,95.877
4553,95.914
4554,95.948
4555,95.983
4556,96.094
4557,96.129
4558,96.229
4559,96.273
4560,96.306
4561,96.322
4562,96.353
4563,96.358
4564,96.379
4565,96.422
4566,96.438
4567,96.467
4568,96.483
4569,96.487
4570,96.503
4571,96.507
4572,96.613
4573,96.651
4574,96.656
4575,96.661
4576,96.729
4577,96.762
4578,96.766
4579,96.770
4580,96.774
4581,96.778
4582,96.864
4583,96.869
4584,96.874
4585,96.879
4586,96.883
4587,96.889
4588,96.893
4589,96.960
4590,96.964
4591,96.968
4592,96.984
4593,97.020
4594,97.032
4595,97.055
4596,97.068
4597,97.071
4598,97.075
4599,97.088
4600,97.119
4601,97.222
4602,97.226
4603,97.316
4604,97.321
4605,97.390
4606,97.425
4607,97.560
4608,97.602
4609,97.622
4610,97.663
4611,97.785
4612,97.791
4613,97.904
4614,97.941
4615,97.970
4616,98.066
4617,98.071
4618,98.155
4619,98.160
4620,98.239
4621,98.244
4622,98.321
4623,98.326
4624,98.403
4625,98.407
4626,98.485
4627,98.490
4628,98.584
4629,98.588
4630,98.678
4631,98.683
4632,98.762
4633,98.798
4634,98.802
4635,98.805
4636,98.809
4637,98.815
4638,98.820
4639,98.826
4640,98.832
4641,98.838
4642,98.844
4643,98.849
4644,98.855
4645,98.861
4646,98.866
4647,98.872
4648,98.878
4649,98.884
4650,98.889
4651,98.894
4652,98.900
4653,98.906
4654,98.911
4655,98.917
4656,98.923
4657,98.929
4658,98.934
4659,98.940
4660,98.946
4661,98.952
4662,99.051
4663,99.171
4664,99.218
4665,99.268
4666,99.310
4667,99.346
4668,99.374
4669,99.388
4670,99.424
4671,99.452
4672,99.539
4673,99.568
4674,99.656
4675,99.685
4676,99.757
4677,99.791
4678,99.902
4679,99.907
4680,100.000
4681,100.007
4682,100.078
4683,100.112
4684,100.148
4685,100.177
4686,100.189
4687,100.218
4688,100.327
4689,100.333
4690,100.441
4691,100.484
4692,100.518
4693,100.654
4694,100.662
4695,100.790
4696,100.796
4697,100.877
4698,100.882
4699,100.958
4700,100.963
4701,101.041
4702,101.046
4703,101.124
4704,101.130
4705,101.226
4706,101.231
4707,101.321
4708,101.326
4709,101.410
4710,101.450
4711,101.455
4712,101.488
4713,101.488
4714,101.488
4715,101.488
4716,101.488
4717,101.493
4718,101.498
4719,101.502
4720,101.507
4721,101.511
4722,101.516
4723,101.521
4724,101.525
4725,101.530
4726,101.534
4727,101.539
4728,101.543
4729,101.548
4730,101.554
4731,101.559
4732,101.564
4733,101.570
4734,101.576
4735,101.582
4736,101.588
4737,101.593
4738,101.598
4739,101.661
4740,101.780
4741,101.824
4742,101.864
4743,101.903
4744,101.942
4745,101.973
4746,101.989
4747,102.031
4748,102.064
4749,102.175
4750,102.215
4751,102.290
4752,102.320
4753,102.395
4754,102.427
4755,102.533
4756,102.537
4757,102.627
4758,102.631
4759,102.702
4760,102.735
4761,102.767
4762,102.795
4763,102.808
4764,102.837
4765,102.926
4766,102.930
4767,102.999
4768,103.030
4769,103.065
4770,103.189
4771,103.194
4772,103.310
4773,103.315
4774,103.417
4775,103.421
4776,103.501
4777,103.507
4778,103.580
4779,103.585
4780,103.662
4781,103.667
4782,103.762
4783,103.767
4784,103.849
4785,103.854
4786,103.931
4787,103.969
4788,103.973
4789,103.977
4790,103.982
4791,103.986
4792,103.990
4793,103.994
4794,103.999
4795,104.003
4796,104.007
4797,104.012
4798,104.017
4799,104.021
4800,104.026
4801,104.031
4802,104.035
4803,104.040
4804,104.044
4805,104.049
4806,104.054
4807,104.059
4808,104.063
4809,104.068
4810,104.073
4811,104.077
4812,104.082
4813,104.087
4814,104.092
4815,104.096
4816,104.164
4817,104.254
4818,104.290
4819,104.324
4820,104.365
4821,104.414
4822,104.419
4823,104.424
4824,104.429
4825,104.435
4826,104.440
4827,104.458
4828,104.506
4829,104.510
4830,104.529
4831,104.562
4832,104.567
4833,104.583
4834,104.587
4835,104.603
4836,104.764
4837,104.884
4838,104.888
4839,104.892
4840,104.896
4841,104.981
4842,104.986
4843,104.991
4844,104.996
4845,105.068
4846,105.104
4847,105.163
4848,105.163
4849,105.170
4850,105.175
4851,105.190
4852,105.220
4853,105.236
4854,105.265
4855,105.280
4856,105.285
4857,105.298
4858,105.410
4859,105.519
4860,105.523
4861,105.531
4862,105.532
4863,105.536
4864,105.608
4865,105.644
4866,105.648
4867,105.652
4868,105.656
4869,105.660
4870,105.664
4871,105.741
4872,105.746
4873,105.750
4874,105.754
4875,105.759
4876,105.865
4877,105.870
4878,105.876
4879,105.882
4880,105.887
4881,105.988
4882,106.037
4883,106.041
4884,106.047
4885,106.173
4886,106.180
4887,106.282
4888,106.315
4889,106.330
4890,106.335
4891,106.340
4892,106.355
4893,106.397
4894,106.527
4895,106.533
4896,106.647
4897,106.652
4898,106.732
4899,106.771
4900,106.902
4901,106.938
4902,106.955
4903,106.989
4904,107.090
4905,107.095
4906,107.173
4907,107.302
4908,107.308
4909,107.314
4910,107.319
4911,107.326
4912,107.331
4913,107.454
4914,107.491
4915,107.510
4916,107.548
4917,107.567
4918,107.617
4919,107.622
4920,107.641
4921,107.681
4922,107.686
4923,107.692
4924,107.713
4925,107.756
4926,107.761
4927,107.776
4928,107.910
4929,108.021
4930,108.027
4931,108.132
4932,108.139
4933,108.226
4934,108.232
4935,108.328
4936,108.334
4937,108.432
4938,108.438
4939,108.536
4940,108.542
4941,108.658
4942,108.663
4943,108.764
4944,108.769
4945,108.908
4946,108.968
4947,108.975
4948,108.981
4949,108.987
4950,108.993
4951,108.999
4952,109.005
4953,109.011
4954,109.017
4955,109.023
4956,109.029
4957,109.035
4958,109.042
4959,109.047
4960,109.053
4961,109.059
4962,109.065
4963,109.072
4964,109.078
4965,109.085
4966,109.091
4967,109.098
4968,109.104
4969,109.111
4970,109.118
4971,109.124
4972,109.131
4973,109.138
4974,109.144
4975,109.265
4976,109.397
4977,109.438
4978,109.478
4979,109.517
4980,109.628
4981,109.659
4982,109.664
4983,109.669
4984,109.674
4985,109.679
4986,109.686
4987,109.772
4988,109.777
4989,109.792
4990,109.796
4991,109.811
4992,109.815
4993,109.913
4994,109.955
4995,110.066
4996,110.106
4997,110.136
4998,110.152
4999,110.182
5000,110.187
5001,110.278
5002,110.283
5003,110.364
5004,110.392
5005,110.404
5006,110.408
5007,110.421
5008,110.425
5009,110.549
5010,110.695
5011,110.701
5012,110.706
5013,110.843
5014,110.849
5015,110.853
5016,110.931
5017,110.968
5018,110.972
5019,110.976
5020,110.980
5021,110.984
5022,111.075
5023,111.079
5024,111.084
5025,111.088
5026,111.093
5027,111.098
5028,111.104
5029,111.180
5030,111.185
5031,111.189
5032,111.267
5033,111.272
5034,111.347
5035,111.371
5036,111.384
5037,111.388
5038,111.392
5039,111.406
5040,111.440
5041,111.558
5042,111.563
5043,111.661
5044,111.667
5045,111.740
5046,111.774
5047,111.816
5048,111.856
5049,111.873
5050,111.916
5051,112.052
5052,112.058
5053,112.164
5054,112.288
5055,112.293
5056,112.298
5057,112.303
5058,112.308
5059,112.312
5060,112.317
5061,112.321
5062,112.401
5063,112.406
5064,112.479
5065,112.508
5066,112.522
5067,112.527
5068,112.540
5069,112.544
5070,112.637
5071,112.741
5072,112.745
5073,112.749
5074,112.754
5075,112.846
5076,112.851
5077,112.947
5078,112.952
5079,113.037
5080,113.043
5081,113.125
5082,113.130
5083,113.249
5084,113.256
5085,113.383
5086,113.389
5087,113.547
5088,113.553
5089,113.657
5090,113.662
5091,113.748
5092,113.792
5093,113.797
5094,113.802
5095,113.806
5096,113.810
5097,113.815
5098,113.819
5099,113.823
5100,113.828
5101,113.833
5102,113.837
5103,113.842
5104,113.846
5105,113.851
5106,113.855
5107,113.860
5108,113.865
5109,113.870
5110,113.874
5111,113.879
5112,113.884
5113,113.889
5114,113.894
5115,113.898
5116,113.904
5117,113.909
5118,113.914
5119,113.919
5120,113.924
5121,113.995
5122,114.094
5123,114.131
5124,114.169
5125,114.205
5126,114.304
5127,114.331
5128,114.335
5129,114.339
5130,114.343
5131,114.348
5132,114.353
5133,114.428
5134,114.432
5135,114.446
5136,114.451
5137,114.463
5138,114.468
5139,114.555
5140,114.589
5141,114.725
5142,114.870
5143,114.876
5144,114.881
5145,114.886
5146,114.892
5147,115.003
5148,115.008
5149,115.091
5150,115.096
5151,115.192
5152,115.197
5153,115.201
5154,115.281
5155,115.309
5156,115.314
5157,115.396
5158,115.400
5159,115.479
5160,115.505
5161,115.518
5162,115.522
5163,115.535
5164,115.539
5165,115.631
5166,115.733
5167,115.738
5168,115.742
5169,115.842
5170,115.848
5171,115.853
5172,115.936
5173,115.988
5174,115.993
5175,115.999
5176,116.004
5177,116.009
5178,116.154
5179,116.160
5180,116.166
5181,116.172
5182,116.178
5183,116.184
5184,116.190
5185,116.304
5186,116.310
5187,116.315
5188,116.429
5189,116.433
5190,116.526
5191,116.554
5192,116.569
5193,116.573
5194,116.577
5195,116.593
5196,116.631
5197,116.760
5198,116.765
5199,116.869
5200,116.875
5201,116.947
5202,116.981
5203,117.016
5204,117.043
5205,117.056
5206,117.084
5207,117.183
5208,117.190
5209,117.269
5210,117.368
5211,117.373
5212,117.378
5213,117.384
5214,117.389
5215,117.395
5216,117.400
5217,117.405
5218,117.517
5219,117.522
5220,117.626
5221,117.658
5222,117.675
5223,117.680
5224,117.697
5225,117.702
5226,117.831
5227,117.948
5228,117.953
5229,117.958
5230,117.962
5231,118.067
5232,118.073
5233,118.173
5234,118.178
5235,118.263
5236,118.268
5237,118.356
5238,118.361
5239,118.451
5240,118.457
5241,118.551
5242,118.556
5243,118.664
5244,118.669
5245,118.775
5246,118.781
5247,118.906
5248,118.953
5249,118.962
5250,118.967
5251,118.972
5252,118.977
5253,118.982
5254,118.987
5255,118.992
5256,118.998
5257,119.003
5258,119.009
5259,119.015
5260,119.022
5261,119.028
5262,119.036
5263,119.042
5264,119.048
5265,119.053
5266,119.059
5267,119.066
5268,119.072
5269,119.078
5270,119.084
5271,119.090
5272,119.096
5273,119.102
5274,119.108
5275,119.114
5276,119.123
5277,119.243
5278,119.350
5279,119.391
5280,119.425
5281,119.459
5282,119.494
5283,119.521
5284,119.525
5285,119.530
5286,119.534
5287,119.538
5288,119.543
5289,119.557
5290,119.562
5291,119.577
5292,119.581
5293,119.594
5294,119.598
5295,119.695
5296,119.733
5297,119.839
5298,119.947
5299,119.952
5300,119.957
5301,119.962
5302,119.966
5303,120.047
5304,120.052
5305,120.130
5306,120.134
5307,120.232
5308,120.237
5309,120.242
5310,120.341
5311,120.375
5312,120.381
5313,120.503
5314,120.508
5315,120.621
5316,120.659
5317,120.678
5318,120.684
5319,120.702
5320,120.713
5321,120.815
5322,120.924
5323,120.929
5324,120.933
5325,121.034
5326,121.040
5327,121.045
5328,121.127
5329,121.164
5330,121.169
5331,121.173
5332,121.178
5333,121.182
5334,121.280
5335,121.285
5336,121.290
5337,121.295
5338,121.300
5339,121.304
5340,121.309
5341,121.389
5342,121.394
5343,121.398
5344,121.487
5345,121.492
5346,121.577
5347,121.605
5348,121.619
5349,121.623
5350,121.628
5351,121.642
5352,121.679
5353,121.844
5354,121.850
5355,122.008
5356,122.014
5357,122.135
5358,122.175
5359,122.215
5360,122.245
5361,122.262
5362,122.296
5363,122.397
5364,122.402
5365,122.485
5366,122.595
5367,122.600
5368,122.605
5369,122.610
5370,122.614
5371,122.619
5372,122.623
5373,122.627
5374,122.712
5375,122.716
5376,122.799
5377,122.828
5378,122.842
5379,122.862
5380,122.862
5381,122.864
5382,122.961
5383,123.070
5384,123.074
5385,123.080
5386,123.084
5387,123.214
5388,123.220
5389,123.362
5390,123.369
5391,123.496
5392,123.502
5393,123.617
5394,123.622
5395,123.716
5396,123.721
5397,123.812
5398,123.817
5399,123.929
5400,123.935
5401,124.041
5402,124.049
5403,124.138
5404,124.181
5405,124.187
5406,124.191
5407,124.196
5408,124.200
5409,124.205
5410,124.210
5411,124.214
5412,124.219
5413,124.225
5414,124.231
5415,124.237
5416,124.243
5417,124.248
5418,124.253
5419,124.257
5420,124.262
5421,124.267
5422,124.272
5423,124.277
5424,124.281
5425,124.286
5426,124.292
5427,124.299
5428,124.306
5429,124.312
5430,124.317
5431,124.322
5432,124.327
5433,124.403
5434,124.508
5435,124.556
5436,124.596
5437,124.632
5438,124.679
5439,124.714
5440,124.734
5441,124.779
5442,124.814
5443,124.948
5444,124.985
5445,125.114
5446,125.145
5447,125.225
5448,125.259
5449,125.373
5450,125.378
5451,125.481
5452,125.485
5453,125.566
5454,125.602
5455,125.638
5456,125.670
5457,125.684
5458,125.714
5459,125.816
5460,125.821
5461,125.900
5462,125.936
5463,125.962
5464,126.052
5465,126.057
5466,126.178
5467,126.184
5468,126.296
5469,126.302
5470,126.422
5471,126.428
5472,126.537
5473,126.542
5474,126.628
5475,126.633
5476,126.733
5477,126.738
5478,126.842
5479,126.848
5480,126.945
5481,126.984
5482,126.989
5483,126.993
5484,126.998
5485,127.003
5486,127.008
5487,127.013
5488,127.018
5489,127.023
5490,127.028
5491,127.032
5492,127.037
5493,127.042
5494,127.047
5495,127.052
5496,127.057
5497,127.061
5498,127.067
5499,127.072
5500,127.077
5501,127.083
5502,127.088
5503,127.092
5504,127.097
5505,127.102
5506,127.107
5507,127.113
5508,127.118
5509,127.123
5510,127.198
5511,127.303
5512,127.341
5513,127.380
5514,127.416
5515,127.453
5516,127.480
5517,127.495
5518,127.528
5519,127.557
5520,127.701
5521,127.738
5522,127.868
5523,127.905
5524,128.012
5525,128.049
5526,128.166
5527,128.171
5528,128.275
5529,128.281
5530,128.361
5531,128.397
5532,128.431
5533,128.458
5534,128.470
5535,128.499
5536,128.596
5537,128.601
5538,128.679
5539,128.715
5540,128.740
5541,128.836
5542,128.841
5543,128.934
5544,128.940
5545,129.063
5546,129.069
5547,129.190
5548,129.196
5549,129.323
5550,129.330
5551,129.426
5552,129.432
5553,129.533
5554,129.539
5555,129.637
5556,129.641
5557,129.736
5558,129.769
5559,129.769
5560,129.770
5561,129.774
5562,129.778
5563,129.782
5564,129.786
5565,129.790
5566,129.795
5567,129.799
5568,129.803
5569,129.808
5570,129.812
5571,129.816
5572,129.821
5573,129.825
5574,129.830
5575,129.834
5576,129.839
5577,129.843
5578,129.848
5579,129.853
5580,129.858
5581,129.862
5582,129.868
5583,129.872
5584,129.878
5585,129.883
5586,129.887
5587,129.957
5588,130.051
5589,130.086
5590,130.118
5591,130.149
5592,130.181
5593,130.205
5594,130.217
5595,130.248
5596,130.272
5597,130.377
5598,130.412
5599,130.541
5600,130.576
5601,130.679
5602,130.725
5603,130.838
5604,130.843
5605,130.937
5606,130.941
5607,131.015
5608,131.048
5609,131.082
5610,131.108
5611,131.120
5612,131.146
5613,131.236
5614,131.241
5615,131.315
5616,131.349
5617,131.374
5618,131.467
5619,131.471
5620,131.559
5621,131.564
5622,131.663
5623,131.668
5624,131.781
5625,131.787
5626,131.898
5627,131.903
5628,132.013
5629,132.019
5630,132.117
5631,132.121
5632,132.209
5633,132.214
5634,132.244
5635,132.293
5636,132.338
5637,132.390
5638,132.437
5639,132.479
5640,132.529
5641,132.576
5642,132.626
5643,132.673
5644,132.718
5645,132.762
5646,132.808
5647,132.853
5648,132.925
5649,133.000
5650,133.067
5651,133.147
5652,133.218
5653,133.302
5654,133.363
5655,133.428
5656,133.483
5657,133.541
5658,133.597
5659,133.654
5660,133.702
5661,133.753
5662,133.816
5663,133.877
5664,133.933
5665,133.988
5666,134.045
5667,134.105
5668,134.163
5669,134.220
5670,134.282
5671,134.313
5672,134.316
5673,134.335
5674,134.339
5675,134.342
5676,134.364
5677,134.375
5678,134.429
5679,134.517
5680,134.609
5681,134.679
5682,134.682
5683,134.845
5684,135.007
5685,135.013
5686,135.020
5687,135.026
5688,135.032
5689,135.039
5690,135.046
5691,135.054
5692,135.062
5693,135.070
5694,135.079
5695,135.088
5696,135.097
5697,135.107
5698,135.117
5699,135.130
5700,135.142
5701,135.154
5702,135.167
5703,135.180
5704,135.193
5705,135.206
5706,135.220
5707,135.235
5708,135.252
5709,135.267
5710,135.284
5711,135.300
5712,135.318
5713,135.336
5714,135.354
5715,135.373
5716,135.393
5717,135.413
5718,135.434
5719,135.456
5720,135.478
5721,135.502
5722,135.525
5723,135.546
5724,135.564
5725,135.573
5726,135.592
5727,135.625
5728,135.628
5729,135.630
5730,135.633
5731,135.660
5732,135.683
5733,135.709
5734,135.731
5735,135.827
5736,135.869
5737,135.874
5738,135.879
5739,135.884
5740,135.889
5741,135.894
5742,135.899
5743,135.904
5744,135.909
5745,135.915
5746,135.920
5747,135.925
5748,135.930
5749,135.935
5750,135.940
5751,135.945
5752,135.950
5753,135.955
5754,135.960
5755,135.966
5756,135.971
5757,135.976
5758,135.982
5759,135.988
5760,135.993
5761,135.998
5762,136.004
5763,136.010
5764,136.016
5765,136.099
5766,136.202
5767,136.253
5768,136.297
5769,136.337
5770,136.387
5771,136.423
5772,136.442
5773,136.488
5774,136.522
5775,136.670
5776,136.735
5777,136.826
5778,136.831
5779,136.837
5780,136.842
5781,136.847
5782,136.862
5783,136.867
5784,136.944
5785,136.949
5786,137.041
5787,137.047
5788,137.052
5789,137.145
5790,137.181
5791,137.303
5792,137.308
5793,137.417
5794,137.423
5795,137.506
5796,137.541
5797,137.576
5798,137.606
5799,137.619
5800,137.648
5801,137.728
5802,137.734
5803,137.739
5804,137.745
5805,137.751
5806,137.858
5807,137.863
5808,137.983
5809,137.988
5810,138.101
5811,138.136
5812,138.165
5813,138.268
5814,138.273
5815,138.373
5816,138.378
5817,138.470
5818,138.475
5819,138.570
5820,138.576
5821,138.674
5822,138.679
5823,138.787
5824,138.793
5825,138.918
5826,138.924
5827,139.052
5828,139.058
5829,139.203
5830,139.254
5831,139.260
5832,139.266
5833,139.272
5834,139.279
5835,139.285
5836,139.291
5837,139.297
5838,139.303
5839,139.309
5840,139.315
5841,139.321
5842,139.327
5843,139.333
5844,139.339
5845,139.346
5846,139.352
5847,139.358
5848,139.365
5849,139.372
5850,139.378
5851,139.384
5852,139.391
5853,139.397
5854,139.404
5855,139.410
5856,139.417
5857,139.423
5858,139.429
5859,139.551
5860,139.665
5861,139.703
5862,139.740
5863,139.778
5864,139.816
5865,139.845
5866,139.859
5867,139.895
5868,139.920
5869,140.022
5870,140.053
5871,140.152
5872,140.186
5873,140.274
5874,140.312
5875,140.447
5876,140.453
5877,140.577
5878,140.584
5879,140.719
5880,140.770
5881,140.818
5882,140.856
5883,140.876
5884,140.915
5885,141.061
5886,141.067
5887,141.153
5888,141.189
5889,141.216
5890,141.228
5891,141.353
5892,141.358
5893,141.446
5894,141.451
5895,141.546
5896,141.551
5897,141.639
5898,141.644
5899,141.742
5900,141.747
5901,141.861
5902,141.866
5903,141.993
5904,141.999
5905,142.135
5906,142.186
5907,142.192
5908,142.198
5909,142.203
5910,142.209
5911,142.214
5912,142.220
5913,142.226
5914,142.232
5915,142.238
5916,142.244
5917,142.250
5918,142.256
5919,142.262
5920,142.268
5921,142.276
5922,142.282
5923,142.288
5924,142.294
5925,142.301
5926,142.307
5927,142.313
5928,142.320
5929,142.327
5930,142.334
5931,142.341
5932,142.347
5933,142.353
5934,142.360
5935,142.475
5936,142.589
5937,142.626
5938,142.663
5939,142.699
5940,142.735
5941,142.766
5942,142.781
5943,142.818
5944,142.845
5945,142.954
5946,142.985
5947,143.085
5948,143.116
5949,143.199
5950,143.235
5951,143.271
5952,143.404
5953,143.409
5954,143.517
5955,143.568
5956,143.616
5957,143.686
5958,143.686
5959,143.714
5960,143.883
5961,143.890
5962,143.992
5963,144.033
5964,144.062
5965,144.075
5966,144.206
5967,144.211
5968,144.307
5969,144.313
5970,144.406
5971,144.411
5972,144.503
5973,144.511
5974,144.608
5975,144.614
5976,144.732
5977,144.738
5978,144.847
5979,144.851
5980,144.991
5981,145.040
5982,145.046
5983,145.051
5984,145.057
5985,145.062
5986,145.068
5987,145.073
5988,145.079
5989,145.085
5990,145.091
5991,145.097
5992,145.102
5993,145.108
5994,145.113
5995,145.119
5996,145.124
5997,145.130
5998,145.136
5999,145.142
6000,145.147
6001,145.153
6002,145.160
6003,145.165
6004,145.171
6005,145.177
6006,145.183
6007,145.189
6008,145.195
6009,145.201
6010,145.322
6011,145.434
6012,145.468
6013,145.503
6014,145.537
6015,145.571
6016,145.598
6017,145.611
6018,145.648
6019,145.674
6020,145.777
6021,145.809
6022,145.911
6023,145.943
6024,146.029
6025,146.065
6026,146.196
6027,146.202
6028,146.308
6029,146.312
6030,146.435
6031,146.482
6032,146.533
6033,146.579
6034,146.600
6035,146.646
6036,146.792
6037,146.797
6038,146.892
6039,146.926
6040,146.953
6041,146.966
6042,147.098
6043,147.104
6044,147.198
6045,147.203
6046,147.299
6047,147.305
6048,147.401
6049,147.407
6050,147.509
6051,147.514
6052,147.626
6053,147.631
6054,147.769
6055,147.776
6056,147.916
6057,147.970
6058,147.978
6059,147.985
6060,147.991
6061,147.996
6062,148.003
6063,148.011
6064,148.017
6065,148.022
6066,148.030
6067,148.037
6068,148.045
6069,148.055
6070,148.063
6071,148.070
6072,148.079
6073,148.086
6074,148.094
6075,148.103
6076,148.110
6077,148.118
6078,148.128
6079,148.135
6080,148.143
6081,148.149
6082,148.157
6083,148.163
6084,148.170
6085,148.177
6086,148.285
6087,148.400
6088,148.437
6089,148.474
6090,148.514
6091,148.553
6092,148.583
6093,148.598
6094,148.637
6095,148.667
6096,148.781
6097,148.818
6098,148.933
6099,148.970
6100,149.064
6101,149.102
6102,149.106
6103,149.121
6104,149.261
6105,149.266
6106,149.394
6107,149.400
6108,149.419
6109,149.471
6110,149.511
6111,149.529
6112,149.567
6113,149.734
6114,149.740
6115,149.842
6116,149.879
6117,149.907
6118,149.920
6119,150.050
6120,150.055
6121,150.148
6122,150.154
6123,150.251
6124,150.257
6125,150.352
6126,150.358
6127,150.458
6128,150.463
6129,150.586
6130,150.592
6131,150.711
6132,150.717
6133,150.867
6134,150.918
6135,150.925
6136,150.931
6137,150.937
6138,150.942
6139,150.948
6140,150.954
6141,150.960
6142,150.966
6143,150.972
6144,150.978
6145,150.984
6146,150.990
6147,150.996
6148,151.003
6149,151.009
6150,151.015
6151,151.021
6152,151.028
6153,151.034
6154,151.041
6155,151.047
6156,151.054
6157,151.060
6158,151.067
6159,151.073
6160,151.080
6161,151.086
6162,151.093
6163,151.210
6164,151.327
6165,151.362
6166,151.397
6167,151.432
6168,151.468
6169,151.497
6170,151.511
6171,151.549
6172,151.578
6173,151.685
6174,151.718
6175,151.824
6176,151.863
6177,151.959
6178,151.999
6179,152.039
6180,152.179
6181,152.185
6182,152.297
6183,152.342
6184,152.389
6185,152.422
6186,152.438
6187,152.474
6188,152.636
6189,152.643
6190,152.756
6191,152.803
6192,152.834
6193,152.849
6194,152.989
6195,152.994
6196,153.093
6197,153.100
6198,153.199
6199,153.204
6200,153.303
6201,153.309
6202,153.414
6203,153.419
6204,153.557
6205,153.563
6206,153.684
6207,153.693
6208,153.848
6209,153.903
6210,153.909
6211,153.915
6212,153.921
6213,153.928
6214,153.934
6215,153.940
6216,153.945
6217,153.952
6218,153.958
6219,153.964
6220,153.970
6221,153.976
6222,153.982
6223,153.988
6224,153.994
6225,154.001
6226,154.007
6227,154.013
6228,154.020
6229,154.026
6230,154.033
6231,154.040
6232,154.046
6233,154.053
6234,154.059
6235,154.066
6236,154.073
6237,154.079
6238,154.203
6239,154.325
6240,154.366
6241,154.407
6242,154.443
6243,154.479
6244,154.513
6245,154.532
6246,154.569
6247,154.599
6248,154.705
6249,154.738
6250,154.847
6251,154.883
6252,154.988
6253,155.025
6254,155.063
6255,155.207
6256,155.213
6257,155.360
6258,155.367
6259,155.386
6260,155.393
6261,155.532
6262,155.588
6263,155.614
6264,155.673
6265,155.810
6266,155.816
6267,155.910
6268,155.949
6269,155.980
6270,155.995
6271,156.138
6272,156.144
6273,156.243
6274,156.248
6275,156.350
6276,156.356
6277,156.457
6278,156.463
6279,156.569
6280,156.574
6281,156.714
6282,156.721
6283,156.886
6284,156.895
6285,157.047
6286,157.097
6287,157.102
6288,157.107
6289,157.112
6290,157.117
6291,157.121
6292,157.127
6293,157.132
6294,157.137
6295,157.142
6296,157.147
6297,157.152
6298,157.157
6299,157.163
6300,157.168
6301,157.173
6302,157.179
6303,157.184
6304,157.189
6305,157.194
6306,157.199
6307,157.205
6308,157.210
6309,157.216
6310,157.221
6311,157.226
6312,157.232
6313,157.237
6314,157.243
6315,157.331
6316,157.439
6317,157.476
6318,157.513
6319,157.550
6320,157.587
6321,157.616
6322,157.629
6323,157.666
6324,157.693
6325,157.800
6326,157.834
6327,157.944
6328,157.976
6329,158.067
6330,158.104
6331,158.141
6332,158.326
6333,158.332
6334,158.458
6335,158.505
6336,158.554
6337,158.597
6338,158.617
6339,158.659
6340,158.777
6341,158.782
6342,158.875
6343,158.910
6344,158.937
6345,159.039
6346,159.044
6347,159.153
6348,159.158
6349,159.259
6350,159.264
6351,159.364
6352,159.369
6353,159.466
6354,159.472
6355,159.605
6356,159.611
6357,159.787
6358,159.794
6359,159.965
6360,159.971
6361,160.085
6362,160.127
6363,160.133
6364,160.138
6365,160.143
6366,160.148
6367,160.153
6368,160.159
6369,160.164
6370,160.169
6371,160.173
6372,160.178
6373,160.184
6374,160.190
6375,160.195
6376,160.200
6377,160.204
6378,160.210
6379,160.219
6380,160.221
6381,160.226
6382,160.232
6383,160.242
6384,160.244
6385,160.249
6386,160.255
6387,160.271
6388,160.271
6389,160.272
6390,160.277
6391,160.371
6392,160.482
6393,160.521
6394,160.558
6395,160.597
6396,160.636
6397,160.665
6398,160.680
6399,160.714
6400,160.744
6401,160.855
6402,160.890
6403,161.007
6404,161.039
6405,161.165
6406,161.209
6407,161.253
6408,161.437
6409,161.445
6410,161.554
6411,161.592
6412,161.629
6413,161.657
6414,161.670
6415,161.697
6416,161.805
6417,161.810
6418,161.898
6419,161.934
6420,161.962
6421,161.975
6422,162.102
6423,162.108
6424,162.205
6425,162.210
6426,162.306
6427,162.311
6428,162.404
6429,162.409
6430,162.565
6431,162.571
6432,162.747
6433,162.753
6434,162.910
6435,162.915
6436,163.029
6437,163.071
6438,163.076
6439,163.081
6440,163.085
6441,163.090
6442,163.095
6443,163.099
6444,163.104
6445,163.109
6446,163.114
6447,163.119
6448,163.125
6449,163.130
6450,163.134
6451,163.139
6452,163.145
6453,163.150
6454,163.156
6455,163.161
6456,163.166
6457,163.172
6458,163.177
6459,163.183
6460,163.188
6461,163.194
6462,163.201
6463,163.206
6464,163.211
6465,163.217
6466,163.306
6467,163.412
6468,163.448
6469,163.488
6470,163.526
6471,163.565
6472,163.597
6473,163.613
6474,163.651
6475,163.679
6476,163.789
6477,163.823
6478,163.927
6479,163.962
6480,164.127
6481,164.133
6482,164.139
6483,164.268
6484,164.313
6485,164.494
6486,164.501
6487,164.597
6488,164.633
6489,164.671
6490,164.701
6491,164.716
6492,164.747
6493,164.767
6494,164.809
6495,164.824
6496,164.861
6497,164.892
6498,164.905
6499,165.035
6500,165.040
6501,165.137
6502,165.142
6503,165.244
6504,165.250
6505,165.355
6506,165.361
6507,165.494
6508,165.500
6509,165.673
6510,165.679
6511,165.843
6512,165.849
6513,165.958
6514,165.998
6515,166.003
6516,166.007
6517,166.012
6518,166.017
6519,166.021
6520,166.026
6521,166.031
6522,166.036
6523,166.041
6524,166.046
6525,166.051
6526,166.056
6527,166.061
6528,166.068
6529,166.073
6530,166.078
6531,166.083
6532,166.088
6533,166.093
6534,166.098
6535,166.103
6536,166.109
6537,166.115
6538,166.121
6539,166.126
6540,166.132
6541,166.137
6542,166.142
6543,166.235
6544,166.350
6545,166.384
6546,166.417
6547,166.454
6548,166.489
6549,166.519
6550,166.534
6551,166.574
6552,166.605
6553,166.716
6554,166.748
6555,166.864
6556,166.899
6557,167.019
6558,167.070
6559,167.120
6560,167.331
6561,167.338
6562,167.467
6563,167.508
6564,167.550
6565,167.581
6566,167.596
6567,167.628
6568,167.760
6569,167.766
6570,167.869
6571,167.908
6572,167.937
6573,167.951
6574,168.091
6575,168.099
6576,168.200
6577,168.206
6578,168.322
6579,168.328
6580,168.435
6581,168.441
6582,168.604
6583,168.611
6584,168.817
6585,168.823
6586,168.981
6587,168.987
6588,169.107
6589,169.152
6590,169.157
6591,169.162
6592,169.166
6593,169.171
6594,169.176
6595,169.181
6596,169.186
6597,169.191
6598,169.197
6599,169.202
6600,169.207
6601,169.213
6602,169.218
6603,169.223
6604,169.229
6605,169.234
6606,169.239
6607,169.244
6608,169.250
6609,169.255
6610,169.261
6611,169.266
6612,169.271
6613,169.277
6614,169.283
6615,169.289
6616,169.295
6617,169.301
6618,169.400
6619,169.518
6620,169.556
6621,169.594
6622,169.633
6623,169.671
6624,169.702
6625,169.717
6626,169.755
6627,169.785
6628,169.904
6629,169.937
6630,170.050
6631,170.084
6632,170.231
6633,170.282
6634,170.331
6635,170.560
6636,170.567
6637,170.685
6638,170.723
6639,170.763
6640,170.796
6641,170.809
6642,170.839
6643,170.967
6644,170.973
6645,171.076
6646,171.119
6647,171.149
6648,171.164
6649,171.311
6650,171.316
6651,171.424
6652,171.430
6653,171.537
6654,171.543
6655,171.656
6656,171.663
6657,171.836
6658,171.842
6659,172.022
6660,172.030
6661,172.166
6662,172.171
6663,172.278
6664,172.321
6665,172.327
6666,172.332
6667,172.337
6668,172.342
6669,172.347
6670,172.352
6671,172.356
6672,172.361
6673,172.367
6674,172.372
6675,172.377
6676,172.382
6677,172.387
6678,172.392
6679,172.397
6680,172.402
6681,172.410
6682,172.418
6683,172.425
6684,172.431
6685,172.436
6686,172.442
6687,172.447
6688,172.452
6689,172.457
6690,172.463
6691,172.469
6692,172.474
6693,172.572
6694,172.686
6695,172.726
6696,172.766
6697,172.806
6698,172.848
6699,172.879
6700,172.894
6701,172.933
6702,172.963
6703,173.082
6704,173.117
6705,173.242
6706,173.283
6707,173.424
6708,173.474
6709,173.525
6710,173.733
6711,173.739
6712,173.843
6713,173.881
6714,173.920
6715,173.950
6716,173.965
6717,173.994
6718,174.119
6719,174.125
6720,174.226
6721,174.266
6722,174.298
6723,174.313
6724,174.464
6725,174.469
6726,174.571
6727,174.577
6728,174.681
6729,174.686
6730,174.834
6731,174.841
6732,174.996
6733,175.002
6734,175.176
6735,175.182
6736,175.300
6737,175.305
6738,175.410
6739,175.451
6740,175.456
6741,175.460
6742,175.465
6743,175.470
6744,175.474
6745,175.479
6746,175.484
6747,175.489
6748,175.494
6749,175.498
6750,175.503
6751,175.507
6752,175.512
6753,175.517
6754,175.522
6755,175.526
6756,175.531
6757,175.536
6758,175.541
6759,175.546
6760,175.551
6761,175.555
6762,175.560
6763,175.565
6764,175.570
6765,175.575
6766,175.580
6767,175.585
6768,175.672
6769,175.784
6770,175.819
6771,175.856
6772,175.892
6773,175.930
6774,175.959
6775,175.973
6776,176.008
6777,176.035
6778,176.145
6779,176.175
6780,176.338
6781,176.380
6782,176.510
6783,176.559
6784,176.616
6785,176.814
6786,176.821
6787,176.942
6788,176.988
6789,177.034
6790,177.070
6791,177.088
6792,177.124
6793,177.272
6794,177.279
6795,177.393
6796,177.430
6797,177.461
6798,177.476
6799,177.627
6800,177.633
6801,177.746
6802,177.752
6803,177.885
6804,177.892
6805,178.048
6806,178.055
6807,178.217
6808,178.222
6809,178.358
6810,178.364
6811,178.479
6812,178.485
6813,178.599
6814,178.642
6815,178.647
6816,178.652
6817,178.657
6818,178.662
6819,178.667
6820,178.672
6821,178.677
6822,178.683
6823,178.688
6824,178.693
6825,178.698
6826,178.703
6827,178.708
6828,178.714
6829,178.718
6830,178.722
6831,178.728
6832,178.732
6833,178.761
6834,178.761
6835,178.761
6836,178.761
6837,178.770
6838,178.775
6839,178.781
6840,178.786
6841,178.791
6842,178.796
6843,178.891
6844,179.005
6845,179.041
6846,179.076
6847,179.112
6848,179.156
6849,179.195
6850,179.211
6851,179.248
6852,179.274
6853,179.416
6854,179.458
6855,179.621
6856,179.664
6857,179.798
6858,179.835
6859,179.872
6860,180.020
6861,180.025
6862,180.124
6863,180.161
6864,180.198
6865,180.228
6866,180.243
6867,180.271
6868,180.391
6869,180.396
6870,180.498
6871,180.541
6872,180.582
6873,180.600
6874,180.744
6875,180.749
6876,180.916
6877,180.916
6878,181.058
6879,181.064
6880,181.214
6881,181.219
6882,181.341
6883,181.346
6884,181.487
6885,181.492
6886,181.608
6887,181.614
6888,181.715
6889,181.754
6890,181.759
6891,181.764
6892,181.768
6893,181.773
6894,181.778
6895,181.784
6896,181.789
6897,181.795
6898,181.800
6899,181.805
6900,181.811
6901,181.816
6902,181.821
6903,181.827
6904,181.876
6905,181.876
6906,181.876
6907,181.877
6908,181.884
6909,181.889
6910,181.895
6911,181.901
6912,181.907
6913,181.912
6914,181.917
6915,181.922
6916,181.929
6917,181.934
6918,182.036
6919,182.159
6920,182.198
6921,182.235
6922,182.274
6923,182.330
6924,182.370
6925,182.389
6926,182.439
6927,182.477
6928,182.646
6929,182.685
6930,182.827
6931,182.859
6932,182.952
6933,182.988
6934,183.024
6935,183.166
6936,183.171
6937,183.264
6938,183.302
6939,183.340
6940,183.369
6941,183.383
6942,183.412
6943,183.531
6944,183.536
6945,183.631
6946,183.669
6947,183.698
6948,183.711
6949,183.911
6950,183.918
6951,184.054
6952,184.061
6953,184.197
6954,184.202
6955,184.303
6956,184.308
6957,184.413
6958,184.418
6959,184.537
6960,184.542
6961,184.654
6962,184.659
6963,184.765
6964,184.808
6965,184.813
6966,184.818
6967,184.822
6968,184.827
6969,184.832
6970,184.837
6971,184.842
6972,184.847
6973,184.852
6974,184.857
6975,184.862
6976,184.867
6977,184.872
6978,184.877
6979,184.882
6980,184.888
6981,184.893
6982,184.898
6983,184.904
6984,184.909
6985,184.914
6986,184.920
6987,184.925
6988,184.931
6989,184.936
6990,184.942
6991,184.948
6992,184.954
6993,185.045
6994,185.178
6995,185.231
6996,185.281
6997,185.331
6998,185.377
6999,185.412
7000,185.430
7001,185.476
7002,185.511
7003,185.664
7004,185.698
7005,185.811
7006,185.843
7007,185.945
7008,185.978
7009,186.012
7010,186.145
7011,186.150
7012,186.242
7013,186.276
7014,186.312
7015,186.341
7016,186.354
7017,186.381
7018,186.492
7019,186.497
7020,186.602
7021,186.647
7022,186.680
7023,186.699
7024,186.899
7025,186.907
7026,187.044
7027,187.050
7028,187.157
7029,187.162
7030,187.262
7031,187.267
7032,187.377
7033,187.382
7034,187.504
7035,187.509
7036,187.622
7037,187.627
7038,187.726
7039,187.763
7040,187.767
7041,187.773
7042,187.779
7043,187.783
7044,187.788
7045,187.793
7046,187.797
7047,187.803
7048,187.809
7049,187.813
7050,187.818
7051,187.823
7052,187.827
7053,187.832
7054,187.837
7055,187.841
7056,187.846
7057,187.851
7058,187.856
7059,187.860
7060,187.866
7061,187.871
7062,187.876
7063,187.882
7064,187.887
7065,187.892
7066,187.897
7067,187.902
7068,188.020
7069,188.054
7070,188.182
7071,188.187
7072,188.308
7073,188.315
7074,188.320
7075,188.335
7076,188.371
7077,188.406
7078,188.441
7079,188.475
7080,188.504
7081,188.517
7082,188.551
7083,188.574
7084,188.692
7085,188.725
7086,188.837
7087,188.868
7088,188.958
7089,188.992
7090,189.025
7091,189.169
7092,189.174
7093,189.265
7094,189.300
7095,189.334
7096,189.368
7097,189.386
7098,189.422
7099,189.594
7100,189.600
7101,189.733
7102,189.868
7103,189.875
7104,189.880
7105,189.970
7106,190.101
7107,190.106
7108,190.204
7109,190.208
7110,190.310
7111,190.315
7112,190.419
7113,190.425
7114,190.534
7115,190.539
7116,190.691
7117,190.698
7118,190.866
7119,190.873
7120,191.012
7121,191.052
7122,191.057
7123,191.061
7124,191.066
7125,191.070
7126,191.075
7127,191.080
7128,191.084
7129,191.089
7130,191.094
7131,191.099
7132,191.104
7133,191.108
7134,191.113
7135,191.118
7136,191.123
7137,191.128
7138,191.133
7139,191.138
7140,191.143
7141,191.147
7142,191.152
7143,191.157
7144,191.162
7145,191.167
7146,191.171
7147,191.176
7148,191.181
7149,191.186
7150,191.275
7151,191.387
7152,191.421
7153,191.455
7154,191.490
7155,191.524
7156,191.550
7157,191.564
7158,191.596
7159,191.620
7160,191.730
7161,191.761
7162,191.871
7163,191.902
7164,191.993
7165,192.037
7166,192.085
7167,192.297
7168,192.303
7169,192.452
7170,192.492
7171,192.531
7172,192.558
7173,192.572
7174,192.602
7175,192.724
7176,192.730
7177,192.832
7178,192.961
7179,192.969
7180,192.974
7181,193.079
7182,193.229
7183,193.235
7184,193.341
7185,193.346
7186,193.485
7187,193.491
7188,193.670
7189,193.677
7190,193.850
7191,193.856
7192,193.998
7193,194.003
7194,194.119
7195,194.124
7196,194.226
7197,194.263
7198,194.268
7199,194.272
7200,194.277
7201,194.281
7202,194.286
7203,194.290
7204,194.295
7205,194.299
7206,194.304
7207,194.309
7208,194.313
7209,194.318
7210,194.323
7211,194.327
7212,194.332
7213,194.337
7214,194.341
7215,194.346
7216,194.351
7217,194.356
7218,194.361
7219,194.366
7220,194.371
7221,194.377
7222,194.382
7223,194.387
7224,194.392
7225,194.397
7226,194.492
7227,194.609
7228,194.645
7229,194.681
7230,194.828
7231,194.834
7232,194.973
7233,195.027
7234,195.046
7235,195.092
7236,195.122
7237,195.292
7238,195.328
7239,195.447
7240,195.478
7241,195.573
7242,195.609
7243,195.643
7244,195.798
7245,195.803
7246,195.905
7247,195.943
7248,195.980
7249,196.011
7250,196.025
7251,196.054
7252,196.183
7253,196.188
7254,196.289
7255,196.343
7256,196.397
7257,196.415
7258,196.626
7259,196.631
7260,196.779
7261,196.785
7262,196.900
7263,196.905
7264,197.020
7265,197.026
7266,197.146
7267,197.151
7268,197.285
7269,197.291
7270,197.425
7271,197.430
7272,197.544
7273,197.586
7274,197.590
7275,197.595
7276,197.600
7277,197.604
7278,197.609
7279,197.614
7280,197.619
7281,197.624
7282,197.630
7283,197.635
7284,197.641
7285,197.647
7286,197.653
7287,197.659
7288,197.664
7289,197.670
7290,197.675
7291,197.681
7292,197.687
7293,197.693
7294,197.699
7295,197.705
7296,197.711
7297,197.716
7298,197.722
7299,197.728
7300,197.734
7301,197.740
7302,197.873
7303,198.043
7304,198.090
7305,198.135
7306,198.183
7307,198.230
7308,198.260
7309,198.274
7310,198.312
7311,198.340
7312,198.462
7313,198.495
7314,198.620
7315,198.653
7316,198.756
7317,198.792
7318,198.831
7319,198.991
7320,198.996
7321,199.102
7322,199.140
7323,199.175
7324,199.203
7325,199.216
7326,199.244
7327,199.418
7328,199.424
7329,199.566
7330,199.614
7331,199.653
7332,199.673
7333,199.831
7334,199.837
7335,199.950
7336,199.955
7337,200.067
7338,200.072
7339,200.181
7340,200.186
7341,200.304
7342,200.309
7343,200.442
7344,200.448
7345,200.573
7346,200.579
7347,200.739
7348,200.791
7349,200.797
7350,200.803
7351,200.809
7352,200.814
7353,200.820
7354,200.826
7355,200.831
7356,200.837
7357,200.842
7358,200.848
7359,200.854
7360,200.860
7361,200.865
7362,200.871
7363,200.877
7364,200.884
7365,200.889
7366,200.896
7367,200.903
7368,200.909
7369,200.916
7370,200.922
7371,200.928
7372,200.934
7373,200.940
7374,200.946
7375,200.953
7376,200.959
7377,201.110
7378,201.244
7379,201.280
7380,201.318
7381,201.354
7382,201.394
7383,201.434
7384,201.448
7385,201.484
7386,201.511
7387,201.628
7388,201.659
7389,201.770
7390,201.802
7391,201.904
7392,201.940
7393,201.976
7394,202.128
7395,202.134
7396,202.287
7397,202.331
7398,202.377
7399,202.411
7400,202.428
7401,202.464
7402,202.631
7403,202.636
7404,202.737
7405,202.776
7406,202.815
7407,202.828
7408,202.979
7409,202.984
7410,203.093
7411,203.098
7412,203.207
7413,203.212
7414,203.320
7415,203.326
7416,203.443
7417,203.449
7418,203.639
7419,203.647
7420,203.841
7421,203.841
7422,203.971
7423,204.012
7424,204.017
7425,204.022
7426,204.027
7427,204.032
7428,204.038
7429,204.044
7430,204.049
7431,204.054
7432,204.059
7433,204.064
7434,204.069
7435,204.074
7436,204.079
7437,204.084
7438,204.089
7439,204.095
7440,204.100
7441,204.104
7442,204.109
7443,204.114
7444,204.119
7445,204.124
7446,204.129
7447,204.134
7448,204.140
7449,204.146
7450,204.152
7451,204.158
7452,204.255
7453,204.389
7454,204.434
7455,204.473
7456,204.515
7457,204.556
7458,204.592
7459,204.609
7460,204.654
7461,204.685
7462,204.828
7463,204.868
7464,205.005
7465,205.043
7466,205.184
7467,205.239
7468,205.290
7469,205.526
7470,205.534
7471,205.682
7472,205.725
7473,205.767
7474,205.797
7475,205.812
7476,205.843
7477,205.980
7478,205.986
7479,206.088
7480,206.223
7481,206.230
7482,206.236
7483,206.339
7484,206.494
7485,206.500
7486,206.612
7487,206.617
7488,206.792
7489,206.799
7490,206.965
7491,206.971
7492,207.129
7493,207.135
7494,207.273
7495,207.279
7496,207.406
7497,207.411
7498,207.520
7499,207.563
7500,207.568
7501,207.572
7502,207.577
7503,207.582
7504,207.587
7505,207.591
7506,207.596
7507,207.601
7508,207.606
7509,207.611
7510,207.616
7511,207.621
7512,207.626
7513,207.632
7514,207.637
7515,207.642
7516,207.648
7517,207.653
7518,207.659
7519,207.664
7520,207.670
7521,207.676
7522,207.681
7523,207.687
7524,207.693
7525,207.699
7526,207.704
7527,207.710
7528,207.810
7529,207.932
7530,207.969
7531,208.003
7532,208.037
7533,208.071
7534,208.098
7535,208.109
7536,208.153
7537,208.189
7538,208.364
7539,208.408
7540,208.579
7541,208.612
7542,208.719
7543,208.757
7544,208.795
7545,208.955
7546,208.961
7547,209.074
7548,209.114
7549,209.152
7550,209.183
7551,209.198
7552,209.229
7553,209.357
7554,209.363
7555,209.466
7556,209.510
7557,209.550
7558,209.564
7559,209.774
7560,209.781
7561,209.945
7562,209.951
7563,210.096
7564,210.101
7565,210.217
7566,210.222
7567,210.343
7568,210.350
7569,210.482
7570,210.487
7571,210.609
7572,210.614
7573,210.724
7574,210.764
7575,210.768
7576,210.773
7577,210.778
7578,210.783
7579,210.787
7580,210.792
7581,210.797
7582,210.802
7583,210.806
7584,210.811
7585,210.816
7586,210.822
7587,210.827
7588,210.832
7589,210.837
7590,210.844
7591,210.850
7592,210.855
7593,210.860
7594,210.866
7595,210.872
7596,210.877
7597,210.882
7598,210.888
7599,210.894
7600,210.900
7601,210.905
7602,210.911
7603,211.017
7604,211.207
7605,211.255
7606,211.303
7607,211.355
7608,211.410
7609,211.466
7610,211.489
7611,211.534
7612,211.563
7613,211.689
7614,211.720
7615,211.842
7616,211.876
7617,212.009
7618,212.020
7619,212.061
7620,212.214
7621,212.219
7622,212.317
7623,212.357
7624,212.393
7625,212.420
7626,212.433
7627,212.460
7628,212.615
7629,212.622
7630,212.767
7631,212.819
7632,212.869
7633,212.889
7634,213.051
7635,213.056
7636,213.165
7637,213.170
7638,213.281
7639,213.286
7640,213.391
7641,213.396
7642,213.516
7643,213.522
7644,213.650
7645,213.655
7646,213.772
7647,213.779
7648,213.955
7649,214.006
7650,214.011
7651,214.017
7652,214.023
7653,214.028
7654,214.034
7655,214.041
7656,214.047
7657,214.052
7658,214.058
7659,214.064
7660,214.070
7661,214.075
7662,214.081
7663,214.087
7664,214.093
7665,214.099
7666,214.105
7667,214.111
7668,214.117
7669,214.123
7670,214.129
7671,214.135
7672,214.141
7673,214.147
7674,214.153
7675,214.160
7676,214.166
7677,214.172
7678,214.307
7679,214.436
7680,214.473
7681,214.511
7682,214.546
7683,214.581
7684,214.609
7685,214.623
7686,214.659
7687,214.687
7688,214.812
7689,214.846
7690,214.973
7691,215.004
7692,215.109
7693,215.145
7694,215.178
7695,215.370
7696,215.376
7697,215.533
7698,215.581
7699,215.627
7700,215.668
7701,215.688
7702,215.721
7703,215.856
7704,215.861
7705,215.991
7706,215.996
7707,216.110
7708,216.142
7709,216.244
7710,216.398
7711,216.404
7712,216.529
7713,216.534
7714,216.692
7715,216.698
7716,216.875
7717,216.882
7718,217.055
7719,217.061
7720,217.203
7721,217.208
7722,217.352
7723,217.358
7724,217.475
7725,217.517
7726,217.522
7727,217.527
7728,217.531
7729,217.537
7730,217.542
7731,217.547
7732,217.551
7733,217.556
7734,217.562
7735,217.567
7736,217.572
7737,217.577
7738,217.583
7739,217.588
7740,217.593
7741,217.598
7742,217.603
7743,217.609
7744,217.614
7745,217.619
7746,217.625
7747,217.630
7748,217.636
7749,217.641
7750,217.647
7751,217.652
7752,217.657
7753,217.663
7754,217.764
7755,217.884
7756,217.920
7757,217.957
7758,217.992
7759,218.027
7760,218.053
7761,218.071
7762,218.118
7763,218.156
7764,218.343
7765,218.385
7766,218.556
7767,218.587
7768,218.693
7769,218.728
7770,218.763
7771,218.916
7772,218.921
7773,219.019
7774,219.056
7775,219.092
7776,219.119
7777,219.132
7778,219.160
7779,219.283
7780,219.288
7781,219.405
7782,219.410
7783,219.540
7784,219.587
7785,219.604
7786,219.800
7787,219.806
7788,219.942
7789,219.947
7790,220.052
7791,220.057
7792,220.163
7793,220.169
7794,220.278
7795,220.283
7796,220.411
7797,220.416
7798,220.542
7799,220.547
7800,220.663
7801,220.706
7802,220.712
7803,220.717
7804,220.722
7805,220.727
7806,220.732
7807,220.738
7808,220.742
7809,220.747
7810,220.751
7811,220.755
7812,220.759
7813,220.763
7814,220.767
7815,220.773
7816,220.779
7817,220.785
7818,220.791
7819,220.798
7820,220.804
7821,220.810
7822,220.816
7823,220.822
7824,220.829
7825,220.835
7826,220.841
7827,220.847
7828,220.853
7829,220.859
7830,221.005
7831,221.175
7832,221.225
7833,221.260
7834,221.295
7835,221.330
7836,221.358
7837,221.372
7838,221.407
7839,221.433
7840,221.556
7841,221.588
7842,221.711
7843,221.744
7844,221.843
7845,221.883
7846,221.921
7847,222.079
7848,222.085
7849,222.187
7850,222.224
7851,222.258
7852,222.297
7853,222.315
7854,222.352
7855,222.537
7856,222.543
7857,222.692
7858,222.729
7859,222.757
7860,222.772
7861,222.919
7862,222.924
7863,223.035
7864,223.040
7865,223.150
7866,223.156
7867,223.263
7868,223.268
7869,223.381
7870,223.386
7871,223.519
7872,223.525
7873,223.699
7874,223.705
7875,223.869
7876,223.915
7877,223.921
7878,223.926
7879,223.931
7880,223.937
7881,223.942
7882,223.948
7883,223.955
7884,223.961
7885,223.967
7886,223.973
7887,223.979
7888,223.985
7889,223.991
7890,223.997
7891,224.003
7892,224.009
7893,224.015
7894,224.021
7895,224.027
7896,224.033
7897,224.039
7898,224.045
7899,224.050
7900,224.055
7901,224.060
7902,224.064
7903,224.069
7904,224.074
7905,224.179
7906,224.298
7907,224.333
7908,224.367
7909,224.401
7910,224.436
7911,224.464
7912,224.478
7913,224.512
7914,224.540
7915,224.558
7916,224.595
7917,224.713
7918,224.745
7919,224.849
7920,224.884
7921,224.920
7922,225.081
7923,225.087
7924,225.239
7925,225.283
7926,225.329
7927,225.364
7928,225.381
7929,225.413
7930,225.573
7931,225.578
7932,225.682
7933,225.716
7934,225.743
7935,225.757
7936,225.900
7937,225.905
7938,226.015
7939,226.020
7940,226.131
7941,226.136
7942,226.257
7943,226.262
7944,226.371
7945,226.376
7946,226.571
7947,226.577
7948,226.761
7949,226.766
7950,226.882
7951,226.922
7952,226.926
7953,226.931
7954,226.936
7955,226.940
7956,226.945
7957,226.949
7958,226.954
7959,226.961
7960,226.964
7961,226.969
7962,226.974
7963,226.979
7964,226.984
7965,226.989
7966,226.994
7967,226.999
7968,227.004
7969,227.009
7970,227.014
7971,227.019
7972,227.024
7973,227.029
7974,227.035
7975,227.040
7976,227.045
7977,227.050
7978,227.055
7979,227.062
7980,227.168
7981,227.287
7982,227.325
7983,227.359
7984,227.392
7985,227.426
7986,227.452
7987,227.465
7988,227.605
7989,227.635
7990,227.647
7991,227.676
7992,227.793
7993,227.833
7994,227.977
7995,228.018
7996,228.062
7997,228.266
7998,228.271
7999,228.376
8000,228.411
8001,228.445
8002,228.473
8003,228.486
8004,228.513
8005,228.642
8006,228.648
8007,228.747
8008,228.784
8009,228.816
8010,228.830
8011,228.996
8012,229.001
8013,229.119
8014,229.125
8015,229.276
8016,229.282
8017,229.453
8018,229.460
8019,229.640
8020,229.646
8021,229.797
8022,229.803
8023,229.944
8024,229.950
8025,230.080
8026,230.125
8027,230.130
8028,230.135
8029,230.140
8030,230.145
8031,230.150
8032,230.155
8033,230.160
8034,230.166
8035,230.171
8036,230.176
8037,230.182
8038,230.188
8039,230.194
8040,230.200
8041,230.205
8042,230.211
8043,230.216
8044,230.221
8045,230.227
8046,230.233
8047,230.240
8048,230.246
8049,230.253
8050,230.260
8051,230.268
8052,230.276
8053,230.283
8054,230.290
8055,230.406
8056,230.547
8057,230.584
8058,230.623
8059,230.657
8060,230.699
8061,230.741
8062,230.760
8063,230.809
8064,230.846
8065,231.040
8066,231.083
8067,231.247
8068,231.283
8069,231.403
8070,231.442
8071,231.479
8072,231.646
8073,231.652
8074,231.761
8075,231.797
8076,231.832
8077,231.859
8078,231.874
8079,231.902
8080,232.036
8081,232.041
8082,232.159
8083,232.204
8084,232.240
8085,232.257
8086,232.474
8087,232.480
8088,232.635
8089,232.640
8090,232.762
8091,232.767
8092,232.891
8093,232.896
8094,233.025
8095,233.030
8096,233.167
8097,233.172
8098,233.308
8099,233.313
8100,233.433
8101,233.489
8102,233.496
8103,233.501
8104,233.507
8105,233.513
8106,233.518
8107,233.524
8108,233.529
8109,233.535
8110,233.541
8111,233.547
8112,233.553
8113,233.559
8114,233.564
8115,233.570
8116,233.576
8117,233.582
8118,233.588
8119,233.596
8120,233.603
8121,233.610
8122,233.617
8123,233.624
8124,233.630
8125,233.637
8126,233.644
8127,233.651
8128,233.658
8129,233.664
8130,233.829
8131,234.014
8132,234.056
8133,234.094
8134,234.131
8135,234.167
8136,234.197
8137,234.211
8138,234.248
8139,234.278
8140,234.422
8141,234.428
8142,234.434
8143,234.589
8144,234.595
8145,234.743
8146,234.778
8147,234.904
8148,234.944
8149,234.981
8150,235.200
8151,235.206
8152,235.373
8153,235.418
8154,235.466
8155,235.507
8156,235.522
8157,235.554
8158,235.711
8159,235.718
8160,235.841
8161,235.879
8162,235.911
8163,235.925
8164,236.080
8165,236.085
8166,236.206
8167,236.212
8168,236.336
8169,236.341
8170,236.461
8171,236.466
8172,236.656
8173,236.663
8174,236.875
8175,236.881
8176,237.031
8177,237.036
8178,237.157
8179,237.197
8180,237.202
8181,237.207
8182,237.212
8183,237.216
8184,237.221
8185,237.226
8186,237.231
8187,237.236
8188,237.241
8189,237.245
8190,237.250
8191,237.255
8192,237.260
8193,237.264
8194,237.269
8195,237.274
8196,237.279
8197,237.284
8198,237.289
8199,237.295
8200,237.300
8201,237.305
8202,237.312
8203,237.317
8204,237.322
8205,237.327
8206,237.333
8207,237.338
8208,237.440
8209,237.564
8210,237.600
8211,237.636
8212,237.672
8213,237.708
8214,237.736
8215,237.750
8216,237.903
8217,237.935
8218,238.106
8219,238.159
8220,238.355
8221,238.401
8222,238.536
8223,238.575
8224,238.611
8225,238.772
8226,238.777
8227,238.885
8228,238.920
8229,238.955
8230,238.983
8231,238.996
8232,239.023
8233,239.156
8234,239.162
8235,239.271
8236,239.307
8237,239.336
8238,239.350
8239,239.540
8240,239.547
8241,239.726
8242,239.733
8243,239.905
8244,239.910
8245,240.048
8246,240.054
8247,240.181
8248,240.187
8249,240.305
8250,240.347
8251,240.476
8252,240.481
8253,240.605
8254,240.648
8255,240.653
8256,240.658
8257,240.663
8258,240.668
8259,240.673
8260,240.678
8261,240.683
8262,240.688
8263,240.693
8264,240.698
8265,240.703
8266,240.708
8267,240.713
8268,240.718
8269,240.724
8270,240.729
8271,240.734
8272,240.740
8273,240.745
8274,240.751
8275,240.756
8276,240.762
8277,240.767
8278,240.773
8279,240.778
8280,240.784
8281,240.790
8282,240.795
8283,240.903
8284,241.081
8285,241.132
8286,241.179
8287,241.227
8288,241.277
8289,241.316
8290,241.497
8291,241.503
8292,241.620
8293,241.653
8294,241.797
8295,241.831
8296,241.954
8297,241.986
8298,242.105
8299,242.148
8300,242.189
8301,242.374
8302,242.381
8303,242.530
8304,242.596
8305,242.654
8306,242.700
8307,242.720
8308,242.765
8309,243.001
8310,243.009
8311,243.171
8312,243.177
8313,243.315
8314,243.365
8315,243.381
8316,243.576
8317,243.583
8318,243.729
8319,243.738
8320,243.882
8321,243.888
8322,244.029
8323,244.035
8324,244.203
8325,244.211
8326,244.438
8327,244.444
8328,244.619
8329,244.624
8330,244.742
8331,244.781
8332,244.786
8333,244.790
8334,244.795
8335,244.800
8336,244.804
8337,244.809
8338,244.813
8339,244.818
8340,244.823
8341,244.827
8342,244.832
8343,244.837
8344,244.841
8345,244.846
8346,244.851
8347,244.856
8348,244.861
8349,244.866
8350,244.871
8351,244.876
8352,244.881
8353,244.886
8354,244.892
8355,244.897
8356,244.902
8357,244.907
8358,244.912
8359,244.917
8360,245.020
8361,245.139
8362,245.177
8363,245.212
8364,245.245
8365,245.279
8366,245.306
8367,245.431
8368,245.435
8369,245.440
8370,245.542
8371,245.570
8372,245.756
8373,245.798
8374,245.981
8375,246.020
8376,246.133
8377,246.170
8378,246.204
8379,246.358
8380,246.363
8381,246.464
8382,246.500
8383,246.535
8384,246.562
8385,246.575
8386,246.604
8387,246.733
8388,246.738
8389,246.860
8390,246.865
8391,246.994
8392,247.032
8393,247.049
8394,247.272
8395,247.279
8396,247.434
8397,247.439
8398,247.559
8399,247.564
8400,247.682
8401,247.687
8402,247.807
8403,247.812
8404,247.948
8405,247.953
8406,248.079
8407,248.085
8408,248.196
8409,248.235
8410,248.241
8411,248.247
8412,248.253
8413,248.258
8414,248.264
8415,248.270
8416,248.277
8417,248.283
8418,248.289
8419,248.295
8420,248.300
8421,248.306
8422,248.312
8423,248.318
8424,248.324
8425,248.330
8426,248.336
8427,248.342
8428,248.348
8429,248.354
8430,248.360
8431,248.366
8432,248.372
8433,248.378
8434,248.384
8435,248.390
8436,248.396
8437,248.402
8438,248.554
8439,248.724
8440,248.759
8441,248.794
8442,248.828
8443,248.863
8444,248.889
8445,249.009
8446,249.015
8447,249.118
8448,249.145
8449,249.267
8450,249.298
8451,249.422
8452,249.453
8453,249.553
8454,249.588
8455,249.622
8456,249.840
8457,249.846
8458,249.994
8459,250.043
8460,250.084
8461,250.112
8462,250.126
8463,250.154
8464,250.287
8465,250.292
8466,250.397
8467,250.432
8468,250.458
8469,250.470
8470,250.613
8471,250.618
8472,250.736
8473,250.741
8474,250.853
8475,250.858
8476,250.967
8477,250.973
8478,251.145
8479,251.150
8480,251.339
8481,251.344
8482,251.476
8483,251.481
8484,251.592
8485,251.633
8486,251.638
8487,251.642
8488,251.647
8489,251.651
8490,251.655
8491,251.660
8492,251.664
8493,251.668
8494,251.673
8495,251.677
8496,251.681
8497,251.686
8498,251.690
8499,251.695
8500,251.699
8501,251.704
8502,251.708
8503,251.713
8504,251.718
8505,251.722
8506,251.727
8507,251.731
8508,251.739
8509,251.741
8510,251.746
8511,251.750
8512,251.755
8513,251.760
8514,251.859
8515,251.983
8516,252.018
8517,252.053
8518,252.087
8519,252.121
8520,252.149
8521,252.271
8522,252.276
8523,252.430
8524,252.469
8525,252.644
8526,252.690
8527,252.837
8528,252.872
8529,252.980
8530,253.014
8531,253.049
8532,253.203
8533,253.208
8534,253.311
8535,253.347
8536,253.381
8537,253.411
8538,253.424
8539,253.452
8540,253.589
8541,253.595
8542,253.737
8543,253.798
8544,253.847
8545,253.863
8546,254.083
8547,254.089
8548,254.212
8549,254.217
8550,254.331
8551,254.336
8552,254.448
8553,254.453
8554,254.583
8555,254.589
8556,254.734
8557,254.740
8558,254.869
8559,254.875
8560,255.014
8561,255.063
8562,255.069
8563,255.074
8564,255.080
8565,255.085
8566,255.090
8567,255.097
8568,255.104
8569,255.109
8570,255.114
8571,255.120
8572,255.126
8573,255.132
8574,255.138
8575,255.143
8576,255.148
8577,255.153
8578,255.159
8579,255.164
8580,255.170
8581,255.176
8582,255.181
8583,255.187
8584,255.193
8585,255.199
8586,255.205
8587,255.211
8588,255.217
8589,255.222
8590,255.380
8591,255.536
8592,255.575
8593,255.614
8594,255.664
8595,255.692
8596,255.722
8597,255.860
8598,255.865
8599,255.998
8600,256.031
8601,256.160
8602,256.195
8603,256.333
8604,256.365
8605,256.496
8606,256.547
8607,256.597
8608,256.851
8609,256.858
8610,256.986
8611,257.026
8612,257.063
8613,257.094
8614,257.108
8615,257.137
8616,257.281
8617,257.286
8618,257.400
8619,257.471
8620,257.499
8621,257.513
8622,257.692
8623,257.697
8624,257.828
8625,257.834
8626,257.993
8627,257.999
8628,258.169
8629,258.175
8630,258.351
8631,258.356
8632,258.507
8633,258.512
8634,258.650
8635,258.656
8636,258.774
8637,258.812
8638,258.817
8639,258.822
8640,258.826
8641,258.831
8642,258.836
8643,258.840
8644,258.845
8645,258.849
8646,258.854
8647,258.859
8648,258.864
8649,258.868
8650,258.873
8651,258.878
8652,258.883
8653,258.888
8654,258.893
8655,258.898
8656,258.902
8657,258.908
8658,258.913
8659,258.917
8660,258.922
8661,258.928
8662,258.933
8663,258.938
8664,258.943
8665,258.948
8666,259.053
8667,259.174
8668,259.208
8669,259.240
8670,259.285
8671,259.332
8672,259.366
8673,259.551
8674,259.557
8675,259.716
8676,259.747
8677,259.879
8678,259.911
8679,260.045
8680,260.079
8681,260.190
8682,260.226
8683,260.262
8684,260.425
8685,260.430
8686,260.537
8687,260.571
8688,260.605
8689,260.634
8690,260.654
8691,260.695
8692,260.902
8693,260.908
8694,261.078
8695,261.262
8696,261.296
8697,261.414
8698,261.578
8699,261.583
8700,261.711
8701,261.716
8702,261.843
8703,261.848
8704,261.971
8705,261.976
8706,262.159
8707,262.165
8708,262.377
8709,262.382
8710,262.525
8711,262.530
8712,262.558
8713,262.560
8714,262.563
8715,262.566
8716,262.569
8717,262.573
8718,262.576
8719,262.579
8720,262.582
8721,262.585
8722,262.589
8723,262.593
8724,262.595
8725,262.633
8726,262.636
8727,262.640
8728,262.642
8729,262.654
8730,262.656
8731,262.660
8732,262.663
8733,262.786
8734,262.826
8735,262.831
8736,262.836
8737,262.841
8738,262.846
8739,262.850
8740,262.855
8741,262.859
8742,262.864
8743,262.869
8744,262.874
8745,262.879
8746,262.883
8747,262.888
8748,262.893
8749,262.898
8750,262.903
8751,262.908
8752,262.913
8753,262.918
8754,262.923
8755,262.928
8756,262.933
8757,262.938
8758,262.943
8759,262.948
8760,262.953
8761,262.959
8762,262.964
8763,263.070
8764,263.199
8765,263.234
8766,263.270
8767,263.304
8768,263.339
8769,263.367
8770,263.381
8771,263.419
8772,263.454
8773,263.654
8774,263.696
8775,263.890
8776,263.924
8777,264.042
8778,264.077
8779,264.233
8780,264.238
8781,264.375
8782,264.380
8783,264.489
8784,264.524
8785,264.560
8786,264.589
8787,264.602
8788,264.631
8789,264.770
8790,264.776
8791,264.909
8792,265.147
8793,265.189
8794,265.357
8795,265.363
8796,265.502
8797,265.508
8798,265.632
8799,265.638
8800,265.763
8801,265.769
8802,265.898
8803,265.903
8804,266.032
8805,266.038
8806,266.214
8807,266.221
8808,266.424
8809,266.430
8810,266.512
8811,266.517
8812,266.521
8813,266.526
8814,266.530
8815,266.534
8816,266.539
8817,266.543
8818,266.548
8819,266.552
8820,266.557
8821,266.562
8822,266.566
8823,266.569
8824,266.573
8825,266.577
8826,266.580
8827,266.624
8828,266.688
8829,266.699
8830,266.702
8831,266.705
8832,266.720
8833,266.722
8834,266.725
8835,266.782
8836,266.785
8837,266.788
8838,266.791
8839,266.935
8840,266.942
8841,266.947
8842,266.951
8843,267.031
8844,267.034
8845,267.038
8846,267.041
8847,267.075
8848,267.078
8849,267.081
8850,267.083
8851,267.086
8852,267.089
8853,267.092
8854,267.095
8855,267.098
8856,267.101
8857,267.122
8858,267.143
8859,267.182
8860,267.185
8861,267.187
8862,267.190
8863,267.192
8864,267.195
8865,267.198
8866,267.200
8867,267.242
8868,267.244
8869,267.247
8870,267.250
8871,267.253
8872,267.258
8873,267.263
8874,267.267
8875,267.272
8876,267.277
8877,267.280
8878,267.310
8879,267.313
8880,267.316
8881,267.319
8882,267.322
8883,267.325
8884,267.328
8885,267.359
8886,267.362
8887,267.364
8888,267.367
8889,267.370
8890,267.373
8891,267.376
8892,267.408
8893,267.411
8894,267.413
8895,267.416
8896,267.419
8897,267.422
8898,267.426
8899,267.431
8900,267.436
8901,267.440
8902,267.445
8903,267.450
8904,267.456
8905,267.459
8906,267.491
8907,267.494
8908,267.496
8909,267.499
8910,267.502
8911,267.508
8912,267.511
8913,267.542
8914,267.545
8915,267.548
8916,267.551
8917,267.554
8918,267.559
8919,267.562
8920,267.603
8921,267.606
8922,267.608
8923,267.611
8924,267.614
8925,267.644
8926,267.646
8927,267.649
8928,267.652
8929,267.654
8930,267.685
8931,267.687
8932,267.689
8933,267.692
8934,267.695
8935,267.698
8936,267.703
8937,267.706
8938,267.710
8939,267.714
8940,267.756
8941,267.759
8942,267.762
8943,267.765
8944,267.768
8945,267.771
8946,267.775
8947,267.778
8948,267.819
8949,267.823
8950,267.826
8951,267.830
8952,267.834
8953,267.837
8954,267.842
8955,267.846
8956,267.850
8957,267.855
8958,267.859
8959,267.863
8960,267.867
8961,267.871
8962,267.875
8963,267.878
8964,267.882
8965,267.887
8966,267.891
8967,267.895
8968,267.899
8969,267.903
8970,267.908
8971,267.912
8972,267.951
8973,267.955
8974,267.958
8975,267.961
8976,267.965
8977,268.005
8978,268.008
8979,268.011
8980,268.015
8981,268.021
8982,268.063
8983,268.066
8984,268.069
8985,268.072
8986,268.076
8987,268.115
8988,268.118
8989,268.122
8990,268.125
8991,268.129
8992,268.171
8993,268.174
8994,268.177
8995,268.179
8996,268.182
8997,268.213
8998,268.216
8999,268.218
9000,268.221
9001,268.223
9002,268.255
9003,268.258
9004,268.261
9005,268.264
9006,268.267
9007,268.287
9008,268.311
9009,268.313
9010,268.352
9011,268.435
9012,268.490
9013,268.492
9014,268.521
9015,268.582
9016,268.584
9017,268.587
9018,268.626
9019,268.687
9020,268.690
9021,268.692
9022,268.731
9023,268.786
9024,268.789
9025,268.809
9026,268.831
9027,268.834
9028,268.836
9029,268.838
9030,268.860
9031,268.890
9032,268.909
9033,268.912
9034,268.914
9035,268.938
9036,268.941
9037,268.944
9038,268.976
9039,268.979
9040,268.983
9041,269.012
9042,269.016
9043,269.019
9044,269.046
9045,269.050
9046,269.053
9047,269.073
9048,269.077
9049,269.080
9050,269.100
9051,269.104
9052,269.107
9053,269.127
9054,269.131
9055,269.135
9056,269.153
9057,269.158
9058,269.162
9059,269.182
9060,269.187
9061,269.191
9062,269.211
9063,269.217
9064,269.220
9065,269.238
9066,269.244
9067,269.247
9068,269.266
9069,269.272
9070,269.276
9071,269.295
9072,269.302
9073,269.306
9074,269.324
9075,269.328
9076,269.331
9077,269.354
9078,269.362
9079,269.371
9080,269.374
9081,269.400
9082,269.407
9083,269.411
9084,269.438
9085,269.446
9086,269.450
9087,269.477
9088,269.487
9089,269.491
9090,269.522
9091,269.532
9092,269.535
9093,269.538
9094,269.540
9095,269.543
9096,269.546
9097,269.549
9098,269.552
9099,269.555
9100,269.558
9101,269.561
9102,269.564
9103,269.567
9104,269.570
9105,269.573
9106,269.591
9107,269.602
9108,269.605
9109,269.608
9110,269.658
9111,269.666
9112,269.670
9113,269.712
9114,269.737
9115,269.742
9116,269.747
9117,269.753
9118,269.758
9119,269.764
9120,269.769
9121,269.797
9122,269.836
9123,269.857
9124,269.861
9125,269.864
9126,269.868
9127,269.872
9128,269.875
9129,269.886
9130,269.906
9131,269.950
9132,269.954
9133,269.958
9134,269.963
9135,269.967
9136,270.005
9137,270.009
9138,270.013
9139,270.018
9140,270.022
9141,270.065
9142,270.068
9143,270.073
9144,270.077
9145,270.082
9146,270.126
9147,270.129
9148,270.134
9149,270.138
9150,270.142
9151,270.185
9152,270.189
9153,270.194
9154,270.199
9155,270.203
9156,270.242
9157,270.246
9158,270.250
9159,270.253
9160,270.282
9161,270.302
9162,270.306
9163,270.316
9164,270.336
9165,270.383
9166,270.387
9167,270.392
9168,270.397
9169,270.404
9170,270.434
9171,270.453
9172,270.456
9173,270.460
9174,270.463
9175,270.467
9176,270.470
9177,270.474
9178,270.479
9179,270.483
9180,270.495
9181,270.514
9182,270.560
9183,270.564
9184,270.568
9185,270.573
9186,270.577
9187,270.622
9188,270.626
9189,270.631
9190,270.636
9191,270.640
9192,270.681
9193,270.684
9194,270.689
9195,270.693
9196,270.697
9197,270.741
9198,270.744
9199,270.748
9200,270.753
9201,270.757
9202,270.800
9203,270.804
9204,270.809
9205,270.813
9206,270.817
9207,270.900
9208,270.904
9209,270.909
9210,270.914
9211,270.918
9212,270.954
9213,270.957
9214,270.961
9215,270.966
9216,270.970
9217,271.031
9218,271.035
9219,271.039
9220,271.043
9221,271.048
9222,271.092
9223,271.115
9224,271.119
9225,271.132
9226,271.155
9227,271.217
9228,271.220
9229,271.224
9230,271.228
9231,271.232
9232,271.273
9233,271.298
9234,271.301
9235,271.314
9236,271.339
9237,271.397
9238,271.400
9239,271.404
9240,271.407
9241,271.411
9242,271.444
9243,271.462
9244,271.465
9245,271.475
9246,271.495
9247,271.504
9248,271.507
9249,271.509
9250,271.535
9251,271.552
9252,271.577
9253,271.597
9254,271.600
9255,271.604
9256,271.607
9257,271.610
9258,271.614
9259,271.618
9260,271.635
9261,271.669
9262,271.687
9263,271.690
9264,271.693
9265,271.695
9266,271.698
9267,271.700
9268,271.710
9269,271.727
9270,271.771
9271,271.773
9272,271.777
9273,271.780
9274,271.783
9275,271.820
9276,271.823
9277,271.826
9278,271.830
9279,271.834
9280,271.886
9281,271.890
9282,271.895
9283,271.900
9284,271.905
9285,271.946
9286,271.948
9287,271.951
9288,271.955
9289,271.958
9290,271.999
9291,272.002
9292,272.005
9293,272.009
9294,272.012
9295,272.051
9296,272.054
9297,272.057
9298,272.060
9299,272.088
9300,272.105
9301,272.109
9302,272.118
9303,272.135
9304,272.181
9305,272.184
9306,272.188
9307,272.191
9308,272.195
9309,272.224
9310,272.243
9311,272.245
9312,272.248
9313,272.251
9314,272.254
9315,272.257
9316,272.261
9317,272.264
9318,272.267
9319,272.277
9320,272.295
9321,272.339
9322,272.342
9323,272.345
9324,272.350
9325,272.353
9326,272.396
9327,272.398
9328,272.401
9329,272.405
9330,272.408
9331,272.451
9332,272.454
9333,272.458
9334,272.463
9335,272.467
9336,272.529
9337,272.533
9338,272.537
9339,272.542
9340,272.546
9341,272.608
9342,272.612
9343,272.616
9344,272.621
9345,272.625
9346,272.664
9347,272.667
9348,272.670
9349,272.712
9350,272.737
9351,272.778
9352,272.781
9353,272.785
9354,272.827
9355,272.855
9356,272.907
9357,272.911
9358,272.914
9359,272.918
9360,272.922
9361,272.953
9362,272.971
9363,272.974
9364,272.984
9365,273.004
9366,273.049
9367,273.052
9368,273.055
9369,273.059
9370,273.062
9371,273.092
9372,273.109
9373,273.112
9374,273.122
9375,273.141
9376,273.182
9377,273.185
9378,273.189
9379,273.192
9380,273.195
9381,273.225
9382,273.241
9383,273.244
9384,273.253
9385,273.270
9386,273.310
9387,273.312
9388,273.315
9389,273.318
9390,273.321
9391,273.343
9392,273.345
9393,273.348
9394,273.365
9395,273.407
9396,273.449
9397,273.452
9398,273.455
9399,273.458
9400,273.461
9401,273.465
9402,273.468
9403,273.472
9404,273.475
9405,273.478
9406,273.483
9407,273.488
9408,273.491
9409,273.495
9410,273.554
9411,273.558
9412,273.561
9413,273.601
9414,273.647
9415,273.650
9416,273.712
9417,273.717
9418,273.720
9419,273.781
9420,273.785
9421,273.788
9422,273.828
9423,273.874
9424,273.877
9425,273.881
9426,273.884
9427,273.888
9428,273.891
9429,273.894
9430,273.922
9431,273.987
9432,274.072
9433,274.077
9434,274.082
9435,274.087
9436,274.174
9437,274.179
9438,274.184
9439,274.189
9440,274.280
9441,274.284
9442,274.289
9443,274.293
9444,274.351
9445,274.355
9446,274.359
9447,274.363
9448,274.411
9449,274.459
9450,274.463
9451,274.466
9452,274.470
9453,274.505
9454,274.551
9455,274.554
9456,274.596
9457,274.645
9458,274.699
9459,274.703
9460,274.706
9461,274.766
9462,274.770
9463,274.774
9464,274.778
9465,274.821
9466,274.865
9467,274.868
9468,274.870
9469,274.873
9470,274.876
9471,274.899
9472,274.946
9473,274.975
9474,275.030
9475,275.034
9476,275.079
9477,275.132
9478,275.136
9479,275.203
9480,275.206
9481,275.211
9482,275.215
9483,275.271
9484,275.274
9485,275.278
9486,275.282
9487,275.344
9488,275.348
9489,275.353
9490,275.359
9491,275.422
9492,275.489
9493,275.493
9494,275.496
9495,275.500
9496,275.504
9497,275.508
9498,275.513
9499,275.517
9500,275.521
9501,275.525
9502,275.529
9503,275.533
9504,275.537
9505,275.541
9506,275.545
9507,275.549
9508,275.553
9509,275.557
9510,275.561
9511,275.565
9512,275.569
9513,275.602
9514,275.661
9515,275.753
9516,275.759
9517,275.765
9518,275.770
9519,275.835
9520,275.839
9521,275.843
9522,275.847
9523,275.921
9524,275.925
9525,275.929
9526,275.934
9527,275.995
9528,276.000
9529,276.004
9530,276.008
9531,276.058
9532,276.062
9533,276.066
9534,276.070
9535,276.135
9536,276.139
9537,276.144
9538,276.148
9539,276.202
9540,276.206
9541,276.210
9542,276.214
9543,276.280
9544,276.284
9545,276.288
9546,276.292
9547,276.354
9548,276.359
9549,276.363
9550,276.367
9551,276.428
9552,276.432
9553,276.436
9554,276.440
9555,276.509
9556,276.515
9557,276.519
9558,276.524
9559,276.584
9560,276.591
9561,276.597
9562,276.601
9563,276.665
9564,276.670
9565,276.674
9566,276.678
9567,276.738
9568,276.743
9569,276.747
9570,276.750
9571,276.827
9572,276.835
9573,276.839
9574,276.844
9575,276.932
9576,276.937
9577,276.942
9578,276.946
9579,277.027
9580,277.032
9581,277.037
9582,277.042
9583,277.129
9584,277.139
9585,277.144
9586,277.149
9587,277.226
9588,277.232
9589,277.236
9590,277.240
9591,277.295
9592,277.300
9593,277.304
9594,277.308
9595,277.372
9596,277.376
9597,277.380
9598,277.442
9599,277.446
9600,277.449
9601,277.508
9602,277.512
9603,277.515
9604,277.569
9605,277.573
9606,277.577
9607,277.633
9608,277.637
9609,277.641
9610,277.699
9611,277.703
9612,277.706
9613,277.765
9614,277.769
9615,277.772
9616,277.822
9617,277.868
9618,277.872
9619,277.875
9620,277.879
9621,277.882
9622,277.886
9623,277.889
9624,277.893
9625,277.896
9626,277.900
9627,277.904
9628,277.908
9629,277.911
9630,277.915
9631,277.973
9632,277.977
9633,277.980
9634,278.021
9635,278.065
9636,278.068
9637,278.126
9638,278.130
9639,278.133
9640,278.214
9641,278.219
9642,278.223
9643,278.292
9644,278.350
9645,278.353
9646,278.356
9647,278.359
9648,278.363
9649,278.366
9650,278.370
9651,278.400
9652,278.458
9653,278.546
9654,278.551
9655,278.557
9656,278.562
9657,278.627
9658,278.631
9659,278.635
9660,278.639
9661,278.702
9662,278.706
9663,278.710
9664,278.714
9665,278.764
9666,278.767
9667,278.771
9668,278.775
9669,278.837
9670,278.841
9671,278.846
9672,278.850
9673,278.910
9674,278.913
9675,278.917
9676,278.921
9677,278.961
9678,279.001
9679,279.004
9680,279.007
9681,279.010
9682,279.012
9683,279.033
9684,279.073
9685,279.131
9686,279.136
9687,279.140
9688,279.144
9689,279.203
9690,279.207
9691,279.211
9692,279.215
9693,279.270
9694,279.274
9695,279.278
9696,279.281
9697,279.337
9698,279.341
9699,279.345
9700,279.348
9701,279.389
9702,279.436
9703,279.440
9704,279.443
9705,279.445
9706,279.448
9707,279.451
9708,279.455
9709,279.458
9710,279.460
9711,279.463
9712,279.466
9713,279.470
9714,279.473
9715,279.476
9716,279.479
9717,279.483
9718,279.486
9719,279.489
9720,279.492
9721,279.495
9722,279.499
9723,279.518
9724,279.575
9725,279.663
9726,279.668
9727,279.673
9728,279.678
9729,279.749
9730,279.754
9731,279.759
9732,279.764
9733,279.861
9734,279.868
9735,279.873
9736,279.878
9737,279.965
9738,279.970
9739,279.974
9740,279.978
9741,280.034
9742,280.039
9743,280.043
9744,280.047
9745,280.109
9746,280.113
9747,280.117
9748,280.120
9749,280.171
9750,280.175
9751,280.179
9752,280.182
9753,280.243
9754,280.247
9755,280.250
9756,280.254
9757,280.310
9758,280.313
9759,280.317
9760,280.321
9761,280.376
9762,280.379
9763,280.383
9764,280.387
9765,280.446
9766,280.451
9767,280.455
9768,280.459
9769,280.520
9770,280.527
9771,280.532
9772,280.536
9773,280.598
9774,280.602
9775,280.605
9776,280.609
9777,280.667
9778,280.670
9779,280.674
9780,280.678
9781,280.735
9782,280.740
9783,280.744
9784,280.748
9785,280.806
9786,280.809
9787,280.813
9788,280.817
9789,280.871
9790,280.875
9791,280.880
9792,280.885
9793,280.971
9794,280.979
9795,280.984
9796,280.990
9797,281.072
9798,281.080
9799,281.084
9800,281.089
9801,281.159
9802,281.166
9803,281.171
9804,281.175
9805,281.257
9806,281.261
9807,281.265
9808,281.326
9809,281.330
9810,281.333
9811,281.388
9812,281.392
9813,281.395
9814,281.445
9815,281.448
9816,281.451
9817,281.506
9818,281.510
9819,281.513
9820,281.571
9821,281.575
9822,281.578
9823,281.633
9824,281.637
9825,281.640
9826,281.691
9827,281.742
9828,281.745
9829,281.748
9830,281.752
9831,281.755
9832,281.758
9833,281.761
9834,281.765
9835,281.768
9836,281.771
9837,281.775
9838,281.779
9839,281.782
9840,281.786
9841,281.833
9842,281.836
9843,281.839
9844,281.877
9845,281.880
9846,281.882
9847,281.920
9848,281.923
9849,281.926
9850,281.962
9851,281.965
9852,281.968
9853,282.006
9854,282.045
9855,282.047
9856,282.050
9857,282.052
9858,282.054
9859,282.057
9860,282.059
9861,282.080
9862,282.120
9863,282.163
9864,282.166
9865,282.169
9866,282.172
9867,282.230
9868,282.234
9869,282.238
9870,282.242
9871,282.301
9872,282.305
9873,282.310
9874,282.314
9875,282.367
9876,282.371
9877,282.375
9878,282.379
9879,282.435
9880,282.439
9881,282.443
9882,282.447
9883,282.505
9884,282.508
9885,282.512
9886,282.516
9887,282.572
9888,282.616
9889,282.619
9890,282.622
9891,282.624
9892,282.627
9893,282.648
9894,282.691
9895,282.737
9896,282.740
9897,282.744
9898,282.746
9899,282.783
9900,282.786
9901,282.789
9902,282.792
9903,282.827
9904,282.830
9905,282.833
9906,282.836
9907,282.873
9908,282.876
9909,282.879
9910,282.882
9911,282.921
9912,282.962
9913,282.964
9914,282.967
9915,282.969
9916,282.972
9917,282.975
9918,282.977
9919,282.980
9920,282.983
9921,282.986
9922,282.988
9923,282.991
9924,282.994
9925,282.997
9926,282.999
9927,283.002
9928,283.005
9929,283.008
9930,283.011
9931,283.014
9932,283.016
9933,283.037
9934,283.077
9935,283.123
9936,283.126
9937,283.130
9938,283.133
9939,283.171
9940,283.174
9941,283.177
9942,283.180
9943,283.219
9944,283.222
9945,283.225
9946,283.228
9947,283.266
9948,283.270
9949,283.273
9950,283.276
9951,283.315
9952,283.319
9953,283.322
9954,283.325
9955,283.364
9956,283.368
9957,283.371
9958,283.375
9959,283.414
9960,283.418
9961,283.421
9962,283.424
9963,283.467
9964,283.471
9965,283.474
9966,283.478
9967,283.534
9968,283.538
9969,283.542
9970,283.546
9971,283.604
9972,283.608
9973,283.613
9974,283.618
9975,283.678
9976,283.682
9977,283.686
9978,283.690
9979,283.747
9980,283.755
9981,283.761
9982,283.766
9983,283.827
9984,283.831
9985,283.836
9986,283.840
9987,283.903
9988,283.907
9989,283.911
9990,283.915
9991,283.961
9992,283.964
9993,283.968
9994,283.972
9995,284.016
9996,284.019
9997,284.023
9998,284.026
9999,284.063
10000,284.067
10001,284.070
10002,284.073
10003,284.113
10004,284.117
10005,284.120
10006,284.135
10007,284.166
10008,284.169
10009,284.173
10010,284.176
10011,284.215
10012,284.218
10013,284.222
10014,284.225
10015,284.264
10016,284.267
10017,284.270
10018,284.308
10019,284.311
10020,284.314
10021,284.350
10022,284.353
10023,284.356
10024,284.393
10025,284.396
10026,284.398
10027,284.434
10028,284.438
10029,284.441
10030,284.476
10031,284.479
10032,284.482
10033,284.522
10034,284.525
10035,284.529
10036,284.558
10037,284.578
10038,284.581
10039,284.584
10040,284.587
10041,284.591
10042,284.594
10043,284.598
10044,284.616
10045,284.649
10046,284.668
10047,284.671
10048,284.674
10049,284.677
10050,284.680
10051,284.684
10052,284.697
10053,284.714
10054,284.780
10055,284.780
10056,284.780
10057,284.780
10058,284.780
10059,284.812
10060,284.812
10061,284.812
10062,284.815
10063,284.819
10064,284.856
10065,284.858
10066,284.861
10067,284.864
10068,284.867
10069,284.923
10070,284.926
10071,284.930
10072,284.933
10073,284.937
10074,284.992
10075,284.996
10076,285.000
10077,285.006
10078,285.010
10079,285.061
10080,285.064
10081,285.068
10082,285.071
10083,285.108
10084,285.129
10085,285.131
10086,285.144
10087,285.167
10088,285.223
10089,285.226
10090,285.230
10091,285.235
10092,285.239
10093,285.274
10094,285.292
10095,285.295
10096,285.298
10097,285.300
10098,285.303
10099,285.305
10100,285.308
10101,285.311
10102,285.314
10103,285.323
10104,285.339
10105,285.381
10106,285.383
10107,285.387
10108,285.390
10109,285.393
10110,285.436
10111,285.436
10112,285.438
10113,285.441
10114,285.445
10115,285.485
10116,285.488
10117,285.492
10118,285.497
10119,285.501
10120,285.547
10121,285.548
10122,285.553
10123,285.558
10124,285.563
10125,285.606
10126,285.609
10127,285.613
10128,285.616
10129,285.620
10130,285.663
10131,285.666
10132,285.669
10133,285.673
10134,285.677
10135,285.720
10136,285.723
10137,285.726
10138,285.730
10139,285.733
10140,285.776
10141,285.779
10142,285.782
10143,285.786
10144,285.789
10145,285.819
10146,285.837
10147,285.839
10148,285.849
10149,285.867
10150,285.910
10151,285.913
10152,285.916
10153,285.920
10154,285.923
10155,285.951
10156,285.969
10157,285.971
10158,285.981
10159,285.999
10160,286.046
10161,286.049
10162,286.052
10163,286.056
10164,286.059
10165,286.089
10166,286.107
10167,286.110
10168,286.120
10169,286.138
10170,286.180
10171,286.183
10172,286.187
10173,286.190
10174,286.193
10175,286.237
10176,286.304
10177,286.309
10178,286.313
10179,286.317
10180,286.321
10181,286.325
10182,286.329
10183,286.334
10184,286.338
10185,286.343
10186,286.347
10187,286.352
10188,286.357
10189,286.362
10190,286.448
10191,286.452
10192,286.456
10193,286.514
10194,286.517
10195,286.521
10196,286.524
10197,286.645
10198,286.645
10199,286.645
10200,286.709
10201,286.713
10202,286.717
10203,286.760
10204,286.807
10205,286.809
10206,286.812
10207,286.815
10208,286.818
10209,286.822
10210,286.824
10211,286.845
10212,286.889
10213,286.949
10214,286.953
10215,286.957
10216,286.961
10217,287.026
10218,287.031
10219,287.035
10220,287.039
10221,287.106
10222,287.110
10223,287.115
10224,287.118
10225,287.167
10226,287.171
10227,287.175
10228,287.178
10229,287.241
10230,287.245
10231,287.250
10232,287.254
10233,287.316
10234,287.320
10235,287.324
10236,287.328
10237,287.370
10238,287.415
10239,287.418
10240,287.420
10241,287.423
10242,287.426
10243,287.446
10244,287.490
10245,287.553
10246,287.557
10247,287.561
10248,287.565
10249,287.625
10250,287.630
10251,287.634
10252,287.638
10253,287.706
10254,287.711
10255,287.715
10256,287.720
10257,287.800
10258,287.807
10259,287.815
10260,287.820
10261,287.879
10262,287.945
10263,287.949
10264,287.953
10265,287.956
10266,287.960
10267,287.964
10268,287.968
10269,287.972
10270,287.975
10271,287.979
10272,287.983
10273,287.987
10274,287.991
10275,287.995
10276,287.999
10277,288.002
10278,288.006
10279,288.011
10280,288.015
10281,288.019
10282,288.023
10283,288.055
10284,288.119
10285,288.186
10286,288.191
10287,288.195
10288,288.199
10289,288.254
10290,288.258
10291,288.263
10292,288.267
10293,288.338
10294,288.342
10295,288.347
10296,288.352
10297,288.421
10298,288.425
10299,288.430
10300,288.434
10301,288.485
10302,288.489
10303,288.493
10304,288.497
10305,288.554
10306,288.558
10307,288.563
10308,288.566
10309,288.617
10310,288.621
10311,288.625
10312,288.628
10313,288.692
10314,288.696
10315,288.700
10316,288.704
10317,288.764
10318,288.768
10319,288.772
10320,288.776
10321,288.836
10322,288.839
10323,288.843
10324,288.847
10325,288.915
10326,288.921
10327,288.926
10328,288.930
10329,288.990
10330,288.997
10331,289.001
10332,289.006
10333,289.066
10334,289.070
10335,289.074
10336,289.077
10337,289.161
10338,289.166
10339,289.171
10340,289.175
10341,289.260
10342,289.267
10343,289.272
10344,289.276
10345,289.357
10346,289.365
10347,289.371
10348,289.375
10349,289.464
10350,289.469
10351,289.473
10352,289.477
10353,289.542
10354,289.547
10355,289.551
10356,289.555
10357,289.615
10358,289.621
10359,289.625
10360,289.628
10361,289.678
10362,289.683
10363,289.687
10364,289.691
10365,289.750
10366,289.754
10367,289.758
10368,289.816
10369,289.820
10370,289.823
10371,289.877
10372,289.882
10373,289.885
10374,289.938
10375,289.941
10376,289.944
10377,290.000
10378,290.004
10379,290.007
10380,290.068
10381,290.072
10382,290.076
10383,290.140
10384,290.144
10385,290.148
10386,290.196
10387,290.245
10388,290.248
10389,290.252
10390,290.255
10391,290.259
10392,290.262
10393,290.266
10394,290.269
10395,290.273
10396,290.276
10397,290.280
10398,290.284
10399,290.288
10400,290.292
10401,290.354
10402,290.357
10403,290.361
10404,290.403
10405,290.406
10406,290.410
10407,290.479
10408,290.484
10409,290.488
10410,290.576
10411,290.581
10412,290.585
10413,290.641
10414,290.701
10415,290.704
10416,290.707
10417,290.710
10418,290.714
10419,290.717
10420,290.720
10421,290.750
10422,290.812
10423,290.882
10424,290.887
10425,290.891
10426,290.894
10427,290.958
10428,290.962
10429,290.967
10430,290.971
10431,291.035
10432,291.039
10433,291.043
10434,291.046
10435,291.097
10436,291.101
10437,291.105
10438,291.108
10439,291.172
10440,291.176
10441,291.181
10442,291.185
10443,291.243
10444,291.247
10445,291.251
10446,291.255
10447,291.299
10448,291.343
10449,291.346
10450,291.348
10451,291.351
10452,291.354
10453,291.375
10454,291.420
10455,291.483
10456,291.488
10457,291.493
10458,291.498
10459,291.566
10460,291.570
10461,291.574
10462,291.579
10463,291.639
10464,291.643
10465,291.647
10466,291.651
10467,291.709
10468,291.713
10469,291.717
10470,291.721
10471,291.765
10472,291.810
10473,291.815
10474,291.820
10475,291.824
10476,291.829
10477,291.833
10478,291.837
10479,291.841
10480,291.845
10481,291.850
10482,291.854
10483,291.858
10484,291.862
10485,291.866
10486,291.869
10487,291.873
10488,291.877
10489,291.881
10490,291.885
10491,291.889
10492,291.893
10493,291.926
10494,291.990
10495,292.075
10496,292.080
10497,292.086
10498,292.092
10499,292.165
10500,292.170
10501,292.175
10502,292.180
10503,292.273
10504,292.278
10505,292.283
10506,292.288
10507,292.353
10508,292.357
10509,292.361
10510,292.366
10511,292.416
10512,292.420
10513,292.424
10514,292.428
10515,292.488
10516,292.492
10517,292.497
10518,292.501
10519,292.556
10520,292.560
10521,292.564
10522,292.568
10523,292.633
10524,292.637
10525,292.641
10526,292.644
10527,292.700
10528,292.704
10529,292.708
10530,292.711
10531,292.765
10532,292.768
10533,292.772
10534,292.775
10535,292.835
10536,292.840
10537,292.844
10538,292.848
10539,292.905
10540,292.912
10541,292.917
10542,292.922
10543,292.985
10544,292.989
10545,292.993
10546,292.997
10547,293.056
10548,293.060
10549,293.064
10550,293.068
10551,293.125
10552,293.130
10553,293.134
10554,293.138
10555,293.203
10556,293.211
10557,293.215
10558,293.220
10559,293.298
10560,293.302
10561,293.309
10562,293.314
10563,293.396
10564,293.404
10565,293.408
10566,293.413
10567,293.502
10568,293.510
10569,293.515
10570,293.520
10571,293.597
10572,293.603
10573,293.607
10574,293.611
10575,293.678
10576,293.682
10577,293.686
10578,293.751
10579,293.755
10580,293.759
10581,293.801
10582,293.844
10583,293.846
10584,293.868
10585,293.913
10586,293.953
10587,293.956
10588,293.958
10589,294.002
10590,294.046
10591,294.049
10592,294.094
10593,294.097
10594,294.100
10595,294.103
10596,294.165
10597,294.169
10598,294.172
10599,294.228
10600,294.231
10601,294.235
10602,294.297
10603,294.303
10604,294.307
10605,294.370
10606,294.374
10607,294.378
10608,294.437
10609,294.441
10610,294.490
10611,294.546
10612,294.550
10613,294.554
10614,294.607
10615,294.737
10616,294.816
10617,294.859
10618,294.938
10619,294.941
10620,295.000
10621,295.063
10622,295.102
10623,295.162
10624,295.165
10625,295.168
10626,295.171
10627,295.191
10628,295.194
10629,295.197
10630,295.201
10631,295.204
10632,295.222
10633,295.264
10634,295.301
10635,295.323
10636,295.326
10637,295.346
10638,295.349
10639,295.351
10640,295.373
10641,295.395
10642,295.397
10643,295.400
10644,295.419
10645,295.441
10646,295.444
10647,295.485
10648,295.544
10649,295.546
10650,295.549
10651,295.552
10652,295.593
10653,295.653
10654,295.692
10655,295.804
10656,295.853
10657,295.897
10658,295.958
10659,295.960
10660,295.963
10661,296.005
10662,296.065
10663,296.120
10664,296.251
10665,296.329
10666,296.332
10667,296.336
10668,296.339
10669,296.396
10670,296.475
10671,296.527
10672,296.590
10673,296.595
10674,296.636
10675,296.691
10676,296.729
10677,296.784
10678,296.815
10679,296.872
10680,296.875
10681,296.877
10682,296.880
10683,297.103
10684,297.107
10685,297.298
10686,297.330
10687,297.334
10688,297.358
10689,297.367
10690,297.370
10691,297.586
10692,297.590
10693,297.593
10694,297.763
10695,297.975
10696,297.980
10697,297.983
10698,298.196
10699,298.228
10700,298.240
10701,298.243
10702,298.248
10703,298.259
10704,298.479
10705,298.483
10706,298.627
10707,298.661
10708,298.664
10709,298.713
10710,298.760
10711,298.764
10712,298.767
10713,298.770
10714,298.773
10715,298.777
10716,298.780
10717,298.784
10718,298.787
10719,298.791
10720,298.794
10721,298.798
10722,298.802
10723,298.806
10724,298.852
10725,298.855
10726,298.858
10727,298.895
10728,298.898
10729,298.901
10730,298.940
10731,298.943
10732,298.946
10733,298.985
10734,298.989
10735,298.992
10736,299.031
10737,299.075
10738,299.078
10739,299.080
10740,299.083
10741,299.086
10742,299.089
10743,299.092
10744,299.114
10745,299.156
10746,299.205
10747,299.208
10748,299.212
10749,299.215
10750,299.256
10751,299.259
10752,299.263
10753,299.266
10754,299.307
10755,299.310
10756,299.314
10757,299.317
10758,299.358
10759,299.361
10760,299.365
10761,299.369
10762,299.412
10763,299.416
10764,299.420
10765,299.425
10766,299.484
10767,299.488
10768,299.492
10769,299.497
10770,299.557
10771,299.611
10772,299.614
10773,299.617
10774,299.620
10775,299.623
10776,299.654
10777,299.711
10778,299.783
10779,299.787
10780,299.791
10781,299.796
10782,299.846
10783,299.850
10784,299.854
10785,299.857
10786,299.902
10787,299.905
10788,299.909
10789,299.912
10790,299.951
10791,299.954
10792,299.958
10793,299.961
10794,300.002
10795,300.049
10796,300.052
10797,300.055
10798,300.058
10799,300.061
10800,300.065
10801,300.070
10802,300.073
10803,300.076
10804,300.079
10805,300.082
10806,300.085
10807,300.089
10808,300.092
10809,300.095
10810,300.098
10811,300.102
10812,300.105
10813,300.108
10814,300.112
10815,300.115
10816,300.138
10817,300.181
10818,300.229
10819,300.233
10820,300.236
10821,300.240
10822,300.282
10823,300.286
10824,300.290
10825,300.293
10826,300.337
10827,300.341
10828,300.344
10829,300.348
10830,300.393
10831,300.397
10832,300.401
10833,300.404
10834,300.447
10835,300.451
10836,300.454
10837,300.458
10838,300.501
10839,300.505
10840,300.508
10841,300.512
10842,300.554
10843,300.558
10844,300.561
10845,300.565
10846,300.608
10847,300.612
10848,300.615
10849,300.619
10850,300.661
10851,300.665
10852,300.669
10853,300.672
10854,300.715
10855,300.718
10856,300.722
10857,300.725
10858,300.768
10859,300.771
10860,300.775
10861,300.779
10862,300.831
10863,300.839
10864,300.843
10865,300.848
10866,300.907
10867,300.911
10868,300.916
10869,300.921
10870,300.982
10871,300.986
10872,300.990
10873,300.994
10874,301.052
10875,301.056
10876,301.061
10877,301.066
10878,301.126
10879,301.130
10880,301.135
10881,301.139
10882,301.201
10883,301.205
10884,301.209
10885,301.212
10886,301.257
10887,301.261
10888,301.265
10889,301.268
10890,301.312
10891,301.316
10892,301.320
10893,301.323
10894,301.364
10895,301.369
10896,301.373
10897,301.377
10898,301.419
10899,301.424
10900,301.427
10901,301.468
10902,301.471
10903,301.474
10904,301.515
10905,301.519
10906,301.522
10907,301.560
10908,301.564
10909,301.567
10910,301.606
10911,301.610
10912,301.613
10913,301.651
10914,301.655
10915,301.658
10916,301.701
10917,301.704
10918,301.708
10919,301.737
10920,301.756
10921,301.759
10922,301.762
10923,301.765
10924,301.769
10925,301.772
10926,301.775
10927,301.794
10928,301.827
10929,301.845
10930,301.848
10931,301.851
10932,301.854
10933,301.856
10934,301.859
10935,301.869
10936,301.887
10937,301.934
10938,301.938
10939,301.941
10940,301.945
10941,301.949
10942,301.990
10943,301.993
10944,301.997
10945,302.001
10946,302.004
10947,302.051
10948,302.054
10949,302.058
10950,302.061
10951,302.065
10952,302.111
10953,302.114
10954,302.117
10955,302.121
10956,302.125
10957,302.168
10958,302.171
10959,302.176
10960,302.180
10961,302.185
10962,302.253
10963,302.256
10964,302.261
10965,302.265
10966,302.306
10967,302.331
10968,302.334
10969,302.346
10970,302.370
10971,302.441
10972,302.445
10973,302.449
10974,302.468
10975,302.469
10976,302.497
10977,302.528
10978,302.532
10979,302.536
10980,302.540
10981,302.545
10982,302.549
10983,302.554
10984,302.559
10985,302.565
10986,302.585
10987,302.627
10988,302.683
10989,302.686
10990,302.689
10991,302.693
10992,302.697
10993,302.745
10994,302.748
10995,302.752
10996,302.756
10997,302.760
10998,302.805
10999,302.811
11000,302.811
11001,302.815
11002,302.818
11003,302.863
11004,302.866
11005,302.869
11006,302.873
11007,302.876
11008,302.925
11009,302.928
11010,302.931
11011,302.935
11012,302.939
11013,302.985
11014,302.988
11015,302.992
11016,302.995
11017,302.999
11018,303.045
11019,303.048
11020,303.051
11021,303.055
11022,303.059
11023,303.105
11024,303.108
11025,303.112
11026,303.116
11027,303.119
11028,303.146
11029,303.165
11030,303.167
11031,303.177
11032,303.193
11033,303.239
11034,303.242
11035,303.246
11036,303.250
11037,303.253
11038,303.281
11039,303.299
11040,303.302
11041,303.311
11042,303.328
11043,303.377
11044,303.380
11045,303.384
11046,303.389
11047,303.394
11048,303.425
11049,303.450
11050,303.454
11051,303.465
11052,303.484
11053,303.531
11054,303.534
11055,303.537
11056,303.541
11057,303.544
11058,303.600
11059,303.690
11060,303.695
11061,303.699
11062,303.704
11063,303.709
11064,303.714
11065,303.719
11066,303.724
11067,303.728
11068,303.733
11069,303.738
11070,303.750
11071,303.757
11072,303.763
11073,303.889
11074,303.896
11075,303.900
11076,304.001
11077,304.084
11078,304.088
11079,304.170
11080,304.174
11081,304.178
11082,304.253
11083,304.257
11084,304.261
11085,304.311
11086,304.375
11087,304.378
11088,304.381
11089,304.384
11090,304.388
11091,304.391
11092,304.395
11093,304.426
11094,304.487
11095,304.560
11096,304.564
11097,304.568
11098,304.571
11099,304.641
11100,304.645
11101,304.649
11102,304.653
11103,304.724
11104,304.728
11105,304.732
11106,304.736
11107,304.797
11108,304.801
11109,304.805
11110,304.809
11111,304.892
11112,304.896
11113,304.901
11114,304.905
11115,304.974
11116,304.978
11117,304.982
11118,304.986
11119,305.031
11120,305.110
11121,305.114
11122,305.117
11123,305.120
11124,305.123
11125,305.163
11126,305.237
11127,305.343
11128,305.348
11129,305.353
11130,305.358
11131,305.465
11132,305.469
11133,305.473
11134,305.477
11135,305.555
11136,305.560
11137,305.565
11138,305.569
11139,305.640
11140,305.645
11141,305.649
11142,305.653
11143,305.705
11144,305.770
11145,305.773
11146,305.777
11147,305.786
11148,305.786
11149,305.788
11150,305.792
11151,305.795
11152,305.800
11153,305.804
11154,305.807
11155,305.811
11156,305.814
11157,305.818
11158,305.823
11159,305.827
11160,305.831
11161,305.835
11162,305.840
11163,305.844
11164,305.848
11165,305.881
11166,305.945
11167,306.020
11168,306.024
11169,306.028
11170,306.032
11171,306.101
11172,306.105
11173,306.109
11174,306.113
11175,306.197
11176,306.201
11177,306.207
11178,306.212
11179,306.287
11180,306.301
11181,306.301
11182,306.305
11183,306.368
11184,306.372
11185,306.377
11186,306.381
11187,306.450
11188,306.453
11189,306.457
11190,306.461
11191,306.544
11192,306.549
11193,306.553
11194,306.558
11195,306.672
11196,306.676
11197,306.682
11198,306.687
11199,306.789
11200,306.794
11201,306.799
11202,306.803
11203,306.900
11204,306.904
11205,306.908
11206,306.912
11207,306.992
11208,306.998
11209,307.002
11210,307.005
11211,307.073
11212,307.079
11213,307.084
11214,307.088
11215,307.164
11216,307.170
11217,307.174
11218,307.178
11219,307.246
11220,307.251
11221,307.255
11222,307.259
11223,307.330
11224,307.336
11225,307.340
11226,307.343
11227,307.413
11228,307.419
11229,307.423
11230,307.427
11231,307.501
11232,307.507
11233,307.512
11234,307.516
11235,307.592
11236,307.598
11237,307.603
11238,307.607
11239,307.688
11240,307.694
11241,307.698
11242,307.702
11243,307.767
11244,307.772
11245,307.776
11246,307.780
11247,307.875
11248,307.880
11249,307.884
11250,307.994
11251,307.998
11252,308.003
11253,308.102
11254,308.107
11255,308.112
11256,308.220
11257,308.224
11258,308.227
11259,308.306
11260,308.310
11261,308.314
11262,308.401
11263,308.406
11264,308.410
11265,308.488
11266,308.492
11267,308.497
11268,308.561
11269,308.626
11270,308.629
11271,308.633
11272,308.636
11273,308.639
11274,308.643
11275,308.647
11276,308.650
11277,308.654
11278,308.658
11279,308.661
11280,308.665
11281,308.669
11282,308.672
11283,308.740
11284,308.744
11285,308.747
11286,308.800
11287,308.803
11288,308.806
11289,308.883
11290,308.887
11291,308.891
11292,308.969
11293,308.974
11294,308.979
11295,309.032
11296,309.094
11297,309.097
11298,309.100
11299,309.103
11300,309.106
11301,309.109
11302,309.112
11303,309.143
11304,309.202
11305,309.290
11306,309.295
11307,309.299
11308,309.304
11309,309.414
11310,309.419
11311,309.424
11312,309.428
11313,309.533
11314,309.538
11315,309.543
11316,309.547
11317,309.642
11318,309.647
11319,309.653
11320,309.658
11321,309.749
11322,309.754
11323,309.759
11324,309.763
11325,309.844
11326,309.848
11327,309.852
11328,309.857
11329,309.905
11330,309.962
11331,309.965
11332,309.968
11333,309.971
11334,309.974
11335,310.007
11336,310.067
11337,310.143
11338,310.148
11339,310.152
11340,310.156
11341,310.232
11342,310.236
11343,310.240
11344,310.244
11345,310.318
11346,310.322
11347,310.325
11348,310.329
11349,310.406
11350,310.411
11351,310.416
11352,310.420
11353,310.479
11354,310.548
11355,310.552
11356,310.555
11357,310.558
11358,310.562
11359,310.566
11360,310.569
11361,310.572
11362,310.576
11363,310.579
11364,310.583
11365,310.586
11366,310.590
11367,310.593
11368,310.597
11369,310.600
11370,310.604
11371,310.608
11372,310.611
11373,310.615
11374,310.618
11375,310.646
11376,310.705
11377,310.800
11378,310.804
11379,310.811
11380,310.814
11381,310.908
11382,310.913
11383,310.918
11384,310.923
11385,311.038
11386,311.042
11387,311.048
11388,311.052
11389,311.157
11390,311.162
11391,311.166
11392,311.171
11393,311.241
11394,311.245
11395,311.249
11396,311.253
11397,311.325
11398,311.329
11399,311.334
11400,311.338
11401,311.404
11402,311.408
11403,311.412
11404,311.416
11405,311.498
11406,311.502
11407,311.506
11408,311.510
11409,311.582
11410,311.586
11411,311.590
11412,311.594
11413,311.664
11414,311.668
11415,311.673
11416,311.676
11417,311.769
11418,311.769
11419,311.769
11420,311.772
11421,311.847
11422,311.854
11423,311.859
11424,311.863
11425,311.942
11426,311.947
11427,311.951
11428,311.955
11429,312.029
11430,312.035
11431,312.039
11432,312.043
11433,312.130
11434,312.139
11435,312.144
11436,312.148
11437,312.258
11438,312.267
11439,312.271
11440,312.276
11441,312.383
11442,312.392
11443,312.396
11444,312.401
11445,312.515
11446,312.521
11447,312.526
11448,312.530
11449,312.612
11450,312.619
11451,312.623
11452,312.627
11453,312.693
11454,312.699
11455,312.703
11456,312.707
11457,312.783
11458,312.788
11459,312.792
11460,312.872
11461,312.877
11462,312.881
11463,312.952
11464,312.956
11465,312.960
11466,313.031
11467,313.035
11468,313.039
11469,313.116
11470,313.121
11471,313.125
11472,313.210
11473,313.214
11474,313.219
11475,313.302
11476,313.306
11477,313.309
11478,313.362
11479,313.425
11480,313.428
11481,313.467
11482,313.616
11483,313.756
11484,313.831
11485,313.834
11486,313.883
11487,313.961
11488,314.004
11489,314.065
11490,314.067
11491,314.070
11492,314.073
11493,314.076
11494,314.105
11495,314.161
11496,314.164
11497,314.166
11498,314.169
11499,314.189
11500,314.209
11501,314.212
11502,314.215
11503,314.218
11504,314.221
11505,314.224
11506,314.227
11507,314.246
11508,314.280
11509,314.298
11510,314.301
11511,314.303
11512,314.305
11513,314.308
11514,314.310
11515,314.320
11516,314.338
11517,314.385
11518,314.388
11519,314.392
11520,314.395
11521,314.399
11522,314.441
11523,314.444
11524,314.447
11525,314.451
11526,314.454
11527,314.500
11528,314.503
11529,314.507
11530,314.511
11531,314.514
11532,314.599
11533,314.599
11534,314.599
11535,314.599
11536,314.599
11537,314.619
11538,314.623
11539,314.626
11540,314.630
11541,314.633
11542,314.680
11543,314.684
11544,314.687
11545,314.690
11546,314.720
11547,314.741
11548,314.744
11549,314.753
11550,314.774
11551,314.828
11552,314.831
11553,314.835
11554,314.838
11555,314.842
11556,314.874
11557,314.892
11558,314.895
11559,314.898
11560,314.901
11561,314.903
11562,314.906
11563,314.908
11564,314.911
11565,314.914
11566,314.923
11567,314.940
11568,315.017
11569,315.021
11570,315.026
11571,315.031
11572,315.036
11573,315.113
11574,315.117
11575,315.122
11576,315.126
11577,315.131
11578,315.198
11579,315.202
11580,315.206
11581,315.211
11582,315.215
11583,315.287
11584,315.291
11585,315.295
11586,315.300
11587,315.304
11588,315.378
11589,315.381
11590,315.385
11591,315.390
11592,315.395
11593,315.452
11594,315.455
11595,315.459
11596,315.463
11597,315.467
11598,315.520
11599,315.523
11600,315.527
11601,315.531
11602,315.535
11603,315.584
11604,315.587
11605,315.590
11606,315.594
11607,315.598
11608,315.628
11609,315.647
11610,315.650
11611,315.660
11612,315.682
11613,315.733
11614,315.736
11615,315.741
11616,315.745
11617,315.749
11618,315.779
11619,315.799
11620,315.802
11621,315.812
11622,315.832
11623,315.882
11624,315.885
11625,315.889
11626,315.892
11627,315.896
11628,315.926
11629,315.947
11630,315.950
11631,315.960
11632,315.985
11633,316.041
11634,316.045
11635,316.049
11636,316.053
11637,316.057
11638,316.149
11639,316.153
11640,316.240
11641,316.245
11642,316.330
11643,316.335
11644,316.464
11645,316.470
11646,316.588
11647,316.593
11648,316.714
11649,316.721
11650,316.827
11651,316.832
11652,316.837
11653,316.841
11654,316.897
11655,316.901
11656,316.931
11657,316.934
11658,316.938
11659,316.941
11660,316.970
11661,316.973
11662,317.056
11663,317.061
11664,317.123
11665,317.186
11666,317.190
11667,317.193
11668,317.196
11669,317.200
11670,317.203
11671,317.206
11672,317.210
11673,317.213
11674,317.217
11675,317.220
11676,317.224
11677,317.227
11678,317.231
11679,317.304
11680,317.309
11681,317.314
11682,317.370
11683,317.431
11684,317.434
11685,317.512
11686,317.517
11687,317.521
11688,317.601
11689,317.605
11690,317.609
11691,317.659
11692,317.720
11693,317.723
11694,317.725
11695,317.728
11696,317.730
11697,317.733
11698,317.736
11699,317.769
11700,317.850
11701,317.965
11702,317.970
11703,317.975
11704,317.980
11705,318.086
11706,318.091
11707,318.095
11708,318.100
11709,318.206
11710,318.210
11711,318.214
11712,318.218
11713,318.292
11714,318.297
11715,318.302
11716,318.305
11717,318.389
11718,318.394
11719,318.399
11720,318.403
11721,318.477
11722,318.481
11723,318.486
11724,318.490
11725,318.544
11726,318.607
11727,318.611
11728,318.613
11729,318.616
11730,318.619
11731,318.651
11732,318.714
11733,318.794
11734,318.799
11735,318.803
11736,318.808
11737,318.888
11738,318.892
11739,318.897
11740,318.901
11741,318.978
11742,318.983
11743,318.987
11744,318.991
11745,319.067
11746,319.071
11747,319.076
11748,319.080
11749,319.133
11750,319.194
11751,319.198
11752,319.201
11753,319.204
11754,319.207
11755,319.210
11756,319.213
11757,319.217
11758,319.220
11759,319.224
11760,319.227
11761,319.232
11762,319.236
11763,319.239
11764,319.243
11765,319.246
11766,319.250
11767,319.253
11768,319.256
11769,319.260
11770,319.264
11771,319.297
11772,319.383
11773,319.496
11774,319.502
11775,319.507
11776,319.512
11777,319.612
11778,319.617
11779,319.622
11780,319.627
11781,319.752
11782,319.757
11783,319.762
11784,319.766
11785,319.854
11786,319.859
11787,319.864
11788,319.869
11789,319.940
11790,319.945
11791,319.949
11792,319.953
11793,320.028
11794,320.032
11795,320.036
11796,320.041
11797,320.111
11798,320.115
11799,320.120
11800,320.124
11801,320.207
11802,320.211
11803,320.216
11804,320.220
11805,320.294
11806,320.298
11807,320.302
11808,320.306
11809,320.380
11810,320.384
11811,320.388
11812,320.392
11813,320.472
11814,320.478
11815,320.483
11816,320.487
11817,320.562
11818,320.569
11819,320.574
11820,320.578
11821,320.658
11822,320.664
11823,320.668
11824,320.672
11825,320.740
11826,320.748
11827,320.752
11828,320.757
11829,320.865
11830,320.874
11831,320.879
11832,320.884
11833,320.953
11834,321.028
11835,321.032
11836,321.035
11837,321.076
11838,321.159
11839,321.163
11840,321.166
11841,321.200
11842,321.263
11843,321.266
11844,321.269
11845,321.348
11846,321.353
11847,321.357
11848,321.361
11849,321.427
11850,321.433
11851,321.437
11852,321.441
11853,321.520
11854,321.524
11855,321.528
11856,321.577
11857,321.634
11858,321.637
11859,321.668
11860,321.727
11861,321.757
11862,321.817
11863,321.820
11864,321.851
11865,321.914
11866,321.996
11867,322.001
11868,322.005
11869,322.058
11870,322.119
11871,322.122
11872,322.152
11873,322.210
11874,322.254
11875,322.337
11876,322.341
11877,322.386
11878,322.467
11879,322.510
11880,322.593
11881,322.597
11882,322.643
11883,322.712
11884,322.746
11885,322.749
11886,322.802
11887,322.819
11888,322.819
11889,322.822
11890,322.843
11891,322.866
11892,322.896
11893,322.952
11894,323.003
11895,323.003
11896,323.005
11897,323.048
11898,323.062
11899,323.070
11900,323.072
11901,323.093
11902,323.113
11903,323.163
11904,323.166
11905,323.168
11906,323.171
11907,323.189
11908,323.197
11909,323.226
11910,323.283
11911,323.312
11912,323.365
11913,323.394
11914,323.451
11915,323.479
11916,323.537
11917,323.568
11918,323.626
11919,323.656
11920,323.721
11921,323.776
11922,323.798
11923,323.802
11924,323.805
11925,323.808
11926,323.811
11927,323.814
11928,323.818
11929,323.821
11930,323.864
11931,323.885
11932,323.896
11933,323.900
11934,323.903
11935,323.961
11936,324.080
11937,324.143
11938,324.146
11939,324.182
11940,324.244
11941,324.252
11942,324.279
11943,324.281
11944,324.284
11945,324.287
11946,324.314
11947,324.328
11948,324.331
11949,324.369
11950,324.372
11951,324.375
11952,324.377
11953,324.411
11954,324.473
11955,324.475
11956,324.480
11957,324.521
11958,324.593
11959,324.601
11960,324.603
11961,324.640
11962,324.644
11963,324.678
11964,324.682
11965,324.724
11966,324.767
11967,324.770
11968,324.821
11969,324.825
11970,324.828
11971,324.887
11972,324.893
11973,324.897
11974,324.940
11975,324.986
11976,324.990
11977,325.041
11978,325.045
11979,325.049
11980,325.053
11981,325.099
11982,325.157
11983,325.189
11984,325.249
11985,325.265
11986,325.301
11987,325.334
11988,325.338
11989,325.352
11990,325.377
11991,325.805
11992,325.811
11993,325.815
11994,326.166
11995,326.397
11996,326.403
11997,326.408
11998,326.596
11999,326.634
12000,326.693
12001,326.697
12002,326.723
12003,326.732
12004,327.000
12005,327.004
12006,327.259
12007,327.304
12008,327.320
12009,327.324
12010,327.346
12011,327.408
12012,327.413
12013,327.736
12014,327.741
12015,327.955
12016,327.988
12017,327.991
12018,328.180
12019,328.187
12020,328.217
12021,328.224
12022,328.275
12023,328.279
12024,328.282
12025,328.316
12026,328.320
12027,328.323
12028,328.325
12029,328.329
12030,328.332
12031,328.335
12032,328.379
12033,328.382
12034,328.386
12035,328.411
12036,328.426
12037,328.428
12038,328.440
12039,328.454
12040,328.457
12041,328.490
12042,328.507
12043,328.510
12044,328.535
12045,328.560
12046,328.564
12047,328.568
12048,328.572
12049,328.576
12050,328.579
12051,328.583
12052,328.606
12053,328.646
12054,328.668
12055,328.672
12056,328.675
12057,328.678
12058,328.681
12059,328.684
12060,328.695
12061,328.718
12062,328.779
12063,328.783
12064,328.787
12065,328.790
12066,328.794
12067,328.873
12068,328.877
12069,328.882
12070,328.888
12071,328.893
12072,328.980
12073,328.984
12074,328.990
12075,328.995
12076,329.000
12077,329.080
12078,329.085
12079,329.091
12080,329.097
12081,329.103
12082,329.189
12083,329.194
12084,329.199
12085,329.204
12086,329.209
12087,329.285
12088,329.289
12089,329.294
12090,329.298
12091,329.331
12092,329.351
12093,329.354
12094,329.365
12095,329.386
12096,329.446
12097,329.449
12098,329.454
12099,329.458
12100,329.462
12101,329.496
12102,329.518
12103,329.521
12104,329.524
12105,329.527
12106,329.530
12107,329.533
12108,329.537
12109,329.540
12110,329.543
12111,329.553
12112,329.574
12113,329.633
12114,329.638
12115,329.642
12116,329.646
12117,329.650
12118,329.708
12119,329.712
12120,329.717
12121,329.721
12122,329.725
12123,329.782
12124,329.786
12125,329.790
12126,329.794
12127,329.798
12128,329.856
12129,329.860
12130,329.865
12131,329.869
12132,329.873
12133,329.934
12134,329.937
12135,329.942
12136,329.946
12137,329.950
12138,330.005
12139,330.008
12140,330.012
12141,330.017
12142,330.021
12143,330.079
12144,330.083
12145,330.087
12146,330.092
12147,330.096
12148,330.150
12149,330.154
12150,330.158
12151,330.162
12152,330.166
12153,330.196
12154,330.213
12155,330.216
12156,330.225
12157,330.242
12158,330.317
12159,330.322
12160,330.326
12161,330.331
12162,330.337
12163,330.380
12164,330.408
12165,330.411
12166,330.422
12167,330.448
12168,330.522
12169,330.526
12170,330.531
12171,330.536
12172,330.541
12173,330.581
12174,330.605
12175,330.609
12176,330.621
12177,330.651
12178,330.718
12179,330.722
12180,330.726
12181,330.729
12182,330.733
12183,330.789
12184,330.838
12185,330.841
12186,330.845
12187,330.848
12188,330.852
12189,330.856
12190,330.859
12191,330.863
12192,330.867
12193,330.871
12194,330.875
12195,330.879
12196,330.884
12197,330.888
12198,330.958
12199,330.963
12200,330.967
12201,331.025
12202,331.029
12203,331.035
12204,331.039
12205,331.109
12206,331.113
12207,331.118
12208,331.185
12209,331.190
12210,331.194
12211,331.237
12212,331.281
12213,331.284
12214,331.287
12215,331.290
12216,331.293
12217,331.297
12218,331.300
12219,331.323
12220,331.369
12221,331.442
12222,331.447
12223,331.451
12224,331.456
12225,331.528
12226,331.533
12227,331.538
12228,331.542
12229,331.608
12230,331.612
12231,331.616
12232,331.620
12233,331.711
12234,331.717
12235,331.723
12236,331.728
12237,331.837
12238,331.843
12239,331.849
12240,331.854
12241,331.959
12242,331.964
12243,331.970
12244,331.974
12245,332.037
12246,332.091
12247,332.094
12248,332.097
12249,332.100
12250,332.103
12251,332.127
12252,332.173
12253,332.246
12254,332.250
12255,332.255
12256,332.259
12257,332.335
12258,332.339
12259,332.344
12260,332.348
12261,332.416
12262,332.420
12263,332.424
12264,332.428
12265,332.496
12266,332.500
12267,332.505
12268,332.509
12269,332.556
12270,332.606
12271,332.609
12272,332.612
12273,332.616
12274,332.619
12275,332.623
12276,332.626
12277,332.630
12278,332.633
12279,332.637
12280,332.640
12281,332.644
12282,332.647
12283,332.651
12284,332.654
12285,332.659
12286,332.663
12287,332.667
12288,332.670
12289,332.674
12290,332.678
12291,332.703
12292,332.751
12293,332.831
12294,332.836
12295,332.841
12296,332.846
12297,332.913
12298,332.918
12299,332.922
12300,332.927
12301,333.008
12302,333.012
12303,333.017
12304,333.021
12305,333.132
12306,333.138
12307,333.144
12308,333.150
12309,333.244
12310,333.251
12311,333.257
12312,333.263
12313,333.366
12314,333.372
12315,333.378
12316,333.383
12317,333.498
12318,333.505
12319,333.510
12320,333.515
12321,333.609
12322,333.615
12323,333.620
12324,333.625
12325,333.701
12326,333.705
12327,333.710
12328,333.714
12329,333.796
12330,333.802
12331,333.808
12332,333.813
12333,333.902
12334,333.910
12335,333.915
12336,333.920
12337,333.997
12338,334.006
12339,334.013
12340,334.018
12341,334.105
12342,334.112
12343,334.116
12344,334.121
12345,334.198
12346,334.205
12347,334.210
12348,334.214
12349,334.294
12350,334.301
12351,334.306
12352,334.310
12353,334.388
12354,334.395
12355,334.399
12356,334.404
12357,334.479
12358,334.489
12359,334.495
12360,334.501
12361,334.617
12362,334.627
12363,334.636
12364,334.641
12365,334.757
12366,334.766
12367,334.771
12368,334.777
12369,334.870
12370,334.881
12371,334.887
12372,334.893
12373,334.985
12374,334.990
12375,334.994
12376,335.077
12377,335.082
12378,335.087
12379,335.159
12380,335.164
12381,335.168
12382,335.240
12383,335.245
12384,335.249
12385,335.325
12386,335.330
12387,335.335
12388,335.414
12389,335.420
12390,335.425
12391,335.499
12392,335.504
12393,335.509
12394,335.534
12395,335.580
12396,335.583
12397,335.587
12398,335.592
12399,335.595
12400,335.598
12401,335.600
12402,335.648
12403,335.651
12404,335.654
12405,335.670
12406,335.673
12407,335.676
12408,335.679
12409,335.705
12410,335.720
12411,335.723
12412,335.733
12413,335.749
12414,335.752
12415,335.783
12416,335.797
12417,335.800
12418,335.813
12419,335.827
12420,335.830
12421,335.842
12422,335.844
12423,335.847
12424,335.850
12425,335.885
12426,335.888
12427,335.891
12428,335.893
12429,335.896
12430,335.901
12431,335.913
12432,335.915
12433,335.924
12434,335.928
12435,335.932
12436,335.935
12437,335.942
12438,335.945
12439,335.949
12440,335.953
12441,335.957
12442,336.001
12443,336.005
12444,336.009
12445,336.012
12446,336.015
12447,336.019
12448,336.022
12449,336.065
12450,336.069
12451,336.073
12452,336.076
12453,336.123
12454,336.127
12455,336.131
12456,336.134
12457,336.138
12458,336.142
12459,336.145
12460,336.149
12461,336.193
12462,336.196
12463,336.199
12464,336.203
12465,336.206
12466,336.209
12467,336.212
12468,336.216
12469,336.221
12470,336.224
12471,336.227
12472,336.230
12473,336.251
12474,336.268
12475,336.271
12476,336.275
12477,336.278
12478,336.281
12479,336.284
12480,336.327
12481,336.458
12482,336.461
12483,336.464
12484,336.467
12485,336.470
12486,336.513
12487,336.518
12488,336.522
12489,336.559
12490,336.560
12491,336.563
12492,336.609
12493,336.612
12494,336.615
12495,336.618
12496,336.621
12497,336.655
12498,336.658
12499,336.661
12500,336.664
12501,336.667
12502,336.671
12503,336.685
12504,336.687
12505,336.697
12506,336.711
12507,336.713
12508,336.769
12509,336.773
12510,336.777
12511,336.822
12512,336.869
12513,336.906
12514,336.910
12515,336.963
12516,337.014
12517,337.018
12518,337.022
12519,337.025
12520,337.029
12521,337.033
12522,337.037
12523,337.041
12524,337.045
12525,337.049
12526,337.053
12527,337.057
12528,337.062
12529,337.066
12530,337.142
12531,337.147
12532,337.153
12533,337.215
12534,337.220
12535,337.226
12536,337.230
12537,337.304
12538,337.309
12539,337.314
12540,337.386
12541,337.391
12542,337.396
12543,337.439
12544,337.483
12545,337.486
12546,337.489
12547,337.492
12548,337.495
12549,337.498
12550,337.502
12551,337.537
12552,337.601
12553,337.718
12554,337.723
12555,337.729
12556,337.736
12557,337.855
12558,337.860
12559,337.865
12560,337.871
12561,337.968
12562,337.973
12563,337.978
12564,337.983
12565,338.051
12566,338.056
12567,338.060
12568,338.065
12569,338.140
12570,338.145
12571,338.150
12572,338.155
12573,338.231
12574,338.236
12575,338.241
12576,338.245
12577,338.291
12578,338.338
12579,338.341
12580,338.344
12581,338.347
12582,338.350
12583,338.374
12584,338.421
12585,338.505
12586,338.510
12587,338.516
12588,338.520
12589,338.599
12590,338.604
12591,338.609
12592,338.613
12593,338.693
12594,338.698
12595,338.703
12596,338.708
12597,338.790
12598,338.795
12599,338.799
12600,338.804
12601,338.856
12602,338.908
12603,338.911
12604,338.914
12605,338.917
12606,338.920
12607,338.923
12608,338.926
12609,338.930
12610,338.933
12611,338.936
12612,338.939
12613,338.942
12614,338.945
12615,338.948
12616,338.951
12617,338.955
12618,338.961
12619,338.967
12620,338.972
12621,338.978
12622,338.983
12623,339.017
12624,339.083
12625,339.195
12626,339.200
12627,339.206
12628,339.212
12629,339.309
12630,339.314
12631,339.319
12632,339.324
12633,339.436
12634,339.441
12635,339.446
12636,339.451
12637,339.533
12638,339.538
12639,339.544
12640,339.550
12641,339.623
12642,339.628
12643,339.632
12644,339.637
12645,339.716
12646,339.721
12647,339.726
12648,339.731
12649,339.801
12650,339.805
12651,339.810
12652,339.815
12653,339.897
12654,339.904
12655,339.909
12656,339.914
12657,339.993
12658,339.997
12659,340.003
12660,340.007
12661,340.082
12662,340.087
12663,340.092
12664,340.097
12665,340.183
12666,340.190
12667,340.195
12668,340.200
12669,340.275
12670,340.283
12671,340.289
12672,340.294
12673,340.375
12674,340.381
12675,340.388
12676,340.393
12677,340.504
12678,340.514
12679,340.521
12680,340.527
12681,340.640
12682,340.649
12683,340.654
12684,340.659
12685,340.770
12686,340.780
12687,340.785
12688,340.795
12689,340.888
12690,340.894
12691,340.899
12692,340.904
12693,340.986
12694,340.992
12695,340.997
12696,341.002
12697,341.082
12698,341.090
12699,341.095
12700,341.100
12701,341.177
12702,341.185
12703,341.189
12704,341.194
12705,341.281
12706,341.285
12707,341.290
12708,341.377
12709,341.382
12710,341.387
12711,341.463
12712,341.467
12713,341.472
12714,341.543
12715,341.548
12716,341.552
12717,341.624
12718,341.629
12719,341.633
12720,341.713
12721,341.718
12722,341.722
12723,341.798
12724,341.804
12725,341.808
12726,341.876
12727,341.944
12728,341.949
12729,341.953
12730,341.957
12731,341.962
12732,341.966
12733,341.971
12734,341.976
12735,341.981
12736,341.986
12737,341.994
12738,341.999
12739,342.004
12740,342.008
12741,342.080
12742,342.084
12743,342.087
12744,342.147
12745,342.151
12746,342.155
12747,342.216
12748,342.220
12749,342.225
12750,342.285
12751,342.289
12752,342.293
12753,342.341
12754,342.391
12755,342.394
12756,342.397
12757,342.401
12758,342.404
12759,342.408
12760,342.411
12761,342.436
12762,342.481
12763,342.537
12764,342.541
12765,342.546
12766,342.550
12767,342.597
12768,342.601
12769,342.605
12770,342.610
12771,342.658
12772,342.662
12773,342.668
12774,342.671
12775,342.718
12776,342.722
12777,342.726
12778,342.730
12779,342.781
12780,342.787
12781,342.792
12782,342.797
12783,342.851
12784,342.854
12785,342.858
12786,342.862
12787,342.905
12788,342.948
12789,342.952
12790,342.954
12791,342.957
12792,342.960
12793,342.983
12794,343.027
12795,343.082
12796,343.086
12797,343.089
12798,343.093
12799,343.137
12800,343.141
12801,343.145
12802,343.149
12803,343.193
12804,343.198
12805,343.201
12806,343.206
12807,343.262
12808,343.267
12809,343.272
12810,343.276
12811,343.325
12812,343.373
12813,343.377
12814,343.380
12815,343.383
12816,343.386
12817,343.389
12818,343.392
12819,343.395
12820,343.398
12821,343.401
12822,343.406
12823,343.410
12824,343.416
12825,343.420
12826,343.425
12827,343.430
12828,343.435
12829,343.440
12830,343.444
12831,343.449
12832,343.454
12833,343.489
12834,343.555
12835,343.635
12836,343.639
12837,343.644
12838,343.648
12839,343.710
12840,343.715
12841,343.720
12842,343.724
12843,343.790
12844,343.794
12845,343.799
12846,343.804
12847,343.867
12848,343.871
12849,343.875
12850,343.878
12851,343.924
12852,343.929
12853,343.932
12854,343.936
12855,343.983
12856,343.987
12857,343.990
12858,343.994
12859,344.038
12860,344.042
12861,344.046
12862,344.050
12863,344.094
12864,344.098
12865,344.102
12866,344.105
12867,344.150
12868,344.154
12869,344.157
12870,344.161
12871,344.205
12872,344.209
12873,344.213
12874,344.218
12875,344.262
12876,344.266
12877,344.270
12878,344.273
12879,344.318
12880,344.324
12881,344.328
12882,344.331
12883,344.374
12884,344.377
12885,344.381
12886,344.385
12887,344.430
12888,344.436
12889,344.440
12890,344.444
12891,344.488
12892,344.493
12893,344.497
12894,344.501
12895,344.545
12896,344.551
12897,344.555
12898,344.559
12899,344.605
12900,344.612
12901,344.616
12902,344.620
12903,344.667
12904,344.674
12905,344.678
12906,344.682
12907,344.729
12908,344.735
12909,344.739
12910,344.743
12911,344.787
12912,344.793
12913,344.797
12914,344.801
12915,344.844
12916,344.847
12917,344.850
12918,344.909
12919,344.913
12920,344.918
12921,344.982
12922,344.987
12923,344.991
12924,345.057
12925,345.062
12926,345.066
12927,345.130
12928,345.135
12929,345.140
12930,345.203
12931,345.207
12932,345.212
12933,345.278
12934,345.283
12935,345.288
12936,345.346
12937,345.411
12938,345.414
12939,345.457
12940,345.564
12941,345.567
12942,345.629
12943,345.633
12944,345.637
12945,345.688
12946,345.748
12947,345.751
12948,345.781
12949,345.839
12950,345.842
12951,345.846
12952,345.888
12953,345.891
12954,345.895
12955,345.938
12956,345.941
12957,345.944
12958,345.946
12959,345.989
12960,346.049
12961,346.052
12962,346.055
12963,346.096
12964,346.156
12965,346.159
12966,346.162
12967,346.165
12968,346.218
12969,346.222
12970,346.225
12971,346.229
12972,346.232
12973,346.236
12974,346.301
12975,346.304
12976,346.307
12977,346.313
12978,346.316
12979,346.375
12980,346.459
12981,346.463
12982,346.468
12983,346.577
12984,346.583
12985,346.592
12986,346.598
12987,346.684
12988,346.688
12989,346.692
12990,346.695
12991,346.703
12992,346.707
12993,346.781
12994,346.784
12995,346.788
12996,346.791
12997,346.794
12998,346.797
12999,346.863
13000,346.867
13001,346.870
13002,346.874
13003,346.876
13004,346.883
13005,346.887
13006,346.942
13007,346.945
13008,346.949
13009,346.951
13010,347.001
13011,347.064
13012,347.067
13013,347.071
13014,347.147
13015,347.152
13016,347.156
13017,347.160
13018,347.210
13019,347.298
13020,347.358
13021,347.362
13022,347.366
13023,347.418
13024,347.433
13025,347.436
13026,347.447
13027,347.449
13028,347.483
13029,347.485
13030,347.538
13031,347.598
13032,347.604
13033,347.618
13034,347.621
13035,347.655
13036,347.659
13037,347.693
13038,347.697
13039,347.708
13040,347.712
13041,347.741
13042,347.746
13043,347.803
13044,347.849
13045,347.853
13046,347.859
13047,347.865
13048,347.869
13049,347.875
13050,347.881
13051,347.886
13052,347.891
13053,347.897
13054,347.902
13055,347.908
13056,347.914
13057,347.919
13058,348.012
13059,348.017
13060,348.021
13061,348.087
13062,348.091
13063,348.095
13064,348.172
13065,348.177
13066,348.182
13067,348.276
13068,348.281
13069,348.286
13070,348.338
13071,348.403
13072,348.403
13073,348.403
13074,348.403
13075,348.403
13076,348.404
13077,348.408
13078,348.438
13079,348.478
13080,348.543
13081,348.547
13082,348.552
13083,348.555
13084,348.622
13085,348.626
13086,348.631
13087,348.635
13088,348.704
13089,348.708
13090,348.713
13091,348.717
13092,348.770
13093,348.774
13094,348.778
13095,348.782
13096,348.855
13097,348.860
13098,348.865
13099,348.869
13100,348.935
13101,348.939
13102,348.943
13103,348.947
13104,348.992
13105,349.035
13106,349.039
13107,349.041
13108,349.045
13109,349.048
13110,349.071
13111,349.116
13112,349.185
13113,349.189
13114,349.194
13115,349.198
13116,349.262
13117,349.266
13118,349.271
13119,349.274
13120,349.352
13121,349.356
13122,349.361
13123,349.366
13124,349.458
13125,349.462
13126,349.467
13127,349.472
13128,349.532
13129,349.594
13130,349.598
13131,349.602
13132,349.607
13133,349.611
13134,349.615
13135,349.620
13136,349.624
13137,349.628
13138,349.632
13139,349.636
13140,349.641
13141,349.645
13142,349.650
13143,349.654
13144,349.659
13145,349.663
13146,349.668
13147,349.672
13148,349.677
13149,349.681
13150,349.718
13151,349.776
13152,349.849
13153,349.854
13154,349.858
13155,349.862
13156,349.917
13157,349.921
13158,349.925
13159,349.930
13160,350.001
13161,350.005
13162,350.010
13163,350.015
13164,350.084
13165,350.088
13166,350.093
13167,350.097
13168,350.152
13169,350.156
13170,350.161
13171,350.165
13172,350.225
13173,350.229
13174,350.234
13175,350.238
13176,350.293
13177,350.297
13178,350.302
13179,350.306
13180,350.379
13181,350.385
13182,350.390
13183,350.394
13184,350.462
13185,350.467
13186,350.471
13187,350.475
13188,350.540
13189,350.547
13190,350.552
13191,350.556
13192,350.629
13193,350.635
13194,350.640
13195,350.645
13196,350.708
13197,350.715
13198,350.720
13199,350.724
13200,350.823
13201,350.833
13202,350.838
13203,350.843
13204,350.934
13205,350.942
13206,350.947
13207,350.951
13208,351.045
13209,351.053
13210,351.058
13211,351.063
13212,351.156
13213,351.162
13214,351.167
13215,351.171
13216,351.243
13217,351.249
13218,351.254
13219,351.258
13220,351.323
13221,351.329
13222,351.334
13223,351.338
13224,351.408
13225,351.415
13226,351.419
13227,351.424
13228,351.481
13229,351.488
13230,351.492
13231,351.496
13232,351.543
13233,351.546
13234,351.549
13235,351.551
13236,351.594
13237,351.639
13238,351.671
13239,351.712
13240,351.745
13241,351.748
13242,351.751
13243,351.753
13244,351.796
13245,351.840
13246,351.903
13247,351.907
13248,351.911
13249,351.967
13250,351.971
13251,351.974
13252,352.029
13253,352.033
13254,352.037
13255,352.092
13256,352.097
13257,352.100
13258,352.194
13259,352.199
13260,352.203
13261,352.290
13262,352.294
13263,352.298
13264,352.368
13265,352.426
13266,352.431
13267,352.435
13268,352.439
13269,352.443
13270,352.447
13271,352.452
13272,352.456
13273,352.461
13274,352.465
13275,352.470
13276,352.475
13277,352.480
13278,352.485
13279,352.560
13280,352.564
13281,352.567
13282,352.617
13283,352.621
13284,352.624
13285,352.677
13286,352.681
13287,352.685
13288,352.747
13289,352.752
13290,352.756
13291,352.799
13292,352.842
13293,352.846
13294,352.849
13295,352.851
13296,352.854
13297,352.857
13298,352.860
13299,352.880
13300,352.921
13301,352.980
13302,352.984
13303,352.988
13304,352.992
13305,353.051
13306,353.055
13307,353.059
13308,353.062
13309,353.123
13310,353.127
13311,353.131
13312,353.135
13313,353.186
13314,353.189
13315,353.193
13316,353.197
13317,353.261
13318,353.265
13319,353.270
13320,353.274
13321,353.334
13322,353.338
13323,353.342
13324,353.346
13325,353.386
13326,353.426
13327,353.429
13328,353.431
13329,353.434
13330,353.437
13331,353.455
13332,353.516
13333,353.608
13334,353.613
13335,353.618
13336,353.622
13337,353.708
13338,353.712
13339,353.717
13340,353.721
13341,353.802
13342,353.806
13343,353.811
13344,353.815
13345,353.887
13346,353.891
13347,353.895
13348,353.899
13349,353.943
13350,353.989
13351,353.992
13352,353.995
13353,353.999
13354,354.002
13355,354.005
13356,354.008
13357,354.011
13358,354.014
13359,354.017
13360,354.021
13361,354.024
13362,354.027
13363,354.030
13364,354.034
13365,354.037
13366,354.040
13367,354.044
13368,354.047
13369,354.050
13370,354.053
13371,354.076
13372,354.117
13373,354.179
13374,354.183
13375,354.187
13376,354.191
13377,354.243
13378,354.246
13379,354.250
13380,354.254
13381,354.317
13382,354.321
13383,354.325
13384,354.329
13385,354.388
13386,354.392
13387,354.396
13388,354.399
13389,354.450
13390,354.454
13391,354.458
13392,354.461
13393,354.519
13394,354.523
13395,354.527
13396,354.531
13397,354.582
13398,354.586
13399,354.590
13400,354.594
13401,354.661
13402,354.666
13403,354.671
13404,354.675
13405,354.735
13406,354.739
13407,354.743
13408,354.747
13409,354.803
13410,354.808
13411,354.814
13412,354.819
13413,354.911
13414,354.920
13415,354.925
13416,354.931
13417,355.010
13418,355.019
13419,355.024
13420,355.029
13421,355.121
13422,355.128
13423,355.133
13424,355.137
13425,355.219
13426,355.225
13427,355.229
13428,355.232
13429,355.297
13430,355.302
13431,355.306
13432,355.310
13433,355.369
13434,355.374
13435,355.378
13436,355.382
13437,355.441
13438,355.446
13439,355.450
13440,355.454
13441,355.515
13442,355.521
13443,355.525
13444,355.529
13445,355.594
13446,355.600
13447,355.604
13448,355.608
13449,355.657
13450,355.663
13451,355.666
13452,355.670
13453,355.730
13454,355.733
13455,355.737
13456,355.797
13457,355.801
13458,355.804
13459,355.858
13460,355.862
13461,355.866
13462,355.919
13463,355.923
13464,355.926
13465,355.982
13466,355.986
13467,355.990
13468,356.049
13469,356.053
13470,356.057
13471,356.131
13472,356.136
13473,356.140
13474,356.207
13475,356.283
13476,356.287
13477,356.336
13478,356.479
13479,356.542
13480,356.585
13481,356.641
13482,356.644
13483,356.648
13484,356.686
13485,356.740
13486,356.779
13487,356.835
13488,356.837
13489,356.840
13490,356.843
13491,356.894
13492,356.956
13493,356.960
13494,356.963
13495,356.966
13496,356.970
13497,356.973
13498,356.977
13499,356.981
13500,356.984
13501,356.988
13502,356.992
13503,356.996
13504,357.000
13505,357.004
13506,357.054
13507,357.112
13508,357.214
13509,357.218
13510,357.222
13511,357.309
13512,357.313
13513,357.317
13514,357.406
13515,357.413
13516,357.418
13517,357.575
13518,357.580
13519,357.585
13520,357.670
13521,357.754
13522,357.757
13523,357.761
13524,357.765
13525,357.769
13526,357.774
13527,357.778
13528,357.827
13529,357.903
13530,358.014
13531,358.019
13532,358.024
13533,358.028
13534,358.137
13535,358.142
13536,358.147
13537,358.152
13538,358.264
13539,358.269
13540,358.274
13541,358.279
13542,358.380
13543,358.385
13544,358.389
13545,358.394
13546,358.515
13547,358.520
13548,358.526
13549,358.531
13550,358.645
13551,358.651
13552,358.656
13553,358.661
13554,358.714
13555,358.776
13556,358.779
13557,358.782
13558,358.785
13559,358.788
13560,358.825
13561,358.906
13562,359.065
13563,359.070
13564,359.077
13565,359.082
13566,359.233
13567,359.238
13568,359.243
13569,359.248
13570,359.359
13571,359.364
13572,359.368
13573,359.372
13574,359.479
13575,359.484
13576,359.488
13577,359.493
13578,359.547
13579,359.611
13580,359.615
13581,359.619
13582,359.622
13583,359.626
13584,359.629
13585,359.632
13586,359.636
13587,359.639
13588,359.643
13589,359.646
13590,359.650
13591,359.653
13592,359.657
13593,359.660
13594,359.664
13595,359.668
13596,359.671
13597,359.675
13598,359.679
13599,359.683
13600,359.713
13601,359.773
13602,359.886
13603,359.891
13604,359.896
13605,359.900
13606,359.999
13607,360.004
13608,360.009
13609,360.013
13610,360.123
13611,360.129
13612,360.133
13613,360.139
13614,360.270
13615,360.275
13616,360.281
13617,360.286
13618,360.423
13619,360.429
13620,360.435
13621,360.440
13622,360.593
13623,360.599
13624,360.603
13625,360.608
13626,360.716
13627,360.721
13628,360.726
13629,360.730
13630,360.839
13631,360.846
13632,360.851
13633,360.856
13634,360.962
13635,360.967
13636,360.972
13637,360.976
13638,361.093
13639,361.100
13640,361.105
13641,361.110
13642,361.163
13643,361.234
13644,361.238
13645,361.241
13646,361.288
13647,361.294
13648,361.298
13649,361.301
13650,361.305
13651,361.340
13652,361.410
13653,361.415
13654,361.418
13655,361.462
13656,361.531
13657,361.535
13658,361.538
13659,361.542
13660,361.583
13661,361.654
13662,361.657
13663,361.665
13664,361.733
13665,361.738
13666,361.742
13667,361.750
13668,361.753
13669,361.862
13670,361.866
13671,361.871
13672,361.879
13673,361.884
13674,361.889
13675,361.894
13676,361.972
13677,362.056
13678,362.061
13679,362.065
13680,362.198
13681,362.205
13682,362.210
13683,362.215
13684,362.322
13685,362.330
13686,362.335
13687,362.340
13688,362.451
13689,362.459
13690,362.463
13691,362.468
13692,362.576
13693,362.583
13694,362.589
13695,362.593
13696,362.703
13697,362.710
13698,362.715
13699,362.719
13700,362.831
13701,362.838
13702,362.844
13703,362.848
13704,362.959
13705,362.966
13706,362.971
13707,362.975
13708,363.095
13709,363.105
13710,363.110
13711,363.116
13712,363.277
13713,363.283
13714,363.288
13715,363.448
13716,363.453
13717,363.458
13718,363.565
13719,363.570
13720,363.575
13721,363.675
13722,363.680
13723,363.684
13724,363.801
13725,363.807
13726,363.812
13727,363.924
13728,363.929
13729,363.934
13730,364.045
13731,364.049
13732,364.054
13733,364.112
13734,364.184
13735,364.188
13736,364.230
13737,364.330
13738,364.389
13739,364.419
13740,364.502
13741,364.506
13742,364.510
13743,364.569
13744,364.659
13745,364.716
13746,364.798
13747,364.802
13748,364.809
13749,364.877
13750,364.945
13751,364.948
13752,364.951
13753,364.956
13754,365.008
13755,365.069
13756,365.072
13757,365.075
13758,365.078
13759,365.083
13760,365.115
13761,365.178
13762,365.181
13763,365.184
13764,365.237
13765,365.251
13766,365.253
13767,365.256
13768,365.266
13769,365.269
13770,365.300
13771,365.303
13772,365.351
13773,365.407
13774,365.436
13775,365.490
13776,365.537
13777,365.585
13778,365.589
13779,365.592
13780,365.596
13781,365.600
13782,365.604
13783,365.608
13784,365.612
13785,365.616
13786,365.620
13787,365.624
13788,365.629
13789,365.633
13790,365.637
13791,365.691
13792,365.695
13793,365.698
13794,365.742
13795,365.745
13796,365.749
13797,365.792
13798,365.796
13799,365.799
13800,365.843
13801,365.847
13802,365.850
13803,365.894
13804,365.937
13805,365.940
13806,365.945
13807,365.949
13808,365.953
13809,365.957
13810,365.962
13811,365.993
13812,366.050
13813,366.126
13814,366.130
13815,366.134
13816,366.139
13817,366.203
13818,366.207
13819,366.212
13820,366.216
13821,366.282
13822,366.286
13823,366.290
13824,366.295
13825,366.361
13826,366.365
13827,366.369
13828,366.373
13829,366.423
13830,366.427
13831,366.431
13832,366.435
13833,366.483
13834,366.486
13835,366.490
13836,366.494
13837,366.537
13838,366.581
13839,366.585
13840,366.588
13841,366.591
13842,366.594
13843,366.617
13844,366.662
13845,366.716
13846,366.720
13847,366.724
13848,366.727
13849,366.772
13850,366.776
13851,366.780
13852,366.784
13853,366.829
13854,366.833
13855,366.836
13856,366.840
13857,366.884
13858,366.888
13859,366.892
13860,366.896
13861,366.945
13862,366.995
13863,366.999
13864,367.002
13865,367.006
13866,367.009
13867,367.012
13868,367.015
13869,367.019
13870,367.022
13871,367.025
13872,367.028
13873,367.032
13874,367.035
13875,367.039
13876,367.042
13877,367.046
13878,367.049
13879,367.053
13880,367.057
13881,367.061
13882,367.065
13883,367.090
13884,367.136
13885,367.193
13886,367.197
13887,367.201
13888,367.205
13889,367.251
13890,367.255
13891,367.259
13892,367.263
13893,367.312
13894,367.317
13895,367.321
13896,367.325
13897,367.374
13898,367.378
13899,367.382
13900,367.386
13901,367.432
13902,367.435
13903,367.439
13904,367.442
13905,367.510
13906,367.515
13907,367.520
13908,367.524
13909,367.591
13910,367.596
13911,367.600
13912,367.605
13913,367.674
13914,367.678
13915,367.683
13916,367.687
13917,367.749
13918,367.754
13919,367.758
13920,367.763
13921,367.828
13922,367.833
13923,367.839
13924,367.844
13925,367.907
13926,367.913
13927,367.917
13928,367.921
13929,367.974
13930,367.981
13931,367.985
13932,367.989
13933,368.035
13934,368.041
13935,368.045
13936,368.048
13937,368.095
13938,368.101
13939,368.104
13940,368.108
13941,368.155
13942,368.162
13943,368.166
13944,368.170
13945,368.218
13946,368.225
13947,368.228
13948,368.232
13949,368.278
13950,368.284
13951,368.288
13952,368.291
13953,368.337
13954,368.343
13955,368.346
13956,368.350
13957,368.396
13958,368.402
13959,368.406
13960,368.410
13961,368.457
13962,368.464
13963,368.467
13964,368.471
13965,368.521
13966,368.525
13967,368.529
13968,368.575
13969,368.579
13970,368.583
13971,368.629
13972,368.633
13973,368.637
13974,368.680
13975,368.683
13976,368.687
13977,368.730
13978,368.733
13979,368.737
13980,368.780
13981,368.783
13982,368.787
13983,368.830
13984,368.834
13985,368.838
13986,368.894
13987,368.962
13988,368.966
13989,368.971
13990,368.975
13991,368.979
13992,368.984
13993,368.989
13994,368.994
13995,368.999
13996,369.003
13997,369.009
13998,369.014
13999,369.019
14000,369.024
14001,369.098
14002,369.102
14003,369.106
14004,369.168
14005,369.173
14006,369.177
14007,369.240
14008,369.244
14009,369.248
14010,369.309
14011,369.313
14012,369.317
14013,369.362
14014,369.408
14015,369.412
14016,369.416
14017,369.419
14018,369.422
14019,369.425
14020,369.428
14021,369.450
14022,369.491
14023,369.541
14024,369.545
14025,369.548
14026,369.552
14027,369.596
14028,369.600
14029,369.604
14030,369.607
14031,369.650
14032,369.654
14033,369.658
14034,369.661
14035,369.704
14036,369.708
14037,369.711
14038,369.715
14039,369.758
14040,369.762
14041,369.765
14042,369.769
14043,369.811
14044,369.814
14045,369.817
14046,369.821
14047,369.862
14048,369.906
14049,369.909
14050,369.912
14051,369.915
14052,369.918
14053,369.941
14054,369.984
14055,370.038
14056,370.042
14057,370.046
14058,370.049
14059,370.095
14060,370.099
14061,370.102
14062,370.106
14063,370.149
14064,370.153
14065,370.157
14066,370.160
14067,370.205
14068,370.209
14069,370.213
14070,370.216
14071,370.265
14072,370.312
14073,370.317
14074,370.321
14075,370.325
14076,370.329
14077,370.333
14078,370.337
14079,370.342
14080,370.346
14081,370.350
14082,370.354
14083,370.358
14084,370.362
14085,370.367
14086,370.371
14087,370.375
14088,370.379
14089,370.384
14090,370.388
14091,370.392
14092,370.397
14093,370.429
14094,370.493
14095,370.562
14096,370.567
14097,370.571
14098,370.575
14099,370.633
14100,370.638
14101,370.643
14102,370.647
14103,370.719
14104,370.724
14105,370.729
14106,370.734
14107,370.784
14108,370.787
14109,370.791
14110,370.795
14111,370.843
14112,370.846
14113,370.850
14114,370.854
14115,370.899
14116,370.903
14117,370.907
14118,370.910
14119,370.955
14120,370.959
14121,370.963
14122,370.967
14123,371.014
14124,371.018
14125,371.022
14126,371.026
14127,371.074
14128,371.077
14129,371.081
14130,371.085
14131,371.132
14132,371.136
14133,371.140
14134,371.144
14135,371.193
14136,371.199
14137,371.202
14138,371.206
14139,371.255
14140,371.261
14141,371.265
14142,371.270
14143,371.317
14144,371.323
14145,371.326
14146,371.330
14147,371.377
14148,371.382
14149,371.386
14150,371.390
14151,371.434
14152,371.440
14153,371.443
14154,371.447
14155,371.491
14156,371.496
14157,371.500
14158,371.504
14159,371.547
14160,371.552
14161,371.556
14162,371.559
14163,371.604
14164,371.609
14165,371.613
14166,371.616
14167,371.660
14168,371.665
14169,371.669
14170,371.672
14171,371.712
14172,371.722
14173,371.726
14174,371.731
14175,371.792
14176,371.797
14177,371.801
14178,371.867
14179,371.871
14180,371.876
14181,371.939
14182,371.943
14183,371.948
14184,372.013
14185,372.013
14186,372.017
14187,372.079
14188,372.083
14189,372.088
14190,372.147
14191,372.151
14192,372.154
14193,372.204
14194,372.208
14195,372.211
14196,372.270
14197,372.322
14198,372.324
14199,372.328
14200,372.332
14201,372.336
14202,372.339
14203,372.344
14204,372.347
14205,372.351
14206,372.356
14207,372.360
14208,372.364
14209,372.368
14210,372.373
14211,372.426
14212,372.430
14213,372.433
14214,372.478
14215,372.482
14216,372.485
14217,372.528
14218,372.532
14219,372.535
14220,372.580
14221,372.584
14222,372.588
14223,372.630
14224,372.675
14225,372.678
14226,372.681
14227,372.684
14228,372.687
14229,372.691
14230,372.694
14231,372.717
14232,372.761
14233,372.815
14234,372.820
14235,372.823
14236,372.827
14237,372.874
14238,372.878
14239,372.881
14240,372.885
14241,372.931
14242,372.935
14243,372.939
14244,372.943
14245,372.988
14246,372.992
14247,372.996
14248,373.000
14249,373.046
14250,373.050
14251,373.054
14252,373.058
14253,373.106
14254,373.110
14255,373.113
14256,373.117
14257,373.161
14258,373.224
14259,373.228
14260,373.231
14261,373.236
14262,373.240
14263,373.272
14264,373.336
14265,373.411
14266,373.416
14267,373.421
14268,373.425
14269,373.489
14270,373.494
14271,373.499
14272,373.504
14273,373.571
14274,373.576
14275,373.581
14276,373.585
14277,373.637
14278,373.641
14279,373.645
14280,373.649
14281,373.701
14282,373.750
14283,373.753
14284,373.756
14285,373.760
14286,373.763
14287,373.766
14288,373.770
14289,373.773
14290,373.776
14291,373.780
14292,373.783
14293,373.786
14294,373.790
14295,373.793
14296,373.797
14297,373.800
14298,373.804
14299,373.807
14300,373.811
14301,373.814
14302,373.818
14303,373.844
14304,373.891
14305,373.949
14306,373.953
14307,373.957
14308,373.960
14309,374.005
14310,374.009
14311,374.013
14312,374.017
14313,374.066
14314,374.075
14315,374.075
14316,374.077
14317,374.122
14318,374.125
14319,374.129
14320,374.133
14321,374.177
14322,374.181
14323,374.185
14324,374.188
14325,374.234
14326,374.238
14327,374.242
14328,374.246
14329,374.292
14330,374.295
14331,374.299
14332,374.303
14333,374.351
14334,374.354
14335,374.358
14336,374.362
14337,374.417
14338,374.417
14339,374.417
14340,374.420
14341,374.468
14342,374.472
14343,374.476
14344,374.479
14345,374.529
14346,374.534
14347,374.538
14348,374.542
14349,374.589
14350,374.593
14351,374.597
14352,374.601
14353,374.659
14354,374.667
14355,374.671
14356,374.676
14357,374.740
14358,374.752
14359,374.757
14360,374.761
14361,374.821
14362,374.829
14363,374.833
14364,374.838
14365,374.899
14366,374.908
14367,374.912
14368,374.919
14369,374.978
14370,374.988
14371,374.992
14372,374.997
14373,375.056
14374,375.062
14375,375.066
14376,375.069
14377,375.118
14378,375.124
14379,375.128
14380,375.131
14381,375.175
14382,375.181
14383,375.184
14384,375.188
14385,375.232
14386,375.235
14387,375.239
14388,375.282
14389,375.286
14390,375.290
14391,375.334
14392,375.338
14393,375.341
14394,375.384
14395,375.388
14396,375.391
14397,375.434
14398,375.437
14399,375.441
14400,375.483
14401,375.486
14402,375.490
14403,375.533
14404,375.537
14405,375.540
14406,375.595
14407,375.643
14408,375.647
14409,375.650
14410,375.653
14411,375.657
14412,375.660
14413,375.664
14414,375.668
14415,375.672
14416,375.676
14417,375.681
14418,375.686
14419,375.742
14420,375.742
14421,375.755
14422,375.759
14423,375.762
14424,375.805
14425,375.808
14426,375.812
14427,375.855
14428,375.858
14429,375.862
14430,375.905
14431,375.909
14432,375.913
14433,375.954
14434,375.996
14435,376.000
14436,376.004
14437,376.008
14438,376.012
14439,376.017
14440,376.021
14441,376.053
14442,376.114
14443,376.190
14444,376.195
14445,376.199
14446,376.203
14447,376.263
14448,376.267
14449,376.272
14450,376.276
14451,376.337
14452,376.342
14453,376.346
14454,376.350
14455,376.414
14456,376.418
14457,376.422
14458,376.426
14459,376.476
14460,376.480
14461,376.484
14462,376.488
14463,376.534
14464,376.538
14465,376.542
14466,376.546
14467,376.587
14468,376.629
14469,376.632
14470,376.634
14471,376.637
14472,376.641
14473,376.663
14474,376.705
14475,376.758
14476,376.762
14477,376.765
14478,376.768
14479,376.810
14480,376.814
14481,376.817
14482,376.821
14483,376.864
14484,376.868
14485,376.871
14486,376.875
14487,376.918
14488,376.922
14489,376.925
14490,376.929
14491,376.975
14492,377.023
14493,377.027
14494,377.030
14495,377.033
14496,377.036
14497,377.039
14498,377.043
14499,377.046
14500,377.049
14501,377.052
14502,377.055
14503,377.059
14504,377.062
14505,377.066
14506,377.069
14507,377.073
14508,377.076
14509,377.079
14510,377.083
14511,377.087
14512,377.090
14513,377.113
14514,377.158
14515,377.212
14516,377.216
14517,377.220
14518,377.223
14519,377.270
14520,377.274
14521,377.277
14522,377.281
14523,377.329
14524,377.332
14525,377.336
14526,377.340
14527,377.382
14528,377.386
14529,377.389
14530,377.392
14531,377.452
14532,377.456
14533,377.461
14534,377.465
14535,377.535
14536,377.541
14537,377.546
14538,377.550
14539,377.609
14540,377.614
14541,377.618
14542,377.623
14543,377.689
14544,377.693
14545,377.698
14546,377.703
14547,377.768
14548,377.772
14549,377.777
14550,377.782
14551,377.846
14552,377.850
14553,377.854
14554,377.857
14555,377.907
14556,377.912
14557,377.916
14558,377.920
14559,377.969
14560,377.975
14561,377.979
14562,377.983
14563,378.030
14564,378.036
14565,378.040
14566,378.043
14567,378.090
14568,378.096
14569,378.100
14570,378.104
14571,378.150
14572,378.156
14573,378.159
14574,378.163
14575,378.210
14576,378.216
14577,378.219
14578,378.223
14579,378.268
14580,378.273
14581,378.277
14582,378.281
14583,378.327
14584,378.333
14585,378.337
14586,378.340
14587,378.385
14588,378.391
14589,378.395
14590,378.398
14591,378.445
14592,378.451
14593,378.454
14594,378.458
14595,378.505
14596,378.509
14597,378.514
14598,378.563
14599,378.569
14600,378.573
14601,378.622
14602,378.626
14603,378.630
14604,378.679
14605,378.683
14606,378.687
14607,378.732
14608,378.736
14609,378.740
14610,378.785
14611,378.789
14612,378.792
14613,378.849
14614,378.853
14615,378.858
14616,378.922
14617,378.926
14618,378.930
14619,378.933
14620,378.985
14621,379.049
14622,379.132
14623,379.137
14624,379.147
14625,379.152
14626,379.215
14627,379.295
14628,379.343
14629,379.347
14630,379.400
14631,379.406
14632,379.410
14633,379.461
14634,379.465
14635,379.468
14636,379.474
14637,379.488
14638,379.498
14639,379.501
14640,379.551
14641,379.555
14642,379.559
14643,379.580
14644,379.583
14645,379.586
14646,379.623
14647,379.626
14648,379.629
14649,379.632
14650,379.635
14651,379.642
14652,379.644
14653,379.647
14654,379.649
14655,379.656
14656,379.658
14657,379.662
14658,379.664
14659,379.700
14660,379.703
14661,379.706
14662,379.709
14663,379.712
14664,379.718
14665,379.721
14666,379.728
14667,379.730
14668,379.735
14669,379.738
14670,379.774
14671,379.778
14672,379.783
14673,379.787
14674,379.821
14675,379.825
14676,379.827
14677,379.855
14678,379.879
14679,379.884
14680,379.900
14681,379.907
14682,379.923
14683,379.928
14684,379.931
14685,379.941
14686,379.943
14687,379.946
14688,379.950
14689,379.953
14690,379.955
14691,379.958
14692,379.961
14693,379.964
14694,379.966
14695,379.973
14696,379.976
14697,379.979
14698,379.984
14699,379.986
14700,379.993
14701,379.995
14702,379.998
14703,380.003
14704,380.006
14705,380.021
14706,380.024
14707,380.026
14708,380.031
14709,380.034
14710,380.039
14711,380.046
14712,380.048
14713,380.079
14714,380.082
14715,380.086
14716,380.092
14717,380.095
14718,380.130
14719,380.144
14720,380.156
14721,380.161
14722,380.165
14723,380.235
14724,380.239
14725,380.870
14726,380.876
14727,380.881
14728,381.322
14729,381.355
14730,381.377
14731,381.389
14732,381.412
14733,381.415
14734,381.427
14735,381.448
14736,381.971
14737,381.975
14738,381.979
14739,382.415
14740,382.448
14741,382.471
14742,382.507
14743,382.510
14744,382.539
14745,382.544
14746,382.618
14747,382.700
14748,382.706
14749,382.745
14750,382.822
14751,382.873
14752,382.877
14753,382.881
14754,382.924
14755,382.928
14756,382.931
14757,382.935
14758,382.938
14759,382.942
14760,382.945
14761,383.003
14762,383.007
14763,383.010
14764,383.036
14765,383.052
14766,383.055
14767,383.068
14768,383.082
14769,383.084
14770,383.124
14771,383.138
14772,383.141
14773,383.172
14774,383.231
14775,383.235
14776,383.264
14777,383.327
14778,383.358
14779,383.418
14780,383.458
14781,383.461
14782,383.464
14783,383.469
14784,383.472
14785,383.474
14786,383.477
14787,383.517
14788,383.521
14789,383.523
14790,383.545
14791,383.558
14792,383.561
14793,383.582
14794,383.596
14795,383.598
14796,383.609
14797,383.623
14798,383.626
14799,383.637
14800,383.650
14801,383.653
14802,383.664
14803,383.677
14804,383.680
14805,383.718
14806,383.733
14807,383.736
14808,383.774
14809,383.788
14810,383.791
14811,383.832
14812,383.835
14813,383.838
14814,383.841
14815,383.876
14816,383.879
14817,383.882
14818,383.885
14819,383.888
14820,383.891
14821,383.894
14822,383.926
14823,383.930
14824,383.933
14825,383.937
14826,383.940
14827,383.985
14828,383.988
14829,383.991
14830,383.994
14831,383.998
14832,384.001
14833,384.004
14834,384.018
14835,384.021
14836,384.024
14837,384.026
14838,384.056
14839,384.060
14840,384.064
14841,384.068
14842,384.074
14843,384.080
14844,384.084
14845,384.144
14846,384.148
14847,384.152
14848,384.156
14849,384.160
14850,384.164
14851,384.168
14852,384.228
14853,384.234
14854,384.239
14855,384.245
14856,384.248
14857,384.291
14858,384.295
14859,384.299
14860,384.302
14861,384.306
14862,384.347
14863,384.351
14864,384.355
14865,384.358
14866,384.362
14867,384.366
14868,384.383
14869,384.387
14870,384.390
14871,384.394
14872,384.400
14873,384.421
14874,384.425
14875,384.432
14876,384.435
14877,384.451
14878,384.455
14879,384.458
14880,384.461
14881,384.464
14882,384.510
14883,384.617
14884,384.619
14885,384.622
14886,384.626
14887,384.630
14888,384.665
14889,384.668
14890,384.671
14891,384.708
14892,384.712
14893,384.716
14894,384.758
14895,384.761
14896,384.764
14897,384.766
14898,384.769
14899,384.772
14900,384.806
14901,384.809
14902,384.812
14903,384.815
14904,384.848
14905,384.850
14906,384.853
14907,384.856
14908,384.861
14909,384.868
14910,384.901
14911,384.904
14912,384.907
14913,384.939
14914,384.942
14915,384.945
14916,384.947
14917,384.951
14918,384.954
14919,384.957
14920,384.997
14921,385.000
14922,385.003
14923,385.016
14924,385.029
14925,385.032
14926,385.043
14927,385.056
14928,385.059
14929,385.095
14930,385.109
14931,385.112
14932,385.152
14933,385.154
14934,385.157
14935,385.160
14936,385.163
14937,385.197
14938,385.292
14939,385.295
14940,385.298
14941,385.301
14942,385.304
14943,385.342
14944,385.346
14945,385.350
14946,385.385
14947,385.388
14948,385.390
14949,385.416
14950,385.418
14951,385.422
14952,385.425
14953,385.428
14954,385.432
14955,385.435
14956,385.460
14957,385.463
14958,385.466
14959,385.473
14960,385.488
14961,385.490
14962,385.502
14963,385.517
14964,385.520
14965,385.551
14966,385.566
14967,385.569
14968,385.600
14969,385.603
14970,385.606
14971,385.609
14972,385.612
14973,385.644
14974,385.746
14975,385.750
14976,385.754
14977,385.757
14978,385.815
14979,385.819
14980,385.824
14981,385.877
14982,385.940
14983,385.994
14984,385.999
14985,386.004
14986,386.039
14987,386.043
14988,386.048
14989,386.086
14990,386.090
14991,386.095
14992,386.125
14993,386.129
14994,386.133
14995,386.159
14996,386.162
14997,386.167
14998,386.193
14999,386.198
15000,386.201
15001,386.250
15002,386.253
15003,386.281
15004,386.284
15005,386.303
15006,386.316
15007,386.319
15008,386.350
15009,386.434
15010,386.440
15011,386.443
15012,386.446
15013,386.501
15014,386.504
15015,386.507
15016,386.510
15017,386.542
15018,386.606
15019,386.620
15020,386.624
15021,386.651
15022,386.654
15023,386.657
15024,386.710
15025,386.713
15026,386.716
15027,386.718
15028,386.744
15029,386.808
15030,386.823
15031,386.826
15032,386.844
15033,386.847
15034,386.865
15035,386.879
15036,386.882
15037,386.913
15038,386.976
15039,386.988
15040,386.991
15041,387.008
15042,387.032
15043,387.035
15044,387.038
15045,387.041
15046,387.044
15047,387.069
15048,387.073
15049,387.077
15050,387.080
15051,387.101
15052,387.112
15053,387.118
15054,387.129
15055,387.135
15056,387.154
15057,387.178
15058,387.191
15059,387.195
15060,387.198
15061,387.238
15062,387.242
15063,387.247
15064,387.251
15065,387.284
15066,387.296
15067,387.332
15068,387.335
15069,387.339
15070,387.393
15071,387.456
15072,387.492
15073,387.568
15074,387.584
15075,387.587
15076,387.624
15077,387.624
15078,387.624
15079,387.624
15080,387.669
15081,387.684
15082,387.695
15083,387.698
15084,387.752
15085,387.804
15086,387.808
15087,387.812
15088,387.816
15089,387.820
15090,387.824
15091,387.829
15092,387.833
15093,387.838
15094,387.842
15095,387.847
15096,387.852
15097,387.856
15098,387.861
15099,387.921
15100,387.926
15101,387.929
15102,387.976
15103,387.980
15104,387.984
15105,388.029
15106,388.033
15107,388.037
15108,388.081
15109,388.085
15110,388.088
15111,388.133
15112,388.182
15113,388.186
15114,388.189
15115,388.193
15116,388.196
15117,388.200
15118,388.203
15119,388.228
15120,388.273
15121,388.328
15122,388.332
15123,388.336
15124,388.340
15125,388.384
15126,388.388
15127,388.392
15128,388.396
15129,388.445
15130,388.449
15131,388.453
15132,388.457
15133,388.500
15134,388.504
15135,388.508
15136,388.511
15137,388.558
15138,388.562
15139,388.566
15140,388.569
15141,388.633
15142,388.638
15143,388.642
15144,388.647
15145,388.712
15146,388.776
15147,388.780
15148,388.784
15149,388.788
15150,388.792
15151,388.824
15152,388.883
15153,388.963
15154,388.968
15155,388.974
15156,388.979
15157,389.040
15158,389.044
15159,389.048
15160,389.052
15161,389.101
15162,389.106
15163,389.110
15164,389.114
15165,389.160
15166,389.164
15167,389.168
15168,389.171
15169,389.220
15170,389.271
15171,389.274
15172,389.277
15173,389.281
15174,389.284
15175,389.288
15176,389.291
15177,389.295
15178,389.298
15179,389.302
15180,389.305
15181,389.309
15182,389.312
15183,389.316
15184,389.319
15185,389.323
15186,389.327
15187,389.330
15188,389.334
15189,389.338
15190,389.341
15191,389.367
15192,389.414
15193,389.475
15194,389.479
15195,389.483
15196,389.487
15197,389.537
15198,389.541
15199,389.545
15200,389.548
15201,389.597
15202,389.601
15203,389.605
15204,389.608
15205,389.657
15206,389.661
15207,389.665
15208,389.668
15209,389.716
15210,389.719
15211,389.723
15212,389.726
15213,389.774
15214,389.777
15215,389.781
15216,389.785
15217,389.834
15218,389.839
15219,389.843
15220,389.846
15221,389.896
15222,389.902
15223,389.906
15224,389.910
15225,389.958
15226,389.964
15227,389.968
15228,389.971
15229,390.033
15230,390.042
15231,390.047
15232,390.052
15233,390.125
15234,390.138
15235,390.143
15236,390.148
15237,390.220
15238,390.229
15239,390.234
15240,390.239
15241,390.310
15242,390.319
15243,390.324
15244,390.328
15245,390.405
15246,390.415
15247,390.420
15248,390.425
15249,390.483
15250,390.490
15251,390.494
15252,390.498
15253,390.556
15254,390.562
15255,390.567
15256,390.571
15257,390.621
15258,390.627
15259,390.631
15260,390.635
15261,390.685
15262,390.691
15263,390.695
15264,390.698
15265,390.746
15266,390.752
15267,390.756
15268,390.760
15269,390.805
15270,390.811
15271,390.814
15272,390.817
15273,390.863
15274,390.868
15275,390.871
15276,390.915
15277,390.919
15278,390.923
15279,390.967
15280,390.971
15281,390.974
15282,391.019
15283,391.023
15284,391.026
15285,391.072
15286,391.077
15287,391.081
15288,391.127
15289,391.131
15290,391.135
15291,391.181
15292,391.185
15293,391.189
15294,391.245
15295,391.296
15296,391.301
15297,391.304
15298,391.308
15299,391.312
15300,391.316
15301,391.320
15302,391.324
15303,391.328
15304,391.332
15305,391.336
15306,391.340
15307,391.344
15308,391.349
15309,391.406
15310,391.410
15311,391.413
15312,391.480
15313,391.485
15314,391.490
15315,391.590
15316,391.590
15317,391.590
15318,391.644
15319,391.650
15320,391.655
15321,391.718
15322,391.779
15323,391.783
15324,391.787
15325,391.791
15326,391.795
15327,391.800
15328,391.804
15329,391.845
15330,391.903
15331,391.983
15332,391.989
15333,391.994
15334,391.998
15335,392.055
15336,392.061
15337,392.067
15338,392.071
15339,392.129
15340,392.133
15341,392.138
15342,392.143
15343,392.197
15344,392.201
15345,392.205
15346,392.211
15347,392.267
15348,392.271
15349,392.276
15350,392.281
15351,392.335
15352,392.340
15353,392.344
15354,392.348
15355,392.394
15356,392.443
15357,392.446
15358,392.450
15359,392.453
15360,392.457
15361,392.482
15362,392.531
15363,392.595
15364,392.599
15365,392.603
15366,392.606
15367,392.662
15368,392.665
15369,392.669
15370,392.673
15371,392.732
15372,392.736
15373,392.741
15374,392.745
15375,392.801
15376,392.805
15377,392.810
15378,392.814
15379,392.865
15380,392.919
15381,392.922
15382,392.926
15383,392.929
15384,392.933
15385,392.937
15386,392.940
15387,392.943
15388,392.948
15389,392.951
15390,392.954
15391,392.957
15392,392.960
15393,392.964
15394,392.967
15395,392.971
15396,392.977
15397,392.982
15398,392.987
15399,392.992
15400,392.998
15401,393.035
15402,393.110
15403,393.205
15404,393.211
15405,393.216
15406,393.221
15407,393.301
15408,393.310
15409,393.315
15410,393.320
15411,393.405
15412,393.418
15413,393.425
15414,393.430
15415,393.494
15416,393.501
15417,393.506
15418,393.511
15419,393.573
15420,393.581
15421,393.587
15422,393.593
15423,393.654
15424,393.661
15425,393.665
15426,393.670
15427,393.701
15428,393.708
15429,393.712
15430,393.716
15431,393.774
15432,393.781
15433,393.785
15434,393.790
15435,393.848
15436,393.855
15437,393.859
15438,393.863
15439,393.922
15440,393.929
15441,393.933
15442,393.938
15443,393.996
15444,394.003
15445,394.008
15446,394.013
15447,394.073
15448,394.080
15449,394.084
15450,394.088
15451,394.145
15452,394.151
15453,394.155
15454,394.160
15455,394.214
15456,394.221
15457,394.225
15458,394.229
15459,394.282
15460,394.289
15461,394.293
15462,394.297
15463,394.352
15464,394.358
15465,394.362
15466,394.366
15467,394.419
15468,394.425
15469,394.429
15470,394.434
15471,394.494
15472,394.503
15473,394.508
15474,394.513
15475,394.586
15476,394.597
15477,394.602
15478,394.607
15479,394.681
15480,394.691
15481,394.706
15482,394.706
15483,394.778
15484,394.783
15485,394.788
15486,394.869
15487,394.874
15488,394.880
15489,394.945
15490,394.950
15491,394.954
15492,395.012
15493,395.016
15494,395.020
15495,395.075
15496,395.080
15497,395.083
15498,395.137
15499,395.142
15500,395.145
15501,395.199
15502,395.203
15503,395.207
15504,395.277
15505,395.281
15506,395.286
15507,395.331
15508,395.379
15509,395.423
15510,395.428
15511,395.432
15512,395.476
15513,395.536
15514,395.578
15515,395.629
15516,395.654
15517,395.734
15518,395.750
15519,395.753
15520,395.792
15521,395.795
15522,395.798
15523,395.801
15524,395.851
15525,395.855
15526,395.859
15527,395.862
15528,395.916
15529,395.983
15530,396.036
15531,396.099
15532,396.134
15533,396.232
15534,396.254
15535,396.258
15536,396.310
15537,396.314
15538,396.318
15539,396.321
15540,396.385
15541,396.389
15542,396.393
15543,396.398
15544,396.459
15545,396.525
15546,396.565
15547,396.612
15548,396.636
15549,396.714
15550,396.730
15551,396.733
15552,396.774
15553,396.777
15554,396.780
15555,396.783
15556,396.833
15557,396.837
15558,396.840
15559,396.843
15560,396.873
15561,396.894
15562,396.898
15563,396.902
15564,396.905
15565,396.909
15566,396.913
15567,396.917
15568,396.939
15569,396.977
15570,396.998
15571,397.001
15572,397.004
15573,397.007
15574,397.011
15575,397.014
15576,397.024
15577,397.046
15578,397.103
15579,397.107
15580,397.111
15581,397.115
15582,397.120
15583,397.171
15584,397.175
15585,397.179
15586,397.183
15587,397.187
15588,397.241
15589,397.245
15590,397.249
15591,397.254
15592,397.258
15593,397.310
15594,397.314
15595,397.318
15596,397.322
15597,397.326
15598,397.377
15599,397.381
15600,397.385
15601,397.389
15602,397.393
15603,397.447
15604,397.452
15605,397.457
15606,397.462
15607,397.506
15608,397.533
15609,397.537
15610,397.550
15611,397.581
15612,397.669
15613,397.673
15614,397.679
15615,397.684
15616,397.689
15617,397.738
15618,397.767
15619,397.771
15620,397.776
15621,397.780
15622,397.784
15623,397.788
15624,397.792
15625,397.797
15626,397.801
15627,397.816
15628,397.846
15629,397.914
15630,397.918
15631,397.923
15632,397.927
15633,397.931
15634,397.991
15635,397.995
15636,398.000
15637,398.005
15638,398.009
15639,398.065
15640,398.069
15641,398.073
15642,398.077
15643,398.081
15644,398.143
15645,398.149
15646,398.155
15647,398.161
15648,398.166
15649,398.228
15650,398.232
15651,398.237
15652,398.241
15653,398.246
15654,398.304
15655,398.308
15656,398.312
15657,398.317
15658,398.321
15659,398.378
15660,398.383
15661,398.388
15662,398.393
15663,398.397
15664,398.456
15665,398.460
15666,398.464
15667,398.469
15668,398.473
15669,398.507
15670,398.528
15671,398.531
15672,398.541
15673,398.562
15674,398.620
15675,398.624
15676,398.629
15677,398.633
15678,398.638
15679,398.674
15680,398.694
15681,398.696
15682,398.706
15683,398.726
15684,398.780
15685,398.784
15686,398.788
15687,398.792
15688,398.796
15689,398.830
15690,398.852
15691,398.854
15692,398.863
15693,398.888
15694,398.967
15695,398.972
15696,398.978
15697,398.983
15698,398.988
15699,399.072
15700,399.139
15701,399.144
15702,399.149
15703,399.154
15704,399.159
15705,399.163
15706,399.169
15707,399.174
15708,399.179
15709,399.185
15710,399.190
15711,399.195
15712,399.201
15713,399.206
15714,399.286
15715,399.291
15716,399.296
15717,399.351
15718,399.355
15719,399.359
15720,399.407
15721,399.411
15722,399.415
15723,399.463
15724,399.467
15725,399.471
15726,399.524
15727,399.577
15728,399.580
15729,399.583
15730,399.586
15731,399.590
15732,399.593
15733,399.596
15734,399.618
15735,399.662
15736,399.721
15737,399.725
15738,399.729
15739,399.733
15740,399.782
15741,399.786
15742,399.789
15743,399.793
15744,399.842
15745,399.847
15746,399.851
15747,399.854
15748,399.906
15749,399.910
15750,399.914
15751,399.918
15752,399.969
15753,399.973
15754,399.977
15755,399.981
15756,400.032
15757,400.036
15758,400.040
15759,400.044
15760,400.089
15761,400.135
15762,400.139
15763,400.142
15764,400.146
15765,400.149
15766,400.173
15767,400.217
15768,400.274
15769,400.277
15770,400.281
15771,400.284
15772,400.338
15773,400.343
15774,400.348
15775,400.352
15776,400.415
15777,400.420
15778,400.425
15779,400.429
15780,400.496
15781,400.501
15782,400.505
15783,400.510
15784,400.575
15785,400.645
15786,400.649
15787,400.653
15788,400.658
15789,400.662
15790,400.666
15791,400.670
15792,400.674
15793,400.678
15794,400.683
15795,400.687
15796,400.691
15797,400.696
15798,400.700
15799,400.705
15800,400.709
15801,400.714
15802,400.719
15803,400.724
15804,400.729
15805,400.734
15806,400.766
15807,400.815
15808,400.878
15809,400.882
15810,400.886
15811,400.890
15812,400.939
15813,400.943
15814,400.947
15815,400.951
15816,401.001
15817,401.005
15818,401.009
15819,401.013
15820,401.062
15821,401.067
15822,401.070
15823,401.074
15824,401.123
15825,401.127
15826,401.131
15827,401.135
15828,401.183
15829,401.189
15830,401.193
15831,401.197
15832,401.244
15833,401.250
15834,401.253
15835,401.257
15836,401.304
15837,401.309
15838,401.313
15839,401.317
15840,401.365
15841,401.370
15842,401.374
15843,401.378
15844,401.425
15845,401.431
15846,401.434
15847,401.438
15848,401.485
15849,401.490
15850,401.494
15851,401.498
15852,401.545
15853,401.551
15854,401.555
15855,401.559
15856,401.608
15857,401.614
15858,401.617
15859,401.621
15860,401.668
15861,401.673
15862,401.677
15863,401.681
15864,401.736
15865,401.744
15866,401.748
15867,401.753
15868,401.819
15869,401.828
15870,401.834
15871,401.840
15872,401.904
15873,401.911
15874,401.915
15875,401.919
15876,401.985
15877,401.993
15878,401.997
15879,402.001
15880,402.068
15881,402.077
15882,402.081
15883,402.086
15884,402.136
15885,402.142
15886,402.146
15887,402.149
15888,402.202
15889,402.205
15890,402.209
15891,402.252
15892,402.256
15893,402.260
15894,402.305
15895,402.309
15896,402.312
15897,402.358
15898,402.361
15899,402.365
15900,402.410
15901,402.414
15902,402.417
15903,402.461
15904,402.465
15905,402.468
15906,402.513
15907,402.518
15908,402.521
15909,402.585
15910,402.649
15911,402.653
15912,402.657
15913,402.660
15914,402.664
15915,402.668
15916,402.674
15917,402.678
15918,402.682
15919,402.686
15920,402.690
15921,402.694
15922,402.698
15923,402.702
15924,402.821
15925,402.825
15926,402.830
15927,402.883
15928,402.886
15929,402.890
15930,402.893
15931,402.896
15932,402.900
15933,402.904
15934,402.907
15935,402.959
15936,403.015
15937,403.020
15938,403.044
15939,403.123
15940,403.127
15941,403.201
15942,403.277
15943,403.386
15944,403.390
15945,403.471
15946,403.475
15947,403.605
15948,403.610
15949,403.615
15950,403.740
15951,403.745
15952,403.749
15953,403.803
15954,403.867
15955,403.871
15956,403.875
15957,403.878
15958,403.881
15959,403.885
15960,403.888
15961,403.919
15962,403.977
15963,404.098
15964,404.104
15965,404.111
15966,404.117
15967,404.244
15968,404.249
15969,404.255
15970,404.260
15971,404.402
15972,404.408
15973,404.414
15974,404.420
15975,404.587
15976,404.592
15977,404.599
15978,404.605
15979,404.785
15980,404.793
15981,404.798
15982,404.804
15983,404.936
15984,404.942
15985,404.947
15986,404.952
15987,405.005
15988,405.064
15989,405.067
15990,405.070
15991,405.073
15992,405.076
15993,405.106
15994,405.162
15995,405.287
15996,405.292
15997,405.298
15998,405.303
15999,405.433
16000,405.438
16001,405.443
16002,405.448
16003,405.564
16004,405.570
16005,405.575
16006,405.579
16007,405.729
16008,405.736
16009,405.742
16010,405.748
16011,405.831
16012,405.922
16013,405.926
16014,405.930
16015,405.934
16016,405.939
16017,405.943
16018,405.947
16019,405.951
16020,405.956
16021,405.960
16022,405.964
16023,405.969
16024,405.974
16025,405.979
16026,405.984
16027,405.989
16028,405.994
16029,405.998
16030,406.004
16031,406.009
16032,406.014
16033,406.054
16034,406.137
16035,406.273
16036,406.278
16037,406.283
16038,406.288
16039,406.405
16040,406.411
16041,406.417
16042,406.422
16043,406.553
16044,406.561
16045,406.566
16046,406.571
16047,406.694
16048,406.700
16049,406.705
16050,406.710
16051,406.827
16052,406.832
16053,406.837
16054,406.842
16055,406.970
16056,406.978
16057,406.983
16058,406.988
16059,407.139
16060,407.151
16061,407.158
16062,407.165
16063,407.353
16064,407.363
16065,407.370
16066,407.376
16067,407.536
16068,407.545
16069,407.550
16070,407.556
16071,407.687
16072,407.695
16073,407.700
16074,407.705
16075,407.844
16076,407.852
16077,407.858
16078,407.863
16079,407.989
16080,407.998
16081,408.004
16082,408.010
16083,408.146
16084,408.154
16085,408.159
16086,408.164
16087,408.294
16088,408.302
16089,408.308
16090,408.313
16091,408.439
16092,408.447
16093,408.454
16094,408.462
16095,408.656
16096,408.666
16097,408.673
16098,408.679
16099,408.874
16100,408.883
16101,408.888
16102,408.894
16103,409.036
16104,409.043
16105,409.049
16106,409.055
16107,409.190
16108,409.197
16109,409.203
16110,409.208
16111,409.327
16112,409.334
16113,409.339
16114,409.344
16115,409.468
16116,409.473
16117,409.478
16118,409.611
16119,409.617
16120,409.622
16121,409.754
16122,409.760
16123,409.765
16124,409.915
16125,409.920
16126,409.927
16127,410.117
16128,410.123
16129,410.130
16130,410.325
16131,410.331
16132,410.336
16133,410.477
16134,410.483
16135,410.488
16136,410.523
16137,410.545
16138,410.549
16139,410.552
16140,410.556
16141,410.559
16142,410.563
16143,410.566
16144,410.588
16145,410.628
16146,410.649
16147,410.652
16148,410.655
16149,410.659
16150,410.662
16151,410.665
16152,410.675
16153,410.694
16154,410.748
16155,410.752
16156,410.756
16157,410.761
16158,410.765
16159,410.815
16160,410.818
16161,410.822
16162,410.827
16163,410.831
16164,410.885
16165,410.889
16166,410.893
16167,410.897
16168,410.901
16169,410.955
16170,410.959
16171,410.963
16172,410.968
16173,410.972
16174,411.028
16175,411.032
16176,411.036
16177,411.040
16178,411.045
16179,411.101
16180,411.105
16181,411.109
16182,411.113
16183,411.147
16184,411.168
16185,411.171
16186,411.181
16187,411.200
16188,411.258
16189,411.262
16190,411.266
16191,411.271
16192,411.275
16193,411.309
16194,411.330
16195,411.333
16196,411.336
16197,411.340
16198,411.343
16199,411.346
16200,411.349
16201,411.352
16202,411.356
16203,411.365
16204,411.385
16205,411.461
16206,411.466
16207,411.470
16208,411.475
16209,411.480
16210,411.562
16211,411.567
16212,411.572
16213,411.577
16214,411.582
16215,411.657
16216,411.661
16217,411.667
16218,411.671
16219,411.676
16220,411.757
16221,411.761
16222,411.766
16223,411.771
16224,411.776
16225,411.855
16226,411.860
16227,411.864
16228,411.869
16229,411.874
16230,411.936
16231,411.941
16232,411.945
16233,411.950
16234,411.954
16235,412.013
16236,412.017
16237,412.022
16238,412.026
16239,412.030
16240,412.083
16241,412.087
16242,412.091
16243,412.095
16244,412.099
16245,412.131
16246,412.150
16247,412.153
16248,412.162
16249,412.182
16250,412.236
16251,412.240
16252,412.244
16253,412.248
16254,412.252
16255,412.285
16256,412.303
16257,412.306
16258,412.316
16259,412.335
16260,412.390
16261,412.394
16262,412.398
16263,412.402
16264,412.407
16265,412.441
16266,412.460
16267,412.463
16268,412.473
16269,412.492
16270,412.548
16271,412.553
16272,412.557
16273,412.561
16274,412.565
16275,412.601
16276,412.604
16277,412.659
16278,412.674
16279,412.677
16280,412.680
16281,412.690
16282,412.693
16283,412.716
16284,412.724
16285,412.754
16286,412.809
16287,412.812
16288,412.815
16289,412.855
16290,412.973
16291,413.062
16292,413.129
16293,413.215
16294,413.220
16295,413.285
16296,413.424
16297,413.486
16298,413.491
16299,413.496
16300,413.502
16301,413.507
16302,413.512
16303,413.517
16304,413.522
16305,413.526
16306,413.531
16307,413.535
16308,413.540
16309,413.545
16310,413.550
16311,413.606
16312,413.610
16313,413.613
16314,413.659
16315,413.663
16316,413.667
16317,413.714
16318,413.718
16319,413.722
16320,413.770
16321,413.774
16322,413.778
16323,413.825
16324,413.873
16325,413.877
16326,413.880
16327,413.884
16328,413.887
16329,413.891
16330,413.894
16331,413.918
16332,413.964
16333,414.022
16334,414.027
16335,414.032
16336,414.036
16337,414.089
16338,414.093
16339,414.097
16340,414.101
16341,414.153
16342,414.157
16343,414.162
16344,414.165
16345,414.218
16346,414.222
16347,414.226
16348,414.229
16349,414.282
16350,414.286
16351,414.290
16352,414.294
16353,414.344
16354,414.348
16355,414.352
16356,414.356
16357,414.401
16358,414.448
16359,414.452
16360,414.455
16361,414.458
16362,414.462
16363,414.483
16364,414.536
16365,414.618
16366,414.622
16367,414.627
16368,414.632
16369,414.701
16370,414.706
16371,414.710
16372,414.714
16373,414.778
16374,414.783
16375,414.788
16376,414.792
16377,414.856
16378,414.860
16379,414.865
16380,414.869
16381,414.936
16382,414.989
16383,414.993
16384,414.996
16385,414.999
16386,415.003
16387,415.006
16388,415.009
16389,415.013
16390,415.017
16391,415.020
16392,415.024
16393,415.027
16394,415.031
16395,415.034
16396,415.038
16397,415.041
16398,415.045
16399,415.049
16400,415.053
16401,415.056
16402,415.060
16403,415.084
16404,415.128
16405,415.187
16406,415.191
16407,415.196
16408,415.199
16409,415.250
16410,415.254
16411,415.258
16412,415.263
16413,415.318
16414,415.323
16415,415.327
16416,415.331
16417,415.380
16418,415.384
16419,415.388
16420,415.392
16421,415.441
16422,415.445
16423,415.449
16424,415.453
16425,415.502
16426,415.507
16427,415.511
16428,415.515
16429,415.565
16430,415.571
16431,415.575
16432,415.578
16433,415.629
16434,415.636
16435,415.640
16436,415.644
16437,415.695
16438,415.701
16439,415.705
16440,415.709
16441,415.760
16442,415.767
16443,415.771
16444,415.775
16445,415.830
16446,415.836
16447,415.843
16448,415.845
16449,415.897
16450,415.904
16451,415.908
16452,415.912
16453,415.962
16454,415.967
16455,415.971
16456,415.975
16457,416.038
16458,416.047
16459,416.051
16460,416.056
16461,416.131
16462,416.140
16463,416.144
16464,416.149
16465,416.216
16466,416.224
16467,416.229
16468,416.234
16469,416.305
16470,416.314
16471,416.318
16472,416.323
16473,416.396
16474,416.405
16475,416.409
16476,416.413
16477,416.469
16478,416.475
16479,416.479
16480,416.483
16481,416.532
16482,416.538
16483,416.541
16484,416.545
16485,416.593
16486,416.597
16487,416.600
16488,416.645
16489,416.649
16490,416.653
16491,416.700
16492,416.704
16493,416.708
16494,416.754
16495,416.757
16496,416.761
16497,416.807
16498,416.811
16499,416.815
16500,416.863
16501,416.867
16502,416.871
16503,416.918
16504,416.922
16505,416.925
16506,416.984
16507,417.034
16508,417.038
16509,417.042
16510,417.046
16511,417.050
16512,417.054
16513,417.058
16514,417.062
16515,417.066
16516,417.070
16517,417.074
16518,417.078
16519,417.083
16520,417.087
16521,417.168
16522,417.173
16523,417.177
16524,417.223
16525,417.269
16526,417.272
16527,417.275
16528,417.353
16529,417.358
16530,417.363
16531,417.448
16532,417.454
16533,417.459
16534,417.521
16535,417.589
16536,417.593
16537,417.599
16538,417.601
16539,417.605
16540,417.609
16541,417.614
16542,417.646
16543,417.707
16544,417.832
16545,417.838
16546,417.844
16547,417.850
16548,417.944
16549,417.949
16550,417.955
16551,417.960
16552,418.045
16553,418.050
16554,418.055
16555,418.059
16556,418.131
16557,418.136
16558,418.141
16559,418.146
16560,418.232
16561,418.240
16562,418.245
16563,418.250
16564,418.332
16565,418.337
16566,418.341
16567,418.346
16568,418.391
16569,418.439
16570,418.443
16571,418.446
16572,418.449
16573,418.453
16574,418.477
16575,418.522
16576,418.608
16577,418.613
16578,418.619
16579,418.623
16580,418.704
16581,418.709
16582,418.714
16583,418.719
16584,418.792
16585,418.797
16586,418.801
16587,418.804
16588,418.909
16589,418.914
16590,418.920
16591,418.925
16592,418.993
16593,419.059
16594,419.063
16595,419.067
16596,419.071
16597,419.075
16598,419.078
16599,419.082
16600,419.086
16601,419.090
16602,419.094
16603,419.098
16604,419.102
16605,419.106
16606,419.110
16607,419.114
16608,419.119
16609,419.123
16610,419.127
16611,419.131
16612,419.135
16613,419.140
16614,419.174
16615,419.241
16616,419.334
16617,419.339
16618,419.345
16619,419.350
16620,419.425
16621,419.430
16622,419.435
16623,419.439
16624,419.531
16625,419.538
16626,419.544
16627,419.548
16628,419.633
16629,419.638
16630,419.643
16631,419.647
16632,419.719
16633,419.725
16634,419.730
16635,419.734
16636,419.817
16637,419.824
16638,419.829
16639,419.835
16640,419.918
16641,419.925
16642,419.931
16643,419.936
16644,420.028
16645,420.036
16646,420.042
16647,420.046
16648,420.136
16649,420.142
16650,420.147
16651,420.152
16652,420.237
16653,420.249
16654,420.255
16655,420.261
16656,420.392
16657,420.402
16658,420.408
16659,420.414
16660,420.524
16661,420.534
16662,420.541
16663,420.547
16664,420.675
16665,420.683
16666,420.688
16667,420.694
16668,420.783
16669,420.790
16670,420.795
16671,420.799
16672,420.883
16673,420.890
16674,420.894
16675,420.899
16676,420.985
16677,420.992
16678,420.997
16679,421.002
16680,421.086
16681,421.093
16682,421.097
16683,421.102
16684,421.182
16685,421.190
16686,421.195
16687,421.200
16688,421.288
16689,421.295
16690,421.300
16691,421.305
16692,421.376
16693,421.383
16694,421.388
16695,421.392
16696,421.472
16697,421.478
16698,421.482
16699,421.561
16700,421.566
16701,421.570
16702,421.661
16703,421.667
16704,421.672
16705,421.787
16706,421.793
16707,421.798
16708,421.919
16709,421.925
16710,421.930
16711,422.051
16712,422.056
16713,422.060
16714,422.146
16715,422.151
16716,422.155
16717,422.218
16718,422.278
16719,422.282
16720,422.286
16721,422.289
16722,422.293
16723,422.296
16724,422.300
16725,422.304
16726,422.308
16727,422.312
16728,422.315
16729,422.319
16730,422.324
16731,422.328
16732,422.392
16733,422.395
16734,422.399
16735,422.451
16736,422.455
16737,422.458
16738,422.512
16739,422.516
16740,422.519
16741,422.571
16742,422.575
16743,422.579
16744,422.630
16745,422.687
16746,422.691
16747,422.694
16748,422.697
16749,422.701
16750,422.704
16751,422.707
16752,422.736
16753,422.800
16754,422.874
16755,422.878
16756,422.883
16757,422.887
16758,422.944
16759,422.948
16760,422.952
16761,422.996
16762,423.053
16763,423.118
16764,423.122
16765,423.126
16766,423.190
16767,423.272
16768,423.359
16769,423.363
16770,423.368
16771,423.373
16772,423.457
16773,423.461
16774,423.466
16775,423.524
16776,423.585
16777,423.654
16778,423.658
16779,423.662
16780,423.665
16781,423.717
16782,423.775
16783,423.779
16784,423.782
16785,423.786
16786,423.789
16787,423.820
16788,423.880
16789,423.943
16790,423.947
16791,423.952
16792,423.956
16793,424.009
16794,424.013
16795,424.017
16796,424.020
16797,424.072
16798,424.076
16799,424.080
16800,424.083
16801,424.137
16802,424.141
16803,424.144
16804,424.148
16805,424.200
16806,424.263
16807,424.266
16808,424.269
16809,424.272
16810,424.275
16811,424.278
16812,424.282
16813,424.285
16814,424.288
16815,424.292
16816,424.295
16817,424.298
16818,424.302
16819,424.305
16820,424.309
16821,424.312
16822,424.316
16823,424.319
16824,424.322
16825,424.326
16826,424.329
16827,424.358
16828,424.416
16829,424.477
16830,424.481
16831,424.485
16832,424.489
16833,424.549
16834,424.554
16835,424.559
16836,424.564
16837,424.644
16838,424.649
16839,424.654
16840,424.660
16841,424.741
16842,424.746
16843,424.751
16844,424.756
16845,424.835
16846,424.839
16847,424.844
16848,424.848
16849,424.929
16850,424.939
16851,424.944
16852,424.949
16853,425.013
16854,425.019
16855,425.023
16856,425.027
16857,425.089
16858,425.095
16859,425.099
16860,425.103
16861,425.158
16862,425.164
16863,425.167
16864,425.171
16865,425.227
16866,425.234
16867,425.237
16868,425.241
16869,425.299
16870,425.306
16871,425.311
16872,425.315
16873,425.378
16874,425.385
16875,425.389
16876,425.394
16877,425.452
16878,425.458
16879,425.462
16880,425.467
16881,425.526
16882,425.532
16883,425.537
16884,425.541
16885,425.602
16886,425.609
16887,425.614
16888,425.618
16889,425.679
16890,425.686
16891,425.690
16892,425.694
16893,425.753
16894,425.760
16895,425.764
16896,425.768
16897,425.828
16898,425.835
16899,425.839
16900,425.843
16901,425.903
16902,425.910
16903,425.914
16904,425.918
16905,425.973
16906,425.978
16907,425.982
16908,425.985
16909,426.063
16910,426.068
16911,426.073
16912,426.158
16913,426.163
16914,426.167
16915,426.242
16916,426.247
16917,426.252
16918,426.329
16919,426.334
16920,426.338
16921,426.428
16922,426.433
16923,426.437
16924,426.497
16925,426.501
16926,426.505
16927,426.563
16928,426.567
16929,426.571
16930,426.876
16931,426.880
16932,427.138
16933,427.176
16934,427.180
16935,427.780
16936,427.785
16937,427.790
16938,427.794
16939,427.798
16940,428.310
16941,428.367
16942,428.434
16943,428.466
16944,428.499
16945,428.531
16946,428.547
16947,428.630
16948,428.635
16949,428.641
16950,428.680
16951,428.705
16952,428.709
16953,428.733
16954,428.758
16955,428.762
16956,428.834
16957,428.838
16958,428.842
16959,428.892
16960,428.918
16961,428.922
16962,428.926
16963,428.959
16964,428.983
16965,428.986
16966,429.009
16967,429.034
16968,429.038
16969,429.096
16970,429.160
16971,429.164
16972,429.168
16973,429.171
16974,429.176
16975,429.181
16976,429.187
16977,429.191
16978,429.196
16979,429.200
16980,429.205
16981,429.209
16982,429.213
16983,429.217
16984,429.287
16985,429.291
16986,429.294
16987,429.353
16988,429.357
16989,429.361
16990,429.422
16991,429.426
16992,429.430
16993,429.492
16994,429.496
16995,429.500
16996,429.558
16997,429.631
16998,429.634
16999,429.638
17000,429.642
17001,429.646
17002,429.649
17003,429.653
17004,429.683
17005,429.768
17006,429.867
17007,429.871
17008,429.875
17009,429.879
17010,429.967
17011,429.972
17012,429.977
17013,429.981
17014,430.077
17015,430.082
17016,430.088
17017,430.093
17018,430.162
17019,430.167
17020,430.171
17021,430.175
17022,430.241
17023,430.245
17024,430.249
17025,430.254
17026,430.318
17027,430.322
17028,430.326
17029,430.329
17030,430.383
17031,430.446
17032,430.450
17033,430.454
17034,430.457
17035,430.461
17036,430.492
17037,430.551
17038,430.620
17039,430.624
17040,430.628
17041,430.631
17042,430.695
17043,430.699
17044,430.704
17045,430.707
17046,430.772
17047,430.776
17048,430.780
17049,430.784
17050,430.848
17051,430.853
17052,430.857
17053,430.861
17054,430.923
17055,430.993
17056,430.997
17057,431.000
17058,431.003
17059,431.007
17060,431.011
17061,431.015
17062,431.018
17063,431.022
17064,431.026
17065,431.029
17066,431.034
17067,431.038
17068,431.042
17069,431.046
17070,431.050
17071,431.054
17072,431.060
17073,431.065
17074,431.070
17075,431.074
17076,431.108
17077,431.185
17078,431.299
17079,431.304
17080,431.308
17081,431.313
17082,431.405
17083,431.410
17084,431.415
17085,431.419
17086,431.513
17087,431.518
17088,431.524
17089,431.529
17090,431.618
17091,431.623
17092,431.628
17093,431.633
17094,431.704
17095,431.708
17096,431.712
17097,431.716
17098,431.779
17099,431.785
17100,431.789
17101,431.793
17102,431.861
17103,431.868
17104,431.872
17105,431.876
17106,431.944
17107,431.951
17108,431.955
17109,431.959
17110,432.025
17111,432.032
17112,432.036
17113,432.040
17114,432.106
17115,432.113
17116,432.116
17117,432.120
17118,432.185
17119,432.192
17120,432.196
17121,432.201
17122,432.268
17123,432.275
17124,432.280
17125,432.284
17126,432.350
17127,432.356
17128,432.360
17129,432.364
17130,432.430
17131,432.438
17132,432.444
17133,432.448
17134,432.513
17135,432.520
17136,432.524
17137,432.528
17138,432.604
17139,432.614
17140,432.618
17141,432.623
17142,432.715
17143,432.724
17144,432.729
17145,432.733
17146,432.821
17147,432.830
17148,432.835
17149,432.840
17150,432.933
17151,432.942
17152,432.947
17153,432.952
17154,433.035
17155,433.041
17156,433.045
17157,433.049
17158,433.119
17159,433.124
17160,433.128
17161,433.197
17162,433.201
17163,433.205
17164,433.268
17165,433.272
17166,433.277
17167,433.340
17168,433.344
17169,433.348
17170,433.412
17171,433.416
17172,433.420
17173,433.485
17174,433.489
17175,433.493
17176,433.558
17177,433.564
17178,433.568
17179,433.638
17180,433.708
17181,433.712
17182,433.716
17183,433.720
17184,433.724
17185,433.729
17186,433.735
17187,433.739
17188,433.744
17189,433.748
17190,433.752
17191,433.757
17192,433.761
17193,433.766
17194,433.835
17195,433.839
17196,433.843
17197,433.906
17198,433.910
17199,433.914
17200,433.977
17201,433.981
17202,433.985
17203,434.053
17204,434.059
17205,434.066
17206,434.146
17207,434.237
17208,434.241
17209,434.245
17210,434.249
17211,434.253
17212,434.258
17213,434.262
17214,434.303
17215,434.384
17216,434.490
17217,434.495
17218,434.499
17219,434.503
17220,434.572
17221,434.577
17222,434.580
17223,434.584
17224,434.651
17225,434.656
17226,434.660
17227,434.663
17228,434.728
17229,434.732
17230,434.737
17231,434.741
17232,434.818
17233,434.824
17234,434.828
17235,434.832
17236,434.898
17237,434.902
17238,434.906
17239,434.909
17240,434.964
17241,435.026
17242,435.029
17243,435.033
17244,435.036
17245,435.040
17246,435.070
17247,435.130
17248,435.203
17249,435.208
17250,435.212
17251,435.216
17252,435.281
17253,435.285
17254,435.289
17255,435.293
17256,435.355
17257,435.359
17258,435.363
17259,435.367
17260,435.429
17261,435.433
17262,435.437
17263,435.441
17264,435.503
17265,435.590
17266,435.594
17267,435.598
17268,435.603
17269,435.608
17270,435.612
17271,435.616
17272,435.621
17273,435.627
17274,435.632
17275,435.638
17276,435.643
17277,435.649
17278,435.655
17279,435.664
17280,435.673
17281,435.683
17282,435.698
17283,435.707
17284,435.715
17285,435.724
17286,435.774
17287,435.848
17288,435.958
17289,435.964
17290,435.969
17291,435.975
17292,436.048
17293,436.053
17294,436.057
17295,436.061
17296,436.133
17297,436.137
17298,436.142
17299,436.146
17300,436.214
17301,436.219
17302,436.223
17303,436.227
17304,436.296
17305,436.301
17306,436.305
17307,436.309
17308,436.375
17309,436.382
17310,436.386
17311,436.390
17312,436.459
17313,436.465
17314,436.469
17315,436.473
17316,436.550
17317,436.550
17318,436.554
17319,436.558
17320,436.626
17321,436.632
17322,436.635
17323,436.639
17324,436.704
17325,436.710
17326,436.714
17327,436.719
17328,436.783
17329,436.789
17330,436.793
17331,436.797
17332,436.862
17333,436.869
17334,436.874
17335,436.877
17336,436.941
17337,436.946
17338,436.950
17339,436.954
17340,437.032
17341,437.041
17342,437.045
17343,437.050
17344,437.148
17345,437.157
17346,437.161
17347,437.168
17348,437.255
17349,437.264
17350,437.269
17351,437.274
17352,437.367
17353,437.378
17354,437.382
17355,437.387
17356,437.455
17357,437.462
17358,437.465
17359,437.469
17360,437.533
17361,437.539
17362,437.543
17363,437.547
17364,437.606
17365,437.613
17366,437.616
17367,437.620
17368,437.681
17369,437.685
17370,437.689
17371,437.749
17372,437.754
17373,437.757
17374,437.820
17375,437.824
17376,437.828
17377,437.888
17378,437.892
17379,437.896
17380,437.957
17381,437.961
17382,437.965
17383,438.028
17384,438.033
17385,438.036
17386,438.100
17387,438.104
17388,438.108
17389,438.188
17390,438.246
17391,438.250
17392,438.254
17393,438.258
17394,438.262
17395,438.266
17396,438.272
17397,438.276
17398,438.280
17399,438.284
17400,438.288
17401,438.292
17402,438.297
17403,438.301
17404,438.377
17405,438.382
17406,438.387
17407,438.472
17408,438.477
17409,438.482
17410,438.575
17411,438.580
17412,438.585
17413,438.673
17414,438.678
17415,438.683
17416,438.761
17417,438.839
17418,438.843
17419,438.846
17420,438.849
17421,438.853
17422,438.857
17423,438.861
17424,438.894
17425,438.958
17426,439.027
17427,439.031
17428,439.035
17429,439.039
17430,439.102
17431,439.107
17432,439.111
17433,439.115
17434,439.178
17435,439.182
17436,439.186
17437,439.189
17438,439.251
17439,439.255
17440,439.259
17441,439.263
17442,439.325
17443,439.329
17444,439.333
17445,439.337
17446,439.403
17447,439.407
17448,439.411
17449,439.416
17450,439.472
17451,439.535
17452,439.538
17453,439.542
17454,439.546
17455,439.549
17456,439.584
17457,439.650
17458,439.729
17459,439.733
17460,439.738
17461,439.742
17462,439.807
17463,439.811
17464,439.815
17465,439.819
17466,439.896
17467,439.900
17468,439.905
17469,439.910
17470,440.004
17471,440.009
17472,440.014
17473,440.019
17474,440.094
17475,440.197
17476,440.202
17477,440.207
17478,440.211
17479,440.216
17480,440.221
17481,440.226
17482,440.230
17483,440.235
17484,440.240
17485,440.245
17486,440.250
17487,440.256
17488,440.261
17489,440.266
17490,440.271
17491,440.277
17492,440.283
17493,440.290
17494,440.296
17495,440.302
17496,440.347
17497,440.417
17498,440.498
17499,440.502
17500,440.507
17501,440.511
17502,440.581
17503,440.586
17504,440.591
17505,440.596
17506,440.671
17507,440.676
17508,440.681
17509,440.685
17510,440.753
17511,440.757
17512,440.762
17513,440.766
17514,440.833
17515,440.837
17516,440.841
17517,440.845
17518,440.914
17519,440.920
17520,440.924
17521,440.928
17522,440.994
17523,441.001
17524,441.005
17525,441.009
17526,441.079
17527,441.086
17528,441.090
17529,441.094
17530,441.162
17531,441.168
17532,441.172
17533,441.176
17534,441.244
17535,441.250
17536,441.255
17537,441.259
17538,441.327
17539,441.335
17540,441.340
17541,441.345
17542,441.432
17543,441.441
17544,441.447
17545,441.453
17546,441.556
17547,441.565
17548,441.570
17549,441.576
17550,441.669
17551,441.678
17552,441.683
17553,441.688
17554,441.785
17555,441.795
17556,441.801
17557,441.807
17558,441.888
17559,441.896
17560,441.900
17561,441.904
17562,441.975
17563,441.981
17564,441.985
17565,441.990
17566,442.057
17567,442.065
17568,442.070
17569,442.075
17570,442.145
17571,442.152
17572,442.157
17573,442.161
17574,442.227
17575,442.233
17576,442.237
17577,442.241
17578,442.306
17579,442.310
17580,442.315
17581,442.378
17582,442.382
17583,442.386
17584,442.451
17585,442.456
17586,442.459
17587,442.523
17588,442.527
17589,442.531
17590,442.596
17591,442.601
17592,442.605
17593,442.672
17594,442.677
17595,442.681
17596,442.748
17597,442.752
17598,442.756
17599,442.784
17600,442.796
17601,442.807
17602,442.817
17603,442.827
17604,442.836
17605,442.855
17606,442.890
17607,442.908
17608,442.920
17609,442.963
17610,443.010
17611,443.022
17612,443.091
17613,443.096
17614,443.134
17615,443.165
17616,443.199
17617,443.276
17618,443.307
17619,443.313
17620,443.336
17621,443.372
17622,443.396
17623,443.461
17624,443.466
17625,443.520
17626,443.581
17627,443.588
17628,443.619
17629,443.684
17630,443.714
17631,443.718
17632,443.747
17633,443.751
17634,443.771
17635,443.831
17636,443.836
17637,443.840
17638,443.878
17639,443.882
17640,443.887
17641,443.890
17642,443.894
17643,443.897
17644,443.901
17645,443.904
17646,443.908
17647,443.912
17648,443.915
17649,443.961
17650,443.965
17651,443.969
17652,444.004
17653,444.008
17654,444.012
17655,444.016
17656,444.020
17657,444.035
17658,444.038
17659,444.041
17660,444.045
17661,444.072
17662,444.087
17663,444.091
17664,444.140
17665,444.144
17666,444.149
17667,444.153
17668,444.188
17669,444.193
17670,444.200
17671,444.203
17672,444.207
17673,444.222
17674,444.225
17675,444.238
17676,444.254
17677,444.257
17678,444.299
17679,444.314
17680,444.317
17681,444.359
17682,444.363
17683,444.366
17684,444.369
17685,444.372
17686,444.375
17687,444.378
17688,444.381
17689,444.385
17690,444.409
17691,444.413
17692,444.470
17693,444.475
17694,444.479
17695,444.527
17696,444.532
17697,444.537
17698,444.542
17699,444.547
17700,444.554
17701,444.560
17702,444.564
17703,444.569
17704,444.573
17705,444.577
17706,444.638
17707,444.642
17708,444.647
17709,444.692
17710,444.696
17711,444.701
17712,444.706
17713,444.710
17714,444.729
17715,444.732
17716,444.737
17717,444.740
17718,444.774
17719,444.795
17720,444.799
17721,444.860
17722,444.865
17723,444.874
17724,444.878
17725,444.915
17726,444.919
17727,444.924
17728,444.928
17729,444.933
17730,444.949
17731,444.953
17732,445.000
17733,445.004
17734,445.008
17735,445.011
17736,445.017
17737,445.020
17738,445.053
17739,445.068
17740,445.071
17741,445.081
17742,445.094
17743,445.097
17744,445.137
17745,445.141
17746,445.144
17747,445.147
17748,445.151
17749,445.154
17750,445.157
17751,445.162
17752,445.176
17753,445.179
17754,445.220
17755,445.223
17756,445.226
17757,445.262
17758,445.266
17759,445.269
17760,445.273
17761,445.276
17762,445.280
17763,445.283
17764,445.286
17765,445.320
17766,445.324
17767,445.327
17768,445.330
17769,445.346
17770,445.360
17771,445.364
17772,445.403
17773,445.417
17774,445.421
17775,445.430
17776,445.444
17777,445.447
17778,445.457
17779,445.472
17780,445.475
17781,445.522
17782,445.527
17783,445.531
17784,445.575
17785,445.581
17786,445.585
17787,445.589
17788,445.593
17789,445.597
17790,445.601
17791,445.604
17792,445.608
17793,445.612
17794,445.616
17795,445.620
17796,445.625
17797,445.631
17798,445.635
17799,445.642
17800,445.649
17801,445.656
17802,445.660
17803,445.666
17804,445.671
17805,445.675
17806,445.679
17807,445.733
17808,445.737
17809,445.741
17810,445.779
17811,445.794
17812,445.798
17813,445.829
17814,445.844
17815,445.850
17816,445.858
17817,445.873
17818,445.876
17819,445.907
17820,445.921
17821,445.925
17822,445.952
17823,445.971
17824,445.976
17825,446.035
17826,446.044
17827,446.051
17828,446.055
17829,446.063
17830,446.086
17831,446.092
17832,446.153
17833,446.161
17834,446.169
17835,446.173
17836,446.225
17837,446.234
17838,446.242
17839,446.246
17840,446.265
17841,446.287
17842,446.291
17843,446.309
17844,446.333
17845,446.337
17846,446.358
17847,446.377
17848,446.381
17849,446.426
17850,446.441
17851,446.446
17852,446.477
17853,446.494
17854,446.497
17855,446.519
17856,446.533
17857,446.537
17858,446.567
17859,446.584
17860,446.587
17861,446.599
17862,446.614
17863,446.617
17864,446.629
17865,446.643
17866,446.646
17867,446.675
17868,446.689
17869,446.694
17870,446.743
17871,446.746
17872,446.750
17873,446.753
17874,446.756
17875,446.759
17876,446.763
17877,446.766
17878,446.769
17879,446.804
17880,446.895
17881,446.899
17882,446.904
17883,446.909
17884,446.912
17885,446.950
17886,446.964
17887,446.975
17888,446.978
17889,447.002
17890,447.062
17891,447.073
17892,447.098
17893,447.160
17894,447.171
17895,447.210
17896,447.216
17897,447.220
17898,447.257
17899,447.261
17900,447.264
17901,447.299
17902,447.303
17903,447.306
17904,447.325
17905,447.329
17906,447.333
17907,447.404
17908,447.408
17909,447.412
17910,447.420
17911,447.427
17912,447.431
17913,447.486
17914,447.491
17915,447.495
17916,447.499
17917,447.538
17918,447.543
17919,447.547
17920,447.551
17921,447.555
17922,447.601
17923,447.605
17924,447.609
17925,447.613
17926,447.617
17927,447.621
17928,447.626
17929,447.630
17930,447.638
17931,447.642
17932,447.706
17933,447.711
17934,447.715
17935,447.770
17936,447.793
17937,447.796
17938,447.831
17939,447.846
17940,447.850
17941,447.914
17942,447.985
17943,447.990
17944,447.994
17945,448.000
17946,448.006
17947,448.012
17948,448.018
17949,448.025
17950,448.032
17951,448.039
17952,448.045
17953,448.052
17954,448.059
17955,448.066
17956,448.133
17957,448.138
17958,448.142
17959,448.204
17960,448.208
17961,448.212
17962,448.275
17963,448.279
17964,448.282
17965,448.346
17966,448.351
17967,448.354
17968,448.409
17969,448.473
17970,448.477
17971,448.480
17972,448.484
17973,448.487
17974,448.491
17975,448.495
17976,448.525
17977,448.587
17978,448.665
17979,448.670
17980,448.674
17981,448.678
17982,448.752
17983,448.757
17984,448.762
17985,448.767
17986,448.867
17987,448.873
17988,448.878
17989,448.882
17990,448.976
17991,448.981
17992,448.985
17993,448.990
17994,449.088
17995,449.093
17996,449.098
17997,449.103
17998,449.193
17999,449.199
18000,449.203
18001,449.206
18002,449.265
18003,449.327
18004,449.331
18005,449.335
18006,449.338
18007,449.342
18008,449.371
18009,449.432
18010,449.508
18011,449.512
18012,449.516
18013,449.520
18014,449.587
18015,449.591
18016,449.595
18017,449.599
18018,449.665
18019,449.669
18020,449.673
18021,449.676
18022,449.742
18023,449.748
18024,449.751
18025,449.755
18026,449.818
18027,449.890
18028,449.895
18029,449.902
18030,449.907
18031,449.913
18032,449.918
18033,449.924
18034,449.930
18035,449.939
18036,449.942
18037,449.948
18038,449.954
18039,449.960
18040,449.966
18041,449.973
18042,449.979
18043,449.986
18044,449.992
18045,449.999
18046,450.005
18047,450.012
18048,450.043
18049,450.104
18050,450.198
18051,450.203
18052,450.208
18053,450.212
18054,450.310
18055,450.318
18056,450.323
18057,450.327
18058,450.414
18059,450.423
18060,450.428
18061,450.433
18062,450.529
18063,450.539
18064,450.544
18065,450.550
18066,450.621
18067,450.627
18068,450.631
18069,450.635
18070,450.701
18071,450.709
18072,450.713
18073,450.717
18074,450.780
18075,450.786
18076,450.790
18077,450.794
18078,450.862
18079,450.869
18080,450.873
18081,450.877
18082,450.939
18083,450.946
18084,450.949
18085,450.953
18086,451.016
18087,451.022
18088,451.026
18089,451.030
18090,451.095
18091,451.101
18092,451.106
18093,451.111
18094,451.179
18095,451.186
18096,451.191
18097,451.195
18098,451.261
18099,451.268
18100,451.272
18101,451.276
18102,451.340
18103,451.347
18104,451.352
18105,451.356
18106,451.421
18107,451.427
18108,451.432
18109,451.435
18110,451.502
18111,451.512
18112,451.516
18113,451.522
18114,451.614
18115,451.625
18116,451.630
18117,451.637
18118,451.733
18119,451.742
18120,451.747
18121,451.752
18122,451.848
18123,451.857
18124,451.862
18125,451.868
18126,451.958
18127,451.966
18128,451.970
18129,451.975
18130,452.046
18131,452.051
18132,452.055
18133,452.122
18134,452.127
18135,452.131
18136,452.199
18137,452.204
18138,452.208
18139,452.273
18140,452.277
18141,452.281
18142,452.350
18143,452.354
18144,452.359
18145,452.422
18146,452.427
18147,452.431
18148,452.494
18149,452.498
18150,452.501
18151,452.570
18152,452.637
18153,452.641
18154,452.645
18155,452.650
18156,452.655
18157,452.659
18158,452.666
18159,452.671
18160,452.675
18161,452.680
18162,452.684
18163,452.689
18164,452.694
18165,452.698
18166,452.770
18167,452.774
18168,452.779
18169,452.842
18170,452.846
18171,452.850
18172,452.913
18173,452.917
18174,452.921
18175,453.019
18176,453.024
18177,453.029
18178,453.116
18179,453.200
18180,453.205
18181,453.209
18182,453.214
18183,453.218
18184,453.222
18185,453.227
18186,453.270
18187,453.358
18188,453.465
18189,453.471
18190,453.475
18191,453.479
18192,453.548
18193,453.552
18194,453.556
18195,453.560
18196,453.624
18197,453.628
18198,453.633
18199,453.636
18200,453.701
18201,453.706
18202,453.709
18203,453.713
18204,453.782
18205,453.785
18206,453.789
18207,453.793
18208,453.855
18209,453.859
18210,453.863
18211,453.867
18212,453.919
18213,453.980
18214,453.984
18215,453.987
18216,453.990
18217,453.994
18218,454.024
18219,454.085
18220,454.159
18221,454.164
18222,454.167
18223,454.171
18224,454.235
18225,454.239
18226,454.243
18227,454.246
18228,454.311
18229,454.315
18230,454.319
18231,454.323
18232,454.381
18233,454.385
18234,454.388
18235,454.392
18236,454.474
18237,454.574
18238,454.582
18239,454.590
18240,454.597
18241,454.605
18242,454.614
18243,454.621
18244,454.629
18245,454.637
18246,454.645
18247,454.654
18248,454.662
18249,454.670
18250,454.679
18251,454.688
18252,454.696
18253,454.707
18254,454.716
18255,454.725
18256,454.733
18257,454.743
18258,454.788
18259,454.857
18260,454.932
18261,454.937
18262,454.941
18263,454.945
18264,455.010
18265,455.017
18266,455.021
18267,455.026
18268,455.097
18269,455.104
18270,455.108
18271,455.113
18272,455.182
18273,455.188
18274,455.192
18275,455.196
18276,455.265
18277,455.272
18278,455.276
18279,455.280
18280,455.348
18281,455.355
18282,455.359
18283,455.364
18284,455.434
18285,455.442
18286,455.447
18287,455.451
18288,455.520
18289,455.528
18290,455.532
18291,455.536
18292,455.607
18293,455.615
18294,455.620
18295,455.624
18296,455.696
18297,455.703
18298,455.708
18299,455.712
18300,455.778
18301,455.783
18302,455.787
18303,455.791
18304,455.897
18305,455.907
18306,455.913
18307,455.918
18308,456.015
18309,456.024
18310,456.029
18311,456.034
18312,456.130
18313,456.140
18314,456.145
18315,456.150
18316,456.240
18317,456.248
18318,456.252
18319,456.256
18320,456.329
18321,456.336
18322,456.340
18323,456.344
18324,456.414
18325,456.421
18326,456.425
18327,456.429
18328,456.497
18329,456.504
18330,456.508
18331,456.512
18332,456.579
18333,456.585
18334,456.589
18335,456.594
18336,456.659
18337,456.666
18338,456.670
18339,456.674
18340,456.744
18341,456.748
18342,456.752
18343,456.818
18344,456.822
18345,456.827
18346,456.894
18347,456.898
18348,456.902
18349,456.968
18350,456.972
18351,456.976
18352,457.040
18353,457.046
18354,457.050
18355,457.112
18356,457.116
18357,457.120
18358,457.185
18359,457.188
18360,457.192
18361,457.266
18362,457.270
18363,457.308
18364,457.339
18365,457.344
18366,457.348
18367,457.409
18368,457.412
18369,457.451
18370,457.477
18371,457.581
18372,457.586
18373,457.592
18374,457.645
18375,457.673
18376,457.703
18377,457.728
18378,457.733
18379,457.748
18380,457.775
18381,457.819
18382,457.823
18383,457.884
18384,457.888
18385,457.892
18386,457.932
18387,457.935
18388,457.939
18389,457.942
18390,457.945
18391,457.949
18392,457.953
18393,457.957
18394,457.961
18395,457.964
18396,457.968
18397,457.972
18398,457.976
18399,457.979
18400,458.029
18401,458.033
18402,458.037
18403,458.063
18404,458.077
18405,458.080
18406,458.101
18407,458.115
18408,458.118
18409,458.160
18410,458.176
18411,458.179
18412,458.221
18413,458.235
18414,458.239
18415,458.265
18416,458.280
18417,458.285
18418,458.308
18419,458.324
18420,458.327
18421,458.339
18422,458.353
18423,458.357
18424,458.369
18425,458.384
18426,458.388
18427,458.420
18428,458.434
18429,458.437
18430,458.491
18431,458.496
18432,458.500
18433,458.521
18434,458.525
18435,458.528
18436,458.532
18437,458.571
18438,458.672
18439,458.676
18440,458.681
18441,458.686
18442,458.689
18443,458.728
18444,458.740
18445,458.753
18446,458.757
18447,458.794
18448,458.816
18449,458.832
18450,458.836
18451,458.873
18452,458.967
18453,458.984
18454,459.036
18455,459.046
18456,459.050
18457,459.112
18458,459.116
18459,459.121
18460,459.125
18461,459.129
18462,459.133
18463,459.141
18464,459.146
18465,459.155
18466,459.181
18467,459.186
18468,459.202
18469,459.206
18470,459.210
18471,459.213
18472,459.254
18473,459.358
18474,459.361
18475,459.367
18476,459.372
18477,459.375
18478,459.414
18479,459.429
18480,459.439
18481,459.442
18482,459.471
18483,459.486
18484,459.497
18485,459.500
18486,459.527
18487,459.592
18488,459.603
18489,459.644
18490,459.650
18491,459.654
18492,459.697
18493,459.702
18494,459.707
18495,459.710
18496,459.713
18497,459.717
18498,459.722
18499,459.725
18500,459.730
18501,459.744
18502,459.747
18503,459.811
18504,459.879
18505,459.885
18506,459.892
18507,459.898
18508,459.904
18509,459.910
18510,459.917
18511,459.923
18512,459.930
18513,459.936
18514,459.943
18515,459.949
18516,459.958
18517,459.965
18518,460.005
18519,460.011
18520,460.014
18521,460.106
18522,460.110
18523,460.115
18524,460.170
18525,460.174
18526,460.177
18527,460.180
18528,460.246
18529,460.330
18530,460.340
18531,460.381
18532,460.461
18533,460.469
18534,460.548
18535,460.636
18536,460.726
18537,460.730
18538,460.763
18539,460.770
18540,460.774
18541,460.827
18542,460.830
18543,460.834
18544,460.878
18545,460.882
18546,460.886
18547,460.889
18548,460.935
18549,460.939
18550,460.942
18551,460.946
18552,460.998
18553,461.001
18554,461.005
18555,461.052
18556,461.055
18557,461.059
18558,461.062
18559,461.065
18560,461.069
18561,461.119
18562,461.122
18563,461.126
18564,461.129
18565,461.224
18566,461.228
18567,461.232
18568,461.330
18569,461.334
18570,461.338
18571,461.391
18572,461.453
18573,461.457
18574,461.460
18575,461.464
18576,461.468
18577,461.471
18578,461.475
18579,461.504
18580,461.562
18581,461.684
18582,461.689
18583,461.694
18584,461.699
18585,461.845
18586,461.850
18587,461.855
18588,461.860
18589,461.998
18590,462.003
18591,462.007
18592,462.012
18593,462.105
18594,462.109
18595,462.114
18596,462.117
18597,462.220
18598,462.226
18599,462.232
18600,462.236
18601,462.339
18602,462.343
18603,462.348
18604,462.352
18605,462.407
18606,462.466
18607,462.470
18608,462.474
18609,462.477
18610,462.481
18611,462.513
18612,462.575
18613,462.674
18614,462.679
18615,462.683
18616,462.687
18617,462.789
18618,462.793
18619,462.798
18620,462.802
18621,462.897
18622,462.901
18623,462.905
18624,462.909
18625,463.029
18626,463.034
18627,463.039
18628,463.044
18629,463.132
18630,463.223
18631,463.231
18632,463.239
18633,463.247
18634,463.254
18635,463.263
18636,463.271
18637,463.279
18638,463.289
18639,463.297
18640,463.306
18641,463.316
18642,463.325
18643,463.336
18644,463.345
18645,463.351
18646,463.358
18647,463.365
18648,463.371
18649,463.378
18650,463.385
18651,463.417
18652,463.482
18653,463.584
18654,463.588
18655,463.594
18656,463.598
18657,463.688
18658,463.692
18659,463.697
18660,463.701
18661,463.757
18662,463.817
18663,463.821
18664,463.850
18665,463.854
18666,463.857
18667,463.904
18668,463.963
18669,463.966
18670,464.017
18671,464.020
18672,464.024
18673,464.136
18674,464.143
18675,464.150
18676,464.155
18677,464.160
18678,464.257
18679,464.261
18680,464.266
18681,464.270
18682,464.380
18683,464.388
18684,464.393
18685,464.398
18686,464.540
18687,464.549
18688,464.554
18689,464.559
18690,464.693
18691,464.701
18692,464.707
18693,464.712
18694,464.771
18695,464.835
18696,464.838
18697,464.869
18698,464.873
18699,464.876
18700,464.922
18701,464.981
18702,464.985
18703,465.037
18704,465.041
18705,465.045
18706,465.155
18707,465.168
18708,465.173
18709,465.178
18710,465.183
18711,465.283
18712,465.292
18713,465.296
18714,465.300
18715,465.354
18716,465.415
18717,465.419
18718,465.448
18719,465.452
18720,465.455
18721,465.502
18722,465.565
18723,465.569
18724,465.621
18725,465.625
18726,465.628
18727,465.757
18728,465.765
18729,465.775
18730,465.780
18731,465.785
18732,465.938
18733,465.948
18734,465.953
18735,465.960
18736,466.108
18737,466.119
18738,466.126
18739,466.131
18740,466.194
18741,466.261
18742,466.264
18743,466.296
18744,466.299
18745,466.303
18746,466.350
18747,466.411
18748,466.414
18749,466.468
18750,466.472
18751,466.477
18752,466.593
18753,466.600
18754,466.606
18755,466.611
18756,466.616
18757,466.724
18758,466.731
18759,466.736
18760,466.740
18761,466.845
18762,466.852
18763,466.857
18764,466.861
18765,466.967
18766,466.973
18767,466.979
18768,466.983
18769,467.086
18770,467.092
18771,467.096
18772,467.100
18773,467.245
18774,467.255
18775,467.261
18776,467.269
18777,467.416
18778,467.429
18779,467.436
18780,467.443
18781,467.573
18782,467.580
18783,467.585
18784,467.590
18785,467.699
18786,467.704
18787,467.708
18788,467.811
18789,467.816
18790,467.821
18791,467.933
18792,467.937
18793,467.941
18794,468.039
18795,468.044
18796,468.049
18797,468.143
18798,468.148
18799,468.152
18800,468.255
18801,468.260
18802,468.265
18803,468.363
18804,468.368
18805,468.372
18806,468.448
18807,468.531
18808,468.536
18809,468.544
18810,468.556
18811,468.566
18812,468.577
18813,468.587
18814,468.598
18815,468.611
18816,468.618
18817,468.628
18818,468.639
18819,468.651
18820,468.664
18821,468.734
18822,468.742
18823,468.746
18824,468.896
18825,468.902
18826,468.907
18827,468.993
18828,468.997
18829,469.002
18830,469.005
18831,469.061
18832,469.125
18833,469.130
18834,469.162
18835,469.223
18836,469.228
18837,469.284
18838,469.372
18839,469.432
18840,469.436
18841,469.470
18842,469.478
18843,469.483
18844,469.538
18845,469.542
18846,469.545
18847,469.593
18848,469.596
18849,469.600
18850,469.604
18851,469.652
18852,469.655
18853,469.659
18854,469.662
18855,469.714
18856,469.717
18857,469.720
18858,469.803
18859,469.803
18860,469.803
18861,469.803
18862,469.803
18863,469.803
18864,469.842
18865,469.846
18866,469.850
18867,469.853
18868,469.954
18869,469.958
18870,469.962
18871,470.068
18872,470.073
18873,470.079
18874,470.160
18875,470.250
18876,470.254
18877,470.264
18878,470.271
18879,470.279
18880,470.288
18881,470.297
18882,470.339
18883,470.426
18884,470.550
18885,470.555
18886,470.559
18887,470.564
18888,470.669
18889,470.674
18890,470.679
18891,470.683
18892,470.784
18893,470.788
18894,470.792
18895,470.796
18896,470.882
18897,470.886
18898,470.890
18899,470.894
18900,470.995
18901,471.003
18902,471.009
18903,471.014
18904,471.113
18905,471.118
18906,471.124
18907,471.128
18908,471.184
18909,471.249
18910,471.253
18911,471.257
18912,471.261
18913,471.264
18914,471.295
18915,471.357
18916,471.468
18917,471.474
18918,471.480
18919,471.485
18920,471.631
18921,471.636
18922,471.641
18923,471.646
18924,471.783
18925,471.788
18926,471.794
18927,471.799
18928,471.917
18929,471.921
18930,471.926
18931,471.930
18932,472.028
18933,472.081
18934,472.087
18935,472.093
18936,472.098
18937,472.104
18938,472.110
18939,472.116
18940,472.122
18941,472.128
18942,472.135
18943,472.141
18944,472.148
18945,472.154
18946,472.161
18947,472.167
18948,472.174
18949,472.181
18950,472.187
18951,472.194
18952,472.201
18953,472.209
18954,472.240
18955,472.302
18956,472.401
18957,472.405
18958,472.410
18959,472.414
18960,472.506
18961,472.510
18962,472.515
18963,472.519
18964,472.576
18965,472.637
18966,472.641
18967,472.672
18968,472.675
18969,472.679
18970,472.725
18971,472.783
18972,472.787
18973,472.837
18974,472.841
18975,472.846
18976,473.011
18977,473.020
18978,473.029
18979,473.035
18980,473.041
18981,473.185
18982,473.194
18983,473.198
18984,473.204
18985,473.315
18986,473.322
18987,473.326
18988,473.330
18989,473.438
18990,473.447
18991,473.453
18992,473.459
18993,473.561
18994,473.568
18995,473.573
18996,473.577
18997,473.634
18998,473.695
18999,473.699
19000,473.730
19001,473.733
19002,473.736
19003,473.783
19004,473.844
19005,473.848
19006,473.901
19007,473.905
19008,473.908
19009,474.024
19010,474.031
19011,474.038
19012,474.042
19013,474.047
19014,474.154
19015,474.161
19016,474.165
19017,474.169
19018,474.226
19019,474.296
19020,474.301
19021,474.344
19022,474.349
19023,474.353
19024,474.464
19025,474.469
19026,474.474
19027,474.479
19028,474.556
19029,474.561
19030,474.565
19031,474.733
19032,474.742
19033,474.749
19034,474.754
19035,474.760
19036,474.879
19037,474.886
19038,474.891
19039,474.895
19040,474.994
19041,475.002
19042,475.010
19043,475.015
19044,475.075
19045,475.139
19046,475.142
19047,475.172
19048,475.176
19049,475.179
19050,475.227
19051,475.289
19052,475.292
19053,475.346
19054,475.349
19055,475.353
19056,475.467
19057,475.475
19058,475.482
19059,475.487
19060,475.492
19061,475.605
19062,475.611
19063,475.616
19064,475.620
19065,475.715
19066,475.720
19067,475.726
19068,475.733
19069,475.887
19070,475.896
19071,475.901
19072,475.906
19073,476.039
19074,476.047
19075,476.052
19076,476.058
19077,476.189
19078,476.196
19079,476.200
19080,476.204
19081,476.310
19082,476.316
19083,476.320
19084,476.324
19085,476.411
19086,476.417
19087,476.422
19088,476.426
19089,476.521
19090,476.525
19091,476.529
19092,476.624
19093,476.628
19094,476.632
19095,476.725
19096,476.730
19097,476.734
19098,476.827
19099,476.831
19100,476.835
19101,476.927
19102,476.932
19103,476.938
19104,477.039
19105,477.044
19106,477.048
19107,477.190
19108,477.196
19109,477.201
19110,477.277
19111,477.282
19112,477.332
19113,477.363
19114,477.413
19115,477.554
19116,477.558
19117,477.598
19118,477.626
19119,477.639
19120,477.699
19121,477.724
19122,477.729
19123,477.735
19124,477.767
19125,477.790
19126,477.794
19127,477.797
19128,477.867
19129,477.872
19130,477.876
19131,477.880
19132,477.924
19133,477.949
19134,477.953
19135,478.040
19136,478.044
19137,478.049
19138,478.087
19139,478.143
19140,478.171
19141,478.177
19142,478.209
19143,478.234
19144,478.247
19145,478.296
19146,478.322
19147,478.326
19148,478.369
19149,478.372
19150,478.378
19151,478.382
19152,478.452
19153,478.518
19154,478.523
19155,478.526
19156,478.530
19157,478.537
19158,478.543
19159,478.550
19160,478.556
19161,478.561
19162,478.565
19163,478.570
19164,478.575
19165,478.581
19166,478.587
19167,478.689
19168,478.694
19169,478.698
19170,478.791
19171,478.796
19172,478.801
19173,478.892
19174,478.897
19175,478.902
19176,478.999
19177,479.005
19178,479.010
19179,479.086
19180,479.156
19181,479.160
19182,479.165
19183,479.169
19184,479.173
19185,479.181
19186,479.181
19187,479.215
19188,479.276
19189,479.358
19190,479.362
19191,479.367
19192,479.370
19193,479.438
19194,479.442
19195,479.446
19196,479.450
19197,479.515
19198,479.519
19199,479.523
19200,479.527
19201,479.593
19202,479.597
19203,479.601
19204,479.605
19205,479.673
19206,479.679
19207,479.683
19208,479.687
19209,479.756
19210,479.760
19211,479.765
19212,479.769
19213,479.824
19214,479.888
19215,479.892
19216,479.895
19217,479.899
19218,479.902
19219,479.937
19220,479.996
19221,480.072
19222,480.076
19223,480.080
19224,480.084
19225,480.162
19226,480.168
19227,480.173
19228,480.177
19229,480.274
19230,480.279
19231,480.284
19232,480.288
19233,480.379
19234,480.384
19235,480.389
19236,480.393
19237,480.476
19238,480.572
19239,480.578
19240,480.584
19241,480.590
19242,480.596
19243,480.602
19244,480.607
19245,480.613
19246,480.618
19247,480.625
19248,480.631
19249,480.637
19250,480.643
19251,480.650
19252,480.656
19253,480.663
19254,480.669
19255,480.676
19256,480.682
19257,480.689
19258,480.695
19259,480.730
19260,480.795
19261,480.876
19262,480.883
19263,480.888
19264,480.892
19265,480.963
19266,480.971
19267,480.975
19268,480.979
19269,481.052
19270,481.059
19271,481.064
19272,481.069
19273,481.138
19274,481.145
19275,481.150
19276,481.154
19277,481.228
19278,481.235
19279,481.239
19280,481.244
19281,481.314
19282,481.322
19283,481.327
19284,481.331
19285,481.402
19286,481.410
19287,481.414
19288,481.418
19289,481.490
19290,481.497
19291,481.502
19292,481.506
19293,481.577
19294,481.588
19295,481.593
19296,481.598
19297,481.696
19298,481.709
19299,481.718
19300,481.724
19301,481.820
19302,481.830
19303,481.835
19304,481.840
19305,481.938
19306,481.947
19307,481.958
19308,481.963
19309,482.054
19310,482.062
19311,482.066
19312,482.071
19313,482.142
19314,482.148
19315,482.153
19316,482.157
19317,482.224
19318,482.231
19319,482.237
19320,482.241
19321,482.313
19322,482.320
19323,482.326
19324,482.331
19325,482.402
19326,482.408
19327,482.413
19328,482.417
19329,482.485
19330,482.492
19331,482.496
19332,482.501
19333,482.568
19334,482.575
19335,482.578
19336,482.583
19337,482.651
19338,482.658
19339,482.663
19340,482.667
19341,482.741
19342,482.746
19343,482.750
19344,482.818
19345,482.823
19346,482.827
19347,482.895
19348,482.900
19349,482.904
19350,482.969
19351,482.973
19352,482.977
19353,483.041
19354,483.046
19355,483.051
19356,483.147
19357,483.152
19358,483.157
19359,483.248
19360,483.253
19361,483.257
19362,483.329
19363,483.334
19364,483.338
19365,483.393
19366,483.402
19367,483.405
19368,483.410
19369,483.418
19370,483.426
19371,483.434
19372,483.439
19373,483.444
19374,483.449
19375,483.460
19376,483.464
19377,483.475
19378,483.483
19379,483.487
19380,483.543
19381,483.547
19382,483.551
19383,483.581
19384,483.596
19385,483.599
19386,483.613
19387,483.627
19388,483.630
19389,483.642
19390,483.657
19391,483.661
19392,483.700
19393,483.713
19394,483.716
19395,483.728
19396,483.743
19397,483.747
19398,483.758
19399,483.773
19400,483.776
19401,483.814
19402,483.827
19403,483.830
19404,483.844
19405,483.857
19406,483.860
19407,483.870
19408,483.883
19409,483.886
19410,483.897
19411,483.910
19412,483.913
19413,483.951
19414,483.967
19415,483.970
19416,483.991
19417,484.004
19418,484.007
19419,484.027
19420,484.041
19421,484.044
19422,484.056
19423,484.069
19424,484.072
19425,484.082
19426,484.095
19427,484.098
19428,484.126
19429,484.143
19430,484.146
19431,484.155
19432,484.171
19433,484.174
19434,484.212
19435,484.226
19436,484.229
19437,484.270
19438,484.275
19439,484.278
19440,484.282
19441,484.285
19442,484.290
19443,484.294
19444,484.297
19445,484.334
19446,484.339
19447,484.342
19448,484.347
19449,484.350
19450,484.354
19451,484.357
19452,484.360
19453,484.363
19454,484.408
19455,484.416
19456,484.420
19457,484.428
19458,484.432
19459,484.436
19460,484.446
19461,484.449
19462,484.454
19463,484.461
19464,484.465
19465,484.469
19466,484.473
19467,484.530
19468,484.660
19469,484.664
19470,484.672
19471,484.680
19472,484.683
19473,484.737
19474,484.759
19475,484.777
19476,484.781
19477,484.822
19478,484.839
19479,484.852
19480,484.855
19481,484.884
19482,484.950
19483,484.961
19484,485.002
19485,485.008
19486,485.012
19487,485.035
19488,485.039
19489,485.042
19490,485.095
19491,485.099
19492,485.102
19493,485.108
19494,485.113
19495,485.117
19496,485.157
19497,485.160
19498,485.164
19499,485.167
19500,485.171
19501,485.174
19502,485.177
19503,485.183
19504,485.186
19505,485.192
19506,485.206
19507,485.209
19508,485.222
19509,485.225
19510,485.228
19511,485.232
19512,485.235
19513,485.238
19514,485.242
19515,485.245
19516,485.249
19517,485.285
19518,485.378
19519,485.382
19520,485.388
19521,485.393
19522,485.396
19523,485.434
19524,485.448
19525,485.459
19526,485.462
19527,485.489
19528,485.503
19529,485.513
19530,485.516
19531,485.544
19532,485.606
19533,485.616
19534,485.657
19535,485.664
19536,485.667
19537,485.703
19538,485.707
19539,485.712
19540,485.733
19541,485.736
19542,485.740
19543,485.789
19544,485.792
19545,485.796
19546,485.801
19547,485.805
19548,485.808
19549,485.851
19550,485.855
19551,485.859
19552,485.864
19553,485.868
19554,485.872
19555,485.876
19556,485.884
19557,485.888
19558,485.934
19559,485.938
19560,485.943
19561,485.947
19562,485.954
19563,485.958
19564,486.004
19565,486.008
19566,486.012
19567,486.020
19568,486.023
19569,486.078
19570,486.082
19571,486.086
19572,486.105
19573,486.109
19574,486.117
19575,486.120
19576,486.127
19577,486.148
19578,486.152
19579,486.166
19580,486.187
19581,486.191
19582,486.205
19583,486.228
19584,486.233
19585,486.308
19586,486.382
19587,486.389
19588,486.395
19589,486.402
19590,486.408
19591,486.414
19592,486.421
19593,486.427
19594,486.434
19595,486.441
19596,486.447
19597,486.454
19598,486.461
19599,486.468
19600,486.512
19601,486.518
19602,486.521
19603,486.625
19604,486.629
19605,486.633
19606,486.689
19607,486.693
19608,486.696
19609,486.700
19610,486.752
19611,486.810
19612,486.814
19613,486.844
19614,486.902
19615,486.908
19616,486.963
19617,487.026
19618,487.111
19619,487.116
19620,487.148
19621,487.155
19622,487.160
19623,487.216
19624,487.220
19625,487.224
19626,487.271
19627,487.276
19628,487.280
19629,487.285
19630,487.350
19631,487.355
19632,487.359
19633,487.364
19634,487.439
19635,487.443
19636,487.448
19637,487.517
19638,487.521
19639,487.526
19640,487.532
19641,487.537
19642,487.541
19643,487.613
19644,487.617
19645,487.622
19646,487.626
19647,487.759
19648,487.763
19649,487.768
19650,487.876
19651,487.881
19652,487.886
19653,487.945
19654,488.015
19655,488.019
19656,488.023
19657,488.027
19658,488.031
19659,488.035
19660,488.040
19661,488.076
19662,488.138
19663,488.240
19664,488.244
19665,488.249
19666,488.253
19667,488.354
19668,488.359
19669,488.364
19670,488.368
19671,488.465
19672,488.469
19673,488.474
19674,488.478
19675,488.565
19676,488.569
19677,488.573
19678,488.577
19679,488.681
19680,488.691
19681,488.697
19682,488.702
19683,488.844
19684,488.848
19685,488.853
19686,488.858
19687,488.931
19688,489.009
19689,489.013
19690,489.018
19691,489.022
19692,489.026
19693,489.071
19694,489.135
19695,489.238
19696,489.242
19697,489.247
19698,489.251
19699,489.345
19700,489.349
19701,489.353
19702,489.357
19703,489.451
19704,489.455
19705,489.459
19706,489.463
19707,489.557
19708,489.561
19709,489.566
19710,489.570
19711,489.646
19712,489.732
19713,489.738
19714,489.744
19715,489.749
19716,489.755
19717,489.761
19718,489.767
19719,489.773
19720,489.779
19721,489.785
19722,489.792
19723,489.798
19724,489.805
19725,489.811
19726,489.818
19727,489.825
19728,489.832
19729,489.839
19730,489.846
19731,489.853
19732,489.860
19733,489.897
19734,489.981
19735,490.097
19736,490.102
19737,490.108
19738,490.112
19739,490.248
19740,490.259
19741,490.264
19742,490.268
19743,490.351
19744,490.441
19745,490.446
19746,490.496
19747,490.502
19748,490.505
19749,490.509
19750,490.560
19751,490.629
19752,490.633
19753,490.680
19754,490.781
19755,490.785
19756,490.789
19757,490.903
19758,490.912
19759,490.919
19760,490.924
19761,490.930
19762,491.029
19763,491.036
19764,491.040
19765,491.044
19766,491.138
19767,491.145
19768,491.149
19769,491.154
19770,491.260
19771,491.267
19772,491.272
19773,491.277
19774,491.334
19775,491.397
19776,491.401
19777,491.431
19778,491.435
19779,491.439
19780,491.442
19781,491.492
19782,491.580
19783,491.585
19784,491.659
19785,491.813
19786,491.818
19787,491.822
19788,491.988
19789,491.996
19790,492.003
19791,492.007
19792,492.012
19793,492.074
19794,492.138
19795,492.142
19796,492.173
19797,492.176
19798,492.180
19799,492.183
19800,492.231
19801,492.293
19802,492.297
19803,492.350
19804,492.461
19805,492.464
19806,492.468
19807,492.582
19808,492.589
19809,492.597
19810,492.602
19811,492.606
19812,492.714
19813,492.722
19814,492.726
19815,492.731
19816,492.789
19817,492.852
19818,492.859
19819,492.886
19820,492.890
19821,492.893
19822,492.972
19823,492.983
19824,492.993
19825,492.998
19826,493.003
19827,493.082
19828,493.087
19829,493.091
19830,493.267
19831,493.277
19832,493.287
19833,493.293
19834,493.299
19835,493.449
19836,493.458
19837,493.463
19838,493.467
19839,493.580
19840,493.588
19841,493.596
19842,493.601
19843,493.658
19844,493.722
19845,493.725
19846,493.754
19847,493.757
19848,493.761
19849,493.807
19850,493.866
19851,493.870
19852,493.921
19853,493.924
19854,493.927
19855,494.040
19856,494.047
19857,494.054
19858,494.060
19859,494.064
19860,494.173
19861,494.180
19862,494.187
19863,494.191
19864,494.295
19865,494.302
19866,494.306
19867,494.311
19868,494.429
19869,494.438
19870,494.443
19871,494.449
19872,494.614
19873,494.626
19874,494.629
19875,494.634
19876,494.786
19877,494.795
19878,494.801
19879,494.808
19880,494.933
19881,494.941
19882,494.945
19883,494.950
19884,495.050
19885,495.057
19886,495.064
19887,495.068
19888,495.173
19889,495.178
19890,495.182
19891,495.282
19892,495.287
19893,495.291
19894,495.391
19895,495.396
19896,495.401
19897,495.501
19898,495.506
19899,495.510
19900,495.612
19901,495.617
19902,495.621
19903,495.726
19904,495.731
19905,495.736
19906,495.844
19907,495.849
19908,495.854
19909,495.894
19910,495.898
19911,495.985
19912,495.989
19913,496.032
19914,496.061
19915,496.065
19916,496.110
19917,496.252
19918,496.256
19919,496.260
19920,496.329
19921,496.333
19922,496.337
19923,496.402
19924,496.407
19925,496.411
19926,496.449
19927,496.473
19928,496.544
19929,496.548
19930,496.552
19931,496.628
19932,496.632
19933,496.702
19934,496.702
19935,496.713
19936,496.734
19937,496.765
19938,496.790
19939,496.844
19940,496.848
19941,496.851
19942,496.889
19943,496.895
19944,496.898
19945,496.902
19946,496.905
19947,496.908
19948,496.912
19949,496.915
19950,496.918
19951,496.922
19952,496.925
19953,496.929
19954,496.979
19955,496.983
19956,496.987
19957,497.038
19958,497.053
19959,497.057
19960,497.077
19961,497.091
19962,497.095
19963,497.107
19964,497.121
19965,497.124
19966,497.136
19967,497.150
19968,497.153
19969,497.182
19970,497.197
19971,497.200
19972,497.243
19973,497.250
19974,497.255
19975,497.259
19976,497.285
19977,497.312
19978,497.316
19979,497.346
19980,497.367
19981,497.372
19982,497.387
19983,497.390
19984,497.395
19985,497.446
19986,497.574
19987,497.579
19988,497.587
19989,497.595
19990,497.599
19991,497.650
19992,497.738
19993,497.749
19994,497.777
19995,497.847
19996,497.861
19997,497.905
19998,497.912
19999,497.918
20000,497.958
20001,497.962
20002,497.965
20003,497.989
20004,497.993
20005,497.996
20006,498.048
20007,498.052
20008,498.057
20009,498.063
20010,498.068
20011,498.071
20012,498.111
20013,498.115
20014,498.119
20015,498.122
20016,498.125
20017,498.129
20018,498.132
20019,498.138
20020,498.141
20021,498.177
20022,498.181
20023,498.184
20024,498.220
20025,498.224
20026,498.227
20027,498.231
20028,498.234
20029,498.237
20030,498.241
20031,498.245
20032,498.248
20033,498.252
20034,498.258
20035,498.261
20036,498.265
20037,498.269
20038,498.273
20039,498.321
20040,498.325
20041,498.328
20042,498.358
20043,498.373
20044,498.376
20045,498.416
20046,498.430
20047,498.434
20048,498.455
20049,498.470
20050,498.473
20051,498.484
20052,498.498
20053,498.501
20054,498.523
20055,498.538
20056,498.541
20057,498.556
20058,498.572
20059,498.575
20060,498.588
20061,498.605
20062,498.609
20063,498.651
20064,498.666
20065,498.670
20066,498.680
20067,498.694
20068,498.697
20069,498.707
20070,498.721
20071,498.725
20072,498.753
20073,498.768
20074,498.771
20075,498.779
20076,498.783
20077,498.785
20078,498.788
20079,498.837
20080,498.969
20081,498.974
20082,498.982
20083,498.988
20084,498.992
20085,499.044
20086,499.053
20087,499.057
20088,499.086
20089,499.090
20090,499.094
20091,499.163
20092,499.167
20093,499.171
20094,499.178
20095,499.185
20096,499.189
20097,499.239
20098,499.242
20099,499.246
20100,499.249
20101,499.252
20102,499.256
20103,499.261
20104,499.276
20105,499.279
20106,499.340
20107,499.403
20108,499.407
20109,499.411
20110,499.415
20111,499.421
20112,499.427
20113,499.433
20114,499.439
20115,499.445
20116,499.452
20117,499.457
20118,499.464
20119,499.471
20120,499.477
20121,499.568
20122,499.573
20123,499.577
20124,499.653
20125,499.657
20126,499.661
20127,499.743
20128,499.747
20129,499.751
20130,499.841
20131,499.846
20132,499.850
20133,499.906
20134,499.969
20135,499.973
20136,499.976
20137,499.980
20138,499.983
20139,499.987
20140,499.991
20141,500.020
20142,500.079
20143,500.166
20144,500.171
20145,500.174
20146,500.178
20147,500.314
20148,500.319
20149,500.324
20150,500.329
20151,500.453
20152,500.458
20153,500.463
20154,500.468
20155,500.585
20156,500.589
20157,500.594
20158,500.599
20159,500.704
20160,500.711
20161,500.719
20162,500.724
20163,500.820
20164,500.826
20165,500.831
20166,500.835
20167,500.894
20168,500.955
20169,500.959
20170,500.962
20171,500.966
20172,500.970
20173,501.000
20174,501.062
20175,501.158
20176,501.164
20177,501.169
20178,501.174
20179,501.273
20180,501.278
20181,501.283
20182,501.287
20183,501.381
20184,501.386
20185,501.391
20186,501.395
20187,501.490
20188,501.495
20189,501.499
20190,501.504
20191,501.561
20192,501.654
20193,501.663
20194,501.672
20195,501.681
20196,501.690
20197,501.698
20198,501.709
20199,501.720
20200,501.731
20201,501.739
20202,501.748
20203,501.756
20204,501.764
20205,501.772
20206,501.780
20207,501.789
20208,501.798
20209,501.807
20210,501.815
20211,501.824
20212,501.833
20213,501.876
20214,501.980
20215,502.084
20216,502.089
20217,502.094
20218,502.099
20219,502.186
20220,502.191
20221,502.196
20222,502.200
20223,502.314
20224,502.322
20225,502.329
20226,502.334
20227,502.433
20228,502.440
20229,502.445
20230,502.450
20231,502.540
20232,502.547
20233,502.551
20234,502.556
20235,502.658
20236,502.665
20237,502.671
20238,502.676
20239,502.773
20240,502.780
20241,502.786
20242,502.791
20243,502.905
20244,502.914
20245,502.922
20246,502.927
20247,503.040
20248,503.050
20249,503.056
20250,503.061
20251,503.200
20252,503.210
20253,503.215
20254,503.220
20255,503.357
20256,503.368
20257,503.379
20258,503.384
20259,503.491
20260,503.500
20261,503.509
20262,503.515
20263,503.614
20264,503.621
20265,503.629
20266,503.633
20267,503.732
20268,503.740
20269,503.748
20270,503.752
20271,503.856
20272,503.863
20273,503.868
20274,503.873
20275,503.972
20276,503.980
20277,503.984
20278,503.989
20279,504.088
20280,504.097
20281,504.101
20282,504.106
20283,504.203
20284,504.210
20285,504.215
20286,504.219
20287,504.312
20288,504.319
20289,504.326
20290,504.330
20291,504.435
20292,504.444
20293,504.453
20294,504.458
20295,504.589
20296,504.595
20297,504.600
20298,504.748
20299,504.754
20300,504.761
20301,504.874
20302,504.879
20303,504.884
20304,504.986
20305,504.991
20306,504.996
20307,505.094
20308,505.099
20309,505.104
20310,505.205
20311,505.210
20312,505.214
20313,505.310
20314,505.315
20315,505.319
20316,505.391
20317,505.458
20318,505.462
20319,505.466
20320,505.470
20321,505.477
20322,505.481
20323,505.488
20324,505.492
20325,505.496
20326,505.501
20327,505.505
20328,505.510
20329,505.515
20330,505.520
20331,505.618
20332,505.622
20333,505.626
20334,505.706
20335,505.710
20336,505.714
20337,505.795
20338,505.801
20339,505.805
20340,505.933
20341,505.939
20342,505.945
20343,506.036
20344,506.121
20345,506.126
20346,506.130
20347,506.135
20348,506.139
20349,506.144
20350,506.148
20351,506.192
20352,506.280
20353,506.393
20354,506.398
20355,506.403
20356,506.408
20357,506.509
20358,506.514
20359,506.519
20360,506.524
20361,506.624
20362,506.629
20363,506.634
20364,506.639
20365,506.723
20366,506.728
20367,506.733
20368,506.737
20369,506.837
20370,506.845
20371,506.852
20372,506.857
20373,506.953
20374,506.960
20375,506.965
20376,506.969
20377,507.025
20378,507.086
20379,507.090
20380,507.094
20381,507.098
20382,507.101
20383,507.130
20384,507.190
20385,507.284
20386,507.289
20387,507.295
20388,507.299
20389,507.421
20390,507.426
20391,507.432
20392,507.437
20393,507.567
20394,507.573
20395,507.578
20396,507.583
20397,507.725
20398,507.731
20399,507.737
20400,507.742
20401,507.803
20402,507.874
20403,507.881
20404,507.887
20405,507.892
20406,507.897
20407,507.902
20408,507.908
20409,507.913
20410,507.919
20411,507.924
20412,507.929
20413,507.934
20414,507.940
20415,507.945
20416,507.950
20417,507.955
20418,507.961
20419,507.967
20420,507.972
20421,507.977
20422,507.983
20423,508.015
20424,508.075
20425,508.169
20426,508.174
20427,508.178
20428,508.182
20429,508.265
20430,508.270
20431,508.275
20432,508.279
20433,508.382
20434,508.389
20435,508.398
20436,508.403
20437,508.497
20438,508.504
20439,508.509
20440,508.514
20441,508.597
20442,508.603
20443,508.608
20444,508.612
20445,508.711
20446,508.721
20447,508.727
20448,508.732
20449,508.861
20450,508.871
20451,508.876
20452,508.882
20453,509.029
20454,509.039
20455,509.049
20456,509.054
20457,509.180
20458,509.188
20459,509.192
20460,509.197
20461,509.294
20462,509.301
20463,509.306
20464,509.310
20465,509.402
20466,509.409
20467,509.416
20468,509.420
20469,509.513
20470,509.522
20471,509.530
20472,509.535
20473,509.630
20474,509.637
20475,509.644
20476,509.649
20477,509.748
20478,509.756
20479,509.764
20480,509.768
20481,509.869
20482,509.876
20483,509.882
20484,509.886
20485,509.988
20486,509.995
20487,510.000
20488,510.004
20489,510.103
20490,510.114
20491,510.120
20492,510.126
20493,510.276
20494,510.285
20495,510.292
20496,510.298
20497,510.440
20498,510.450
20499,510.460
20500,510.466
20501,510.585
20502,510.593
20503,510.600
20504,510.605
20505,510.706
20506,510.711
20507,510.715
20508,510.814
20509,510.820
20510,510.824
20511,510.884
20512,510.945
20513,510.950
20514,510.954
20515,510.984
20516,511.047
20517,511.081
20518,511.085
20519,511.088
20520,511.145
20521,511.152
20522,511.156
20523,511.160
20524,511.212
20525,511.216
20526,511.219
20527,511.284
20528,511.288
20529,511.292
20530,511.296
20531,511.392
20532,511.397
20533,511.401
20534,511.496
20535,511.501
20536,511.506
20537,511.614
20538,511.620
20539,511.626
20540,511.773
20541,511.779
20542,511.784
20543,511.887
20544,512.003
20545,512.003
20546,512.003
20547,512.003
20548,512.004
20549,512.015
20550,512.026
20551,512.037
20552,512.047
20553,512.055
20554,512.062
20555,512.070
20556,512.077
20557,512.084
20558,512.175
20559,512.180
20560,512.184
20561,512.252
20562,512.256
20563,512.261
20564,512.331
20565,512.336
20566,512.340
20567,512.413
20568,512.417
20569,512.421
20570,512.482
20571,512.549
20572,512.553
20573,512.556
20574,512.560
20575,512.564
20576,512.568
20577,512.572
20578,512.604
20579,512.665
20580,512.739
20581,512.743
20582,512.747
20583,512.751
20584,512.816
20585,512.820
20586,512.824
20587,512.828
20588,512.894
20589,512.899
20590,512.903
20591,512.907
20592,512.972
20593,512.978
20594,512.982
20595,512.986
20596,513.050
20597,513.056
20598,513.062
20599,513.066
20600,513.138
20601,513.147
20602,513.151
20603,513.157
20604,513.228
20605,513.310
20606,513.314
20607,513.318
20608,513.322
20609,513.326
20610,513.367
20611,513.449
20612,513.563
20613,513.568
20614,513.572
20615,513.577
20616,513.651
20617,513.656
20618,513.660
20619,513.665
20620,513.735
20621,513.740
20622,513.746
20623,513.750
20624,513.817
20625,513.821
20626,513.825
20627,513.828
20628,513.887
20629,513.949
20630,513.954
20631,513.959
20632,513.964
20633,513.970
20634,513.975
20635,513.980
20636,513.985
20637,513.991
20638,513.996
20639,514.001
20640,514.007
20641,514.013
20642,514.019
20643,514.025
20644,514.030
20645,514.036
20646,514.042
20647,514.048
20648,514.054
20649,514.060
20650,514.090
20651,514.149
20652,514.220
20653,514.227
20654,514.233
20655,514.236
20656,514.301
20657,514.307
20658,514.313
20659,514.317
20660,514.382
20661,514.388
20662,514.395
20663,514.398
20664,514.465
20665,514.471
20666,514.475
20667,514.479
20668,514.567
20669,514.576
20670,514.580
20671,514.585
20672,514.688
20673,514.696
20674,514.705
20675,514.710
20676,514.801
20677,514.811
20678,514.821
20679,514.825
20680,514.930
20681,514.937
20682,514.944
20683,514.948
20684,515.017
20685,515.024
20686,515.031
20687,515.035
20688,515.099
20689,515.106
20690,515.112
20691,515.116
20692,515.182
20693,515.189
20694,515.195
20695,515.199
20696,515.268
20697,515.275
20698,515.281
20699,515.285
20700,515.350
20701,515.356
20702,515.362
20703,515.366
20704,515.429
20705,515.436
20706,515.442
20707,515.446
20708,515.513
20709,515.520
20710,515.527
20711,515.531
20712,515.597
20713,515.604
20714,515.610
20715,515.614
20716,515.678
20717,515.685
20718,515.691
20719,515.695
20720,515.759
20721,515.766
20722,515.772
20723,515.776
20724,515.841
20725,515.847
20726,515.850
20727,515.854
20728,515.949
20729,515.958
20730,515.968
20731,515.972
20732,516.071
20733,516.076
20734,516.080
20735,516.173
20736,516.178
20737,516.183
20738,516.284
20739,516.289
20740,516.293
20741,516.369
20742,516.373
20743,516.378
20744,516.448
20745,516.453
20746,516.457
20747,516.525
20748,516.530
20749,516.534
20750,516.601
20751,516.605
20752,516.609
20753,516.638
20754,516.705
20755,516.709
20756,516.713
20757,516.748
20758,516.790
20759,516.813
20760,516.844
20761,516.869
20762,516.917
20763,516.921
20764,516.980
20765,516.984
20766,517.017
20767,517.021
20768,517.427
20769,517.433
20770,517.816
20771,517.874
20772,517.878
20773,517.952
20774,517.957
20775,517.961
20776,518.011
20777,518.022
20778,518.026
20779,518.035
20780,518.043
20781,518.053
20782,518.061
20783,518.071
20784,518.075
20785,518.086
20786,518.091
20787,518.096
20788,518.101
20789,518.110
20790,518.113
20791,518.171
20792,518.176
20793,518.180
20794,518.234
20795,518.251
20796,518.255
20797,518.288
20798,518.350
20799,518.354
20800,518.359
20801,518.389
20802,518.452
20803,518.458
20804,518.503
20805,518.520
20806,518.523
20807,518.537
20808,518.540
20809,518.547
20810,518.550
20811,518.586
20812,518.604
20813,518.608
20814,518.653
20815,518.658
20816,518.664
20817,518.667
20818,518.706
20819,518.711
20820,518.716
20821,518.720
20822,518.726
20823,518.742
20824,518.747
20825,518.792
20826,518.796
20827,518.799
20828,518.805
20829,518.808
20830,518.843
20831,518.863
20832,518.865
20833,518.876
20834,518.893
20835,518.897
20836,518.938
20837,518.944
20838,518.948
20839,518.952
20840,518.955
20841,518.959
20842,518.963
20843,518.966
20844,518.972
20845,518.989
20846,518.992
20847,519.003
20848,519.019
20849,519.022
20850,519.041
20851,519.068
20852,519.082
20853,519.085
20854,519.090
20855,519.105
20856,519.121
20857,519.124
20858,519.143
20859,519.205
20860,519.211
20861,519.216
20862,519.278
20863,519.287
20864,519.296
20865,519.305
20866,519.314
20867,519.323
20868,519.332
20869,519.345
20870,519.354
20871,519.364
20872,519.372
20873,519.380
20874,519.389
20875,519.397
20876,519.405
20877,519.413
20878,519.422
20879,519.431
20880,519.440
20881,519.449
20882,519.458
20883,519.468
20884,519.477
20885,519.486
20886,519.497
20887,519.507
20888,519.517
20889,519.526
20890,519.536
20891,519.547
20892,519.558
20893,519.625
20894,519.632
20895,519.636
20896,519.684
20897,519.704
20898,519.708
20899,519.728
20900,519.746
20901,519.749
20902,519.792
20903,519.808
20904,519.812
20905,519.825
20906,519.841
20907,519.844
20908,519.890
20909,519.897
20910,519.901
20911,519.933
20912,519.937
20913,519.943
20914,519.947
20915,519.982
20916,519.989
20917,519.994
20918,520.000
20919,520.026
20920,520.042
20921,520.046
20922,520.069
20923,520.085
20924,520.089
20925,520.102
20926,520.118
20927,520.121
20928,520.134
20929,520.150
20930,520.155
20931,520.188
20932,520.206
20933,520.210
20934,520.256
20935,520.263
20936,520.267
20937,520.274
20938,520.299
20939,520.316
20940,520.322
20941,520.345
20942,520.365
20943,520.371
20944,520.412
20945,520.418
20946,520.424
20947,520.431
20948,520.448
20949,520.466
20950,520.472
20951,520.494
20952,520.511
20953,520.517
20954,520.528
20955,520.542
20956,520.546
20957,520.572
20958,520.598
20959,520.606
20960,520.626
20961,520.652
20962,520.661
20963,520.682
20964,520.706
20965,520.714
20966,520.767
20967,520.792
20968,520.801
20969,520.841
20970,520.866
20971,520.875
20972,520.933
20973,520.951
20974,520.958
20975,520.998
20976,521.017
20977,521.024
20978,521.057
20979,521.119
20980,521.125
20981,521.130
20982,521.161
20983,521.226
20984,521.232
20985,521.244
20986,521.261
20987,521.266
20988,521.296
20989,521.313
20990,521.319
20991,521.329
20992,521.332
20993,521.336
20994,521.373
20995,521.470
20996,521.474
20997,521.480
20998,521.486
20999,521.490
21000,521.530
21001,521.545
21002,521.556
21003,521.559
21004,521.588
21005,521.603
21006,521.614
21007,521.617
21008,521.642
21009,521.701
21010,521.712
21011,521.738
21012,521.801
21013,521.812
21014,521.855
21015,521.862
21016,521.866
21017,521.904
21018,521.908
21019,521.913
21020,521.974
21021,521.983
21022,521.988
21023,522.023
21024,522.027
21025,522.032
21026,522.112
21027,522.116
21028,522.125
21029,522.131
21030,522.138
21031,522.142
21032,522.197
21033,522.202
21034,522.207
21035,522.211
21036,522.216
21037,522.221
21038,522.230
21039,522.234
21040,522.239
21041,522.244
21042,522.252
21043,522.257
21044,522.314
21045,522.318
21046,522.323
21047,522.386
21048,522.389
21049,522.423
21050,522.426
21051,522.430
21052,522.460
21053,522.464
21054,522.468
21055,522.556
21056,522.561
21057,522.602
21058,522.628
21059,522.631
21060,522.635
21061,522.642
21062,522.648
21063,522.654
21064,522.660
21065,522.686
21066,522.731
21067,522.755
21068,522.759
21069,522.768
21070,522.772
21071,522.776
21072,522.781
21073,522.790
21074,522.810
21075,522.879
21076,522.883
21077,522.888
21078,522.892
21079,522.897
21080,522.964
21081,522.968
21082,522.973
21083,522.977
21084,522.981
21085,523.051
21086,523.055
21087,523.062
21088,523.068
21089,523.072
21090,523.138
21091,523.142
21092,523.148
21093,523.153
21094,523.156
21095,523.220
21096,523.225
21097,523.231
21098,523.235
21099,523.239
21100,523.303
21101,523.309
21102,523.313
21103,523.318
21104,523.365
21105,523.370
21106,523.374
21107,523.378
21108,523.383
21109,523.426
21110,523.456
21111,523.511
21112,523.516
21113,523.520
21114,523.576
21115,523.581
21116,523.586
21117,523.641
21118,523.680
21119,523.690
21120,523.698
21121,523.707
21122,523.717
21123,523.726
21124,523.737
21125,523.748
21126,523.758
21127,523.774
21128,523.798
21129,523.879
21130,523.884
21131,523.889
21132,523.893
21133,523.898
21134,523.971
21135,523.975
21136,523.980
21137,523.985
21138,523.990
21139,524.063
21140,524.068
21141,524.073
21142,524.078
21143,524.082
21144,524.156
21145,524.160
21146,524.166
21147,524.171
21148,524.176
21149,524.252
21150,524.257
21151,524.265
21152,524.272
21153,524.277
21154,524.356
21155,524.361
21156,524.369
21157,524.376
21158,524.380
21159,524.453
21160,524.458
21161,524.465
21162,524.473
21163,524.477
21164,524.550
21165,524.555
21166,524.563
21167,524.567
21168,524.572
21169,524.609
21170,524.631
21171,524.634
21172,524.645
21173,524.665
21174,524.737
21175,524.741
21176,524.745
21177,524.749
21178,524.753
21179,524.792
21180,524.819
21181,524.824
21182,524.836
21183,524.860
21184,524.966
21185,524.970
21186,524.975
21187,524.980
21188,524.985
21189,525.032
21190,525.058
21191,525.062
21192,525.076
21193,525.101
21194,525.212
21195,525.213
21196,525.217
21197,525.221
21198,525.225
21199,525.306
21200,525.383
21201,525.389
21202,525.396
21203,525.402
21204,525.408
21205,525.414
21206,525.421
21207,525.427
21208,525.433
21209,525.439
21210,525.446
21211,525.453
21212,525.460
21213,525.466
21214,525.580
21215,525.585
21216,525.590
21217,525.651
21218,525.655
21219,525.659
21220,525.663
21221,525.666
21222,525.722
21223,525.785
21224,525.843
21225,525.847
21226,525.853
21227,525.857
21228,525.959
21229,525.964
21230,526.068
21231,526.072
21232,526.077
21233,526.179
21234,526.185
21235,526.191
21236,526.269
21237,526.353
21238,526.361
21239,526.369
21240,526.376
21241,526.383
21242,526.390
21243,526.398
21244,526.439
21245,526.522
21246,526.664
21247,526.671
21248,526.678
21249,526.683
21250,526.792
21251,526.800
21252,526.806
21253,526.810
21254,526.916
21255,526.923
21256,526.930
21257,526.934
21258,527.025
21259,527.032
21260,527.038
21261,527.043
21262,527.157
21263,527.166
21264,527.173
21265,527.178
21266,527.290
21267,527.297
21268,527.302
21269,527.306
21270,527.362
21271,527.424
21272,527.428
21273,527.431
21274,527.435
21275,527.438
21276,527.468
21277,527.528
21278,527.667
21279,527.678
21280,527.688
21281,527.695
21282,527.852
21283,527.862
21284,527.868
21285,527.874
21286,528.018
21287,528.025
21288,528.030
21289,528.034
21290,528.143
21291,528.150
21292,528.154
21293,528.159
21294,528.225
21295,528.299
21296,528.305
21297,528.311
21298,528.316
21299,528.322
21300,528.328
21301,528.333
21302,528.339
21303,528.345
21304,528.352
21305,528.358
21306,528.364
21307,528.371
21308,528.378
21309,528.384
21310,528.391
21311,528.397
21312,528.404
21313,528.411
21314,528.417
21315,528.424
21316,528.456
21317,528.522
21318,528.638
21319,528.646
21320,528.654
21321,528.659
21322,528.761
21323,528.768
21324,528.776
21325,528.780
21326,528.888
21327,528.896
21328,528.904
21329,528.908
21330,529.036
21331,529.046
21332,529.056
21333,529.061
21334,529.203
21335,529.213
21336,529.222
21337,529.227
21338,529.379
21339,529.387
21340,529.394
21341,529.399
21342,529.505
21343,529.513
21344,529.521
21345,529.525
21346,529.636
21347,529.696
21348,529.705
21349,529.711
21350,529.821
21351,529.828
21352,529.835
21353,529.840
21354,529.951
21355,529.959
21356,529.967
21357,529.972
21358,530.089
21359,530.097
21360,530.106
21361,530.111
21362,530.223
21363,530.232
21364,530.241
21365,530.247
21366,530.360
21367,530.368
21368,530.374
21369,530.379
21370,530.516
21371,530.526
21372,530.537
21373,530.543
21374,530.701
21375,530.711
21376,530.721
21377,530.726
21378,530.885
21379,530.893
21380,530.901
21381,530.905
21382,531.018
21383,531.025
21384,531.032
21385,531.036
21386,531.146
21387,531.153
21388,531.160
21389,531.165
21390,531.221
21391,531.284
21392,531.290
21393,531.319
21394,531.378
21395,531.440
21396,531.447
21397,531.453
21398,531.459
21399,531.516
21400,531.579
21401,531.586
21402,531.591
21403,531.657
21404,531.662
21405,531.669
21406,531.672
21407,531.676
21408,531.740
21409,531.746
21410,531.752
21411,531.758
21412,531.763
21413,531.821
21414,531.827
21415,531.833
21416,531.837
21417,531.842
21418,531.927
21419,531.936
21420,531.944
21421,531.953
21422,532.040
21423,532.049
21424,532.058
21425,532.068
21426,532.076
21427,532.084
21428,532.175
21429,532.183
21430,532.192
21431,532.196
21432,532.201
21433,532.205
21434,532.286
21435,532.292
21436,532.298
21437,532.304
21438,532.335
21439,532.402
21440,532.408
21441,532.438
21442,532.503
21443,532.535
21444,532.539
21445,532.542
21446,532.594
21447,532.600
21448,532.607
21449,532.613
21450,532.619
21451,532.625
21452,532.683
21453,532.689
21454,532.695
21455,532.701
21456,532.706
21457,532.760
21458,532.825
21459,532.883
21460,532.890
21461,532.896
21462,532.902
21463,532.908
21464,532.915
21465,532.921
21466,532.988
21467,532.994
21468,533.001
21469,533.005
21470,533.009
21471,533.012
21472,533.016
21473,533.072
21474,533.078
21475,533.083
21476,533.089
21477,533.120
21478,533.180
21479,533.184
21480,533.187
21481,533.216
21482,533.275
21483,533.313
21484,533.395
21485,533.481
21486,533.485
21487,533.490
21488,533.498
21489,533.502
21490,533.586
21491,533.591
21492,533.596
21493,533.664
21494,533.749
21495,533.753
21496,533.788
21497,533.794
21498,533.799
21499,533.802
21500,533.806
21501,533.861
21502,533.867
21503,533.872
21504,533.877
21505,533.930
21506,533.936
21507,533.940
21508,533.943
21509,533.993
21510,533.997
21511,534.000
21512,534.003
21513,534.007
21514,534.010
21515,534.038
21516,534.093
21517,534.098
21518,534.150
21519,534.154
21520,534.159
21521,534.164
21522,534.215
21523,534.221
21524,534.226
21525,534.229
21526,534.233
21527,534.285
21528,534.291
21529,534.297
21530,534.303
21531,534.361
21532,534.367
21533,534.374
21534,534.378
21535,534.382
21536,534.434
21537,534.438
21538,534.441
21539,534.445
21540,534.448
21541,534.551
21542,534.556
21543,534.560
21544,534.656
21545,534.661
21546,534.665
21547,534.797
21548,534.802
21549,534.808
21550,534.948
21551,534.954
21552,534.958
21553,535.097
21554,535.104
21555,535.109
21556,535.211
21557,535.215
21558,535.219
21559,535.288
21560,535.361
21561,535.367
21562,535.373
21563,535.378
21564,535.384
21565,535.390
21566,535.396
21567,535.402
21568,535.408
21569,535.414
21570,535.420
21571,535.426
21572,535.432
21573,535.438
21574,535.531
21575,535.535
21576,535.539
21577,535.592
21578,535.595
21579,535.598
21580,535.601
21581,535.604
21582,535.658
21583,535.714
21584,535.767
21585,535.770
21586,535.776
21587,535.779
21588,535.841
21589,535.847
21590,535.851
21591,535.946
21592,535.951
21593,535.955
21594,536.087
21595,536.092
21596,536.097
21597,536.172
21598,536.247
21599,536.255
21600,536.262
21601,536.269
21602,536.277
21603,536.285
21604,536.292
21605,536.332
21606,536.401
21607,536.508
21608,536.515
21609,536.522
21610,536.527
21611,536.632
21612,536.639
21613,536.646
21614,536.650
21615,536.755
21616,536.763
21617,536.769
21618,536.773
21619,536.865
21620,536.872
21621,536.879
21622,536.883
21623,536.997
21624,537.005
21625,537.013
21626,537.018
21627,537.125
21628,537.133
21629,537.140
21630,537.144
21631,537.202
21632,537.265
21633,537.269
21634,537.275
21635,537.280
21636,537.285
21637,537.323
21638,537.407
21639,537.562
21640,537.572
21641,537.581
21642,537.586
21643,537.728
21644,537.735
21645,537.739
21646,537.744
21647,537.845
21648,537.851
21649,537.855
21650,537.859
21651,537.953
21652,537.960
21653,537.964
21654,537.968
21655,538.025
21656,538.088
21657,538.094
21658,538.099
21659,538.105
21660,538.110
21661,538.116
21662,538.121
21663,538.127
21664,538.133
21665,538.138
21666,538.144
21667,538.150
21668,538.156
21669,538.162
21670,538.168
21671,538.174
21672,538.181
21673,538.187
21674,538.194
21675,538.200
21676,538.206
21677,538.236
21678,538.297
21679,538.399
21680,538.406
21681,538.413
21682,538.418
21683,538.510
21684,538.517
21685,538.525
21686,538.529
21687,538.647
21688,538.657
21689,538.667
21690,538.672
21691,538.812
21692,538.821
21693,538.830
21694,538.835
21695,538.967
21696,538.978
21697,538.989
21698,538.994
21699,539.104
21700,539.112
21701,539.119
21702,539.123
21703,539.217
21704,539.224
21705,539.231
21706,539.235
21707,539.343
21708,539.350
21709,539.357
21710,539.362
21711,539.457
21712,539.463
21713,539.470
21714,539.475
21715,539.578
21716,539.585
21717,539.593
21718,539.597
21719,539.707
21720,539.714
21721,539.722
21722,539.727
21723,539.829
21724,539.838
21725,539.846
21726,539.851
21727,539.972
21728,539.982
21729,539.992
21730,539.997
21731,540.139
21732,540.148
21733,540.158
21734,540.162
21735,540.309
21736,540.317
21737,540.324
21738,540.328
21739,540.438
21740,540.445
21741,540.452
21742,540.456
21743,540.558
21744,540.566
21745,540.573
21746,540.577
21747,540.683
21748,540.689
21749,540.696
21750,540.701
21751,540.760
21752,540.825
21753,540.830
21754,540.859
21755,540.921
21756,540.977
21757,540.983
21758,540.989
21759,540.995
21760,541.049
21761,541.111
21762,541.117
21763,541.122
21764,541.183
21765,541.189
21766,541.196
21767,541.199
21768,541.203
21769,541.262
21770,541.270
21771,541.277
21772,541.282
21773,541.286
21774,541.360
21775,541.368
21776,541.376
21777,541.384
21778,541.392
21779,541.474
21780,541.482
21781,541.490
21782,541.498
21783,541.577
21784,541.585
21785,541.594
21786,541.602
21787,541.610
21788,541.618
21789,541.711
21790,541.717
21791,541.724
21792,541.728
21793,541.732
21794,541.736
21795,541.795
21796,541.802
21797,541.809
21798,541.815
21799,541.844
21800,541.906
21801,541.911
21802,541.941
21803,542.000
21804,542.029
21805,542.034
21806,542.040
21807,542.086
21808,542.092
21809,542.098
21810,542.104
21811,542.109
21812,542.115
21813,542.171
21814,542.177
21815,542.182
21816,542.188
21817,542.193
21818,542.245
21819,542.308
21820,542.370
21821,542.376
21822,542.383
21823,542.389
21824,542.394
21825,542.400
21826,542.408
21827,542.474
21828,542.481
21829,542.487
21830,542.491
21831,542.495
21832,542.499
21833,542.502
21834,542.559
21835,542.565
21836,542.570
21837,542.575
21838,542.604
21839,542.659
21840,542.662
21841,542.665
21842,542.705
21843,542.786
21844,542.830
21845,542.909
21846,542.984
21847,542.988
21848,542.993
21849,543.001
21850,543.005
21851,543.085
21852,543.089
21853,543.092
21854,543.140
21855,543.202
21856,543.205
21857,543.233
21858,543.239
21859,543.244
21860,543.247
21861,543.250
21862,543.303
21863,543.309
21864,543.314
21865,543.319
21866,543.373
21867,543.379
21868,543.385
21869,543.388
21870,543.443
21871,543.446
21872,543.450
21873,543.454
21874,543.457
21875,543.461
21876,543.490
21877,543.549
21878,543.554
21879,543.609
21880,543.612
21881,543.618
21882,543.622
21883,543.681
21884,543.687
21885,543.694
21886,543.697
21887,543.702
21888,543.763
21889,543.771
21890,543.777
21891,543.783
21892,543.840
21893,543.847
21894,543.853
21895,543.856
21896,543.860
21897,543.915
21898,543.919
21899,543.923
21900,543.926
21901,543.930
21902,544.031
21903,544.036
21904,544.040
21905,544.162
21906,544.168
21907,544.173
21908,544.319
21909,544.324
21910,544.330
21911,544.487
21912,544.495
21913,544.500
21914,544.621
21915,544.628
21916,544.633
21917,544.745
21918,544.750
21919,544.754
21920,544.793
21921,544.797
21922,544.850
21923,544.907
21924,544.949
21925,545.057
21926,545.072
21927,545.075
21928,545.086
21929,545.089
21930,545.113
21931,545.124
21932,545.154
21933,545.212
21934,545.219
21935,545.232
21936,545.235
21937,545.656
21938,545.662
21939,545.666
21940,546.082
21941,546.462
21942,546.468
21943,546.472
21944,546.476
21945,546.729
21946,547.151
21947,547.156
21948,547.160
21949,547.523
21950,547.566
21951,547.570
21952,547.626
21953,547.629
21954,547.633
21955,547.669
21956,547.674
21957,547.678
21958,547.681
21959,547.685
21960,547.688
21961,547.694
21962,547.698
21963,547.703
21964,547.709
21965,547.715
21966,547.720
21967,547.726
21968,547.730
21969,547.781
21970,547.784
21971,547.788
21972,547.810
21973,547.824
21974,547.827
21975,547.845
21976,547.870
21977,547.884
21978,547.887
21979,547.905
21980,547.928
21981,547.944
21982,547.947
21983,547.969
21984,547.985
21985,547.988
21986,548.000
21987,548.013
21988,548.017
21989,548.037
21990,548.061
21991,548.065
21992,548.105
21993,548.135
21994,548.141
21995,548.172
21996,548.203
21997,548.208
21998,548.228
21999,548.260
22000,548.265
22001,548.321
22002,548.347
22003,548.351
22004,548.366
22005,548.370
22006,548.374
22007,548.428
22008,548.533
22009,548.537
22010,548.543
22011,548.546
22012,548.584
22013,548.641
22014,548.652
22015,548.680
22016,548.695
22017,548.706
22018,548.709
22019,548.750
22020,548.756
22021,548.759
22022,548.784
22023,548.787
22024,548.790
22025,548.841
22026,548.845
22027,548.850
22028,548.855
22029,548.859
22030,548.862
22031,548.899
22032,548.903
22033,548.906
22034,548.909
22035,548.912
22036,548.915
22037,548.920
22038,548.924
22039,548.982
22040,549.033
22041,549.039
22042,549.045
22043,549.051
22044,549.057
22045,549.063
22046,549.070
22047,549.076
22048,549.083
22049,549.089
22050,549.096
22051,549.103
22052,549.109
22053,549.116
22054,549.175
22055,549.179
22056,549.183
22057,549.233
22058,549.237
22059,549.240
22060,549.290
22061,549.295
22062,549.299
22063,549.348
22064,549.352
22065,549.355
22066,549.402
22067,549.459
22068,549.467
22069,549.474
22070,549.482
22071,549.490
22072,549.498
22073,549.506
22074,549.540
22075,549.607
22076,549.691
22077,549.700
22078,549.709
22079,549.718
22080,549.792
22081,549.803
22082,549.807
22083,549.812
22084,549.872
22085,549.880
22086,549.887
22087,549.890
22088,549.946
22089,549.953
22090,549.959
22091,549.965
22092,550.022
22093,550.029
22094,550.037
22095,550.041
22096,550.095
22097,550.101
22098,550.108
22099,550.111
22100,550.162
22101,550.212
22102,550.215
22103,550.219
22104,550.225
22105,550.231
22106,550.255
22107,550.301
22108,550.362
22109,550.368
22110,550.373
22111,550.377
22112,550.430
22113,550.437
22114,550.441
22115,550.445
22116,550.498
22117,550.502
22118,550.507
22119,550.511
22120,550.562
22121,550.569
22122,550.573
22123,550.577
22124,550.628
22125,550.682
22126,550.689
22127,550.695
22128,550.701
22129,550.707
22130,550.714
22131,550.720
22132,550.726
22133,550.731
22134,550.737
22135,550.743
22136,550.749
22137,550.755
22138,550.761
22139,550.767
22140,550.773
22141,550.778
22142,550.783
22143,550.788
22144,550.795
22145,550.805
22146,550.840
22147,550.906
22148,551.001
22149,551.010
22150,551.020
22151,551.028
22152,551.105
22153,551.114
22154,551.124
22155,551.132
22156,551.213
22157,551.220
22158,551.228
22159,551.232
22160,551.291
22161,551.297
22162,551.304
22163,551.307
22164,551.363
22165,551.371
22166,551.377
22167,551.381
22168,551.438
22169,551.445
22170,551.452
22171,551.456
22172,551.512
22173,551.519
22174,551.526
22175,551.530
22176,551.585
22177,551.592
22178,551.599
22179,551.603
22180,551.660
22181,551.667
22182,551.674
22183,551.677
22184,551.734
22185,551.741
22186,551.748
22187,551.752
22188,551.813
22189,551.820
22190,551.827
22191,551.834
22192,551.893
22193,551.900
22194,551.907
22195,551.913
22196,551.971
22197,551.977
22198,551.984
22199,551.988
22200,552.044
22201,552.051
22202,552.058
22203,552.064
22204,552.119
22205,552.126
22206,552.132
22207,552.137
22208,552.212
22209,552.221
22210,552.230
22211,552.238
22212,552.317
22213,552.326
22214,552.335
22215,552.343
22216,552.417
22217,552.426
22218,552.435
22219,552.444
22220,552.522
22221,552.532
22222,552.542
22223,552.551
22224,552.607
22225,552.613
22226,552.620
22227,552.626
22228,552.681
22229,552.686
22230,552.690
22231,552.742
22232,552.747
22233,552.751
22234,552.802
22235,552.806
22236,552.810
22237,552.861
22238,552.865
22239,552.869
22240,552.920
22241,552.924
22242,552.928
22243,552.979
22244,552.983
22245,552.987
22246,553.037
22247,553.041
22248,553.045
22249,553.100
22250,553.104
22251,553.107
22252,553.110
22253,553.114
22254,553.117
22255,553.122
22256,553.126
22257,553.129
22258,553.133
22259,553.138
22260,553.142
22261,553.193
22262,553.199
22263,553.204
22264,553.207
22265,553.245
22266,553.251
22267,553.255
22268,553.283
22269,553.289
22270,553.292
22271,553.317
22272,553.365
22273,553.391
22274,553.442
22275,553.486
22276,553.490
22277,553.529
22278,553.532
22279,553.568
22280,553.572
22281,553.628
22282,553.632
22283,553.636
22284,553.710
22285,553.720
22286,553.727
22287,553.738
22288,553.743
22289,553.760
22290,553.765
22291,553.774
22292,553.778
22293,553.819
22294,553.885
22295,553.888
22296,553.929
22297,553.933
22298,553.938
22299,553.977
22300,553.981
22301,553.985
22302,554.036
22303,554.039
22304,554.043
22305,554.080
22306,554.083
22307,554.087
22308,554.090
22309,554.144
22310,554.148
22311,554.152
22312,554.155
22313,554.159
22314,554.162
22315,554.166
22316,554.169
22317,554.172
22318,554.176
22319,554.205
22320,554.290
22321,554.395
22322,554.400
22323,554.404
22324,554.453
22325,554.458
22326,554.461
22327,554.493
22328,554.499
22329,554.502
22330,554.554
22331,554.559
22332,554.563
22333,554.611
22334,554.615
22335,554.618
22336,554.649
22337,554.708
22338,554.715
22339,554.748
22340,554.752
22341,554.756
22342,554.786
22343,554.859
22344,554.870
22345,554.920
22346,554.924
22347,554.961
22348,554.989
22349,554.993
22350,554.996
22351,555.034
22352,555.556
22353,555.563
22354,555.568
22355,555.996
22356,556.682
22357,556.688
22358,556.692
22359,557.336
22360,557.782
22361,557.788
22362,557.793
22363,558.243
22364,559.098
22365,559.103
22366,559.109
22367,559.865
22368,559.953
22369,559.959
22370,559.964
22371,559.968
22372,559.975
22373,559.982
22374,559.990
22375,559.997
22376,560.002
22377,560.056
22378,560.178
22379,560.182
22380,560.189
22381,560.195
22382,560.256
22383,560.261
22384,560.265
22385,560.321
22386,560.330
22387,560.334
22388,560.358
22389,560.362
22390,560.366
22391,560.372
22392,560.394
22393,560.398
22394,560.415
22395,560.419
22396,560.424
22397,560.432
22398,560.436
22399,560.442
22400,560.454
22401,560.496
22402,560.518
22403,560.530
22404,560.534
22405,560.540
22406,560.545
22407,560.603
22408,560.607
22409,560.613
22410,560.617
22411,560.673
22412,560.701
22413,560.705
22414,560.722
22415,560.727
22416,560.735
22417,560.762
22418,560.766
22419,560.774
22420,560.778
22421,560.782
22422,560.788
22423,560.796
22424,560.801
22425,560.817
22426,560.829
22427,560.857
22428,560.883
22429,560.887
22430,560.903
22431,560.928
22432,560.931
22433,560.970
22434,560.996
22435,560.999
22436,561.091
22437,561.167
22438,561.174
22439,561.179
22440,561.186
22441,561.193
22442,561.199
22443,561.205
22444,561.211
22445,561.217
22446,561.223
22447,561.229
22448,561.235
22449,561.241
22450,561.248
22451,561.311
22452,561.315
22453,561.319
22454,561.376
22455,561.380
22456,561.384
22457,561.441
22458,561.445
22459,561.449
22460,561.506
22461,561.510
22462,561.514
22463,561.567
22464,561.626
22465,561.631
22466,561.637
22467,561.642
22468,561.647
22469,561.652
22470,561.658
22471,561.687
22472,561.746
22473,561.815
22474,561.822
22475,561.828
22476,561.834
22477,561.897
22478,561.903
22479,561.910
22480,561.914
22481,561.978
22482,561.985
22483,561.991
22484,562.043
22485,562.104
22486,562.112
22487,562.214
22488,562.224
22489,562.233
22490,562.243
22491,562.335
22492,562.344
22493,562.353
22494,562.424
22495,562.525
22496,562.536
22497,562.610
22498,562.617
22499,562.624
22500,562.632
22501,562.691
22502,562.758
22503,562.764
22504,562.770
22505,562.777
22506,562.782
22507,562.813
22508,562.875
22509,562.947
22510,562.954
22511,562.961
22512,562.965
22513,563.025
22514,563.032
22515,563.039
22516,563.042
22517,563.103
22518,563.110
22519,563.117
22520,563.121
22521,563.185
22522,563.192
22523,563.198
22524,563.202
22525,563.262
22526,563.330
22527,563.336
22528,563.343
22529,563.349
22530,563.354
22531,563.360
22532,563.366
22533,563.373
22534,563.379
22535,563.385
22536,563.391
22537,563.397
22538,563.404
22539,563.410
22540,563.417
22541,563.423
22542,563.429
22543,563.435
22544,563.441
22545,563.447
22546,563.453
22547,563.487
22548,563.551
22549,563.655
22550,563.666
22551,563.675
22552,563.685
22553,563.778
22554,563.788
22555,563.797
22556,563.805
22557,563.898
22558,563.908
22559,563.917
22560,563.928
22561,564.009
22562,564.016
22563,564.023
22564,564.029
22565,564.094
22566,564.101
22567,564.109
22568,564.115
22569,564.179
22570,564.187
22571,564.194
22572,564.200
22573,564.269
22574,564.276
22575,564.283
22576,564.290
22577,564.353
22578,564.361
22579,564.367
22580,564.375
22581,564.438
22582,564.445
22583,564.451
22584,564.458
22585,564.527
22586,564.534
22587,564.542
22588,564.548
22589,564.614
22590,564.622
22591,564.629
22592,564.636
22593,564.702
22594,564.710
22595,564.717
22596,564.723
22597,564.786
22598,564.792
22599,564.799
22600,564.805
22601,564.868
22602,564.875
22603,564.881
22604,564.887
22605,564.947
22606,564.954
22607,564.959
22608,564.964
22609,565.049
22610,565.058
22611,565.068
22612,565.078
22613,565.171
22614,565.181
22615,565.189
22616,565.198
22617,565.287
22618,565.297
22619,565.307
22620,565.316
22621,565.409
22622,565.416
22623,565.422
22624,565.429
22625,565.497
22626,565.505
22627,565.511
22628,565.517
22629,565.582
22630,565.587
22631,565.591
22632,565.654
22633,565.659
22634,565.664
22635,565.727
22636,565.734
22637,565.738
22638,565.800
22639,565.805
22640,565.810
22641,565.872
22642,565.878
22643,565.883
22644,565.947
22645,565.953
22646,565.957
22647,566.021
22648,566.026
22649,566.030
22650,566.106
22651,566.177
22652,566.184
22653,566.190
22654,566.197
22655,566.203
22656,566.210
22657,566.217
22658,566.224
22659,566.230
22660,566.237
22661,566.244
22662,566.251
22663,566.258
22664,566.265
22665,566.337
22666,566.341
22667,566.345
22668,566.402
22669,566.406
22670,566.409
22671,566.491
22672,566.496
22673,566.501
22674,566.593
22675,566.598
22676,566.603
22677,566.676
22678,566.760
22679,566.768
22680,566.776
22681,566.784
22682,566.792
22683,566.801
22684,566.810
22685,566.853
22686,566.916
22687,566.988
22688,566.994
22689,567.000
22690,567.006
22691,567.066
22692,567.072
22693,567.078
22694,567.082
22695,567.143
22696,567.149
22697,567.155
22698,567.201
22699,567.260
22700,567.266
22701,567.333
22702,567.339
22703,567.346
22704,567.352
22705,567.410
22706,567.417
22707,567.423
22708,567.429
22709,567.488
22710,567.494
22711,567.500
22712,567.506
22713,567.559
22714,567.617
22715,567.623
22716,567.629
22717,567.634
22718,567.640
22719,567.668
22720,567.726
22721,567.804
22722,567.814
22723,567.823
22724,567.827
22725,567.915
22726,567.929
22727,567.937
22728,567.941
22729,568.025
22730,568.034
22731,568.042
22732,568.046
22733,568.133
22734,568.142
22735,568.153
22736,568.158
22737,568.236
22738,568.311
22739,568.317
22740,568.323
22741,568.329
22742,568.334
22743,568.340
22744,568.346
22745,568.352
22746,568.358
22747,568.364
22748,568.369
22749,568.376
22750,568.382
22751,568.388
22752,568.394
22753,568.400
22754,568.406
22755,568.412
22756,568.419
22757,568.426
22758,568.432
22759,568.464
22760,568.527
22761,568.598
22762,568.605
22763,568.611
22764,568.617
22765,568.674
22766,568.681
22767,568.687
22768,568.693
22769,568.755
22770,568.762
22771,568.768
22772,568.775
22773,568.833
22774,568.840
22775,568.846
22776,568.851
22777,568.916
22778,568.922
22779,568.928
22780,568.934
22781,568.990
22782,568.996
22783,569.003
22784,569.008
22785,569.066
22786,569.072
22787,569.077
22788,569.082
22789,569.155
22790,569.163
22791,569.173
22792,569.182
22793,569.276
22794,569.285
22795,569.294
22796,569.302
22797,569.387
22798,569.397
22799,569.406
22800,569.415
22801,569.505
22802,569.516
22803,569.524
22804,569.530
22805,569.601
22806,569.609
22807,569.616
22808,569.622
22809,569.685
22810,569.691
22811,569.698
22812,569.704
22813,569.766
22814,569.773
22815,569.780
22816,569.787
22817,569.851
22818,569.858
22819,569.865
22820,569.872
22821,569.935
22822,569.942
22823,569.949
22824,569.956
22825,570.021
22826,570.028
22827,570.036
22828,570.042
22829,570.111
22830,570.118
22831,570.126
22832,570.132
22833,570.201
22834,570.208
22835,570.215
22836,570.222
22837,570.285
22838,570.292
22839,570.299
22840,570.305
22841,570.370
22842,570.376
22843,570.381
22844,570.442
22845,570.446
22846,570.450
22847,570.507
22848,570.517
22849,570.522
22850,570.608
22851,570.613
22852,570.619
22853,570.708
22854,570.716
22855,570.721
22856,570.804
22857,570.813
22858,570.817
22859,570.904
22860,570.914
22861,570.918
22862,570.951
22863,570.955
22864,570.978
22865,570.981
22866,571.005
22867,571.008
22868,571.032
22869,571.035
22870,571.057
22871,571.061
22872,571.082
22873,571.086
22874,571.108
22875,571.111
22876,571.132
22877,571.136
22878,571.156
22879,571.160
22880,571.190
22881,571.193
22882,571.215
22883,571.218
22884,571.248
22885,571.252
22886,571.273
22887,571.278
22888,571.300
22889,571.306
22890,571.327
22891,571.331
22892,571.353
22893,571.356
22894,571.377
22895,571.381
22896,571.402
22897,571.405
22898,571.426
22899,571.430
22900,571.452
22901,571.456
22902,571.478
22903,571.482
22904,571.504
22905,571.508
22906,571.534
22907,571.537
22908,571.561
22909,571.565
22910,571.588
22911,571.592
22912,571.623
22913,571.626
22914,571.657
22915,571.661
22916,571.684
22917,571.690
22918,571.711
22919,571.717
22920,571.739
22921,571.745
22922,571.781
22923,571.785
22924,571.826
22925,571.830
22926,571.868
22927,571.871
22928,571.906
22929,571.910
22930,571.972
22931,571.981
22932,571.989
22933,571.998
22934,572.006
22935,572.016
22936,572.025
22937,572.034
22938,572.044
22939,572.053
22940,572.066
22941,572.075
22942,572.084
22943,572.094
22944,572.103
22945,572.114
22946,572.123
22947,572.133
22948,572.142
22949,572.152
22950,572.195
22951,572.204
22952,572.212
22953,572.254
22954,572.264
22955,572.272
22956,572.317
22957,572.324
22958,572.330
22959,572.336
22960,572.342
22961,572.394
22962,572.401
22963,572.408
22964,572.461
22965,572.468
22966,572.474
22967,572.522
22968,572.529
22969,572.536
22970,572.576
22971,572.582
22972,572.589
22973,572.595
22974,572.601
22975,572.652
22976,572.659
22977,572.665
22978,572.715
22979,572.723
22980,572.729
22981,572.775
22982,572.782
22983,572.789
22984,572.830
22985,572.837
22986,572.843
22987,572.849
22988,572.855
22989,572.908
22990,572.915
22991,572.922
22992,572.975
22993,572.983
22994,572.990
22995,573.038
22996,573.046
22997,573.054
22998,573.095
22999,573.102
23000,573.110
23001,573.117
23002,573.124
23003,573.176
23004,573.184
23005,573.191
23006,573.245
23007,573.252
23008,573.258
23009,573.318
23010,573.328
23011,573.336
23012,573.391
23013,573.400
23014,573.412
23015,573.422
23016,573.432
23017,573.507
23018,573.517
23019,573.526
23020,573.594
23021,573.604
23022,573.614
23023,573.685
23024,573.694
23025,573.701
23026,573.744
23027,573.750
23028,573.756
23029,573.762
23030,573.767
23031,573.821
23032,573.828
23033,573.835
23034,573.884
23035,573.891
23036,573.897
23037,573.943
23038,573.950
23039,573.957
23040,573.997
23041,574.003
23042,574.010
23043,574.016
23044,574.022
23045,574.077
23046,574.085
23047,574.092
23048,574.149
23049,574.157
23050,574.164
23051,574.219
23052,574.227
23053,574.235
23054,574.275
23055,574.282
23056,574.288
23057,574.294
23058,574.302
23059,574.356
23060,574.363
23061,574.370
23062,574.421
23063,574.432
23064,574.441
23065,574.534
23066,574.543
23067,574.551
23068,574.596
23069,574.603
23070,574.610
23071,574.616
23072,574.622
23073,574.676
23074,574.682
23075,574.688
23076,574.786
23077,574.799
23078,574.807
23079,574.881
23080,574.890
23081,574.900
23082,574.952
23083,574.961
23084,574.970
23085,574.978
23086,574.986
23087,575.057
23088,575.067
23089,575.077
23090,575.145
23091,575.153
23092,575.160
23093,575.210
23094,575.217
23095,575.224
23096,575.264
23097,575.270
23098,575.275
23099,575.281
23100,575.286
23101,575.341
23102,575.348
23103,575.355
23104,575.413
23105,575.420
23106,575.427
23107,575.477
23108,575.484
23109,575.491
23110,575.531
23111,575.537
23112,575.543
23113,575.549
23114,575.555
23115,575.614
23116,575.621
23117,575.629
23118,575.687
23119,575.695
23120,575.702
23121,575.754
23122,575.762
23123,575.769
23124,575.808
23125,575.814
23126,575.819
23127,575.826
23128,575.832
23129,575.887
23130,575.894
23131,575.901
23132,575.960
23133,575.968
23134,575.975
23135,576.029
23136,576.035
23137,576.041
23138,576.098
23139,576.107
23140,576.115
23141,576.123
23142,576.131
23143,576.213
23144,576.223
23145,576.234
23146,576.314
23147,576.324
23148,576.334
23149,576.409
23150,576.421
23151,576.433
23152,576.485
23153,576.491
23154,576.497
23155,576.503
23156,576.510
23157,576.564
23158,576.571
23159,576.578
23160,576.634
23161,576.641
23162,576.648
23163,576.699
23164,576.707
23165,576.714
23166,576.756
23167,576.762
23168,576.769
23169,576.775
23170,576.781
23171,576.834
23172,576.842
23173,576.849
23174,576.907
23175,576.915
23176,576.922
23177,576.976
23178,576.984
23179,576.991
23180,577.035
23181,577.042
23182,577.048
23183,577.054
23184,577.060
23185,577.113
23186,577.120
23187,577.128
23188,577.182
23189,577.190
23190,577.198
23191,577.256
23192,577.264
23193,577.271
23194,577.361
23195,577.424
23196,577.430
23197,577.436
23198,577.442
23199,577.453
23200,577.465
23201,577.477
23202,577.488
23203,577.499
23204,577.510
23205,577.521
23206,577.532
23207,577.543
23208,577.554
23209,577.683
23210,577.689
23211,577.696
23212,577.787
23213,577.792
23214,577.802
23215,577.812
23216,577.906
23217,577.911
23218,577.919
23219,577.927
23220,577.935
23221,577.940
23222,578.042
23223,578.051
23224,578.058
23225,578.126
23226,578.187
23227,578.194
23228,578.201
23229,578.209
23230,578.217
23231,578.224
23232,578.231
23233,578.257
23234,578.310
23235,578.380
23236,578.388
23237,578.396
23238,578.403
23239,578.411
23240,578.419
23241,578.427
23242,578.533
23243,578.542
23244,578.550
23245,578.558
23246,578.566
23247,578.640
23248,578.648
23249,578.656
23250,578.663
23251,578.671
23252,578.679
23253,578.684
23254,578.748
23255,578.755
23256,578.763
23257,578.770
23258,578.778
23259,578.786
23260,578.793
23261,578.896
23262,578.904
23263,578.912
23264,578.920
23265,578.927
23266,579.031
23267,579.041
23268,579.051
23269,579.060
23270,579.070
23271,579.084
23272,579.091
23273,579.172
23274,579.241
23275,579.250
23276,579.260
23277,579.269
23278,579.278
23279,579.313
23280,579.383
23281,579.485
23282,579.493
23283,579.501
23284,579.509
23285,579.517
23286,579.616
23287,579.624
23288,579.633
23289,579.640
23290,579.647
23291,579.742
23292,579.750
23293,579.756
23294,579.763
23295,579.769
23296,579.867
23297,579.875
23298,579.883
23299,579.891
23300,579.897
23301,579.972
23302,580.033
23303,580.040
23304,580.048
23305,580.055
23306,580.062
23307,580.069
23308,580.076
23309,580.083
23310,580.091
23311,580.098
23312,580.105
23313,580.112
23314,580.119
23315,580.127
23316,580.134
23317,580.141
23318,580.148
23319,580.156
23320,580.163
23321,580.171
23322,580.178
23323,580.205
23324,580.259
23325,580.328
23326,580.335
23327,580.342
23328,580.350
23329,580.357
23330,580.364
23331,580.369
23332,580.449
23333,580.459
23334,580.469
23335,580.478
23336,580.489
23337,580.499
23338,580.506
23339,580.657
23340,580.668
23341,580.679
23342,580.689
23343,580.700
23344,580.801
23345,580.813
23346,580.824
23347,580.832
23348,580.839
23349,580.847
23350,580.852
23351,580.915
23352,580.922
23353,580.930
23354,580.936
23355,580.943
23356,580.950
23357,580.955
23358,581.050
23359,581.058
23360,581.066
23361,581.073
23362,581.081
23363,581.164
23364,581.172
23365,581.179
23366,581.187
23367,581.194
23368,581.289
23369,581.298
23370,581.308
23371,581.315
23372,581.323
23373,581.394
23374,581.402
23375,581.409
23376,581.417
23377,581.424
23378,581.432
23379,581.437
23380,581.539
23381,581.547
23382,581.555
23383,581.563
23384,581.570
23385,581.665
23386,581.673
23387,581.682
23388,581.692
23389,581.700
23390,581.788
23391,581.796
23392,581.804
23393,581.813
23394,581.950
23395,581.965
23396,581.975
23397,581.984
23398,581.994
23399,582.086
23400,582.096
23401,582.106
23402,582.115
23403,582.125
23404,582.135
23405,582.145
23406,582.271
23407,582.279
23408,582.286
23409,582.294
23410,582.301
23411,582.374
23412,582.382
23413,582.388
23414,582.395
23415,582.401
23416,582.408
23417,582.415
23418,582.508
23419,582.515
23420,582.523
23421,582.531
23422,582.539
23423,582.631
23424,582.639
23425,582.647
23426,582.653
23427,582.660
23428,582.754
23429,582.762
23430,582.770
23431,582.778
23432,582.785
23433,582.874
23434,582.882
23435,582.892
23436,582.900
23437,582.908
23438,582.999
23439,583.005
23440,583.010
23441,583.106
23442,583.115
23443,583.120
23444,583.207
23445,583.213
23446,583.217
23447,583.353
23448,583.362
23449,583.368
23450,583.510
23451,583.521
23452,583.531
23453,583.681
23454,583.692
23455,583.699
23456,583.810
23457,583.816
23458,583.822
23459,583.909
23460,583.968
23461,583.975
23462,583.981
23463,583.988
23464,583.995
23465,584.003
23466,584.012
23467,584.019
23468,584.027
23469,584.034
23470,584.042
23471,584.049
23472,584.057
23473,584.065
23474,584.159
23475,584.165
23476,584.170
23477,584.238
23478,584.244
23479,584.251
23480,584.259
23481,584.326
23482,584.331
23483,584.338
23484,584.346
23485,584.353
23486,584.358
23487,584.453
23488,584.461
23489,584.468
23490,584.533
23491,584.585
23492,584.591
23493,584.597
23494,584.604
23495,584.610
23496,584.616
23497,584.623
23498,584.648
23499,584.698
23500,584.774
23501,584.784
23502,584.795
23503,584.804
23504,584.813
23505,584.823
23506,584.833
23507,584.971
23508,584.982
23509,584.992
23510,585.000
23511,585.007
23512,585.105
23513,585.115
23514,585.125
23515,585.135
23516,585.146
23517,585.157
23518,585.163
23519,585.228
23520,585.236
23521,585.243
23522,585.249
23523,585.257
23524,585.264
23525,585.272
23526,585.371
23527,585.379
23528,585.387
23529,585.396
23530,585.404
23531,585.477
23532,585.485
23533,585.492
23534,585.498
23535,585.506
23536,585.513
23537,585.518
23538,585.581
23539,585.632
23540,585.639
23541,585.646
23542,585.653
23543,585.659
23544,585.685
23545,585.736
23546,585.836
23547,585.845
23548,585.853
23549,585.860
23550,585.869
23551,585.973
23552,585.982
23553,585.991
23554,585.998
23555,586.007
23556,586.082
23557,586.089
23558,586.097
23559,586.101
23560,586.195
23561,586.209
23562,586.220
23563,586.229
23564,586.237
23565,586.339
23566,586.427
23567,586.436
23568,586.446
23569,586.455
23570,586.465
23571,586.474
23572,586.483
23573,586.493
23574,586.503
23575,586.512
23576,586.522
23577,586.532
23578,586.542
23579,586.552
23580,586.562
23581,586.572
23582,586.584
23583,586.613
23584,586.614
23585,586.618
23586,586.626
23587,586.654
23588,586.708
23589,586.777
23590,586.785
23591,586.792
23592,586.799
23593,586.806
23594,586.813
23595,586.818
23596,586.881
23597,586.889
23598,586.896
23599,586.903
23600,586.911
23601,586.918
23602,586.923
23603,587.027
23604,587.036
23605,587.044
23606,587.051
23607,587.059
23608,587.130
23609,587.138
23610,587.145
23611,587.152
23612,587.159
23613,587.167
23614,587.172
23615,587.234
23616,587.242
23617,587.250
23618,587.257
23619,587.265
23620,587.273
23621,587.278
23622,587.382
23623,587.390
23624,587.398
23625,587.405
23626,587.413
23627,587.501
23628,587.510
23629,587.518
23630,587.526
23631,587.534
23632,587.628
23633,587.635
23634,587.649
23635,587.659
23636,587.671
23637,587.772
23638,587.783
23639,587.798
23640,587.806
23641,587.816
23642,587.826
23643,587.833
23644,587.977
23645,587.988
23646,587.999
23647,588.008
23648,588.019
23649,588.142
23650,588.150
23651,588.158
23652,588.167
23653,588.175
23654,588.265
23655,588.274
23656,588.283
23657,588.290
23658,588.387
23659,588.395
23660,588.403
23661,588.410
23662,588.418
23663,588.491
23664,588.498
23665,588.505
23666,588.512
23667,588.519
23668,588.526
23669,588.532
23670,588.634
23671,588.642
23672,588.650
23673,588.658
23674,588.666
23675,588.739
23676,588.747
23677,588.754
23678,588.760
23679,588.768
23680,588.775
23681,588.782
23682,588.877
23683,588.885
23684,588.894
23685,588.901
23686,588.908
23687,589.003
23688,589.010
23689,589.018
23690,589.025
23691,589.032
23692,589.136
23693,589.147
23694,589.158
23695,589.167
23696,589.178
23697,589.297
23698,589.307
23699,589.318
23700,589.326
23701,589.336
23702,589.463
23703,589.470
23704,589.476
23705,589.596
23706,589.603
23707,589.609
23708,589.695
23709,589.701
23710,589.706
23711,589.791
23712,589.797
23713,589.802
23714,589.895
23715,589.900
23716,589.907
23717,589.998
23718,590.005
23719,590.012
23720,590.104
23721,590.110
23722,590.115
23723,590.197
23724,590.256
23725,590.263
23726,590.270
23727,590.277
23728,590.283
23729,590.290
23730,590.297
23731,590.304
23732,590.311
23733,590.318
23734,590.326
23735,590.334
23736,590.341
23737,590.349
23738,590.433
23739,590.439
23740,590.443
23741,590.503
23742,590.510
23743,590.520
23744,590.531
23745,590.619
23746,590.625
23747,590.634
23748,590.646
23749,590.655
23750,590.662
23751,590.801
23752,590.812
23753,590.821
23754,590.915
23755,590.986
23756,590.993
23757,591.001
23758,591.007
23759,591.014
23760,591.021
23761,591.028
23762,591.057
23763,591.110
23764,591.178
23765,591.185
23766,591.193
23767,591.200
23768,591.208
23769,591.216
23770,591.223
23771,591.323
23772,591.331
23773,591.339
23774,591.346
23775,591.354
23776,591.430
23777,591.438
23778,591.447
23779,591.452
23780,591.459
23781,591.466
23782,591.472
23783,591.533
23784,591.540
23785,591.548
23786,591.554
23787,591.562
23788,591.569
23789,591.577
23790,591.681
23791,591.690
23792,591.700
23793,591.709
23794,591.717
23795,591.787
23796,591.794
23797,591.801
23798,591.808
23799,591.815
23800,591.822
23801,591.827
23802,591.886
23803,591.939
23804,591.945
23805,591.952
23806,591.958
23807,591.964
23808,591.985
23809,592.062
23810,592.206
23811,592.216
23812,592.227
23813,592.236
23814,592.247
23815,592.386
23816,592.398
23817,592.410
23818,592.416
23819,592.424
23820,592.523
23821,592.530
23822,592.535
23823,592.542
23824,592.548
23825,592.621
23826,592.629
23827,592.643
23828,592.644
23829,592.711
23830,592.769
23831,592.776
23832,592.782
23833,592.789
23834,592.795
23835,592.802
23836,592.808
23837,592.816
23838,592.823
23839,592.830
23840,592.836
23841,592.843
23842,592.850
23843,592.856
23844,592.863
23845,592.870
23846,592.877
23847,592.887
23848,592.891
23849,592.898
23850,592.905
23851,592.933
23852,592.990
23853,593.057
23854,593.065
23855,593.073
23856,593.080
23857,593.088
23858,593.095
23859,593.101
23860,593.164
23861,593.171
23862,593.179
23863,593.186
23864,593.193
23865,593.201
23866,593.206
23867,593.309
23868,593.317
23869,593.326
23870,593.333
23871,593.340
23872,593.411
23873,593.418
23874,593.425
23875,593.431
23876,593.437
23877,593.443
23878,593.447
23879,593.533
23880,593.542
23881,593.552
23882,593.561
23883,593.573
23884,593.583
23885,593.589
23886,593.741
23887,593.756
23888,593.770
23889,593.779
23890,593.789
23891,593.909
23892,593.917
23893,593.924
23894,593.932
23895,593.939
23896,594.038
23897,594.045
23898,594.053
23899,594.060
23900,594.067
23901,594.147
23902,594.156
23903,594.163
23904,594.170
23905,594.178
23906,594.185
23907,594.190
23908,594.293
23909,594.303
23910,594.310
23911,594.318
23912,594.325
23913,594.421
23914,594.429
23915,594.438
23916,594.448
23917,594.456
23918,594.548
23919,594.557
23920,594.567
23921,594.575
23922,594.669
23923,594.677
23924,594.685
23925,594.693
23926,594.700
23927,594.773
23928,594.781
23929,594.789
23930,594.797
23931,594.805
23932,594.813
23933,594.821
23934,594.918
23935,594.925
23936,594.936
23937,594.946
23938,594.959
23939,595.062
23940,595.074
23941,595.084
23942,595.093
23943,595.108
23944,595.118
23945,595.127
23946,595.266
23947,595.276
23948,595.287
23949,595.295
23950,595.306
23951,595.433
23952,595.441
23953,595.449
23954,595.455
23955,595.463
23956,595.562
23957,595.571
23958,595.580
23959,595.587
23960,595.595
23961,595.683
23962,595.691
23963,595.699
23964,595.707
23965,595.717
23966,595.811
23967,595.816
23968,595.821
23969,595.917
23970,595.925
23971,595.931
23972,596.021
23973,596.027
23974,596.032
23975,596.121
23976,596.128
23977,596.133
23978,596.227
23979,596.235
23980,596.242
23981,596.339
23982,596.347
23983,596.354
23984,596.472
23985,596.484
23986,596.491
23987,596.613
23988,596.684
23989,596.692
23990,596.702
23991,596.711
23992,596.721
23993,596.731
23994,596.740
23995,596.749
23996,596.759
23997,596.768
23998,596.779
23999,596.789
24000,596.800
24001,596.811
24002,596.916
24003,596.923
24004,596.928
24005,596.996
24006,597.002
24007,597.009
24008,597.017
24009,597.084
24010,597.090
24011,597.097
24012,597.105
24013,597.144
24014,597.150
24015,597.253
24016,597.261
24017,597.268
24018,597.335
24019,597.390
24020,597.396
24021,597.403
24022,597.409
24023,597.415
24024,597.422
24025,597.428
24026,597.453
24027,597.503
24028,597.575
24029,597.583
24030,597.591
24031,597.598
24032,597.605
24033,597.613
24034,597.621
24035,597.717
24036,597.725
24037,597.733
24038,597.741
24039,597.748
24040,597.817
24041,597.824
24042,597.831
24043,597.837
24044,597.844
24045,597.852
24046,597.857
24047,597.915
24048,597.925
24049,597.936
24050,597.944
24051,597.953
24052,597.963
24053,597.973
24054,598.115
24055,598.125
24056,598.137
24057,598.149
24058,598.160
24059,598.256
24060,598.266
24061,598.275
24062,598.283
24063,598.292
24064,598.302
24065,598.309
24066,598.380
24067,598.432
24068,598.440
24069,598.446
24070,598.453
24071,598.459
24072,598.482
24073,598.529
24074,598.623
24075,598.630
24076,598.638
24077,598.645
24078,598.652
24079,598.746
24080,598.754
24081,598.761
24082,598.768
24083,598.775
24084,598.863
24085,598.871
24086,598.878
24087,598.887
24088,598.891
24089,598.982
24090,598.990
24091,598.998
24092,599.004
24093,599.010
24094,599.078
24095,599.135
24096,599.142
24097,599.149
24098,599.155
24099,599.162
24100,599.168
24101,599.175
24102,599.181
24103,599.188
24104,599.195
24105,599.202
24106,599.208
24107,599.215
24108,599.222
24109,599.229
24110,599.235
24111,599.242
24112,599.249
24113,599.256
24114,599.262
24115,599.269
24116,599.293
24117,599.359
24118,599.454
24119,599.468
24120,599.478
24121,599.486
24122,599.494
24123,599.505
24124,599.511
24125,599.589
24126,599.599
24127,599.609
24128,599.617
24129,599.626
24130,599.637
24131,599.643
24132,599.756
24133,599.765
24134,599.773
24135,599.781
24136,599.859
24137,599.867
24138,599.874
24139,599.881
24140,599.887
24141,599.895
24142,599.900
24143,599.960
24144,599.968
24145,599.976
24146,599.983
24147,599.990
24148,599.998
24149,600.003
24150,600.127
24151,600.127
24152,600.127
24153,600.127
24154,600.134
24155,600.235
24156,600.245
24157,600.256
24158,600.265
24159,600.274
24160,600.374
24161,600.383
24162,600.394
24163,600.402
24164,600.479
24165,600.486
24166,600.494
24167,600.501
24168,600.509
24169,600.517
24170,600.523
24171,600.602
24172,600.610
24173,600.619
24174,600.627
24175,600.724
24176,600.732
24177,600.740
24178,600.749
24179,600.756
24180,600.857
24181,600.868
24182,600.880
24183,600.890
24184,601.001
24185,601.010
24186,601.020
24187,601.030
24188,601.126
24189,601.136
24190,601.146
24191,601.154
24192,601.162
24193,601.171
24194,601.182
24195,601.301
24196,601.310
24197,601.318
24198,601.325
24199,601.332
24200,601.402
24201,601.409
24202,601.416
24203,601.423
24204,601.429
24205,601.436
24206,601.443
24207,601.540
24208,601.548
24209,601.555
24210,601.562
24211,601.569
24212,601.662
24213,601.670
24214,601.677
24215,601.683
24216,601.691
24217,601.785
24218,601.793
24219,601.801
24220,601.807
24221,601.814
24222,601.896
24223,601.904
24224,601.912
24225,601.919
24226,601.928
24227,602.017
24228,602.022
24229,602.028
24230,602.120
24231,602.127
24232,602.132
24233,602.230
24234,602.240
24235,602.247
24236,602.370
24237,602.377
24238,602.384
24239,602.503
24240,602.515
24241,602.525
24242,602.653
24243,602.661
24244,602.668
24245,602.750
24246,602.757
24247,602.764
24248,602.850
24249,602.909
24250,602.917
24251,602.924
24252,602.931
24253,602.939
24254,602.946
24255,602.953
24256,602.960
24257,602.967
24258,602.975
24259,602.982
24260,602.989
24261,602.997
24262,603.004
24263,603.096
24264,603.101
24265,603.106
24266,603.175
24267,603.180
24268,603.188
24269,603.196
24270,603.264
24271,603.270
24272,603.277
24273,603.284
24274,603.291
24275,603.297
24276,603.396
24277,603.403
24278,603.411
24279,603.481
24280,603.534
24281,603.541
24282,603.547
24283,603.554
24284,603.560
24285,603.566
24286,603.573
24287,603.598
24288,603.644
24289,603.736
24290,603.746
24291,603.756
24292,603.764
24293,603.773
24294,603.783
24295,603.793
24296,603.930
24297,603.940
24298,603.951
24299,603.961
24300,603.972
24301,604.079
24302,604.090
24303,604.099
24304,604.106
24305,604.113
24306,604.121
24307,604.126
24308,604.190
24309,604.198
24310,604.206
24311,604.213
24312,604.222
24313,604.231
24314,604.239
24315,604.346
24316,604.355
24317,604.364
24318,604.373
24319,604.382
24320,604.455
24321,604.463
24322,604.469
24323,604.476
24324,604.483
24325,604.490
24326,604.495
24327,604.553
24328,604.606
24329,604.613
24330,604.619
24331,604.626
24332,604.634
24333,604.660
24334,604.715
24335,604.821
24336,604.829
24337,604.838
24338,604.844
24339,604.853
24340,604.959
24341,604.968
24342,604.977
24343,604.985
24344,604.992
24345,605.080
24346,605.087
24347,605.094
24348,605.101
24349,605.107
24350,605.220
24351,605.232
24352,605.243
24353,605.251
24354,605.262
24355,605.357
24356,605.436
24357,605.446
24358,605.457
24359,605.466
24360,605.476
24361,605.486
24362,605.496
24363,605.507
24364,605.517
24365,605.529
24366,605.540
24367,605.553
24368,605.562
24369,605.569
24370,605.576
24371,605.584
24372,605.591
24373,605.599
24374,605.606
24375,605.613
24376,605.620
24377,605.649
24378,605.703
24379,605.774
24380,605.781
24381,605.789
24382,605.796
24383,605.803
24384,605.812
24385,605.817
24386,605.883
24387,605.891
24388,605.898
24389,605.905
24390,605.912
24391,605.920
24392,605.926
24393,606.029
24394,606.037
24395,606.045
24396,606.053
24397,606.061
24398,606.139
24399,606.148
24400,606.156
24401,606.164
24402,606.171
24403,606.181
24404,606.187
24405,606.253
24406,606.261
24407,606.270
24408,606.277
24409,606.285
24410,606.293
24411,606.300
24412,606.409
24413,606.418
24414,606.428
24415,606.437
24416,606.445
24417,606.541
24418,606.551
24419,606.560
24420,606.568
24421,606.577
24422,606.694
24423,606.708
24424,606.720
24425,606.732
24426,606.744
24427,606.863
24428,606.874
24429,606.884
24430,606.893
24431,606.901
24432,606.911
24433,606.922
24434,607.067
24435,607.079
24436,607.091
24437,607.100
24438,607.111
24439,607.215
24440,607.223
24441,607.232
24442,607.241
24443,607.248
24444,607.340
24445,607.349
24446,607.358
24447,607.365
24448,607.460
24449,607.468
24450,607.475
24451,607.482
24452,607.489
24453,607.566
24454,607.573
24455,607.580
24456,607.586
24457,607.593
24458,607.601
24459,607.608
24460,607.709
24461,607.717
24462,607.726
24463,607.733
24464,607.742
24465,607.818
24466,607.825
24467,607.833
24468,607.839
24469,607.846
24470,607.854
24471,607.862
24472,607.966
24473,607.974
24474,607.982
24475,607.989
24476,607.998
24477,608.100
24478,608.109
24479,608.117
24480,608.125
24481,608.133
24482,608.266
24483,608.277
24484,608.289
24485,608.299
24486,608.311
24487,608.451
24488,608.462
24489,608.472
24490,608.480
24491,608.490
24492,608.616
24493,608.622
24494,608.627
24495,608.729
24496,608.736
24497,608.742
24498,608.832
24499,608.839
24500,608.844
24501,608.940
24502,608.946
24503,608.952
24504,609.046
24505,609.054
24506,609.061
24507,609.177
24508,609.177
24509,609.177
24510,609.251
24511,609.259
24512,609.266
24513,609.317
24514,609.324
24515,609.330
24516,609.386
24517,609.392
24518,609.397
24519,609.402
24520,609.409
24521,609.448
24522,609.454
24523,609.500
24524,609.506
24525,609.520
24526,609.526
24527,609.577
24528,609.584
24529,609.614
24530,609.619
24531,609.668
24532,609.678
24533,609.723
24534,610.613
24535,610.623
24536,610.630
24537,611.296
24538,611.990
24539,611.998
24540,612.727
24541,612.783
24542,613.732
24543,613.740
24544,613.747
24545,614.493
24546,614.538
24547,614.567
24548,615.395
24549,615.399
24550,615.404
24551,616.159
24552,616.211
24553,616.257
24554,616.276
24555,616.294
24556,616.312
24557,616.412
24558,616.423
24559,616.431
24560,616.437
24561,616.443
24562,616.449
24563,616.456
24564,616.462
24565,616.547
24566,616.623
24567,616.685
24568,616.753
24569,616.784
24570,616.850
24571,616.882
24572,616.949
24573,616.981
24574,617.048
24575,617.084
24576,617.155
24577,617.216
24578,617.223
24579,617.229
24580,617.270
24581,617.277
24582,617.283
24583,617.289
24584,617.295
24585,617.301
24586,617.307
24587,617.313
24588,617.320
24589,617.326
24590,617.332
24591,617.338
24592,617.345
24593,617.351
24594,617.357
24595,617.363
24596,617.369
24597,617.376
24598,617.431
24599,617.437
24600,617.443
24601,617.479
24602,617.497
24603,617.504
24604,617.530
24605,617.546
24606,617.552
24607,617.565
24608,617.588
24609,617.598
24610,617.656
24611,617.682
24612,617.691
24613,617.728
24614,617.753
24615,617.762
24616,617.780
24617,617.807
24618,617.815
24619,617.834
24620,617.860
24621,617.868
24622,617.887
24623,617.914
24624,617.925
24625,617.954
24626,617.973
24627,617.979
24628,617.991
24629,618.007
24630,618.014
24631,618.056
24632,618.074
24633,618.081
24634,618.122
24635,618.139
24636,618.145
24637,618.180
24638,618.198
24639,618.205
24640,618.219
24641,618.237
24642,618.242
24643,618.292
24644,618.298
24645,618.305
24646,618.310
24647,618.324
24648,618.345
24649,618.446
24650,618.453
24651,618.459
24652,618.465
24653,618.514
24654,618.520
24655,618.527
24656,618.546
24657,618.552
24658,618.557
24659,618.563
24660,618.581
24661,618.587
24662,618.601
24663,618.607
24664,618.613
24665,618.619
24666,618.624
24667,618.630
24668,618.642
24669,618.670
24670,618.678
24671,618.685
24672,618.747
24673,618.754
24674,618.761
24675,618.769
24676,618.774
24677,618.783
24678,618.817
24679,618.836
24680,618.842
24681,618.853
24682,618.859
24683,618.890
24684,618.896
24685,618.901
24686,618.906
24687,618.912
24688,618.917
24689,618.923
24690,618.930
24691,618.935
24692,618.951
24693,618.957
24694,618.962
24695,618.968
24696,618.975
24697,618.981
24698,618.985
24699,618.991
24700,619.014
24701,619.033
24702,619.051
24703,619.078
24704,619.088
24705,619.147
24706,619.156
24707,619.166
24708,619.176
24709,619.185
24710,619.193
24711,619.202
24712,619.212
24713,619.221
24714,619.230
24715,619.239
24716,619.248
24717,619.257
24718,619.266
24719,619.276
24720,619.286
24721,619.296
24722,619.306
24723,619.316
24724,619.326
24725,619.373
24726,619.382
24727,619.390
24728,619.422
24729,619.429
24730,619.435
24731,619.492
24732,619.499
24733,619.506
24734,619.561
24735,619.569
24736,619.577
24737,619.630
24738,619.638
24739,619.645
24740,619.701
24741,619.708
24742,619.715
24743,619.772
24744,619.780
24745,619.787
24746,619.842
24747,619.850
24748,619.857
24749,619.922
24750,619.930
24751,619.937
24752,619.995
24753,620.003
24754,620.010
24755,620.063
24756,620.070
24757,620.076
24758,620.127
24759,620.134
24760,620.141
24761,620.196
24762,620.203
24763,620.210
24764,620.266
24765,620.275
24766,620.283
24767,620.343
24768,620.352
24769,620.359
24770,620.422
24771,620.433
24772,620.441
24773,620.515
24774,620.529
24775,620.541
24776,620.614
24777,620.625
24778,620.635
24779,620.712
24780,620.723
24781,620.732
24782,620.798
24783,620.809
24784,620.815
24785,620.821
24786,620.828
24787,620.834
24788,620.841
24789,620.847
24790,620.854
24791,620.860
24792,620.867
24793,620.874
24794,620.881
24795,620.888
24796,620.895
24797,620.902
24798,620.908
24799,620.914
24800,620.921
24801,620.927
24802,620.959
24803,620.965
24804,620.971
24805,621.002
24806,621.008
24807,621.014
24808,621.070
24809,621.077
24810,621.084
24811,621.142
24812,621.150
24813,621.157
24814,621.212
24815,621.219
24816,621.226
24817,621.281
24818,621.288
24819,621.295
24820,621.352
24821,621.359
24822,621.365
24823,621.419
24824,621.427
24825,621.434
24826,621.496
24827,621.503
24828,621.510
24829,621.552
24830,621.558
24831,621.565
24832,621.572
24833,621.578
24834,621.596
24835,621.626
24836,621.682
24837,621.691
24838,621.703
24839,621.707
24840,621.760
24841,621.768
24842,621.776
24843,621.784
24844,621.791
24845,621.844
24846,621.855
24847,621.866
24848,621.878
24849,621.956
24850,621.967
24851,621.978
24852,622.057
24853,622.066
24854,622.076
24855,622.147
24856,622.157
24857,622.167
24858,622.176
24859,622.251
24860,622.263
24861,622.270
24862,622.277
24863,622.337
24864,622.345
24865,622.354
24866,622.410
24867,622.417
24868,622.424
24869,622.483
24870,622.491
24871,622.498
24872,622.558
24873,622.567
24874,622.574
24875,622.634
24876,622.641
24877,622.648
24878,622.703
24879,622.710
24880,622.717
24881,622.772
24882,622.779
24883,622.786
24884,622.839
24885,622.846
24886,622.853
24887,622.908
24888,622.916
24889,622.923
24890,622.967
24891,622.974
24892,622.980
24893,622.986
24894,622.992
24895,622.998
24896,623.005
24897,623.011
24898,623.017
24899,623.023
24900,623.029
24901,623.035
24902,623.041
24903,623.047
24904,623.053
24905,623.060
24906,623.067
24907,623.074
24908,623.081
24909,623.088
24910,623.122
24911,623.128
24912,623.133
24913,623.165
24914,623.171
24915,623.177
24916,623.241
24917,623.252
24918,623.262
24919,623.336
24920,623.347
24921,623.360
24922,623.435
24923,623.445
24924,623.454
24925,623.528
24926,623.539
24927,623.548
24928,623.634
24929,623.642
24930,623.650
24931,623.707
24932,623.714
24933,623.722
24934,623.782
24935,623.790
24936,623.797
24937,623.862
24938,623.870
24939,623.878
24940,623.936
24941,623.944
24942,623.951
24943,624.005
24944,624.012
24945,624.019
24946,624.079
24947,624.087
24948,624.094
24949,624.156
24950,624.164
24951,624.172
24952,624.234
24953,624.243
24954,624.250
24955,624.313
24956,624.321
24957,624.329
24958,624.385
24959,624.392
24960,624.400
24961,624.453
24962,624.460
24963,624.467
24964,624.523
24965,624.530
24966,624.537
24967,624.584
24968,624.590
24969,624.597
24970,624.603
24971,624.609
24972,624.614
24973,624.619
24974,624.624
24975,624.632
24976,624.643
24977,624.654
24978,624.665
24979,624.675
24980,624.685
24981,624.693
24982,624.702
24983,624.712
24984,624.721
24985,624.730
24986,624.740
24987,624.786
24988,624.795
24989,624.803
24990,624.847
24991,624.857
24992,624.865
24993,624.942
24994,624.951
24995,624.960
24996,625.040
24997,625.048
24998,625.055
24999,625.111
25000,625.118
25001,625.126
25002,625.176
25003,625.182
25004,625.188
25005,625.238
25006,625.244
25007,625.251
25008,625.305
25009,625.311
25010,625.318
25011,625.378
25012,625.385
25013,625.392
25014,625.446
25015,625.452
25016,625.459
25017,625.512
25018,625.519
25019,625.525
25020,625.597
25021,625.597
25022,625.597
25023,625.652
25024,625.659
25025,625.666
25026,625.724
25027,625.731
25028,625.739
25029,625.797
25030,625.805
25031,625.812
25032,625.870
25033,625.879
25034,625.887
25035,625.942
25036,625.949
25037,625.956
25038,626.019
25039,626.029
25040,626.040
25041,626.113
25042,626.124
25043,626.138
25044,626.192
25045,626.200
25046,626.209
25047,626.216
25048,626.224
25049,626.232
25050,626.240
25051,626.248
25052,626.257
25053,626.265
25054,626.274
25055,626.283
25056,626.292
25057,626.300
25058,626.309
25059,626.317
25060,626.327
25061,626.337
25062,626.348
25063,626.359
25064,626.417
25065,626.423
25066,626.431
25067,626.475
25068,626.481
25069,626.487
25070,626.540
25071,626.547
25072,626.554
25073,626.608
25074,626.616
25075,626.622
25076,626.674
25077,626.682
25078,626.688
25079,626.739
25080,626.746
25081,626.753
25082,626.803
25083,626.810
25084,626.818
25085,626.868
25086,626.875
25087,626.882
25088,626.939
25089,626.946
25090,626.953
25091,627.007
25092,627.014
25093,627.020
25094,627.068
25095,627.075
25096,627.081
25097,627.128
25098,627.134
25099,627.140
25100,627.194
25101,627.200
25102,627.206
25103,627.259
25104,627.265
25105,627.270
25106,627.349
25107,627.359
25108,627.368
25109,627.452
25110,627.463
25111,627.471
25112,627.540
25113,627.550
25114,627.559
25115,627.626
25116,627.636
25117,627.647
25118,627.710
25119,627.716
25120,627.722
25121,627.765
25122,627.771
25123,627.777
25124,627.783
25125,627.788
25126,627.793
25127,627.799
25128,627.804
25129,627.809
25130,627.815
25131,627.821
25132,627.826
25133,627.832
25134,627.838
25135,627.843
25136,627.849
25137,627.855
25138,627.861
25139,627.867
25140,627.873
25141,627.921
25142,627.927
25143,627.934
25144,627.969
25145,627.974
25146,627.980
25147,628.026
25148,628.032
25149,628.038
25150,628.087
25151,628.093
25152,628.100
25153,628.148
25154,628.154
25155,628.161
25156,628.211
25157,628.217
25158,628.224
25159,628.271
25160,628.278
25161,628.284
25162,628.331
25163,628.337
25164,628.344
25165,628.397
25166,628.404
25167,628.410
25168,628.465
25169,628.471
25170,628.477
25171,628.524
25172,628.530
25173,628.535
25174,628.606
25175,628.616
25176,628.625
25177,628.713
25178,628.723
25179,628.733
25180,628.810
25181,628.820
25182,628.831
25183,628.913
25184,628.925
25185,628.936
25186,629.007
25187,629.014
25188,629.021
25189,629.079
25190,629.085
25191,629.092
25192,629.144
25193,629.151
25194,629.157
25195,629.210
25196,629.216
25197,629.223
25198,629.315
25199,629.380
25200,629.388
25201,629.395
25202,629.403
25203,629.410
25204,629.418
25205,629.425
25206,629.433
25207,629.440
25208,629.448
25209,629.457
25210,629.465
25211,629.474
25212,629.483
25213,629.584
25214,629.592
25215,629.600
25216,629.675
25217,629.683
25218,629.690
25219,629.699
25220,629.765
25221,629.773
25222,629.780
25223,629.788
25224,629.795
25225,629.803
25226,629.905
25227,629.913
25228,629.921
25229,630.021
25230,630.117
25231,630.117
25232,630.124
25233,630.134
25234,630.145
25235,630.156
25236,630.166
25237,630.203
25238,630.284
25239,630.382
25240,630.394
25241,630.406
25242,630.413
25243,630.421
25244,630.429
25245,630.438
25246,630.551
25247,630.561
25248,630.570
25249,630.579
25250,630.587
25251,630.665
25252,630.673
25253,630.681
25254,630.688
25255,630.695
25256,630.703
25257,630.711
25258,630.780
25259,630.788
25260,630.796
25261,630.802
25262,630.810
25263,630.817
25264,630.825
25265,630.937
25266,630.947
25267,630.965
25268,630.974
25269,630.983
25270,631.061
25271,631.070
25272,631.078
25273,631.084
25274,631.092
25275,631.100
25276,631.108
25277,631.174
25278,631.234
25279,631.241
25280,631.249
25281,631.256
25282,631.263
25283,631.291
25284,631.351
25285,631.453
25286,631.466
25287,631.479
25288,631.492
25289,631.504
25290,631.654
25291,631.665
25292,631.675
25293,631.687
25294,631.698
25295,631.837
25296,631.849
25297,631.861
25298,631.873
25299,631.881
25300,631.987
25301,631.995
25302,632.004
25303,632.012
25304,632.020
25305,632.098
25306,632.163
25307,632.171
25308,632.179
25309,632.186
25310,632.193
25311,632.200
25312,632.207
25313,632.215
25314,632.222
25315,632.229
25316,632.237
25317,632.244
25318,632.252
25319,632.260
25320,632.267
25321,632.275
25322,632.283
25323,632.291
25324,632.298
25325,632.306
25326,632.315
25327,632.343
25328,632.404
25329,632.473
25330,632.481
25331,632.489
25332,632.496
25333,632.503
25334,632.512
25335,632.519
25336,632.588
25337,632.596
25338,632.605
25339,632.612
25340,632.619
25341,632.627
25342,632.636
25343,632.749
25344,632.758
25345,632.767
25346,632.776
25347,632.786
25348,632.866
25349,632.874
25350,632.881
25351,632.887
25352,632.894
25353,632.900
25354,632.909
25355,633.006
25356,633.016
25357,633.027
25358,633.036
25359,633.046
25360,633.057
25361,633.068
25362,633.206
25363,633.216
25364,633.227
25365,633.237
25366,633.248
25367,633.361
25368,633.369
25369,633.377
25370,633.386
25371,633.394
25372,633.498
25373,633.506
25374,633.514
25375,633.523
25376,633.531
25377,633.605
25378,633.612
25379,633.620
25380,633.627
25381,633.634
25382,633.642
25383,633.650
25384,633.769
25385,633.780
25386,633.789
25387,633.798
25388,633.806
25389,633.917
25390,633.926
25391,633.934
25392,633.941
25393,633.949
25394,634.044
25395,634.052
25396,634.062
25397,634.071
25398,634.168
25399,634.177
25400,634.185
25401,634.194
25402,634.202
25403,634.279
25404,634.286
25405,634.293
25406,634.301
25407,634.308
25408,634.316
25409,634.323
25410,634.456
25411,634.467
25412,634.479
25413,634.491
25414,634.503
25415,634.616
25416,634.626
25417,634.636
25418,634.644
25419,634.653
25420,634.663
25421,634.674
25422,634.816
25423,634.825
25424,634.833
25425,634.842
25426,634.850
25427,634.953
25428,634.962
25429,634.970
25430,634.979
25431,634.987
25432,635.092
25433,635.101
25434,635.109
25435,635.117
25436,635.125
25437,635.212
25438,635.220
25439,635.228
25440,635.236
25441,635.244
25442,635.340
25443,635.349
25444,635.357
25445,635.455
25446,635.464
25447,635.472
25448,635.567
25449,635.576
25450,635.583
25451,635.680
25452,635.689
25453,635.698
25454,635.800
25455,635.812
25456,635.822
25457,635.970
25458,635.980
25459,635.990
25460,636.127
25461,636.138
25462,636.148
25463,636.270
25464,636.337
25465,636.345
25466,636.352
25467,636.359
25468,636.367
25469,636.374
25470,636.382
25471,636.390
25472,636.398
25473,636.405
25474,636.413
25475,636.421
25476,636.429
25477,636.437
25478,636.533
25479,636.541
25480,636.548
25481,636.623
25482,636.630
25483,636.637
25484,636.645
25485,636.711
25486,636.719
25487,636.726
25488,636.733
25489,636.740
25490,636.747
25491,636.846
25492,636.855
25493,636.863
25494,636.939
25495,637.000
25496,637.008
25497,637.015
25498,637.023
25499,637.031
25500,637.039
25501,637.046
25502,637.073
25503,637.131
25504,637.199
25505,637.206
25506,637.214
25507,637.220
25508,637.227
25509,637.234
25510,637.241
25511,637.383
25512,637.396
25513,637.407
25514,637.419
25515,637.439
25516,637.541
25517,637.551
25518,637.561
25519,637.569
25520,637.579
25521,637.590
25522,637.601
25523,637.699
25524,637.711
25525,637.721
25526,637.727
25527,637.735
25528,637.742
25529,637.750
25530,637.860
25531,637.868
25532,637.876
25533,637.883
25534,637.891
25535,637.969
25536,637.976
25537,637.984
25538,637.990
25539,637.996
25540,638.004
25541,638.011
25542,638.076
25543,638.129
25544,638.136
25545,638.143
25546,638.150
25547,638.156
25548,638.183
25549,638.238
25550,638.343
25551,638.352
25552,638.361
25553,638.369
25554,638.378
25555,638.481
25556,638.489
25557,638.497
25558,638.506
25559,638.514
25560,638.613
25561,638.621
25562,638.629
25563,638.638
25564,638.646
25565,638.738
25566,638.745
25567,638.752
25568,638.764
25569,638.776
25570,638.894
25571,638.993
25572,639.002
25573,639.012
25574,639.022
25575,639.035
25576,639.042
25577,639.051
25578,639.061
25579,639.073
25580,639.084
25581,639.094
25582,639.105
25583,639.115
25584,639.125
25585,639.136
25586,639.147
25587,639.159
25588,639.173
25589,639.186
25590,639.197
25591,639.205
25592,639.236
25593,639.304
25594,639.372
25595,639.380
25596,639.388
25597,639.395
25598,639.403
25599,639.411
25600,639.418
25601,639.488
25602,639.497
25603,639.504
25604,639.511
25605,639.518
25606,639.527
25607,639.535
25608,639.650
25609,639.661
25610,639.669
25611,639.679
25612,639.688
25613,639.770
25614,639.779
25615,639.786
25616,639.793
25617,639.801
25618,639.809
25619,639.816
25620,639.884
25621,639.893
25622,639.902
25623,639.909
25624,639.918
25625,639.927
25626,639.937
25627,640.050
25628,640.061
25629,640.072
25630,640.081
25631,640.090
25632,640.189
25633,640.198
25634,640.207
25635,640.217
25636,640.227
25637,640.348
25638,640.359
25639,640.370
25640,640.381
25641,640.393
25642,640.528
25643,640.528
25644,640.530
25645,640.538
25646,640.548
25647,640.558
25648,640.569
25649,640.721
25650,640.732
25651,640.740
25652,640.748
25653,640.757
25654,640.861
25655,640.869
25656,640.878
25657,640.887
25658,640.895
25659,640.992
25660,641.001
25661,641.010
25662,641.019
25663,641.114
25664,641.123
25665,641.130
25666,641.138
25667,641.146
25668,641.220
25669,641.227
25670,641.234
25671,641.240
25672,641.247
25673,641.255
25674,641.262
25675,641.358
25676,641.366
25677,641.373
25678,641.382
25679,641.389
25680,641.461
25681,641.468
25682,641.474
25683,641.480
25684,641.486
25685,641.493
25686,641.499
25687,641.594
25688,641.601
25689,641.610
25690,641.618
25691,641.626
25692,641.722
25693,641.733
25694,641.745
25695,641.756
25696,641.768
25697,641.902
25698,641.914
25699,641.923
25700,641.933
25701,641.942
25702,642.059
25703,642.069
25704,642.081
25705,642.093
25706,642.104
25707,642.211
25708,642.219
25709,642.226
25710,642.321
25711,642.329
25712,642.336
25713,642.423
25714,642.431
25715,642.437
25716,642.522
25717,642.529
25718,642.536
25719,642.630
25720,642.638
25721,642.645
25722,642.745
25723,642.754
25724,642.762
25725,642.862
25726,642.870
25727,642.878
25728,642.970
25729,643.033
25730,643.040
25731,643.048
25732,643.057
25733,643.061
25734,643.068
25735,643.076
25736,643.087
25737,643.099
25738,643.110
25739,643.122
25740,643.133
25741,643.144
25742,643.155
25743,643.293
25744,643.303
25745,643.313
25746,643.420
25747,643.431
25748,643.439
25749,643.450
25750,643.543
25751,643.552
25752,643.559
25753,643.567
25754,643.575
25755,643.583
25756,643.686
25757,643.695
25758,643.702
25759,643.777
25760,643.838
25761,643.846
25762,643.853
25763,643.860
25764,643.867
25765,643.875
25766,643.882
25767,643.909
25768,643.964
25769,644.028
25770,644.035
25771,644.043
25772,644.049
25773,644.056
25774,644.064
25775,644.071
25776,644.173
25777,644.182
25778,644.191
25779,644.199
25780,644.207
25781,644.285
25782,644.292
25783,644.301
25784,644.307
25785,644.314
25786,644.322
25787,644.329
25788,644.393
25789,644.400
25790,644.407
25791,644.413
25792,644.420
25793,644.427
25794,644.434
25795,644.551
25796,644.563
25797,644.574
25798,644.586
25799,644.598
25800,644.704
25801,644.714
25802,644.723
25803,644.731
25804,644.739
25805,644.749
25806,644.758
25807,644.846
25808,644.927
25809,644.938
25810,644.947
25811,644.954
25812,644.961
25813,644.990
25814,645.049
25815,645.151
25816,645.159
25817,645.167
25818,645.175
25819,645.183
25820,645.284
25821,645.292
25822,645.302
25823,645.310
25824,645.318
25825,645.412
25826,645.419
25827,645.427
25828,645.435
25829,645.443
25830,645.540
25831,645.548
25832,645.556
25833,645.565
25834,645.573
25835,645.651
25836,645.712
25837,645.719
25838,645.726
25839,645.733
25840,645.740
25841,645.748
25842,645.755
25843,645.762
25844,645.770
25845,645.777
25846,645.784
25847,645.791
25848,645.798
25849,645.806
25850,645.813
25851,645.820
25852,645.827
25853,645.835
25854,645.844
25855,645.852
25856,645.860
25857,645.889
25858,645.947
25859,646.041
25860,646.051
25861,646.062
25862,646.070
25863,646.080
25864,646.090
25865,646.101
25866,646.197
25867,646.207
25868,646.218
25869,646.226
25870,646.236
25871,646.246
25872,646.256
25873,646.412
25874,646.421
25875,646.431
25876,646.441
25877,646.451
25878,646.535
25879,646.543
25880,646.551
25881,646.559
25882,646.567
25883,646.575
25884,646.583
25885,646.655
25886,646.663
25887,646.670
25888,646.677
25889,646.685
25890,646.692
25891,646.699
25892,646.809
25893,646.818
25894,646.826
25895,646.835
25896,646.842
25897,646.930
25898,646.939
25899,646.947
25900,646.957
25901,646.965
25902,647.073
25903,647.081
25904,647.090
25905,647.099
25906,647.108
25907,647.188
25908,647.196
25909,647.203
25910,647.210
25911,647.218
25912,647.225
25913,647.233
25914,647.337
25915,647.345
25916,647.353
25917,647.362
25918,647.371
25919,647.479
25920,647.491
25921,647.504
25922,647.514
25923,647.526
25924,647.668
25925,647.679
25926,647.691
25927,647.702
25928,647.840
25929,647.852
25930,647.864
25931,647.876
25932,647.886
25933,647.967
25934,647.974
25935,647.982
25936,647.989
25937,647.995
25938,648.002
25939,648.009
25940,648.105
25941,648.113
25942,648.121
25943,648.129
25944,648.138
25945,648.217
25946,648.224
25947,648.231
25948,648.237
25949,648.245
25950,648.252
25951,648.259
25952,648.357
25953,648.366
25954,648.374
25955,648.383
25956,648.392
25957,648.494
25958,648.503
25959,648.512
25960,648.521
25961,648.530
25962,648.645
25963,648.654
25964,648.663
25965,648.672
25966,648.680
25967,648.766
25968,648.774
25969,648.783
25970,648.792
25971,648.799
25972,648.894
25973,648.906
25974,648.917
25975,649.060
25976,649.070
25977,649.080
25978,649.216
25979,649.227
25980,649.238
25981,649.359
25982,649.367
25983,649.375
25984,649.476
25985,649.484
25986,649.492
25987,649.589
25988,649.597
25989,649.605
25990,649.701
25991,649.709
25992,649.716
25993,649.800
25994,649.861
25995,649.868
25996,649.875
25997,649.883
25998,649.890
25999,649.897
26000,649.905
26001,649.913
26002,649.920
26003,649.928
26004,649.936
26005,649.944
26006,649.952
26007,649.960
26008,650.056
26009,650.064
26010,650.072
26011,650.154
26012,650.162
26013,650.169
26014,650.178
26015,650.249
26016,650.257
26017,650.264
26018,650.271
26019,650.279
26020,650.285
26021,650.414
26022,650.425
26023,650.437
26024,650.548
26025,650.626
26026,650.637
26027,650.648
26028,650.658
26029,650.669
26030,650.680
26031,650.690
26032,650.732
26033,650.807
26034,650.879
26035,650.888
26036,650.895
26037,650.902
26038,650.909
26039,650.918
26040,650.926
26041,651.035
26042,651.044
26043,651.052
26044,651.061
26045,651.072
26046,651.153
26047,651.163
26048,651.171
26049,651.177
26050,651.184
26051,651.192
26052,651.199
26053,651.266
26054,651.273
26055,651.281
26056,651.287
26057,651.294
26058,651.302
26059,651.310
26060,651.429
26061,651.439
26062,651.450
26063,651.461
26064,651.473
26065,651.556
26066,651.564
26067,651.572
26068,651.578
26069,651.586
26070,651.594
26071,651.602
26072,651.672
26073,651.732
26074,651.739
26075,651.746
26076,651.753
26077,651.759
26078,651.788
26079,651.841
26080,651.966
26081,651.978
26082,651.990
26083,652.000
26084,652.016
26085,652.149
26086,652.159
26087,652.170
26088,652.181
26089,652.191
26090,652.313
26091,652.320
26092,652.329
26093,652.337
26094,652.344
26095,652.440
26096,652.448
26097,652.456
26098,652.464
26099,652.472
26100,652.549
26101,652.617
26102,652.625
26103,652.633
26104,652.641
26105,652.648
26106,652.656
26107,652.664
26108,652.672
26109,652.681
26110,652.689
26111,652.696
26112,652.704
26113,652.712
26114,652.720
26115,652.728
26116,652.736
26117,652.744
26118,652.752
26119,652.760
26120,652.769
26121,652.777
26122,652.806
26123,652.873
26124,652.949
26125,652.958
26126,652.967
26127,652.974
26128,652.982
26129,652.989
26130,652.996
26131,653.064
26132,653.073
26133,653.080
26134,653.087
26135,653.095
26136,653.102
26137,653.111
26138,653.222
26139,653.231
26140,653.240
26141,653.249
26142,653.257
26143,653.341
26144,653.352
26145,653.362
26146,653.370
26147,653.380
26148,653.390
26149,653.401
26150,653.494
26151,653.504
26152,653.514
26153,653.522
26154,653.531
26155,653.541
26156,653.550
26157,653.698
26158,653.711
26159,653.725
26160,653.739
26161,653.753
26162,653.856
26163,653.865
26164,653.873
26165,653.883
26166,653.891
26167,654.006
26168,654.016
26169,654.025
26170,654.034
26171,654.043
26172,654.130
26173,654.138
26174,654.146
26175,654.154
26176,654.162
26177,654.171
26178,654.179
26179,654.295
26180,654.303
26181,654.311
26182,654.321
26183,654.329
26184,654.438
26185,654.448
26186,654.457
26187,654.465
26188,654.474
26189,654.576
26190,654.586
26191,654.596
26192,654.606
26193,654.706
26194,654.714
26195,654.724
26196,654.734
26197,654.742
26198,654.825
26199,654.833
26200,654.840
26201,654.847
26202,654.854
26203,654.861
26204,654.867
26205,655.007
26206,655.019
26207,655.032
26208,655.047
26209,655.058
26210,655.161
26211,655.171
26212,655.181
26213,655.189
26214,655.199
26215,655.209
26216,655.219
26217,655.354
26218,655.362
26219,655.369
26220,655.378
26221,655.385
26222,655.486
26223,655.494
26224,655.502
26225,655.509
26226,655.517
26227,655.616
26228,655.624
26229,655.632
26230,655.640
26231,655.648
26232,655.733
26233,655.741
26234,655.749
26235,655.757
26236,655.765
26237,655.860
26238,655.869
26239,655.877
26240,655.983
26241,655.993
26242,656.001
26243,656.096
26244,656.105
26245,656.114
26246,656.207
26247,656.216
26248,656.224
26249,656.323
26250,656.336
26251,656.347
26252,656.499
26253,656.510
26254,656.520
26255,656.658
26256,656.669
26257,656.679
26258,656.787
26259,656.844
26260,656.852
26261,656.858
26262,656.865
26263,656.871
26264,656.878
26265,656.885
26266,656.892
26267,656.898
26268,656.905
26269,656.912
26270,656.919
26271,656.926
26272,656.934
26273,657.026
26274,657.034
26275,657.041
26276,657.113
26277,657.120
26278,657.127
26279,657.134
26280,657.197
26281,657.204
26282,657.211
26283,657.218
26284,657.225
26285,657.232
26286,657.330
26287,657.339
26288,657.346
26289,657.418
26290,657.469
26291,657.476
26292,657.482
26293,657.489
26294,657.496
26295,657.502
26296,657.509
26297,657.534
26298,657.585
26299,657.649
26300,657.657
26301,657.664
26302,657.669
26303,657.676
26304,657.683
26305,657.690
26306,657.824
26307,657.836
26308,657.846
26309,657.857
26310,657.873
26311,657.972
26312,657.982
26313,657.992
26314,657.999
26315,658.009
26316,658.018
26317,658.028
26318,658.119
26319,658.130
26320,658.140
26321,658.146
26322,658.153
26323,658.160
26324,658.168
26325,658.285
26326,658.293
26327,658.302
26328,658.309
26329,658.318
26330,658.394
26331,658.401
26332,658.409
26333,658.415
26334,658.422
26335,658.430
26336,658.437
26337,658.499
26338,658.552
26339,658.558
26340,658.565
26341,658.571
26342,658.577
26343,658.601
26344,658.655
26345,658.757
26346,658.765
26347,658.773
26348,658.781
26349,658.789
26350,658.888
26351,658.897
26352,658.905
26353,658.913
26354,658.921
26355,659.013
26356,659.021
26357,659.029
26358,659.037
26359,659.044
26360,659.142
26361,659.150
26362,659.158
26363,659.164
26364,659.170
26365,659.275
26366,659.357
26367,659.366
26368,659.376
26369,659.385
26370,659.394
26371,659.403
26372,659.413
26373,659.423
26374,659.433
26375,659.442
26376,659.451
26377,659.461
26378,659.471
26379,659.480
26380,659.490
26381,659.499
26382,659.509
26383,659.520
26384,659.529
26385,659.541
26386,659.552
26387,659.587
26388,659.649
26389,659.720
26390,659.728
26391,659.736
26392,659.742
26393,659.750
26394,659.757
26395,659.765
26396,659.835
26397,659.843
26398,659.851
26399,659.857
26400,659.864
26401,659.871
26402,659.879
26403,659.982
26404,659.991
26405,659.999
26406,660.008
26407,660.016
26408,660.088
26409,660.095
26410,660.103
26411,660.109
26412,660.116
26413,660.124
26414,660.131
26415,660.198
26416,660.206
26417,660.213
26418,660.220
26419,660.228
26420,660.235
26421,660.244
26422,660.343
26423,660.351
26424,660.359
26425,660.368
26426,660.376
26427,660.458
26428,660.466
26429,660.473
26430,660.482
26431,660.489
26432,660.595
26433,660.606
26434,660.617
26435,660.630
26436,660.641
26437,660.749
26438,660.758
26439,660.768
26440,660.775
26441,660.784
26442,660.794
26443,660.804
26444,660.948
26445,660.960
26446,660.972
26447,660.980
26448,660.992
26449,661.107
26450,661.115
26451,661.124
26452,661.132
26453,661.140
26454,661.245
26455,661.255
26456,661.265
26457,661.274
26458,661.383
26459,661.392
26460,661.400
26461,661.408
26462,661.416
26463,661.493
26464,661.501
26465,661.508
26466,661.514
26467,661.521
26468,661.529
26469,661.536
26470,661.643
26471,661.651
26472,661.660
26473,661.669
26474,661.677
26475,661.753
26476,661.761
26477,661.768
26478,661.774
26479,661.782
26480,661.789
26481,661.797
26482,661.903
26483,661.910
26484,661.918
26485,661.927
26486,661.935
26487,662.038
26488,662.049
26489,662.061
26490,662.074
26491,662.087
26492,662.240
26493,662.250
26494,662.261
26495,662.271
26496,662.282
26497,662.407
26498,662.418
26499,662.430
26500,662.443
26501,662.454
26502,662.559
26503,662.566
26504,662.573
26505,662.667
26506,662.675
26507,662.682
26508,662.773
26509,662.781
26510,662.787
26511,662.873
26512,662.881
26513,662.887
26514,662.978
26515,662.986
26516,662.993
26517,663.087
26518,663.094
26519,663.102
26520,663.193
26521,663.200
26522,663.207
26523,663.286
26524,663.348
26525,663.357
26526,663.365
26527,663.372
26528,663.379
26529,663.385
26530,663.392
26531,663.398
26532,663.410
26533,663.421
26534,663.432
26535,663.443
26536,663.455
26537,663.465
26538,663.602
26539,663.612
26540,663.621
26541,663.718
26542,663.728
26543,663.737
26544,663.747
26545,663.832
26546,663.839
26547,663.845
26548,663.852
26549,663.859
26550,663.866
26551,663.974
26552,663.982
26553,663.990
26554,664.065
26555,664.123
26556,664.130
26557,664.137
26558,664.144
26559,664.151
26560,664.166
26561,664.166
26562,664.193
26563,664.257
26564,664.320
26565,664.328
26566,664.335
26567,664.341
26568,664.348
26569,664.357
26570,664.364
26571,664.468
26572,664.477
26573,664.485
26574,664.493
26575,664.502
26576,664.577
26577,664.584
26578,664.592
26579,664.598
26580,664.605
26581,664.612
26582,664.619
26583,664.682
26584,664.690
26585,664.696
26586,664.702
26587,664.709
26588,664.716
26589,664.722
26590,664.822
26591,664.835
26592,664.848
26593,664.858
26594,664.871
26595,664.978
26596,664.992
26597,665.002
26598,665.009
26599,665.018
26600,665.027
26601,665.037
26602,665.115
26603,665.184
26604,665.193
26605,665.203
26606,665.214
26607,665.225
26608,665.258
26609,665.312
26610,665.419
26611,665.427
26612,665.435
26613,665.443
26614,665.451
26615,665.551
26616,665.559
26617,665.567
26618,665.575
26619,665.583
26620,665.676
26621,665.684
26622,665.692
26623,665.700
26624,665.707
26625,665.794
26626,665.802
26627,665.809
26628,665.818
26629,665.825
26630,665.897
26631,665.952
26632,665.959
26633,665.965
26634,665.972
26635,665.979
26636,665.985
26637,665.992
26638,665.998
26639,666.004
26640,666.011
26641,666.017
26642,666.024
26643,666.030
26644,666.037
26645,666.044
26646,666.050
26647,666.057
26648,666.064
26649,666.070
26650,666.077
26651,666.084
26652,666.109
26653,666.162
26654,666.222
26655,666.234
26656,666.245
26657,666.253
26658,666.264
26659,666.275
26660,666.284
26661,666.387
26662,666.397
26663,666.406
26664,666.414
26665,666.423
26666,666.432
26667,666.441
26668,666.605
26669,666.619
26670,666.633
26671,666.647
26672,666.660
26673,666.741
26674,666.748
26675,666.756
26676,666.763
26677,666.771
26678,666.779
26679,666.786
26680,666.854
26681,666.862
26682,666.870
26683,666.877
26684,666.884
26685,666.892
26686,666.899
26687,667.009
26688,667.017
26689,667.026
26690,667.034
26691,667.042
26692,667.134
26693,667.142
26694,667.150
26695,667.158
26696,667.166
26697,667.272
26698,667.280
26699,667.288
26700,667.297
26701,667.305
26702,667.378
26703,667.386
26704,667.393
26705,667.400
26706,667.407
26707,667.414
26708,667.421
26709,667.520
26710,667.528
26711,667.536
26712,667.542
26713,667.550
26714,667.648
26715,667.655
26716,667.662
26717,667.671
26718,667.683
26719,667.824
26720,667.836
26721,667.847
26722,667.858
26723,668.000
26724,668.010
26725,668.021
26726,668.031
26727,668.042
26728,668.134
26729,668.141
26730,668.148
26731,668.154
26732,668.161
26733,668.169
26734,668.176
26735,668.273
26736,668.281
26737,668.289
26738,668.297
26739,668.304
26740,668.376
26741,668.383
26742,668.390
26743,668.396
26744,668.403
26745,668.410
26746,668.418
26747,668.518
26748,668.526
26749,668.534
26750,668.543
26751,668.551
26752,668.655
26753,668.663
26754,668.672
26755,668.681
26756,668.689
26757,668.794
26758,668.803
26759,668.811
26760,668.820
26761,668.828
26762,668.917
26763,668.926
26764,668.934
26765,668.943
26766,668.951
26767,669.048
26768,669.054
26769,669.060
26770,669.200
26771,669.212
26772,669.225
26773,669.353
26774,669.364
26775,669.373
26776,669.504
26777,669.512
26778,669.520
26779,669.623
26780,669.632
26781,669.639
26782,669.745
26783,669.754
26784,669.762
26785,669.857
26786,669.864
26787,669.871
26788,669.938
26789,669.999
26790,670.028
26791,670.092
26792,670.123
26793,670.187
26794,670.218
26795,670.281
26796,670.759
26797,670.770
26798,671.227
26799,671.289
26800,671.298
26801,671.359
26802,671.369
26803,671.877
26804,671.885
26805,672.307
26806,672.356
26807,672.364
26808,672.865
26809,672.873
26810,673.309
26811,673.357
26812,673.364
26813,673.421
26814,673.427
26815,673.432
26816,673.490
26817,673.499
26818,673.507
26819,673.516
26820,673.525
26821,673.534
26822,673.544
26823,673.553
26824,673.562
26825,673.643
26826,673.652
26827,673.659
26828,673.690
26829,673.714
26830,673.722
26831,673.743
26832,673.770
26833,673.778
26834,673.832
26835,673.861
26836,673.867
26837,673.899
26838,673.916
26839,673.922
26840,673.936
26841,673.952
26842,673.957
26843,673.995
26844,674.000
26845,674.005
26846,674.037
26847,674.042
26848,674.047
26849,674.052
26850,674.057
26851,674.062
26852,674.067
26853,674.073
26854,674.078
26855,674.130
26856,674.135
26857,674.141
26858,674.164
26859,674.178
26860,674.184
26861,674.196
26862,674.211
26863,674.216
26864,674.253
26865,674.268
26866,674.274
26867,674.302
26868,674.317
26869,674.322
26870,674.333
26871,674.348
26872,674.353
26873,674.390
26874,674.395
26875,674.401
26876,674.433
26877,674.438
26878,674.444
26879,674.449
26880,674.455
26881,674.460
26882,674.466
26883,674.471
26884,674.477
26885,674.529
26886,674.535
26887,674.541
26888,674.564
26889,674.580
26890,674.585
26891,674.596
26892,674.611
26893,674.617
26894,674.654
26895,674.669
26896,674.674
26897,674.704
26898,674.720
26899,674.725
26900,674.735
26901,674.760
26902,674.769
26903,674.820
26904,674.829
26905,674.837
26906,674.844
26907,674.853
26908,674.865
26909,674.873
26910,674.941
26911,674.950
26912,674.958
26913,674.989
26914,675.011
26915,675.019
26916,675.035
26917,675.058
26918,675.066
26919,675.112
26920,675.129
26921,675.135
26922,675.165
26923,675.181
26924,675.187
26925,675.225
26926,675.241
26927,675.246
26928,675.257
26929,675.272
26930,675.277
26931,675.306
26932,675.322
26933,675.328
26934,675.369
26935,675.376
26936,675.382
26937,675.388
26938,675.393
26939,675.429
26940,675.435
26941,675.441
26942,675.446
26943,675.452
26944,675.458
26945,675.464
26946,675.470
26947,675.476
26948,675.482
26949,675.498
26950,675.509
26951,675.520
26952,675.532
26953,675.543
26954,675.555
26955,675.566
26956,675.578
26957,675.617
26958,675.624
26959,675.630
26960,675.636
26961,675.642
26962,675.648
26963,675.654
26964,675.661
26965,675.668
26966,675.674
26967,675.681
26968,675.688
26969,675.695
26970,675.702
26971,675.709
26972,675.716
26973,675.723
26974,675.729
26975,675.736
26976,675.781
26977,675.787
26978,675.793
26979,675.832
26980,675.839
26981,675.845
26982,675.888
26983,675.894
26984,675.901
26985,675.943
26986,675.950
26987,675.956
26988,675.996
26989,676.002
26990,676.008
26991,676.053
26992,676.064
26993,676.073
26994,676.133
26995,676.142
26996,676.151
26997,676.214
26998,676.223
26999,676.232
27000,676.287
27001,676.296
27002,676.305
27003,676.362
27004,676.371
27005,676.379
27006,676.438
27007,676.445
27008,676.451
27009,676.494
27010,676.500
27011,676.507
27012,676.552
27013,676.558
27014,676.564
27015,676.605
27016,676.611
27017,676.617
27018,676.658
27019,676.664
27020,676.670
27021,676.710
27022,676.716
27023,676.723
27024,676.766
27025,676.810
27026,676.810
27027,676.817
27028,676.823
27029,676.829
27030,676.835
27031,676.882
27032,676.889
27033,676.896
27034,676.938
27035,676.945
27036,676.951
27037,676.992
27038,677.017
27039,677.024
27040,677.054
27041,677.060
27042,677.066
27043,677.072
27044,677.119
27045,677.126
27046,677.132
27047,677.172
27048,677.178
27049,677.183
27050,677.221
27051,677.244
27052,677.249
27053,677.355
27054,677.432
27055,677.442
27056,677.453
27057,677.464
27058,677.474
27059,677.484
27060,677.494
27061,677.504
27062,677.515
27063,677.525
27064,677.536
27065,677.547
27066,677.563
27067,677.573
27068,677.732
27069,677.742
27070,677.752
27071,677.867
27072,677.874
27073,677.881
27074,677.888
27075,677.973
27076,677.981
27077,677.986
27078,677.993
27079,677.999
27080,678.006
27081,678.126
27082,678.134
27083,678.141
27084,678.236
27085,678.306
27086,678.313
27087,678.319
27088,678.326
27089,678.332
27090,678.339
27091,678.346
27092,678.381
27093,678.452
27094,678.534
27095,678.542
27096,678.549
27097,678.557
27098,678.564
27099,678.570
27100,678.577
27101,678.659
27102,678.666
27103,678.673
27104,678.680
27105,678.714
27106,678.721
27107,678.727
27108,678.804
27109,678.815
27110,678.826
27111,678.837
27112,678.847
27113,678.961
27114,678.975
27115,678.984
27116,679.162
27117,679.172
27118,679.183
27119,679.195
27120,679.206
27121,679.314
27122,679.321
27123,679.329
27124,679.336
27125,679.342
27126,679.349
27127,679.355
27128,679.437
27129,679.444
27130,679.450
27131,679.458
27132,679.464
27133,679.471
27134,679.478
27135,679.559
27136,679.566
27137,679.573
27138,679.579
27139,679.660
27140,679.667
27141,679.673
27142,679.681
27143,679.688
27144,679.695
27145,679.840
27146,679.849
27147,679.858
27148,679.866
27149,679.874
27150,679.963
27151,679.970
27152,679.977
27153,679.984
27154,680.121
27155,680.130
27156,680.138
27157,680.146
27158,680.153
27159,680.273
27160,680.283
27161,680.293
27162,680.302
27163,680.311
27164,680.439
27165,680.449
27166,680.459
27167,680.469
27168,680.479
27169,680.598
27170,680.606
27171,680.612
27172,680.619
27173,680.707
27174,680.714
27175,680.721
27176,680.728
27177,680.733
27178,680.740
27179,680.746
27180,680.826
27181,680.896
27182,680.902
27183,680.909
27184,680.915
27185,680.922
27186,680.955
27187,681.020
27188,681.147
27189,681.157
27190,681.165
27191,681.173
27192,681.182
27193,681.272
27194,681.280
27195,681.287
27196,681.294
27197,681.373
27198,681.381
27199,681.387
27200,681.393
27201,681.468
27202,681.474
27203,681.481
27204,681.487
27205,681.608
27206,681.619
27207,681.630
27208,681.640
27209,681.650
27210,681.825
27211,681.835
27212,681.846
27213,681.856
27214,681.866
27215,681.875
27216,682.032
27217,682.040
27218,682.048
27219,682.055
27220,682.063
27221,682.186
27222,682.194
27223,682.202
27224,682.210
27225,682.218
27226,682.323
27227,682.404
27228,682.410
27229,682.417
27230,682.424
27231,682.431
27232,682.437
27233,682.444
27234,682.451
27235,682.458
27236,682.465
27237,682.472
27238,682.480
27239,682.487
27240,682.494
27241,682.501
27242,682.510
27243,682.516
27244,682.524
27245,682.533
27246,682.541
27247,682.549
27248,682.585
27249,682.655
27250,682.737
27251,682.744
27252,682.751
27253,682.756
27254,682.763
27255,682.770
27256,682.777
27257,682.863
27258,682.870
27259,682.878
27260,682.884
27261,682.890
27262,682.897
27263,682.904
27264,683.025
27265,683.038
27266,683.051
27267,683.061
27268,683.073
27269,683.209
27270,683.218
27271,683.226
27272,683.232
27273,683.241
27274,683.250
27275,683.259
27276,683.368
27277,683.378
27278,683.388
27279,683.395
27280,683.404
27281,683.413
27282,683.424
27283,683.570
27284,683.578
27285,683.586
27286,683.593
27287,683.601
27288,683.715
27289,683.723
27290,683.731
27291,683.740
27292,683.748
27293,683.873
27294,683.881
27295,683.888
27296,683.896
27297,683.904
27298,683.993
27299,684.001
27300,684.007
27301,684.013
27302,684.020
27303,684.027
27304,684.034
27305,684.153
27306,684.160
27307,684.168
27308,684.176
27309,684.184
27310,684.305
27311,684.311
27312,684.320
27313,684.329
27314,684.337
27315,684.452
27316,684.464
27317,684.477
27318,684.488
27319,684.667
27320,684.677
27321,684.688
27322,684.697
27323,684.707
27324,684.845
27325,684.856
27326,684.867
27327,684.874
27328,684.882
27329,684.888
27330,684.896
27331,685.025
27332,685.033
27333,685.040
27334,685.048
27335,685.055
27336,685.150
27337,685.158
27338,685.165
27339,685.172
27340,685.179
27341,685.186
27342,685.193
27343,685.314
27344,685.322
27345,685.330
27346,685.338
27347,685.345
27348,685.466
27349,685.473
27350,685.482
27351,685.490
27352,685.498
27353,685.624
27354,685.632
27355,685.641
27356,685.649
27357,685.657
27358,685.769
27359,685.777
27360,685.785
27361,685.794
27362,685.802
27363,685.919
27364,685.931
27365,685.942
27366,686.114
27367,686.124
27368,686.133
27369,686.294
27370,686.306
27371,686.316
27372,686.437
27373,686.445
27374,686.452
27375,686.565
27376,686.573
27377,686.580
27378,686.697
27379,686.705
27380,686.715
27381,686.827
27382,686.834
27383,686.841
27384,686.926
27385,686.980
27386,686.987
27387,686.993
27388,687.000
27389,687.007
27390,687.014
27391,687.021
27392,687.028
27393,687.036
27394,687.044
27395,687.052
27396,687.059
27397,687.066
27398,687.074
27399,687.140
27400,687.146
27401,687.152
27402,687.208
27403,687.214
27404,687.220
27405,687.284
27406,687.291
27407,687.296
27408,687.302
27409,687.309
27410,687.394
27411,687.404
27412,687.413
27413,687.504
27414,687.573
27415,687.582
27416,687.590
27417,687.599
27418,687.608
27419,687.616
27420,687.626
27421,687.659
27422,687.729
27423,687.799
27424,687.806
27425,687.812
27426,687.820
27427,687.826
27428,687.833
27429,687.908
27430,687.916
27431,687.922
27432,687.929
27433,687.936
27434,688.001
27435,688.008
27436,688.014
27437,688.022
27438,688.028
27439,688.035
27440,688.090
27441,688.097
27442,688.104
27443,688.111
27444,688.118
27445,688.125
27446,688.199
27447,688.207
27448,688.214
27449,688.221
27450,688.228
27451,688.295
27452,688.303
27453,688.310
27454,688.318
27455,688.325
27456,688.332
27457,688.386
27458,688.438
27459,688.445
27460,688.452
27461,688.459
27462,688.466
27463,688.491
27464,688.539
27465,688.605
27466,688.613
27467,688.619
27468,688.625
27469,688.632
27470,688.688
27471,688.695
27472,688.701
27473,688.706
27474,688.715
27475,688.768
27476,688.774
27477,688.783
27478,688.790
27479,688.801
27480,688.887
27481,688.897
27482,688.907
27483,688.913
27484,688.924
27485,689.017
27486,689.088
27487,689.097
27488,689.106
27489,689.115
27490,689.124
27491,689.133
27492,689.143
27493,689.153
27494,689.163
27495,689.174
27496,689.185
27497,689.192
27498,689.199
27499,689.206
27500,689.214
27501,689.221
27502,689.228
27503,689.235
27504,689.242
27505,689.250
27506,689.257
27507,689.282
27508,689.333
27509,689.388
27510,689.395
27511,689.402
27512,689.409
27513,689.416
27514,689.423
27515,689.481
27516,689.488
27517,689.494
27518,689.502
27519,689.508
27520,689.514
27521,689.586
27522,689.594
27523,689.601
27524,689.606
27525,689.614
27526,689.678
27527,689.684
27528,689.690
27529,689.695
27530,689.701
27531,689.708
27532,689.758
27533,689.764
27534,689.771
27535,689.776
27536,689.783
27537,689.789
27538,689.855
27539,689.862
27540,689.870
27541,689.875
27542,689.883
27543,689.941
27544,689.948
27545,689.955
27546,689.960
27547,689.967
27548,690.024
27549,690.030
27550,690.037
27551,690.042
27552,690.049
27553,690.111
27554,690.117
27555,690.123
27556,690.129
27557,690.134
27558,690.140
27559,690.232
27560,690.241
27561,690.251
27562,690.258
27563,690.268
27564,690.352
27565,690.361
27566,690.370
27567,690.380
27568,690.389
27569,690.471
27570,690.480
27571,690.490
27572,690.500
27573,690.573
27574,690.580
27575,690.587
27576,690.592
27577,690.598
27578,690.663
27579,690.669
27580,690.675
27581,690.680
27582,690.686
27583,690.692
27584,690.756
27585,690.763
27586,690.769
27587,690.774
27588,690.780
27589,690.842
27590,690.848
27591,690.854
27592,690.861
27593,690.868
27594,690.874
27595,690.938
27596,690.944
27597,690.950
27598,690.955
27599,690.961
27600,691.017
27601,691.024
27602,691.030
27603,691.037
27604,691.044
27605,691.100
27606,691.107
27607,691.114
27608,691.118
27609,691.125
27610,691.179
27611,691.185
27612,691.192
27613,691.197
27614,691.204
27615,691.258
27616,691.264
27617,691.270
27618,691.322
27619,691.329
27620,691.335
27621,691.387
27622,691.393
27623,691.398
27624,691.446
27625,691.450
27626,691.457
27627,691.535
27628,691.545
27629,691.553
27630,691.633
27631,691.642
27632,691.650
27633,691.723
27634,691.733
27635,691.741
27636,691.848
27637,691.902
27638,691.911
27639,691.914
27640,691.921
27641,691.928
27642,691.935
27643,691.941
27644,691.947
27645,691.953
27646,691.959
27647,691.965
27648,691.972
27649,691.978
27650,691.984
27651,692.042
27652,692.047
27653,692.053
27654,692.103
27655,692.109
27656,692.114
27657,692.170
27658,692.176
27659,692.181
27660,692.187
27661,692.192
27662,692.252
27663,692.258
27664,692.264
27665,692.321
27666,692.369
27667,692.375
27668,692.381
27669,692.387
27670,692.393
27671,692.399
27672,692.405
27673,692.429
27674,692.475
27675,692.524
27676,692.531
27677,692.537
27678,692.544
27679,692.550
27680,692.556
27681,692.619
27682,692.625
27683,692.631
27684,692.638
27685,692.645
27686,692.704
27687,692.710
27688,692.715
27689,692.720
27690,692.725
27691,692.733
27692,692.804
27693,692.813
27694,692.822
27695,692.832
27696,692.841
27697,692.850
27698,692.946
27699,692.955
27700,692.965
27701,692.974
27702,692.984
27703,693.068
27704,693.077
27705,693.086
27706,693.097
27707,693.106
27708,693.116
27709,693.165
27710,693.215
27711,693.220
27712,693.226
27713,693.232
27714,693.238
27715,693.260
27716,693.304
27717,693.369
27718,693.375
27719,693.382
27720,693.386
27721,693.393
27722,693.448
27723,693.455
27724,693.462
27725,693.467
27726,693.473
27727,693.529
27728,693.536
27729,693.542
27730,693.547
27731,693.553
27732,693.610
27733,693.617
27734,693.623
27735,693.628
27736,693.635
27737,693.700
27738,693.752
27739,693.759
27740,693.765
27741,693.772
27742,693.778
27743,693.784
27744,693.791
27745,693.797
27746,693.803
27747,693.809
27748,693.816
27749,693.822
27750,693.829
27751,693.835
27752,693.841
27753,693.847
27754,693.853
27755,693.860
27756,693.866
27757,693.872
27758,693.878
27759,693.902
27760,693.954
27761,694.007
27762,694.012
27763,694.017
27764,694.023
27765,694.030
27766,694.041
27767,694.117
27768,694.126
27769,694.136
27770,694.147
27771,694.157
27772,694.170
27773,694.259
27774,694.268
27775,694.277
27776,694.283
27777,694.292
27778,694.377
27779,694.387
27780,694.397
27781,694.405
27782,694.415
27783,694.421
27784,694.474
27785,694.481
27786,694.487
27787,694.492
27788,694.498
27789,694.505
27790,694.571
27791,694.578
27792,694.585
27793,694.590
27794,694.596
27795,694.653
27796,694.660
27797,694.667
27798,694.672
27799,694.678
27800,694.736
27801,694.742
27802,694.749
27803,694.754
27804,694.761
27805,694.823
27806,694.829
27807,694.835
27808,694.841
27809,694.847
27810,694.853
27811,694.918
27812,694.925
27813,694.932
27814,694.937
27815,694.944
27816,695.005
27817,695.012
27818,695.019
27819,695.026
27820,695.033
27821,695.092
27822,695.098
27823,695.105
27824,695.112
27825,695.168
27826,695.175
27827,695.181
27828,695.186
27829,695.192
27830,695.256
27831,695.263
27832,695.270
27833,695.276
27834,695.282
27835,695.289
27836,695.353
27837,695.363
27838,695.374
27839,695.381
27840,695.392
27841,695.480
27842,695.492
27843,695.503
27844,695.512
27845,695.521
27846,695.530
27847,695.623
27848,695.632
27849,695.641
27850,695.647
27851,695.656
27852,695.744
27853,695.751
27854,695.757
27855,695.767
27856,695.774
27857,695.837
27858,695.844
27859,695.850
27860,695.857
27861,695.863
27862,695.920
27863,695.927
27864,695.934
27865,695.940
27866,695.946
27867,696.003
27868,696.010
27869,696.015
27870,696.072
27871,696.078
27872,696.085
27873,696.139
27874,696.145
27875,696.151
27876,696.206
27877,696.212
27878,696.218
27879,696.273
27880,696.280
27881,696.286
27882,696.341
27883,696.348
27884,696.354
27885,696.408
27886,696.415
27887,696.421
27888,696.508
27889,696.580
27890,696.589
27891,696.598
27892,696.606
27893,696.613
27894,696.619
27895,696.626
27896,696.632
27897,696.639
27898,696.645
27899,696.652
27900,696.659
27901,696.666
27902,696.673
27903,696.751
27904,696.761
27905,696.771
27906,696.851
27907,696.867
27908,696.876
27909,696.963
27910,696.972
27911,696.978
27912,696.988
27913,696.997
27914,697.092
27915,697.103
27916,697.114
27917,697.189
27918,697.245
27919,697.251
27920,697.258
27921,697.264
27922,697.270
27923,697.277
27924,697.284
27925,697.308
27926,697.359
27927,697.417
27928,697.424
27929,697.430
27930,697.438
27931,697.444
27932,697.451
27933,697.519
27934,697.526
27935,697.532
27936,697.540
27937,697.546
27938,697.610
27939,697.617
27940,697.624
27941,697.632
27942,697.638
27943,697.645
27944,697.698
27945,697.705
27946,697.712
27947,697.720
27948,697.726
27949,697.733
27950,697.804
27951,697.811
27952,697.818
27953,697.828
27954,697.835
27955,697.901
27956,697.908
27957,697.915
27958,697.922
27959,697.928
27960,697.934
27961,697.988
27962,698.039
27963,698.045
27964,698.051
27965,698.057
27966,698.063
27967,698.083
27968,698.151
27969,698.252
27970,698.262
27971,698.271
27972,698.277
27973,698.287
27974,698.368
27975,698.377
27976,698.386
27977,698.392
27978,698.403
27979,698.489
27980,698.500
27981,698.506
27982,698.511
27983,698.519
27984,698.577
27985,698.584
27986,698.591
27987,698.596
27988,698.604
27989,698.670
27990,698.724
27991,698.730
27992,698.736
27993,698.742
27994,698.748
27995,698.754
27996,698.760
27997,698.766
27998,698.772
27999,698.778
28000,698.785
28001,698.792
28002,698.798
28003,698.804
28004,698.810
28005,698.816
28006,698.823
28007,698.829
28008,698.836
28009,698.843
28010,698.850
28011,698.873
28012,698.921
28013,698.975
28014,698.982
28015,698.989
28016,698.996
28017,699.003
28018,699.009
28019,699.062
28020,699.069
28021,699.075
28022,699.083
28023,699.089
28024,699.096
28025,699.164
28026,699.171
28027,699.178
28028,699.183
28029,699.190
28030,699.251
28031,699.257
28032,699.264
28033,699.270
28034,699.277
28035,699.283
28036,699.336
28037,699.342
28038,699.348
28039,699.353
28040,699.359
28041,699.365
28042,699.429
28043,699.440
28044,699.450
28045,699.456
28046,699.466
28047,699.545
28048,699.558
28049,699.568
28050,699.574
28051,699.583
28052,699.660
28053,699.669
28054,699.677
28055,699.683
28056,699.693
28057,699.777
28058,699.787
28059,699.797
28060,699.801
28061,699.807
28062,699.814
28063,699.880
28064,699.887
28065,699.894
28066,699.901
28067,699.909
28068,699.970
28069,699.979
28070,699.987
28071,699.997
28072,700.005
28073,700.065
28074,700.071
28075,700.078
28076,700.084
28077,700.142
28078,700.148
28079,700.155
28080,700.160
28081,700.166
28082,700.226
28083,700.233
28084,700.239
28085,700.244
28086,700.251
28087,700.257
28088,700.325
28089,700.331
28090,700.338
28091,700.343
28092,700.349
28093,700.412
28094,700.418
28095,700.424
28096,700.431
28097,700.437
28098,700.444
28099,700.507
28100,700.514
28101,700.520
28102,700.525
28103,700.532
28104,700.587
28105,700.594
28106,700.600
28107,700.607
28108,700.614
28109,700.671
28110,700.677
28111,700.684
28112,700.690
28113,700.696
28114,700.757
28115,700.767
28116,700.778
28117,700.784
28118,700.794
28119,700.879
28120,700.888
28121,700.897
28122,700.972
28123,700.982
28124,700.991
28125,701.069
28126,701.078
28127,701.087
28128,701.161
28129,701.167
28130,701.173
28131,701.234
28132,701.241
28133,701.248
28134,701.302
28135,701.309
28136,701.314
28137,701.368
28138,701.375
28139,701.381
28140,701.467
28141,701.523
28142,701.530
28143,701.537
28144,701.544
28145,701.551
28146,701.559
28147,701.566
28148,701.574
28149,701.581
28150,701.588
28151,701.596
28152,701.604
28153,701.612
28154,701.620
28155,701.710
28156,701.718
28157,701.725
28158,701.794
28159,701.801
28160,701.808
28161,701.815
28162,701.879
28163,701.887
28164,701.893
28165,701.900
28166,701.907
28167,701.914
28168,702.011
28169,702.018
28170,702.025
28171,702.123
28172,702.209
28173,702.219
28174,702.229
28175,702.239
28176,702.248
28177,702.257
28178,702.266
28179,702.300
28180,702.371
28181,702.465
28182,702.472
28183,702.480
28184,702.488
28185,702.496
28186,702.502
28187,702.509
28188,702.614
28189,702.623
28190,702.631
28191,702.638
28192,702.646
28193,702.719
28194,702.726
28195,702.733
28196,702.740
28197,702.747
28198,702.754
28199,702.761
28200,702.824
28201,702.831
28202,702.838
28203,702.845
28204,702.851
28205,702.858
28206,702.864
28207,702.966
28208,702.974
28209,702.982
28210,702.991
28211,702.999
28212,703.074
28213,703.081
28214,703.089
28215,703.096
28216,703.103
28217,703.110
28218,703.117
28219,703.178
28220,703.229
28221,703.236
28222,703.242
28223,703.249
28224,703.255
28225,703.278
28226,703.329
28227,703.450
28228,703.464
28229,703.475
28230,703.484
28231,703.494
28232,703.600
28233,703.610
28234,703.618
28235,703.627
28236,703.660
28237,703.669
28238,703.786
28239,703.798
28240,703.810
28241,703.822
28242,703.833
28243,703.911
28244,703.919
28245,703.927
28246,704.027
28247,704.034
28248,704.041
28249,704.048
28250,704.056
28251,704.151
28252,704.159
28253,704.166
28254,704.174
28255,704.182
28256,704.259
28257,704.317
28258,704.325
28259,704.332
28260,704.339
28261,704.346
28262,704.353
28263,704.361
28264,704.367
28265,704.374
28266,704.382
28267,704.389
28268,704.396
28269,704.404
28270,704.411
28271,704.419
28272,704.426
28273,704.434
28274,704.441
28275,704.448
28276,704.456
28277,704.463
28278,704.489
28279,704.545
28280,704.612
28281,704.620
28282,704.627
28283,704.635
28284,704.642
28285,704.649
28286,704.656
28287,704.723
28288,704.730
28289,704.738
28290,704.746
28291,704.752
28292,704.759
28293,704.766
28294,704.896
28295,704.907
28296,704.919
28297,704.930
28298,704.940
28299,705.047
28300,705.057
28301,705.066
28302,705.077
28303,705.086
28304,705.095
28305,705.105
28306,705.195
28307,705.206
28308,705.216
28309,705.221
28310,705.228
28311,705.235
28312,705.243
28313,705.346
28314,705.354
28315,705.362
28316,705.369
28317,705.377
28318,705.465
28319,705.473
28320,705.481
28321,705.490
28322,705.498
28323,705.606
28324,705.615
28325,705.623
28326,705.631
28327,705.639
28328,705.719
28329,705.726
28330,705.733
28331,705.739
28332,705.746
28333,705.754
28334,705.762
28335,705.869
28336,705.878
28337,705.886
28338,705.894
28339,705.902
28340,706.009
28341,706.018
28342,706.026
28343,706.036
28344,706.045
28345,706.144
28346,706.154
28347,706.163
28348,706.170
28349,706.314
28350,706.328
28351,706.341
28352,706.350
28353,706.361
28354,706.465
28355,706.476
28356,706.486
28357,706.494
28358,706.503
28359,706.512
28360,706.523
28361,706.657
28362,706.665
28363,706.674
28364,706.683
28365,706.691
28366,706.772
28367,706.780
28368,706.788
28369,706.796
28370,706.803
28371,706.811
28372,706.818
28373,706.931
28374,706.939
28375,706.948
28376,706.956
28377,706.964
28378,707.065
28379,707.073
28380,707.081
28381,707.089
28382,707.098
28383,707.205
28384,707.213
28385,707.221
28386,707.228
28387,707.237
28388,707.328
28389,707.336
28390,707.345
28391,707.353
28392,707.360
28393,707.457
28394,707.465
28395,707.472
28396,707.573
28397,707.580
28398,707.586
28399,707.720
28400,707.734
28401,707.746
28402,707.869
28403,707.880
28404,707.890
28405,708.020
28406,708.029
28407,708.036
28408,708.147
28409,708.156
28410,708.164
28411,708.260
28412,708.268
28413,708.275
28414,708.311
28415,708.317
28416,708.376
28417,708.392
28418,708.398
28419,708.410
28420,708.416
28421,708.444
28422,708.458
28423,708.488
28424,708.550
28425,708.555
28426,708.604
28427,708.688
28428,708.694
28429,708.700
28430,708.705
28431,708.711
28432,708.719
28433,708.740
28434,708.834
28435,708.841
28436,708.846
28437,708.851
28438,708.881
28439,708.886
28440,708.891
28441,708.896
28442,708.901
28443,708.906
28444,708.919
28445,708.934
28446,708.939
28447,708.951
28448,708.956
28449,708.960
28450,708.964
28451,708.968
28452,708.988
28453,709.049
28454,709.058
28455,709.068
28456,709.076
28457,709.143
28458,709.151
28459,709.159
28460,709.167
28461,709.175
28462,709.182
28463,709.188
28464,709.211
28465,709.219
28466,709.235
28467,709.243
28468,709.250
28469,709.258
28470,709.285
28471,709.293
28472,709.301
28473,709.311
28474,709.319
28475,709.329
28476,709.344
28477,709.360
28478,709.366
28479,709.379
28480,709.384
28481,709.391
28482,709.397
28483,709.402
28484,709.417
28485,709.465
28486,709.472
28487,709.479
28488,709.485
28489,709.534
28490,709.540
28491,709.545
28492,709.551
28493,709.556
28494,709.562
28495,709.567
28496,709.584
28497,709.590
28498,709.603
28499,709.608
28500,709.614
28501,709.619
28502,709.637
28503,709.642
28504,709.648
28505,709.653
28506,709.658
28507,709.664
28508,709.677
28509,709.692
28510,709.698
28511,709.710
28512,709.716
28513,709.721
28514,709.726
28515,709.731
28516,709.747
28517,709.786
28518,709.793
28519,709.799
28520,709.805
28521,709.850
28522,709.856
28523,709.862
28524,709.868
28525,709.873
28526,709.879
28527,709.884
28528,709.901
28529,709.907
28530,709.920
28531,709.926
28532,709.932
28533,709.937
28534,709.957
28535,709.962
28536,709.968
28537,709.974
28538,709.979
28539,709.984
28540,709.996
28541,710.012
28542,710.018
28543,710.031
28544,710.036
28545,710.042
28546,710.048
28547,710.053
28548,710.067
28549,710.116
28550,710.123
28551,710.131
28552,710.138
28553,710.187
28554,710.194
28555,710.199
28556,710.204
28557,710.208
28558,710.213
28559,710.221
28560,710.249
28561,710.258
28562,710.276
28563,710.284
28564,710.293
28565,710.301
28566,710.370
28567,710.379
28568,710.395
28569,710.403
28570,710.439
28571,710.486
28572,710.562
28573,710.573
28574,710.581
28575,710.591
28576,710.601
28577,710.608
28578,710.615
28579,710.621
28580,710.676
28581,710.682
28582,710.688
28583,710.746
28584,710.753
28585,710.759
28586,710.801
28587,710.808
28588,710.814
28589,710.864
28590,710.871
28591,710.877
28592,710.914
28593,710.935
28594,710.942
28595,710.980
28596,710.997
28597,711.003
28598,711.037
28599,711.052
28600,711.058
28601,711.482
28602,711.490
28603,711.852
28604,712.278
28605,712.284
28606,712.701
28607,712.761
28608,712.770
28609,712.818
28610,712.827
28611,712.835
28612,712.844
28613,712.918
28614,712.927
28615,712.970
28616,712.976
28617,712.983
28618,713.009
28619,713.016
28620,713.021
28621,713.026
28622,713.905
28623,713.913
28624,713.919
28625,714.651
28626,714.697
28627,714.725
28628,714.754
28629,714.823
28630,714.830
28631,714.835
28632,714.840
28633,714.844
28634,714.855
28635,714.864
28636,714.874
28637,714.884
28638,714.893
28639,714.902
28640,714.936
28641,715.077
28642,715.086
28643,715.094
28644,715.103
28645,715.172
28646,715.181
28647,715.190
28648,715.256
28649,715.267
28650,715.279
28651,715.330
28652,715.347
28653,715.362
28654,715.368
28655,715.386
28656,715.402
28657,715.408
28658,715.419
28659,715.435
28660,715.440
28661,715.480
28662,715.498
28663,715.505
28664,715.559
28665,715.565
28666,715.571
28667,715.615
28668,715.633
28669,715.639
28670,715.678
28671,715.684
28672,715.689
28673,715.695
28674,715.700
28675,715.706
28676,715.711
28677,715.750
28678,715.849
28679,715.855
28680,715.861
28681,715.866
28682,715.924
28683,715.930
28684,715.936
28685,715.984
28686,716.002
28687,716.015
28688,716.021
28689,716.050
28690,716.068
28691,716.080
28692,716.086
28693,716.112
28694,716.131
28695,716.141
28696,716.185
28697,716.191
28698,716.197
28699,716.202
28700,716.208
28701,716.213
28702,716.218
28703,716.224
28704,716.230
28705,716.271
28706,716.407
28707,716.418
28708,716.426
28709,716.436
28710,716.521
28711,716.530
28712,716.539
28713,716.585
28714,716.611
28715,716.624
28716,716.674
28717,716.701
28718,716.725
28719,716.735
28720,716.767
28721,716.785
28722,716.798
28723,716.804
28724,716.819
28725,716.836
28726,716.844
28727,716.879
28728,716.898
28729,716.904
28730,716.953
28731,716.971
28732,716.985
28733,716.992
28734,716.999
28735,717.005
28736,717.012
28737,717.018
28738,717.024
28739,717.031
28740,717.037
28741,717.044
28742,717.050
28743,717.056
28744,717.063
28745,717.070
28746,717.077
28747,717.085
28748,717.130
28749,717.236
28750,717.243
28751,717.249
28752,717.255
28753,717.317
28754,717.326
28755,717.333
28756,717.381
28757,717.399
28758,717.411
28759,717.417
28760,717.466
28761,717.473
28762,717.480
28763,717.529
28764,717.548
28765,717.561
28766,717.568
28767,717.575
28768,717.594
28769,717.601
28770,717.616
28771,717.634
28772,717.641
28773,717.675
28774,717.693
28775,717.699
28776,717.713
28777,717.733
28778,717.741
28779,717.785
28780,717.813
28781,717.834
28782,717.843
28783,717.850
28784,717.876
28785,717.890
28786,717.910
28787,717.935
28788,717.943
28789,717.984
28790,718.008
28791,718.017
28792,718.060
28793,718.091
28794,718.101
28795,718.143
28796,718.164
28797,718.170
28798,718.219
28799,718.226
28800,718.233
28801,718.238
28802,718.244
28803,718.250
28804,718.256
28805,718.261
28806,718.267
28807,718.272
28808,718.278
28809,718.283
28810,718.289
28811,718.295
28812,718.300
28813,718.306
28814,718.311
28815,718.316
28816,718.322
28817,718.327
28818,718.371
