n,seconds
1,0.000
2,0.018
3,0.028
4,0.031
5,0.068
6,0.070
7,0.100
8,0.109
9,0.111
10,0.229
11,0.232
12,0.306
13,0.355
14,0.357
15,0.359
16,0.382
17,0.384
18,0.386
19,0.388
20,0.389
21,0.393
22,0.402
23,0.404
24,0.440
25,0.441
26,0.469
27,0.479
28,0.480
29,0.588
30,0.590
31,0.682
32,0.745
33,0.747
34,0.750
35,0.779
36,0.782
37,0.784
38,0.786
39,0.788
40,0.793
41,0.807
42,0.809
43,0.858
44,0.860
45,0.901
46,0.916
47,0.918
48,1.070
49,1.072
50,1.151
51,1.199
52,1.201
53,1.203
54,1.228
55,1.230
56,1.232
57,1.234
58,1.236
59,1.239
60,1.248
61,1.250
62,1.287
63,1.289
64,1.317
65,1.326
66,1.328
67,1.455
68,1.457
69,1.592
70,1.660
71,1.662
72,1.665
73,1.692
74,1.695
75,1.697
76,1.700
77,1.702
78,1.706
79,1.720
80,1.722
81,1.761
82,1.763
83,1.789
84,1.798
85,1.801
86,1.925
87,1.928
88,2.003
89,2.050
90,2.053
91,2.055
92,2.076
93,2.078
94,2.081
95,2.084
96,2.086
97,2.090
98,2.099
99,2.101
100,2.142
101,2.145
102,2.180
103,2.192
104,2.195
105,2.341
106,2.345
107,2.460
108,2.533
109,2.536
110,2.538
111,2.569
112,2.572
113,2.574
114,2.577
115,2.579
116,2.585
117,2.603
118,2.605
119,2.664
120,2.667
121,2.716
122,2.736
123,2.739
124,2.914
125,2.918
126,3.016
127,3.066
128,3.069
129,3.071
130,3.095
131,3.098
132,3.100
133,3.103
134,3.105
135,3.110
136,3.122
137,3.124
138,3.160
139,3.163
140,3.189
141,3.199
142,3.201
143,3.319
144,3.322
145,3.407
146,3.454
147,3.456
148,3.459
149,3.481
150,3.483
151,3.486
152,3.488
153,3.491
154,3.495
155,3.506
156,3.508
157,3.544
158,3.546
159,3.576
160,3.587
161,3.589
162,3.704
163,3.706
164,3.783
165,3.827
166,3.830
167,3.833
168,3.854
169,3.857
170,3.860
171,3.863
172,3.866
173,3.871
174,3.882
175,3.885
176,3.921
177,3.923
178,3.952
179,3.968
180,3.970
181,4.127
182,4.130
183,4.242
184,4.300
185,4.302
186,4.304
187,4.330
188,4.332
189,4.335
190,4.337
191,4.339
192,4.343
193,4.360
194,4.361
195,4.395
196,4.397
197,4.425
198,4.437
199,4.439
200,4.557
201,4.559
202,4.651
203,4.698
204,4.700
205,4.702
206,4.724
207,4.726
208,4.728
209,4.731
210,4.733
211,4.736
212,4.748
213,4.750
214,4.789
215,4.791
216,4.819
217,4.830
218,4.831
219,4.961
220,4.963
221,5.059
222,5.105
223,5.107
224,5.109
225,5.131
226,5.133
227,5.135
228,5.137
229,5.140
230,5.144
231,5.156
232,5.158
233,5.197
234,5.199
235,5.231
236,5.242
237,5.245
238,5.386
239,5.389
240,5.494
241,5.552
242,5.555
243,5.557
244,5.582
245,5.584
246,5.586
247,5.588
248,5.590
249,5.594
250,5.609
251,5.611
252,5.662
253,5.664
254,5.700
255,5.715
256,5.717
257,5.722
258,5.729
259,5.731
260,5.895
261,5.899
262,5.902
263,5.905
264,6.003
265,6.134
266,6.136
267,6.139
268,6.141
269,6.234
270,6.288
271,6.290
272,6.292
273,6.323
274,6.325
275,6.327
276,6.329
277,6.330
278,6.332
279,6.377
280,6.379
281,6.381
282,6.399
283,6.410
284,6.411
285,6.454
286,6.455
287,6.484
288,6.494
289,6.496
290,6.638
291,6.640
292,6.738
293,6.795
294,6.797
295,6.799
296,6.829
297,6.831
298,6.833
299,6.834
300,6.836
301,6.838
302,6.882
303,6.885
304,6.886
305,6.904
306,6.912
307,6.914
308,6.967
309,6.970
310,7.009
311,7.024
312,7.026
313,7.196
314,7.199
315,7.318
316,7.384
317,7.386
318,7.388
319,7.420
320,7.422
321,7.423
322,7.425
323,7.427
324,7.429
325,7.476
326,7.478
327,7.480
328,7.497
329,7.507
330,7.509
331,7.544
332,7.546
333,7.575
334,7.585
335,7.587
336,7.720
337,7.723
338,7.817
339,7.872
340,7.874
341,7.876
342,7.904
343,7.906
344,7.908
345,7.910
346,7.911
347,7.913
348,7.954
349,7.956
350,7.958
351,7.975
352,7.985
353,7.986
354,8.085
355,8.087
356,8.157
357,8.186
358,8.197
359,8.198
360,8.331
361,8.334
362,8.336
363,8.440
364,8.617
365,8.621
366,8.624
367,8.746
368,8.906
369,8.910
370,8.913
371,9.013
372,9.045
373,9.055
374,9.057
375,9.102
376,9.104
377,9.162
378,9.163
379,9.165
380,9.197
381,9.198
382,9.200
383,9.202
384,9.204
385,9.206
386,9.209
387,9.252
388,9.254
389,9.256
390,9.274
391,9.284
392,9.286
393,9.394
394,9.396
395,9.474
396,9.500
397,9.511
398,9.513
399,9.558
400,9.560
401,9.592
402,9.604
403,9.605
404,9.651
405,9.653
406,9.684
407,9.694
408,9.696
409,9.740
410,9.743
411,9.775
412,9.785
413,9.787
414,9.837
415,9.839
416,9.895
417,9.899
418,9.902
419,9.905
420,9.907
421,9.910
422,9.913
423,9.917
424,9.920
425,9.923
426,9.927
427,9.930
428,9.934
429,9.937
430,9.964
431,10.042
432,10.046
433,10.050
434,10.053
435,10.133
436,10.138
437,10.144
438,10.150
439,10.217
440,10.222
441,10.226
442,10.230
443,10.283
444,10.287
445,10.291
446,10.294
447,10.360
448,10.364
449,10.368
450,10.373
451,10.421
452,10.425
453,10.428
454,10.431
455,10.481
456,10.485
457,10.488
458,10.491
459,10.540
460,10.544
461,10.547
462,10.551
463,10.587
464,10.604
465,10.606
466,10.615
467,10.630
468,10.679
469,10.682
470,10.685
471,10.688
472,10.737
473,10.740
474,10.743
475,10.746
476,10.795
477,10.798
478,10.802
479,10.805
480,10.851
481,10.855
482,10.858
483,10.863
484,10.906
485,10.910
486,10.914
487,10.918
488,10.921
489,10.925
490,10.930
491,10.934
492,10.938
493,10.943
494,10.947
495,10.952
496,10.958
497,10.963
498,10.985
499,11.049
500,11.053
501,11.057
502,11.062
503,11.119
504,11.125
505,11.132
506,11.137
507,11.183
508,11.188
509,11.192
510,11.196
511,11.254
512,11.258
513,11.263
514,11.266
515,11.343
516,11.349
517,11.354
518,11.358
519,11.421
520,11.424
521,11.428
522,11.432
523,11.497
524,11.501
525,11.505
526,11.509
527,11.576
528,11.581
529,11.585
530,11.589
531,11.632
532,11.649
533,11.651
534,11.660
535,11.677
536,11.730
537,11.733
538,11.736
539,11.738
540,11.788
541,11.791
542,11.794
543,11.796
544,11.843
545,11.845
546,11.849
547,11.852
548,11.898
549,11.901
550,11.904
551,11.908
552,11.964
553,12.011
554,12.015
555,12.018
556,12.022
557,12.025
558,12.029
559,12.032
560,12.036
561,12.039
562,12.044
563,12.048
564,12.052
565,12.056
566,12.060
567,12.115
568,12.118
569,12.121
570,12.176
571,12.179
572,12.181
573,12.235
574,12.239
575,12.241
576,12.297
577,12.300
578,12.303
579,12.363
580,12.368
581,12.374
582,12.433
583,12.437
584,12.441
585,12.497
586,12.539
587,12.541
588,12.543
589,12.546
590,12.548
591,12.549
592,12.551
593,12.553
594,12.555
595,12.557
596,12.559
597,12.561
598,12.563
599,12.566
600,12.570
601,12.573
602,12.577
603,12.580
604,12.584
605,12.587
606,12.591
607,12.622
608,12.679
609,12.756
610,12.759
611,12.762
612,12.765
613,12.841
614,12.845
615,12.849
616,12.852
617,12.932
618,12.936
619,12.940
620,12.944
621,13.023
622,13.026
623,13.029
624,13.031
625,13.093
626,13.096
627,13.099
628,13.101
629,13.158
630,13.161
631,13.164
632,13.167
633,13.227
634,13.229
635,13.233
636,13.236
637,13.293
638,13.296
639,13.299
640,13.302
641,13.359
642,13.362
643,13.365
644,13.367
645,13.425
646,13.428
647,13.432
648,13.435
649,13.494
650,13.497
651,13.501
652,13.504
653,13.565
654,13.568
655,13.571
656,13.574
657,13.630
658,13.633
659,13.636
660,13.640
661,13.698
662,13.702
663,13.706
664,13.710
665,13.767
666,13.771
667,13.775
668,13.778
669,13.833
670,13.837
671,13.841
672,13.846
673,13.900
674,13.904
675,13.907
676,13.917
677,13.978
678,13.983
679,13.987
680,13.990
681,14.069
682,14.072
683,14.076
684,14.079
685,14.155
686,14.158
687,14.161
688,14.164
689,14.240
690,14.243
691,14.246
692,14.323
693,14.326
694,14.329
695,14.396
696,14.398
697,14.401
698,14.461
699,14.464
700,14.466
701,14.519
702,14.522
703,14.524
704,14.581
705,14.584
706,14.586
707,14.641
708,14.643
709,14.646
710,14.701
711,14.747
712,14.749
713,14.752
714,14.755
715,14.758
716,14.761
717,14.764
718,14.767
719,14.770
720,14.773
721,14.776
722,14.779
723,14.782
724,14.785
725,14.852
726,14.856
727,14.859
728,14.962
729,14.968
730,14.973
731,15.046
732,15.049
733,15.052
734,15.123
735,15.126
736,15.129
737,15.208
738,15.213
739,15.218
740,15.299
741,15.304
742,15.308
743,15.383
744,15.448
745,15.451
746,15.453
747,15.456
748,15.459
749,15.462
750,15.464
751,15.468
752,15.471
753,15.474
754,15.477
755,15.480
756,15.484
757,15.487
758,15.490
759,15.493
760,15.497
761,15.500
762,15.504
763,15.507
764,15.511
765,15.543
766,15.601
767,15.698
768,15.702
769,15.706
770,15.709
771,15.786
772,15.790
773,15.793
774,15.797
775,15.876
776,15.881
777,15.885
778,15.889
779,15.965
780,15.969
781,15.973
782,15.977
783,16.047
784,16.050
785,16.054
786,16.057
787,16.128
788,16.132
789,16.136
790,16.140
791,16.213
792,16.217
793,16.221
794,16.225
795,16.304
796,16.307
797,16.312
798,16.316
799,16.392
800,16.396
801,16.399
802,16.403
803,16.480
804,16.483
805,16.487
806,16.491
807,16.567
808,16.570
809,16.574
810,16.578
811,16.676
812,16.684
813,16.690
814,16.694
815,16.801
816,16.805
817,16.809
818,16.814
819,16.914
820,16.918
821,16.923
822,16.927
823,17.024
824,17.027
825,17.031
826,17.034
827,17.112
828,17.116
829,17.119
830,17.123
831,17.196
832,17.199
833,17.203
834,17.207
835,17.279
836,17.283
837,17.286
838,17.290
839,17.361
840,17.364
841,17.368
842,17.371
843,17.444
844,17.447
845,17.451
846,17.455
847,17.528
848,17.532
849,17.535
850,17.612
851,17.616
852,17.620
853,17.696
854,17.700
855,17.704
856,17.776
857,17.780
858,17.783
859,17.856
860,17.860
861,17.863
862,17.941
863,17.946
864,17.950
865,18.049
866,18.053
867,18.057
868,18.132
869,18.192
870,18.196
871,18.199
872,18.203
873,18.206
874,18.209
875,18.213
876,18.217
877,18.220
878,18.224
879,18.228
880,18.232
881,18.235
882,18.239
883,18.345
884,18.348
885,18.352
886,18.411
887,18.457
888,18.459
889,18.527
890,18.531
891,18.534
892,18.604
893,18.608
894,18.610
895,18.715
896,18.715
897,18.715
898,18.802
899,18.807
900,18.811
901,18.875
902,18.929
903,18.933
904,18.935
905,18.938
906,18.941
907,18.944
908,18.946
909,18.949
910,18.952
911,18.955
912,18.958
913,18.962
914,18.965
915,18.968
916,18.971
917,18.974
918,18.977
919,18.980
920,18.983
921,18.985
922,18.988
923,19.013
924,19.058
925,19.141
926,19.145
927,19.149
928,19.152
929,19.224
930,19.228
931,19.231
932,19.235
933,19.307
934,19.311
935,19.314
936,19.317
937,19.412
938,19.417
939,19.421
940,19.425
941,19.521
942,19.525
943,19.530
944,19.533
945,19.639
946,19.643
947,19.648
948,19.652
949,19.760
950,19.764
951,19.769
952,19.772
953,19.862
954,19.866
955,19.870
956,19.874
957,19.951
958,19.954
959,19.958
960,19.962
961,20.036
962,20.039
963,20.044
964,20.047
965,20.122
966,20.126
967,20.130
968,20.134
969,20.214
970,20.220
971,20.225
972,20.229
973,20.308
974,20.311
975,20.315
976,20.319
977,20.396
978,20.400
979,20.404
980,20.408
981,20.491
982,20.495
983,20.500
984,20.504
985,20.577
986,20.580
987,20.584
988,20.587
989,20.656
990,20.659
991,20.662
992,20.665
993,20.760
994,20.765
995,20.769
996,20.773
997,20.867
998,20.871
999,20.875
1000,20.879
1001,20.973
1002,20.977
1003,20.981
1004,20.985
1005,21.078
1006,21.082
1007,21.085
1008,21.159
1009,21.162
1010,21.165
1011,21.233
1012,21.236
1013,21.239
1014,21.305
1015,21.309
1016,21.312
1017,21.381
1018,21.385
1019,21.388
1020,21.461
1021,21.465
1022,21.469
1023,21.543
1024,21.546
1025,21.549
1026,21.607
1027,21.657
1028,21.660
1029,21.662
1030,21.665
1031,21.668
1032,21.671
1033,21.674
1034,21.677
1035,21.679
1036,21.683
1037,21.686
1038,21.690
1039,21.693
1040,21.696
1041,21.771
1042,21.774
1043,21.777
1044,21.904
1045,21.912
1046,21.919
1047,22.015
1048,22.019
1049,22.023
1050,22.129
1051,22.133
1052,22.137
1053,22.251
1054,22.257
1055,22.262
1056,22.378
1057,22.382
1058,22.387
1059,22.443
1060,22.490
1061,22.492
1062,22.494
1063,22.496
1064,22.498
1065,22.500
1066,22.502
1067,22.504
1068,22.507
1069,22.509
1070,22.512
1071,22.514
1072,22.516
1073,22.522
1074,22.522
1075,22.524
1076,22.526
1077,22.529
1078,22.532
1079,22.534
1080,22.537
1081,22.560
1082,22.603
1083,22.672
1084,22.676
1085,22.679
1086,22.683
1087,22.749
1088,22.752
1089,22.756
1090,22.759
1091,22.834
1092,22.837
1093,22.841
1094,22.845
1095,22.917
1096,22.921
1097,22.925
1098,22.929
1099,23.006
1100,23.009
1101,23.013
1102,23.017
1103,23.100
1104,23.103
1105,23.107
1106,23.111
1107,23.190
1108,23.194
1109,23.198
1110,23.201
1111,23.285
1112,23.289
1113,23.293
1114,23.296
1115,23.401
1116,23.406
1117,23.411
1118,23.415
1119,23.523
1120,23.527
1121,23.532
1122,23.536
1123,23.648
1124,23.653
1125,23.658
1126,23.663
1127,23.772
1128,23.778
1129,23.783
1130,23.787
1131,23.876
1132,23.880
1133,23.884
1134,23.888
1135,23.970
1136,23.974
1137,23.978
1138,23.982
1139,24.061
1140,24.065
1141,24.069
1142,24.072
1143,24.143
1144,24.146
1145,24.150
1146,24.153
1147,24.225
1148,24.229
1149,24.232
1150,24.236
1151,24.306
1152,24.309
1153,24.313
1154,24.316
1155,24.395
1156,24.399
1157,24.402
1158,24.406
1159,24.489
1160,24.493
1161,24.497
1162,24.501
1163,24.575
1164,24.578
1165,24.581
1166,24.659
1167,24.663
1168,24.667
1169,24.769
1170,24.774
1171,24.778
1172,24.880
1173,24.884
1174,24.888
1175,24.994
1176,24.998
1177,25.003
1178,25.107
1179,25.111
1180,25.114
1181,25.199
1182,25.203
1183,25.206
1184,25.242
1185,25.248
1186,25.253
1187,25.293
1188,25.399
1189,25.456
1190,25.502
1191,25.559
1192,25.561
1193,25.563
1194,25.601
1195,25.659
1196,25.661
1197,25.733
1198,25.736
1199,25.739
1200,25.741
1201,25.745
1202,25.748
1203,25.813
1204,25.877
1205,25.880
1206,25.882
1207,25.884
1208,25.888
1209,25.896
1210,25.899
1211,25.939
1212,26.042
1213,26.095
1214,26.147
1215,26.150
1216,26.153
1217,26.156
1218,26.159
1219,26.161
1220,26.236
1221,26.315
1222,26.317
1223,26.369
1224,26.446
1225,26.448
1226,26.450
1227,26.453
1228,26.456
1229,26.462
1230,26.526
1231,26.529
1232,26.532
1233,26.537
1234,26.541
1235,26.602
1236,26.663
1237,26.665
1238,26.667
1239,26.669
1240,26.716
1241,26.719
1242,26.724
1243,26.727
1244,26.785
1245,26.842
1246,26.844
1247,26.846
1248,26.848
1249,26.893
1250,26.953
1251,26.955
1252,26.958
1253,26.961
1254,26.963
1255,26.966
1256,26.969
1257,26.972
1258,26.975
1259,26.978
1260,26.981
1261,26.984
1262,26.987
1263,26.990
1264,27.071
1265,27.074
1266,27.077
1267,27.157
1268,27.160
1269,27.163
1270,27.248
1271,27.253
1272,27.256
1273,27.345
1274,27.349
1275,27.353
1276,27.448
1277,27.454
1278,27.458
1279,27.565
1280,27.571
1281,27.576
1282,27.665
1283,27.743
1284,27.745
1285,27.748
1286,27.751
1287,27.753
1288,27.756
1289,27.759
1290,27.761
1291,27.764
1292,27.767
1293,27.770
1294,27.772
1295,27.776
1296,27.779
1297,27.783
1298,27.786
1299,27.789
1300,27.793
1301,27.796
1302,27.800
1303,27.803
1304,27.847
1305,27.931
1306,28.027
1307,28.031
1308,28.035
1309,28.040
1310,28.177
1311,28.177
1312,28.177
1313,28.177
1314,28.239
1315,28.244
1316,28.249
1317,28.253
1318,28.335
1319,28.339
1320,28.343
1321,28.347
1322,28.431
1323,28.435
1324,28.439
1325,28.443
1326,28.535
1327,28.540
1328,28.544
1329,28.548
1330,28.642
1331,28.646
1332,28.650
1333,28.654
1334,28.752
1335,28.756
1336,28.761
1337,28.764
1338,28.853
1339,28.856
1340,28.860
1341,28.866
1342,28.956
1343,28.961
1344,28.965
1345,28.970
1346,29.090
1347,29.095
1348,29.100
1349,29.105
1350,29.222
1351,29.230
1352,29.235
1353,29.240
1354,29.355
1355,29.358
1356,29.362
1357,29.366
1358,29.456
1359,29.460
1360,29.464
1361,29.467
1362,29.557
1363,29.562
1364,29.567
1365,29.571
1366,29.657
1367,29.661
1368,29.665
1369,29.668
1370,29.756
1371,29.759
1372,29.764
1373,29.767
1374,29.859
1375,29.863
1376,29.867
1377,29.872
1378,29.957
1379,29.961
1380,29.965
1381,29.968
1382,30.058
1383,30.062
1384,30.066
1385,30.070
1386,30.154
1387,30.158
1388,30.161
1389,30.248
1390,30.252
1391,30.256
1392,30.364
1393,30.370
1394,30.375
1395,30.489
1396,30.494
1397,30.498
1398,30.621
1399,30.626
1400,30.630
1401,30.743
1402,30.747
1403,30.751
1404,30.841
1405,30.845
1406,30.848
1407,30.884
1408,30.894
1409,30.896
1410,31.071
1411,31.073
1412,31.202
1413,31.268
1414,31.271
1415,31.273
1416,31.305
1417,31.308
1418,31.310
1419,31.312
1420,31.314
1421,31.316
1422,31.319
1423,31.350
1424,31.352
1425,31.354
1426,31.356
1427,31.405
1428,31.407
1429,31.409
1430,31.470
1431,31.537
1432,31.540
1433,31.543
1434,31.546
1435,31.549
1436,31.552
1437,31.555
1438,31.559
1439,31.562
1440,31.565
1441,31.569
1442,31.572
1443,31.576
1444,31.579
1445,31.674
1446,31.677
1447,31.681
1448,31.765
1449,31.768
1450,31.771
1451,31.880
1452,31.885
1453,31.889
1454,32.008
1455,32.012
1456,32.016
1457,32.148
1458,32.154
1459,32.159
1460,32.281
1461,32.285
1462,32.289
1463,32.358
1464,32.416
1465,32.418
1466,32.420
1467,32.422
1468,32.424
1469,32.426
1470,32.428
1471,32.431
1472,32.433
1473,32.436
1474,32.438
1475,32.441
1476,32.443
1477,32.445
1478,32.448
1479,32.451
1480,32.453
1481,32.456
1482,32.458
1483,32.461
1484,32.464
1485,32.490
1486,32.544
1487,32.625
1488,32.628
1489,32.631
1490,32.635
1491,32.713
1492,32.716
1493,32.720
1494,32.723
1495,32.812
1496,32.817
1497,32.821
1498,32.825
1499,32.920
1500,32.925
1501,32.929
1502,32.934
1503,33.029
1504,33.033
1505,33.038
1506,33.041
1507,33.139
1508,33.143
1509,33.148
1510,33.152
1511,33.272
1512,33.277
1513,33.282
1514,33.288
1515,33.417
1516,33.423
1517,33.428
1518,33.432
1519,33.559
1520,33.564
1521,33.569
1522,33.574
1523,33.689
1524,33.693
1525,33.698
1526,33.702
1527,33.800
1528,33.804
1529,33.808
1530,33.813
1531,33.912
1532,33.923
1533,33.924
1534,33.928
1535,34.027
1536,34.033
1537,34.037
1538,34.041
1539,34.136
1540,34.142
1541,34.147
1542,34.151
1543,34.248
1544,34.254
1545,34.258
1546,34.263
1547,34.361
1548,34.367
1549,34.372
1550,34.376
1551,34.476
1552,34.482
1553,34.486
1554,34.490
1555,34.581
1556,34.585
1557,34.589
1558,34.592
1559,34.719
1560,34.726
1561,34.731
1562,34.736
1563,34.857
1564,34.864
1565,34.869
1566,34.873
1567,35.002
1568,35.007
1569,35.011
1570,35.106
1571,35.110
1572,35.114
1573,35.200
1574,35.204
1575,35.207
1576,35.294
1577,35.298
1578,35.301
1579,35.388
1580,35.392
1581,35.396
1582,35.484
1583,35.489
1584,35.492
1585,35.578
1586,35.582
1587,35.585
1588,35.619
1589,35.630
1590,35.632
1591,35.829
1592,35.831
1593,35.974
1594,36.033
1595,36.035
1596,36.037
1597,36.066
1598,36.068
1599,36.070
1600,36.073
1601,36.075
1602,36.077
1603,36.079
1604,36.145
1605,36.148
1606,36.150
1607,36.233
1608,36.311
1609,36.314
1610,36.316
1611,36.319
1612,36.322
1613,36.326
1614,36.329
1615,36.333
1616,36.336
1617,36.340
1618,36.344
1619,36.348
1620,36.351
1621,36.355
1622,36.482
1623,36.488
1624,36.493
1625,36.667
1626,36.675
1627,36.682
1628,36.773
1629,36.778
1630,36.781
1631,36.869
1632,36.873
1633,36.877
1634,36.974
1635,36.981
1636,36.985
1637,37.080
1638,37.085
1639,37.090
1640,37.158
1641,37.221
1642,37.224
1643,37.226
1644,37.228
1645,37.231
1646,37.233
1647,37.235
1648,37.237
1649,37.239
1650,37.242
1651,37.244
1652,37.246
1653,37.249
1654,37.251
1655,37.254
1656,37.257
1657,37.260
1658,37.263
1659,37.265
1660,37.268
1661,37.271
1662,37.301
1663,37.361
1664,37.455
1665,37.459
1666,37.463
1667,37.467
1668,37.577
1669,37.582
1670,37.588
1671,37.592
1672,37.718
1673,37.724
1674,37.729
1675,37.734
1676,37.857
1677,37.862
1678,37.868
1679,37.874
1680,37.975
1681,37.979
1682,37.983
1683,37.987
1684,38.082
1685,38.086
1686,38.091
1687,38.094
1688,38.199
1689,38.204
1690,38.209
1691,38.214
1692,38.316
1693,38.321
1694,38.326
1695,38.330
1696,38.420
1697,38.424
1698,38.428
1699,38.432
1700,38.529
1701,38.533
1702,38.538
1703,38.542
1704,38.649
1705,38.654
1706,38.660
1707,38.665
1708,38.771
1709,38.777
1710,38.782
1711,38.787
1712,38.894
1713,38.899
1714,38.905
1715,38.909
1716,39.045
1717,39.051
1718,39.059
1719,39.063
1720,39.190
1721,39.195
1722,39.201
1723,39.205
1724,39.333
1725,39.337
1726,39.341
1727,39.346
1728,39.453
1729,39.457
1730,39.461
1731,39.465
1732,39.564
1733,39.568
1734,39.573
1735,39.578
1736,39.680
1737,39.684
1738,39.688
1739,39.692
1740,39.790
1741,39.794
1742,39.798
1743,39.803
1744,39.938
1745,39.938
1746,39.942
1747,40.046
1748,40.051
1749,40.055
1750,40.154
1751,40.158
1752,40.163
1753,40.259
1754,40.264
1755,40.268
1756,40.370
1757,40.376
1758,40.380
1759,40.508
1760,40.513
1761,40.517
1762,40.644
1763,40.649
1764,40.653
1765,40.749
1766,40.815
1767,40.818
1768,40.821
1769,40.824
1770,40.827
1771,40.830
1772,40.834
1773,40.837
1774,40.840
1775,40.844
1776,40.848
1777,40.851
1778,40.855
1779,40.859
1780,40.942
1781,40.946
1782,40.949
1783,41.033
1784,41.037
1785,41.040
1786,41.128
1787,41.131
1788,41.135
1789,41.225
1790,41.229
1791,41.232
1792,41.330
1793,41.336
1794,41.340
1795,41.442
1796,41.447
1797,41.452
1798,41.529
1799,41.600
1800,41.603
1801,41.606
1802,41.608
1803,41.611
1804,41.614
1805,41.617
1806,41.620
1807,41.624
1808,41.627
1809,41.630
1810,41.633
1811,41.637
1812,41.640
1813,41.643
1814,41.646
1815,41.649
1816,41.652
1817,41.656
1818,41.659
1819,41.662
1820,41.693
1821,41.751
1822,41.883
1823,41.889
1824,41.894
1825,41.898
1826,42.028
1827,42.033
1828,42.037
1829,42.042
1830,42.180
1831,42.184
1832,42.188
1833,42.192
1834,42.302
1835,42.307
1836,42.311
1837,42.315
1838,42.408
1839,42.412
1840,42.416
1841,42.419
1842,42.511
1843,42.515
1844,42.519
1845,42.526
1846,42.611
1847,42.615
1848,42.618
1849,42.622
1850,42.719
1851,42.725
1852,42.729
1853,42.734
1854,42.826
1855,42.830
1856,42.834
1857,42.838
1858,42.931
1859,42.937
1860,42.941
1861,42.946
1862,43.049
1863,43.056
1864,43.061
1865,43.066
1866,43.186
1867,43.194
1868,43.199
1869,43.205
1870,43.337
1871,43.344
1872,43.349
1873,43.353
1874,43.484
1875,43.492
1876,43.498
1877,43.502
1878,43.611
1879,43.619
1880,43.625
1881,43.629
1882,43.721
1883,43.727
1884,43.732
1885,43.736
1886,43.837
1887,43.843
1888,43.847
1889,43.851
1890,43.952
1891,43.958
1892,43.962
1893,43.966
1894,44.059
1895,44.065
1896,44.069
1897,44.072
1898,44.188
1899,44.194
1900,44.199
1901,44.203
1902,44.300
1903,44.304
1904,44.308
1905,44.402
1906,44.406
1907,44.412
1908,44.505
1909,44.510
1910,44.514
1911,44.642
1912,44.648
1913,44.653
1914,44.782
1915,44.787
1916,44.791
1917,44.927
1918,44.932
1919,44.936
1920,45.040
1921,45.044
1922,45.048
1923,45.117
1924,45.189
1925,45.193
1926,45.197
1927,45.201
1928,45.204
1929,45.207
1930,45.210
1931,45.213
1932,45.217
1933,45.220
1934,45.224
1935,45.227
1936,45.230
1937,45.233
1938,45.346
1939,45.346
1940,45.346
1941,45.417
1942,45.421
1943,45.424
1944,45.515
1945,45.519
1946,45.522
1947,45.613
1948,45.617
1949,45.621
1950,45.717
1951,45.723
1952,45.727
1953,45.848
1954,45.848
1955,45.848
1956,45.905
1957,45.979
1958,45.983
1959,45.985
1960,45.988
1961,45.991
1962,45.994
1963,45.997
1964,46.000
1965,46.004
1966,46.007
1967,46.010
1968,46.014
1969,46.017
1970,46.021
1971,46.024
1972,46.028
1973,46.032
1974,46.035
1975,46.039
1976,46.043
1977,46.047
1978,46.092
1979,46.169
1980,46.304
1981,46.309
1982,46.315
1983,46.320
1984,46.435
1985,46.439
1986,46.443
1987,46.447
1988,46.546
1989,46.550
1990,46.555
1991,46.559
1992,46.650
1993,46.654
1994,46.658
1995,46.662
1996,46.752
1997,46.757
1998,46.761
1999,46.764
2000,46.858
2001,46.863
2002,46.868
2003,46.872
2004,46.967
2005,46.971
2006,46.975
2007,46.979
2008,47.086
2009,47.093
2010,47.098
2011,47.102
2012,47.201
2013,47.204
2014,47.208
2015,47.212
2016,47.303
2017,47.308
2018,47.311
2019,47.314
2020,47.438
2021,47.445
2022,47.451
2023,47.455
2024,47.583
2025,47.591
2026,47.597
2027,47.602
2028,47.736
2029,47.744
2030,47.750
2031,47.755
2032,47.879
2033,47.885
2034,47.890
2035,47.894
2036,47.993
2037,47.999
2038,48.003
2039,48.007
2040,48.099
2041,48.104
2042,48.107
2043,48.111
2044,48.208
2045,48.215
2046,48.220
2047,48.224
2048,48.327
2049,48.334
2050,48.338
2051,48.342
2052,48.454
2053,48.460
2054,48.465
2055,48.470
2056,48.581
2057,48.586
2058,48.591
2059,48.595
2060,48.692
2061,48.696
2062,48.702
2063,48.811
2064,48.816
2065,48.821
2066,48.936
2067,48.940
2068,48.944
2069,49.065
2070,49.069
2071,49.072
2072,49.187
2073,49.190
2074,49.194
2075,49.289
2076,49.293
2077,49.297
2078,49.391
2079,49.395
2080,49.398
2081,49.466
2082,49.526
2083,49.529
2084,49.532
2085,49.534
2086,49.537
2087,49.540
2088,49.543
2089,49.545
2090,49.548
2091,49.551
2092,49.554
2093,49.557
2094,49.561
2095,49.564
2096,49.644
2097,49.647
2098,49.650
2099,49.731
2100,49.734
2101,49.737
2102,49.818
2103,49.822
2104,49.825
2105,49.911
2106,49.915
2107,49.918
2108,50.012
2109,50.017
2110,50.021
2111,50.123
2112,50.128
2113,50.132
2114,50.220
2115,50.292
2116,50.295
2117,50.298
2118,50.301
2119,50.303
2120,50.306
2121,50.309
2122,50.312
2123,50.314
2124,50.317
2125,50.320
2126,50.323
2127,50.326
2128,50.329
2129,50.333
2130,50.336
2131,50.339
2132,50.343
2133,50.346
2134,50.349
2135,50.353
2136,50.392
2137,50.470
2138,50.581
2139,50.586
2140,50.591
2141,50.595
2142,50.684
2143,50.688
2144,50.692
2145,50.696
2146,50.791
2147,50.795
2148,50.799
2149,50.803
2150,50.892
2151,50.895
2152,50.899
2153,50.903
2154,50.988
2155,50.992
2156,50.996
2157,51.000
2158,51.090
2159,51.094
2160,51.099
2161,51.102
2162,51.197
2163,51.201
2164,51.205
2165,51.209
2166,51.307
2167,51.311
2168,51.316
2169,51.321
2170,51.408
2171,51.412
2172,51.416
2173,51.419
2174,51.507
2175,51.512
2176,51.517
2177,51.521
2178,51.646
2179,51.651
2180,51.655
2181,51.660
2182,51.776
2183,51.783
2184,51.788
2185,51.792
2186,51.916
2187,51.920
2188,51.924
2189,51.928
2190,52.026
2191,52.029
2192,52.033
2193,52.037
2194,52.125
2195,52.128
2196,52.132
2197,52.136
2198,52.225
2199,52.229
2200,52.233
2201,52.237
2202,52.324
2203,52.328
2204,52.332
2205,52.336
2206,52.428
2207,52.432
2208,52.436
2209,52.439
2210,52.533
2211,52.537
2212,52.541
2213,52.546
2214,52.643
2215,52.647
2216,52.651
2217,52.655
2218,52.747
2219,52.750
2220,52.754
2221,52.844
2222,52.848
2223,52.852
2224,52.958
2225,52.962
2226,52.967
2227,53.088
2228,53.093
2229,53.096
2230,53.214
2231,53.220
2232,53.224
2233,53.340
2234,53.345
2235,53.349
2236,53.446
2237,53.451
2238,53.457
2239,53.505
2240,53.507
2241,53.542
2242,53.544
2243,53.594
2244,53.597
2245,53.815
2246,53.818
2247,53.822
2248,53.825
2249,53.998
2250,54.039
2251,54.059
2252,54.062
2253,54.082
2254,54.101
2255,54.121
2256,54.140
2257,54.142
2258,54.336
2259,54.339
2260,54.486
2261,54.525
2262,54.527
2263,54.575
2264,54.577
2265,54.643
2266,54.647
2267,54.649
2268,54.692
2269,54.695
2270,54.697
2271,54.700
2272,54.702
2273,54.705
2274,54.708
2275,54.710
2276,54.771
2277,54.774
2278,54.777
2279,54.807
2280,54.820
2281,54.822
2282,54.845
2283,54.861
2284,54.863
2285,54.874
2286,54.877
2287,54.880
2288,54.884
2289,54.901
2290,54.903
2291,54.912
2292,54.929
2293,54.932
2294,54.984
2295,54.986
2296,54.988
2297,54.991
2298,54.993
2299,54.996
2300,54.998
2301,55.000
2302,55.034
2303,55.036
2304,55.039
2305,55.041
2306,55.043
2307,55.045
2308,55.047
2309,55.095
2310,55.098
2311,55.100
2312,55.102
2313,55.104
2314,55.106
2315,55.109
2316,55.111
2317,55.125
2318,55.127
2319,55.129
2320,55.131
2321,55.163
2322,55.165
2323,55.167
2324,55.169
2325,55.172
2326,55.174
2327,55.176
2328,55.223
2329,55.226
2330,55.228
2331,55.230
2332,55.232
2333,55.235
2334,55.237
2335,55.240
2336,55.292
2337,55.295
2338,55.298
2339,55.301
2340,55.303
2341,55.335
2342,55.338
2343,55.340
2344,55.342
2345,55.344
2346,55.347
2347,55.349
2348,55.351
2349,55.353
2350,55.384
2351,55.386
2352,55.388
2353,55.391
2354,55.404
2355,55.406
2356,55.408
2357,55.410
2358,55.423
2359,55.434
2360,55.441
2361,55.443
2362,55.498
2363,55.564
2364,55.567
2365,55.570
2366,55.573
2367,55.576
2368,55.579
2369,55.583
2370,55.587
2371,55.590
2372,55.594
2373,55.597
2374,55.601
2375,55.605
2376,55.609
2377,55.698
2378,55.702
2379,55.705
2380,55.793
2381,55.797
2382,55.800
2383,55.895
2384,55.899
2385,55.904
2386,55.995
2387,55.999
2388,56.003
2389,56.120
2390,56.127
2391,56.132
2392,56.267
2393,56.272
2394,56.277
2395,56.369
2396,56.458
2397,56.462
2398,56.465
2399,56.468
2400,56.470
2401,56.473
2402,56.476
2403,56.479
2404,56.482
2405,56.485
2406,56.488
2407,56.491
2408,56.494
2409,56.498
2410,56.501
2411,56.505
2412,56.509
2413,56.512
2414,56.515
2415,56.519
2416,56.523
2417,56.556
2418,56.618
2419,56.713
2420,56.718
2421,56.722
2422,56.726
2423,56.826
2424,56.830
2425,56.834
2426,56.838
2427,56.944
2428,56.949
2429,56.954
2430,56.960
2431,57.061
2432,57.066
2433,57.071
2434,57.075
2435,57.176
2436,57.181
2437,57.185
2438,57.189
2439,57.290
2440,57.295
2441,57.299
2442,57.304
2443,57.407
2444,57.412
2445,57.417
2446,57.421
2447,57.542
2448,57.547
2449,57.553
2450,57.558
2451,57.685
2452,57.691
2453,57.696
2454,57.701
2455,57.865
2456,57.871
2457,57.876
2458,57.881
2459,58.051
2460,58.057
2461,58.065
2462,58.069
2463,58.168
2464,58.174
2465,58.179
2466,58.183
2467,58.284
2468,58.290
2469,58.295
2470,58.299
2471,58.398
2472,58.403
2473,58.407
2474,58.411
2475,58.505
2476,58.510
2477,58.514
2478,58.518
2479,58.615
2480,58.619
2481,58.623
2482,58.627
2483,58.728
2484,58.732
2485,58.736
2486,58.740
2487,58.841
2488,58.847
2489,58.851
2490,58.855
2491,58.965
2492,58.976
2493,58.982
2494,58.986
2495,59.122
2496,59.129
2497,59.133
2498,59.137
2499,59.255
2500,59.259
2501,59.264
2502,59.376
2503,59.380
2504,59.384
2505,59.480
2506,59.483
2507,59.486
2508,59.577
2509,59.581
2510,59.585
2511,59.673
2512,59.677
2513,59.681
2514,59.767
2515,59.770
2516,59.774
2517,59.866
2518,59.870
2519,59.873
2520,59.944
2521,60.006
2522,60.009
2523,60.013
2524,60.016
2525,60.019
2526,60.022
2527,60.025
2528,60.028
2529,60.031
2530,60.034
2531,60.037
2532,60.040
2533,60.044
2534,60.047
2535,60.136
2536,60.140
2537,60.143
2538,60.232
2539,60.236
2540,60.239
2541,60.362
2542,60.366
2543,60.370
2544,60.492
2545,60.496
2546,60.500
2547,60.631
2548,60.638
2549,60.643
2550,60.745
2551,60.749
2552,60.753
2553,60.818
2554,60.877
2555,60.879
2556,60.881
2557,60.883
2558,60.886
2559,60.888
2560,60.891
2561,60.893
2562,60.896
2563,60.898
2564,60.901
2565,60.904
2566,60.906
2567,60.909
2568,60.911
2569,60.914
2570,60.917
2571,60.920
2572,60.923
2573,60.926
2574,60.929
2575,60.958
2576,61.016
2577,61.108
2578,61.112
2579,61.116
2580,61.120
2581,61.209
2582,61.213
2583,61.218
2584,61.222
2585,61.320
2586,61.325
2587,61.329
2588,61.333
2589,61.424
2590,61.429
2591,61.433
2592,61.436
2593,61.531
2594,61.536
2595,61.539
2596,61.543
2597,61.649
2598,61.655
2599,61.660
2600,61.664
2601,61.791
2602,61.796
2603,61.800
2604,61.804
2605,61.935
2606,61.940
2607,61.946
2608,61.950
2609,62.064
2610,62.068
2611,62.072
2612,62.076
2613,62.178
2614,62.183
2615,62.188
2616,62.193
2617,62.292
2618,62.297
2619,62.302
2620,62.305
2621,62.421
2622,62.421
2623,62.421
2624,62.427
2625,62.544
2626,62.551
2627,62.556
2628,62.561
2629,62.681
2630,62.687
2631,62.691
2632,62.694
2633,62.786
2634,62.792
2635,62.796
2636,62.801
2637,62.893
2638,62.899
2639,62.903
2640,62.906
2641,62.997
2642,63.005
2643,63.010
2644,63.015
2645,63.147
2646,63.155
2647,63.159
2648,63.164
2649,63.301
2650,63.308
2651,63.313
2652,63.317
2653,63.452
2654,63.459
2655,63.463
2656,63.467
2657,63.566
2658,63.570
2659,63.573
2660,63.674
2661,63.675
2662,63.679
2663,63.776
2664,63.780
2665,63.783
2666,63.877
2667,63.881
2668,63.884
2669,63.977
2670,63.981
2671,63.984
2672,64.076
2673,64.080
2674,64.083
2675,64.176
2676,64.180
2677,64.183
2678,64.255
2679,64.352
2680,64.352
2681,64.352
2682,64.352
2683,64.352
2684,64.352
2685,64.352
2686,64.352
2687,64.357
2688,64.361
2689,64.365
2690,64.368
2691,64.372
2692,64.383
2693,64.492
2694,64.497
2695,64.502
2696,64.623
2697,64.627
2698,64.632
2699,64.755
2700,64.760
2701,64.764
2702,64.869
2703,64.873
2704,64.876
2705,64.980
2706,64.986
2707,64.990
2708,65.088
2709,65.093
2710,65.097
2711,65.166
2712,65.231
2713,65.233
2714,65.236
2715,65.238
2716,65.241
2717,65.244
2718,65.246
2719,65.249
2720,65.252
2721,65.255
2722,65.258
2723,65.260
2724,65.263
2725,65.266
2726,65.270
2727,65.273
2728,65.276
2729,65.279
2730,65.282
2731,65.285
2732,65.289
2733,65.320
2734,65.381
2735,65.478
2736,65.482
2737,65.486
2738,65.489
2739,65.585
2740,65.589
2741,65.594
2742,65.597
2743,65.701
2744,65.701
2745,65.704
2746,65.708
2747,65.801
2748,65.806
2749,65.810
2750,65.814
2751,65.934
2752,65.939
2753,65.942
2754,65.946
2755,66.060
2756,66.065
2757,66.069
2758,66.073
2759,66.182
2760,66.186
2761,66.189
2762,66.193
2763,66.285
2764,66.290
2765,66.294
2766,66.297
2767,66.381
2768,66.385
2769,66.389
2770,66.392
2771,66.481
2772,66.486
2773,66.490
2774,66.494
2775,66.582
2776,66.587
2777,66.591
2778,66.594
2779,66.686
2780,66.693
2781,66.697
2782,66.702
2783,66.791
2784,66.796
2785,66.800
2786,66.804
2787,66.895
2788,66.900
2789,66.904
2790,66.907
2791,67.000
2792,67.009
2793,67.015
2794,67.019
2795,67.163
2796,67.170
2797,67.175
2798,67.179
2799,67.307
2800,67.314
2801,67.319
2802,67.323
2803,67.453
2804,67.459
2805,67.463
2806,67.467
2807,67.571
2808,67.577
2809,67.581
2810,67.585
2811,67.687
2812,67.693
2813,67.698
2814,67.701
2815,67.796
2816,67.799
2817,67.803
2818,67.896
2819,67.900
2820,67.904
2821,68.005
2822,68.009
2823,68.012
2824,68.101
2825,68.105
2826,68.108
2827,68.203
2828,68.206
2829,68.210
2830,68.312
2831,68.316
2832,68.320
2833,68.431
2834,68.436
2835,68.440
2836,68.544
2837,68.631
2838,68.635
2839,68.639
2840,68.642
2841,68.646
2842,68.650
2843,68.654
2844,68.658
2845,68.663
2846,68.667
2847,68.671
2848,68.676
2849,68.680
2850,68.685
2851,68.814
2852,68.819
2853,68.823
2854,68.923
2855,68.927
2856,68.931
2857,69.029
2858,69.033
2859,69.036
2860,69.128
2861,69.131
2862,69.135
2863,69.230
2864,69.236
2865,69.240
2866,69.335
2867,69.339
2868,69.343
2869,69.414
2870,69.492
2871,69.495
2872,69.498
2873,69.501
2874,69.504
2875,69.507
2876,69.510
2877,69.512
2878,69.515
2879,69.518
2880,69.521
2881,69.524
2882,69.527
2883,69.531
2884,69.535
2885,69.538
2886,69.542
2887,69.545
2888,69.548
2889,69.552
2890,69.555
2891,69.584
2892,69.641
2893,69.735
2894,69.739
2895,69.743
2896,69.747
2897,69.849
2898,69.853
2899,69.858
2900,69.863
2901,70.006
2902,70.012
2903,70.017
2904,70.022
2905,70.159
2906,70.165
2907,70.169
2908,70.174
2909,70.300
2910,70.305
2911,70.309
2912,70.313
2913,70.419
2914,70.424
2915,70.429
2916,70.433
2917,70.542
2918,70.544
2919,70.548
2920,70.552
2921,70.657
2922,70.662
2923,70.667
2924,70.671
2925,70.773
2926,70.777
2927,70.782
2928,70.786
2929,70.891
2930,70.895
2931,70.900
2932,70.904
2933,71.015
2934,71.021
2935,71.026
2936,71.030
2937,71.133
2938,71.140
2939,71.145
2940,71.150
2941,71.245
2942,71.254
2943,71.261
2944,71.265
2945,71.414
2946,71.422
2947,71.428
2948,71.433
2949,71.567
2950,71.575
2951,71.580
2952,71.585
2953,71.720
2954,71.726
2955,71.731
2956,71.735
2957,71.841
2958,71.848
2959,71.852
2960,71.856
2961,71.959
2962,71.965
2963,71.969
2964,71.974
2965,72.083
2966,72.089
2967,72.093
2968,72.098
2969,72.200
2970,72.206
2971,72.210
2972,72.214
2973,72.313
2974,72.317
2975,72.321
2976,72.423
2977,72.426
2978,72.429
2979,72.530
2980,72.534
2981,72.537
2982,72.635
2983,72.639
2984,72.642
2985,72.765
2986,72.770
2987,72.775
2988,72.905
2989,72.909
2990,72.914
2991,73.045
2992,73.050
2993,73.055
2994,73.149
2995,73.215
2996,73.218
2997,73.221
2998,73.224
2999,73.227
3000,73.230
3001,73.233
3002,73.236
3003,73.239
3004,73.243
3005,73.246
3006,73.249
3007,73.253
3008,73.256
3009,73.350
3010,73.354
3011,73.357
3012,73.453
3013,73.457
3014,73.460
3015,73.547
3016,73.551
3017,73.555
3018,73.644
3019,73.648
3020,73.652
3021,73.750
3022,73.755
3023,73.759
3024,73.855
3025,73.860
3026,73.864
3027,73.933
3028,73.997
3029,73.999
3030,74.002
3031,74.004
3032,74.007
3033,74.009
3034,74.012
3035,74.015
3036,74.018
3037,74.020
3038,74.024
3039,74.026
3040,74.030
3041,74.033
3042,74.036
3043,74.039
3044,74.042
3045,74.046
3046,74.049
3047,74.052
3048,74.056
3049,74.082
3050,74.165
3051,74.294
3052,74.300
3053,74.304
3054,74.309
3055,74.440
3056,74.446
3057,74.451
3058,74.455
3059,74.576
3060,74.580
3061,74.585
3062,74.589
3063,74.682
3064,74.686
3065,74.690
3066,74.694
3067,74.787
3068,74.792
3069,74.796
3070,74.801
3071,74.902
3072,74.906
3073,74.911
3074,74.915
3075,75.016
3076,75.021
3077,75.026
3078,75.030
3079,75.133
3080,75.139
3081,75.145
3082,75.149
3083,75.246
3084,75.250
3085,75.255
3086,75.260
3087,75.361
3088,75.367
3089,75.372
3090,75.375
3091,75.483
3092,75.493
3093,75.496
3094,75.500
3095,75.637
3096,75.644
3097,75.650
3098,75.655
3099,75.802
3100,75.810
3101,75.815
3102,75.820
3103,75.949
3104,75.955
3105,75.959
3106,75.963
3107,76.069
3108,76.076
3109,76.081
3110,76.085
3111,76.190
3112,76.196
3113,76.200
3114,76.205
3115,76.310
3116,76.316
3117,76.321
3118,76.325
3119,76.428
3120,76.434
3121,76.439
3122,76.443
3123,76.542
3124,76.549
3125,76.554
3126,76.558
3127,76.656
3128,76.662
3129,76.666
3130,76.670
3131,76.766
3132,76.770
3133,76.773
3134,76.877
3135,76.882
3136,76.887
3137,77.016
3138,77.021
3139,77.025
3140,77.154
3141,77.159
3142,77.163
3143,77.301
3144,77.305
3145,77.309
3146,77.414
3147,77.418
3148,77.422
3149,77.520
3150,77.524
3151,77.528
3152,77.727
3153,77.730
3154,77.888
3155,78.063
3156,78.066
3157,78.193
3158,78.379
3159,78.382
3160,78.510
3161,78.728
3162,78.733
3163,78.907
3164,79.135
3165,79.138
3166,79.141
3167,79.273
3168,79.317
3169,79.338
3170,79.361
3171,79.381
3172,79.422
3173,79.424
3174,79.467
3175,79.469
3176,79.513
3177,79.516
3178,79.557
3179,79.560
3180,79.625
3181,79.628
3182,79.630
3183,79.665
3184,79.667
3185,79.670
3186,79.672
3187,79.674
3188,79.677
3189,79.679
3190,79.732
3191,79.734
3192,79.737
3193,79.762
3194,79.773
3195,79.775
3196,79.784
3197,79.786
3198,79.788
3199,79.821
3200,79.824
3201,79.826
3202,79.859
3203,79.861
3204,79.863
3205,79.865
3206,79.868
3207,79.870
3208,79.873
3209,79.917
3210,79.920
3211,79.922
3212,79.936
3213,79.947
3214,79.949
3215,79.958
3216,79.969
3217,79.971
3218,80.009
3219,80.011
3220,80.014
3221,80.049
3222,80.051
3223,80.053
3224,80.055
3225,80.058
3226,80.061
3227,80.063
3228,80.108
3229,80.111
3230,80.113
3231,80.128
3232,80.139
3233,80.141
3234,80.149
3235,80.159
3236,80.161
3237,80.198
3238,80.200
3239,80.202
3240,80.237
3241,80.239
3242,80.241
3243,80.243
3244,80.245
3245,80.248
3246,80.250
3247,80.304
3248,80.307
3249,80.310
3250,80.341
3251,80.356
3252,80.359
3253,80.371
3254,80.387
3255,80.390
3256,80.437
3257,80.440
3258,80.443
3259,80.486
3260,80.489
3261,80.491
3262,80.493
3263,80.496
3264,80.500
3265,80.503
3266,80.557
3267,80.559
3268,80.562
3269,80.591
3270,80.606
3271,80.608
3272,80.620
3273,80.635
3274,80.637
3275,80.719
3276,80.722
3277,80.773
3278,80.775
3279,80.819
3280,80.822
3281,80.852
3282,80.854
3283,80.856
3284,80.858
3285,80.861
3286,80.871
3287,80.892
3288,80.903
3289,80.922
3290,80.960
3291,80.962
3292,80.964
3293,81.000
3294,81.002
3295,81.005
3296,81.007
3297,81.010
3298,81.012
3299,81.015
3300,81.018
3301,81.022
3302,81.024
3303,81.026
3304,81.028
3305,81.032
3306,81.034
3307,81.037
3308,81.039
3309,81.042
3310,81.046
3311,81.048
3312,81.050
3313,81.052
3314,81.054
3315,81.058
3316,81.060
3317,81.063
3318,81.065
3319,81.067
3320,81.070
3321,81.072
3322,81.076
3323,81.078
3324,81.081
3325,81.084
3326,81.086
3327,81.090
3328,81.092
3329,81.094
3330,81.096
3331,81.099
3332,81.103
3333,81.105
3334,81.108
3335,81.110
3336,81.112
3337,81.115
3338,81.117
3339,81.121
3340,81.123
3341,81.125
3342,81.128
3343,81.131
3344,81.133
3345,81.135
3346,81.138
3347,81.140
3348,81.175
3349,81.177
3350,81.180
3351,81.182
3352,81.218
3353,81.220
3354,81.223
3355,81.226
3356,81.261
3357,81.264
3358,81.266
3359,81.269
3360,81.304
3361,81.307
3362,81.309
3363,81.312
3364,81.347
3365,81.349
3366,81.352
3367,81.354
3368,81.389
3369,81.391
3370,81.394
3371,81.396
3372,81.430
3373,81.432
3374,81.435
3375,81.437
3376,81.470
3377,81.472
3378,81.475
3379,81.477
3380,81.509
3381,81.511
3382,81.514
3383,81.516
3384,81.549
3385,81.551
3386,81.553
3387,81.555
3388,81.587
3389,81.590
3390,81.592
3391,81.627
3392,81.629
3393,81.632
3394,81.634
3395,81.636
3396,81.640
3397,81.642
3398,81.644
3399,81.673
3400,81.730
3401,81.763
3402,81.766
3403,81.768
3404,81.797
3405,81.815
3406,81.818
3407,81.820
3408,81.822
3409,81.824
3410,81.826
3411,81.828
3412,81.830
3413,81.832
3414,81.835
3415,81.837
3416,81.839
3417,81.841
3418,81.843
3419,81.846
3420,81.848
3421,81.850
3422,81.852
3423,81.855
3424,81.917
3425,82.051
3426,82.053
3427,82.056
3428,82.113
3429,82.194
3430,82.250
3431,82.326
3432,82.382
3433,82.449
3434,82.494
3435,82.559
3436,82.561
3437,82.563
3438,82.566
3439,82.570
3440,82.598
3441,82.601
3442,82.603
3443,82.605
3444,82.653
3445,82.716
3446,82.719
3447,82.721
3448,82.724
3449,82.729
3450,82.756
3451,82.759
3452,82.762
3453,82.764
3454,82.807
3455,82.866
3456,82.869
3457,82.871
3458,82.873
3459,82.879
3460,82.904
3461,82.907
3462,82.910
3463,82.913
3464,82.958
3465,83.020
3466,83.023
3467,83.026
3468,83.029
3469,83.034
3470,83.062
3471,83.067
3472,83.069
3473,83.071
3474,83.116
3475,83.176
3476,83.179
3477,83.182
3478,83.185
3479,83.190
3480,83.218
3481,83.222
3482,83.225
3483,83.228
3484,83.272
3485,83.334
3486,83.337
3487,83.340
3488,83.345
3489,83.350
3490,83.378
3491,83.381
3492,83.388
3493,83.391
3494,83.432
3495,83.513
3496,83.515
3497,83.518
3498,83.521
3499,83.527
3500,83.563
3501,83.566
3502,83.569
3503,83.572
3504,83.629
3505,83.705
3506,83.707
3507,83.710
3508,83.713
3509,83.718
3510,83.751
3511,83.754
3512,83.757
3513,83.760
3514,83.818
3515,83.900
3516,83.903
3517,83.905
3518,83.908
3519,83.912
3520,83.939
3521,83.942
3522,83.944
3523,83.946
3524,83.992
3525,84.055
3526,84.058
3527,84.060
3528,84.063
3529,84.067
3530,84.092
3531,84.095
3532,84.097
3533,84.099
3534,84.142
3535,84.199
3536,84.201
3537,84.203
3538,84.206
3539,84.210
3540,84.234
3541,84.237
3542,84.239
3543,84.242
3544,84.282
3545,84.339
3546,84.341
3547,84.343
3548,84.345
3549,84.349
3550,84.373
3551,84.376
3552,84.378
3553,84.381
3554,84.421
3555,84.476
3556,84.478
3557,84.480
3558,84.483
3559,84.487
3560,84.510
3561,84.513
3562,84.515
3563,84.517
3564,84.558
3565,84.614
3566,84.616
3567,84.618
3568,84.621
3569,84.625
3570,84.652
3571,84.655
3572,84.658
3573,84.660
3574,84.701
3575,84.759
3576,84.761
3577,84.763
3578,84.766
3579,84.770
3580,84.797
3581,84.800
3582,84.802
3583,84.805
3584,84.847
3585,84.904
3586,84.907
3587,84.910
3588,84.914
3589,84.921
3590,84.958
3591,84.966
3592,84.970
3593,84.973
3594,85.033
3595,85.111
3596,85.113
3597,85.116
3598,85.119
3599,85.125
3600,85.163
3601,85.170
3602,85.173
3603,85.175
3604,85.235
3605,85.312
3606,85.314
3607,85.317
3608,85.324
3609,85.348
3610,85.351
3611,85.353
3612,85.355
3613,85.398
3614,85.460
3615,85.462
3616,85.465
3617,85.467
3618,85.469
3619,85.471
3620,85.473
3621,85.475
3622,85.477
3623,85.480
3624,85.484
3625,85.487
3626,85.514
3627,85.519
3628,85.521
3629,85.523
3630,85.546
3631,85.551
3632,85.553
3633,85.555
3634,85.573
3635,85.575
3636,85.577
3637,85.580
3638,85.603
3639,85.608
3640,85.610
3641,85.613
3642,85.637
3643,85.641
3644,85.644
3645,85.646
3646,85.670
3647,85.675
3648,85.677
3649,85.680
3650,85.703
3651,85.707
3652,85.710
3653,85.712
3654,85.730
3655,85.732
3656,85.734
3657,85.736
3658,85.754
3659,85.756
3660,85.758
3661,85.760
3662,85.824
3663,85.827
3664,85.877
3665,85.881
3666,85.920
3667,85.923
3668,85.925
3669,85.928
3670,85.944
3671,85.947
3672,85.950
3673,85.972
3674,85.975
3675,85.977
3676,85.998
3677,86.000
3678,86.021
3679,86.023
3680,86.044
3681,86.046
3682,86.049
3683,86.069
3684,86.071
3685,86.073
3686,86.076
3687,86.117
3688,86.121
3689,86.124
3690,86.158
3691,86.160
3692,86.178
3693,86.180
3694,86.182
3695,86.202
3696,86.204
3697,86.224
3698,86.226
3699,86.261
3700,86.262
3701,86.298
3702,86.300
3703,86.302
3704,86.304
3705,86.353
3706,86.356
3707,86.425
3708,86.430
3709,86.480
3710,86.483
3711,86.485
3712,86.488
3713,86.540
3714,86.546
3715,86.609
3716,86.613
3717,86.663
3718,86.666
3719,86.668
3720,86.671
3721,86.722
3722,86.724
3723,86.775
3724,86.777
3725,86.815
3726,86.817
3727,86.819
3728,86.821
3729,86.860
3730,86.862
3731,86.908
3732,86.911
3733,86.956
3734,86.958
3735,86.960
3736,86.962
3737,86.964
3738,87.020
3739,87.023
3740,87.088
3741,87.092
3742,87.156
3743,87.160
3744,87.206
3745,87.209
3746,87.211
3747,87.213
3748,87.215
3749,87.270
3750,87.273
3751,87.337
3752,87.340
3753,87.404
3754,87.407
3755,87.452
3756,87.454
3757,87.456
3758,87.458
3759,87.460
3760,87.513
3761,87.516
3762,87.589
3763,87.592
3764,87.680
3765,87.684
3766,87.741
3767,87.744
3768,87.747
3769,87.749
3770,87.751
3771,87.829
3772,87.832
3773,87.926
3774,87.929
3775,88.001
3776,88.004
3777,88.055
3778,88.058
3779,88.061
3780,88.064
3781,88.140
3782,88.144
3783,88.225
3784,88.229
3785,88.282
3786,88.285
3787,88.287
3788,88.290
3789,88.361
3790,88.365
3791,88.442
3792,88.446
3793,88.506
3794,88.509
3795,88.512
3796,88.514
3797,88.588
3798,88.591
3799,88.669
3800,88.673
3801,88.728
3802,88.731
3803,88.734
3804,88.736
3805,88.812
3806,88.816
3807,88.899
3808,88.904
3809,88.982
3810,88.985
3811,88.989
3812,88.993
3813,89.091
3814,89.096
3815,89.199
3816,89.204
3817,89.289
3818,89.291
3819,89.295
3820,89.297
3821,89.376
3822,89.380
3823,89.459
3824,89.463
3825,89.535
3826,89.536
3827,89.540
3828,89.544
3829,89.608
3830,89.612
3831,89.684
3832,89.688
3833,89.756
3834,89.759
3835,89.765
3836,89.769
3837,89.812
3838,89.814
3839,89.879
3840,89.882
3841,89.886
3842,89.889
3843,89.893
3844,89.958
3845,89.962
3846,90.032
3847,90.035
3848,90.105
3849,90.109
3850,90.179
3851,90.182
3852,90.186
3853,90.282
3854,90.286
3855,90.392
3856,90.396
3857,90.401
3858,90.498
3859,90.502
3860,90.606
3861,90.610
3862,90.615
3863,90.699
3864,90.703
3865,90.749
3866,90.751
3867,90.753
3868,90.755
3869,90.801
3870,90.804
3871,90.858
3872,90.862
3873,90.916
3874,90.918
3875,90.921
3876,90.972
3877,90.996
3878,91.049
3879,91.052
3880,91.054
3881,91.100
3882,91.124
3883,91.191
3884,91.194
3885,91.197
3886,91.265
3887,91.268
3888,91.352
3889,91.357
3890,91.361
3891,91.441
3892,91.445
3893,91.494
3894,91.496
3895,91.533
3896,91.536
3897,91.574
3898,91.576
3899,91.703
3900,91.759
3901,91.765
3902,91.771
3903,91.776
3904,91.781
3905,91.787
3906,91.792
3907,91.797
3908,91.802
3909,91.808
3910,91.814
3911,91.819
3912,91.825
3913,91.831
3914,91.836
3915,91.842
3916,91.847
3917,91.853
3918,91.859
3919,91.864
3920,91.870
3921,91.876
3922,91.881
3923,91.888
3924,91.894
3925,91.900
3926,91.906
3927,91.911
3928,91.917
3929,92.043
3930,92.175
3931,92.210
3932,92.244
3933,92.279
3934,92.313
3935,92.338
3936,92.350
3937,92.383
3938,92.408
3939,92.509
3940,92.536
3941,92.636
3942,92.666
3943,92.757
3944,92.791
3945,92.910
3946,92.915
3947,93.031
3948,93.036
3949,93.160
3950,93.204
3951,93.248
3952,93.284
3953,93.301
3954,93.338
3955,93.503
3956,93.508
3957,93.612
3958,93.649
3959,93.678
3960,93.795
3961,93.800
3962,93.914
3963,93.919
3964,94.034
3965,94.039
3966,94.156
3967,94.161
3968,94.280
3969,94.284
3970,94.417
3971,94.422
3972,94.586
3973,94.592
3974,94.744
3975,94.749
3976,94.856
3977,94.893
3978,94.897
3979,94.902
3980,94.906
3981,94.910
3982,94.914
3983,94.919
3984,94.924
3985,94.929
3986,94.934
3987,94.938
3988,94.943
3989,94.947
3990,94.952
3991,94.956
3992,94.961
3993,94.966
3994,94.971
3995,94.975
3996,94.980
3997,94.985
3998,94.990
3999,94.995
4000,94.999
4001,95.004
4002,95.010
4003,95.016
4004,95.022
4005,95.027
4006,95.121
4007,95.229
4008,95.265
4009,95.297
4010,95.329
4011,95.364
4012,95.391
4013,95.404
4014,95.438
4015,95.465
4016,95.572
4017,95.603
4018,95.711
4019,95.740
4020,95.847
4021,95.890
4022,96.060
4023,96.066
4024,96.221
4025,96.226
4026,96.320
4027,96.356
4028,96.389
4029,96.416
4030,96.429
4031,96.458
4032,96.574
4033,96.578
4034,96.668
4035,96.705
4036,96.732
4037,96.843
4038,96.848
4039,96.964
4040,96.968
4041,97.082
4042,97.087
4043,97.241
4044,97.248
4045,97.410
4046,97.416
4047,97.564
4048,97.569
4049,97.687
4050,97.691
4051,97.797
4052,97.802
4053,97.902
4054,97.940
4055,97.945
4056,97.949
4057,97.953
4058,97.957
4059,97.962
4060,97.966
4061,97.970
4062,97.975
4063,97.979
4064,97.983
4065,97.987
4066,97.993
4067,97.997
4068,98.002
4069,98.006
4070,98.011
4071,98.015
4072,98.020
4073,98.025
4074,98.030
4075,98.035
4076,98.040
4077,98.044
4078,98.049
4079,98.054
4080,98.059
4081,98.063
4082,98.068
4083,98.152
4084,98.253
4085,98.286
4086,98.321
4087,98.357
4088,98.395
4089,98.422
4090,98.435
4091,98.471
4092,98.497
4093,98.644
4094,98.685
4095,98.850
4096,98.888
4097,99.017
4098,99.053
4099,99.188
4100,99.193
4101,99.316
4102,99.321
4103,99.413
4104,99.445
4105,99.480
4106,99.513
4107,99.530
4108,99.550
4109,99.662
4110,99.667
4111,99.766
4112,99.802
4113,99.827
4114,99.937
4115,99.941
4116,100.110
4117,100.116
4118,100.274
4119,100.280
4120,100.434
4121,100.439
4122,100.554
4123,100.559
4124,100.676
4125,100.681
4126,100.797
4127,100.802
4128,100.915
4129,100.919
4130,101.030
4131,101.070
4132,101.075
4133,101.079
4134,101.083
4135,101.088
4136,101.092
4137,101.097
4138,101.101
4139,101.105
4140,101.110
4141,101.114
4142,101.119
4143,101.124
4144,101.129
4145,101.133
4146,101.138
4147,101.143
4148,101.148
4149,101.153
4150,101.158
4151,101.163
4152,101.167
4153,101.173
4154,101.177
4155,101.182
4156,101.187
4157,101.192
4158,101.197
4159,101.202
4160,101.294
4161,101.417
4162,101.463
4163,101.509
4164,101.557
4165,101.600
4166,101.633
4167,101.650
4168,101.696
4169,101.727
4170,101.873
4171,101.903
4172,102.018
4173,102.047
4174,102.143
4175,102.182
4176,102.325
4177,102.329
4178,102.444
4179,102.449
4180,102.542
4181,102.577
4182,102.615
4183,102.643
4184,102.656
4185,102.685
4186,102.797
4187,102.802
4188,102.927
4189,102.980
4190,103.015
4191,103.176
4192,103.182
4193,103.341
4194,103.346
4195,103.459
4196,103.464
4197,103.572
4198,103.576
4199,103.686
4200,103.691
4201,103.795
4202,103.800
4203,103.909
4204,103.914
4205,104.023
4206,104.027
4207,104.162
4208,104.215
4209,104.220
4210,104.224
4211,104.229
4212,104.236
4213,104.241
4214,104.246
4215,104.252
4216,104.259
4217,104.266
4218,104.272
4219,104.278
4220,104.285
4221,104.293
4222,104.300
4223,104.307
4224,104.314
4225,104.322
4226,104.328
4227,104.335
4228,104.341
4229,104.349
4230,104.358
4231,104.366
4232,104.373
4233,104.379
4234,104.385
4235,104.391
4236,104.397
4237,104.532
4238,104.681
4239,104.723
4240,104.773
4241,104.808
4242,104.845
4243,104.872
4244,104.885
4245,104.923
4246,104.951
4247,105.070
4248,105.102
4249,105.232
4250,105.267
4251,105.364
4252,105.399
4253,105.532
4254,105.537
4255,105.656
4256,105.660
4257,105.749
4258,105.783
4259,105.816
4260,105.854
4261,105.871
4262,105.905
4263,106.058
4264,106.063
4265,106.189
4266,106.225
4267,106.250
4268,106.362
4269,106.366
4270,106.477
4271,106.482
4272,106.596
4273,106.600
4274,106.703
4275,106.708
4276,106.820
4277,106.824
4278,106.941
4279,106.946
4280,107.065
4281,107.069
4282,107.221
4283,107.228
4284,107.382
4285,107.433
4286,107.439
4287,107.444
4288,107.449
4289,107.454
4290,107.459
4291,107.466
4292,107.471
4293,107.477
4294,107.482
4295,107.488
4296,107.493
4297,107.499
4298,107.505
4299,107.511
4300,107.520
4301,107.524
4302,107.531
4303,107.536
4304,107.543
4305,107.549
4306,107.556
4307,107.562
4308,107.567
4309,107.572
4310,107.577
4311,107.582
4312,107.587
4313,107.592
4314,107.688
4315,107.801
4316,107.840
4317,107.887
4318,107.914
4319,107.944
4320,107.973
4321,107.987
4322,108.022
4323,108.049
4324,108.164
4325,108.195
4326,108.317
4327,108.347
4328,108.442
4329,108.477
4330,108.613
4331,108.619
4332,108.789
4333,108.794
4334,108.925
4335,108.971
4336,109.014
4337,109.043
4338,109.057
4339,109.085
4340,109.204
4341,109.209
4342,109.304
4343,109.340
4344,109.366
4345,109.478
4346,109.483
4347,109.593
4348,109.598
4349,109.736
4350,109.740
4351,109.852
4352,109.856
4353,109.983
4354,109.988
4355,110.148
4356,110.153
4357,110.315
4358,110.320
4359,110.431
4360,110.436
4361,110.542
4362,110.580
4363,110.585
4364,110.590
4365,110.594
4366,110.598
4367,110.603
4368,110.607
4369,110.611
4370,110.615
4371,110.620
4372,110.624
4373,110.628
4374,110.633
4375,110.637
4376,110.641
4377,110.646
4378,110.650
4379,110.655
4380,110.659
4381,110.663
4382,110.668
4383,110.673
4384,110.678
4385,110.683
4386,110.688
4387,110.693
4388,110.699
4389,110.704
4390,110.709
4391,110.795
4392,110.899
4393,110.933
4394,110.966
4395,110.998
4396,111.031
4397,111.035
4398,111.039
4399,111.043
4400,111.047
4401,111.051
4402,111.064
4403,111.096
4404,111.100
4405,111.113
4406,111.137
4407,111.141
4408,111.153
4409,111.156
4410,111.170
4411,111.305
4412,111.479
4413,111.485
4414,111.491
4415,111.496
4416,111.655
4417,111.661
4418,111.667
4419,111.673
4420,111.804
4421,111.841
4422,111.867
4423,111.881
4424,111.886
4425,111.890
4426,111.895
4427,111.899
4428,111.911
4429,111.916
4430,111.929
4431,111.933
4432,112.047
4433,112.170
4434,112.174
4435,112.178
4436,112.265
4437,112.269
4438,112.273
4439,112.278
4440,112.282
4441,112.295
4442,112.299
4443,112.312
4444,112.316
4445,112.429
4446,112.554
4447,112.559
4448,112.564
4449,112.659
4450,112.692
4451,112.865
4452,112.870
4453,113.036
4454,113.042
4455,113.179
4456,113.218
4457,113.337
4458,113.342
4459,113.347
4460,113.352
4461,113.356
4462,113.361
4463,113.469
4464,113.473
4465,113.564
4466,113.680
4467,113.810
4468,113.927
4469,113.962
4470,113.989
4471,113.994
4472,114.091
4473,114.095
4474,114.100
4475,114.106
4476,114.112
4477,114.118
4478,114.123
4479,114.260
4480,114.265
4481,114.377
4482,114.520
4483,114.653
4484,114.768
4485,114.803
4486,114.948
4487,114.953
4488,115.046
4489,115.167
4490,115.172
4491,115.176
4492,115.180
4493,115.278
4494,115.313
4495,115.317
4496,115.330
4497,115.355
4498,115.359
4499,115.494
4500,115.500
4501,115.505
4502,115.632
4503,115.637
4504,115.642
4505,115.795
4506,115.800
4507,115.915
4508,115.920
4509,116.039
4510,116.044
4511,116.161
4512,116.166
4513,116.280
4514,116.285
4515,116.410
4516,116.415
4517,116.541
4518,116.546
4519,116.665
4520,116.671
4521,116.816
4522,116.866
4523,116.872
4524,116.877
4525,116.882
4526,116.887
4527,116.892
4528,116.897
4529,116.903
4530,116.908
4531,116.913
4532,116.918
4533,116.924
4534,116.929
4535,116.934
4536,116.940
4537,116.945
4538,116.950
4539,116.955
4540,116.962
4541,116.967
4542,116.973
4543,116.979
4544,116.987
4545,116.993
4546,116.999
4547,117.006
4548,117.012
4549,117.019
4550,117.025
4551,117.157
4552,117.288
4553,117.322
4554,117.357
4555,117.392
4556,117.540
4557,117.574
4558,117.673
4559,117.711
4560,117.739
4561,117.753
4562,117.780
4563,117.784
4564,117.801
4565,117.838
4566,117.851
4567,117.879
4568,117.892
4569,117.896
4570,117.910
4571,117.913
4572,118.032
4573,118.171
4574,118.176
4575,118.180
4576,118.291
4577,118.335
4578,118.340
4579,118.346
4580,118.350
4581,118.355
4582,118.521
4583,118.526
4584,118.532
4585,118.539
4586,118.545
4587,118.551
4588,118.556
4589,118.690
4590,118.693
4591,118.698
4592,118.715
4593,118.752
4594,118.765
4595,118.791
4596,118.805
4597,118.809
4598,118.813
4599,118.825
4600,118.858
4601,119.000
4602,119.005
4603,119.134
4604,119.139
4605,119.247
4606,119.285
4607,119.444
4608,119.477
4609,119.608
4610,119.640
4611,119.807
4612,119.813
4613,119.951
4614,119.998
4615,120.031
4616,120.193
4617,120.198
4618,120.318
4619,120.323
4620,120.443
4621,120.448
4622,120.572
4623,120.578
4624,120.707
4625,120.712
4626,120.839
4627,120.843
4628,120.967
4629,120.972
4630,121.105
4631,121.111
4632,121.260
4633,121.310
4634,121.315
4635,121.320
4636,121.325
4637,121.330
4638,121.335
4639,121.341
4640,121.346
4641,121.352
4642,121.357
4643,121.362
4644,121.368
4645,121.374
4646,121.380
4647,121.385
4648,121.391
4649,121.397
4650,121.403
4651,121.409
4652,121.416
4653,121.422
4654,121.428
4655,121.434
4656,121.440
4657,121.446
4658,121.452
4659,121.458
4660,121.463
4661,121.469
4662,121.590
4663,121.702
4664,121.734
4665,121.768
4666,121.801
4667,121.836
4668,121.861
4669,121.875
4670,121.907
4671,121.932
4672,122.042
4673,122.071
4674,122.186
4675,122.218
4676,122.323
4677,122.360
4678,122.493
4679,122.498
4680,122.659
4681,122.665
4682,122.803
4683,122.848
4684,122.893
4685,122.927
4686,122.944
4687,122.982
4688,123.107
4689,123.112
4690,123.211
4691,123.248
4692,123.274
4693,123.396
4694,123.401
4695,123.515
4696,123.519
4697,123.632
4698,123.637
4699,123.759
4700,123.764
4701,123.886
4702,123.890
4703,124.065
4704,124.071
4705,124.255
4706,124.262
4707,124.398
4708,124.403
4709,124.517
4710,124.559
4711,124.564
4712,124.568
4713,124.573
4714,124.577
4715,124.582
4716,124.586
4717,124.591
4718,124.595
4719,124.600
4720,124.604
4721,124.609
4722,124.614
4723,124.618
4724,124.623
4725,124.627
4726,124.632
4727,124.637
4728,124.642
4729,124.646
4730,124.651
4731,124.656
4732,124.661
4733,124.666
4734,124.671
4735,124.676
4736,124.681
4737,124.686
4738,124.691
4739,124.789
4740,124.901
4741,124.935
4742,124.980
4743,125.026
4744,125.068
4745,125.095
4746,125.109
4747,125.146
4748,125.173
4749,125.302
4750,125.333
4751,125.470
4752,125.506
4753,125.638
4754,125.681
4755,125.863
4756,125.867
4757,125.989
4758,125.993
4759,126.092
4760,126.127
4761,126.163
4762,126.191
4763,126.204
4764,126.231
4765,126.356
4766,126.361
4767,126.463
4768,126.498
4769,126.524
4770,126.641
4771,126.646
4772,126.766
4773,126.770
4774,126.935
4775,126.940
4776,127.101
4777,127.106
4778,127.261
4779,127.266
4780,127.388
4781,127.393
4782,127.524
4783,127.530
4784,127.643
4785,127.648
4786,127.757
4787,127.794
4788,127.798
4789,127.802
4790,127.807
4791,127.811
4792,127.815
4793,127.819
4794,127.823
4795,127.827
4796,127.832
4797,127.836
4798,127.841
4799,127.845
4800,127.850
4801,127.854
4802,127.859
4803,127.864
4804,127.868
4805,127.873
4806,127.878
4807,127.884
4808,127.889
4809,127.894
4810,127.898
4811,127.903
4812,127.908
4813,127.913
4814,127.918
4815,127.923
4816,128.016
4817,128.130
4818,128.166
4819,128.213
4820,128.258
4821,128.304
4822,128.310
4823,128.316
4824,128.321
4825,128.326
4826,128.331
4827,128.347
4828,128.390
4829,128.394
4830,128.409
4831,128.440
4832,128.445
4833,128.460
4834,128.464
4835,128.479
4836,128.657
4837,128.778
4838,128.782
4839,128.786
4840,128.790
4841,128.905
4842,128.909
4843,128.914
4844,128.918
4845,129.011
4846,129.044
4847,129.068
4848,129.081
4849,129.105
4850,129.109
4851,129.122
4852,129.149
4853,129.162
4854,129.186
4855,129.199
4856,129.202
4857,129.214
4858,129.343
4859,129.464
4860,129.468
4861,129.472
4862,129.476
4863,129.480
4864,129.572
4865,129.616
4866,129.621
4867,129.626
4868,129.630
4869,129.635
4870,129.640
4871,129.779
4872,129.785
4873,129.790
4874,129.795
4875,129.800
4876,129.965
4877,129.970
4878,129.975
4879,129.980
4880,129.985
4881,130.086
4882,130.122
4883,130.125
4884,130.129
4885,130.235
4886,130.239
4887,130.344
4888,130.371
4889,130.384
4890,130.387
4891,130.391
4892,130.404
4893,130.440
4894,130.579
4895,130.584
4896,130.702
4897,130.707
4898,130.798
4899,130.833
4900,130.996
4901,131.040
4902,131.226
4903,131.266
4904,131.413
4905,131.418
4906,131.517
4907,131.644
4908,131.649
4909,131.653
4910,131.657
4911,131.662
4912,131.666
4913,131.766
4914,131.794
4915,131.807
4916,131.832
4917,131.845
4918,131.877
4919,131.881
4920,131.894
4921,131.919
4922,131.923
4923,131.927
4924,131.939
4925,131.965
4926,131.969
4927,131.982
4928,132.118
4929,132.256
4930,132.260
4931,132.413
4932,132.419
4933,132.581
4934,132.587
4935,132.746
4936,132.750
4937,132.869
4938,132.874
4939,132.992
4940,132.997
4941,133.117
4942,133.122
4943,133.237
4944,133.242
4945,133.350
4946,133.388
4947,133.393
4948,133.397
4949,133.401
4950,133.405
4951,133.409
4952,133.413
4953,133.417
4954,133.421
4955,133.425
4956,133.429
4957,133.433
4958,133.438
4959,133.442
4960,133.446
4961,133.451
4962,133.455
4963,133.459
4964,133.464
4965,133.468
4966,133.473
4967,133.477
4968,133.482
4969,133.486
4970,133.491
4971,133.495
4972,133.500
4973,133.504
4974,133.509
4975,133.596
4976,133.740
4977,133.784
4978,133.825
4979,133.865
4980,134.032
4981,134.060
4982,134.064
4983,134.068
4984,134.072
4985,134.076
4986,134.081
4987,134.178
4988,134.182
4989,134.194
4990,134.197
4991,134.209
4992,134.213
4993,134.321
4994,134.447
4995,134.558
4996,134.591
4997,134.616
4998,134.628
4999,134.653
5000,134.657
5001,134.755
5002,134.760
5003,134.853
5004,134.876
5005,134.889
5006,134.893
5007,134.905
5008,134.909
5009,135.050
5010,135.216
5011,135.221
5012,135.226
5013,135.381
5014,135.386
5015,135.391
5016,135.492
5017,135.527
5018,135.532
5019,135.536
5020,135.540
5021,135.544
5022,135.671
5023,135.675
5024,135.680
5025,135.685
5026,135.690
5027,135.694
5028,135.699
5029,135.794
5030,135.798
5031,135.802
5032,135.906
5033,135.910
5034,136.012
5035,136.037
5036,136.050
5037,136.054
5038,136.058
5039,136.071
5040,136.105
5041,136.239
5042,136.244
5043,136.402
5044,136.408
5045,136.547
5046,136.591
5047,136.636
5048,136.673
5049,136.693
5050,136.735
5051,136.872
5052,136.877
5053,136.983
5054,137.121
5055,137.126
5056,137.131
5057,137.135
5058,137.140
5059,137.145
5060,137.149
5061,137.153
5062,137.261
5063,137.266
5064,137.366
5065,137.391
5066,137.404
5067,137.408
5068,137.421
5069,137.425
5070,137.545
5071,137.666
5072,137.670
5073,137.675
5074,137.679
5075,137.837
5076,137.842
5077,138.008
5078,138.014
5079,138.166
5080,138.171
5081,138.292
5082,138.296
5083,138.415
5084,138.420
5085,138.546
5086,138.550
5087,138.693
5088,138.698
5089,138.839
5090,138.845
5091,138.980
5092,139.021
5093,139.025
5094,139.030
5095,139.034
5096,139.039
5097,139.043
5098,139.047
5099,139.051
5100,139.055
5101,139.060
5102,139.066
5103,139.073
5104,139.079
5105,139.085
5106,139.092
5107,139.098
5108,139.104
5109,139.110
5110,139.115
5111,139.121
5112,139.127
5113,139.134
5114,139.140
5115,139.147
5116,139.153
5117,139.159
5118,139.166
5119,139.172
5120,139.178
5121,139.316
5122,139.482
5123,139.533
5124,139.575
5125,139.612
5126,139.743
5127,139.775
5128,139.780
5129,139.784
5130,139.788
5131,139.793
5132,139.799
5133,139.906
5134,139.911
5135,139.924
5136,139.928
5137,139.941
5138,139.945
5139,140.063
5140,140.218
5141,140.344
5142,140.473
5143,140.477
5144,140.482
5145,140.486
5146,140.490
5147,140.618
5148,140.623
5149,140.771
5150,140.776
5151,140.947
5152,140.952
5153,140.957
5154,141.071
5155,141.097
5156,141.102
5157,141.211
5158,141.216
5159,141.321
5160,141.348
5161,141.361
5162,141.365
5163,141.378
5164,141.382
5165,141.505
5166,141.636
5167,141.640
5168,141.645
5169,141.774
5170,141.779
5171,141.784
5172,141.887
5173,141.923
5174,141.927
5175,141.931
5176,141.934
5177,141.938
5178,142.125
5179,142.131
5180,142.138
5181,142.144
5182,142.150
5183,142.156
5184,142.162
5185,142.309
5186,142.315
5187,142.320
5188,142.456
5189,142.461
5190,142.563
5191,142.589
5192,142.604
5193,142.608
5194,142.612
5195,142.625
5196,142.661
5197,142.813
5198,142.817
5199,142.950
5200,142.955
5201,143.060
5202,143.097
5203,143.132
5204,143.167
5205,143.179
5206,143.208
5207,143.336
5208,143.342
5209,143.484
5210,143.674
5211,143.679
5212,143.685
5213,143.690
5214,143.695
5215,143.701
5216,143.706
5217,143.712
5218,143.864
5219,143.868
5220,143.979
5221,144.008
5222,144.022
5223,144.026
5224,144.040
5225,144.044
5226,144.166
5227,144.293
5228,144.297
5229,144.302
5230,144.306
5231,144.430
5232,144.435
5233,144.569
5234,144.574
5235,144.704
5236,144.709
5237,144.883
5238,144.889
5239,145.079
5240,145.085
5241,145.267
5242,145.272
5243,145.409
5244,145.414
5245,145.542
5246,145.547
5247,145.665
5248,145.705
5249,145.709
5250,145.714
5251,145.719
5252,145.723
5253,145.728
5254,145.732
5255,145.736
5256,145.740
5257,145.745
5258,145.749
5259,145.754
5260,145.759
5261,145.763
5262,145.768
5263,145.773
5264,145.777
5265,145.781
5266,145.786
5267,145.791
5268,145.796
5269,145.801
5270,145.806
5271,145.811
5272,145.816
5273,145.821
5274,145.826
5275,145.831
5276,145.835
5277,145.932
5278,146.051
5279,146.089
5280,146.124
5281,146.160
5282,146.197
5283,146.224
5284,146.228
5285,146.233
5286,146.238
5287,146.244
5288,146.249
5289,146.261
5290,146.265
5291,146.280
5292,146.285
5293,146.304
5294,146.309
5295,146.473
5296,146.662
5297,146.791
5298,146.918
5299,146.923
5300,146.927
5301,146.931
5302,146.936
5303,147.043
5304,147.046
5305,147.141
5306,147.145
5307,147.259
5308,147.264
5309,147.269
5310,147.367
5311,147.393
5312,147.397
5313,147.497
5314,147.501
5315,147.614
5316,147.645
5317,147.661
5318,147.666
5319,147.682
5320,147.687
5321,147.837
5322,147.996
5323,148.000
5324,148.004
5325,148.117
5326,148.123
5327,148.127
5328,148.230
5329,148.268
5330,148.273
5331,148.277
5332,148.282
5333,148.286
5334,148.416
5335,148.421
5336,148.426
5337,148.431
5338,148.436
5339,148.441
5340,148.446
5341,148.552
5342,148.557
5343,148.562
5344,148.675
5345,148.680
5346,148.787
5347,148.818
5348,148.831
5349,148.836
5350,148.840
5351,148.854
5352,148.890
5353,149.085
5354,149.091
5355,149.280
5356,149.286
5357,149.423
5358,149.460
5359,149.496
5360,149.525
5361,149.539
5362,149.570
5363,149.701
5364,149.706
5365,149.815
5366,149.950
5367,149.955
5368,149.959
5369,149.964
5370,149.969
5371,149.973
5372,149.978
5373,149.982
5374,150.101
5375,150.105
5376,150.215
5377,150.243
5378,150.256
5379,150.260
5380,150.274
5381,150.279
5382,150.416
5383,150.601
5384,150.606
5385,150.611
5386,150.617
5387,150.792
5388,150.797
5389,150.939
5390,150.944
5391,151.064
5392,151.068
5393,151.185
5394,151.191
5395,151.319
5396,151.324
5397,151.455
5398,151.460
5399,151.595
5400,151.600
5401,151.742
5402,151.747
5403,151.911
5404,151.959
5405,151.964
5406,151.970
5407,151.975
5408,151.980
5409,151.985
5410,151.991
5411,151.997
5412,152.003
5413,152.010
5414,152.018
5415,152.021
5416,152.027
5417,152.033
5418,152.038
5419,152.044
5420,152.050
5421,152.056
5422,152.062
5423,152.068
5424,152.074
5425,152.080
5426,152.086
5427,152.093
5428,152.099
5429,152.104
5430,152.110
5431,152.116
5432,152.122
5433,152.242
5434,152.377
5435,152.410
5436,152.443
5437,152.477
5438,152.511
5439,152.539
5440,152.553
5441,152.587
5442,152.613
5443,152.725
5444,152.753
5445,152.873
5446,152.902
5447,153.006
5448,153.042
5449,153.178
5450,153.185
5451,153.362
5452,153.367
5453,153.504
5454,153.550
5455,153.584
5456,153.610
5457,153.623
5458,153.650
5459,153.766
5460,153.770
5461,153.866
5462,153.898
5463,153.923
5464,154.034
5465,154.038
5466,154.153
5467,154.157
5468,154.274
5469,154.279
5470,154.393
5471,154.398
5472,154.559
5473,154.565
5474,154.724
5475,154.729
5476,154.876
5477,154.882
5478,155.013
5479,155.018
5480,155.140
5481,155.179
5482,155.184
5483,155.188
5484,155.192
5485,155.197
5486,155.201
5487,155.205
5488,155.210
5489,155.214
5490,155.219
5491,155.224
5492,155.230
5493,155.235
5494,155.239
5495,155.244
5496,155.248
5497,155.253
5498,155.258
5499,155.263
5500,155.268
5501,155.273
5502,155.278
5503,155.283
5504,155.287
5505,155.292
5506,155.297
5507,155.302
5508,155.307
5509,155.312
5510,155.409
5511,155.528
5512,155.564
5513,155.601
5514,155.636
5515,155.671
5516,155.696
5517,155.709
5518,155.744
5519,155.770
5520,155.915
5521,155.951
5522,156.126
5523,156.165
5524,156.313
5525,156.349
5526,156.499
5527,156.504
5528,156.648
5529,156.653
5530,156.758
5531,156.794
5532,156.833
5533,156.861
5534,156.873
5535,156.900
5536,157.024
5537,157.029
5538,157.139
5539,157.175
5540,157.200
5541,157.365
5542,157.371
5543,157.554
5544,157.560
5545,157.724
5546,157.729
5547,157.850
5548,157.855
5549,157.980
5550,157.985
5551,158.108
5552,158.113
5553,158.243
5554,158.250
5555,158.373
5556,158.378
5557,158.491
5558,158.528
5559,158.532
5560,158.536
5561,158.540
5562,158.544
5563,158.548
5564,158.552
5565,158.555
5566,158.559
5567,158.563
5568,158.567
5569,158.572
5570,158.579
5571,158.584
5572,158.590
5573,158.595
5574,158.601
5575,158.606
5576,158.612
5577,158.618
5578,158.624
5579,158.630
5580,158.637
5581,158.643
5582,158.649
5583,158.655
5584,158.661
5585,158.668
5586,158.674
5587,158.825
5588,159.002
5589,159.055
5590,159.094
5591,159.133
5592,159.171
5593,159.197
5594,159.212
5595,159.248
5596,159.275
5597,159.408
5598,159.440
5599,159.578
5600,159.610
5601,159.724
5602,159.763
5603,159.924
5604,159.929
5605,160.074
5606,160.079
5607,160.223
5608,160.273
5609,160.321
5610,160.359
5611,160.375
5612,160.411
5613,160.595
5614,160.600
5615,160.714
5616,160.748
5617,160.774
5618,160.910
5619,160.915
5620,161.053
5621,161.058
5622,161.201
5623,161.206
5624,161.336
5625,161.342
5626,161.472
5627,161.477
5628,161.634
5629,161.641
5630,161.838
5631,161.844
5632,162.023
5633,162.028
5634,162.085
5635,162.154
5636,162.221
5637,162.298
5638,162.372
5639,162.431
5640,162.514
5641,162.595
5642,162.667
5643,162.745
5644,162.820
5645,162.894
5646,162.963
5647,163.023
5648,163.104
5649,163.201
5650,163.285
5651,163.384
5652,163.488
5653,163.599
5654,163.682
5655,163.762
5656,163.839
5657,163.921
5658,164.003
5659,164.082
5660,164.144
5661,164.203
5662,164.280
5663,164.363
5664,164.443
5665,164.522
5666,164.599
5667,164.680
5668,164.771
5669,164.882
5670,164.998
5671,165.041
5672,165.046
5673,165.102
5674,165.109
5675,165.112
5676,165.180
5677,165.198
5678,165.264
5679,165.351
5680,165.435
5681,165.489
5682,165.492
5683,165.639
5684,165.792
5685,165.796
5686,165.802
5687,165.809
5688,165.814
5689,165.821
5690,165.827
5691,165.834
5692,165.842
5693,165.850
5694,165.857
5695,165.866
5696,165.874
5697,165.883
5698,165.893
5699,165.903
5700,165.914
5701,165.926
5702,165.937
5703,165.949
5704,165.961
5705,165.973
5706,165.986
5707,166.000
5708,166.016
5709,166.030
5710,166.046
5711,166.062
5712,166.085
5713,166.104
5714,166.128
5715,166.148
5716,166.169
5717,166.190
5718,166.212
5719,166.232
5720,166.252
5721,166.273
5722,166.302
5723,166.322
5724,166.356
5725,166.365
5726,166.402
5727,166.453
5728,166.456
5729,166.458
5730,166.461
5731,166.508
5732,166.532
5733,166.579
5734,166.603
5735,166.743
5736,166.794
5737,166.800
5738,166.806
5739,166.811
5740,166.817
5741,166.822
5742,166.828
5743,166.834
5744,166.840
5745,166.846
5746,166.852
5747,166.858
5748,166.864
5749,166.870
5750,166.876
5751,166.882
5752,166.887
5753,166.893
5754,166.899
5755,166.905
5756,166.911
5757,166.917
5758,166.923
5759,166.929
5760,166.935
5761,166.941
5762,166.948
5763,166.954
5764,166.960
5765,167.109
5766,167.262
5767,167.302
5768,167.339
5769,167.375
5770,167.410
5771,167.437
5772,167.451
5773,167.485
5774,167.515
5775,167.645
5776,167.676
5777,167.787
5778,167.792
5779,167.796
5780,167.801
5781,167.806
5782,167.920
5783,167.925
5784,168.043
5785,168.047
5786,168.162
5787,168.168
5788,168.175
5789,168.338
5790,168.384
5791,168.595
5792,168.599
5793,168.741
5794,168.746
5795,168.859
5796,168.895
5797,168.931
5798,168.961
5799,168.974
5800,169.004
5801,169.103
5802,169.107
5803,169.112
5804,169.116
5805,169.121
5806,169.215
5807,169.219
5808,169.338
5809,169.343
5810,169.454
5811,169.486
5812,169.522
5813,169.707
5814,169.712
5815,169.900
5816,169.905
5817,170.044
5818,170.049
5819,170.184
5820,170.189
5821,170.320
5822,170.325
5823,170.470
5824,170.476
5825,170.619
5826,170.625
5827,170.758
5828,170.763
5829,170.939
5830,170.985
5831,170.990
5832,170.996
5833,171.001
5834,171.007
5835,171.012
5836,171.017
5837,171.022
5838,171.028
5839,171.034
5840,171.040
5841,171.045
5842,171.051
5843,171.057
5844,171.062
5845,171.068
5846,171.074
5847,171.080
5848,171.085
5849,171.091
5850,171.098
5851,171.104
5852,171.111
5853,171.117
5854,171.124
5855,171.130
5856,171.137
5857,171.144
5858,171.151
5859,171.309
5860,171.448
5861,171.483
5862,171.519
5863,171.554
5864,171.589
5865,171.619
5866,171.634
5867,171.672
5868,171.702
5869,171.844
5870,171.879
5871,172.023
5872,172.058
5873,172.174
5874,172.210
5875,172.374
5876,172.380
5877,172.570
5878,172.576
5879,172.733
5880,172.771
5881,172.808
5882,172.838
5883,172.851
5884,172.882
5885,173.013
5886,173.022
5887,173.135
5888,173.169
5889,173.198
5890,173.211
5891,173.368
5892,173.374
5893,173.512
5894,173.517
5895,173.656
5896,173.661
5897,173.845
5898,173.852
5899,174.048
5900,174.054
5901,174.228
5902,174.233
5903,174.391
5904,174.391
5905,174.517
5906,174.557
5907,174.562
5908,174.567
5909,174.572
5910,174.577
5911,174.582
5912,174.586
5913,174.591
5914,174.596
5915,174.601
5916,174.606
5917,174.611
5918,174.616
5919,174.621
5920,174.626
5921,174.631
5922,174.636
5923,174.641
5924,174.646
5925,174.651
5926,174.656
5927,174.662
5928,174.667
5929,174.672
5930,174.678
5931,174.683
5932,174.689
5933,174.694
5934,174.699
5935,174.812
5936,174.950
5937,174.988
5938,175.028
5939,175.065
5940,175.104
5941,175.132
5942,175.146
5943,175.181
5944,175.209
5945,175.413
5946,175.454
5947,175.656
5948,175.692
5949,175.819
5950,175.857
5951,175.895
5952,176.073
5953,176.078
5954,176.196
5955,176.233
5956,176.271
5957,176.301
5958,176.316
5959,176.349
5960,176.498
5961,176.504
5962,176.622
5963,176.657
5964,176.682
5965,176.695
5966,176.920
5967,176.926
5968,177.125
5969,177.131
5970,177.297
5971,177.303
5972,177.463
5973,177.470
5974,177.619
5975,177.624
5976,177.768
5977,177.773
5978,177.906
5979,177.912
5980,178.049
5981,178.092
5982,178.099
5983,178.107
5984,178.114
5985,178.120
5986,178.127
5987,178.134
5988,178.140
5989,178.147
5990,178.154
5991,178.160
5992,178.167
5993,178.174
5994,178.180
5995,178.187
5996,178.194
5997,178.201
5998,178.207
5999,178.214
6000,178.221
6001,178.228
6002,178.233
6003,178.240
6004,178.246
6005,178.253
6006,178.259
6007,178.266
6008,178.272
6009,178.279
6010,178.445
6011,178.643
6012,178.682
6013,178.720
6014,178.760
6015,178.799
6016,178.828
6017,178.843
6018,178.879
6019,178.911
6020,179.066
6021,179.101
6022,179.239
6023,179.274
6024,179.391
6025,179.426
6026,179.588
6027,179.593
6028,179.768
6029,179.774
6030,179.931
6031,179.974
6032,180.027
6033,180.075
6034,180.097
6035,180.141
6036,180.279
6037,180.284
6038,180.396
6039,180.429
6040,180.456
6041,180.469
6042,180.634
6043,180.639
6044,180.791
6045,180.796
6046,180.948
6047,180.953
6048,181.099
6049,181.106
6050,181.319
6051,181.325
6052,181.529
6053,181.534
6054,181.679
6055,181.684
6056,181.821
6057,181.861
6058,181.866
6059,181.870
6060,181.875
6061,181.879
6062,181.884
6063,181.888
6064,181.893
6065,181.898
6066,181.902
6067,181.907
6068,181.912
6069,181.917
6070,181.922
6071,181.927
6072,181.932
6073,181.937
6074,181.942
6075,181.946
6076,181.952
6077,181.956
6078,181.962
6079,181.967
6080,181.972
6081,181.978
6082,181.983
6083,181.988
6084,181.994
6085,181.999
6086,182.107
6087,182.238
6088,182.275
6089,182.310
6090,182.347
6091,182.381
6092,182.408
6093,182.422
6094,182.457
6095,182.485
6096,182.640
6097,182.679
6098,182.869
6099,182.910
6100,183.057
6101,183.091
6102,183.096
6103,183.108
6104,183.271
6105,183.276
6106,183.393
6107,183.400
6108,183.416
6109,183.452
6110,183.480
6111,183.492
6112,183.521
6113,183.653
6114,183.658
6115,183.770
6116,183.805
6117,183.832
6118,183.845
6119,184.028
6120,184.035
6121,184.221
6122,184.227
6123,184.407
6124,184.412
6125,184.550
6126,184.555
6127,184.694
6128,184.699
6129,184.858
6130,184.863
6131,185.006
6132,185.011
6133,185.144
6134,185.182
6135,185.188
6136,185.192
6137,185.197
6138,185.201
6139,185.206
6140,185.210
6141,185.214
6142,185.219
6143,185.224
6144,185.228
6145,185.233
6146,185.238
6147,185.243
6148,185.248
6149,185.253
6150,185.258
6151,185.264
6152,185.269
6153,185.274
6154,185.279
6155,185.284
6156,185.289
6157,185.294
6158,185.299
6159,185.305
6160,185.310
6161,185.316
6162,185.321
6163,185.450
6164,185.622
6165,185.666
6166,185.710
6167,185.755
6168,185.803
6169,185.835
6170,185.849
6171,185.885
6172,185.914
6173,186.050
6174,186.078
6175,186.215
6176,186.247
6177,186.361
6178,186.398
6179,186.435
6180,186.617
6181,186.623
6182,186.746
6183,186.782
6184,186.820
6185,186.847
6186,186.866
6187,186.907
6188,187.107
6189,187.113
6190,187.285
6191,187.324
6192,187.354
6193,187.368
6194,187.535
6195,187.541
6196,187.696
6197,187.701
6198,187.851
6199,187.857
6200,188.018
6201,188.024
6202,188.184
6203,188.189
6204,188.380
6205,188.388
6206,188.631
6207,188.638
6208,188.828
6209,188.873
6210,188.878
6211,188.883
6212,188.889
6213,188.894
6214,188.899
6215,188.904
6216,188.909
6217,188.916
6218,188.923
6219,188.928
6220,188.933
6221,188.938
6222,188.944
6223,188.949
6224,188.955
6225,188.960
6226,188.965
6227,188.970
6228,188.975
6229,188.980
6230,188.986
6231,188.991
6232,188.997
6233,189.003
6234,189.009
6235,189.016
6236,189.022
6237,189.028
6238,189.151
6239,189.304
6240,189.347
6241,189.389
6242,189.431
6243,189.472
6244,189.505
6245,189.521
6246,189.564
6247,189.598
6248,189.753
6249,189.789
6250,189.942
6251,189.980
6252,190.157
6253,190.208
6254,190.257
6255,190.504
6256,190.510
6257,190.656
6258,190.661
6259,190.801
6260,190.806
6261,190.931
6262,190.976
6263,190.997
6264,191.043
6265,191.195
6266,191.201
6267,191.324
6268,191.361
6269,191.393
6270,191.407
6271,191.614
6272,191.621
6273,191.823
6274,191.830
6275,192.018
6276,192.023
6277,192.174
6278,192.179
6279,192.330
6280,192.335
6281,192.490
6282,192.495
6283,192.642
6284,192.648
6285,192.778
6286,192.816
6287,192.821
6288,192.826
6289,192.831
6290,192.836
6291,192.840
6292,192.845
6293,192.850
6294,192.854
6295,192.859
6296,192.864
6297,192.869
6298,192.874
6299,192.879
6300,192.884
6301,192.890
6302,192.895
6303,192.900
6304,192.906
6305,192.911
6306,192.916
6307,192.921
6308,192.927
6309,192.932
6310,192.937
6311,192.942
6312,192.947
6313,192.951
6314,192.956
6315,193.116
6316,193.303
6317,193.350
6318,193.406
6319,193.451
6320,193.492
6321,193.522
6322,193.539
6323,193.578
6324,193.610
6325,193.761
6326,193.798
6327,193.951
6328,193.983
6329,194.103
6330,194.144
6331,194.183
6332,194.369
6333,194.375
6334,194.493
6335,194.526
6336,194.562
6337,194.600
6338,194.624
6339,194.671
6340,194.865
6341,194.871
6342,195.022
6343,195.058
6344,195.085
6345,195.226
6346,195.232
6347,195.385
6348,195.391
6349,195.537
6350,195.542
6351,195.688
6352,195.694
6353,195.838
6354,195.843
6355,196.020
6356,196.026
6357,196.239
6358,196.245
6359,196.430
6360,196.435
6361,196.569
6362,196.609
6363,196.614
6364,196.620
6365,196.625
6366,196.630
6367,196.635
6368,196.639
6369,196.644
6370,196.648
6371,196.653
6372,196.658
6373,196.663
6374,196.668
6375,196.673
6376,196.677
6377,196.682
6378,196.687
6379,196.692
6380,196.697
6381,196.702
6382,196.707
6383,196.712
6384,196.717
6385,196.722
6386,196.727
6387,196.732
6388,196.738
6389,196.743
6390,196.748
6391,196.860
6392,196.993
6393,197.031
6394,197.066
6395,197.101
6396,197.135
6397,197.164
6398,197.178
6399,197.215
6400,197.243
6401,197.381
6402,197.413
6403,197.612
6404,197.651
6405,197.818
6406,197.863
6407,197.900
6408,198.070
6409,198.075
6410,198.200
6411,198.240
6412,198.279
6413,198.313
6414,198.330
6415,198.365
6416,198.517
6417,198.523
6418,198.653
6419,198.691
6420,198.720
6421,198.734
6422,198.905
6423,198.910
6424,199.122
6425,199.128
6426,199.345
6427,199.350
6428,199.499
6429,199.503
6430,199.644
6431,199.649
6432,199.806
6433,199.811
6434,199.959
6435,199.964
6436,200.112
6437,200.156
6438,200.161
6439,200.165
6440,200.170
6441,200.175
6442,200.180
6443,200.185
6444,200.190
6445,200.195
6446,200.200
6447,200.205
6448,200.210
6449,200.215
6450,200.220
6451,200.225
6452,200.230
6453,200.235
6454,200.240
6455,200.246
6456,200.251
6457,200.256
6458,200.262
6459,200.268
6460,200.273
6461,200.279
6462,200.284
6463,200.290
6464,200.295
6465,200.300
6466,200.442
6467,200.626
6468,200.672
6469,200.718
6470,200.765
6471,200.817
6472,200.849
6473,200.864
6474,200.900
6475,200.930
6476,201.072
6477,201.101
6478,201.244
6479,201.281
6480,201.422
6481,201.427
6482,201.433
6483,201.554
6484,201.589
6485,201.759
6486,201.764
6487,201.914
6488,201.959
6489,202.006
6490,202.042
6491,202.057
6492,202.094
6493,202.119
6494,202.169
6495,202.187
6496,202.235
6497,202.276
6498,202.295
6499,202.480
6500,202.485
6501,202.643
6502,202.648
6503,202.798
6504,202.804
6505,202.957
6506,202.962
6507,203.118
6508,203.123
6509,203.291
6510,203.297
6511,203.509
6512,203.515
6513,203.700
6514,203.740
6515,203.746
6516,203.751
6517,203.757
6518,203.762
6519,203.766
6520,203.771
6521,203.776
6522,203.780
6523,203.785
6524,203.790
6525,203.795
6526,203.800
6527,203.805
6528,203.812
6529,203.817
6530,203.822
6531,203.827
6532,203.832
6533,203.837
6534,203.842
6535,203.848
6536,203.853
6537,203.858
6538,203.864
6539,203.869
6540,203.874
6541,203.879
6542,203.884
6543,204.004
6544,204.148
6545,204.188
6546,204.227
6547,204.265
6548,204.303
6549,204.336
6550,204.350
6551,204.387
6552,204.422
6553,204.592
6554,204.626
6555,204.784
6556,204.823
6557,205.002
6558,205.049
6559,205.096
6560,205.366
6561,205.372
6562,205.507
6563,205.551
6564,205.588
6565,205.618
6566,205.633
6567,205.664
6568,205.814
6569,205.820
6570,205.951
6571,205.992
6572,206.022
6573,206.036
6574,206.213
6575,206.219
6576,206.369
6577,206.376
6578,206.593
6579,206.599
6580,206.799
6581,206.804
6582,206.958
6583,206.963
6584,207.115
6585,207.120
6586,207.265
6587,207.271
6588,207.419
6589,207.461
6590,207.466
6591,207.471
6592,207.476
6593,207.481
6594,207.486
6595,207.491
6596,207.495
6597,207.500
6598,207.505
6599,207.510
6600,207.515
6601,207.520
6602,207.525
6603,207.530
6604,207.535
6605,207.540
6606,207.545
6607,207.550
6608,207.555
6609,207.560
6610,207.565
6611,207.571
6612,207.577
6613,207.583
6614,207.588
6615,207.594
6616,207.599
6617,207.605
6618,207.721
6619,207.875
6620,207.922
6621,207.970
6622,208.018
6623,208.065
6624,208.099
6625,208.117
6626,208.163
6627,208.199
6628,208.376
6629,208.406
6630,208.546
6631,208.579
6632,208.714
6633,208.752
6634,208.794
6635,208.967
6636,208.973
6637,209.095
6638,209.133
6639,209.171
6640,209.201
6641,209.214
6642,209.245
6643,209.425
6644,209.431
6645,209.604
6646,209.651
6647,209.689
6648,209.708
6649,209.928
6650,209.933
6651,210.075
6652,210.080
6653,210.233
6654,210.238
6655,210.390
6656,210.395
6657,210.550
6658,210.556
6659,210.713
6660,210.718
6661,210.927
6662,210.933
6663,211.119
6664,211.169
6665,211.174
6666,211.178
6667,211.182
6668,211.187
6669,211.192
6670,211.196
6671,211.200
6672,211.205
6673,211.210
6674,211.214
6675,211.219
6676,211.224
6677,211.229
6678,211.233
6679,211.238
6680,211.243
6681,211.248
6682,211.253
6683,211.258
6684,211.263
6685,211.268
6686,211.273
6687,211.278
6688,211.284
6689,211.289
6690,211.294
6691,211.299
6692,211.304
6693,211.428
6694,211.569
6695,211.614
6696,211.656
6697,211.691
6698,211.725
6699,211.751
6700,211.764
6701,211.795
6702,211.820
6703,211.953
6704,211.984
6705,212.120
6706,212.152
6707,212.275
6708,212.319
6709,212.363
6710,212.584
6711,212.589
6712,212.724
6713,212.756
6714,212.789
6715,212.816
6716,212.828
6717,212.854
6718,213.000
6719,213.005
6720,213.126
6721,213.159
6722,213.185
6723,213.198
6724,213.366
6725,213.372
6726,213.519
6727,213.524
6728,213.707
6729,213.713
6730,213.907
6731,213.913
6732,214.081
6733,214.086
6734,214.242
6735,214.247
6736,214.391
6737,214.396
6738,214.530
6739,214.571
6740,214.576
6741,214.581
6742,214.585
6743,214.590
6744,214.594
6745,214.599
6746,214.604
6747,214.608
6748,214.613
6749,214.618
6750,214.623
6751,214.627
6752,214.632
6753,214.639
6754,214.644
6755,214.648
6756,214.653
6757,214.658
6758,214.663
6759,214.669
6760,214.674
6761,214.679
6762,214.684
6763,214.689
6764,214.695
6765,214.700
6766,214.705
6767,214.711
6768,214.828
6769,214.971
6770,215.017
6771,215.066
6772,215.115
6773,215.162
6774,215.196
6775,215.212
6776,215.255
6777,215.291
6778,215.481
6779,215.511
6780,215.653
6781,215.683
6782,215.800
6783,215.833
6784,215.866
6785,216.035
6786,216.041
6787,216.164
6788,216.195
6789,216.228
6790,216.257
6791,216.270
6792,216.300
6793,216.475
6794,216.481
6795,216.657
6796,216.701
6797,216.736
6798,216.753
6799,216.959
6800,216.965
6801,217.121
6802,217.126
6803,217.274
6804,217.280
6805,217.424
6806,217.429
6807,217.577
6808,217.582
6809,217.734
6810,217.740
6811,217.953
6812,217.959
6813,218.186
6814,218.226
6815,218.230
6816,218.235
6817,218.240
6818,218.244
6819,218.248
6820,218.253
6821,218.257
6822,218.261
6823,218.266
6824,218.270
6825,218.275
6826,218.279
6827,218.283
6828,218.288
6829,218.292
6830,218.296
6831,218.301
6832,218.305
6833,218.310
6834,218.314
6835,218.319
6836,218.323
6837,218.328
6838,218.333
6839,218.338
6840,218.343
6841,218.348
6842,218.352
6843,218.464
6844,218.602
6845,218.636
6846,218.669
6847,218.704
6848,218.744
6849,218.784
6850,218.798
6851,218.861
6852,218.869
6853,219.015
6854,219.045
6855,219.187
6856,219.219
6857,219.391
6858,219.437
6859,219.481
6860,219.727
6861,219.733
6862,219.864
6863,219.901
6864,219.936
6865,219.965
6866,219.979
6867,220.010
6868,220.162
6869,220.167
6870,220.294
6871,220.341
6872,220.383
6873,220.397
6874,220.572
6875,220.577
6876,220.771
6877,220.777
6878,220.990
6879,220.996
6880,221.200
6881,221.206
6882,221.367
6883,221.373
6884,221.535
6885,221.541
6886,221.689
6887,221.694
6888,221.839
6889,221.883
6890,221.888
6891,221.892
6892,221.897
6893,221.901
6894,221.906
6895,221.910
6896,221.915
6897,221.919
6898,221.925
6899,221.931
6900,221.936
6901,221.940
6902,221.945
6903,221.950
6904,221.955
6905,221.960
6906,221.964
6907,221.969
6908,221.974
6909,221.980
6910,221.985
6911,221.990
6912,221.995
6913,222.000
6914,222.005
6915,222.010
6916,222.015
6917,222.020
6918,222.140
6919,222.339
6920,222.384
6921,222.427
6922,222.471
6923,222.515
6924,222.550
6925,222.570
6926,222.614
6927,222.644
6928,222.801
6929,222.832
6930,222.985
6931,223.015
6932,223.136
6933,223.173
6934,223.210
6935,223.406
6936,223.412
6937,223.546
6938,223.584
6939,223.621
6940,223.663
6941,223.681
6942,223.721
6943,223.928
6944,223.934
6945,224.129
6946,224.129
6947,224.158
6948,224.171
6949,224.346
6950,224.352
6951,224.514
6952,224.519
6953,224.667
6954,224.671
6955,224.823
6956,224.828
6957,224.981
6958,224.987
6959,225.226
6960,225.232
6961,225.442
6962,225.448
6963,225.595
6964,225.633
6965,225.638
6966,225.643
6967,225.647
6968,225.651
6969,225.656
6970,225.661
6971,225.665
6972,225.669
6973,225.674
6974,225.679
6975,225.683
6976,225.688
6977,225.693
6978,225.698
6979,225.703
6980,225.708
6981,225.712
6982,225.717
6983,225.722
6984,225.727
6985,225.733
6986,225.738
6987,225.742
6988,225.747
6989,225.752
6990,225.757
6991,225.762
6992,225.767
6993,225.886
6994,226.023
6995,226.058
6996,226.094
6997,226.128
6998,226.164
6999,226.191
7000,226.204
7001,226.238
7002,226.266
7003,226.414
7004,226.446
7005,226.643
7006,226.681
7007,226.854
7008,226.904
7009,226.941
7010,227.133
7011,227.138
7012,227.268
7013,227.304
7014,227.340
7015,227.369
7016,227.383
7017,227.413
7018,227.577
7019,227.583
7020,227.725
7021,227.762
7022,227.791
7023,227.804
7024,227.996
7025,228.002
7026,228.240
7027,228.245
7028,228.444
7029,228.450
7030,228.596
7031,228.601
7032,228.755
7033,228.760
7034,228.918
7035,228.923
7036,229.071
7037,229.076
7038,229.222
7039,229.267
7040,229.272
7041,229.277
7042,229.282
7043,229.286
7044,229.291
7045,229.296
7046,229.301
7047,229.305
7048,229.310
7049,229.315
7050,229.319
7051,229.324
7052,229.329
7053,229.333
7054,229.339
7055,229.346
7056,229.352
7057,229.359
7058,229.366
7059,229.373
7060,229.380
7061,229.388
7062,229.395
7063,229.403
7064,229.412
7065,229.418
7066,229.426
7067,229.433
7068,229.618
7069,229.666
7070,229.864
7071,229.869
7072,229.988
7073,229.993
7074,229.998
7075,230.012
7076,230.049
7077,230.087
7078,230.123
7079,230.160
7080,230.190
7081,230.204
7082,230.242
7083,230.271
7084,230.419
7085,230.451
7086,230.603
7087,230.634
7088,230.756
7089,230.790
7090,230.824
7091,231.033
7092,231.039
7093,231.206
7094,231.247
7095,231.292
7096,231.327
7097,231.341
7098,231.370
7099,231.520
7100,231.525
7101,231.647
7102,231.795
7103,231.802
7104,231.808
7105,231.928
7106,232.103
7107,232.108
7108,232.274
7109,232.280
7110,232.495
7111,232.501
7112,232.698
7113,232.703
7114,232.861
7115,232.866
7116,233.031
7117,233.037
7118,233.194
7119,233.199
7120,233.343
7121,233.382
7122,233.387
7123,233.391
7124,233.396
7125,233.401
7126,233.406
7127,233.410
7128,233.415
7129,233.419
7130,233.424
7131,233.428
7132,233.433
7133,233.437
7134,233.442
7135,233.447
7136,233.451
7137,233.456
7138,233.461
7139,233.465
7140,233.470
7141,233.476
7142,233.481
7143,233.486
7144,233.491
7145,233.496
7146,233.501
7147,233.507
7148,233.512
7149,233.517
7150,233.655
7151,233.850
7152,233.895
7153,233.938
7154,233.983
7155,234.033
7156,234.071
7157,234.085
7158,234.120
7159,234.148
7160,234.297
7161,234.327
7162,234.478
7163,234.508
7164,234.632
7165,234.669
7166,234.706
7167,234.890
7168,234.895
7169,235.022
7170,235.059
7171,235.108
7172,235.149
7173,235.168
7174,235.214
7175,235.442
7176,235.448
7177,235.600
7178,235.765
7179,235.772
7180,235.777
7181,235.903
7182,236.075
7183,236.080
7184,236.233
7185,236.238
7186,236.385
7187,236.390
7188,236.603
7189,236.609
7190,236.820
7191,236.825
7192,236.989
7193,236.994
7194,237.147
7195,237.152
7196,237.290
7197,237.327
7198,237.332
7199,237.337
7200,237.342
7201,237.347
7202,237.352
7203,237.357
7204,237.361
7205,237.366
7206,237.371
7207,237.376
7208,237.381
7209,237.386
7210,237.391
7211,237.395
7212,237.400
7213,237.405
7214,237.410
7215,237.414
7216,237.419
7217,237.424
7218,237.429
7219,237.434
7220,237.439
7221,237.444
7222,237.449
7223,237.454
7224,237.459
7225,237.464
7226,237.594
7227,237.739
7228,237.775
7229,237.813
7230,238.062
7231,238.068
7232,238.261
7233,238.304
7234,238.319
7235,238.360
7236,238.387
7237,238.542
7238,238.574
7239,238.730
7240,238.763
7241,238.898
7242,238.936
7243,238.971
7244,239.158
7245,239.164
7246,239.310
7247,239.359
7248,239.406
7249,239.445
7250,239.462
7251,239.504
7252,239.751
7253,239.758
7254,239.913
7255,239.961
7256,240.004
7257,240.019
7258,240.205
7259,240.210
7260,240.362
7261,240.367
7262,240.540
7263,240.546
7264,240.706
7265,240.711
7266,240.921
7267,240.927
7268,241.161
7269,241.165
7270,241.322
7271,241.327
7272,241.460
7273,241.497
7274,241.502
7275,241.506
7276,241.510
7277,241.515
7278,241.519
7279,241.523
7280,241.528
7281,241.533
7282,241.537
7283,241.542
7284,241.546
7285,241.550
7286,241.555
7287,241.559
7288,241.564
7289,241.568
7290,241.573
7291,241.578
7292,241.583
7293,241.588
7294,241.592
7295,241.597
7296,241.601
7297,241.606
7298,241.610
7299,241.616
7300,241.620
7301,241.625
7302,241.749
7303,241.895
7304,241.929
7305,241.963
7306,241.999
7307,242.037
7308,242.064
7309,242.079
7310,242.116
7311,242.143
7312,242.308
7313,242.348
7314,242.547
7315,242.585
7316,242.721
7317,242.758
7318,242.792
7319,242.982
7320,242.988
7321,243.118
7322,243.155
7323,243.191
7324,243.219
7325,243.233
7326,243.264
7327,243.424
7328,243.429
7329,243.551
7330,243.584
7331,243.610
7332,243.627
7333,243.866
7334,243.871
7335,244.074
7336,244.079
7337,244.227
7338,244.232
7339,244.381
7340,244.385
7341,244.541
7342,244.547
7343,244.713
7344,244.719
7345,244.872
7346,244.879
7347,245.089
7348,245.138
7349,245.143
7350,245.148
7351,245.154
7352,245.159
7353,245.164
7354,245.169
7355,245.174
7356,245.179
7357,245.184
7358,245.189
7359,245.194
7360,245.200
7361,245.205
7362,245.210
7363,245.215
7364,245.221
7365,245.228
7366,245.233
7367,245.239
7368,245.244
7369,245.250
7370,245.256
7371,245.262
7372,245.267
7373,245.273
7374,245.279
7375,245.285
7376,245.291
7377,245.448
7378,245.590
7379,245.626
7380,245.662
7381,245.698
7382,245.740
7383,245.781
7384,245.795
7385,245.829
7386,245.856
7387,246.008
7388,246.039
7389,246.196
7390,246.227
7391,246.358
7392,246.394
7393,246.440
7394,246.702
7395,246.708
7396,246.883
7397,246.920
7398,246.957
7399,246.987
7400,247.000
7401,247.029
7402,247.187
7403,247.192
7404,247.325
7405,247.371
7406,247.409
7407,247.423
7408,247.610
7409,247.616
7410,247.777
7411,247.782
7412,247.990
7413,247.998
7414,248.236
7415,248.243
7416,248.432
7417,248.438
7418,248.613
7419,248.619
7420,248.771
7421,248.776
7422,248.924
7423,248.967
7424,248.972
7425,248.977
7426,248.982
7427,248.987
7428,248.992
7429,248.998
7430,249.004
7431,249.010
7432,249.014
7433,249.019
7434,249.024
7435,249.029
7436,249.035
7437,249.040
7438,249.046
7439,249.052
7440,249.056
7441,249.062
7442,249.067
7443,249.073
7444,249.079
7445,249.085
7446,249.091
7447,249.097
7448,249.102
7449,249.108
7450,249.114
7451,249.119
7452,249.252
7453,249.436
7454,249.484
7455,249.529
7456,249.578
7457,249.621
7458,249.659
7459,249.676
7460,249.720
7461,249.754
7462,249.927
7463,249.960
7464,250.119
7465,250.154
7466,250.292
7467,250.330
7468,250.368
7469,250.566
7470,250.572
7471,250.707
7472,250.747
7473,250.786
7474,250.819
7475,250.831
7476,250.871
7477,251.101
7478,251.107
7479,251.282
7480,251.451
7481,251.459
7482,251.464
7483,251.599
7484,251.766
7485,251.771
7486,251.919
7487,251.923
7488,252.083
7489,252.089
7490,252.298
7491,252.304
7492,252.538
7493,252.545
7494,252.737
7495,252.743
7496,252.907
7497,252.912
7498,253.063
7499,253.106
7500,253.111
7501,253.116
7502,253.122
7503,253.127
7504,253.132
7505,253.137
7506,253.142
7507,253.147
7508,253.152
7509,253.157
7510,253.163
7511,253.168
7512,253.173
7513,253.179
7514,253.184
7515,253.189
7516,253.194
7517,253.199
7518,253.204
7519,253.210
7520,253.215
7521,253.221
7522,253.227
7523,253.232
7524,253.238
7525,253.243
7526,253.249
7527,253.254
7528,253.392
7529,253.546
7530,253.582
7531,253.618
7532,253.659
7533,253.701
7534,253.742
7535,253.759
7536,253.807
7537,253.848
7538,254.060
7539,254.102
7540,254.276
7541,254.310
7542,254.450
7543,254.488
7544,254.525
7545,254.714
7546,254.719
7547,254.858
7548,254.897
7549,254.937
7550,254.970
7551,254.985
7552,255.018
7553,255.193
7554,255.199
7555,255.394
7556,255.451
7557,255.509
7558,255.527
7559,255.754
7560,255.759
7561,255.938
7562,255.943
7563,256.106
7564,256.111
7565,256.275
7566,256.280
7567,256.452
7568,256.457
7569,256.682
7570,256.689
7571,256.915
7572,256.921
7573,257.087
7574,257.127
7575,257.132
7576,257.137
7577,257.141
7578,257.146
7579,257.151
7580,257.155
7581,257.160
7582,257.165
7583,257.169
7584,257.174
7585,257.179
7586,257.184
7587,257.188
7588,257.193
7589,257.198
7590,257.203
7591,257.207
7592,257.212
7593,257.217
7594,257.222
7595,257.227
7596,257.231
7597,257.236
7598,257.241
7599,257.247
7600,257.252
7601,257.256
7602,257.262
7603,257.386
7604,257.525
7605,257.558
7606,257.590
7607,257.622
7608,257.660
7609,257.698
7610,257.711
7611,257.745
7612,257.773
7613,257.928
7614,257.960
7615,258.169
7616,258.213
7617,258.407
7618,258.454
7619,258.489
7620,258.686
7621,258.691
7622,258.823
7623,258.858
7624,258.891
7625,258.918
7626,258.930
7627,258.958
7628,259.121
7629,259.126
7630,259.272
7631,259.313
7632,259.357
7633,259.372
7634,259.610
7635,259.617
7636,259.865
7637,259.873
7638,260.063
7639,260.068
7640,260.235
7641,260.240
7642,260.405
7643,260.411
7644,260.582
7645,260.588
7646,260.748
7647,260.753
7648,260.953
7649,261.003
7650,261.009
7651,261.014
7652,261.020
7653,261.025
7654,261.031
7655,261.036
7656,261.041
7657,261.047
7658,261.052
7659,261.058
7660,261.064
7661,261.069
7662,261.075
7663,261.081
7664,261.087
7665,261.093
7666,261.098
7667,261.104
7668,261.110
7669,261.116
7670,261.122
7671,261.128
7672,261.134
7673,261.140
7674,261.147
7675,261.153
7676,261.159
7677,261.165
7678,261.350
7679,261.511
7680,261.551
7681,261.588
7682,261.626
7683,261.664
7684,261.697
7685,261.711
7686,261.748
7687,261.777
7688,261.933
7689,261.967
7690,262.128
7691,262.160
7692,262.297
7693,262.347
7694,262.397
7695,262.672
7696,262.678
7697,262.850
7698,262.886
7699,262.923
7700,262.954
7701,262.968
7702,262.998
7703,263.170
7704,263.176
7705,263.343
7706,263.348
7707,263.514
7708,263.548
7709,263.687
7710,263.949
7711,263.955
7712,264.171
7713,264.176
7714,264.346
7715,264.352
7716,264.515
7717,264.520
7718,264.686
7719,264.691
7720,264.864
7721,264.869
7722,265.055
7723,265.061
7724,265.258
7725,265.306
7726,265.312
7727,265.318
7728,265.324
7729,265.329
7730,265.335
7731,265.340
7732,265.346
7733,265.352
7734,265.358
7735,265.363
7736,265.369
7737,265.374
7738,265.380
7739,265.386
7740,265.392
7741,265.397
7742,265.403
7743,265.409
7744,265.415
7745,265.422
7746,265.428
7747,265.435
7748,265.442
7749,265.448
7750,265.455
7751,265.462
7752,265.468
7753,265.475
7754,265.616
7755,265.764
7756,265.799
7757,265.833
7758,265.867
7759,265.901
7760,265.929
7761,265.942
7762,265.979
7763,266.006
7764,266.157
7765,266.187
7766,266.335
7767,266.365
7768,266.495
7769,266.539
7770,266.582
7771,266.842
7772,266.849
7773,267.012
7774,267.049
7775,267.086
7776,267.117
7777,267.132
7778,267.162
7779,267.331
7780,267.337
7781,267.497
7782,267.502
7783,267.646
7784,267.687
7785,267.702
7786,267.885
7787,267.891
7788,268.112
7789,268.118
7790,268.322
7791,268.327
7792,268.484
7793,268.489
7794,268.643
7795,268.648
7796,268.803
7797,268.807
7798,268.953
7799,268.958
7800,269.113
7801,269.153
7802,269.159
7803,269.165
7804,269.172
7805,269.178
7806,269.184
7807,269.191
7808,269.196
7809,269.202
7810,269.208
7811,269.214
7812,269.220
7813,269.226
7814,269.232
7815,269.237
7816,269.243
7817,269.249
7818,269.255
7819,269.261
7820,269.267
7821,269.273
7822,269.280
7823,269.287
7824,269.294
7825,269.300
7826,269.306
7827,269.312
7828,269.318
7829,269.324
7830,269.505
7831,269.708
7832,269.746
7833,269.784
7834,269.822
7835,269.859
7836,269.888
7837,269.903
7838,269.938
7839,269.965
7840,270.121
7841,270.153
7842,270.314
7843,270.346
7844,270.482
7845,270.519
7846,270.556
7847,270.753
7848,270.760
7849,270.957
7850,271.005
7851,271.055
7852,271.097
7853,271.117
7854,271.155
7855,271.366
7856,271.372
7857,271.514
7858,271.552
7859,271.585
7860,271.600
7861,271.802
7862,271.808
7863,271.989
7864,271.996
7865,272.157
7866,272.162
7867,272.355
7868,272.362
7869,272.605
7870,272.612
7871,272.798
7872,272.803
7873,272.955
7874,272.960
7875,273.101
7876,273.143
7877,273.148
7878,273.153
7879,273.158
7880,273.163
7881,273.168
7882,273.173
7883,273.177
7884,273.182
7885,273.187
7886,273.192
7887,273.197
7888,273.202
7889,273.207
7890,273.212
7891,273.217
7892,273.222
7893,273.227
7894,273.231
7895,273.237
7896,273.242
7897,273.247
7898,273.252
7899,273.258
7900,273.263
7901,273.268
7902,273.274
7903,273.280
7904,273.285
7905,273.432
7906,273.587
7907,273.624
7908,273.665
7909,273.705
7910,273.755
7911,273.795
7912,273.815
7913,273.863
7914,273.901
7915,273.927
7916,273.981
7917,274.213
7918,274.248
7919,274.405
7920,274.443
7921,274.481
7922,274.697
7923,274.703
7924,274.849
7925,274.887
7926,274.927
7927,274.958
7928,274.974
7929,275.008
7930,275.178
7931,275.184
7932,275.347
7933,275.393
7934,275.428
7935,275.446
7936,275.713
7937,275.720
7938,275.901
7939,275.906
7940,276.077
7941,276.082
7942,276.250
7943,276.257
7944,276.453
7945,276.459
7946,276.701
7947,276.708
7948,276.977
7949,276.984
7950,277.261
7951,277.329
7952,277.336
7953,277.343
7954,277.350
7955,277.358
7956,277.365
7957,277.371
7958,277.378
7959,277.385
7960,277.392
7961,277.398
7962,277.405
7963,277.412
7964,277.419
7965,277.425
7966,277.432
7967,277.439
7968,277.445
7969,277.452
7970,277.459
7971,277.465
7972,277.473
7973,277.480
7974,277.487
7975,277.496
7976,277.503
7977,277.511
7978,277.518
7979,277.525
7980,277.723
7981,277.922
7982,277.964
7983,278.004
7984,278.045
7985,278.084
7986,278.115
7987,278.132
7988,278.349
7989,278.389
7990,278.580
7991,278.619
7992,278.857
7993,278.903
7994,279.111
7995,279.155
7996,279.197
7997,279.415
7998,279.420
7999,279.575
8000,279.615
8001,279.653
8002,279.685
8003,279.700
8004,279.731
8005,279.909
8006,279.916
8007,280.065
8008,280.106
8009,280.138
8010,280.154
8011,280.412
8012,280.419
8013,280.674
8014,280.681
8015,280.868
8016,280.874
8017,281.061
8018,281.067
8019,281.248
8020,281.253
8021,281.446
8022,281.452
8023,281.623
8024,281.628
8025,281.864
8026,281.917
8027,281.922
8028,281.928
8029,281.934
8030,281.939
8031,281.945
8032,281.950
8033,281.956
8034,281.962
8035,281.968
8036,281.974
8037,281.980
8038,281.986
8039,281.993
8040,281.999
8041,282.005
8042,282.012
8043,282.018
8044,282.024
8045,282.031
8046,282.037
8047,282.044
8048,282.051
8049,282.058
8050,282.065
8051,282.072
8052,282.078
8053,282.085
8054,282.091
8055,282.275
8056,282.446
8057,282.486
8058,282.523
8059,282.561
8060,282.597
8061,282.627
8062,282.641
8063,282.678
8064,282.708
8065,282.878
8066,282.912
8067,283.088
8068,283.121
8069,283.302
8070,283.350
8071,283.399
8072,283.686
8073,283.692
8074,283.849
8075,283.885
8076,283.922
8077,283.952
8078,283.965
8079,283.997
8080,284.181
8081,284.186
8082,284.336
8083,284.374
8084,284.405
8085,284.420
8086,284.675
8087,284.675
8088,284.875
8089,284.882
8090,285.145
8091,285.152
8092,285.343
8093,285.349
8094,285.535
8095,285.541
8096,285.719
8097,285.724
8098,285.904
8099,285.910
8100,286.079
8101,286.123
8102,286.129
8103,286.135
8104,286.141
8105,286.147
8106,286.152
8107,286.158
8108,286.164
8109,286.170
8110,286.175
8111,286.181
8112,286.187
8113,286.192
8114,286.198
8115,286.204
8116,286.209
8117,286.215
8118,286.221
8119,286.227
8120,286.233
8121,286.239
8122,286.245
8123,286.251
8124,286.257
8125,286.263
8126,286.269
8127,286.274
8128,286.281
8129,286.287
8130,286.489
8131,286.714
8132,286.756
8133,286.792
8134,286.830
8135,286.868
8136,286.897
8137,286.912
8138,286.949
8139,286.980
8140,287.175
8141,287.181
8142,287.186
8143,287.385
8144,287.391
8145,287.574
8146,287.608
8147,287.768
8148,287.818
8149,287.863
8150,288.156
8151,288.164
8152,288.334
8153,288.373
8154,288.408
8155,288.437
8156,288.450
8157,288.479
8158,288.656
8159,288.661
8160,288.808
8161,288.844
8162,288.872
8163,288.886
8164,289.079
8165,289.084
8166,289.289
8167,289.295
8168,289.538
8169,289.544
8170,289.728
8171,289.733
8172,289.906
8173,289.911
8174,290.085
8175,290.090
8176,290.267
8177,290.273
8178,290.430
8179,290.471
8180,290.475
8181,290.480
8182,290.485
8183,290.490
8184,290.494
8185,290.499
8186,290.503
8187,290.507
8188,290.511
8189,290.516
8190,290.522
8191,290.528
8192,290.534
8193,290.540
8194,290.547
8195,290.553
8196,290.560
8197,290.566
8198,290.573
8199,290.579
8200,290.585
8201,290.592
8202,290.599
8203,290.605
8204,290.612
8205,290.618
8206,290.625
8207,290.631
8208,290.830
8209,291.045
8210,291.083
8211,291.120
8212,291.157
8213,291.192
8214,291.220
8215,291.235
8216,291.425
8217,291.456
8218,291.602
8219,291.645
8220,291.811
8221,291.844
8222,291.982
8223,292.018
8224,292.064
8225,292.334
8226,292.340
8227,292.534
8228,292.577
8229,292.616
8230,292.648
8231,292.662
8232,292.694
8233,292.875
8234,292.880
8235,293.027
8236,293.066
8237,293.097
8238,293.113
8239,293.320
8240,293.326
8241,293.510
8242,293.516
8243,293.769
8244,293.774
8245,293.999
8246,294.004
8247,294.171
8248,294.176
8249,294.318
8250,294.355
8251,294.510
8252,294.514
8253,294.660
8254,294.704
8255,294.709
8256,294.714
8257,294.719
8258,294.724
8259,294.728
8260,294.733
8261,294.737
8262,294.742
8263,294.746
8264,294.751
8265,294.756
8266,294.761
8267,294.767
8268,294.772
8269,294.777
8270,294.782
8271,294.786
8272,294.791
8273,294.795
8274,294.800
8275,294.805
8276,294.809
8277,294.814
8278,294.819
8279,294.824
8280,294.829
8281,294.833
8282,294.839
8283,294.985
8284,295.204
8285,295.248
8286,295.295
8287,295.341
8288,295.387
8289,295.432
8290,295.612
8291,295.617
8292,295.761
8293,295.790
8294,295.946
8295,295.976
8296,296.139
8297,296.171
8298,296.306
8299,296.345
8300,296.383
8301,296.643
8302,296.649
8303,296.853
8304,296.894
8305,296.930
8306,296.960
8307,296.973
8308,297.001
8309,297.179
8310,297.184
8311,297.352
8312,297.357
8313,297.504
8314,297.547
8315,297.560
8316,297.751
8317,297.756
8318,297.955
8319,297.960
8320,298.185
8321,298.191
8322,298.372
8323,298.376
8324,298.540
8325,298.545
8326,298.715
8327,298.720
8328,298.892
8329,298.898
8330,299.055
8331,299.092
8332,299.097
8333,299.101
8334,299.106
8335,299.110
8336,299.114
8337,299.118
8338,299.123
8339,299.127
8340,299.132
8341,299.136
8342,299.141
8343,299.145
8344,299.150
8345,299.154
8346,299.159
8347,299.163
8348,299.167
8349,299.171
8350,299.176
8351,299.185
8352,299.193
8353,299.200
8354,299.206
8355,299.213
8356,299.219
8357,299.226
8358,299.232
8359,299.238
8360,299.441
8361,299.657
8362,299.695
8363,299.730
8364,299.765
8365,299.801
8366,299.828
8367,299.996
8368,300.002
8369,300.006
8370,300.139
8371,300.168
8372,300.321
8373,300.351
8374,300.508
8375,300.538
8376,300.695
8377,300.740
8378,300.783
8379,301.062
8380,301.068
8381,301.226
8382,301.265
8383,301.302
8384,301.335
8385,301.350
8386,301.384
8387,301.573
8388,301.578
8389,301.751
8390,301.756
8391,301.905
8392,301.935
8393,301.949
8394,302.160
8395,302.166
8396,302.413
8397,302.419
8398,302.634
8399,302.639
8400,302.808
8401,302.813
8402,302.984
8403,302.990
8404,303.163
8405,303.168
8406,303.331
8407,303.336
8408,303.508
8409,303.553
8410,303.559
8411,303.564
8412,303.570
8413,303.575
8414,303.581
8415,303.586
8416,303.592
8417,303.598
8418,303.604
8419,303.609
8420,303.615
8421,303.621
8422,303.627
8423,303.632
8424,303.637
8425,303.643
8426,303.648
8427,303.654
8428,303.660
8429,303.665
8430,303.671
8431,303.677
8432,303.683
8433,303.688
8434,303.694
8435,303.699
8436,303.705
8437,303.711
8438,303.903
8439,304.061
8440,304.096
8441,304.129
8442,304.162
8443,304.195
8444,304.221
8445,304.382
8446,304.387
8447,304.523
8448,304.552
8449,304.717
8450,304.750
8451,304.935
8452,304.975
8453,305.185
8454,305.235
8455,305.281
8456,305.507
8457,305.513
8458,305.656
8459,305.692
8460,305.727
8461,305.754
8462,305.767
8463,305.797
8464,305.967
8465,305.972
8466,306.116
8467,306.152
8468,306.179
8469,306.192
8470,306.400
8471,306.406
8472,306.649
8473,306.655
8474,306.861
8475,306.866
8476,307.042
8477,307.048
8478,307.222
8479,307.227
8480,307.401
8481,307.406
8482,307.574
8483,307.579
8484,307.787
8485,307.836
8486,307.842
8487,307.847
8488,307.852
8489,307.857
8490,307.863
8491,307.868
8492,307.873
8493,307.879
8494,307.885
8495,307.891
8496,307.897
8497,307.902
8498,307.908
8499,307.914
8500,307.919
8501,307.925
8502,307.931
8503,307.937
8504,307.943
8505,307.949
8506,307.955
8507,307.961
8508,307.967
8509,307.974
8510,307.980
8511,307.986
8512,307.992
8513,307.998
8514,308.189
8515,308.354
8516,308.392
8517,308.429
8518,308.465
8519,308.502
8520,308.531
8521,308.698
8522,308.703
8523,308.853
8524,308.885
8525,309.051
8526,309.083
8527,309.311
8528,309.352
8529,309.563
8530,309.603
8531,309.642
8532,309.857
8533,309.863
8534,310.018
8535,310.056
8536,310.097
8537,310.131
8538,310.144
8539,310.176
8540,310.374
8541,310.380
8542,310.535
8543,310.582
8544,310.628
8545,310.641
8546,310.936
8547,310.942
8548,311.183
8549,311.187
8550,311.372
8551,311.378
8552,311.563
8553,311.569
8554,311.753
8555,311.759
8556,311.953
8557,311.958
8558,312.186
8559,312.193
8560,312.401
8561,312.452
8562,312.457
8563,312.461
8564,312.465
8565,312.469
8566,312.473
8567,312.478
8568,312.482
8569,312.486
8570,312.491
8571,312.495
8572,312.499
8573,312.504
8574,312.508
8575,312.513
8576,312.517
8577,312.522
8578,312.526
8579,312.531
8580,312.535
8581,312.540
8582,312.545
8583,312.550
8584,312.555
8585,312.560
8586,312.565
8587,312.570
8588,312.575
8589,312.580
8590,312.717
8591,312.871
8592,312.904
8593,312.937
8594,312.970
8595,313.004
8596,313.034
8597,313.213
8598,313.218
8599,313.386
8600,313.419
8601,313.641
8602,313.680
8603,313.919
8604,313.952
8605,314.104
8606,314.142
8607,314.180
8608,314.391
8609,314.396
8610,314.546
8611,314.586
8612,314.624
8613,314.655
8614,314.669
8615,314.700
8616,314.877
8617,314.882
8618,315.076
8619,315.136
8620,315.194
8621,315.212
8622,315.493
8623,315.498
8624,315.683
8625,315.688
8626,315.868
8627,315.874
8628,316.053
8629,316.058
8630,316.241
8631,316.246
8632,316.472
8633,316.479
8634,316.726
8635,316.733
8636,316.936
8637,317.011
8638,317.018
8639,317.025
8640,317.032
8641,317.039
8642,317.047
8643,317.053
8644,317.058
8645,317.064
8646,317.069
8647,317.074
8648,317.079
8649,317.084
8650,317.089
8651,317.094
8652,317.099
8653,317.104
8654,317.109
8655,317.114
8656,317.120
8657,317.126
8658,317.131
8659,317.137
8660,317.143
8661,317.149
8662,317.154
8663,317.160
8664,317.165
8665,317.170
8666,317.328
8667,317.489
8668,317.523
8669,317.556
8670,317.590
8671,317.625
8672,317.652
8673,317.815
8674,317.820
8675,317.962
8676,317.999
8677,318.228
8678,318.267
8679,318.473
8680,318.504
8681,318.656
8682,318.692
8683,318.729
8684,318.932
8685,318.937
8686,319.083
8687,319.120
8688,319.157
8689,319.189
8690,319.203
8691,319.232
8692,319.430
8693,319.436
8694,319.645
8695,319.921
8696,319.953
8697,320.099
8698,320.297
8699,320.302
8700,320.476
8701,320.482
8702,320.659
8703,320.665
8704,320.872
8705,320.878
8706,321.131
8707,321.137
8708,321.329
8709,321.335
8710,321.512
8711,321.517
8712,321.581
8713,321.586
8714,321.590
8715,321.594
8716,321.601
8717,321.603
8718,321.608
8719,321.612
8720,321.615
8721,321.619
8722,321.623
8723,321.627
8724,321.629
8725,321.698
8726,321.700
8727,321.705
8728,321.708
8729,321.719
8730,321.722
8731,321.727
8732,321.730
8733,321.896
8734,321.936
8735,321.941
8736,321.946
8737,321.951
8738,321.956
8739,321.961
8740,321.966
8741,321.970
8742,321.975
8743,321.981
8744,321.986
8745,321.991
8746,321.995
8747,322.000
8748,322.005
8749,322.010
8750,322.015
8751,322.020
8752,322.024
8753,322.029
8754,322.034
8755,322.039
8756,322.044
8757,322.049
8758,322.054
8759,322.059
8760,322.065
8761,322.070
8762,322.075
8763,322.223
8764,322.468
8765,322.513
8766,322.556
8767,322.599
8768,322.643
8769,322.678
8770,322.699
8771,322.740
8772,322.768
8773,322.947
8774,322.983
8775,323.169
8776,323.202
8777,323.348
8778,323.385
8779,323.575
8780,323.580
8781,323.781
8782,323.787
8783,323.993
8784,324.040
8785,324.087
8786,324.132
8787,324.147
8788,324.179
8789,324.378
8790,324.384
8791,324.547
8792,324.754
8793,324.796
8794,324.981
8795,324.989
8796,325.207
8797,325.214
8798,325.467
8799,325.473
8800,325.689
8801,325.694
8802,325.878
8803,325.884
8804,326.067
8805,326.072
8806,326.269
8807,326.275
8808,326.461
8809,326.466
8810,326.572
8811,326.581
8812,326.585
8813,326.590
8814,326.594
8815,326.598
8816,326.602
8817,326.606
8818,326.611
8819,326.614
8820,326.619
8821,326.623
8822,326.628
8823,326.632
8824,326.637
8825,326.642
8826,326.646
8827,326.716
8828,326.800
8829,326.814
8830,326.817
8831,326.820
8832,326.858
8833,326.861
8834,326.865
8835,326.980
8836,326.985
8837,326.989
8838,326.993
8839,327.178
8840,327.185
8841,327.189
8842,327.193
8843,327.298
8844,327.302
8845,327.305
8846,327.309
8847,327.367
8848,327.372
8849,327.374
8850,327.377
8851,327.380
8852,327.383
8853,327.386
8854,327.389
8855,327.393
8856,327.396
8857,327.429
8858,327.452
8859,327.502
8860,327.504
8861,327.507
8862,327.509
8863,327.512
8864,327.514
8865,327.517
8866,327.520
8867,327.570
8868,327.573
8869,327.575
8870,327.578
8871,327.581
8872,327.585
8873,327.590
8874,327.594
8875,327.598
8876,327.603
8877,327.606
8878,327.657
8879,327.659
8880,327.662
8881,327.665
8882,327.667
8883,327.670
8884,327.672
8885,327.724
8886,327.726
8887,327.729
8888,327.731
8889,327.734
8890,327.739
8891,327.741
8892,327.797
8893,327.800
8894,327.803
8895,327.806
8896,327.809
8897,327.814
8898,327.819
8899,327.823
8900,327.828
8901,327.833
8902,327.837
8903,327.842
8904,327.847
8905,327.850
8906,327.903
8907,327.905
8908,327.908
8909,327.911
8910,327.914
8911,327.919
8912,327.921
8913,327.977
8914,327.980
8915,327.984
8916,327.988
8917,327.992
8918,327.998
8919,328.001
8920,328.055
8921,328.058
8922,328.062
8923,328.065
8924,328.068
8925,328.099
8926,328.102
8927,328.105
8928,328.109
8929,328.112
8930,328.143
8931,328.145
8932,328.147
8933,328.150
8934,328.154
8935,328.157
8936,328.161
8937,328.165
8938,328.169
8939,328.173
8940,328.216
8941,328.219
8942,328.222
8943,328.225
8944,328.228
8945,328.232
8946,328.236
8947,328.239
8948,328.286
8949,328.289
8950,328.292
8951,328.296
8952,328.300
8953,328.305
8954,328.309
8955,328.312
8956,328.316
8957,328.319
8958,328.323
8959,328.328
8960,328.332
8961,328.337
8962,328.342
8963,328.347
8964,328.352
8965,328.358
8966,328.363
8967,328.370
8968,328.375
8969,328.380
8970,328.385
8971,328.391
8972,328.433
8973,328.437
8974,328.441
8975,328.445
8976,328.449
8977,328.488
8978,328.493
8979,328.496
8980,328.501
8981,328.504
8982,328.546
8983,328.550
8984,328.554
8985,328.558
8986,328.562
8987,328.604
8988,328.608
8989,328.613
8990,328.617
8991,328.622
8992,328.667
8993,328.670
8994,328.674
8995,328.678
8996,328.681
8997,328.717
8998,328.721
8999,328.725
9000,328.730
9001,328.733
9002,328.769
9003,328.772
9004,328.776
9005,328.779
9006,328.783
9007,328.815
9008,328.840
9009,328.843
9010,328.888
9011,328.978
9012,329.040
9013,329.044
9014,329.078
9015,329.145
9016,329.148
9017,329.152
9018,329.212
9019,329.273
9020,329.277
9021,329.280
9022,329.337
9023,329.399
9024,329.403
9025,329.431
9026,329.453
9027,329.456
9028,329.460
9029,329.463
9030,329.493
9031,329.522
9032,329.540
9033,329.543
9034,329.546
9035,329.583
9036,329.587
9037,329.590
9038,329.644
9039,329.649
9040,329.655
9041,329.710
9042,329.715
9043,329.719
9044,329.774
9045,329.779
9046,329.784
9047,329.837
9048,329.842
9049,329.847
9050,329.898
9051,329.902
9052,329.905
9053,329.973
9054,329.981
9055,329.985
9056,330.058
9057,330.066
9058,330.070
9059,330.138
9060,330.145
9061,330.149
9062,330.216
9063,330.224
9064,330.228
9065,330.305
9066,330.315
9067,330.320
9068,330.382
9069,330.389
9070,330.393
9071,330.451
9072,330.457
9073,330.461
9074,330.517
9075,330.523
9076,330.527
9077,330.583
9078,330.589
9079,330.595
9080,330.599
9081,330.657
9082,330.663
9083,330.667
9084,330.725
9085,330.731
9086,330.735
9087,330.793
9088,330.799
9089,330.802
9090,330.849
9091,330.858
9092,330.861
9093,330.865
9094,330.870
9095,330.874
9096,330.878
9097,330.882
9098,330.886
9099,330.889
9100,330.893
9101,330.897
9102,330.901
9103,330.906
9104,330.910
9105,330.914
9106,330.940
9107,330.951
9108,330.955
9109,330.958
9110,331.073
9111,331.084
9112,331.091
9113,331.148
9114,331.171
9115,331.175
9116,331.179
9117,331.183
9118,331.188
9119,331.192
9120,331.197
9121,331.228
9122,331.275
9123,331.293
9124,331.297
9125,331.301
9126,331.304
9127,331.308
9128,331.312
9129,331.322
9130,331.341
9131,331.417
9132,331.420
9133,331.424
9134,331.429
9135,331.433
9136,331.501
9137,331.505
9138,331.509
9139,331.514
9140,331.518
9141,331.585
9142,331.588
9143,331.591
9144,331.595
9145,331.598
9146,331.695
9147,331.698
9148,331.703
9149,331.707
9150,331.711
9151,331.801
9152,331.805
9153,331.808
9154,331.812
9155,331.816
9156,331.900
9157,331.903
9158,331.907
9159,331.910
9160,331.980
9161,332.005
9162,332.008
9163,332.023
9164,332.046
9165,332.127
9166,332.130
9167,332.134
9168,332.139
9169,332.142
9170,332.200
9171,332.220
9172,332.223
9173,332.226
9174,332.228
9175,332.231
9176,332.234
9177,332.237
9178,332.239
9179,332.242
9180,332.252
9181,332.268
9182,332.338
9183,332.341
9184,332.345
9185,332.349
9186,332.352
9187,332.428
9188,332.432
9189,332.435
9190,332.439
9191,332.443
9192,332.507
9193,332.510
9194,332.513
9195,332.517
9196,332.520
9197,332.584
9198,332.587
9199,332.590
9200,332.594
9201,332.597
9202,332.665
9203,332.667
9204,332.670
9205,332.674
9206,332.677
9207,332.746
9208,332.750
9209,332.753
9210,332.757
9211,332.760
9212,332.827
9213,332.830
9214,332.834
9215,332.837
9216,332.840
9217,332.903
9218,332.906
9219,332.909
9220,332.912
9221,332.915
9222,332.968
9223,332.984
9224,332.987
9225,332.996
9226,333.012
9227,333.076
9228,333.079
9229,333.082
9230,333.085
9231,333.088
9232,333.138
9233,333.161
9234,333.164
9235,333.178
9236,333.200
9237,333.288
9238,333.292
9239,333.295
9240,333.298
9241,333.302
9242,333.365
9243,333.389
9244,333.392
9245,333.405
9246,333.428
9247,333.441
9248,333.444
9249,333.447
9250,333.504
9251,333.530
9252,333.587
9253,333.608
9254,333.612
9255,333.615
9256,333.618
9257,333.621
9258,333.625
9259,333.628
9260,333.657
9261,333.706
9262,333.724
9263,333.726
9264,333.729
9265,333.732
9266,333.734
9267,333.737
9268,333.747
9269,333.762
9270,333.828
9271,333.831
9272,333.834
9273,333.838
9274,333.841
9275,333.907
9276,333.909
9277,333.913
9278,333.916
9279,333.919
9280,333.983
9281,333.985
9282,333.989
9283,333.992
9284,333.995
9285,334.062
9286,334.065
9287,334.069
9288,334.073
9289,334.076
9290,334.145
9291,334.148
9292,334.151
9293,334.155
9294,334.158
9295,334.222
9296,334.225
9297,334.228
9298,334.230
9299,334.282
9300,334.299
9301,334.302
9302,334.312
9303,334.329
9304,334.406
9305,334.409
9306,334.413
9307,334.418
9308,334.422
9309,334.480
9310,334.501
9311,334.504
9312,334.507
9313,334.510
9314,334.513
9315,334.516
9316,334.519
9317,334.522
9318,334.525
9319,334.536
9320,334.554
9321,334.626
9322,334.628
9323,334.632
9324,334.635
9325,334.638
9326,334.733
9327,334.736
9328,334.741
9329,334.746
9330,334.750
9331,334.846
9332,334.850
9333,334.854
9334,334.858
9335,334.862
9336,334.953
9337,334.957
9338,334.962
9339,334.966
9340,334.971
9341,335.069
9342,335.073
9343,335.077
9344,335.082
9345,335.087
9346,335.152
9347,335.155
9348,335.157
9349,335.215
9350,335.236
9351,335.287
9352,335.290
9353,335.293
9354,335.348
9355,335.367
9356,335.433
9357,335.436
9358,335.440
9359,335.444
9360,335.447
9361,335.499
9362,335.514
9363,335.517
9364,335.527
9365,335.544
9366,335.610
9367,335.613
9368,335.616
9369,335.619
9370,335.623
9371,335.674
9372,335.690
9373,335.693
9374,335.703
9375,335.719
9376,335.786
9377,335.789
9378,335.792
9379,335.795
9380,335.798
9381,335.852
9382,335.868
9383,335.871
9384,335.880
9385,335.896
9386,335.964
9387,335.967
9388,335.971
9389,335.974
9390,335.977
9391,336.021
9392,336.024
9393,336.026
9394,336.066
9395,336.135
9396,336.180
9397,336.184
9398,336.188
9399,336.192
9400,336.196
9401,336.200
9402,336.204
9403,336.208
9404,336.212
9405,336.216
9406,336.220
9407,336.224
9408,336.229
9409,336.233
9410,336.341
9411,336.345
9412,336.349
9413,336.428
9414,336.486
9415,336.489
9416,336.598
9417,336.602
9418,336.605
9419,336.694
9420,336.698
9421,336.701
9422,336.764
9423,336.807
9424,336.809
9425,336.812
9426,336.815
9427,336.818
9428,336.820
9429,336.823
9430,336.845
9431,336.888
9432,336.974
9433,336.978
9434,336.982
9435,336.986
9436,337.070
9437,337.074
9438,337.079
9439,337.082
9440,337.169
9441,337.173
9442,337.177
9443,337.181
9444,337.268
9445,337.272
9446,337.277
9447,337.280
9448,337.348
9449,337.394
9450,337.398
9451,337.401
9452,337.404
9453,337.450
9454,337.494
9455,337.497
9456,337.551
9457,337.594
9458,337.692
9459,337.695
9460,337.699
9461,337.813
9462,337.818
9463,337.823
9464,337.828
9465,337.928
9466,337.988
9467,337.991
9468,337.994
9469,337.997
9470,338.001
9471,338.037
9472,338.089
9473,338.116
9474,338.162
9475,338.165
9476,338.226
9477,338.275
9478,338.279
9479,338.373
9480,338.377
9481,338.381
9482,338.386
9483,338.478
9484,338.482
9485,338.486
9486,338.490
9487,338.579
9488,338.584
9489,338.588
9490,338.592
9491,338.665
9492,338.716
9493,338.720
9494,338.723
9495,338.727
9496,338.730
9497,338.733
9498,338.737
9499,338.740
9500,338.743
9501,338.746
9502,338.749
9503,338.753
9504,338.756
9505,338.759
9506,338.763
9507,338.766
9508,338.770
9509,338.773
9510,338.777
9511,338.780
9512,338.784
9513,338.810
9514,338.858
9515,338.951
9516,338.955
9517,338.959
9518,338.963
9519,339.061
9520,339.065
9521,339.070
9522,339.074
9523,339.174
9524,339.180
9525,339.186
9526,339.191
9527,339.329
9528,339.334
9529,339.339
9530,339.344
9531,339.468
9532,339.473
9533,339.479
9534,339.484
9535,339.623
9536,339.628
9537,339.633
9538,339.637
9539,339.737
9540,339.741
9541,339.745
9542,339.749
9543,339.844
9544,339.850
9545,339.854
9546,339.858
9547,339.948
9548,339.951
9549,339.956
9550,339.959
9551,340.052
9552,340.056
9553,340.061
9554,340.065
9555,340.158
9556,340.164
9557,340.168
9558,340.173
9559,340.274
9560,340.281
9561,340.287
9562,340.292
9563,340.388
9564,340.395
9565,340.399
9566,340.403
9567,340.498
9568,340.504
9569,340.508
9570,340.512
9571,340.614
9572,340.620
9573,340.624
9574,340.628
9575,340.733
9576,340.741
9577,340.747
9578,340.752
9579,340.885
9580,340.892
9581,340.897
9582,340.903
9583,341.029
9584,341.036
9585,341.041
9586,341.046
9587,341.168
9588,341.173
9589,341.179
9590,341.183
9591,341.276
9592,341.282
9593,341.286
9594,341.290
9595,341.385
9596,341.389
9597,341.393
9598,341.487
9599,341.492
9600,341.496
9601,341.582
9602,341.586
9603,341.589
9604,341.677
9605,341.682
9606,341.685
9607,341.778
9608,341.781
9609,341.785
9610,341.873
9611,341.877
9612,341.881
9613,341.968
9614,341.972
9615,341.975
9616,342.055
9617,342.105
9618,342.109
9619,342.113
9620,342.116
9621,342.120
9622,342.123
9623,342.127
9624,342.131
9625,342.136
9626,342.141
9627,342.145
9628,342.149
9629,342.153
9630,342.157
9631,342.263
9632,342.268
9633,342.272
9634,342.367
9635,342.425
9636,342.429
9637,342.544
9638,342.549
9639,342.553
9640,342.670
9641,342.674
9642,342.678
9643,342.750
9644,342.795
9645,342.798
9646,342.801
9647,342.803
9648,342.806
9649,342.809
9650,342.811
9651,342.834
9652,342.877
9653,342.967
9654,342.971
9655,342.975
9656,342.979
9657,343.069
9658,343.073
9659,343.078
9660,343.082
9661,343.174
9662,343.178
9663,343.182
9664,343.186
9665,343.270
9666,343.274
9667,343.279
9668,343.282
9669,343.380
9670,343.384
9671,343.389
9672,343.394
9673,343.489
9674,343.493
9675,343.497
9676,343.502
9677,343.572
9678,343.618
9679,343.621
9680,343.624
9681,343.626
9682,343.629
9683,343.652
9684,343.696
9685,343.821
9686,343.826
9687,343.831
9688,343.836
9689,343.955
9690,343.960
9691,343.965
9692,343.970
9693,344.087
9694,344.092
9695,344.096
9696,344.100
9697,344.213
9698,344.218
9699,344.222
9700,344.226
9701,344.300
9702,344.349
9703,344.352
9704,344.355
9705,344.359
9706,344.362
9707,344.365
9708,344.368
9709,344.371
9710,344.375
9711,344.378
9712,344.381
9713,344.384
9714,344.388
9715,344.391
9716,344.394
9717,344.397
9718,344.401
9719,344.404
9720,344.408
9721,344.412
9722,344.416
9723,344.444
9724,344.493
9725,344.586
9726,344.591
9727,344.595
9728,344.602
9729,344.693
9730,344.697
9731,344.702
9732,344.706
9733,344.809
9734,344.813
9735,344.817
9736,344.822
9737,344.919
9738,344.923
9739,344.928
9740,344.932
9741,345.031
9742,345.036
9743,345.040
9744,345.045
9745,345.148
9746,345.153
9747,345.158
9748,345.162
9749,345.265
9750,345.269
9751,345.275
9752,345.279
9753,345.408
9754,345.413
9755,345.419
9756,345.425
9757,345.554
9758,345.559
9759,345.565
9760,345.570
9761,345.699
9762,345.704
9763,345.710
9764,345.716
9765,345.839
9766,345.846
9767,345.853
9768,345.859
9769,345.969
9770,345.976
9771,345.981
9772,345.986
9773,346.078
9774,346.084
9775,346.090
9776,346.092
9777,346.191
9778,346.197
9779,346.202
9780,346.206
9781,346.302
9782,346.308
9783,346.313
9784,346.317
9785,346.409
9786,346.415
9787,346.420
9788,346.424
9789,346.520
9790,346.526
9791,346.530
9792,346.534
9793,346.628
9794,346.634
9795,346.638
9796,346.642
9797,346.734
9798,346.739
9799,346.743
9800,346.747
9801,346.845
9802,346.851
9803,346.857
9804,346.862
9805,346.994
9806,346.998
9807,347.003
9808,347.128
9809,347.134
9810,347.139
9811,347.265
9812,347.270
9813,347.275
9814,347.389
9815,347.394
9816,347.398
9817,347.498
9818,347.503
9819,347.507
9820,347.602
9821,347.607
9822,347.611
9823,347.705
9824,347.710
9825,347.715
9826,347.798
9827,347.850
9828,347.853
9829,347.857
9830,347.861
9831,347.864
9832,347.868
9833,347.872
9834,347.876
9835,347.880
9836,347.885
9837,347.889
9838,347.893
9839,347.897
9840,347.901
9841,347.980
9842,347.983
9843,347.986
9844,348.068
9845,348.071
9846,348.075
9847,348.158
9848,348.162
9849,348.166
9850,348.248
9851,348.253
9852,348.256
9853,348.328
9854,348.376
9855,348.379
9856,348.382
9857,348.385
9858,348.388
9859,348.392
9860,348.395
9861,348.421
9862,348.463
9863,348.562
9864,348.566
9865,348.570
9866,348.575
9867,348.674
9868,348.678
9869,348.683
9870,348.687
9871,348.787
9872,348.790
9873,348.795
9874,348.799
9875,348.904
9876,348.908
9877,348.912
9878,348.915
9879,348.996
9880,349.000
9881,349.004
9882,349.008
9883,349.085
9884,349.089
9885,349.093
9886,349.096
9887,349.164
9888,349.208
9889,349.211
9890,349.213
9891,349.216
9892,349.219
9893,349.243
9894,349.286
9895,349.360
9896,349.364
9897,349.367
9898,349.371
9899,349.447
9900,349.450
9901,349.454
9902,349.457
9903,349.533
9904,349.536
9905,349.540
9906,349.543
9907,349.622
9908,349.625
9909,349.628
9910,349.632
9911,349.705
9912,349.754
9913,349.758
9914,349.760
9915,349.763
9916,349.766
9917,349.770
9918,349.773
9919,349.776
9920,349.780
9921,349.783
9922,349.786
9923,349.789
9924,349.792
9925,349.796
9926,349.799
9927,349.803
9928,349.806
9929,349.809
9930,349.812
9931,349.816
9932,349.819
9933,349.844
9934,349.891
9935,349.967
9936,349.971
9937,349.974
9938,349.977
9939,350.077
9940,350.081
9941,350.086
9942,350.090
9943,350.194
9944,350.199
9945,350.204
9946,350.208
9947,350.312
9948,350.316
9949,350.320
9950,350.325
9951,350.433
9952,350.437
9953,350.441
9954,350.445
9955,350.528
9956,350.532
9957,350.535
9958,350.539
9959,350.617
9960,350.620
9961,350.624
9962,350.628
9963,350.705
9964,350.708
9965,350.712
9966,350.715
9967,350.794
9968,350.798
9969,350.801
9970,350.805
9971,350.880
9972,350.883
9973,350.887
9974,350.890
9975,350.965
9976,350.969
9977,350.973
9978,350.976
9979,351.051
9980,351.057
9981,351.061
9982,351.064
9983,351.142
9984,351.146
9985,351.150
9986,351.153
9987,351.230
9988,351.236
9989,351.240
9990,351.244
9991,351.326
9992,351.335
9993,351.340
9994,351.346
9995,351.424
9996,351.429
9997,351.433
9998,351.436
9999,351.517
10000,351.525
10001,351.529
10002,351.533
10003,351.638
10004,351.645
10005,351.649
10006,351.653
10007,351.751
10008,351.755
10009,351.759
10010,351.763
10011,351.864
10012,351.873
10013,351.877
10014,351.881
10015,351.970
10016,351.974
10017,351.977
10018,352.053
10019,352.057
10020,352.060
10021,352.133
10022,352.137
10023,352.140
10024,352.215
10025,352.218
10026,352.222
10027,352.296
10028,352.300
10029,352.303
10030,352.378
10031,352.382
10032,352.385
10033,352.460
10034,352.464
10035,352.467
10036,352.528
10037,352.548
10038,352.551
10039,352.554
10040,352.557
10041,352.561
10042,352.564
10043,352.567
10044,352.596
10045,352.643
10046,352.660
10047,352.663
10048,352.665
10049,352.668
10050,352.671
10051,352.673
10052,352.683
10053,352.701
10054,352.771
10055,352.774
10056,352.777
10057,352.781
10058,352.784
10059,352.851
10060,352.854
10061,352.857
10062,352.861
10063,352.865
10064,352.932
10065,352.934
10066,352.938
10067,352.941
10068,352.944
10069,353.029
10070,353.032
10071,353.036
10072,353.041
10073,353.044
10074,353.135
10075,353.139
10076,353.142
10077,353.147
10078,353.150
10079,353.235
10080,353.238
10081,353.241
10082,353.245
10083,353.316
10084,353.339
10085,353.343
10086,353.357
10087,353.391
10088,353.477
10089,353.480
10090,353.484
10091,353.488
10092,353.492
10093,353.550
10094,353.569
10095,353.572
10096,353.575
10097,353.578
10098,353.581
10099,353.583
10100,353.587
10101,353.590
10102,353.593
10103,353.604
10104,353.621
10105,353.692
10106,353.696
10107,353.700
10108,353.704
10109,353.707
10110,353.781
10111,353.784
10112,353.788
10113,353.791
10114,353.795
10115,353.864
10116,353.867
10117,353.870
10118,353.874
10119,353.878
10120,353.948
10121,353.951
10122,353.954
10123,353.958
10124,353.962
10125,354.034
10126,354.037
10127,354.041
10128,354.044
10129,354.048
10130,354.126
10131,354.129
10132,354.133
10133,354.136
10134,354.140
10135,354.211
10136,354.214
10137,354.218
10138,354.222
10139,354.225
10140,354.296
10141,354.299
10142,354.303
10143,354.306
10144,354.310
10145,354.367
10146,354.383
10147,354.386
10148,354.396
10149,354.415
10150,354.491
10151,354.494
10152,354.498
10153,354.502
10154,354.506
10155,354.573
10156,354.595
10157,354.598
10158,354.611
10159,354.635
10160,354.729
10161,354.732
10162,354.736
10163,354.740
10164,354.744
10165,354.815
10166,354.837
10167,354.840
10168,354.853
10169,354.876
10170,354.974
10171,354.977
10172,354.981
10173,354.984
10174,354.987
10175,355.076
10176,355.136
10177,355.139
10178,355.143
10179,355.146
10180,355.150
10181,355.154
10182,355.157
10183,355.161
10184,355.165
10185,355.169
10186,355.174
10187,355.178
10188,355.182
10189,355.186
10190,355.277
10191,355.281
10192,355.285
10193,355.360
10194,355.364
10195,355.367
10196,355.370
10197,355.460
10198,355.464
10199,355.468
10200,355.561
10201,355.565
10202,355.568
10203,355.641
10204,355.687
10205,355.690
10206,355.693
10207,355.695
10208,355.698
10209,355.701
10210,355.704
10211,355.727
10212,355.770
10213,355.855
10214,355.859
10215,355.863
10216,355.867
10217,355.955
10218,355.959
10219,355.964
10220,355.968
10221,356.056
10222,356.059
10223,356.063
10224,356.067
10225,356.185
10226,356.190
10227,356.195
10228,356.199
10229,356.323
10230,356.328
10231,356.333
10232,356.338
10233,356.457
10234,356.462
10235,356.467
10236,356.471
10237,356.560
10238,356.608
10239,356.611
10240,356.614
10241,356.616
10242,356.619
10243,356.643
10244,356.687
10245,356.779
10246,356.783
10247,356.787
10248,356.791
10249,356.882
10250,356.886
10251,356.890
10252,356.894
10253,356.983
10254,356.987
10255,356.992
10256,356.995
10257,357.082
10258,357.086
10259,357.091
10260,357.095
10261,357.166
10262,357.215
10263,357.219
10264,357.222
10265,357.225
10266,357.228
10267,357.231
10268,357.234
10269,357.237
10270,357.240
10271,357.243
10272,357.247
10273,357.250
10274,357.253
10275,357.256
10276,357.260
10277,357.263
10278,357.267
10279,357.270
10280,357.273
10281,357.277
10282,357.280
10283,357.305
10284,357.351
10285,357.437
10286,357.441
10287,357.445
10288,357.449
10289,357.545
10290,357.550
10291,357.555
10292,357.560
10293,357.678
10294,357.683
10295,357.688
10296,357.694
10297,357.815
10298,357.820
10299,357.825
10300,357.830
10301,357.944
10302,357.949
10303,357.953
10304,357.958
10305,358.078
10306,358.082
10307,358.087
10308,358.094
10309,358.187
10310,358.191
10311,358.195
10312,358.199
10313,358.296
10314,358.302
10315,358.307
10316,358.312
10317,358.406
10318,358.410
10319,358.414
10320,358.418
10321,358.509
10322,358.514
10323,358.518
10324,358.523
10325,358.612
10326,358.618
10327,358.622
10328,358.626
10329,358.719
10330,358.726
10331,358.731
10332,358.735
10333,358.822
10334,358.828
10335,358.832
10336,358.836
10337,358.926
10338,358.931
10339,358.935
10340,358.939
10341,359.023
10342,359.029
10343,359.033
10344,359.036
10345,359.154
10346,359.164
10347,359.169
10348,359.175
10349,359.306
10350,359.314
10351,359.319
10352,359.324
10353,359.451
10354,359.460
10355,359.465
10356,359.470
10357,359.583
10358,359.588
10359,359.592
10360,359.596
10361,359.692
10362,359.697
10363,359.702
10364,359.706
10365,359.799
10366,359.804
10367,359.808
10368,359.911
10369,359.916
10370,359.920
10371,360.010
10372,360.014
10373,360.018
10374,360.105
10375,360.110
10376,360.114
10377,360.218
10378,360.223
10379,360.227
10380,360.322
10381,360.326
10382,360.330
10383,360.417
10384,360.421
10385,360.424
10386,360.501
10387,360.548
10388,360.551
10389,360.555
10390,360.558
10391,360.561
10392,360.565
10393,360.568
10394,360.571
10395,360.575
10396,360.578
10397,360.581
10398,360.584
10399,360.587
10400,360.591
10401,360.706
10402,360.710
10403,360.714
10404,360.831
10405,360.834
10406,360.838
10407,360.959
10408,360.964
10409,360.968
10410,361.083
10411,361.088
10412,361.094
10413,361.164
10414,361.210
10415,361.213
10416,361.215
10417,361.218
10418,361.221
10419,361.223
10420,361.226
10421,361.249
10422,361.293
10423,361.383
10424,361.387
10425,361.391
10426,361.395
10427,361.485
10428,361.489
10429,361.493
10430,361.497
10431,361.584
10432,361.588
10433,361.592
10434,361.596
10435,361.682
10436,361.686
10437,361.691
10438,361.695
10439,361.794
10440,361.799
10441,361.804
10442,361.808
10443,361.900
10444,361.904
10445,361.908
10446,361.912
10447,361.983
10448,362.027
10449,362.030
10450,362.033
10451,362.036
10452,362.039
10453,362.062
10454,362.109
10455,362.229
10456,362.234
10457,362.240
10458,362.245
10459,362.361
10460,362.366
10461,362.371
10462,362.375
10463,362.488
10464,362.492
10465,362.497
10466,362.501
10467,362.610
10468,362.614
10469,362.618
10470,362.622
10471,362.690
10472,362.735
10473,362.738
10474,362.741
10475,362.744
10476,362.747
10477,362.749
10478,362.752
10479,362.755
10480,362.758
10481,362.761
10482,362.764
10483,362.767
10484,362.770
10485,362.773
10486,362.776
10487,362.779
10488,362.781
10489,362.785
10490,362.788
10491,362.791
10492,362.795
10493,362.818
10494,362.860
10495,362.945
10496,362.950
10497,362.954
10498,362.958
10499,363.042
10500,363.047
10501,363.051
10502,363.054
10503,363.147
10504,363.151
10505,363.156
10506,363.160
10507,363.250
10508,363.254
10509,363.259
10510,363.263
10511,363.354
10512,363.358
10513,363.363
10514,363.367
10515,363.465
10516,363.469
10517,363.474
10518,363.478
10519,363.572
10520,363.577
10521,363.581
10522,363.585
10523,363.703
10524,363.711
10525,363.716
10526,363.722
10527,363.845
10528,363.849
10529,363.854
10530,363.858
10531,363.988
10532,363.992
10533,363.997
10534,364.002
10535,364.129
10536,364.136
10537,364.140
10538,364.144
10539,364.250
10540,364.257
10541,364.262
10542,364.267
10543,364.363
10544,364.369
10545,364.374
10546,364.378
10547,364.479
10548,364.485
10549,364.489
10550,364.493
10551,364.585
10552,364.591
10553,364.595
10554,364.598
10555,364.687
10556,364.692
10557,364.696
10558,364.700
10559,364.791
10560,364.796
10561,364.800
10562,364.804
10563,364.895
10564,364.901
10565,364.905
10566,364.909
10567,365.005
10568,365.010
10569,365.015
10570,365.019
10571,365.113
10572,365.118
10573,365.123
10574,365.127
10575,365.247
10576,365.252
10577,365.257
10578,365.387
10579,365.392
10580,365.398
10581,365.490
10582,365.551
10583,365.555
10584,365.590
10585,365.644
10586,365.716
10587,365.719
10588,365.722
10589,365.792
10590,365.838
10591,365.842
10592,365.917
10593,365.920
10594,365.923
10595,365.926
10596,366.020
10597,366.025
10598,366.029
10599,366.121
10600,366.125
10601,366.129
10602,366.219
10603,366.223
10604,366.227
10605,366.313
10606,366.317
10607,366.321
10608,366.409
10609,366.413
10610,366.486
10611,366.544
10612,366.547
10613,366.550
10614,366.598
10615,366.710
10616,366.789
10617,366.829
10618,366.906
10619,366.909
10620,366.976
10621,367.060
10622,367.125
10623,367.187
10624,367.190
10625,367.192
10626,367.195
10627,367.229
10628,367.232
10629,367.235
10630,367.240
10631,367.242
10632,367.275
10633,367.327
10634,367.377
10635,367.398
10636,367.401
10637,367.434
10638,367.437
10639,367.440
10640,367.472
10641,367.493
10642,367.496
10643,367.498
10644,367.530
10645,367.551
10646,367.553
10647,367.604
10648,367.665
10649,367.668
10650,367.671
10651,367.673
10652,367.724
10653,367.783
10654,367.830
10655,367.936
10656,367.991
10657,368.044
10658,368.103
10659,368.106
10660,368.109
10661,368.164
10662,368.235
10663,368.319
10664,368.453
10665,368.531
10666,368.534
10667,368.537
10668,368.541
10669,368.601
10670,368.662
10671,368.713
10672,368.769
10673,368.774
10674,368.827
10675,368.884
10676,368.936
10677,368.994
10678,369.022
10679,369.079
10680,369.082
10681,369.084
10682,369.087
10683,369.327
10684,369.330
10685,369.514
10686,369.568
10687,369.571
10688,369.617
10689,369.625
10690,369.627
10691,369.893
10692,369.897
10693,369.901
10694,370.110
10695,370.400
10696,370.403
10697,370.406
10698,370.576
10699,370.622
10700,370.630
10701,370.633
10702,370.637
10703,370.644
10704,370.866
10705,370.869
10706,371.028
10707,371.085
10708,371.088
10709,371.167
10710,371.217
10711,371.220
10712,371.224
10713,371.227
10714,371.231
10715,371.234
10716,371.238
10717,371.242
10718,371.246
10719,371.250
10720,371.254
10721,371.257
10722,371.261
10723,371.265
10724,371.343
10725,371.346
10726,371.350
10727,371.426
10728,371.429
10729,371.433
10730,371.512
10731,371.516
10732,371.520
10733,371.615
10734,371.619
10735,371.624
10736,371.714
10737,371.774
10738,371.777
10739,371.780
10740,371.783
10741,371.787
10742,371.790
10743,371.793
10744,371.823
10745,371.880
10746,371.986
10747,371.990
10748,371.995
10749,372.000
10750,372.088
10751,372.091
10752,372.095
10753,372.098
10754,372.172
10755,372.176
10756,372.180
10757,372.183
10758,372.258
10759,372.262
10760,372.266
10761,372.269
10762,372.349
10763,372.352
10764,372.356
10765,372.360
10766,372.434
10767,372.438
10768,372.441
10769,372.445
10770,372.509
10771,372.552
10772,372.555
10773,372.558
10774,372.561
10775,372.564
10776,372.586
10777,372.630
10778,372.706
10779,372.710
10780,372.714
10781,372.717
10782,372.796
10783,372.800
10784,372.804
10785,372.807
10786,372.885
10787,372.888
10788,372.892
10789,372.895
10790,372.972
10791,372.975
10792,372.979
10793,372.982
10794,373.055
10795,373.121
10796,373.125
10797,373.129
10798,373.133
10799,373.137
10800,373.141
10801,373.145
10802,373.149
10803,373.153
10804,373.157
10805,373.161
10806,373.166
10807,373.169
10808,373.173
10809,373.178
10810,373.182
10811,373.186
10812,373.191
10813,373.195
10814,373.200
10815,373.205
10816,373.236
10817,373.295
10818,373.402
10819,373.407
10820,373.412
10821,373.416
10822,373.523
10823,373.527
10824,373.531
10825,373.535
10826,373.622
10827,373.626
10828,373.630
10829,373.634
10830,373.713
10831,373.717
10832,373.721
10833,373.724
10834,373.802
10835,373.806
10836,373.810
10837,373.814
10838,373.893
10839,373.897
10840,373.901
10841,373.905
10842,373.984
10843,373.988
10844,373.992
10845,373.996
10846,374.072
10847,374.076
10848,374.080
10849,374.083
10850,374.162
10851,374.167
10852,374.170
10853,374.174
10854,374.253
10855,374.257
10856,374.261
10857,374.264
10858,374.345
10859,374.349
10860,374.354
10861,374.357
10862,374.441
10863,374.448
10864,374.452
10865,374.456
10866,374.536
10867,374.540
10868,374.545
10869,374.549
10870,374.650
10871,374.659
10872,374.664
10873,374.669
10874,374.779
10875,374.786
10876,374.790
10877,374.795
10878,374.899
10879,374.906
10880,374.911
10881,374.915
10882,375.026
10883,375.032
10884,375.036
10885,375.040
10886,375.129
10887,375.134
10888,375.137
10889,375.141
10890,375.221
10891,375.226
10892,375.230
10893,375.233
10894,375.315
10895,375.321
10896,375.325
10897,375.328
10898,375.410
10899,375.414
10900,375.417
10901,375.496
10902,375.500
10903,375.504
10904,375.583
10905,375.587
10906,375.591
10907,375.671
10908,375.675
10909,375.679
10910,375.760
10911,375.763
10912,375.767
10913,375.847
10914,375.851
10915,375.854
10916,375.931
10917,375.934
10918,375.938
10919,375.994
10920,376.013
10921,376.017
10922,376.020
10923,376.023
10924,376.026
10925,376.030
10926,376.034
10927,376.065
10928,376.126
10929,376.150
10930,376.154
10931,376.157
10932,376.160
10933,376.164
10934,376.167
10935,376.181
10936,376.207
10937,376.308
10938,376.312
10939,376.316
10940,376.321
10941,376.325
10942,376.428
10943,376.432
10944,376.437
10945,376.442
10946,376.446
10947,376.548
10948,376.552
10949,376.556
10950,376.560
10951,376.564
10952,376.644
10953,376.647
10954,376.651
10955,376.654
10956,376.658
10957,376.736
10958,376.739
10959,376.743
10960,376.747
10961,376.750
10962,376.820
10963,376.824
10964,376.827
10965,376.830
10966,376.886
10967,376.905
10968,376.907
10969,376.917
10970,376.934
10971,377.014
10972,377.017
10973,377.022
10974,377.025
10975,377.029
10976,377.088
10977,377.109
10978,377.112
10979,377.115
10980,377.118
10981,377.121
10982,377.124
10983,377.127
10984,377.130
10985,377.133
10986,377.143
10987,377.162
10988,377.241
10989,377.245
10990,377.248
10991,377.252
10992,377.257
10993,377.340
10994,377.343
10995,377.348
10996,377.353
10997,377.358
10998,377.437
10999,377.441
11000,377.445
11001,377.448
11002,377.452
11003,377.536
11004,377.539
11005,377.544
11006,377.549
11007,377.555
11008,377.671
11009,377.671
11010,377.671
11011,377.671
11012,377.671
11013,377.782
11014,377.787
11015,377.791
11016,377.797
11017,377.803
11018,377.909
11019,377.913
11020,377.917
11021,377.922
11022,377.927
11023,378.031
11024,378.036
11025,378.040
11026,378.045
11027,378.049
11028,378.127
11029,378.147
11030,378.150
11031,378.160
11032,378.180
11033,378.258
11034,378.261
11035,378.265
11036,378.269
11037,378.273
11038,378.329
11039,378.348
11040,378.351
11041,378.360
11042,378.379
11043,378.457
11044,378.460
11045,378.464
11046,378.468
11047,378.472
11048,378.526
11049,378.545
11050,378.548
11051,378.557
11052,378.575
11053,378.648
11054,378.651
11055,378.655
11056,378.659
11057,378.662
11058,378.747
11059,378.813
11060,378.816
11061,378.820
11062,378.824
11063,378.827
11064,378.831
11065,378.835
11066,378.839
11067,378.845
11068,378.848
11069,378.852
11070,378.856
11071,378.860
11072,378.864
11073,378.963
11074,378.966
11075,378.970
11076,379.068
11077,379.132
11078,379.136
11079,379.257
11080,379.262
11081,379.266
11082,379.402
11083,379.406
11084,379.411
11085,379.509
11086,379.594
11087,379.598
11088,379.601
11089,379.605
11090,379.608
11091,379.612
11092,379.616
11093,379.651
11094,379.715
11095,379.820
11096,379.824
11097,379.829
11098,379.832
11099,379.934
11100,379.938
11101,379.943
11102,379.947
11103,380.049
11104,380.054
11105,380.058
11106,380.062
11107,380.161
11108,380.166
11109,380.170
11110,380.174
11111,380.282
11112,380.286
11113,380.291
11114,380.296
11115,380.401
11116,380.405
11117,380.409
11118,380.413
11119,380.489
11120,380.553
11121,380.556
11122,380.559
11123,380.561
11124,380.564
11125,380.595
11126,380.656
11127,380.782
11128,380.787
11129,380.793
11130,380.798
11131,380.938
11132,380.943
11133,380.948
11134,380.952
11135,381.101
11136,381.106
11137,381.111
11138,381.116
11139,381.230
11140,381.234
11141,381.239
11142,381.244
11143,381.325
11144,381.391
11145,381.394
11146,381.398
11147,381.401
11148,381.404
11149,381.408
11150,381.411
11151,381.414
11152,381.418
11153,381.421
11154,381.424
11155,381.428
11156,381.431
11157,381.435
11158,381.438
11159,381.442
11160,381.446
11161,381.451
11162,381.454
11163,381.458
11164,381.462
11165,381.496
11166,381.561
11167,381.668
11168,381.673
11169,381.677
11170,381.682
11171,381.792
11172,381.797
11173,381.801
11174,381.805
11175,381.919
11176,381.923
11177,381.928
11178,381.932
11179,382.039
11180,382.043
11181,382.047
11182,382.051
11183,382.157
11184,382.162
11185,382.166
11186,382.170
11187,382.289
11188,382.293
11189,382.299
11190,382.304
11191,382.452
11192,382.457
11193,382.462
11194,382.467
11195,382.614
11196,382.622
11197,382.627
11198,382.632
11199,382.757
11200,382.761
11201,382.766
11202,382.769
11203,382.879
11204,382.883
11205,382.888
11206,382.891
11207,383.006
11208,383.012
11209,383.017
11210,383.021
11211,383.137
11212,383.145
11213,383.150
11214,383.155
11215,383.270
11216,383.276
11217,383.281
11218,383.285
11219,383.400
11220,383.406
11221,383.410
11222,383.415
11223,383.526
11224,383.533
11225,383.537
11226,383.542
11227,383.649
11228,383.655
11229,383.659
11230,383.663
11231,383.770
11232,383.780
11233,383.786
11234,383.791
11235,383.940
11236,383.948
11237,383.953
11238,383.958
11239,384.103
11240,384.111
11241,384.116
11242,384.121
11243,384.258
11244,384.265
11245,384.269
11246,384.273
11247,384.381
11248,384.385
11249,384.390
11250,384.493
11251,384.497
11252,384.501
11253,384.603
11254,384.607
11255,384.611
11256,384.705
11257,384.709
11258,384.713
11259,384.813
11260,384.817
11261,384.821
11262,384.919
11263,384.923
11264,384.927
11265,385.024
11266,385.028
11267,385.032
11268,385.114
11269,385.177
11270,385.180
11271,385.184
11272,385.187
11273,385.190
11274,385.194
11275,385.198
11276,385.201
11277,385.205
11278,385.209
11279,385.212
11280,385.216
11281,385.220
11282,385.223
11283,385.354
11284,385.360
11285,385.364
11286,385.471
11287,385.475
11288,385.479
11289,385.615
11290,385.619
11291,385.624
11292,385.757
11293,385.762
11294,385.766
11295,385.847
11296,385.911
11297,385.914
11298,385.917
11299,385.920
11300,385.923
11301,385.926
11302,385.929
11303,385.966
11304,386.030
11305,386.133
11306,386.137
11307,386.141
11308,386.145
11309,386.250
11310,386.254
11311,386.259
11312,386.263
11313,386.373
11314,386.377
11315,386.381
11316,386.385
11317,386.490
11318,386.495
11319,386.499
11320,386.504
11321,386.610
11322,386.614
11323,386.619
11324,386.623
11325,386.723
11326,386.727
11327,386.731
11328,386.735
11329,386.808
11330,386.895
11331,386.898
11332,386.901
11333,386.905
11334,386.908
11335,386.950
11336,387.029
11337,387.162
11338,387.167
11339,387.172
11340,387.177
11341,387.305
11342,387.309
11343,387.314
11344,387.318
11345,387.422
11346,387.426
11347,387.430
11348,387.434
11349,387.534
11350,387.538
11351,387.542
11352,387.546
11353,387.623
11354,387.685
11355,387.688
11356,387.691
11357,387.695
11358,387.697
11359,387.701
11360,387.704
11361,387.707
11362,387.710
11363,387.713
11364,387.716
11365,387.719
11366,387.722
11367,387.725
11368,387.728
11369,387.732
11370,387.735
11371,387.738
11372,387.741
11373,387.745
11374,387.748
11375,387.778
11376,387.836
11377,387.934
11378,387.939
11379,387.942
11380,387.946
11381,388.047
11382,388.051
11383,388.055
11384,388.059
11385,388.167
11386,388.171
11387,388.175
11388,388.180
11389,388.279
11390,388.284
11391,388.288
11392,388.292
11393,388.414
11394,388.418
11395,388.423
11396,388.428
11397,388.564
11398,388.569
11399,388.574
11400,388.578
11401,388.719
11402,388.724
11403,388.729
11404,388.734
11405,388.851
11406,388.857
11407,388.861
11408,388.865
11409,388.963
11410,388.967
11411,388.971
11412,388.975
11413,389.076
11414,389.080
11415,389.084
11416,389.088
11417,389.189
11418,389.195
11419,389.199
11420,389.203
11421,389.308
11422,389.314
11423,389.320
11424,389.324
11425,389.428
11426,389.434
11427,389.438
11428,389.441
11429,389.543
11430,389.549
11431,389.553
11432,389.557
11433,389.662
11434,389.668
11435,389.672
11436,389.676
11437,389.785
11438,389.794
11439,389.798
11440,389.803
11441,389.948
11442,389.955
11443,389.959
11444,389.964
11445,390.104
11446,390.111
11447,390.116
11448,390.120
11449,390.250
11450,390.255
11451,390.259
11452,390.264
11453,390.367
11454,390.373
11455,390.377
11456,390.381
11457,390.480
11458,390.484
11459,390.488
11460,390.585
11461,390.589
11462,390.593
11463,390.687
11464,390.691
11465,390.694
11466,390.790
11467,390.794
11468,390.798
11469,390.895
11470,390.899
11471,390.903
11472,391.007
11473,391.008
11474,391.012
11475,391.107
11476,391.111
11477,391.114
11478,391.182
11479,391.258
11480,391.261
11481,391.327
11482,391.498
11483,391.640
11484,391.697
11485,391.700
11486,391.748
11487,391.805
11488,391.854
11489,391.914
11490,391.917
11491,391.920
11492,391.923
11493,391.926
11494,391.956
11495,392.013
11496,392.016
11497,392.019
11498,392.022
11499,392.056
11500,392.078
11501,392.082
11502,392.085
11503,392.088
11504,392.091
11505,392.094
11506,392.097
11507,392.129
11508,392.175
11509,392.194
11510,392.197
11511,392.199
11512,392.202
11513,392.204
11514,392.207
11515,392.215
11516,392.234
11517,392.310
11518,392.313
11519,392.317
11520,392.321
11521,392.325
11522,392.401
11523,392.404
11524,392.408
11525,392.411
11526,392.415
11527,392.491
11528,392.495
11529,392.499
11530,392.502
11531,392.506
11532,392.579
11533,392.583
11534,392.586
11535,392.591
11536,392.594
11537,392.677
11538,392.681
11539,392.685
11540,392.689
11541,392.694
11542,392.795
11543,392.799
11544,392.803
11545,392.807
11546,392.874
11547,392.923
11548,392.923
11549,392.923
11550,392.937
11551,393.042
11552,393.047
11553,393.051
11554,393.057
11555,393.062
11556,393.133
11557,393.153
11558,393.157
11559,393.159
11560,393.162
11561,393.164
11562,393.167
11563,393.169
11564,393.172
11565,393.175
11566,393.185
11567,393.203
11568,393.284
11569,393.288
11570,393.293
11571,393.297
11572,393.301
11573,393.381
11574,393.385
11575,393.389
11576,393.393
11577,393.396
11578,393.475
11579,393.479
11580,393.483
11581,393.487
11582,393.490
11583,393.566
11584,393.569
11585,393.573
11586,393.576
11587,393.580
11588,393.658
11589,393.661
11590,393.665
11591,393.669
11592,393.673
11593,393.751
11594,393.755
11595,393.759
11596,393.763
11597,393.767
11598,393.853
11599,393.857
11600,393.863
11601,393.868
11602,393.872
11603,393.951
11604,393.955
11605,393.959
11606,393.963
11607,393.966
11608,394.024
11609,394.044
11610,394.047
11611,394.056
11612,394.076
11613,394.154
11614,394.157
11615,394.161
11616,394.165
11617,394.169
11618,394.228
11619,394.255
11620,394.259
11621,394.271
11622,394.298
11623,394.406
11624,394.410
11625,394.414
11626,394.419
11627,394.423
11628,394.492
11629,394.517
11630,394.520
11631,394.532
11632,394.558
11633,394.665
11634,394.669
11635,394.672
11636,394.676
11637,394.680
11638,394.803
11639,394.807
11640,394.917
11641,394.922
11642,395.036
11643,395.040
11644,395.150
11645,395.155
11646,395.269
11647,395.273
11648,395.388
11649,395.392
11650,395.510
11651,395.514
11652,395.519
11653,395.523
11654,395.607
11655,395.610
11656,395.687
11657,395.690
11658,395.696
11659,395.699
11660,395.767
11661,395.771
11662,395.920
11663,395.925
11664,396.046
11665,396.117
11666,396.120
11667,396.124
11668,396.127
11669,396.131
11670,396.135
11671,396.138
11672,396.142
11673,396.145
11674,396.149
11675,396.153
11676,396.157
11677,396.161
11678,396.164
11679,396.267
11680,396.271
11681,396.274
11682,396.351
11683,396.415
11684,396.418
11685,396.521
11686,396.525
11687,396.530
11688,396.631
11689,396.635
11690,396.639
11691,396.715
11692,396.776
11693,396.779
11694,396.782
11695,396.785
11696,396.788
11697,396.790
11698,396.793
11699,396.829
11700,396.901
11701,397.013
11702,397.018
11703,397.022
11704,397.026
11705,397.140
11706,397.144
11707,397.148
11708,397.153
11709,397.292
11710,397.300
11711,397.305
11712,397.311
11713,397.457
11714,397.462
11715,397.467
11716,397.472
11717,397.632
11718,397.638
11719,397.644
11720,397.650
11721,397.764
11722,397.768
11723,397.772
11724,397.776
11725,397.855
11726,397.913
11727,397.915
11728,397.918
11729,397.920
11730,397.923
11731,397.956
11732,398.014
11733,398.114
11734,398.118
11735,398.123
11736,398.127
11737,398.235
11738,398.239
11739,398.243
11740,398.248
11741,398.359
11742,398.363
11743,398.370
11744,398.374
11745,398.488
11746,398.492
11747,398.497
11748,398.500
11749,398.584
11750,398.653
11751,398.656
11752,398.659
11753,398.662
11754,398.665
11755,398.668
11756,398.671
11757,398.674
11758,398.678
11759,398.681
11760,398.684
11761,398.687
11762,398.690
11763,398.693
11764,398.696
11765,398.702
11766,398.705
11767,398.708
11768,398.711
11769,398.714
11770,398.717
11771,398.746
11772,398.820
11773,398.971
11774,398.976
11775,398.982
11776,398.987
11777,399.133
11778,399.138
11779,399.143
11780,399.148
11781,399.325
11782,399.331
11783,399.336
11784,399.340
11785,399.452
11786,399.457
11787,399.461
11788,399.465
11789,399.573
11790,399.579
11791,399.584
11792,399.588
11793,399.704
11794,399.708
11795,399.713
11796,399.718
11797,399.826
11798,399.831
11799,399.837
11800,399.842
11801,399.952
11802,399.959
11803,399.963
11804,399.967
11805,400.071
11806,400.076
11807,400.080
11808,400.084
11809,400.192
11810,400.196
11811,400.201
11812,400.205
11813,400.311
11814,400.317
11815,400.321
11816,400.325
11817,400.469
11818,400.477
11819,400.483
11820,400.488
11821,400.632
11822,400.639
11823,400.644
11824,400.648
11825,400.792
11826,400.798
11827,400.802
11828,400.806
11829,400.916
11830,400.922
11831,400.926
11832,400.930
11833,401.006
11834,401.069
11835,401.072
11836,401.075
11837,401.106
11838,401.167
11839,401.170
11840,401.173
11841,401.202
11842,401.263
11843,401.266
11844,401.268
11845,401.369
11846,401.374
11847,401.379
11848,401.382
11849,401.490
11850,401.496
11851,401.500
11852,401.504
11853,401.605
11854,401.609
11855,401.613
11856,401.686
11857,401.744
11858,401.747
11859,401.777
11860,401.845
11861,401.888
11862,401.969
11863,401.972
11864,402.009
11865,402.084
11866,402.216
11867,402.221
11868,402.225
11869,402.302
11870,402.358
11871,402.361
11872,402.389
11873,402.442
11874,402.470
11875,402.526
11876,402.529
11877,402.557
11878,402.610
11879,402.640
11880,402.693
11881,402.695
11882,402.722
11883,402.777
11884,402.831
11885,402.833
11886,402.906
11887,402.919
11888,402.921
11889,402.924
11890,402.955
11891,402.976
11892,403.004
11893,403.060
11894,403.117
11895,403.119
11896,403.122
11897,403.172
11898,403.185
11899,403.192
11900,403.195
11901,403.214
11902,403.244
11903,403.322
11904,403.326
11905,403.329
11906,403.332
11907,403.377
11908,403.387
11909,403.425
11910,403.499
11911,403.538
11912,403.615
11913,403.651
11914,403.710
11915,403.739
11916,403.794
11917,403.821
11918,403.874
11919,403.901
11920,403.956
11921,403.994
11922,404.008
11923,404.010
11924,404.012
11925,404.015
11926,404.017
11927,404.020
11928,404.022
11929,404.024
11930,404.067
11931,404.079
11932,404.086
11933,404.089
11934,404.091
11935,404.146
11936,404.232
11937,404.279
11938,404.281
11939,404.325
11940,404.391
11941,404.399
11942,404.432
11943,404.435
11944,404.438
11945,404.441
11946,404.471
11947,404.485
11948,404.488
11949,404.540
11950,404.542
11951,404.545
11952,404.547
11953,404.612
11954,404.706
11955,404.710
11956,404.717
11957,404.791
11958,404.893
11959,404.904
11960,404.909
11961,405.000
11962,405.005
11963,405.092
11964,405.096
11965,405.168
11966,405.212
11967,405.215
11968,405.290
11969,405.294
11970,405.297
11971,405.384
11972,405.390
11973,405.394
11974,405.459
11975,405.502
11976,405.505
11977,405.580
11978,405.584
11979,405.589
11980,405.593
11981,405.658
11982,405.703
11983,405.724
11984,405.769
11985,405.792
11986,405.831
11987,405.855
11988,405.857
11989,405.868
11990,405.888
11991,406.362
11992,406.367
11993,406.372
11994,406.784
11995,407.059
11996,407.065
11997,407.070
11998,407.260
11999,407.322
12000,407.404
12001,407.407
12002,407.454
12003,407.462
12004,407.753
12005,407.757
12006,407.985
12007,408.036
12008,408.047
12009,408.049
12010,408.074
12011,408.145
12012,408.149
12013,408.490
12014,408.495
12015,408.753
12016,408.839
12017,408.843
12018,409.127
12019,409.134
12020,409.395
12021,409.403
12022,409.486
12023,409.490
12024,409.494
12025,409.529
12026,409.533
12027,409.536
12028,409.538
12029,409.541
12030,409.544
12031,409.547
12032,409.602
12033,409.606
12034,409.609
12035,409.644
12036,409.658
12037,409.661
12038,409.672
12039,409.686
12040,409.688
12041,409.721
12042,409.735
12043,409.738
12044,409.776
12045,409.800
12046,409.804
12047,409.807
12048,409.810
12049,409.814
12050,409.817
12051,409.820
12052,409.863
12053,409.934
12054,409.958
12055,409.962
12056,409.966
12057,409.969
12058,409.972
12059,409.976
12060,409.988
12061,410.016
12062,410.130
12063,410.135
12064,410.140
12065,410.145
12066,410.150
12067,410.271
12068,410.277
12069,410.283
12070,410.288
12071,410.294
12072,410.389
12073,410.393
12074,410.397
12075,410.402
12076,410.406
12077,410.492
12078,410.497
12079,410.501
12080,410.505
12081,410.509
12082,410.596
12083,410.600
12084,410.604
12085,410.609
12086,410.613
12087,410.696
12088,410.700
12089,410.704
12090,410.708
12091,410.764
12092,410.783
12093,410.786
12094,410.796
12095,410.816
12096,410.898
12097,410.902
12098,410.907
12099,410.912
12100,410.916
12101,410.976
12102,410.998
12103,411.001
12104,411.004
12105,411.007
12106,411.010
12107,411.013
12108,411.016
12109,411.019
12110,411.022
12111,411.031
12112,411.050
12113,411.133
12114,411.137
12115,411.141
12116,411.145
12117,411.150
12118,411.235
12119,411.238
12120,411.242
12121,411.247
12122,411.251
12123,411.333
12124,411.338
12125,411.342
12126,411.346
12127,411.351
12128,411.453
12129,411.457
12130,411.462
12131,411.467
12132,411.472
12133,411.586
12134,411.590
12135,411.595
12136,411.600
12137,411.605
12138,411.716
12139,411.721
12140,411.726
12141,411.731
12142,411.736
12143,411.845
12144,411.849
12145,411.853
12146,411.857
12147,411.862
12148,411.950
12149,411.954
12150,411.958
12151,411.962
12152,411.966
12153,412.023
12154,412.040
12155,412.043
12156,412.052
12157,412.070
12158,412.154
12159,412.158
12160,412.162
12161,412.167
12162,412.171
12163,412.230
12164,412.248
12165,412.250
12166,412.259
12167,412.278
12168,412.359
12169,412.363
12170,412.367
12171,412.371
12172,412.375
12173,412.433
12174,412.451
12175,412.454
12176,412.464
12177,412.483
12178,412.567
12179,412.571
12180,412.575
12181,412.580
12182,412.584
12183,412.666
12184,412.717
12185,412.721
12186,412.725
12187,412.728
12188,412.732
12189,412.736
12190,412.740
12191,412.743
12192,412.747
12193,412.751
12194,412.755
12195,412.759
12196,412.764
12197,412.768
12198,412.862
12199,412.866
12200,412.869
12201,412.985
12202,412.990
12203,413.000
12204,413.004
12205,413.139
12206,413.144
12207,413.149
12208,413.292
12209,413.296
12210,413.300
12211,413.374
12212,413.423
12213,413.426
12214,413.429
12215,413.432
12216,413.435
12217,413.437
12218,413.440
12219,413.463
12220,413.509
12221,413.612
12222,413.617
12223,413.621
12224,413.625
12225,413.726
12226,413.730
12227,413.735
12228,413.739
12229,413.838
12230,413.842
12231,413.847
12232,413.851
12233,413.953
12234,413.957
12235,413.962
12236,413.966
12237,414.072
12238,414.077
12239,414.082
12240,414.087
12241,414.187
12242,414.191
12243,414.195
12244,414.199
12245,414.268
12246,414.307
12247,414.309
12248,414.312
12249,414.317
12250,414.321
12251,414.355
12252,414.418
12253,414.556
12254,414.561
12255,414.566
12256,414.571
12257,414.711
12258,414.717
12259,414.723
12260,414.728
12261,414.840
12262,414.845
12263,414.849
12264,414.854
12265,414.956
12266,414.960
12267,414.965
12268,414.969
12269,415.040
12270,415.090
12271,415.093
12272,415.097
12273,415.100
12274,415.103
12275,415.106
12276,415.109
12277,415.112
12278,415.115
12279,415.118
12280,415.121
12281,415.125
12282,415.128
12283,415.131
12284,415.134
12285,415.138
12286,415.141
12287,415.144
12288,415.148
12289,415.151
12290,415.154
12291,415.178
12292,415.223
12293,415.324
12294,415.328
12295,415.332
12296,415.337
12297,415.438
12298,415.443
12299,415.447
12300,415.452
12301,415.563
12302,415.568
12303,415.573
12304,415.578
12305,415.680
12306,415.685
12307,415.690
12308,415.694
12309,415.802
12310,415.807
12311,415.813
12312,415.818
12313,415.963
12314,415.969
12315,415.975
12316,415.980
12317,416.124
12318,416.129
12319,416.134
12320,416.139
12321,416.274
12322,416.280
12323,416.285
12324,416.290
12325,416.397
12326,416.402
12327,416.406
12328,416.411
12329,416.523
12330,416.530
12331,416.534
12332,416.539
12333,416.647
12334,416.654
12335,416.660
12336,416.664
12337,416.774
12338,416.781
12339,416.786
12340,416.792
12341,416.899
12342,416.906
12343,416.911
12344,416.915
12345,417.024
12346,417.031
12347,417.035
12348,417.040
12349,417.149
12350,417.154
12351,417.159
12352,417.164
12353,417.281
12354,417.291
12355,417.296
12356,417.302
12357,417.442
12358,417.450
12359,417.455
12360,417.460
12361,417.599
12362,417.607
12363,417.613
12364,417.618
12365,417.744
12366,417.751
12367,417.756
12368,417.760
12369,417.865
12370,417.872
12371,417.877
12372,417.881
12373,417.982
12374,417.986
12375,417.991
12376,418.094
12377,418.099
12378,418.104
12379,418.208
12380,418.213
12381,418.217
12382,418.321
12383,418.326
12384,418.330
12385,418.437
12386,418.442
12387,418.446
12388,418.552
12389,418.556
12390,418.561
12391,418.663
12392,418.667
12393,418.672
12394,418.734
12395,418.791
12396,418.795
12397,418.798
12398,418.805
12399,418.808
12400,418.811
12401,418.815
12402,418.899
12403,418.902
12404,418.906
12405,418.947
12406,418.950
12407,418.953
12408,418.956
12409,418.988
12410,419.007
12411,419.010
12412,419.026
12413,419.045
12414,419.048
12415,419.086
12416,419.110
12417,419.114
12418,419.131
12419,419.146
12420,419.148
12421,419.160
12422,419.162
12423,419.165
12424,419.168
12425,419.202
12426,419.205
12427,419.208
12428,419.211
12429,419.213
12430,419.218
12431,419.231
12432,419.234
12433,419.245
12434,419.247
12435,419.250
12436,419.253
12437,419.257
12438,419.259
12439,419.262
12440,419.264
12441,419.266
12442,419.303
12443,419.305
12444,419.308
12445,419.311
12446,419.313
12447,419.316
12448,419.318
12449,419.350
12450,419.353
12451,419.355
12452,419.358
12453,419.392
12454,419.395
12455,419.398
12456,419.400
12457,419.403
12458,419.405
12459,419.408
12460,419.410
12461,419.444
12462,419.447
12463,419.449
12464,419.452
12465,419.455
12466,419.458
12467,419.460
12468,419.463
12469,419.467
12470,419.469
12471,419.472
12472,419.475
12473,419.488
12474,419.502
12475,419.504
12476,419.507
12477,419.509
12478,419.512
12479,419.514
12480,419.558
12481,419.661
12482,419.663
12483,419.666
12484,419.669
12485,419.671
12486,419.722
12487,419.726
12488,419.730
12489,419.776
12490,419.779
12491,419.782
12492,419.838
12493,419.841
12494,419.843
12495,419.846
12496,419.849
12497,419.884
12498,419.887
12499,419.890
12500,419.893
12501,419.896
12502,419.901
12503,419.915
12504,419.917
12505,419.927
12506,419.940
12507,419.942
12508,420.021
12509,420.025
12510,420.029
12511,420.097
12512,420.144
12513,420.206
12514,420.210
12515,420.317
12516,420.394
12517,420.399
12518,420.404
12519,420.409
12520,420.414
12521,420.419
12522,420.425
12523,420.430
12524,420.434
12525,420.439
12526,420.444
12527,420.449
12528,420.454
12529,420.460
12530,420.597
12531,420.601
12532,420.606
12533,420.718
12534,420.723
12535,420.730
12536,420.734
12537,420.839
12538,420.843
12539,420.847
12540,420.949
12541,420.953
12542,420.958
12543,421.030
12544,421.075
12545,421.078
12546,421.081
12547,421.084
12548,421.087
12549,421.091
12550,421.094
12551,421.116
12552,421.160
12553,421.261
12554,421.265
12555,421.270
12556,421.274
12557,421.382
12558,421.387
12559,421.392
12560,421.396
12561,421.498
12562,421.503
12563,421.507
12564,421.511
12565,421.613
12566,421.618
12567,421.623
12568,421.627
12569,421.742
12570,421.748
12571,421.755
12572,421.761
12573,421.902
12574,421.907
12575,421.912
12576,421.916
12577,422.004
12578,422.070
12579,422.073
12580,422.077
12581,422.080
12582,422.084
12583,422.117
12584,422.171
12585,422.279
12586,422.284
12587,422.288
12588,422.293
12589,422.396
12590,422.401
12591,422.405
12592,422.410
12593,422.513
12594,422.517
12595,422.522
12596,422.526
12597,422.627
12598,422.631
12599,422.636
12600,422.640
12601,422.713
12602,422.767
12603,422.770
12604,422.773
12605,422.777
12606,422.780
12607,422.783
12608,422.786
12609,422.789
12610,422.792
12611,422.796
12612,422.799
12613,422.802
12614,422.806
12615,422.809
12616,422.812
12617,422.816
12618,422.819
12619,422.823
12620,422.826
12621,422.830
12622,422.834
12623,422.857
12624,422.905
12625,423.012
12626,423.017
12627,423.022
12628,423.026
12629,423.130
12630,423.136
12631,423.141
12632,423.146
12633,423.288
12634,423.294
12635,423.300
12636,423.306
12637,423.440
12638,423.445
12639,423.450
12640,423.455
12641,423.596
12642,423.601
12643,423.605
12644,423.609
12645,423.720
12646,423.724
12647,423.729
12648,423.733
12649,423.842
12650,423.847
12651,423.851
12652,423.855
12653,423.963
12654,423.969
12655,423.974
12656,423.978
12657,424.081
12658,424.085
12659,424.090
12660,424.095
12661,424.202
12662,424.208
12663,424.213
12664,424.218
12665,424.325
12666,424.332
12667,424.337
12668,424.342
12669,424.455
12670,424.463
12671,424.468
12672,424.473
12673,424.586
12674,424.591
12675,424.596
12676,424.599
12677,424.745
12678,424.753
12679,424.758
12680,424.765
12681,424.898
12682,424.907
12683,424.912
12684,424.918
12685,425.056
12686,425.063
12687,425.069
12688,425.077
12689,425.188
12690,425.195
12691,425.201
12692,425.205
12693,425.313
12694,425.320
12695,425.325
12696,425.329
12697,425.436
12698,425.442
12699,425.446
12700,425.450
12701,425.558
12702,425.565
12703,425.570
12704,425.575
12705,425.684
12706,425.689
12707,425.694
12708,425.806
12709,425.811
12710,425.816
12711,425.922
12712,425.927
12713,425.931
12714,426.032
12715,426.037
12716,426.040
12717,426.182
12718,426.187
12719,426.192
12720,426.328
12721,426.333
12722,426.338
12723,426.478
12724,426.482
12725,426.486
12726,426.568
12727,426.619
12728,426.623
12729,426.626
12730,426.630
12731,426.633
12732,426.637
12733,426.641
12734,426.644
12735,426.648
12736,426.651
12737,426.655
12738,426.659
12739,426.662
12740,426.666
12741,426.743
12742,426.747
12743,426.750
12744,426.827
12745,426.830
12746,426.833
12747,426.910
12748,426.914
12749,426.917
12750,426.995
12751,426.999
12752,427.002
12753,427.067
12754,427.108
12755,427.111
12756,427.113
12757,427.116
12758,427.119
12759,427.121
12760,427.124
12761,427.145
12762,427.185
12763,427.259
12764,427.263
12765,427.267
12766,427.270
12767,427.354
12768,427.358
12769,427.361
12770,427.365
12771,427.450
12772,427.454
12773,427.458
12774,427.462
12775,427.543
12776,427.546
12777,427.549
12778,427.553
12779,427.662
12780,427.667
12781,427.673
12782,427.678
12783,427.790
12784,427.794
12785,427.799
12786,427.804
12787,427.896
12788,427.956
12789,427.959
12790,427.962
12791,427.966
12792,427.969
12793,428.005
12794,428.060
12795,428.152
12796,428.156
12797,428.160
12798,428.164
12799,428.250
12800,428.254
12801,428.258
12802,428.262
12803,428.346
12804,428.350
12805,428.355
12806,428.359
12807,428.445
12808,428.448
12809,428.452
12810,428.456
12811,428.532
12812,428.583
12813,428.586
12814,428.590
12815,428.593
12816,428.596
12817,428.600
12818,428.603
12819,428.607
12820,428.610
12821,428.614
12822,428.618
12823,428.623
12824,428.626
12825,428.629
12826,428.633
12827,428.636
12828,428.639
12829,428.643
12830,428.646
12831,428.649
12832,428.653
12833,428.676
12834,428.722
12835,428.806
12836,428.810
12837,428.813
12838,428.817
12839,428.898
12840,428.902
12841,428.906
12842,428.910
12843,429.004
12844,429.009
12845,429.013
12846,429.017
12847,429.104
12848,429.108
12849,429.113
12850,429.117
12851,429.211
12852,429.216
12853,429.222
12854,429.226
12855,429.341
12856,429.347
12857,429.352
12858,429.356
12859,429.465
12860,429.470
12861,429.475
12862,429.480
12863,429.595
12864,429.600
12865,429.605
12866,429.611
12867,429.714
12868,429.720
12869,429.724
12870,429.728
12871,429.818
12872,429.822
12873,429.826
12874,429.830
12875,429.922
12876,429.928
12877,429.932
12878,429.936
12879,430.030
12880,430.037
12881,430.041
12882,430.046
12883,430.135
12884,430.141
12885,430.145
12886,430.148
12887,430.230
12888,430.236
12889,430.240
12890,430.244
12891,430.325
12892,430.331
12893,430.335
12894,430.339
12895,430.421
12896,430.427
12897,430.431
12898,430.434
12899,430.517
12900,430.525
12901,430.529
12902,430.532
12903,430.615
12904,430.621
12905,430.625
12906,430.629
12907,430.710
12908,430.716
12909,430.720
12910,430.723
12911,430.811
12912,430.818
12913,430.822
12914,430.827
12915,430.931
12916,430.936
12917,430.940
12918,431.038
12919,431.042
12920,431.046
12921,431.148
12922,431.153
12923,431.157
12924,431.247
12925,431.251
12926,431.254
12927,431.332
12928,431.336
12929,431.339
12930,431.417
12931,431.420
12932,431.424
12933,431.502
12934,431.506
12935,431.509
12936,431.584
12937,431.642
12938,431.644
12939,431.694
12940,431.808
12941,431.811
12942,431.889
12943,431.893
12944,431.897
12945,431.968
12946,432.024
12947,432.027
12948,432.057
12949,432.115
12950,432.117
12951,432.121
12952,432.175
12953,432.178
12954,432.180
12955,432.244
12956,432.247
12957,432.250
12958,432.254
12959,432.327
12960,432.405
12961,432.408
12962,432.411
12963,432.476
12964,432.552
12965,432.555
12966,432.558
12967,432.561
12968,432.651
12969,432.655
12970,432.659
12971,432.662
12972,432.665
12973,432.669
12974,432.757
12975,432.760
12976,432.763
12977,432.769
12978,432.773
12979,432.847
12980,432.906
12981,432.909
12982,432.912
12983,433.015
12984,433.020
12985,433.027
12986,433.032
12987,433.118
12988,433.121
12989,433.124
12990,433.127
12991,433.132
12992,433.135
12993,433.210
12994,433.213
12995,433.215
12996,433.218
12997,433.220
12998,433.223
12999,433.311
13000,433.314
13001,433.316
13002,433.319
13003,433.321
13004,433.327
13005,433.331
13006,433.407
13007,433.410
13008,433.414
13009,433.416
13010,433.490
13011,433.550
13012,433.553
13013,433.557
13014,433.652
13015,433.657
13016,433.661
13017,433.665
13018,433.751
13019,433.867
13020,433.941
13021,433.944
13022,433.948
13023,434.029
13024,434.050
13025,434.053
13026,434.068
13027,434.071
13028,434.147
13029,434.150
13030,434.226
13031,434.282
13032,434.288
13033,434.298
13034,434.301
13035,434.357
13036,434.360
13037,434.426
13038,434.431
13039,434.495
13040,434.500
13041,434.557
13042,434.561
13043,434.637
13044,434.684
13045,434.688
13046,434.692
13047,434.695
13048,434.699
13049,434.703
13050,434.707
13051,434.710
13052,434.714
13053,434.719
13054,434.723
13055,434.727
13056,434.731
13057,434.734
13058,434.822
13059,434.826
13060,434.829
13061,434.914
13062,434.917
13063,434.920
13064,435.010
13065,435.015
13066,435.018
13067,435.109
13068,435.114
13069,435.117
13070,435.198
13071,435.256
13072,435.260
13073,435.263
13074,435.267
13075,435.271
13076,435.274
13077,435.278
13078,435.310
13079,435.367
13080,435.483
13081,435.487
13082,435.492
13083,435.496
13084,435.610
13085,435.615
13086,435.619
13087,435.624
13088,435.713
13089,435.717
13090,435.722
13091,435.725
13092,435.812
13093,435.816
13094,435.821
13095,435.824
13096,435.917
13097,435.921
13098,435.925
13099,435.930
13100,436.024
13101,436.027
13102,436.031
13103,436.035
13104,436.104
13105,436.147
13106,436.150
13107,436.153
13108,436.156
13109,436.159
13110,436.182
13111,436.226
13112,436.323
13113,436.327
13114,436.332
13115,436.336
13116,436.431
13117,436.435
13118,436.439
13119,436.443
13120,436.533
13121,436.537
13122,436.541
13123,436.545
13124,436.653
13125,436.657
13126,436.662
13127,436.667
13128,436.764
13129,436.826
13130,436.829
13131,436.833
13132,436.836
13133,436.840
13134,436.843
13135,436.847
13136,436.851
13137,436.854
13138,436.858
13139,436.861
13140,436.865
13141,436.869
13142,436.873
13143,436.877
13144,436.881
13145,436.885
13146,436.889
13147,436.893
13148,436.897
13149,436.901
13150,436.932
13151,436.990
13152,437.093
13153,437.096
13154,437.100
13155,437.104
13156,437.201
13157,437.205
13158,437.209
13159,437.214
13160,437.314
13161,437.319
13162,437.324
13163,437.328
13164,437.424
13165,437.429
13166,437.433
13167,437.437
13168,437.531
13169,437.535
13170,437.539
13171,437.543
13172,437.641
13173,437.647
13174,437.651
13175,437.656
13176,437.755
13177,437.759
13178,437.764
13179,437.768
13180,437.870
13181,437.876
13182,437.880
13183,437.885
13184,437.980
13185,437.985
13186,437.989
13187,437.994
13188,438.099
13189,438.107
13190,438.112
13191,438.117
13192,438.246
13193,438.253
13194,438.258
13195,438.263
13196,438.396
13197,438.404
13198,438.410
13199,438.414
13200,438.537
13201,438.544
13202,438.548
13203,438.552
13204,438.654
13205,438.660
13206,438.665
13207,438.669
13208,438.761
13209,438.767
13210,438.771
13211,438.776
13212,438.868
13213,438.874
13214,438.877
13215,438.881
13216,438.969
13217,438.974
13218,438.978
13219,438.982
13220,439.070
13221,439.075
13222,439.079
13223,439.083
13224,439.173
13225,439.179
13226,439.183
13227,439.187
13228,439.283
13229,439.289
13230,439.293
13231,439.297
13232,439.368
13233,439.371
13234,439.374
13235,439.377
13236,439.446
13237,439.487
13238,439.544
13239,439.602
13240,439.673
13241,439.677
13242,439.680
13243,439.683
13244,439.771
13245,439.832
13246,439.968
13247,439.972
13248,439.976
13249,440.071
13250,440.074
13251,440.078
13252,440.171
13253,440.175
13254,440.179
13255,440.276
13256,440.281
13257,440.285
13258,440.382
13259,440.386
13260,440.390
13261,440.483
13262,440.487
13263,440.491
13264,440.572
13265,440.621
13266,440.625
13267,440.629
13268,440.632
13269,440.636
13270,440.639
13271,440.643
13272,440.647
13273,440.651
13274,440.655
13275,440.658
13276,440.662
13277,440.666
13278,440.671
13279,440.766
13280,440.770
13281,440.773
13282,440.864
13283,440.868
13284,440.872
13285,440.961
13286,440.965
13287,440.969
13288,441.075
13289,441.080
13290,441.084
13291,441.175
13292,441.229
13293,441.233
13294,441.236
13295,441.239
13296,441.243
13297,441.246
13298,441.250
13299,441.278
13300,441.332
13301,441.450
13302,441.454
13303,441.458
13304,441.462
13305,441.557
13306,441.560
13307,441.564
13308,441.568
13309,441.661
13310,441.665
13311,441.669
13312,441.673
13313,441.768
13314,441.772
13315,441.776
13316,441.780
13317,441.877
13318,441.881
13319,441.886
13320,441.890
13321,441.978
13322,441.981
13323,441.985
13324,441.989
13325,442.056
13326,442.098
13327,442.101
13328,442.104
13329,442.106
13330,442.109
13331,442.131
13332,442.175
13333,442.267
13334,442.271
13335,442.276
13336,442.280
13337,442.375
13338,442.379
13339,442.383
13340,442.387
13341,442.479
13342,442.483
13343,442.489
13344,442.493
13345,442.616
13346,442.621
13347,442.625
13348,442.630
13349,442.716
13350,442.774
13351,442.777
13352,442.781
13353,442.785
13354,442.788
13355,442.792
13356,442.795
13357,442.799
13358,442.803
13359,442.807
13360,442.811
13361,442.815
13362,442.818
13363,442.822
13364,442.826
13365,442.830
13366,442.834
13367,442.838
13368,442.842
13369,442.846
13370,442.850
13371,442.884
13372,442.936
13373,443.034
13374,443.038
13375,443.042
13376,443.046
13377,443.137
13378,443.141
13379,443.145
13380,443.149
13381,443.246
13382,443.250
13383,443.255
13384,443.287
13385,443.351
13386,443.355
13387,443.359
13388,443.363
13389,443.470
13390,443.470
13391,443.470
13392,443.470
13393,443.567
13394,443.571
13395,443.575
13396,443.579
13397,443.672
13398,443.676
13399,443.680
13400,443.684
13401,443.785
13402,443.792
13403,443.796
13404,443.801
13405,443.898
13406,443.904
13407,443.910
13408,443.914
13409,444.038
13410,444.048
13411,444.053
13412,444.058
13413,444.195
13414,444.205
13415,444.210
13416,444.215
13417,444.364
13418,444.374
13419,444.381
13420,444.387
13421,444.502
13422,444.508
13423,444.514
13424,444.518
13425,444.619
13426,444.625
13427,444.629
13428,444.633
13429,444.730
13430,444.736
13431,444.741
13432,444.745
13433,444.845
13434,444.851
13435,444.855
13436,444.860
13437,444.963
13438,444.969
13439,444.973
13440,444.977
13441,445.071
13442,445.077
13443,445.082
13444,445.087
13445,445.189
13446,445.196
13447,445.201
13448,445.206
13449,445.312
13450,445.318
13451,445.322
13452,445.326
13453,445.420
13454,445.424
13455,445.428
13456,445.530
13457,445.533
13458,445.538
13459,445.672
13460,445.676
13461,445.681
13462,445.805
13463,445.809
13464,445.814
13465,445.949
13466,445.954
13467,445.958
13468,446.061
13469,446.065
13470,446.070
13471,446.166
13472,446.170
13473,446.174
13474,446.250
13475,446.312
13476,446.315
13477,446.367
13478,446.489
13479,446.550
13480,446.607
13481,446.666
13482,446.669
13483,446.673
13484,446.724
13485,446.779
13486,446.829
13487,446.887
13488,446.890
13489,446.892
13490,446.895
13491,446.959
13492,447.033
13493,447.038
13494,447.042
13495,447.046
13496,447.050
13497,447.054
13498,447.059
13499,447.064
13500,447.068
13501,447.073
13502,447.078
13503,447.083
13504,447.087
13505,447.093
13506,447.184
13507,447.272
13508,447.444
13509,447.448
13510,447.452
13511,447.586
13512,447.590
13513,447.595
13514,447.737
13515,447.742
13516,447.746
13517,447.886
13518,447.890
13519,447.895
13520,447.975
13521,448.037
13522,448.040
13523,448.043
13524,448.046
13525,448.050
13526,448.053
13527,448.057
13528,448.086
13529,448.145
13530,448.274
13531,448.278
13532,448.283
13533,448.287
13534,448.452
13535,448.458
13536,448.464
13537,448.469
13538,448.654
13539,448.659
13540,448.665
13541,448.669
13542,448.853
13543,448.857
13544,448.862
13545,448.866
13546,449.014
13547,449.019
13548,449.025
13549,449.030
13550,449.172
13551,449.177
13552,449.182
13553,449.186
13554,449.274
13555,449.333
13556,449.338
13557,449.342
13558,449.345
13559,449.348
13560,449.380
13561,449.443
13562,449.588
13563,449.593
13564,449.598
13565,449.603
13566,449.740
13567,449.745
13568,449.750
13569,449.754
13570,449.942
13571,449.947
13572,449.953
13573,449.958
13574,450.143
13575,450.149
13576,450.154
13577,450.160
13578,450.268
13579,450.344
13580,450.348
13581,450.352
13582,450.355
13583,450.359
13584,450.363
13585,450.367
13586,450.370
13587,450.374
13588,450.377
13589,450.380
13590,450.384
13591,450.387
13592,450.391
13593,450.394
13594,450.398
13595,450.401
13596,450.405
13597,450.409
13598,450.413
13599,450.416
13600,450.448
13601,450.510
13602,450.655
13603,450.660
13604,450.665
13605,450.670
13606,450.811
13607,450.816
13608,450.821
13609,450.826
13610,450.978
13611,450.984
13612,450.989
13613,450.994
13614,451.138
13615,451.143
13616,451.148
13617,451.153
13618,451.295
13619,451.301
13620,451.307
13621,451.313
13622,451.520
13623,451.529
13624,451.535
13625,451.540
13626,451.749
13627,451.756
13628,451.761
13629,451.765
13630,451.924
13631,451.931
13632,451.935
13633,451.941
13634,452.118
13635,452.123
13636,452.128
13637,452.132
13638,452.280
13639,452.287
13640,452.294
13641,452.299
13642,452.380
13643,452.434
13644,452.437
13645,452.440
13646,452.499
13647,452.504
13648,452.508
13649,452.512
13650,452.515
13651,452.579
13652,452.644
13653,452.648
13654,452.652
13655,452.714
13656,452.781
13657,452.784
13658,452.788
13659,452.792
13660,452.847
13661,452.921
13662,452.925
13663,452.932
13664,453.030
13665,453.034
13666,453.038
13667,453.045
13668,453.048
13669,453.189
13670,453.194
13671,453.198
13672,453.206
13673,453.210
13674,453.215
13675,453.221
13676,453.333
13677,453.398
13678,453.401
13679,453.405
13680,453.555
13681,453.563
13682,453.568
13683,453.573
13684,453.727
13685,453.734
13686,453.740
13687,453.744
13688,453.898
13689,453.905
13690,453.910
13691,453.915
13692,454.063
13693,454.070
13694,454.075
13695,454.079
13696,454.225
13697,454.231
13698,454.236
13699,454.240
13700,454.389
13701,454.398
13702,454.404
13703,454.409
13704,454.609
13705,454.618
13706,454.623
13707,454.629
13708,454.823
13709,454.830
13710,454.835
13711,454.839
13712,454.980
13713,454.985
13714,454.989
13715,455.132
13716,455.136
13717,455.141
13718,455.279
13719,455.283
13720,455.287
13721,455.432
13722,455.436
13723,455.441
13724,455.584
13725,455.589
13726,455.593
13727,455.736
13728,455.741
13729,455.745
13730,455.938
13731,455.943
13732,455.948
13733,456.048
13734,456.126
13735,456.129
13736,456.203
13737,456.321
13738,456.382
13739,456.412
13740,456.472
13741,456.475
13742,456.478
13743,456.529
13744,456.590
13745,456.643
13746,456.704
13747,456.707
13748,456.711
13749,456.781
13750,456.838
13751,456.841
13752,456.844
13753,456.849
13754,456.918
13755,456.977
13756,456.980
13757,456.983
13758,456.986
13759,456.991
13760,457.020
13761,457.079
13762,457.083
13763,457.086
13764,457.147
13765,457.160
13766,457.162
13767,457.165
13768,457.174
13769,457.177
13770,457.234
13771,457.236
13772,457.316
13773,457.394
13774,457.435
13775,457.511
13776,457.588
13777,457.654
13778,457.658
13779,457.663
13780,457.668
13781,457.672
13782,457.677
13783,457.683
13784,457.688
13785,457.693
13786,457.699
13787,457.704
13788,457.710
13789,457.715
13790,457.721
13791,457.805
13792,457.809
13793,457.812
13794,457.893
13795,457.897
13796,457.900
13797,457.978
13798,457.982
13799,457.986
13800,458.069
13801,458.072
13802,458.076
13803,458.149
13804,458.195
13805,458.198
13806,458.202
13807,458.205
13808,458.208
13809,458.211
13810,458.215
13811,458.238
13812,458.283
13813,458.364
13814,458.368
13815,458.371
13816,458.375
13817,458.459
13818,458.463
13819,458.467
13820,458.470
13821,458.551
13822,458.555
13823,458.559
13824,458.562
13825,458.646
13826,458.650
13827,458.654
13828,458.657
13829,458.743
13830,458.747
13831,458.751
13832,458.755
13833,458.833
13834,458.837
13835,458.841
13836,458.844
13837,458.934
13838,458.997
13839,459.001
13840,459.004
13841,459.008
13842,459.012
13843,459.043
13844,459.099
13845,459.208
13846,459.212
13847,459.217
13848,459.221
13849,459.328
13850,459.332
13851,459.336
13852,459.340
13853,459.437
13854,459.437
13855,459.437
13856,459.437
13857,459.517
13858,459.521
13859,459.525
13860,459.528
13861,459.604
13862,459.657
13863,459.660
13864,459.664
13865,459.667
13866,459.670
13867,459.674
13868,459.677
13869,459.680
13870,459.683
13871,459.687
13872,459.690
13873,459.693
13874,459.696
13875,459.700
13876,459.703
13877,459.706
13878,459.710
13879,459.713
13880,459.717
13881,459.721
13882,459.727
13883,459.751
13884,459.799
13885,459.879
13886,459.883
13887,459.887
13888,459.891
13889,459.974
13890,459.978
13891,459.982
13892,459.985
13893,460.071
13894,460.076
13895,460.080
13896,460.083
13897,460.168
13898,460.172
13899,460.176
13900,460.179
13901,460.263
13902,460.267
13903,460.271
13904,460.275
13905,460.364
13906,460.368
13907,460.372
13908,460.375
13909,460.487
13910,460.492
13911,460.496
13912,460.501
13913,460.617
13914,460.624
13915,460.629
13916,460.634
13917,460.747
13918,460.751
13919,460.756
13920,460.760
13921,460.868
13922,460.874
13923,460.878
13924,460.882
13925,460.970
13926,460.976
13927,460.979
13928,460.983
13929,461.072
13930,461.078
13931,461.083
13932,461.087
13933,461.179
13934,461.186
13935,461.190
13936,461.193
13937,461.281
13938,461.287
13939,461.290
13940,461.294
13941,461.382
13942,461.388
13943,461.392
13944,461.396
13945,461.481
13946,461.486
13947,461.490
13948,461.494
13949,461.578
13950,461.584
13951,461.588
13952,461.591
13953,461.679
13954,461.685
13955,461.689
13956,461.692
13957,461.776
13958,461.782
13959,461.786
13960,461.789
13961,461.873
13962,461.879
13963,461.882
13964,461.886
13965,461.982
13966,461.987
13967,461.991
13968,462.103
13969,462.108
13970,462.112
13971,462.215
13972,462.220
13973,462.224
13974,462.333
13975,462.337
13976,462.342
13977,462.437
13978,462.441
13979,462.445
13980,462.530
13981,462.535
13982,462.539
13983,462.630
13984,462.634
13985,462.637
13986,462.725
13987,462.774
13988,462.778
13989,462.782
13990,462.785
13991,462.789
13992,462.793
13993,462.797
13994,462.800
13995,462.804
13996,462.808
13997,462.812
13998,462.816
13999,462.820
14000,462.824
14001,462.901
14002,462.904
14003,462.907
14004,462.986
14005,462.989
14006,462.992
14007,463.074
14008,463.078
14009,463.082
14010,463.166
14011,463.170
14012,463.174
14013,463.249
14014,463.294
14015,463.298
14016,463.301
14017,463.304
14018,463.307
14019,463.310
14020,463.313
14021,463.336
14022,463.386
14023,463.472
14024,463.475
14025,463.479
14026,463.482
14027,463.598
14028,463.603
14029,463.608
14030,463.613
14031,463.729
14032,463.733
14033,463.738
14034,463.742
14035,463.853
14036,463.857
14037,463.862
14038,463.866
14039,463.984
14040,463.988
14041,463.992
14042,463.996
14043,464.087
14044,464.091
14045,464.095
14046,464.099
14047,464.173
14048,464.222
14049,464.225
14050,464.228
14051,464.232
14052,464.235
14053,464.259
14054,464.316
14055,464.413
14056,464.419
14057,464.419
14058,464.424
14059,464.511
14060,464.515
14061,464.519
14062,464.523
14063,464.606
14064,464.610
14065,464.614
14066,464.617
14067,464.703
14068,464.707
14069,464.711
14070,464.714
14071,464.795
14072,464.848
14073,464.851
14074,464.855
14075,464.858
14076,464.861
14077,464.865
14078,464.868
14079,464.871
14080,464.874
14081,464.878
14082,464.882
14083,464.885
14084,464.889
14085,464.893
14086,464.896
14087,464.900
14088,464.903
14089,464.907
14090,464.911
14091,464.915
14092,464.919
14093,464.943
14094,464.993
14095,465.085
14096,465.089
14097,465.093
14098,465.096
14099,465.204
14100,465.210
14101,465.215
14102,465.220
14103,465.345
14104,465.350
14105,465.355
14106,465.360
14107,465.471
14108,465.476
14109,465.481
14110,465.486
14111,465.607
14112,465.612
14113,465.616
14114,465.620
14115,465.713
14116,465.718
14117,465.723
14118,465.727
14119,465.825
14120,465.829
14121,465.833
14122,465.837
14123,465.928
14124,465.934
14125,465.939
14126,465.943
14127,466.034
14128,466.039
14129,466.043
14130,466.046
14131,466.134
14132,466.140
14133,466.144
14134,466.148
14135,466.234
14136,466.240
14137,466.244
14138,466.248
14139,466.340
14140,466.347
14141,466.351
14142,466.356
14143,466.452
14144,466.458
14145,466.461
14146,466.465
14147,466.560
14148,466.565
14149,466.569
14150,466.573
14151,466.670
14152,466.676
14153,466.680
14154,466.684
14155,466.788
14156,466.796
14157,466.800
14158,466.805
14159,466.923
14160,466.931
14161,466.935
14162,466.939
14163,467.052
14164,467.060
14165,467.065
14166,467.069
14167,467.188
14168,467.194
14169,467.198
14170,467.201
14171,467.291
14172,467.298
14173,467.303
14174,467.306
14175,467.389
14176,467.394
14177,467.397
14178,467.479
14179,467.484
14180,467.487
14181,467.569
14182,467.573
14183,467.576
14184,467.655
14185,467.659
14186,467.663
14187,467.741
14188,467.744
14189,467.748
14190,467.826
14191,467.830
14192,467.834
14193,467.913
14194,467.917
14195,467.920
14196,468.002
14197,468.047
14198,468.051
14199,468.054
14200,468.057
14201,468.060
14202,468.064
14203,468.068
14204,468.071
14205,468.075
14206,468.078
14207,468.082
14208,468.086
14209,468.091
14210,468.095
14211,468.172
14212,468.176
14213,468.179
14214,468.267
14215,468.272
14216,468.276
14217,468.396
14218,468.401
14219,468.405
14220,468.517
14221,468.522
14222,468.527
14223,468.630
14224,468.699
14225,468.701
14226,468.705
14227,468.709
14228,468.712
14229,468.716
14230,468.719
14231,468.748
14232,468.800
14233,468.888
14234,468.892
14235,468.896
14236,468.899
14237,468.984
14238,468.988
14239,468.992
14240,468.995
14241,469.080
14242,469.084
14243,469.088
14244,469.092
14245,469.177
14246,469.181
14247,469.185
14248,469.189
14249,469.276
14250,469.280
14251,469.284
14252,469.289
14253,469.375
14254,469.378
14255,469.382
14256,469.386
14257,469.461
14258,469.509
14259,469.512
14260,469.515
14261,469.518
14262,469.522
14263,469.545
14264,469.591
14265,469.677
14266,469.681
14267,469.685
14268,469.689
14269,469.775
14270,469.779
14271,469.783
14272,469.788
14273,469.886
14274,469.890
14275,469.895
14276,469.899
14277,470.017
14278,470.021
14279,470.026
14280,470.030
14281,470.130
14282,470.201
14283,470.205
14284,470.210
14285,470.214
14286,470.218
14287,470.222
14288,470.226
14289,470.231
14290,470.235
14291,470.240
14292,470.244
14293,470.249
14294,470.253
14295,470.258
14296,470.263
14297,470.267
14298,470.272
14299,470.277
14300,470.282
14301,470.287
14302,470.290
14303,470.317
14304,470.368
14305,470.454
14306,470.458
14307,470.461
14308,470.465
14309,470.548
14310,470.552
14311,470.556
14312,470.559
14313,470.642
14314,470.645
14315,470.649
14316,470.653
14317,470.733
14318,470.736
14319,470.740
14320,470.743
14321,470.820
14322,470.823
14323,470.827
14324,470.831
14325,470.914
14326,470.917
14327,470.921
14328,470.925
14329,471.008
14330,471.012
14331,471.015
14332,471.019
14333,471.098
14334,471.103
14335,471.107
14336,471.110
14337,471.191
14338,471.194
14339,471.198
14340,471.201
14341,471.279
14342,471.283
14343,471.286
14344,471.289
14345,471.397
14346,471.405
14347,471.410
14348,471.414
14349,471.521
14350,471.529
14351,471.533
14352,471.538
14353,471.645
14354,471.653
14355,471.657
14356,471.661
14357,471.755
14358,471.760
14359,471.764
14360,471.767
14361,471.848
14362,471.853
14363,471.857
14364,471.861
14365,471.944
14366,471.952
14367,471.957
14368,471.962
14369,472.057
14370,472.064
14371,472.068
14372,472.071
14373,472.162
14374,472.168
14375,472.172
14376,472.176
14377,472.259
14378,472.265
14379,472.269
14380,472.273
14381,472.357
14382,472.364
14383,472.368
14384,472.371
14385,472.458
14386,472.462
14387,472.466
14388,472.551
14389,472.556
14390,472.560
14391,472.645
14392,472.649
14393,472.653
14394,472.735
14395,472.738
14396,472.742
14397,472.856
14398,472.861
14399,472.865
14400,472.978
14401,472.983
14402,472.987
14403,473.099
14404,473.104
14405,473.108
14406,473.223
14407,473.277
14408,473.280
14409,473.284
14410,473.288
14411,473.292
14412,473.295
14413,473.299
14414,473.303
14415,473.308
14416,473.312
14417,473.316
14418,473.320
14419,473.324
14420,473.329
14421,473.414
14422,473.418
14423,473.421
14424,473.505
14425,473.509
14426,473.512
14427,473.598
14428,473.603
14429,473.607
14430,473.690
14431,473.694
14432,473.698
14433,473.775
14434,473.819
14435,473.823
14436,473.826
14437,473.830
14438,473.833
14439,473.836
14440,473.839
14441,473.865
14442,473.912
14443,473.997
14444,474.003
14445,474.009
14446,474.014
14447,474.129
14448,474.135
14449,474.141
14450,474.146
14451,474.234
14452,474.238
14453,474.242
14454,474.246
14455,474.330
14456,474.334
14457,474.338
14458,474.341
14459,474.448
14460,474.453
14461,474.459
14462,474.463
14463,474.575
14464,474.580
14465,474.585
14466,474.589
14467,474.687
14468,474.754
14469,474.758
14470,474.762
14471,474.766
14472,474.770
14473,474.804
14474,474.863
14475,474.952
14476,474.955
14477,474.959
14478,474.963
14479,475.048
14480,475.052
14481,475.055
14482,475.059
14483,475.143
14484,475.147
14485,475.150
14486,475.154
14487,475.239
14488,475.243
14489,475.247
14490,475.251
14491,475.324
14492,475.370
14493,475.374
14494,475.377
14495,475.380
14496,475.383
14497,475.385
14498,475.388
14499,475.392
14500,475.395
14501,475.398
14502,475.401
14503,475.404
14504,475.407
14505,475.411
14506,475.414
14507,475.417
14508,475.420
14509,475.424
14510,475.427
14511,475.430
14512,475.433
14513,475.456
14514,475.501
14515,475.583
14516,475.587
14517,475.590
14518,475.594
14519,475.678
14520,475.682
14521,475.685
14522,475.688
14523,475.771
14524,475.774
14525,475.778
14526,475.782
14527,475.867
14528,475.870
14529,475.874
14530,475.877
14531,475.981
14532,475.985
14533,475.990
14534,475.994
14535,476.107
14536,476.111
14537,476.115
14538,476.119
14539,476.231
14540,476.235
14541,476.239
14542,476.244
14543,476.360
14544,476.367
14545,476.373
14546,476.377
14547,476.469
14548,476.472
14549,476.476
14550,476.480
14551,476.568
14552,476.573
14553,476.577
14554,476.581
14555,476.673
14556,476.680
14557,476.684
14558,476.688
14559,476.774
14560,476.780
14561,476.784
14562,476.789
14563,476.876
14564,476.881
14565,476.885
14566,476.889
14567,476.976
14568,476.982
14569,476.986
14570,476.989
14571,477.079
14572,477.085
14573,477.089
14574,477.094
14575,477.188
14576,477.195
14577,477.199
14578,477.203
14579,477.291
14580,477.297
14581,477.301
14582,477.305
14583,477.394
14584,477.398
14585,477.402
14586,477.405
14587,477.522
14588,477.531
14589,477.536
14590,477.541
14591,477.665
14592,477.674
14593,477.678
14594,477.683
14595,477.797
14596,477.801
14597,477.805
14598,477.915
14599,477.919
14600,477.923
14601,478.011
14602,478.015
14603,478.019
14604,478.103
14605,478.107
14606,478.110
14607,478.200
14608,478.204
14609,478.207
14610,478.298
14611,478.303
14612,478.307
14613,478.397
14614,478.401
14615,478.405
14616,478.480
14617,478.483
14618,478.486
14619,478.489
14620,478.542
14621,478.590
14622,478.681
14623,478.686
14624,478.693
14625,478.698
14626,478.777
14627,478.845
14628,478.892
14629,478.896
14630,478.975
14631,478.979
14632,478.984
14633,479.076
14634,479.081
14635,479.085
14636,479.093
14637,479.114
14638,479.130
14639,479.133
14640,479.224
14641,479.228
14642,479.233
14643,479.281
14644,479.284
14645,479.287
14646,479.335
14647,479.339
14648,479.343
14649,479.347
14650,479.350
14651,479.360
14652,479.363
14653,479.367
14654,479.371
14655,479.380
14656,479.383
14657,479.386
14658,479.389
14659,479.432
14660,479.436
14661,479.440
14662,479.443
14663,479.447
14664,479.453
14665,479.456
14666,479.466
14667,479.469
14668,479.479
14669,479.483
14670,479.529
14671,479.533
14672,479.538
14673,479.541
14674,479.577
14675,479.580
14676,479.583
14677,479.620
14678,479.642
14679,479.647
14680,479.675
14681,479.683
14682,479.720
14683,479.725
14684,479.729
14685,479.741
14686,479.745
14687,479.747
14688,479.752
14689,479.755
14690,479.757
14691,479.760
14692,479.763
14693,479.766
14694,479.768
14695,479.775
14696,479.778
14697,479.780
14698,479.785
14699,479.788
14700,479.794
14701,479.796
14702,479.799
14703,479.804
14704,479.807
14705,479.822
14706,479.824
14707,479.827
14708,479.831
14709,479.833
14710,479.838
14711,479.846
14712,479.848
14713,479.878
14714,479.881
14715,479.885
14716,479.890
14717,479.893
14718,479.927
14719,479.941
14720,479.952
14721,479.956
14722,479.959
14723,480.055
14724,480.058
14725,480.633
14726,480.638
14727,480.641
14728,481.134
14729,481.212
14730,481.243
14731,481.260
14732,481.295
14733,481.302
14734,481.319
14735,481.350
14736,481.943
14737,481.947
14738,481.952
14739,482.384
14740,482.444
14741,482.466
14742,482.529
14743,482.533
14744,482.597
14745,482.601
14746,482.681
14747,482.741
14748,482.745
14749,482.773
14750,482.831
14751,482.870
14752,482.873
14753,482.875
14754,482.920
14755,482.924
14756,482.927
14757,482.931
14758,482.935
14759,482.938
14760,482.942
14761,483.011
14762,483.015
14763,483.019
14764,483.067
14765,483.088
14766,483.091
14767,483.106
14768,483.125
14769,483.129
14770,483.182
14771,483.202
14772,483.206
14773,483.248
14774,483.337
14775,483.341
14776,483.377
14777,483.444
14778,483.474
14779,483.534
14780,483.573
14781,483.576
14782,483.579
14783,483.583
14784,483.586
14785,483.588
14786,483.591
14787,483.642
14788,483.645
14789,483.648
14790,483.682
14791,483.694
14792,483.697
14793,483.716
14794,483.727
14795,483.730
14796,483.740
14797,483.756
14798,483.756
14799,483.765
14800,483.776
14801,483.779
14802,483.787
14803,483.799
14804,483.801
14805,483.839
14806,483.851
14807,483.854
14808,483.890
14809,483.904
14810,483.906
14811,483.943
14812,483.946
14813,483.948
14814,483.951
14815,483.987
14816,483.990
14817,483.993
14818,483.996
14819,483.999
14820,484.003
14821,484.006
14822,484.042
14823,484.044
14824,484.048
14825,484.052
14826,484.056
14827,484.118
14828,484.121
14829,484.124
14830,484.127
14831,484.130
14832,484.133
14833,484.137
14834,484.168
14835,484.171
14836,484.173
14837,484.176
14838,484.211
14839,484.215
14840,484.218
14841,484.221
14842,484.224
14843,484.227
14844,484.230
14845,484.293
14846,484.296
14847,484.300
14848,484.303
14849,484.306
14850,484.309
14851,484.312
14852,484.374
14853,484.377
14854,484.380
14855,484.383
14856,484.386
14857,484.427
14858,484.431
14859,484.435
14860,484.439
14861,484.442
14862,484.514
14863,484.514
14864,484.514
14865,484.514
14866,484.514
14867,484.514
14868,484.530
14869,484.533
14870,484.537
14871,484.541
14872,484.548
14873,484.577
14874,484.577
14875,484.579
14876,484.582
14877,484.595
14878,484.598
14879,484.601
14880,484.604
14881,484.607
14882,484.669
14883,484.812
14884,484.815
14885,484.819
14886,484.823
14887,484.827
14888,484.888
14889,484.892
14890,484.895
14891,484.948
14892,484.952
14893,484.956
14894,485.017
14895,485.020
14896,485.023
14897,485.026
14898,485.029
14899,485.032
14900,485.063
14901,485.066
14902,485.069
14903,485.071
14904,485.102
14905,485.104
14906,485.107
14907,485.109
14908,485.114
14909,485.120
14910,485.160
14911,485.163
14912,485.166
14913,485.201
14914,485.204
14915,485.207
14916,485.210
14917,485.213
14918,485.216
14919,485.219
14920,485.272
14921,485.275
14922,485.277
14923,485.301
14924,485.314
14925,485.318
14926,485.328
14927,485.341
14928,485.344
14929,485.382
14930,485.394
14931,485.397
14932,485.438
14933,485.441
14934,485.444
14935,485.447
14936,485.450
14937,485.496
14938,485.608
14939,485.611
14940,485.614
14941,485.617
14942,485.620
14943,485.673
14944,485.677
14945,485.681
14946,485.728
14947,485.732
14948,485.734
14949,485.760
14950,485.762
14951,485.765
14952,485.768
14953,485.771
14954,485.774
14955,485.777
14956,485.799
14957,485.802
14958,485.804
14959,485.810
14960,485.823
14961,485.826
14962,485.837
14963,485.850
14964,485.853
14965,485.881
14966,485.892
14967,485.895
14968,485.923
14969,485.926
14970,485.929
14971,485.932
14972,485.934
14973,485.987
14974,486.112
14975,486.115
14976,486.119
14977,486.122
14978,486.185
14979,486.189
14980,486.193
14981,486.270
14982,486.347
14983,486.431
14984,486.436
14985,486.439
14986,486.501
14987,486.505
14988,486.508
14989,486.568
14990,486.571
14991,486.575
14992,486.634
14993,486.637
14994,486.641
14995,486.699
14996,486.703
14997,486.707
14998,486.770
14999,486.773
15000,486.777
15001,486.838
15002,486.841
15003,486.888
15004,486.891
15005,486.931
15006,486.944
15007,486.946
15008,486.974
15009,487.074
15010,487.079
15011,487.082
15012,487.085
15013,487.159
15014,487.162
15015,487.165
15016,487.168
15017,487.193
15018,487.251
15019,487.265
15020,487.268
15021,487.311
15022,487.314
15023,487.316
15024,487.384
15025,487.387
15026,487.390
15027,487.393
15028,487.414
15029,487.485
15030,487.505
15031,487.509
15032,487.553
15033,487.556
15034,487.599
15035,487.619
15036,487.622
15037,487.660
15038,487.741
15039,487.755
15040,487.759
15041,487.799
15042,487.873
15043,487.875
15044,487.878
15045,487.881
15046,487.884
15047,487.947
15048,487.950
15049,487.954
15050,487.957
15051,487.993
15052,488.005
15053,488.040
15054,488.050
15055,488.084
15056,488.094
15057,488.125
15058,488.133
15059,488.136
15060,488.138
15061,488.190
15062,488.193
15063,488.197
15064,488.200
15065,488.245
15066,488.253
15067,488.301
15068,488.303
15069,488.306
15070,488.366
15071,488.412
15072,488.436
15073,488.485
15074,488.499
15075,488.502
15076,488.514
15077,488.517
15078,488.520
15079,488.523
15080,488.594
15081,488.609
15082,488.619
15083,488.622
15084,488.698
15085,488.745
15086,488.748
15087,488.752
15088,488.755
15089,488.758
15090,488.762
15091,488.767
15092,488.771
15093,488.774
15094,488.778
15095,488.782
15096,488.786
15097,488.790
15098,488.794
15099,488.871
15100,488.874
15101,488.877
15102,488.984
15103,488.989
15104,488.993
15105,489.100
15106,489.105
15107,489.109
15108,489.214
15109,489.218
15110,489.223
15111,489.319
15112,489.366
15113,489.369
15114,489.372
15115,489.375
15116,489.378
15117,489.381
15118,489.384
15119,489.407
15120,489.452
15121,489.537
15122,489.541
15123,489.545
15124,489.549
15125,489.637
15126,489.641
15127,489.645
15128,489.648
15129,489.734
15130,489.738
15131,489.742
15132,489.746
15133,489.835
15134,489.840
15135,489.843
15136,489.847
15137,489.936
15138,489.940
15139,489.944
15140,489.948
15141,490.037
15142,490.041
15143,490.045
15144,490.049
15145,490.128
15146,490.178
15147,490.182
15148,490.186
15149,490.189
15150,490.192
15151,490.217
15152,490.265
15153,490.356
15154,490.360
15155,490.364
15156,490.367
15157,490.491
15158,490.496
15159,490.500
15160,490.505
15161,490.621
15162,490.627
15163,490.631
15164,490.636
15165,490.747
15166,490.751
15167,490.756
15168,490.760
15169,490.864
15170,490.914
15171,490.918
15172,490.921
15173,490.924
15174,490.927
15175,490.931
15176,490.934
15177,490.937
15178,490.940
15179,490.944
15180,490.947
15181,490.951
15182,490.954
15183,490.958
15184,490.961
15185,490.964
15186,490.968
15187,490.971
15188,490.974
15189,490.978
15190,490.981
15191,491.005
15192,491.051
15193,491.140
15194,491.144
15195,491.148
15196,491.151
15197,491.244
15198,491.248
15199,491.252
15200,491.256
15201,491.344
15202,491.348
15203,491.352
15204,491.355
15205,491.442
15206,491.446
15207,491.450
15208,491.454
15209,491.542
15210,491.545
15211,491.549
15212,491.553
15213,491.643
15214,491.650
15215,491.654
15216,491.658
15217,491.746
15218,491.753
15219,491.757
15220,491.761
15221,491.852
15222,491.858
15223,491.862
15224,491.866
15225,491.968
15226,491.977
15227,491.983
15228,491.987
15229,492.104
15230,492.112
15231,492.115
15232,492.120
15233,492.231
15234,492.239
15235,492.243
15236,492.247
15237,492.356
15238,492.362
15239,492.366
15240,492.369
15241,492.453
15242,492.459
15243,492.462
15244,492.465
15245,492.548
15246,492.554
15247,492.557
15248,492.560
15249,492.642
15250,492.647
15251,492.651
15252,492.654
15253,492.734
15254,492.740
15255,492.743
15256,492.747
15257,492.828
15258,492.833
15259,492.837
15260,492.840
15261,492.923
15262,492.928
15263,492.932
15264,492.935
15265,493.017
15266,493.023
15267,493.026
15268,493.029
15269,493.112
15270,493.118
15271,493.121
15272,493.124
15273,493.208
15274,493.211
15275,493.215
15276,493.306
15277,493.311
15278,493.315
15279,493.431
15280,493.435
15281,493.439
15282,493.544
15283,493.549
15284,493.553
15285,493.660
15286,493.664
15287,493.669
15288,493.770
15289,493.773
15290,493.777
15291,493.857
15292,493.861
15293,493.865
15294,493.955
15295,494.006
15296,494.011
15297,494.015
15298,494.019
15299,494.023
15300,494.026
15301,494.032
15302,494.036
15303,494.040
15304,494.044
15305,494.048
15306,494.052
15307,494.056
15308,494.061
15309,494.151
15310,494.155
15311,494.158
15312,494.247
15313,494.251
15314,494.255
15315,494.345
15316,494.349
15317,494.353
15318,494.440
15319,494.444
15320,494.447
15321,494.518
15322,494.564
15323,494.567
15324,494.570
15325,494.573
15326,494.576
15327,494.579
15328,494.582
15329,494.604
15330,494.648
15331,494.732
15332,494.735
15333,494.738
15334,494.741
15335,494.852
15336,494.857
15337,494.861
15338,494.865
15339,494.982
15340,494.986
15341,494.991
15342,494.995
15343,495.111
15344,495.115
15345,495.119
15346,495.123
15347,495.241
15348,495.245
15349,495.249
15350,495.253
15351,495.345
15352,495.348
15353,495.352
15354,495.356
15355,495.431
15356,495.477
15357,495.481
15358,495.484
15359,495.487
15360,495.490
15361,495.513
15362,495.556
15363,495.643
15364,495.649
15365,495.651
15366,495.654
15367,495.740
15368,495.743
15369,495.747
15370,495.751
15371,495.842
15372,495.846
15373,495.850
15374,495.853
15375,495.947
15376,495.951
15377,495.955
15378,495.958
15379,496.036
15380,496.085
15381,496.089
15382,496.092
15383,496.095
15384,496.098
15385,496.101
15386,496.104
15387,496.107
15388,496.110
15389,496.113
15390,496.117
15391,496.120
15392,496.124
15393,496.127
15394,496.130
15395,496.134
15396,496.138
15397,496.141
15398,496.144
15399,496.147
15400,496.151
15401,496.172
15402,496.219
15403,496.324
15404,496.333
15405,496.338
15406,496.342
15407,496.461
15408,496.469
15409,496.473
15410,496.478
15411,496.593
15412,496.601
15413,496.607
15414,496.611
15415,496.725
15416,496.732
15417,496.736
15418,496.739
15419,496.834
15420,496.840
15421,496.845
15422,496.849
15423,496.943
15424,496.949
15425,496.953
15426,496.957
15427,497.053
15428,497.060
15429,497.064
15430,497.068
15431,497.163
15432,497.169
15433,497.174
15434,497.178
15435,497.270
15436,497.277
15437,497.281
15438,497.285
15439,497.380
15440,497.387
15441,497.391
15442,497.395
15443,497.490
15444,497.497
15445,497.501
15446,497.505
15447,497.599
15448,497.605
15449,497.610
15450,497.614
15451,497.707
15452,497.713
15453,497.718
15454,497.721
15455,497.835
15456,497.844
15457,497.849
15458,497.854
15459,497.985
15460,497.993
15461,497.999
15462,498.004
15463,498.134
15464,498.142
15465,498.148
15466,498.153
15467,498.278
15468,498.285
15469,498.290
15470,498.295
15471,498.397
15472,498.403
15473,498.408
15474,498.413
15475,498.515
15476,498.521
15477,498.526
15478,498.530
15479,498.631
15480,498.638
15481,498.642
15482,498.646
15483,498.740
15484,498.744
15485,498.748
15486,498.842
15487,498.845
15488,498.849
15489,498.941
15490,498.945
15491,498.948
15492,499.040
15493,499.044
15494,499.048
15495,499.140
15496,499.145
15497,499.148
15498,499.240
15499,499.244
15500,499.248
15501,499.338
15502,499.341
15503,499.345
15504,499.479
15505,499.484
15506,499.490
15507,499.585
15508,499.646
15509,499.723
15510,499.728
15511,499.733
15512,499.815
15513,499.881
15514,499.932
15515,499.978
15516,500.003
15517,500.077
15518,500.092
15519,500.095
15520,500.138
15521,500.141
15522,500.144
15523,500.147
15524,500.207
15525,500.210
15526,500.213
15527,500.215
15528,500.276
15529,500.338
15530,500.389
15531,500.441
15532,500.466
15533,500.541
15534,500.556
15535,500.559
15536,500.599
15537,500.603
15538,500.605
15539,500.608
15540,500.672
15541,500.675
15542,500.678
15543,500.681
15544,500.757
15545,500.820
15546,500.883
15547,500.944
15548,500.979
15549,501.087
15550,501.107
15551,501.111
15552,501.165
15553,501.169
15554,501.173
15555,501.176
15556,501.262
15557,501.266
15558,501.270
15559,501.274
15560,501.343
15561,501.369
15562,501.372
15563,501.376
15564,501.379
15565,501.383
15566,501.387
15567,501.390
15568,501.431
15569,501.483
15570,501.503
15571,501.507
15572,501.509
15573,501.512
15574,501.515
15575,501.518
15576,501.528
15577,501.547
15578,501.633
15579,501.637
15580,501.641
15581,501.645
15582,501.649
15583,501.738
15584,501.742
15585,501.746
15586,501.750
15587,501.755
15588,501.846
15589,501.850
15590,501.854
15591,501.858
15592,501.862
15593,501.946
15594,501.950
15595,501.954
15596,501.958
15597,501.962
15598,502.049
15599,502.054
15600,502.058
15601,502.062
15602,502.066
15603,502.156
15604,502.160
15605,502.164
15606,502.168
15607,502.235
15608,502.255
15609,502.258
15610,502.268
15611,502.288
15612,502.381
15613,502.385
15614,502.389
15615,502.393
15616,502.398
15617,502.466
15618,502.494
15619,502.498
15620,502.503
15621,502.507
15622,502.511
15623,502.515
15624,502.519
15625,502.524
15626,502.528
15627,502.540
15628,502.570
15629,502.689
15630,502.694
15631,502.699
15632,502.703
15633,502.708
15634,502.830
15635,502.835
15636,502.840
15637,502.845
15638,502.850
15639,502.962
15640,502.966
15641,502.971
15642,502.975
15643,502.979
15644,503.072
15645,503.076
15646,503.080
15647,503.084
15648,503.089
15649,503.181
15650,503.185
15651,503.189
15652,503.193
15653,503.198
15654,503.294
15655,503.298
15656,503.304
15657,503.308
15658,503.312
15659,503.402
15660,503.406
15661,503.413
15662,503.418
15663,503.423
15664,503.511
15665,503.515
15666,503.519
15667,503.523
15668,503.527
15669,503.595
15670,503.615
15671,503.618
15672,503.627
15673,503.647
15674,503.733
15675,503.737
15676,503.741
15677,503.745
15678,503.749
15679,503.817
15680,503.838
15681,503.841
15682,503.852
15683,503.872
15684,503.959
15685,503.963
15686,503.967
15687,503.971
15688,503.975
15689,504.054
15690,504.080
15691,504.084
15692,504.097
15693,504.124
15694,504.237
15695,504.242
15696,504.247
15697,504.252
15698,504.256
15699,504.377
15700,504.451
15701,504.456
15702,504.461
15703,504.466
15704,504.471
15705,504.476
15706,504.482
15707,504.486
15708,504.490
15709,504.494
15710,504.499
15711,504.503
15712,504.507
15713,504.512
15714,504.607
15715,504.612
15716,504.616
15717,504.703
15718,504.707
15719,504.711
15720,504.806
15721,504.810
15722,504.814
15723,504.914
15724,504.918
15725,504.922
15726,505.006
15727,505.060
15728,505.063
15729,505.067
15730,505.071
15731,505.074
15732,505.077
15733,505.081
15734,505.106
15735,505.154
15736,505.248
15737,505.252
15738,505.256
15739,505.260
15740,505.352
15741,505.356
15742,505.360
15743,505.364
15744,505.460
15745,505.465
15746,505.469
15747,505.474
15748,505.570
15749,505.574
15750,505.578
15751,505.582
15752,505.692
15753,505.697
15754,505.702
15755,505.707
15756,505.838
15757,505.843
15758,505.848
15759,505.853
15760,505.953
15761,506.015
15762,506.034
15763,506.034
15764,506.034
15765,506.035
15766,506.067
15767,506.130
15768,506.232
15769,506.236
15770,506.240
15771,506.243
15772,506.338
15773,506.342
15774,506.347
15775,506.351
15776,506.449
15777,506.454
15778,506.458
15779,506.462
15780,506.556
15781,506.560
15782,506.564
15783,506.568
15784,506.651
15785,506.702
15786,506.706
15787,506.709
15788,506.713
15789,506.716
15790,506.720
15791,506.723
15792,506.727
15793,506.731
15794,506.734
15795,506.738
15796,506.741
15797,506.745
15798,506.749
15799,506.752
15800,506.756
15801,506.760
15802,506.763
15803,506.767
15804,506.771
15805,506.774
15806,506.799
15807,506.850
15808,506.944
15809,506.949
15810,506.953
15811,506.957
15812,507.054
15813,507.058
15814,507.062
15815,507.066
15816,507.166
15817,507.171
15818,507.176
15819,507.180
15820,507.271
15821,507.274
15822,507.278
15823,507.282
15824,507.422
15825,507.427
15826,507.432
15827,507.437
15828,507.569
15829,507.578
15830,507.584
15831,507.589
15832,507.719
15833,507.728
15834,507.732
15835,507.737
15836,507.855
15837,507.862
15838,507.866
15839,507.870
15840,507.968
15841,507.975
15842,507.979
15843,507.983
15844,508.085
15845,508.089
15846,508.093
15847,508.097
15848,508.196
15849,508.202
15850,508.206
15851,508.210
15852,508.308
15853,508.315
15854,508.320
15855,508.324
15856,508.428
15857,508.436
15858,508.441
15859,508.447
15860,508.558
15861,508.564
15862,508.568
15863,508.572
15864,508.666
15865,508.672
15866,508.676
15867,508.680
15868,508.777
15869,508.784
15870,508.788
15871,508.792
15872,508.887
15873,508.893
15874,508.897
15875,508.901
15876,509.011
15877,509.019
15878,509.024
15879,509.028
15880,509.161
15881,509.172
15882,509.178
15883,509.184
15884,509.326
15885,509.334
15886,509.339
15887,509.344
15888,509.466
15889,509.470
15890,509.474
15891,509.569
15892,509.572
15893,509.576
15894,509.670
15895,509.674
15896,509.678
15897,509.771
15898,509.775
15899,509.779
15900,509.874
15901,509.877
15902,509.881
15903,509.968
15904,509.971
15905,509.975
15906,510.060
15907,510.064
15908,510.067
15909,510.166
15910,510.233
15911,510.238
15912,510.241
15913,510.245
15914,510.249
15915,510.253
15916,510.259
15917,510.264
15918,510.268
15919,510.273
15920,510.277
15921,510.282
15922,510.286
15923,510.291
15924,510.447
15925,510.452
15926,510.457
15927,510.552
15928,510.557
15929,510.561
15930,510.565
15931,510.569
15932,510.573
15933,510.577
15934,510.581
15935,510.692
15936,510.768
15937,510.773
15938,510.867
15939,510.951
15940,510.954
15941,511.043
15942,511.105
15943,511.223
15944,511.228
15945,511.317
15946,511.321
15947,511.486
15948,511.491
15949,511.496
15950,511.662
15951,511.668
15952,511.673
15953,511.762
15954,511.824
15955,511.828
15956,511.831
15957,511.835
15958,511.838
15959,511.841
15960,511.845
15961,511.876
15962,511.937
15963,512.154
15964,512.160
15965,512.167
15966,512.172
15967,512.415
15968,512.422
15969,512.428
15970,512.433
15971,512.613
15972,512.618
15973,512.624
15974,512.628
15975,512.807
15976,512.812
15977,512.818
15978,512.823
15979,513.000
15980,513.008
15981,513.014
15982,513.019
15983,513.195
15984,513.200
15985,513.206
15986,513.210
15987,513.298
15988,513.362
15989,513.366
15990,513.369
15991,513.373
15992,513.376
15993,513.406
15994,513.470
15995,513.706
15996,513.712
15997,513.719
15998,513.725
15999,513.948
16000,513.953
16001,513.959
16002,513.964
16003,514.134
16004,514.139
16005,514.144
16006,514.149
16007,514.324
16008,514.329
16009,514.335
16010,514.340
16011,514.434
16012,514.504
16013,514.508
16014,514.511
16015,514.515
16016,514.519
16017,514.523
16018,514.526
16019,514.530
16020,514.534
16021,514.537
16022,514.541
16023,514.545
16024,514.550
16025,514.554
16026,514.558
16027,514.562
16028,514.568
16029,514.574
16030,514.580
16031,514.587
16032,514.593
16033,514.625
16034,514.687
16035,514.846
16036,514.851
16037,514.856
16038,514.860
16039,515.066
16040,515.073
16041,515.079
16042,515.086
16043,515.324
16044,515.334
16045,515.341
16046,515.348
16047,515.542
16048,515.547
16049,515.552
16050,515.557
16051,515.723
16052,515.732
16053,515.737
16054,515.742
16055,515.916
16056,515.923
16057,515.928
16058,515.934
16059,516.104
16060,516.112
16061,516.117
16062,516.122
16063,516.292
16064,516.300
16065,516.306
16066,516.311
16067,516.501
16068,516.510
16069,516.516
16070,516.522
16071,516.752
16072,516.761
16073,516.767
16074,516.773
16075,516.981
16076,516.988
16077,516.994
16078,516.998
16079,517.175
16080,517.184
16081,517.190
16082,517.195
16083,517.365
16084,517.372
16085,517.377
16086,517.385
16087,517.557
16088,517.564
16089,517.569
16090,517.574
16091,517.743
16092,517.751
16093,517.756
16094,517.762
16095,517.929
16096,517.940
16097,517.947
16098,517.953
16099,518.183
16100,518.193
16101,518.199
16102,518.205
16103,518.428
16104,518.437
16105,518.443
16106,518.448
16107,518.619
16108,518.627
16109,518.632
16110,518.637
16111,518.810
16112,518.818
16113,518.823
16114,518.829
16115,518.992
16116,518.998
16117,519.003
16118,519.173
16119,519.179
16120,519.184
16121,519.350
16122,519.356
16123,519.361
16124,519.547
16125,519.552
16126,519.558
16127,519.771
16128,519.777
16129,519.784
16130,519.996
16131,520.002
16132,520.008
16133,520.181
16134,520.186
16135,520.191
16136,520.260
16137,520.282
16138,520.286
16139,520.289
16140,520.293
16141,520.296
16142,520.300
16143,520.304
16144,520.341
16145,520.397
16146,520.418
16147,520.421
16148,520.424
16149,520.428
16150,520.431
16151,520.435
16152,520.446
16153,520.465
16154,520.554
16155,520.558
16156,520.562
16157,520.566
16158,520.570
16159,520.660
16160,520.664
16161,520.668
16162,520.672
16163,520.676
16164,520.762
16165,520.765
16166,520.769
16167,520.773
16168,520.777
16169,520.858
16170,520.862
16171,520.866
16172,520.869
16173,520.873
16174,520.956
16175,520.960
16176,520.964
16177,520.967
16178,520.971
16179,521.053
16180,521.057
16181,521.061
16182,521.064
16183,521.139
16184,521.165
16185,521.168
16186,521.182
16187,521.208
16188,521.334
16189,521.339
16190,521.344
16191,521.348
16192,521.353
16193,521.438
16194,521.465
16195,521.469
16196,521.472
16197,521.476
16198,521.480
16199,521.484
16200,521.488
16201,521.492
16202,521.496
16203,521.509
16204,521.536
16205,521.645
16206,521.649
16207,521.654
16208,521.658
16209,521.663
16210,521.754
16211,521.758
16212,521.762
16213,521.766
16214,521.770
16215,521.860
16216,521.864
16217,521.868
16218,521.873
16219,521.877
16220,521.972
16221,521.976
16222,521.980
16223,521.984
16224,521.988
16225,522.081
16226,522.085
16227,522.089
16228,522.095
16229,522.099
16230,522.184
16231,522.187
16232,522.193
16233,522.197
16234,522.201
16235,522.287
16236,522.290
16237,522.296
16238,522.301
16239,522.305
16240,522.396
16241,522.400
16242,522.405
16243,522.409
16244,522.413
16245,522.480
16246,522.498
16247,522.501
16248,522.511
16249,522.530
16250,522.617
16251,522.621
16252,522.625
16253,522.630
16254,522.634
16255,522.699
16256,522.718
16257,522.721
16258,522.730
16259,522.749
16260,522.854
16261,522.859
16262,522.864
16263,522.869
16264,522.874
16265,522.961
16266,522.988
16267,522.991
16268,523.004
16269,523.029
16270,523.141
16271,523.146
16272,523.150
16273,523.154
16274,523.159
16275,523.245
16276,523.248
16277,523.336
16278,523.350
16279,523.353
16280,523.356
16281,523.366
16282,523.369
16283,523.406
16284,523.414
16285,523.445
16286,523.501
16287,523.504
16288,523.507
16289,523.558
16290,523.664
16291,523.716
16292,523.763
16293,523.816
16294,523.819
16295,523.871
16296,523.989
16297,524.036
16298,524.040
16299,524.044
16300,524.048
16301,524.051
16302,524.055
16303,524.061
16304,524.065
16305,524.068
16306,524.072
16307,524.076
16308,524.079
16309,524.083
16310,524.087
16311,524.167
16312,524.171
16313,524.175
16314,524.264
16315,524.268
16316,524.272
16317,524.358
16318,524.362
16319,524.366
16320,524.489
16321,524.494
16322,524.499
16323,524.599
16324,524.660
16325,524.664
16326,524.668
16327,524.672
16328,524.676
16329,524.680
16330,524.684
16331,524.717
16332,524.784
16333,524.893
16334,524.898
16335,524.903
16336,524.907
16337,525.000
16338,525.004
16339,525.008
16340,525.012
16341,525.102
16342,525.106
16343,525.110
16344,525.114
16345,525.204
16346,525.208
16347,525.212
16348,525.215
16349,525.307
16350,525.311
16351,525.315
16352,525.319
16353,525.409
16354,525.413
16355,525.417
16356,525.421
16357,525.499
16358,525.545
16359,525.549
16360,525.552
16361,525.555
16362,525.559
16363,525.583
16364,525.630
16365,525.725
16366,525.729
16367,525.733
16368,525.737
16369,525.825
16370,525.829
16371,525.833
16372,525.837
16373,525.926
16374,525.930
16375,525.934
16376,525.937
16377,526.040
16378,526.044
16379,526.049
16380,526.053
16381,526.160
16382,526.219
16383,526.223
16384,526.227
16385,526.230
16386,526.234
16387,526.238
16388,526.241
16389,526.245
16390,526.249
16391,526.253
16392,526.257
16393,526.260
16394,526.264
16395,526.268
16396,526.272
16397,526.277
16398,526.282
16399,526.286
16400,526.290
16401,526.294
16402,526.298
16403,526.330
16404,526.393
16405,526.498
16406,526.502
16407,526.506
16408,526.510
16409,526.605
16410,526.609
16411,526.614
16412,526.618
16413,526.719
16414,526.726
16415,526.730
16416,526.734
16417,526.829
16418,526.834
16419,526.838
16420,526.841
16421,526.931
16422,526.936
16423,526.940
16424,526.944
16425,527.035
16426,527.042
16427,527.046
16428,527.050
16429,527.146
16430,527.152
16431,527.156
16432,527.160
16433,527.258
16434,527.264
16435,527.268
16436,527.272
16437,527.364
16438,527.371
16439,527.375
16440,527.379
16441,527.471
16442,527.477
16443,527.481
16444,527.485
16445,527.579
16446,527.584
16447,527.588
16448,527.591
16449,527.718
16450,527.728
16451,527.733
16452,527.739
16453,527.860
16454,527.869
16455,527.873
16456,527.879
16457,528.003
16458,528.013
16459,528.018
16460,528.024
16461,528.133
16462,528.139
16463,528.144
16464,528.148
16465,528.248
16466,528.255
16467,528.259
16468,528.264
16469,528.365
16470,528.371
16471,528.375
16472,528.379
16473,528.476
16474,528.483
16475,528.487
16476,528.490
16477,528.582
16478,528.588
16479,528.592
16480,528.595
16481,528.685
16482,528.692
16483,528.696
16484,528.700
16485,528.792
16486,528.796
16487,528.800
16488,528.893
16489,528.898
16490,528.902
16491,528.994
16492,528.998
16493,529.002
16494,529.093
16495,529.097
16496,529.101
16497,529.192
16498,529.197
16499,529.202
16500,529.328
16501,529.332
16502,529.337
16503,529.456
16504,529.460
16505,529.465
16506,529.586
16507,529.669
16508,529.675
16509,529.680
16510,529.685
16511,529.690
16512,529.695
16513,529.704
16514,529.709
16515,529.714
16516,529.720
16517,529.725
16518,529.729
16519,529.733
16520,529.737
16521,529.861
16522,529.866
16523,529.871
16524,529.952
16525,530.001
16526,530.004
16527,530.007
16528,530.128
16529,530.132
16530,530.137
16531,530.261
16532,530.266
16533,530.271
16534,530.357
16535,530.404
16536,530.408
16537,530.411
16538,530.414
16539,530.418
16540,530.421
16541,530.425
16542,530.449
16543,530.496
16544,530.616
16545,530.620
16546,530.625
16547,530.630
16548,530.750
16549,530.755
16550,530.760
16551,530.764
16552,530.915
16553,530.921
16554,530.926
16555,530.932
16556,531.085
16557,531.090
16558,531.095
16559,531.100
16560,531.259
16561,531.266
16562,531.271
16563,531.276
16564,531.396
16565,531.400
16566,531.405
16567,531.409
16568,531.486
16569,531.531
16570,531.535
16571,531.538
16572,531.541
16573,531.545
16574,531.569
16575,531.615
16576,531.732
16577,531.737
16578,531.743
16579,531.747
16580,531.864
16581,531.868
16582,531.873
16583,531.877
16584,531.995
16585,532.000
16586,532.004
16587,532.008
16588,532.134
16589,532.137
16590,532.141
16591,532.146
16592,532.227
16593,532.280
16594,532.283
16595,532.287
16596,532.290
16597,532.293
16598,532.297
16599,532.300
16600,532.303
16601,532.306
16602,532.308
16603,532.311
16604,532.314
16605,532.317
16606,532.322
16607,532.327
16608,532.332
16609,532.337
16610,532.341
16611,532.346
16612,532.351
16613,532.355
16614,532.388
16615,532.453
16616,532.607
16617,532.612
16618,532.618
16619,532.623
16620,532.781
16621,532.786
16622,532.791
16623,532.795
16624,532.922
16625,532.929
16626,532.934
16627,532.939
16628,533.053
16629,533.058
16630,533.063
16631,533.067
16632,533.181
16633,533.185
16634,533.190
16635,533.194
16636,533.312
16637,533.319
16638,533.324
16639,533.329
16640,533.449
16641,533.457
16642,533.462
16643,533.466
16644,533.590
16645,533.597
16646,533.602
16647,533.607
16648,533.729
16649,533.737
16650,533.742
16651,533.746
16652,533.895
16653,533.904
16654,533.910
16655,533.916
16656,534.080
16657,534.090
16658,534.097
16659,534.103
16660,534.285
16661,534.293
16662,534.299
16663,534.304
16664,534.431
16665,534.438
16666,534.443
16667,534.448
16668,534.567
16669,534.574
16670,534.579
16671,534.583
16672,534.701
16673,534.708
16674,534.713
16675,534.718
16676,534.838
16677,534.846
16678,534.850
16679,534.855
16680,534.978
16681,534.985
16682,534.990
16683,534.995
16684,535.122
16685,535.130
16686,535.135
16687,535.140
16688,535.263
16689,535.270
16690,535.275
16691,535.280
16692,535.420
16693,535.430
16694,535.436
16695,535.441
16696,535.602
16697,535.608
16698,535.613
16699,535.779
16700,535.786
16701,535.791
16702,535.917
16703,535.922
16704,535.926
16705,536.043
16706,536.048
16707,536.053
16708,536.172
16709,536.177
16710,536.181
16711,536.291
16712,536.296
16713,536.300
16714,536.409
16715,536.414
16716,536.418
16717,536.514
16718,536.574
16719,536.578
16720,536.582
16721,536.585
16722,536.589
16723,536.593
16724,536.599
16725,536.603
16726,536.607
16727,536.610
16728,536.614
16729,536.618
16730,536.622
16731,536.626
16732,536.715
16733,536.718
16734,536.722
16735,536.810
16736,536.814
16737,536.817
16738,536.929
16739,536.934
16740,536.938
16741,537.059
16742,537.064
16743,537.068
16744,537.173
16745,537.257
16746,537.261
16747,537.265
16748,537.270
16749,537.273
16750,537.277
16751,537.280
16752,537.311
16753,537.372
16754,537.466
16755,537.470
16756,537.474
16757,537.478
16758,537.563
16759,537.566
16760,537.569
16761,537.633
16762,537.688
16763,537.757
16764,537.760
16765,537.764
16766,537.830
16767,537.890
16768,537.984
16769,537.988
16770,537.992
16771,537.996
16772,538.085
16773,538.089
16774,538.092
16775,538.160
16776,538.220
16777,538.315
16778,538.319
16779,538.322
16780,538.326
16781,538.424
16782,538.505
16783,538.510
16784,538.514
16785,538.518
16786,538.522
16787,538.562
16788,538.634
16789,538.757
16790,538.761
16791,538.766
16792,538.771
16793,538.876
16794,538.880
16795,538.884
16796,538.887
16797,538.983
16798,538.986
16799,538.990
16800,538.993
16801,539.087
16802,539.091
16803,539.095
16804,539.098
16805,539.185
16806,539.248
16807,539.252
16808,539.255
16809,539.258
16810,539.261
16811,539.264
16812,539.267
16813,539.271
16814,539.274
16815,539.277
16816,539.281
16817,539.284
16818,539.287
16819,539.291
16820,539.294
16821,539.298
16822,539.301
16823,539.304
16824,539.308
16825,539.311
16826,539.315
16827,539.344
16828,539.402
16829,539.495
16830,539.499
16831,539.503
16832,539.506
16833,539.600
16834,539.605
16835,539.609
16836,539.613
16837,539.709
16838,539.714
16839,539.718
16840,539.722
16841,539.813
16842,539.817
16843,539.821
16844,539.824
16845,539.926
16846,539.933
16847,539.937
16848,539.942
16849,540.071
16850,540.079
16851,540.083
16852,540.087
16853,540.214
16854,540.223
16855,540.227
16856,540.231
16857,540.352
16858,540.358
16859,540.362
16860,540.365
16861,540.459
16862,540.465
16863,540.468
16864,540.472
16865,540.561
16866,540.567
16867,540.570
16868,540.574
16869,540.669
16870,540.675
16871,540.679
16872,540.683
16873,540.776
16874,540.782
16875,540.786
16876,540.790
16877,540.882
16878,540.888
16879,540.891
16880,540.895
16881,540.993
16882,540.999
16883,541.003
16884,541.007
16885,541.105
16886,541.111
16887,541.115
16888,541.119
16889,541.598
16890,541.598
16891,541.598
16892,541.598
16893,541.598
16894,541.598
16895,541.598
16896,541.598
16897,541.598
16898,541.598
16899,541.598
16900,541.606
16901,541.756
16902,541.765
16903,541.770
16904,541.774
16905,541.908
16906,541.918
16907,541.924
16908,541.929
16909,542.036
16910,542.039
16911,542.043
16912,542.138
16913,542.142
16914,542.146
16915,542.245
16916,542.249
16917,542.253
16918,542.353
16919,542.356
16920,542.360
16921,542.454
16922,542.458
16923,542.461
16924,542.557
16925,542.561
16926,542.565
16927,542.667
16928,542.671
16929,542.675
16930,543.022
16931,543.027
16932,543.272
16933,543.361
16934,543.365
16935,544.059
16936,544.064
16937,544.068
16938,544.072
16939,544.076
16940,544.672
16941,544.761
16942,544.846
16943,544.875
16944,544.922
16945,544.953
16946,544.969
16947,545.085
16948,545.090
16949,545.095
16950,545.162
16951,545.192
16952,545.197
16953,545.241
16954,545.272
16955,545.275
16956,545.385
16957,545.389
16958,545.393
16959,545.472
16960,545.499
16961,545.504
16962,545.514
16963,545.589
16964,545.627
16965,545.632
16966,545.681
16967,545.714
16968,545.721
16969,545.819
16970,545.905
16971,545.910
16972,545.915
16973,545.919
16974,545.925
16975,545.930
16976,545.938
16977,545.943
16978,545.948
16979,545.953
16980,545.958
16981,545.963
16982,545.968
16983,545.974
16984,546.097
16985,546.101
16986,546.105
16987,546.206
16988,546.210
16989,546.214
16990,546.316
16991,546.320
16992,546.323
16993,546.423
16994,546.427
16995,546.431
16996,546.514
16997,546.573
16998,546.577
16999,546.580
17000,546.584
17001,546.587
17002,546.590
17003,546.593
17004,546.628
17005,546.693
17006,546.798
17007,546.802
17008,546.805
17009,546.809
17010,546.913
17011,546.917
17012,546.921
17013,546.924
17014,547.028
17015,547.032
17016,547.036
17017,547.039
17018,547.159
17019,547.164
17020,547.168
17021,547.173
17022,547.314
17023,547.319
17024,547.324
17025,547.329
17026,547.466
17027,547.470
17028,547.475
17029,547.479
17030,547.585
17031,547.654
17032,547.660
17033,547.664
17034,547.668
17035,547.671
17036,547.701
17037,547.761
17038,547.865
17039,547.869
17040,547.873
17041,547.877
17042,547.982
17043,547.986
17044,547.990
17045,547.993
17046,548.095
17047,548.099
17048,548.103
17049,548.106
17050,548.208
17051,548.212
17052,548.216
17053,548.220
17054,548.311
17055,548.377
17056,548.381
17057,548.384
17058,548.388
17059,548.392
17060,548.396
17061,548.400
17062,548.404
17063,548.409
17064,548.413
17065,548.417
17066,548.421
17067,548.425
17068,548.429
17069,548.432
17070,548.436
17071,548.441
17072,548.445
17073,548.449
17074,548.453
17075,548.457
17076,548.488
17077,548.548
17078,548.657
17079,548.662
17080,548.666
17081,548.669
17082,548.812
17083,548.817
17084,548.823
17085,548.828
17086,548.970
17087,548.978
17088,548.982
17089,548.987
17090,549.134
17091,549.139
17092,549.143
17093,549.147
17094,549.258
17095,549.264
17096,549.267
17097,549.271
17098,549.377
17099,549.383
17100,549.388
17101,549.391
17102,549.503
17103,549.510
17104,549.514
17105,549.517
17106,549.626
17107,549.632
17108,549.636
17109,549.640
17110,549.748
17111,549.754
17112,549.758
17113,549.762
17114,549.871
17115,549.878
17116,549.881
17117,549.885
17118,549.994
17119,550.000
17120,550.005
17121,550.009
17122,550.119
17123,550.126
17124,550.130
17125,550.134
17126,550.248
17127,550.258
17128,550.263
17129,550.268
17130,550.417
17131,550.425
17132,550.431
17133,550.436
17134,550.580
17135,550.589
17136,550.594
17137,550.599
17138,550.740
17139,550.747
17140,550.751
17141,550.756
17142,550.872
17143,550.876
17144,550.880
17145,550.884
17146,550.997
17147,551.004
17148,551.007
17149,551.012
17150,551.125
17151,551.131
17152,551.135
17153,551.139
17154,551.250
17155,551.256
17156,551.260
17157,551.264
17158,551.375
17159,551.380
17160,551.384
17161,551.500
17162,551.504
17163,551.508
17164,551.613
17165,551.617
17166,551.621
17167,551.723
17168,551.727
17169,551.730
17170,551.839
17171,551.843
17172,551.847
17173,551.978
17174,551.983
17175,551.987
17176,552.115
17177,552.119
17178,552.123
17179,552.253
17180,552.319
17181,552.323
17182,552.327
17183,552.331
17184,552.334
17185,552.338
17186,552.344
17187,552.348
17188,552.352
17189,552.356
17190,552.359
17191,552.363
17192,552.367
17193,552.371
17194,552.465
17195,552.468
17196,552.472
17197,552.572
17198,552.575
17199,552.579
17200,552.680
17201,552.684
17202,552.688
17203,552.785
17204,552.789
17205,552.792
17206,552.876
17207,552.934
17208,552.938
17209,552.941
17210,552.944
17211,552.947
17212,552.950
17213,552.954
17214,552.982
17215,553.037
17216,553.139
17217,553.143
17218,553.147
17219,553.150
17220,553.251
17221,553.254
17222,553.258
17223,553.261
17224,553.393
17225,553.398
17226,553.402
17227,553.407
17228,553.537
17229,553.541
17230,553.546
17231,553.550
17232,553.689
17233,553.693
17234,553.697
17235,553.701
17236,553.810
17237,553.814
17238,553.817
17239,553.822
17240,553.903
17241,553.965
17242,553.968
17243,553.972
17244,553.976
17245,553.979
17246,554.011
17247,554.077
17248,554.183
17249,554.187
17250,554.192
17251,554.195
17252,554.299
17253,554.303
17254,554.306
17255,554.310
17256,554.419
17257,554.423
17258,554.427
17259,554.431
17260,554.541
17261,554.545
17262,554.549
17263,554.553
17264,554.648
17265,554.723
17266,554.729
17267,554.734
17268,554.739
17269,554.744
17270,554.751
17271,554.757
17272,554.762
17273,554.767
17274,554.772
17275,554.776
17276,554.785
17277,554.795
17278,554.804
17279,554.814
17280,554.823
17281,554.832
17282,554.840
17283,554.849
17284,554.859
17285,554.868
17286,554.913
17287,554.995
17288,555.151
17289,555.157
17290,555.163
17291,555.168
17292,555.311
17293,555.316
17294,555.320
17295,555.324
17296,555.447
17297,555.455
17298,555.460
17299,555.464
17300,555.585
17301,555.589
17302,555.594
17303,555.599
17304,555.716
17305,555.723
17306,555.727
17307,555.731
17308,555.840
17309,555.847
17310,555.851
17311,555.855
17312,555.969
17313,555.976
17314,555.981
17315,555.985
17316,556.098
17317,556.104
17318,556.109
17319,556.113
17320,556.226
17321,556.232
17322,556.236
17323,556.240
17324,556.348
17325,556.354
17326,556.357
17327,556.361
17328,556.507
17329,556.516
17330,556.521
17331,556.525
17332,556.663
17333,556.671
17334,556.676
17335,556.681
17336,556.824
17337,556.830
17338,556.834
17339,556.838
17340,556.949
17341,556.955
17342,556.958
17343,556.962
17344,557.071
17345,557.079
17346,557.084
17347,557.088
17348,557.196
17349,557.202
17350,557.206
17351,557.209
17352,557.316
17353,557.322
17354,557.326
17355,557.330
17356,557.432
17357,557.439
17358,557.443
17359,557.446
17360,557.551
17361,557.557
17362,557.561
17363,557.565
17364,557.675
17365,557.682
17366,557.686
17367,557.690
17368,557.799
17369,557.803
17370,557.807
17371,557.930
17372,557.934
17373,557.938
17374,558.079
17375,558.084
17376,558.088
17377,558.226
17378,558.230
17379,558.235
17380,558.366
17381,558.370
17382,558.374
17383,558.490
17384,558.495
17385,558.501
17386,558.654
17387,558.654
17388,558.654
17389,558.755
17390,558.823
17391,558.827
17392,558.831
17393,558.834
17394,558.838
17395,558.842
17396,558.848
17397,558.852
17398,558.856
17399,558.860
17400,558.864
17401,558.869
17402,558.873
17403,558.877
17404,558.980
17405,558.984
17406,558.987
17407,559.095
17408,559.099
17409,559.103
17410,559.215
17411,559.219
17412,559.223
17413,559.332
17414,559.337
17415,559.341
17416,559.427
17417,559.486
17418,559.489
17419,559.492
17420,559.497
17421,559.501
17422,559.506
17423,559.510
17424,559.551
17425,559.636
17426,559.776
17427,559.780
17428,559.785
17429,559.789
17430,559.934
17431,559.938
17432,559.942
17433,559.946
17434,560.062
17435,560.066
17436,560.070
17437,560.074
17438,560.181
17439,560.185
17440,560.190
17441,560.194
17442,560.304
17443,560.308
17444,560.312
17445,560.316
17446,560.416
17447,560.420
17448,560.424
17449,560.427
17450,560.507
17451,560.563
17452,560.566
17453,560.570
17454,560.573
17455,560.576
17456,560.603
17457,560.665
17458,560.765
17459,560.769
17460,560.773
17461,560.776
17462,560.878
17463,560.882
17464,560.886
17465,560.889
17466,560.993
17467,560.997
17468,561.001
17469,561.004
17470,561.156
17471,561.160
17472,561.165
17473,561.170
17474,561.281
17475,561.373
17476,561.376
17477,561.380
17478,561.384
17479,561.388
17480,561.391
17481,561.395
17482,561.399
17483,561.403
17484,561.407
17485,561.411
17486,561.417
17487,561.421
17488,561.425
17489,561.429
17490,561.434
17491,561.439
17492,561.445
17493,561.450
17494,561.455
17495,561.460
17496,561.492
17497,561.551
17498,561.664
17499,561.668
17500,561.672
17501,561.676
17502,561.786
17503,561.790
17504,561.794
17505,561.798
17506,561.906
17507,561.912
17508,561.916
17509,561.920
17510,562.021
17511,562.025
17512,562.029
17513,562.033
17514,562.146
17515,562.152
17516,562.156
17517,562.160
17518,562.271
17519,562.277
17520,562.281
17521,562.285
17522,562.401
17523,562.407
17524,562.411
17525,562.415
17526,562.538
17527,562.538
17528,562.538
17529,562.541
17530,562.682
17531,562.691
17532,562.695
17533,562.700
17534,562.843
17535,562.852
17536,562.856
17537,562.861
17538,563.016
17539,563.023
17540,563.027
17541,563.031
17542,563.147
17543,563.153
17544,563.158
17545,563.162
17546,563.266
17547,563.272
17548,563.276
17549,563.280
17550,563.384
17551,563.390
17552,563.394
17553,563.398
17554,563.511
17555,563.517
17556,563.521
17557,563.525
17558,563.627
17559,563.633
17560,563.637
17561,563.641
17562,563.748
17563,563.755
17564,563.759
17565,563.763
17566,563.871
17567,563.877
17568,563.880
17569,563.884
17570,563.986
17571,563.992
17572,563.995
17573,563.999
17574,564.120
17575,564.127
17576,564.132
17577,564.136
17578,564.278
17579,564.283
17580,564.288
17581,564.425
17582,564.430
17583,564.434
17584,564.566
17585,564.570
17586,564.574
17587,564.682
17588,564.686
17589,564.690
17590,564.800
17591,564.803
17592,564.807
17593,564.914
17594,564.918
17595,564.922
17596,565.023
17597,565.027
17598,565.031
17599,565.092
17600,565.103
17601,565.113
17602,565.124
17603,565.134
17604,565.144
17605,565.192
17606,565.242
17607,565.254
17608,565.266
17609,565.331
17610,565.393
17611,565.402
17612,565.471
17613,565.474
17614,565.523
17615,565.549
17616,565.587
17617,565.681
17618,565.713
17619,565.721
17620,565.780
17621,565.844
17622,565.875
17623,565.997
17624,566.001
17625,566.102
17626,566.163
17627,566.168
17628,566.199
17629,566.258
17630,566.301
17631,566.304
17632,566.348
17633,566.351
17634,566.387
17635,566.458
17636,566.461
17637,566.464
17638,566.497
17639,566.500
17640,566.503
17641,566.506
17642,566.509
17643,566.512
17644,566.515
17645,566.518
17646,566.521
17647,566.524
17648,566.527
17649,566.582
17650,566.585
17651,566.588
17652,566.647
17653,566.651
17654,566.654
17655,566.657
17656,566.660
17657,566.688
17658,566.691
17659,566.694
17660,566.697
17661,566.723
17662,566.738
17663,566.741
17664,566.782
17665,566.785
17666,566.790
17667,566.793
17668,566.829
17669,566.832
17670,566.838
17671,566.841
17672,566.846
17673,566.861
17674,566.864
17675,566.876
17676,566.892
17677,566.895
17678,566.937
17679,566.951
17680,566.955
17681,566.997
17682,567.001
17683,567.004
17684,567.007
17685,567.011
17686,567.014
17687,567.018
17688,567.021
17689,567.026
17690,567.039
17691,567.042
17692,567.081
17693,567.085
17694,567.088
17695,567.124
17696,567.127
17697,567.130
17698,567.133
17699,567.136
17700,567.139
17701,567.142
17702,567.145
17703,567.148
17704,567.151
17705,567.154
17706,567.234
17707,567.238
17708,567.242
17709,567.320
17710,567.324
17711,567.329
17712,567.334
17713,567.339
17714,567.376
17715,567.380
17716,567.383
17717,567.387
17718,567.421
17719,567.441
17720,567.445
17721,567.500
17722,567.504
17723,567.510
17724,567.515
17725,567.562
17726,567.567
17727,567.574
17728,567.578
17729,567.585
17730,567.609
17731,567.614
17732,567.673
17733,567.677
17734,567.681
17735,567.685
17736,567.691
17737,567.694
17738,567.732
17739,567.750
17740,567.753
17741,567.766
17742,567.781
17743,567.784
17744,567.828
17745,567.831
17746,567.835
17747,567.839
17748,567.842
17749,567.846
17750,567.849
17751,567.854
17752,567.869
17753,567.873
17754,567.916
17755,567.920
17756,567.923
17757,567.960
17758,567.964
17759,567.967
17760,567.971
17761,567.974
17762,567.978
17763,567.981
17764,567.984
17765,568.024
17766,568.027
17767,568.031
17768,568.034
17769,568.050
17770,568.065
17771,568.068
17772,568.111
17773,568.127
17774,568.130
17775,568.140
17776,568.154
17777,568.158
17778,568.168
17779,568.182
17780,568.185
17781,568.234
17782,568.238
17783,568.242
17784,568.286
17785,568.293
17786,568.296
17787,568.303
17788,568.306
17789,568.310
17790,568.314
17791,568.320
17792,568.324
17793,568.327
17794,568.331
17795,568.335
17796,568.342
17797,568.348
17798,568.352
17799,568.358
17800,568.365
17801,568.372
17802,568.379
17803,568.386
17804,568.393
17805,568.400
17806,568.404
17807,568.482
17808,568.487
17809,568.490
17810,568.553
17811,568.567
17812,568.570
17813,568.599
17814,568.612
17815,568.616
17816,568.625
17817,568.639
17818,568.642
17819,568.672
17820,568.686
17821,568.689
17822,568.718
17823,568.729
17824,568.732
17825,568.793
17826,568.800
17827,568.806
17828,568.810
17829,568.819
17830,568.840
17831,568.844
17832,568.902
17833,568.911
17834,568.917
17835,568.921
17836,568.970
17837,568.978
17838,568.985
17839,568.989
17840,569.007
17841,569.026
17842,569.030
17843,569.047
17844,569.069
17845,569.073
17846,569.090
17847,569.116
17848,569.121
17849,569.168
17850,569.185
17851,569.188
17852,569.217
17853,569.233
17854,569.236
17855,569.257
17856,569.271
17857,569.275
17858,569.306
17859,569.322
17860,569.326
17861,569.338
17862,569.356
17863,569.359
17864,569.371
17865,569.386
17866,569.390
17867,569.420
17868,569.433
17869,569.436
17870,569.503
17871,569.507
17872,569.510
17873,569.513
17874,569.516
17875,569.519
17876,569.523
17877,569.526
17878,569.529
17879,569.581
17880,569.691
17881,569.695
17882,569.700
17883,569.706
17884,569.709
17885,569.763
17886,569.778
17887,569.788
17888,569.792
17889,569.818
17890,569.879
17891,569.888
17892,569.915
17893,569.980
17894,569.992
17895,570.057
17896,570.064
17897,570.069
17898,570.124
17899,570.127
17900,570.131
17901,570.194
17902,570.203
17903,570.207
17904,570.273
17905,570.277
17906,570.281
17907,570.393
17908,570.397
17909,570.401
17910,570.409
17911,570.414
17912,570.418
17913,570.468
17914,570.472
17915,570.476
17916,570.480
17917,570.520
17918,570.524
17919,570.528
17920,570.532
17921,570.536
17922,570.583
17923,570.587
17924,570.591
17925,570.596
17926,570.600
17927,570.605
17928,570.609
17929,570.615
17930,570.623
17931,570.627
17932,570.708
17933,570.712
17934,570.717
17935,570.784
17936,570.798
17937,570.801
17938,570.831
17939,570.845
17940,570.849
17941,570.929
17942,571.001
17943,571.007
17944,571.013
17945,571.021
17946,571.027
17947,571.034
17948,571.041
17949,571.048
17950,571.055
17951,571.061
17952,571.069
17953,571.076
17954,571.084
17955,571.091
17956,571.203
17957,571.207
17958,571.211
17959,571.319
17960,571.323
17961,571.327
17962,571.435
17963,571.440
17964,571.443
17965,571.552
17966,571.556
17967,571.560
17968,571.651
17969,571.720
17970,571.725
17971,571.730
17972,571.734
17973,571.739
17974,571.744
17975,571.748
17976,571.791
17977,571.890
17978,572.033
17979,572.038
17980,572.043
17981,572.047
17982,572.189
17983,572.193
17984,572.198
17985,572.202
17986,572.313
17987,572.317
17988,572.322
17989,572.326
17990,572.440
17991,572.445
17992,572.450
17993,572.454
17994,572.567
17995,572.574
17996,572.578
17997,572.582
17998,572.694
17999,572.698
18000,572.702
18001,572.706
18002,572.796
18003,572.862
18004,572.866
18005,572.871
18006,572.875
18007,572.879
18008,572.909
18009,572.971
18010,573.080
18011,573.084
18012,573.088
18013,573.091
18014,573.194
18015,573.199
18016,573.203
18017,573.207
18018,573.347
18019,573.352
18020,573.357
18021,573.362
18022,573.506
18023,573.511
18024,573.515
18025,573.519
18026,573.648
18027,573.744
18028,573.750
18029,573.756
18030,573.762
18031,573.768
18032,573.774
18033,573.781
18034,573.788
18035,573.794
18036,573.800
18037,573.806
18038,573.813
18039,573.819
18040,573.825
18041,573.831
18042,573.837
18043,573.843
18044,573.849
18045,573.856
18046,573.863
18047,573.869
18048,573.900
18049,573.965
18050,574.079
18051,574.086
18052,574.090
18053,574.094
18054,574.200
18055,574.206
18056,574.210
18057,574.214
18058,574.321
18059,574.328
18060,574.332
18061,574.336
18062,574.439
18063,574.445
18064,574.449
18065,574.453
18066,574.557
18067,574.563
18068,574.567
18069,574.571
18070,574.680
18071,574.686
18072,574.690
18073,574.693
18074,574.832
18075,574.841
18076,574.846
18077,574.850
18078,574.995
18079,575.003
18080,575.007
18081,575.012
18082,575.151
18083,575.157
18084,575.161
18085,575.165
18086,575.280
18087,575.286
18088,575.290
18089,575.293
18090,575.406
18091,575.412
18092,575.417
18093,575.421
18094,575.535
18095,575.542
18096,575.549
18097,575.552
18098,575.662
18099,575.669
18100,575.673
18101,575.677
18102,575.786
18103,575.794
18104,575.799
18105,575.803
18106,575.914
18107,575.921
18108,575.925
18109,575.929
18110,576.042
18111,576.048
18112,576.052
18113,576.056
18114,576.164
18115,576.170
18116,576.174
18117,576.178
18118,576.321
18119,576.329
18120,576.334
18121,576.339
18122,576.477
18123,576.485
18124,576.489
18125,576.494
18126,576.642
18127,576.649
18128,576.653
18129,576.657
18130,576.767
18131,576.771
18132,576.775
18133,576.879
18134,576.883
18135,576.887
18136,576.990
18137,576.994
18138,576.997
18139,577.102
18140,577.106
18141,577.110
18142,577.224
18143,577.229
18144,577.233
18145,577.341
18146,577.345
18147,577.349
18148,577.461
18149,577.466
18150,577.470
18151,577.579
18152,577.651
18153,577.655
18154,577.659
18155,577.663
18156,577.669
18157,577.675
18158,577.680
18159,577.684
18160,577.692
18161,577.701
18162,577.711
18163,577.720
18164,577.730
18165,577.739
18166,577.882
18167,577.886
18168,577.890
18169,578.030
18170,578.034
18171,578.039
18172,578.170
18173,578.175
18174,578.178
18175,578.288
18176,578.292
18177,578.296
18178,578.384
18179,578.458
18180,578.462
18181,578.466
18182,578.470
18183,578.474
18184,578.477
18185,578.481
18186,578.512
18187,578.573
18188,578.683
18189,578.687
18190,578.691
18191,578.695
18192,578.802
18193,578.806
18194,578.810
18195,578.814
18196,578.924
18197,578.928
18198,578.934
18199,578.938
18200,579.049
18201,579.053
18202,579.057
18203,579.061
18204,579.169
18205,579.175
18206,579.179
18207,579.184
18208,579.317
18209,579.323
18210,579.328
18211,579.333
18212,579.453
18213,579.533
18214,579.537
18215,579.541
18216,579.545
18217,579.550
18218,579.592
18219,579.682
18220,579.805
18221,579.809
18222,579.813
18223,579.817
18224,579.931
18225,579.935
18226,579.939
18227,579.943
18228,580.052
18229,580.056
18230,580.060
18231,580.063
18232,580.172
18233,580.176
18234,580.180
18235,580.184
18236,580.281
18237,580.356
18238,580.361
18239,580.367
18240,580.372
18241,580.378
18242,580.384
18243,580.390
18244,580.396
18245,580.402
18246,580.409
18247,580.415
18248,580.422
18249,580.428
18250,580.435
18251,580.441
18252,580.447
18253,580.454
18254,580.461
18255,580.467
18256,580.474
18257,580.481
18258,580.513
18259,580.580
18260,580.699
18261,580.705
18262,580.709
18263,580.713
18264,580.847
18265,580.856
18266,580.861
18267,580.865
18268,581.022
18269,581.032
18270,581.037
18271,581.042
18272,581.191
18273,581.202
18274,581.206
18275,581.211
18276,581.331
18277,581.338
18278,581.342
18279,581.346
18280,581.453
18281,581.459
18282,581.463
18283,581.467
18284,581.577
18285,581.584
18286,581.588
18287,581.591
18288,581.706
18289,581.712
18290,581.717
18291,581.721
18292,581.828
18293,581.834
18294,581.839
18295,581.842
18296,581.965
18297,581.965
18298,581.965
18299,581.965
18300,582.076
18301,582.083
18302,582.087
18303,582.092
18304,582.204
18305,582.210
18306,582.216
18307,582.220
18308,582.338
18309,582.347
18310,582.352
18311,582.357
18312,582.499
18313,582.507
18314,582.512
18315,582.517
18316,582.655
18317,582.662
18318,582.667
18319,582.672
18320,582.797
18321,582.803
18322,582.807
18323,582.811
18324,582.919
18325,582.926
18326,582.930
18327,582.934
18328,583.040
18329,583.046
18330,583.051
18331,583.055
18332,583.159
18333,583.165
18334,583.168
18335,583.172
18336,583.277
18337,583.282
18338,583.286
18339,583.290
18340,583.394
18341,583.397
18342,583.401
18343,583.506
18344,583.510
18345,583.513
18346,583.621
18347,583.625
18348,583.629
18349,583.734
18350,583.738
18351,583.741
18352,583.880
18353,583.885
18354,583.889
18355,584.027
18356,584.031
18357,584.036
18358,584.177
18359,584.182
18360,584.187
18361,584.278
18362,584.282
18363,584.329
18364,584.352
18365,584.355
18366,584.358
18367,584.422
18368,584.425
18369,584.472
18370,584.495
18371,584.596
18372,584.600
18373,584.604
18374,584.674
18375,584.696
18376,584.738
18377,584.764
18378,584.770
18379,584.781
18380,584.804
18381,584.878
18382,584.882
18383,584.970
18384,584.974
18385,584.977
18386,585.016
18387,585.020
18388,585.023
18389,585.026
18390,585.029
18391,585.035
18392,585.041
18393,585.044
18394,585.048
18395,585.051
18396,585.055
18397,585.058
18398,585.061
18399,585.065
18400,585.123
18401,585.126
18402,585.129
18403,585.166
18404,585.179
18405,585.182
18406,585.202
18407,585.217
18408,585.221
18409,585.260
18410,585.279
18411,585.283
18412,585.335
18413,585.356
18414,585.360
18415,585.393
18416,585.412
18417,585.416
18418,585.443
18419,585.462
18420,585.465
18421,585.480
18422,585.499
18423,585.502
18424,585.517
18425,585.537
18426,585.540
18427,585.578
18428,585.598
18429,585.602
18430,585.693
18431,585.697
18432,585.700
18433,585.745
18434,585.748
18435,585.751
18436,585.754
18437,585.805
18438,585.913
18439,585.917
18440,585.922
18441,585.927
18442,585.930
18443,585.982
18444,585.996
18445,586.006
18446,586.009
18447,586.036
18448,586.050
18449,586.059
18450,586.062
18451,586.088
18452,586.149
18453,586.160
18454,586.216
18455,586.222
18456,586.225
18457,586.284
18458,586.288
18459,586.291
18460,586.294
18461,586.297
18462,586.300
18463,586.306
18464,586.309
18465,586.314
18466,586.327
18467,586.330
18468,586.340
18469,586.343
18470,586.346
18471,586.349
18472,586.399
18473,586.507
18474,586.510
18475,586.515
18476,586.520
18477,586.523
18478,586.577
18479,586.591
18480,586.600
18481,586.603
18482,586.632
18483,586.646
18484,586.656
18485,586.659
18486,586.684
18487,586.772
18488,586.788
18489,586.864
18490,586.873
18491,586.878
18492,586.953
18493,586.957
18494,586.961
18495,586.965
18496,586.968
18497,586.972
18498,586.980
18499,586.983
18500,586.990
18501,587.009
18502,587.013
18503,587.122
18504,587.199
18505,587.205
18506,587.211
18507,587.217
18508,587.223
18509,587.229
18510,587.235
18511,587.242
18512,587.249
18513,587.256
18514,587.262
18515,587.269
18516,587.277
18517,587.284
18518,587.344
18519,587.350
18520,587.353
18521,587.493
18522,587.497
18523,587.502
18524,587.591
18525,587.595
18526,587.598
18527,587.601
18528,587.692
18529,587.765
18530,587.771
18531,587.866
18532,587.928
18533,587.933
18534,588.021
18535,588.081
18536,588.197
18537,588.202
18538,588.364
18539,588.374
18540,588.379
18541,588.488
18542,588.492
18543,588.496
18544,588.582
18545,588.587
18546,588.591
18547,588.596
18548,588.681
18549,588.685
18550,588.689
18551,588.692
18552,588.774
18553,588.777
18554,588.780
18555,588.860
18556,588.864
18557,588.868
18558,588.872
18559,588.875
18560,588.878
18561,588.956
18562,588.959
18563,588.962
18564,588.965
18565,589.091
18566,589.095
18567,589.099
18568,589.222
18569,589.226
18570,589.230
18571,589.314
18572,589.372
18573,589.375
18574,589.378
18575,589.382
18576,589.385
18577,589.388
18578,589.392
18579,589.419
18580,589.477
18581,589.605
18582,589.609
18583,589.613
18584,589.617
18585,589.783
18586,589.789
18587,589.794
18588,589.799
18589,589.971
18590,589.975
18591,589.980
18592,589.985
18593,590.141
18594,590.145
18595,590.148
18596,590.152
18597,590.284
18598,590.290
18599,590.295
18600,590.300
18601,590.426
18602,590.430
18603,590.434
18604,590.438
18605,590.517
18606,590.572
18607,590.575
18608,590.579
18609,590.582
18610,590.585
18611,590.612
18612,590.670
18613,590.797
18614,590.802
18615,590.806
18616,590.810
18617,590.939
18618,590.944
18619,590.947
18620,590.951
18621,591.093
18622,591.098
18623,591.103
18624,591.108
18625,591.279
18626,591.283
18627,591.288
18628,591.293
18629,591.410
18630,591.496
18631,591.501
18632,591.507
18633,591.512
18634,591.517
18635,591.523
18636,591.528
18637,591.533
18638,591.539
18639,591.544
18640,591.550
18641,591.555
18642,591.561
18643,591.567
18644,591.572
18645,591.577
18646,591.583
18647,591.588
18648,591.594
18649,591.600
18650,591.606
18651,591.637
18652,591.697
18653,591.833
18654,591.837
18655,591.841
18656,591.846
18657,591.975
18658,591.981
18659,591.985
18660,591.989
18661,592.073
18662,592.129
18663,592.133
18664,592.160
18665,592.163
18666,592.167
18667,592.231
18668,592.287
18669,592.291
18670,592.370
18671,592.373
18672,592.376
18673,592.544
18674,592.554
18675,592.564
18676,592.569
18677,592.574
18678,592.751
18679,592.760
18680,592.764
18681,592.769
18682,592.934
18683,592.941
18684,592.945
18685,592.948
18686,593.086
18687,593.093
18688,593.098
18689,593.102
18690,593.240
18691,593.247
18692,593.251
18693,593.256
18694,593.339
18695,593.395
18696,593.399
18697,593.426
18698,593.430
18699,593.433
18700,593.496
18701,593.555
18702,593.559
18703,593.641
18704,593.645
18705,593.648
18706,593.801
18707,593.807
18708,593.814
18709,593.818
18710,593.823
18711,593.972
18712,593.980
18713,593.985
18714,593.990
18715,594.101
18716,594.176
18717,594.181
18718,594.219
18719,594.223
18720,594.226
18721,594.321
18722,594.402
18723,594.406
18724,594.501
18725,594.505
18726,594.508
18727,594.668
18728,594.675
18729,594.683
18730,594.687
18731,594.692
18732,594.845
18733,594.852
18734,594.857
18735,594.862
18736,595.012
18737,595.020
18738,595.028
18739,595.033
18740,595.122
18741,595.180
18742,595.185
18743,595.216
18744,595.219
18745,595.223
18746,595.289
18747,595.346
18748,595.349
18749,595.425
18750,595.428
18751,595.432
18752,595.610
18753,595.618
18754,595.627
18755,595.631
18756,595.637
18757,595.816
18758,595.826
18759,595.835
18760,595.839
18761,595.988
18762,595.994
18763,595.998
18764,596.002
18765,596.131
18766,596.137
18767,596.142
18768,596.145
18769,596.278
18770,596.284
18771,596.288
18772,596.292
18773,596.422
18774,596.428
18775,596.432
18776,596.436
18777,596.569
18778,596.575
18779,596.579
18780,596.583
18781,596.717
18782,596.723
18783,596.727
18784,596.731
18785,596.867
18786,596.872
18787,596.876
18788,597.047
18789,597.052
18790,597.056
18791,597.245
18792,597.250
18793,597.254
18794,597.404
18795,597.408
18796,597.412
18797,597.560
18798,597.565
18799,597.569
18800,597.717
18801,597.721
18802,597.726
18803,597.868
18804,597.873
18805,597.877
18806,597.992
18807,598.068
18808,598.075
18809,598.081
18810,598.087
18811,598.093
18812,598.099
18813,598.105
18814,598.112
18815,598.118
18816,598.124
18817,598.131
18818,598.138
18819,598.144
18820,598.152
18821,598.215
18822,598.220
18823,598.223
18824,598.368
18825,598.373
18826,598.378
18827,598.500
18828,598.504
18829,598.508
18830,598.512
18831,598.609
18832,598.693
18833,598.698
18834,598.809
18835,598.877
18836,598.883
18837,598.976
18838,599.036
18839,599.156
18840,599.160
18841,599.279
18842,599.286
18843,599.290
18844,599.375
18845,599.379
18846,599.382
18847,599.451
18848,599.454
18849,599.458
18850,599.462
18851,599.530
18852,599.534
18853,599.537
18854,599.541
18855,599.621
18856,599.625
18857,599.629
18858,599.712
18859,599.716
18860,599.720
18861,599.724
18862,599.727
18863,599.730
18864,599.814
18865,599.818
18866,599.822
18867,599.825
18868,599.961
18869,599.967
18870,599.972
18871,600.166
18872,600.171
18873,600.175
18874,600.281
18875,600.365
18876,600.375
18877,600.381
18878,600.387
18879,600.393
18880,600.399
18881,600.406
18882,600.439
18883,600.499
18884,600.635
18885,600.640
18886,600.644
18887,600.649
18888,600.792
18889,600.796
18890,600.801
18891,600.804
18892,600.936
18893,600.940
18894,600.944
18895,600.948
18896,601.084
18897,601.088
18898,601.093
18899,601.097
18900,601.252
18901,601.259
18902,601.264
18903,601.269
18904,601.427
18905,601.431
18906,601.436
18907,601.440
18908,601.561
18909,601.651
18910,601.656
18911,601.660
18912,601.668
18913,601.677
18914,601.719
18915,601.804
18916,601.986
18917,601.990
18918,601.994
18919,601.998
18920,602.142
18921,602.147
18922,602.151
18923,602.155
18924,602.304
18925,602.308
18926,602.313
18927,602.317
18928,602.459
18929,602.463
18930,602.467
18931,602.472
18932,602.575
18933,602.659
18934,602.665
18935,602.671
18936,602.677
18937,602.683
18938,602.689
18939,602.695
18940,602.701
18941,602.708
18942,602.714
18943,602.721
18944,602.728
18945,602.735
18946,602.742
18947,602.749
18948,602.756
18949,602.764
18950,602.772
18951,602.780
18952,602.788
18953,602.796
18954,602.831
18955,602.900
18956,603.067
18957,603.073
18958,603.079
18959,603.086
18960,603.278
18961,603.287
18962,603.292
18963,603.297
18964,603.426
18965,603.498
18966,603.502
18967,603.533
18968,603.536
18969,603.540
18970,603.610
18971,603.678
18972,603.678
18973,603.770
18974,603.774
18975,603.778
18976,603.943
18977,603.951
18978,603.958
18979,603.962
18980,603.967
18981,604.115
18982,604.123
18983,604.127
18984,604.132
18985,604.281
18986,604.288
18987,604.293
18988,604.297
18989,604.447
18990,604.453
18991,604.458
18992,604.463
18993,604.632
18994,604.643
18995,604.648
18996,604.654
18997,604.784
18998,604.870
18999,604.875
19000,604.919
19001,604.924
19002,604.928
19003,605.026
19004,605.104
19005,605.108
19006,605.198
19007,605.203
19008,605.207
19009,605.365
19010,605.373
19011,605.380
19012,605.385
19013,605.390
19014,605.536
19015,605.543
19016,605.547
19017,605.552
19018,605.648
19019,605.716
19020,605.720
19021,605.753
19022,605.756
19023,605.760
19024,605.884
19025,605.889
19026,605.893
19027,605.897
19028,605.999
19029,606.003
19030,606.007
19031,606.167
19032,606.174
19033,606.181
19034,606.186
19035,606.190
19036,606.384
19037,606.393
19038,606.399
19039,606.404
19040,606.607
19041,606.617
19042,606.629
19043,606.636
19044,606.736
19045,606.803
19046,606.807
19047,606.838
19048,606.842
19049,606.846
19050,606.915
19051,606.980
19052,606.984
19053,607.067
19054,607.071
19055,607.075
19056,607.227
19057,607.233
19058,607.240
19059,607.245
19060,607.249
19061,607.396
19062,607.403
19063,607.410
19064,607.414
19065,607.567
19066,607.574
19067,607.580
19068,607.585
19069,607.745
19070,607.755
19071,607.762
19072,607.768
19073,607.972
19074,607.981
19075,607.986
19076,607.991
19077,608.184
19078,608.191
19079,608.195
19080,608.200
19081,608.357
19082,608.364
19083,608.369
19084,608.373
19085,608.536
19086,608.543
19087,608.548
19088,608.552
19089,608.704
19090,608.710
19091,608.715
19092,608.865
19093,608.871
19094,608.875
19095,609.020
19096,609.024
19097,609.029
19098,609.180
19099,609.185
19100,609.190
19101,609.351
19102,609.357
19103,609.363
19104,609.575
19105,609.581
19106,609.587
19107,609.802
19108,609.807
19109,609.811
19110,609.910
19111,609.914
19112,609.986
19113,610.013
19114,610.086
19115,610.233
19116,610.237
19117,610.307
19118,610.331
19119,610.344
19120,610.423
19121,610.448
19122,610.452
19123,610.457
19124,610.511
19125,610.533
19126,610.537
19127,610.540
19128,610.643
19129,610.647
19130,610.651
19131,610.654
19132,610.726
19133,610.751
19134,610.755
19135,610.867
19136,610.871
19137,610.875
19138,610.941
19139,611.038
19140,611.074
19141,611.082
19142,611.158
19143,611.190
19144,611.205
19145,611.290
19146,611.320
19147,611.325
19148,611.438
19149,611.443
19150,611.528
19151,611.532
19152,611.653
19153,611.728
19154,611.733
19155,611.738
19156,611.742
19157,611.749
19158,611.755
19159,611.761
19160,611.768
19161,611.775
19162,611.782
19163,611.789
19164,611.796
19165,611.803
19166,611.812
19167,611.928
19168,611.932
19169,611.937
19170,612.053
19171,612.057
19172,612.061
19173,612.174
19174,612.179
19175,612.183
19176,612.301
19177,612.305
19178,612.310
19179,612.405
19180,612.465
19181,612.468
19182,612.471
19183,612.475
19184,612.478
19185,612.482
19186,612.485
19187,612.516
19188,612.578
19189,612.723
19190,612.727
19191,612.732
19192,612.737
19193,612.897
19194,612.902
19195,612.907
19196,612.912
19197,613.062
19198,613.067
19199,613.072
19200,613.078
19201,613.199
19202,613.206
19203,613.210
19204,613.214
19205,613.331
19206,613.338
19207,613.343
19208,613.348
19209,613.470
19210,613.477
19211,613.482
19212,613.486
19213,613.582
19214,613.652
19215,613.656
19216,613.659
19217,613.663
19218,613.667
19219,613.699
19220,613.765
19221,613.884
19222,613.888
19223,613.892
19224,613.897
19225,614.018
19226,614.023
19227,614.027
19228,614.031
19229,614.145
19230,614.150
19231,614.154
19232,614.158
19233,614.279
19234,614.284
19235,614.290
19236,614.295
19237,614.426
19238,614.520
19239,614.529
19240,614.536
19241,614.544
19242,614.552
19243,614.561
19244,614.569
19245,614.577
19246,614.585
19247,614.594
19248,614.603
19249,614.611
19250,614.621
19251,614.630
19252,614.642
19253,614.653
19254,614.663
19255,614.671
19256,614.677
19257,614.684
19258,614.691
19259,614.725
19260,614.791
19261,614.906
19262,614.914
19263,614.918
19264,614.922
19265,615.041
19266,615.048
19267,615.052
19268,615.056
19269,615.173
19270,615.180
19271,615.187
19272,615.191
19273,615.310
19274,615.317
19275,615.322
19276,615.326
19277,615.442
19278,615.450
19279,615.454
19280,615.458
19281,615.574
19282,615.581
19283,615.586
19284,615.590
19285,615.712
19286,615.720
19287,615.725
19288,615.729
19289,615.878
19290,615.887
19291,615.893
19292,615.898
19293,616.058
19294,616.067
19295,616.072
19296,616.076
19297,616.231
19298,616.241
19299,616.245
19300,616.249
19301,616.366
19302,616.372
19303,616.376
19304,616.381
19305,616.493
19306,616.500
19307,616.506
19308,616.510
19309,616.629
19310,616.635
19311,616.641
19312,616.645
19313,616.759
19314,616.765
19315,616.770
19316,616.774
19317,616.916
19318,616.925
19319,616.934
19320,616.940
19321,617.058
19322,617.065
19323,617.069
19324,617.073
19325,617.189
19326,617.195
19327,617.199
19328,617.203
19329,617.319
19330,617.325
19331,617.329
19332,617.333
19333,617.462
19334,617.471
19335,617.475
19336,617.480
19337,617.624
19338,617.632
19339,617.637
19340,617.641
19341,617.786
19342,617.791
19343,617.796
19344,617.914
19345,617.919
19346,617.923
19347,618.040
19348,618.045
19349,618.049
19350,618.167
19351,618.171
19352,618.175
19353,618.293
19354,618.298
19355,618.302
19356,618.421
19357,618.425
19358,618.429
19359,618.543
19360,618.547
19361,618.551
19362,618.644
19363,618.648
19364,618.652
19365,618.691
19366,618.697
19367,618.700
19368,618.706
19369,618.711
19370,618.716
19371,618.721
19372,618.725
19373,618.728
19374,618.732
19375,618.737
19376,618.741
19377,618.747
19378,618.752
19379,618.756
19380,618.835
19381,618.839
19382,618.843
19383,618.895
19384,618.908
19385,618.912
19386,618.923
19387,618.935
19388,618.939
19389,618.952
19390,618.977
19391,618.981
19392,619.038
19393,619.064
19394,619.068
19395,619.085
19396,619.109
19397,619.113
19398,619.129
19399,619.149
19400,619.153
19401,619.204
19402,619.227
19403,619.231
19404,619.250
19405,619.269
19406,619.273
19407,619.290
19408,619.313
19409,619.316
19410,619.328
19411,619.343
19412,619.346
19413,619.386
19414,619.403
19415,619.406
19416,619.427
19417,619.441
19418,619.444
19419,619.464
19420,619.477
19421,619.480
19422,619.492
19423,619.507
19424,619.510
19425,619.519
19426,619.532
19427,619.535
19428,619.565
19429,619.582
19430,619.585
19431,619.595
19432,619.609
19433,619.612
19434,619.653
19435,619.669
19436,619.673
19437,619.724
19438,619.730
19439,619.734
19440,619.739
19441,619.742
19442,619.747
19443,619.751
19444,619.754
19445,619.791
19446,619.797
19447,619.800
19448,619.806
19449,619.809
19450,619.815
19451,619.818
19452,619.822
19453,619.826
19454,619.868
19455,619.874
19456,619.878
19457,619.884
19458,619.887
19459,619.893
19460,619.899
19461,619.903
19462,619.906
19463,619.911
19464,619.914
19465,619.918
19466,619.922
19467,619.975
19468,620.096
19469,620.099
19470,620.105
19471,620.110
19472,620.113
19473,620.168
19474,620.183
19475,620.193
19476,620.196
19477,620.225
19478,620.238
19479,620.247
19480,620.250
19481,620.276
19482,620.354
19483,620.368
19484,620.443
19485,620.451
19486,620.455
19487,620.522
19488,620.527
19489,620.531
19490,620.638
19491,620.643
19492,620.647
19493,620.655
19494,620.661
19495,620.665
19496,620.722
19497,620.727
19498,620.732
19499,620.737
19500,620.740
19501,620.743
19502,620.746
19503,620.752
19504,620.756
19505,620.761
19506,620.776
19507,620.779
19508,620.792
19509,620.795
19510,620.798
19511,620.801
19512,620.804
19513,620.808
19514,620.811
19515,620.815
19516,620.818
19517,620.874
19518,620.985
19519,620.989
19520,620.994
19521,620.999
19522,621.002
19523,621.057
19524,621.072
19525,621.083
19526,621.086
19527,621.116
19528,621.131
19529,621.142
19530,621.145
19531,621.173
19532,621.237
19533,621.247
19534,621.308
19535,621.314
19536,621.319
19537,621.375
19538,621.379
19539,621.382
19540,621.439
19541,621.443
19542,621.446
19543,621.530
19544,621.533
19545,621.536
19546,621.542
19547,621.546
19548,621.550
19549,621.588
19550,621.591
19551,621.594
19552,621.597
19553,621.600
19554,621.603
19555,621.606
19556,621.611
19557,621.614
19558,621.651
19559,621.654
19560,621.657
19561,621.661
19562,621.666
19563,621.669
19564,621.706
19565,621.709
19566,621.712
19567,621.717
19568,621.720
19569,621.781
19570,621.784
19571,621.787
19572,621.816
19573,621.818
19574,621.822
19575,621.824
19576,621.828
19577,621.850
19578,621.854
19579,621.870
19580,621.891
19581,621.895
19582,621.909
19583,621.933
19584,621.937
19585,622.044
19586,622.137
19587,622.146
19588,622.155
19589,622.164
19590,622.173
19591,622.184
19592,622.194
19593,622.206
19594,622.218
19595,622.225
19596,622.232
19597,622.239
19598,622.246
19599,622.254
19600,622.320
19601,622.326
19602,622.329
19603,622.472
19604,622.477
19605,622.481
19606,622.575
19607,622.579
19608,622.582
19609,622.585
19610,622.664
19611,622.724
19612,622.728
19613,622.804
19614,622.865
19615,622.870
19616,622.956
19617,623.014
19618,623.136
19619,623.139
19620,623.257
19621,623.264
19622,623.268
19623,623.394
19624,623.398
19625,623.403
19626,623.500
19627,623.504
19628,623.509
19629,623.513
19630,623.603
19631,623.608
19632,623.612
19633,623.616
19634,623.726
19635,623.731
19636,623.735
19637,623.830
19638,623.834
19639,623.839
19640,623.843
19641,623.846
19642,623.850
19643,623.928
19644,623.932
19645,623.935
19646,623.939
19647,624.080
19648,624.085
19649,624.089
19650,624.231
19651,624.236
19652,624.240
19653,624.333
19654,624.396
19655,624.400
19656,624.404
19657,624.407
19658,624.413
19659,624.418
19660,624.424
19661,624.459
19662,624.519
19663,624.666
19664,624.673
19665,624.722
19666,624.722
19667,624.827
19668,624.838
19669,624.844
19670,624.849
19671,625.038
19672,625.043
19673,625.048
19674,625.053
19675,625.245
19676,625.249
19677,625.254
19678,625.258
19679,625.412
19680,625.419
19681,625.427
19682,625.431
19683,625.577
19684,625.583
19685,625.587
19686,625.591
19687,625.692
19688,625.757
19689,625.761
19690,625.764
19691,625.768
19692,625.771
19693,625.802
19694,625.867
19695,626.004
19696,626.008
19697,626.013
19698,626.017
19699,626.162
19700,626.167
19701,626.171
19702,626.176
19703,626.332
19704,626.338
19705,626.344
19706,626.349
19707,626.547
19708,626.552
19709,626.557
19710,626.562
19711,626.699
19712,626.807
19713,626.813
19714,626.820
19715,626.827
19716,626.834
19717,626.840
19718,626.847
19719,626.854
19720,626.860
19721,626.866
19722,626.872
19723,626.879
19724,626.885
19725,626.892
19726,626.899
19727,626.906
19728,626.913
19729,626.919
19730,626.926
19731,626.932
19732,626.939
19733,626.971
19734,627.038
19735,627.192
19736,627.199
19737,627.204
19738,627.209
19739,627.360
19740,627.367
19741,627.372
19742,627.376
19743,627.475
19744,627.543
19745,627.547
19746,627.581
19747,627.585
19748,627.589
19749,627.593
19750,627.671
19751,627.737
19752,627.741
19753,627.814
19754,627.969
19755,627.974
19756,627.978
19757,628.185
19758,628.194
19759,628.204
19760,628.209
19761,628.216
19762,628.411
19763,628.418
19764,628.423
19765,628.428
19766,628.585
19767,628.592
19768,628.597
19769,628.601
19770,628.760
19771,628.767
19772,628.772
19773,628.777
19774,628.873
19775,628.939
19776,628.943
19777,628.975
19778,628.979
19779,628.982
19780,628.986
19781,629.057
19782,629.123
19783,629.127
19784,629.201
19785,629.357
19786,629.362
19787,629.366
19788,629.554
19789,629.565
19790,629.577
19791,629.583
19792,629.590
19793,629.726
19794,629.805
19795,629.810
19796,629.853
19797,629.857
19798,629.862
19799,629.866
19800,629.961
19801,630.047
19802,630.051
19803,630.134
19804,630.279
19805,630.283
19806,630.287
19807,630.448
19808,630.455
19809,630.462
19810,630.467
19811,630.472
19812,630.613
19813,630.620
19814,630.625
19815,630.629
19816,630.722
19817,630.784
19818,630.787
19819,630.818
19820,630.821
19821,630.825
19822,630.949
19823,630.956
19824,630.962
19825,630.966
19826,630.970
19827,631.064
19828,631.068
19829,631.072
19830,631.260
19831,631.270
19832,631.281
19833,631.286
19834,631.292
19835,631.486
19836,631.494
19837,631.504
19838,631.509
19839,631.694
19840,631.702
19841,631.709
19842,631.714
19843,631.812
19844,631.873
19845,631.878
19846,631.911
19847,631.915
19848,631.919
19849,631.988
19850,632.050
19851,632.053
19852,632.138
19853,632.142
19854,632.145
19855,632.304
19856,632.311
19857,632.319
19858,632.324
19859,632.328
19860,632.482
19861,632.490
19862,632.497
19863,632.501
19864,632.650
19865,632.657
19866,632.662
19867,632.667
19868,632.850
19869,632.858
19870,632.864
19871,632.870
19872,633.067
19873,633.077
19874,633.082
19875,633.087
19876,633.270
19877,633.277
19878,633.282
19879,633.287
19880,633.438
19881,633.444
19882,633.451
19883,633.456
19884,633.609
19885,633.615
19886,633.622
19887,633.626
19888,633.770
19889,633.775
19890,633.780
19891,633.929
19892,633.934
19893,633.938
19894,634.089
19895,634.094
19896,634.098
19897,634.255
19898,634.260
19899,634.264
19900,634.482
19901,634.488
19902,634.494
19903,634.692
19904,634.697
19905,634.703
19906,634.874
19907,634.879
19908,634.883
19909,634.947
19910,634.949
19911,635.039
19912,635.043
19913,635.119
19914,635.148
19915,635.152
19916,635.219
19917,635.365
19918,635.370
19919,635.375
19920,635.487
19921,635.491
19922,635.495
19923,635.603
19924,635.607
19925,635.611
19926,635.692
19927,635.718
19928,635.818
19929,635.823
19930,635.827
19931,635.942
19932,635.946
19933,636.056
19934,636.061
19935,636.159
19936,636.192
19937,636.270
19938,636.308
19939,636.419
19940,636.424
19941,636.429
19942,636.487
19943,636.494
19944,636.498
19945,636.501
19946,636.505
19947,636.509
19948,636.513
19949,636.517
19950,636.520
19951,636.524
19952,636.530
19953,636.534
19954,636.615
19955,636.619
19956,636.623
19957,636.698
19958,636.712
19959,636.716
19960,636.737
19961,636.752
19962,636.755
19963,636.768
19964,636.783
19965,636.787
19966,636.801
19967,636.816
19968,636.820
19969,636.852
19970,636.868
19971,636.871
19972,636.916
19973,636.921
19974,636.925
19975,636.929
19976,636.953
19977,636.968
19978,636.971
19979,636.993
19980,637.006
19981,637.009
19982,637.019
19983,637.023
19984,637.026
19985,637.077
19986,637.192
19987,637.197
19988,637.204
19989,637.209
19990,637.213
19991,637.271
19992,637.331
19993,637.342
19994,637.390
19995,637.432
19996,637.443
19997,637.503
19998,637.509
19999,637.513
20000,637.567
20001,637.571
20002,637.574
20003,637.638
20004,637.644
20005,637.649
20006,637.761
20007,637.766
20008,637.775
20009,637.782
20010,637.787
20011,637.791
20012,637.844
20013,637.849
20014,637.853
20015,637.857
20016,637.861
20017,637.865
20018,637.869
20019,637.876
20020,637.880
20021,637.926
20022,637.930
20023,637.934
20024,637.984
20025,637.988
20026,637.992
20027,637.996
20028,637.999
20029,638.003
20030,638.008
20031,638.012
20032,638.020
20033,638.024
20034,638.034
20035,638.038
20036,638.043
20037,638.047
20038,638.052
20039,638.139
20040,638.142
20041,638.146
20042,638.207
20043,638.221
20044,638.225
20045,638.265
20046,638.279
20047,638.283
20048,638.304
20049,638.319
20050,638.323
20051,638.332
20052,638.347
20053,638.350
20054,638.372
20055,638.386
20056,638.390
20057,638.404
20058,638.421
20059,638.424
20060,638.437
20061,638.450
20062,638.453
20063,638.493
20064,638.509
20065,638.512
20066,638.521
20067,638.533
20068,638.536
20069,638.545
20070,638.558
20071,638.561
20072,638.589
20073,638.605
20074,638.608
20075,638.617
20076,638.620
20077,638.623
20078,638.626
20079,638.681
20080,638.794
20081,638.798
20082,638.804
20083,638.810
20084,638.813
20085,638.875
20086,638.881
20087,638.885
20088,638.942
20089,638.946
20090,638.949
20091,639.036
20092,639.040
20093,639.045
20094,639.050
20095,639.055
20096,639.058
20097,639.095
20098,639.098
20099,639.101
20100,639.104
20101,639.109
20102,639.112
20103,639.116
20104,639.132
20105,639.137
20106,639.253
20107,639.345
20108,639.350
20109,639.355
20110,639.364
20111,639.372
20112,639.380
20113,639.389
20114,639.397
20115,639.406
20116,639.415
20117,639.423
20118,639.433
20119,639.442
20120,639.451
20121,639.607
20122,639.611
20123,639.615
20124,639.745
20125,639.750
20126,639.754
20127,639.895
20128,639.899
20129,639.904
20130,640.032
20131,640.037
20132,640.041
20133,640.140
20134,640.206
20135,640.210
20136,640.214
20137,640.217
20138,640.221
20139,640.225
20140,640.228
20141,640.260
20142,640.323
20143,640.454
20144,640.458
20145,640.463
20146,640.467
20147,640.594
20148,640.599
20149,640.603
20150,640.606
20151,640.786
20152,640.791
20153,640.798
20154,640.801
20155,640.978
20156,640.987
20157,640.992
20158,640.997
20159,641.174
20160,641.182
20161,641.190
20162,641.195
20163,641.334
20164,641.341
20165,641.346
20166,641.350
20167,641.445
20168,641.506
20169,641.510
20170,641.513
20171,641.516
20172,641.519
20173,641.548
20174,641.608
20175,641.750
20176,641.757
20177,641.764
20178,641.768
20179,641.903
20180,641.908
20181,641.912
20182,641.917
20183,642.051
20184,642.056
20185,642.061
20186,642.065
20187,642.214
20188,642.219
20189,642.224
20190,642.229
20191,642.357
20192,642.455
20193,642.464
20194,642.472
20195,642.480
20196,642.488
20197,642.496
20198,642.504
20199,642.512
20200,642.520
20201,642.528
20202,642.536
20203,642.544
20204,642.554
20205,642.563
20206,642.573
20207,642.583
20208,642.592
20209,642.598
20210,642.605
20211,642.611
20212,642.618
20213,642.654
20214,642.720
20215,642.862
20216,642.866
20217,642.872
20218,642.876
20219,643.026
20220,643.032
20221,643.038
20222,643.042
20223,643.195
20224,643.204
20225,643.211
20226,643.217
20227,643.365
20228,643.373
20229,643.377
20230,643.382
20231,643.527
20232,643.533
20233,643.538
20234,643.543
20235,643.687
20236,643.695
20237,643.700
20238,643.705
20239,643.898
20240,643.907
20241,643.913
20242,643.919
20243,644.114
20244,644.123
20245,644.135
20246,644.140
20247,644.299
20248,644.306
20249,644.311
20250,644.315
20251,644.461
20252,644.470
20253,644.475
20254,644.480
20255,644.624
20256,644.632
20257,644.640
20258,644.645
20259,644.798
20260,644.806
20261,644.815
20262,644.821
20263,644.973
20264,644.980
20265,644.988
20266,644.993
20267,645.146
20268,645.153
20269,645.161
20270,645.165
20271,645.313
20272,645.323
20273,645.328
20274,645.334
20275,645.518
20276,645.527
20277,645.533
20278,645.539
20279,645.732
20280,645.744
20281,645.750
20282,645.757
20283,645.898
20284,645.905
20285,645.913
20286,645.916
20287,646.051
20288,646.057
20289,646.064
20290,646.068
20291,646.210
20292,646.217
20293,646.224
20294,646.229
20295,646.378
20296,646.383
20297,646.388
20298,646.532
20299,646.537
20300,646.542
20301,646.681
20302,646.685
20303,646.690
20304,646.821
20305,646.826
20306,646.830
20307,647.016
20308,647.022
20309,647.029
20310,647.216
20311,647.222
20312,647.228
20313,647.401
20314,647.407
20315,647.412
20316,647.535
20317,647.603
20318,647.607
20319,647.611
20320,647.615
20321,647.621
20322,647.629
20323,647.634
20324,647.640
20325,647.646
20326,647.652
20327,647.657
20328,647.664
20329,647.670
20330,647.676
20331,647.812
20332,647.816
20333,647.820
20334,647.948
20335,647.952
20336,647.956
20337,648.094
20338,648.098
20339,648.102
20340,648.242
20341,648.247
20342,648.252
20343,648.348
20344,648.415
20345,648.419
20346,648.423
20347,648.427
20348,648.430
20349,648.434
20350,648.438
20351,648.470
20352,648.549
20353,648.732
20354,648.738
20355,648.743
20356,648.748
20357,648.933
20358,648.944
20359,648.949
20360,648.954
20361,649.105
20362,649.109
20363,649.115
20364,649.119
20365,649.258
20366,649.265
20367,649.270
20368,649.274
20369,649.419
20370,649.426
20371,649.433
20372,649.438
20373,649.576
20374,649.583
20375,649.587
20376,649.591
20377,649.688
20378,649.752
20379,649.757
20380,649.760
20381,649.764
20382,649.768
20383,649.798
20384,649.861
20385,650.000
20386,650.006
20387,650.013
20388,650.017
20389,650.172
20390,650.177
20391,650.183
20392,650.189
20393,650.371
20394,650.376
20395,650.381
20396,650.386
20397,650.571
20398,650.575
20399,650.580
20400,650.585
20401,650.695
20402,650.763
20403,650.769
20404,650.775
20405,650.781
20406,650.786
20407,650.792
20408,650.797
20409,650.803
20410,650.808
20411,650.814
20412,650.820
20413,650.826
20414,650.831
20415,650.837
20416,650.843
20417,650.849
20418,650.856
20419,650.862
20420,650.869
20421,650.876
20422,650.882
20423,650.916
20424,650.979
20425,651.119
20426,651.124
20427,651.129
20428,651.134
20429,651.276
20430,651.283
20431,651.288
20432,651.293
20433,651.447
20434,651.454
20435,651.463
20436,651.467
20437,651.608
20438,651.616
20439,651.621
20440,651.626
20441,651.802
20442,651.811
20443,651.816
20444,651.822
20445,652.021
20446,652.031
20447,652.038
20448,652.043
20449,652.230
20450,652.237
20451,652.243
20452,652.247
20453,652.401
20454,652.409
20455,652.417
20456,652.422
20457,652.574
20458,652.581
20459,652.586
20460,652.590
20461,652.739
20462,652.746
20463,652.751
20464,652.756
20465,652.906
20466,652.914
20467,652.922
20468,652.927
20469,653.088
20470,653.097
20471,653.105
20472,653.111
20473,653.264
20474,653.271
20475,653.279
20476,653.284
20477,653.468
20478,653.478
20479,653.489
20480,653.494
20481,653.672
20482,653.681
20483,653.686
20484,653.692
20485,653.866
20486,653.873
20487,653.878
20488,653.882
20489,654.021
20490,654.028
20491,654.033
20492,654.037
20493,654.176
20494,654.182
20495,654.188
20496,654.192
20497,654.327
20498,654.334
20499,654.340
20500,654.345
20501,654.482
20502,654.489
20503,654.495
20504,654.500
20505,654.633
20506,654.638
20507,654.645
20508,654.777
20509,654.781
20510,654.785
20511,654.875
20512,654.963
20513,654.968
20514,654.972
20515,655.015
20516,655.098
20517,655.137
20518,655.141
20519,655.145
20520,655.251
20521,655.261
20522,655.267
20523,655.273
20524,655.374
20525,655.378
20526,655.382
20527,655.494
20528,655.500
20529,655.504
20530,655.508
20531,655.635
20532,655.640
20533,655.644
20534,655.785
20535,655.789
20536,655.794
20537,655.927
20538,655.932
20539,655.936
20540,656.064
20541,656.068
20542,656.072
20543,656.178
20544,656.248
20545,656.253
20546,656.257
20547,656.263
20548,656.270
20549,656.276
20550,656.282
20551,656.288
20552,656.294
20553,656.300
20554,656.306
20555,656.313
20556,656.320
20557,656.327
20558,656.435
20559,656.441
20560,656.446
20561,656.603
20562,656.608
20563,656.613
20564,656.762
20565,656.767
20566,656.772
20567,656.924
20568,656.928
20569,656.932
20570,657.032
20571,657.096
20572,657.099
20573,657.103
20574,657.107
20575,657.111
20576,657.114
20577,657.118
20578,657.149
20579,657.212
20580,657.331
20581,657.337
20582,657.342
20583,657.346
20584,657.457
20585,657.461
20586,657.466
20587,657.469
20588,657.582
20589,657.588
20590,657.593
20591,657.597
20592,657.712
20593,657.718
20594,657.722
20595,657.726
20596,657.843
20597,657.849
20598,657.856
20599,657.860
20600,657.982
20601,657.988
20602,657.992
20603,657.996
20604,658.106
20605,658.192
20606,658.197
20607,658.201
20608,658.206
20609,658.210
20610,658.256
20611,658.339
20612,658.495
20613,658.501
20614,658.506
20615,658.512
20616,658.655
20617,658.660
20618,658.665
20619,658.669
20620,658.794
20621,658.798
20622,658.803
20623,658.807
20624,658.929
20625,658.933
20626,658.937
20627,658.941
20628,659.039
20629,659.112
20630,659.119
20631,659.125
20632,659.131
20633,659.137
20634,659.142
20635,659.148
20636,659.154
20637,659.159
20638,659.165
20639,659.171
20640,659.176
20641,659.182
20642,659.188
20643,659.194
20644,659.200
20645,659.207
20646,659.213
20647,659.219
20648,659.226
20649,659.232
20650,659.264
20651,659.328
20652,659.449
20653,659.456
20654,659.462
20655,659.466
20656,659.580
20657,659.587
20658,659.593
20659,659.596
20660,659.732
20661,659.742
20662,659.751
20663,659.756
20664,659.914
20665,659.924
20666,659.928
20667,659.933
20668,660.081
20669,660.089
20670,660.094
20671,660.098
20672,660.214
20673,660.221
20674,660.227
20675,660.231
20676,660.343
20677,660.350
20678,660.356
20679,660.360
20680,660.477
20681,660.484
20682,660.490
20683,660.494
20684,660.605
20685,660.611
20686,660.617
20687,660.621
20688,660.738
20689,660.745
20690,660.751
20691,660.755
20692,660.875
20693,660.881
20694,660.888
20695,660.892
20696,661.013
20697,661.019
20698,661.026
20699,661.030
20700,661.140
20701,661.149
20702,661.160
20703,661.164
20704,661.322
20705,661.330
20706,661.339
20707,661.343
20708,661.490
20709,661.499
20710,661.507
20711,661.512
20712,661.650
20713,661.657
20714,661.664
20715,661.668
20716,661.784
20717,661.791
20718,661.797
20719,661.801
20720,661.925
20721,661.932
20722,661.939
20723,661.943
20724,662.059
20725,662.065
20726,662.069
20727,662.074
20728,662.188
20729,662.198
20730,662.203
20731,662.206
20732,662.323
20733,662.328
20734,662.332
20735,662.448
20736,662.452
20737,662.457
20738,662.573
20739,662.577
20740,662.581
20741,662.699
20742,662.703
20743,662.709
20744,662.862
20745,662.867
20746,662.872
20747,663.021
20748,663.025
20749,663.030
20750,663.182
20751,663.186
20752,663.190
20753,663.259
20754,663.366
20755,663.370
20756,663.374
20757,663.449
20758,663.515
20759,663.538
20760,663.597
20761,663.625
20762,663.701
20763,663.705
20764,663.792
20765,663.795
20766,663.858
20767,663.862
20768,664.320
20769,664.325
20770,664.669
20771,664.773
20772,664.778
20773,664.891
20774,664.895
20775,664.900
20776,664.945
20777,664.954
20778,664.958
20779,664.966
20780,664.974
20781,664.982
20782,664.990
20783,664.998
20784,665.006
20785,665.014
20786,665.022
20787,665.031
20788,665.041
20789,665.052
20790,665.057
20791,665.141
20792,665.144
20793,665.148
20794,665.226
20795,665.240
20796,665.244
20797,665.277
20798,665.337
20799,665.341
20800,665.345
20801,665.376
20802,665.438
20803,665.443
20804,665.482
20805,665.498
20806,665.503
20807,665.514
20808,665.517
20809,665.522
20810,665.525
20811,665.555
20812,665.570
20813,665.573
20814,665.612
20815,665.615
20816,665.619
20817,665.622
20818,665.656
20819,665.659
20820,665.664
20821,665.667
20822,665.672
20823,665.686
20824,665.689
20825,665.727
20826,665.733
20827,665.736
20828,665.741
20829,665.744
20830,665.775
20831,665.791
20832,665.794
20833,665.804
20834,665.822
20835,665.822
20836,665.863
20837,665.869
20838,665.874
20839,665.877
20840,665.881
20841,665.886
20842,665.890
20843,665.893
20844,665.898
20845,665.915
20846,665.918
20847,665.927
20848,665.939
20849,665.942
20850,665.976
20851,666.015
20852,666.028
20853,666.031
20854,666.036
20855,666.050
20856,666.064
20857,666.067
20858,666.110
20859,666.210
20860,666.215
20861,666.220
20862,666.280
20863,666.288
20864,666.296
20865,666.304
20866,666.313
20867,666.321
20868,666.329
20869,666.337
20870,666.345
20871,666.353
20872,666.361
20873,666.369
20874,666.377
20875,666.385
20876,666.394
20877,666.402
20878,666.410
20879,666.419
20880,666.428
20881,666.437
20882,666.447
20883,666.457
20884,666.465
20885,666.472
20886,666.479
20887,666.486
20888,666.493
20889,666.501
20890,666.508
20891,666.515
20892,666.522
20893,666.600
20894,666.607
20895,666.610
20896,666.679
20897,666.696
20898,666.700
20899,666.741
20900,666.757
20901,666.761
20902,666.803
20903,666.819
20904,666.822
20905,666.834
20906,666.851
20907,666.854
20908,666.899
20909,666.903
20910,666.906
20911,666.937
20912,666.940
20913,666.945
20914,666.948
20915,666.980
20916,666.986
20917,666.990
20918,666.996
20919,667.020
20920,667.036
20921,667.039
20922,667.061
20923,667.077
20924,667.080
20925,667.092
20926,667.108
20927,667.111
20928,667.123
20929,667.138
20930,667.141
20931,667.170
20932,667.186
20933,667.189
20934,667.233
20935,667.239
20936,667.245
20937,667.251
20938,667.276
20939,667.291
20940,667.296
20941,667.317
20942,667.332
20943,667.337
20944,667.374
20945,667.378
20946,667.383
20947,667.387
20948,667.406
20949,667.431
20950,667.438
20951,667.466
20952,667.489
20953,667.497
20954,667.513
20955,667.536
20956,667.542
20957,667.569
20958,667.592
20959,667.599
20960,667.618
20961,667.642
20962,667.650
20963,667.667
20964,667.695
20965,667.705
20966,667.751
20967,667.768
20968,667.775
20969,667.804
20970,667.820
20971,667.826
20972,667.866
20973,667.882
20974,667.888
20975,667.930
20976,667.948
20977,667.954
20978,667.989
20979,668.055
20980,668.061
20981,668.065
20982,668.096
20983,668.162
20984,668.167
20985,668.177
20986,668.193
20987,668.199
20988,668.228
20989,668.244
20990,668.250
20991,668.260
20992,668.263
20993,668.266
20994,668.318
20995,668.432
20996,668.436
20997,668.442
20998,668.447
20999,668.450
21000,668.507
21001,668.520
21002,668.530
21003,668.534
21004,668.561
21005,668.575
21006,668.584
21007,668.587
21008,668.612
21009,668.665
21010,668.673
21011,668.711
21012,668.793
21013,668.808
21014,668.888
21015,668.903
21016,668.903
21017,668.974
21018,668.978
21019,668.983
21020,669.061
21021,669.072
21022,669.077
21023,669.149
21024,669.152
21025,669.156
21026,669.246
21027,669.250
21028,669.256
21029,669.261
21030,669.265
21031,669.268
21032,669.306
21033,669.310
21034,669.313
21035,669.317
21036,669.320
21037,669.323
21038,669.328
21039,669.331
21040,669.335
21041,669.338
21042,669.344
21043,669.348
21044,669.419
21045,669.422
21046,669.425
21047,669.498
21048,669.502
21049,669.561
21050,669.564
21051,669.568
21052,669.626
21053,669.629
21054,669.633
21055,669.756
21056,669.761
21057,669.844
21058,669.872
21059,669.875
21060,669.881
21061,669.887
21062,669.893
21063,669.898
21064,669.904
21065,669.948
21066,670.013
21067,670.038
21068,670.044
21069,670.050
21070,670.057
21071,670.063
21072,670.069
21073,670.081
21074,670.108
21075,670.225
21076,670.231
21077,670.237
21078,670.244
21079,670.249
21080,670.405
21081,670.410
21082,670.415
21083,670.421
21084,670.427
21085,670.570
21086,670.576
21087,670.586
21088,670.595
21089,670.599
21090,670.737
21091,670.741
21092,670.748
21093,670.752
21094,670.756
21095,670.865
21096,670.872
21097,670.876
21098,670.880
21099,670.884
21100,670.996
21101,671.000
21102,671.004
21103,671.008
21104,671.079
21105,671.082
21106,671.086
21107,671.089
21108,671.092
21109,671.152
21110,671.172
21111,671.237
21112,671.240
21113,671.244
21114,671.317
21115,671.323
21116,671.327
21117,671.400
21118,671.426
21119,671.432
21120,671.438
21121,671.443
21122,671.448
21123,671.454
21124,671.459
21125,671.465
21126,671.471
21127,671.484
21128,671.509
21129,671.617
21130,671.621
21131,671.625
21132,671.630
21133,671.633
21134,671.737
21135,671.741
21136,671.748
21137,671.754
21138,671.760
21139,671.903
21140,671.909
21141,671.915
21142,671.920
21143,671.924
21144,672.058
21145,672.063
21146,672.071
21147,672.076
21148,672.081
21149,672.223
21150,672.227
21151,672.234
21152,672.240
21153,672.245
21154,672.359
21155,672.364
21156,672.370
21157,672.377
21158,672.381
21159,672.493
21160,672.497
21161,672.503
21162,672.510
21163,672.514
21164,672.622
21165,672.627
21166,672.633
21167,672.638
21168,672.642
21169,672.714
21170,672.732
21171,672.736
21172,672.746
21173,672.764
21174,672.873
21175,672.877
21176,672.881
21177,672.885
21178,672.889
21179,672.962
21180,672.982
21181,672.985
21182,672.995
21183,673.013
21184,673.120
21185,673.124
21186,673.128
21187,673.132
21188,673.137
21189,673.208
21190,673.227
21191,673.231
21192,673.241
21193,673.260
21194,673.389
21195,673.393
21196,673.399
21197,673.403
21198,673.408
21199,673.551
21200,673.636
21201,673.644
21202,673.653
21203,673.661
21204,673.669
21205,673.678
21206,673.686
21207,673.696
21208,673.706
21209,673.716
21210,673.726
21211,673.733
21212,673.739
21213,673.746
21214,673.893
21215,673.897
21216,673.901
21217,673.996
21218,674.000
21219,674.004
21220,674.007
21221,674.011
21222,674.109
21223,674.168
21224,674.260
21225,674.264
21226,674.269
21227,674.273
21228,674.405
21229,674.409
21230,674.549
21231,674.554
21232,674.558
21233,674.701
21234,674.705
21235,674.709
21236,674.800
21237,674.884
21238,674.897
21239,674.905
21240,674.914
21241,674.923
21242,674.931
21243,674.939
21244,674.978
21245,675.055
21246,675.244
21247,675.252
21248,675.258
21249,675.262
21250,675.412
21251,675.418
21252,675.425
21253,675.429
21254,675.570
21255,675.577
21256,675.583
21257,675.587
21258,675.727
21259,675.735
21260,675.741
21261,675.745
21262,675.896
21263,675.903
21264,675.911
21265,675.915
21266,676.065
21267,676.072
21268,676.079
21269,676.083
21270,676.180
21271,676.240
21272,676.244
21273,676.247
21274,676.251
21275,676.255
21276,676.302
21277,676.383
21278,676.575
21279,676.585
21280,676.594
21281,676.599
21282,676.790
21283,676.797
21284,676.802
21285,676.807
21286,676.958
21287,676.965
21288,676.970
21289,676.974
21290,677.126
21291,677.133
21292,677.139
21293,677.143
21294,677.237
21295,677.304
21296,677.310
21297,677.316
21298,677.321
21299,677.326
21300,677.331
21301,677.337
21302,677.343
21303,677.348
21304,677.353
21305,677.359
21306,677.365
21307,677.370
21308,677.376
21309,677.382
21310,677.388
21311,677.394
21312,677.400
21313,677.407
21314,677.413
21315,677.419
21316,677.449
21317,677.512
21318,677.654
21319,677.661
21320,677.669
21321,677.673
21322,677.858
21323,677.869
21324,677.881
21325,677.887
21326,678.089
21327,678.098
21328,678.107
21329,678.113
21330,678.279
21331,678.286
21332,678.292
21333,678.296
21334,678.440
21335,678.447
21336,678.454
21337,678.459
21338,678.609
21339,678.616
21340,678.623
21341,678.628
21342,678.775
21343,678.782
21344,678.789
21345,678.794
21346,678.946
21347,678.953
21348,678.960
21349,678.965
21350,679.107
21351,679.114
21352,679.121
21353,679.125
21354,679.298
21355,679.308
21356,679.317
21357,679.322
21358,679.512
21359,679.521
21360,679.531
21361,679.535
21362,679.717
21363,679.724
21364,679.732
21365,679.737
21366,679.880
21367,679.887
21368,679.894
21369,679.898
21370,680.045
21371,680.052
21372,680.060
21373,680.065
21374,680.217
21375,680.223
21376,680.230
21377,680.234
21378,680.371
21379,680.377
21380,680.384
21381,680.389
21382,680.525
21383,680.531
21384,680.537
21385,680.541
21386,680.705
21387,680.714
21388,680.724
21389,680.729
21390,680.843
21391,680.922
21392,680.929
21393,680.967
21394,681.061
21395,681.156
21396,681.162
21397,681.168
21398,681.174
21399,681.261
21400,681.318
21401,681.323
21402,681.328
21403,681.421
21404,681.427
21405,681.433
21406,681.436
21407,681.439
21408,681.529
21409,681.534
21410,681.539
21411,681.544
21412,681.549
21413,681.640
21414,681.646
21415,681.652
21416,681.657
21417,681.663
21418,681.763
21419,681.770
21420,681.777
21421,681.783
21422,681.879
21423,681.884
21424,681.890
21425,681.896
21426,681.902
21427,681.908
21428,682.010
21429,682.015
21430,682.021
21431,682.025
21432,682.029
21433,682.033
21434,682.122
21435,682.128
21436,682.134
21437,682.139
21438,682.172
21439,682.266
21440,682.274
21441,682.318
21442,682.403
21443,682.440
21444,682.444
21445,682.448
21446,682.537
21447,682.546
21448,682.556
21449,682.565
21450,682.575
21451,682.582
21452,682.680
21453,682.685
21454,682.691
21455,682.697
21456,682.704
21457,682.791
21458,682.850
21459,682.946
21460,682.952
21461,682.959
21462,682.965
21463,682.971
21464,682.977
21465,682.983
21466,683.084
21467,683.090
21468,683.096
21469,683.100
21470,683.104
21471,683.108
21472,683.111
21473,683.199
21474,683.205
21475,683.211
21476,683.216
21477,683.244
21478,683.304
21479,683.308
21480,683.312
21481,683.341
21482,683.400
21483,683.429
21484,683.489
21485,683.577
21486,683.581
21487,683.585
21488,683.590
21489,683.593
21490,683.695
21491,683.700
21492,683.704
21493,683.789
21494,683.868
21495,683.872
21496,683.956
21497,683.963
21498,683.972
21499,683.976
21500,683.981
21501,684.100
21502,684.106
21503,684.112
21504,684.118
21505,684.214
21506,684.220
21507,684.224
21508,684.227
21509,684.317
21510,684.321
21511,684.325
21512,684.329
21513,684.333
21514,684.336
21515,684.368
21516,684.432
21517,684.439
21518,684.532
21519,684.536
21520,684.542
21521,684.545
21522,684.637
21523,684.643
21524,684.649
21525,684.652
21526,684.657
21527,684.746
21528,684.753
21529,684.759
21530,684.765
21531,684.857
21532,684.863
21533,684.870
21534,684.873
21535,684.877
21536,684.978
21537,684.982
21538,684.986
21539,684.990
21540,684.995
21541,685.149
21542,685.154
21543,685.159
21544,685.340
21545,685.346
21546,685.352
21547,685.560
21548,685.566
21549,685.571
21550,685.763
21551,685.770
21552,685.774
21553,685.928
21554,685.935
21555,685.939
21556,686.097
21557,686.102
21558,686.107
21559,686.230
21560,686.300
21561,686.306
21562,686.312
21563,686.318
21564,686.324
21565,686.330
21566,686.336
21567,686.343
21568,686.349
21569,686.355
21570,686.362
21571,686.369
21572,686.376
21573,686.383
21574,686.534
21575,686.539
21576,686.543
21577,686.641
21578,686.644
21579,686.649
21580,686.652
21581,686.656
21582,686.748
21583,686.820
21584,686.951
21585,686.956
21586,686.965
21587,686.969
21588,687.097
21589,687.105
21590,687.110
21591,687.304
21592,687.309
21593,687.313
21594,687.467
21595,687.471
21596,687.476
21597,687.575
21598,687.641
21599,687.648
21600,687.654
21601,687.661
21602,687.668
21603,687.674
21604,687.680
21605,687.711
21606,687.775
21607,687.924
21608,687.932
21609,687.938
21610,687.943
21611,688.098
21612,688.106
21613,688.113
21614,688.118
21615,688.271
21616,688.278
21617,688.286
21618,688.290
21619,688.468
21620,688.478
21621,688.487
21622,688.492
21623,688.695
21624,688.705
21625,688.715
21626,688.722
21627,688.906
21628,688.912
21629,688.919
21630,688.923
21631,689.016
21632,689.074
21633,689.080
21634,689.086
21635,689.091
21636,689.096
21637,689.125
21638,689.184
21639,689.323
21640,689.331
21641,689.338
21642,689.342
21643,689.485
21644,689.492
21645,689.499
21646,689.503
21647,689.647
21648,689.654
21649,689.659
21650,689.664
21651,689.807
21652,689.814
21653,689.818
21654,689.823
21655,689.935
21656,690.030
21657,690.038
21658,690.047
21659,690.056
21660,690.064
21661,690.071
21662,690.079
21663,690.087
21664,690.094
21665,690.102
21666,690.109
21667,690.117
21668,690.125
21669,690.134
21670,690.142
21671,690.150
21672,690.158
21673,690.167
21674,690.175
21675,690.184
21676,690.193
21677,690.233
21678,690.319
21679,690.466
21680,690.474
21681,690.480
21682,690.485
21683,690.630
21684,690.638
21685,690.645
21686,690.649
21687,690.797
21688,690.804
21689,690.811
21690,690.816
21691,690.963
21692,690.971
21693,690.979
21694,690.983
21695,691.137
21696,691.144
21697,691.152
21698,691.156
21699,691.310
21700,691.316
21701,691.323
21702,691.327
21703,691.528
21704,691.536
21705,691.544
21706,691.549
21707,691.749
21708,691.756
21709,691.763
21710,691.768
21711,691.915
21712,691.922
21713,691.929
21714,691.933
21715,692.076
21716,692.083
21717,692.090
21718,692.094
21719,692.236
21720,692.244
21721,692.251
21722,692.255
21723,692.401
21724,692.409
21725,692.416
21726,692.422
21727,692.561
21728,692.568
21729,692.575
21730,692.579
21731,692.721
21732,692.727
21733,692.734
21734,692.738
21735,692.928
21736,692.937
21737,692.946
21738,692.951
21739,693.142
21740,693.152
21741,693.162
21742,693.168
21743,693.321
21744,693.327
21745,693.336
21746,693.339
21747,693.485
21748,693.492
21749,693.499
21750,693.503
21751,693.596
21752,693.655
21753,693.661
21754,693.690
21755,693.747
21756,693.835
21757,693.841
21758,693.846
21759,693.851
21760,693.940
21761,694.000
21762,694.006
21763,694.011
21764,694.106
21765,694.111
21766,694.116
21767,694.120
21768,694.123
21769,694.216
21770,694.221
21771,694.226
21772,694.230
21773,694.237
21774,694.359
21775,694.367
21776,694.375
21777,694.382
21778,694.391
21779,694.503
21780,694.510
21781,694.517
21782,694.524
21783,694.640
21784,694.648
21785,694.656
21786,694.663
21787,694.668
21788,694.674
21789,694.778
21790,694.783
21791,694.789
21792,694.792
21793,694.796
21794,694.799
21795,694.887
21796,694.893
21797,694.898
21798,694.904
21799,694.932
21800,694.998
21801,695.003
21802,695.033
21803,695.096
21804,695.126
21805,695.131
21806,695.137
21807,695.201
21808,695.207
21809,695.213
21810,695.218
21811,695.224
21812,695.229
21813,695.324
21814,695.330
21815,695.336
21816,695.341
21817,695.346
21818,695.430
21819,695.489
21820,695.588
21821,695.594
21822,695.600
21823,695.605
21824,695.610
21825,695.616
21826,695.621
21827,695.734
21828,695.743
21829,695.752
21830,695.757
21831,695.762
21832,695.768
21833,695.773
21834,695.894
21835,695.902
21836,695.909
21837,695.916
21838,695.957
21839,696.037
21840,696.041
21841,696.046
21842,696.084
21843,696.154
21844,696.182
21845,696.245
21846,696.335
21847,696.338
21848,696.342
21849,696.347
21850,696.350
21851,696.444
21852,696.449
21853,696.452
21854,696.525
21855,696.586
21856,696.589
21857,696.654
21858,696.660
21859,696.667
21860,696.671
21861,696.674
21862,696.759
21863,696.765
21864,696.771
21865,696.777
21866,696.866
21867,696.872
21868,696.878
21869,696.882
21870,696.968
21871,696.972
21872,696.976
21873,696.979
21874,696.983
21875,696.986
21876,697.015
21877,697.074
21878,697.079
21879,697.170
21880,697.174
21881,697.179
21882,697.182
21883,697.287
21884,697.296
21885,697.304
21886,697.307
21887,697.312
21888,697.425
21889,697.433
21890,697.440
21891,697.447
21892,697.557
21893,697.566
21894,697.574
21895,697.578
21896,697.582
21897,697.690
21898,697.693
21899,697.697
21900,697.700
21901,697.704
21902,697.840
21903,697.846
21904,697.850
21905,697.988
21906,697.992
21907,697.997
21908,698.131
21909,698.135
21910,698.139
21911,698.287
21912,698.294
21913,698.298
21914,698.442
21915,698.448
21916,698.453
21917,698.592
21918,698.597
21919,698.602
21920,698.686
21921,698.690
21922,698.804
21923,698.884
21924,698.962
21925,699.126
21926,699.141
21927,699.145
21928,699.155
21929,699.159
21930,699.202
21931,699.213
21932,699.242
21933,699.302
21934,699.309
21935,699.321
21936,699.325
21937,699.812
21938,699.816
21939,699.820
21940,700.204
21941,700.563
21942,700.568
21943,700.572
21944,700.575
21945,700.827
21946,701.359
21947,701.364
21948,701.369
21949,701.755
21950,701.834
21951,701.837
21952,701.927
21953,701.930
21954,701.934
21955,701.969
21956,701.974
21957,701.977
21958,701.981
21959,701.986
21960,701.991
21961,701.996
21962,702.001
21963,702.006
21964,702.011
21965,702.017
21966,702.022
21967,702.028
21968,702.031
21969,702.108
21970,702.111
21971,702.114
21972,702.160
21973,702.173
21974,702.176
21975,702.209
21976,702.248
21977,702.262
21978,702.265
21979,702.298
21980,702.339
21981,702.355
21982,702.358
21983,702.381
21984,702.397
21985,702.400
21986,702.412
21987,702.427
21988,702.430
21989,702.442
21990,702.457
21991,702.460
21992,702.491
21993,702.507
21994,702.511
21995,702.526
21996,702.541
21997,702.545
21998,702.557
21999,702.574
22000,702.578
22001,702.619
22002,702.634
22003,702.638
22004,702.648
22005,702.651
22006,702.654
22007,702.719
22008,702.874
22009,702.879
22010,702.888
22011,702.892
22012,702.964
22013,703.045
22014,703.061
22015,703.098
22016,703.120
22017,703.138
22018,703.142
22019,703.211
22020,703.217
22021,703.221
22022,703.282
22023,703.285
22024,703.289
22025,703.371
22026,703.375
22027,703.380
22028,703.385
22029,703.389
22030,703.393
22031,703.428
22032,703.431
22033,703.434
22034,703.437
22035,703.441
22036,703.444
22037,703.449
22038,703.452
22039,703.538
22040,703.588
22041,703.593
22042,703.599
22043,703.604
22044,703.610
22045,703.617
22046,703.623
22047,703.629
22048,703.635
22049,703.642
22050,703.649
22051,703.655
22052,703.662
22053,703.668
22054,703.764
22055,703.768
22056,703.771
22057,703.867
22058,703.871
22059,703.875
22060,703.970
22061,703.974
22062,703.978
22063,704.081
22064,704.086
22065,704.090
22066,704.183
22067,704.232
22068,704.241
22069,704.250
22070,704.260
22071,704.268
22072,704.276
22073,704.284
22074,704.318
22075,704.384
22076,704.525
22077,704.534
22078,704.543
22079,704.551
22080,704.691
22081,704.699
22082,704.706
22083,704.710
22084,704.819
22085,704.826
22086,704.833
22087,704.837
22088,704.943
22089,704.950
22090,704.957
22091,704.963
22092,705.076
22093,705.084
22094,705.091
22095,705.096
22096,705.199
22097,705.206
22098,705.212
22099,705.217
22100,705.303
22101,705.350
22102,705.354
22103,705.360
22104,705.365
22105,705.371
22106,705.394
22107,705.438
22108,705.537
22109,705.543
22110,705.547
22111,705.551
22112,705.648
22113,705.654
22114,705.657
22115,705.661
22116,705.754
22117,705.759
22118,705.762
22119,705.765
22120,705.891
22121,705.899
22122,705.904
22123,705.908
22124,706.021
22125,706.090
22126,706.098
22127,706.106
22128,706.114
22129,706.121
22130,706.129
22131,706.136
22132,706.146
22133,706.155
22134,706.164
22135,706.173
22136,706.179
22137,706.185
22138,706.191
22139,706.197
22140,706.203
22141,706.209
22142,706.215
22143,706.221
22144,706.227
22145,706.232
22146,706.257
22147,706.307
22148,706.409
22149,706.415
22150,706.422
22151,706.427
22152,706.529
22153,706.535
22154,706.542
22155,706.548
22156,706.648
22157,706.655
22158,706.661
22159,706.665
22160,706.764
22161,706.770
22162,706.777
22163,706.780
22164,706.877
22165,706.884
22166,706.890
22167,706.894
22168,706.992
22169,706.999
22170,707.005
22171,707.009
22172,707.105
22173,707.111
22174,707.117
22175,707.121
22176,707.242
22177,707.251
22178,707.260
22179,707.265
22180,707.401
22181,707.409
22182,707.417
22183,707.421
22184,707.551
22185,707.560
22186,707.569
22187,707.574
22188,707.693
22189,707.699
22190,707.705
22191,707.712
22192,707.815
22193,707.822
22194,707.828
22195,707.835
22196,707.936
22197,707.943
22198,707.949
22199,707.953
22200,708.053
22201,708.059
22202,708.065
22203,708.071
22204,708.172
22205,708.179
22206,708.185
22207,708.191
22208,708.295
22209,708.302
22210,708.309
22211,708.315
22212,708.420
22213,708.428
22214,708.435
22215,708.441
22216,708.544
22217,708.550
22218,708.557
22219,708.563
22220,708.665
22221,708.670
22222,708.676
22223,708.687
22224,708.832
22225,708.842
22226,708.853
22227,708.861
22228,708.995
22229,709.000
22230,709.005
22231,709.145
22232,709.151
22233,709.155
22234,709.269
22235,709.273
22236,709.277
22237,709.380
22238,709.384
22239,709.388
22240,709.496
22241,709.501
22242,709.505
22243,709.607
22244,709.611
22245,709.615
22246,709.722
22247,709.727
22248,709.731
22249,709.830
22250,709.834
22251,709.838
22252,709.841
22253,709.846
22254,709.850
22255,709.856
22256,709.859
22257,709.863
22258,709.867
22259,709.873
22260,709.877
22261,709.955
22262,709.961
22263,709.967
22264,709.971
22265,710.036
22266,710.042
22267,710.045
22268,710.075
22269,710.081
22270,710.084
22271,710.111
22272,710.165
22273,710.192
22274,710.252
22275,710.317
22276,710.321
22277,710.388
22278,710.392
22279,710.473
22280,710.478
22281,710.581
22282,710.585
22283,710.589
22284,710.703
22285,710.712
22286,710.718
22287,710.724
22288,710.728
22289,710.745
22290,710.749
22291,710.756
22292,710.759
22293,710.829
22294,710.900
22295,710.903
22296,710.965
22297,710.968
22298,710.971
22299,711.033
22300,711.036
22301,711.040
22302,711.109
22303,711.113
22304,711.116
22305,711.189
22306,711.192
22307,711.196
22308,711.199
22309,711.289
22310,711.293
22311,711.296
22312,711.300
22313,711.304
22314,711.307
22315,711.311
22316,711.316
22317,711.319
22318,711.323
22319,711.354
22320,711.444
22321,711.580
22322,711.584
22323,711.588
22324,711.668
22325,711.674
22326,711.677
22327,711.712
22328,711.717
22329,711.721
22330,711.800
22331,711.805
22332,711.809
22333,711.883
22334,711.887
22335,711.891
22336,711.921
22337,711.983
22338,711.988
22339,712.021
22340,712.025
22341,712.028
22342,712.063
22343,712.171
22344,712.190
22345,712.307
22346,712.311
22347,712.414
22348,712.452
22349,712.458
22350,712.463
22351,712.539
22352,713.087
22353,713.093
22354,713.098
22355,713.528
22356,714.386
22357,714.391
22358,714.396
22359,715.130
22360,715.656
22361,715.662
22362,715.666
22363,716.072
22364,716.911
22365,716.917
22366,716.921
22367,717.620
22368,717.753
22369,717.758
22370,717.764
22371,717.770
22372,717.780
22373,717.788
22374,717.796
22375,717.804
22376,717.808
22377,717.888
22378,718.067
22379,718.073
22380,718.084
22381,718.089
22382,718.170
22383,718.173
22384,718.177
22385,718.245
22386,718.251
22387,718.255
22388,718.291
22389,718.294
22390,718.298
22391,718.303
22392,718.320
22393,718.323
22394,718.336
22395,718.339
22396,718.342
22397,718.348
22398,718.351
22399,718.356
22400,718.365
22401,718.399
22402,718.417
22403,718.428
22404,718.432
22405,718.438
22406,718.441
22407,718.513
22408,718.519
22409,718.525
22410,718.528
22411,718.585
22412,718.601
22413,718.605
22414,718.615
22415,718.619
22416,718.624
22417,718.641
22418,718.645
22419,718.651
22420,718.654
22421,718.657
22422,718.661
22423,718.666
22424,718.670
22425,718.681
22426,718.690
22427,718.708
22428,718.724
22429,718.729
22430,718.740
22431,718.758
22432,718.761
22433,718.791
22434,718.808
22435,718.811
22436,718.907
22437,718.983
22438,718.989
22439,718.996
22440,719.003
22441,719.009
22442,719.016
22443,719.023
22444,719.030
22445,719.036
22446,719.043
22447,719.050
22448,719.057
22449,719.063
22450,719.070
22451,719.187
22452,719.191
22453,719.195
22454,719.342
22455,719.348
22456,719.353
22457,719.503
22458,719.508
22459,719.513
22460,719.662
22461,719.668
22462,719.673
22463,719.780
22464,719.851
22465,719.856
22466,719.862
22467,719.868
22468,719.875
22469,719.881
22470,719.887
22471,719.919
22472,719.984
22473,720.094
22474,720.102
22475,720.108
22476,720.115
22477,720.232
22478,720.239
22479,720.246
22480,720.250
22481,720.354
22482,720.361
22483,720.367
22484,720.443
22485,720.509
22486,720.515
22487,720.626
22488,720.633
22489,720.639
22490,720.645
22491,720.746
22492,720.752
22493,720.757
22494,720.846
22495,720.937
22496,720.945
22497,721.085
22498,721.094
22499,721.102
22500,721.110
22501,721.235
22502,721.305
22503,721.311
22504,721.318
22505,721.325
22506,721.331
22507,721.361
22508,721.423
22509,721.534
22510,721.541
22511,721.548
22512,721.552
22513,721.666
22514,721.672
22515,721.680
22516,721.684
22517,721.793
22518,721.800
22519,721.806
22520,721.809
22521,721.921
22522,721.928
22523,721.934
22524,721.938
22525,722.049
22526,722.128
22527,722.134
22528,722.141
22529,722.147
22530,722.153
22531,722.159
22532,722.165
22533,722.171
22534,722.177
22535,722.185
22536,722.192
22537,722.198
22538,722.205
22539,722.211
22540,722.218
22541,722.224
22542,722.230
22543,722.237
22544,722.243
22545,722.249
22546,722.255
22547,722.284
22548,722.380
22549,722.528
22550,722.537
22551,722.546
22552,722.555
22553,722.701
22554,722.712
22555,722.723
22556,722.733
22557,722.851
22558,722.858
22559,722.864
22560,722.870
22561,722.982
22562,722.989
22563,722.996
22564,723.002
22565,723.108
22566,723.114
22567,723.120
22568,723.125
22569,723.231
22570,723.237
22571,723.243
22572,723.248
22573,723.352
22574,723.358
22575,723.365
22576,723.371
22577,723.483
22578,723.490
22579,723.496
22580,723.502
22581,723.612
22582,723.618
22583,723.624
22584,723.630
22585,723.745
22586,723.752
22587,723.758
22588,723.764
22589,723.905
22590,723.914
22591,723.924
22592,723.933
22593,724.078
22594,724.086
22595,724.095
22596,724.103
22597,724.250
22598,724.257
22599,724.263
22600,724.270
22601,724.385
22602,724.392
22603,724.399
22604,724.405
22605,724.520
22606,724.526
22607,724.534
22608,724.540
22609,724.654
22610,724.660
22611,724.667
22612,724.674
22613,724.784
22614,724.790
22615,724.797
22616,724.803
22617,724.915
22618,724.922
22619,724.929
22620,724.935
22621,725.057
22622,725.063
22623,725.070
22624,725.076
22625,725.192
22626,725.199
22627,725.205
22628,725.212
22629,725.316
22630,725.320
22631,725.323
22632,725.464
22633,725.469
22634,725.474
22635,725.604
22636,725.613
22637,725.617
22638,725.761
22639,725.765
22640,725.769
22641,725.883
22642,725.891
22643,725.896
22644,726.006
22645,726.013
22646,726.017
22647,726.126
22648,726.132
22649,726.136
22650,726.254
22651,726.326
22652,726.332
22653,726.338
22654,726.344
22655,726.351
22656,726.357
22657,726.363
22658,726.370
22659,726.377
22660,726.384
22661,726.391
22662,726.398
22663,726.406
22664,726.413
22665,726.521
22666,726.525
22667,726.529
22668,726.638
22669,726.642
22670,726.646
22671,726.759
22672,726.763
22673,726.767
22674,726.878
22675,726.883
22676,726.889
22677,727.022
22678,727.113
22679,727.124
22680,727.132
22681,727.140
22682,727.148
22683,727.156
22684,727.164
22685,727.206
22686,727.295
22687,727.419
22688,727.427
22689,727.433
22690,727.439
22691,727.551
22692,727.557
22693,727.563
22694,727.567
22695,727.681
22696,727.688
22697,727.694
22698,727.772
22699,727.840
22700,727.846
22701,727.962
22702,727.969
22703,727.976
22704,727.982
22705,728.104
22706,728.110
22707,728.117
22708,728.124
22709,728.239
22710,728.246
22711,728.252
22712,728.259
22713,728.357
22714,728.421
22715,728.427
22716,728.432
22717,728.438
22718,728.446
22719,728.497
22720,728.579
22721,728.723
22722,728.731
22723,728.740
22724,728.744
22725,728.895
22726,728.901
22727,728.908
22728,728.912
22729,729.026
22730,729.033
22731,729.040
22732,729.043
22733,729.154
22734,729.160
22735,729.167
22736,729.171
22737,729.274
22738,729.344
22739,729.351
22740,729.357
22741,729.363
22742,729.369
22743,729.375
22744,729.381
22745,729.387
22746,729.393
22747,729.400
22748,729.406
22749,729.412
22750,729.419
22751,729.425
22752,729.432
22753,729.438
22754,729.445
22755,729.451
22756,729.458
22757,729.465
22758,729.472
22759,729.504
22760,729.569
22761,729.680
22762,729.688
22763,729.695
22764,729.701
22765,729.810
22766,729.817
22767,729.824
22768,729.830
22769,729.952
22770,729.962
22771,729.972
22772,729.981
22773,730.130
22774,730.139
22775,730.147
22776,730.156
22777,730.301
22778,730.310
22779,730.319
22780,730.329
22781,730.458
22782,730.465
22783,730.471
22784,730.478
22785,730.592
22786,730.599
22787,730.605
22788,730.611
22789,730.727
22790,730.734
22791,730.740
22792,730.747
22793,730.859
22794,730.866
22795,730.872
22796,730.879
22797,730.990
22798,730.997
22799,731.004
22800,731.010
22801,731.126
22802,731.133
22803,731.139
22804,731.145
22805,731.255
22806,731.263
22807,731.270
22808,731.276
22809,731.392
22810,731.398
22811,731.405
22812,731.411
22813,731.553
22814,731.562
22815,731.572
22816,731.581
22817,731.731
22818,731.739
22819,731.748
22820,731.757
22821,731.907
22822,731.914
22823,731.921
22824,731.928
22825,732.047
22826,732.054
22827,732.060
22828,732.067
22829,732.180
22830,732.186
22831,732.193
22832,732.199
22833,732.308
22834,732.315
22835,732.321
22836,732.327
22837,732.434
22838,732.441
22839,732.447
22840,732.454
22841,732.568
22842,732.572
22843,732.576
22844,732.685
22845,732.689
22846,732.693
22847,732.803
22848,732.809
22849,732.813
22850,732.922
22851,732.926
22852,732.930
22853,733.052
22854,733.061
22855,733.066
22856,733.220
22857,733.228
22858,733.232
22859,733.376
22860,733.385
22861,733.389
22862,733.478
22863,733.482
22864,733.551
22865,733.554
22866,733.621
22867,733.624
22868,733.690
22869,733.694
22870,733.763
22871,733.767
22872,733.837
22873,733.842
22874,733.913
22875,733.916
22876,733.986
22877,733.990
22878,734.058
22879,734.061
22880,734.130
22881,734.133
22882,734.205
22883,734.208
22884,734.282
22885,734.285
22886,734.360
22887,734.366
22888,734.439
22889,734.445
22890,734.519
22891,734.523
22892,734.596
22893,734.600
22894,734.677
22895,734.681
22896,734.755
22897,734.759
22898,734.850
22899,734.854
22900,734.946
22901,734.950
22902,735.034
22903,735.039
22904,735.130
22905,735.134
22906,735.235
22907,735.240
22908,735.323
22909,735.326
22910,735.403
22911,735.407
22912,735.479
22913,735.483
22914,735.556
22915,735.560
22916,735.636
22917,735.642
22918,735.716
22919,735.722
22920,735.795
22921,735.801
22922,735.881
22923,735.885
22924,735.968
22925,735.972
22926,736.051
22927,736.054
22928,736.129
22929,736.133
22930,736.219
22931,736.225
22932,736.232
22933,736.238
22934,736.244
22935,736.250
22936,736.256
22937,736.262
22938,736.269
22939,736.275
22940,736.282
22941,736.288
22942,736.294
22943,736.301
22944,736.308
22945,736.314
22946,736.321
22947,736.328
22948,736.335
22949,736.341
22950,736.397
22951,736.403
22952,736.409
22953,736.469
22954,736.478
22955,736.487
22956,736.555
22957,736.564
22958,736.573
22959,736.582
22960,736.591
22961,736.711
22962,736.720
22963,736.729
22964,736.854
22965,736.864
22966,736.875
22967,736.973
22968,736.980
22969,736.987
22970,737.066
22971,737.073
22972,737.078
22973,737.084
22974,737.089
22975,737.180
22976,737.187
22977,737.194
22978,737.286
22979,737.293
22980,737.300
22981,737.388
22982,737.396
22983,737.403
22984,737.481
22985,737.487
22986,737.493
22987,737.500
22988,737.506
22989,737.597
22990,737.605
22991,737.612
22992,737.710
22993,737.718
22994,737.725
22995,737.821
22996,737.829
22997,737.836
22998,737.917
22999,737.924
23000,737.931
23001,737.936
23002,737.942
23003,738.049
23004,738.059
23005,738.069
23006,738.191
23007,738.201
23008,738.209
23009,738.320
23010,738.329
23011,738.339
23012,738.447
23013,738.458
23014,738.467
23015,738.474
23016,738.481
23017,738.577
23018,738.584
23019,738.592
23020,738.685
23021,738.693
23022,738.699
23023,738.789
23024,738.797
23025,738.804
23026,738.882
23027,738.888
23028,738.894
23029,738.900
23030,738.905
23031,738.992
23032,738.998
23033,739.005
23034,739.092
23035,739.099
23036,739.105
23037,739.194
23038,739.201
23039,739.208
23040,739.283
23041,739.289
23042,739.295
23043,739.301
23044,739.306
23045,739.399
23046,739.406
23047,739.412
23048,739.508
23049,739.515
23050,739.521
23051,739.643
23052,739.653
23053,739.664
23054,739.766
23055,739.774
23056,739.782
23057,739.789
23058,739.797
23059,739.910
23060,739.919
23061,739.928
23062,740.035
23063,740.042
23064,740.048
23065,740.137
23066,740.144
23067,740.150
23068,740.230
23069,740.236
23070,740.242
23071,740.248
23072,740.253
23073,740.344
23074,740.351
23075,740.357
23076,740.447
23077,740.453
23078,740.460
23079,740.549
23080,740.556
23081,740.562
23082,740.641
23083,740.647
23084,740.653
23085,740.659
23086,740.664
23087,740.753
23088,740.760
23089,740.766
23090,740.859
23091,740.866
23092,740.873
23093,740.959
23094,740.966
23095,740.972
23096,741.056
23097,741.062
23098,741.067
23099,741.074
23100,741.084
23101,741.223
23102,741.235
23103,741.247
23104,741.371
23105,741.381
23106,741.390
23107,741.521
23108,741.532
23109,741.543
23110,741.628
23111,741.634
23112,741.640
23113,741.646
23114,741.652
23115,741.755
23116,741.763
23117,741.771
23118,741.878
23119,741.886
23120,741.894
23121,742.003
23122,742.011
23123,742.019
23124,742.101
23125,742.107
23126,742.113
23127,742.119
23128,742.125
23129,742.223
23130,742.231
23131,742.238
23132,742.340
23133,742.348
23134,742.355
23135,742.461
23136,742.469
23137,742.476
23138,742.560
23139,742.566
23140,742.572
23141,742.578
23142,742.584
23143,742.679
23144,742.687
23145,742.698
23146,742.829
23147,742.841
23148,742.851
23149,742.976
23150,742.985
23151,742.994
23152,743.097
23153,743.107
23154,743.117
23155,743.126
23156,743.135
23157,743.234
23158,743.243
23159,743.249
23160,743.350
23161,743.357
23162,743.365
23163,743.465
23164,743.472
23165,743.480
23166,743.563
23167,743.569
23168,743.575
23169,743.581
23170,743.587
23171,743.681
23172,743.690
23173,743.697
23174,743.795
23175,743.803
23176,743.810
23177,743.907
23178,743.914
23179,743.921
23180,744.004
23181,744.011
23182,744.017
23183,744.023
23184,744.029
23185,744.125
23186,744.132
23187,744.141
23188,744.240
23189,744.247
23190,744.254
23191,744.390
23192,744.390
23193,744.399
23194,744.568
23195,744.649
23196,744.659
23197,744.668
23198,744.678
23199,744.689
23200,744.700
23201,744.711
23202,744.723
23203,744.732
23204,744.740
23205,744.747
23206,744.756
23207,744.764
23208,744.772
23209,744.911
23210,744.917
23211,744.922
23212,745.033
23213,745.038
23214,745.045
23215,745.053
23216,745.160
23217,745.165
23218,745.171
23219,745.178
23220,745.185
23221,745.189
23222,745.325
23223,745.333
23224,745.340
23225,745.448
23226,745.504
23227,745.510
23228,745.518
23229,745.524
23230,745.531
23231,745.537
23232,745.543
23233,745.569
23234,745.617
23235,745.722
23236,745.729
23237,745.737
23238,745.745
23239,745.752
23240,745.760
23241,745.766
23242,745.928
23243,745.940
23244,745.951
23245,745.963
23246,745.973
23247,746.120
23248,746.129
23249,746.138
23250,746.146
23251,746.155
23252,746.164
23253,746.170
23254,746.302
23255,746.309
23256,746.316
23257,746.323
23258,746.330
23259,746.337
23260,746.407
23261,746.500
23262,746.508
23263,746.517
23264,746.527
23265,746.535
23266,746.657
23267,746.666
23268,746.673
23269,746.680
23270,746.688
23271,746.696
23272,746.701
23273,746.800
23274,746.852
23275,746.859
23276,746.865
23277,746.872
23278,746.878
23279,746.904
23280,746.955
23281,747.100
23282,747.108
23283,747.116
23284,747.126
23285,747.134
23286,747.273
23287,747.282
23288,747.290
23289,747.299
23290,747.306
23291,747.468
23292,747.481
23293,747.493
23294,747.501
23295,747.508
23296,747.695
23297,747.704
23298,747.714
23299,747.722
23300,747.728
23301,747.870
23302,747.932
23303,747.938
23304,747.944
23305,747.951
23306,747.958
23307,747.964
23308,747.970
23309,747.976
23310,747.983
23311,747.990
23312,747.996
23313,748.003
23314,748.011
23315,748.018
23316,748.025
23317,748.032
23318,748.039
23319,748.046
23320,748.053
23321,748.060
23322,748.067
23323,748.093
23324,748.149
23325,748.254
23326,748.262
23327,748.269
23328,748.276
23329,748.283
23330,748.290
23331,748.295
23332,748.391
23333,748.398
23334,748.405
23335,748.412
23336,748.419
23337,748.426
23338,748.431
23339,748.576
23340,748.584
23341,748.593
23342,748.600
23343,748.608
23344,748.728
23345,748.736
23346,748.744
23347,748.752
23348,748.759
23349,748.767
23350,748.773
23351,748.886
23352,748.894
23353,748.902
23354,748.910
23355,748.917
23356,748.923
23357,748.930
23358,749.136
23359,749.149
23360,749.161
23361,749.170
23362,749.181
23363,749.383
23364,749.394
23365,749.405
23366,749.412
23367,749.421
23368,749.580
23369,749.588
23370,749.597
23371,749.603
23372,749.610
23373,749.727
23374,749.734
23375,749.742
23376,749.749
23377,749.756
23378,749.765
23379,749.770
23380,749.922
23381,749.930
23382,749.939
23383,749.946
23384,749.954
23385,750.109
23386,750.118
23387,750.127
23388,750.137
23389,750.145
23390,750.291
23391,750.299
23392,750.307
23393,750.313
23394,750.446
23395,750.454
23396,750.462
23397,750.468
23398,750.475
23399,750.590
23400,750.598
23401,750.609
23402,750.617
23403,750.626
23404,750.634
23405,750.643
23406,750.814
23407,750.822
23408,750.832
23409,750.839
23410,750.848
23411,750.991
23412,750.998
23413,751.005
23414,751.011
23415,751.018
23416,751.025
23417,751.032
23418,751.170
23419,751.177
23420,751.184
23421,751.191
23422,751.197
23423,751.335
23424,751.343
23425,751.350
23426,751.359
23427,751.366
23428,751.497
23429,751.504
23430,751.512
23431,751.518
23432,751.525
23433,751.662
23434,751.672
23435,751.680
23436,751.687
23437,751.695
23438,751.824
23439,751.829
23440,751.834
23441,751.969
23442,751.976
23443,751.981
23444,752.149
23445,752.160
23446,752.166
23447,752.333
23448,752.339
23449,752.344
23450,752.507
23451,752.515
23452,752.521
23453,752.659
23454,752.667
23455,752.674
23456,752.810
23457,752.817
23458,752.821
23459,752.944
23460,753.000
23461,753.007
23462,753.014
23463,753.020
23464,753.027
23465,753.036
23466,753.044
23467,753.051
23468,753.058
23469,753.065
23470,753.073
23471,753.081
23472,753.088
23473,753.096
23474,753.222
23475,753.227
23476,753.232
23477,753.338
23478,753.343
23479,753.350
23480,753.357
23481,753.456
23482,753.461
23483,753.467
23484,753.474
23485,753.480
23486,753.486
23487,753.663
23488,753.674
23489,753.683
23490,753.812
23491,753.881
23492,753.889
23493,753.899
23494,753.908
23495,753.919
23496,753.929
23497,753.938
23498,753.966
23499,754.025
23500,754.130
23501,754.137
23502,754.144
23503,754.150
23504,754.157
23505,754.164
23506,754.171
23507,754.310
23508,754.318
23509,754.326
23510,754.335
23511,754.340
23512,754.455
23513,754.462
23514,754.469
23515,754.476
23516,754.482
23517,754.489
23518,754.494
23519,754.597
23520,754.604
23521,754.611
23522,754.617
23523,754.625
23524,754.632
23525,754.639
23526,754.790
23527,754.798
23528,754.807
23529,754.818
23530,754.827
23531,754.949
23532,754.957
23533,754.965
23534,754.971
23535,754.979
23536,754.986
23537,754.991
23538,755.092
23539,755.159
23540,755.169
23541,755.178
23542,755.187
23543,755.196
23544,755.230
23545,755.294
23546,755.471
23547,755.481
23548,755.492
23549,755.504
23550,755.515
23551,755.663
23552,755.670
23553,755.678
23554,755.687
23555,755.694
23556,755.808
23557,755.815
23558,755.822
23559,755.827
23560,755.967
23561,755.974
23562,755.982
23563,755.989
23564,755.994
23565,756.102
23566,756.157
23567,756.164
23568,756.171
23569,756.177
23570,756.184
23571,756.191
23572,756.198
23573,756.205
23574,756.212
23575,756.218
23576,756.226
23577,756.233
23578,756.239
23579,756.247
23580,756.254
23581,756.261
23582,756.268
23583,756.275
23584,756.283
23585,756.290
23586,756.297
23587,756.323
23588,756.379
23589,756.479
23590,756.487
23591,756.495
23592,756.501
23593,756.509
23594,756.516
23595,756.521
23596,756.626
23597,756.637
23598,756.698
23599,756.698
23600,756.698
23601,756.698
23602,756.698
23603,756.880
23604,756.891
23605,756.902
23606,756.910
23607,756.920
23608,757.080
23609,757.088
23610,757.096
23611,757.103
23612,757.111
23613,757.118
23614,757.123
23615,757.229
23616,757.237
23617,757.245
23618,757.252
23619,757.259
23620,757.266
23621,757.271
23622,757.414
23623,757.423
23624,757.431
23625,757.437
23626,757.445
23627,757.586
23628,757.595
23629,757.603
23630,757.609
23631,757.616
23632,757.767
23633,757.776
23634,757.783
23635,757.789
23636,757.797
23637,757.913
23638,757.921
23639,757.928
23640,757.934
23641,757.941
23642,757.949
23643,757.954
23644,758.112
23645,758.120
23646,758.128
23647,758.136
23648,758.143
23649,758.316
23650,758.326
23651,758.336
23652,758.347
23653,758.358
23654,758.550
23655,758.560
23656,758.571
23657,758.580
23658,758.750
23659,758.757
23660,758.765
23661,758.771
23662,758.777
23663,758.894
23664,758.901
23665,758.908
23666,758.915
23667,758.922
23668,758.929
23669,758.934
23670,759.081
23671,759.089
23672,759.097
23673,759.104
23674,759.111
23675,759.224
23676,759.231
23677,759.239
23678,759.245
23679,759.252
23680,759.259
23681,759.265
23682,759.410
23683,759.418
23684,759.426
23685,759.433
23686,759.440
23687,759.581
23688,759.589
23689,759.597
23690,759.606
23691,759.614
23692,759.757
23693,759.764
23694,759.773
23695,759.781
23696,759.792
23697,759.985
23698,759.994
23699,760.004
23700,760.012
23701,760.022
23702,760.217
23703,760.224
23704,760.231
23705,760.379
23706,760.386
23707,760.391
23708,760.528
23709,760.534
23710,760.539
23711,760.680
23712,760.687
23713,760.692
23714,760.838
23715,760.846
23716,760.854
23717,760.997
23718,761.006
23719,761.014
23720,761.158
23721,761.165
23722,761.171
23723,761.305
23724,761.366
23725,761.372
23726,761.384
23727,761.395
23728,761.406
23729,761.417
23730,761.427
23731,761.437
23732,761.447
23733,761.457
23734,761.467
23735,761.477
23736,761.487
23737,761.498
23738,761.678
23739,761.683
23740,761.689
23741,761.838
23742,761.843
23743,761.850
23744,761.858
23745,761.970
23746,761.975
23747,761.981
23748,761.988
23749,761.994
23750,761.999
23751,762.135
23752,762.143
23753,762.151
23754,762.262
23755,762.316
23756,762.323
23757,762.329
23758,762.336
23759,762.343
23760,762.350
23761,762.357
23762,762.383
23763,762.434
23764,762.533
23765,762.541
23766,762.548
23767,762.554
23768,762.561
23769,762.568
23770,762.575
23771,762.718
23772,762.728
23773,762.736
23774,762.745
23775,762.752
23776,762.867
23777,762.874
23778,762.881
23779,762.888
23780,762.895
23781,762.902
23782,762.907
23783,763.024
23784,763.035
23785,763.046
23786,763.053
23787,763.063
23788,763.072
23789,763.082
23790,763.266
23791,763.276
23792,763.287
23793,763.296
23794,763.306
23795,763.446
23796,763.453
23797,763.460
23798,763.466
23799,763.473
23800,763.479
23801,763.484
23802,763.578
23803,763.626
23804,763.632
23805,763.639
23806,763.645
23807,763.651
23808,763.676
23809,763.726
23810,763.865
23811,763.873
23812,763.881
23813,763.889
23814,763.898
23815,764.039
23816,764.047
23817,764.056
23818,764.066
23819,764.074
23820,764.209
23821,764.217
23822,764.225
23823,764.232
23824,764.236
23825,764.345
23826,764.351
23827,764.358
23828,764.362
23829,764.471
23830,764.541
23831,764.551
23832,764.561
23833,764.570
23834,764.578
23835,764.587
23836,764.596
23837,764.605
23838,764.615
23839,764.624
23840,764.633
23841,764.644
23842,764.654
23843,764.663
23844,764.672
23845,764.681
23846,764.689
23847,764.698
23848,764.708
23849,764.718
23850,764.729
23851,764.762
23852,764.838
23853,764.979
23854,764.987
23855,764.994
23856,765.001
23857,765.008
23858,765.015
23859,765.020
23860,765.124
23861,765.132
23862,765.140
23863,765.147
23864,765.154
23865,765.161
23866,765.166
23867,765.319
23868,765.327
23869,765.336
23870,765.342
23871,765.350
23872,765.466
23873,765.473
23874,765.481
23875,765.488
23876,765.495
23877,765.503
23878,765.508
23879,765.621
23880,765.630
23881,765.638
23882,765.646
23883,765.655
23884,765.663
23885,765.669
23886,765.828
23887,765.836
23888,765.845
23889,765.853
23890,765.861
23891,766.005
23892,766.012
23893,766.021
23894,766.027
23895,766.035
23896,766.203
23897,766.214
23898,766.224
23899,766.232
23900,766.243
23901,766.393
23902,766.403
23903,766.412
23904,766.420
23905,766.429
23906,766.439
23907,766.445
23908,766.623
23909,766.630
23910,766.638
23911,766.644
23912,766.652
23913,766.808
23914,766.820
23915,766.831
23916,766.839
23917,766.849
23918,767.008
23919,767.017
23920,767.026
23921,767.034
23922,767.170
23923,767.177
23924,767.185
23925,767.191
23926,767.198
23927,767.309
23928,767.317
23929,767.325
23930,767.331
23931,767.338
23932,767.345
23933,767.351
23934,767.489
23935,767.497
23936,767.505
23937,767.512
23938,767.520
23939,767.633
23940,767.640
23941,767.649
23942,767.656
23943,767.663
23944,767.668
23945,767.674
23946,767.866
23947,767.875
23948,767.887
23949,767.895
23950,767.906
23951,768.131
23952,768.142
23953,768.155
23954,768.168
23955,768.180
23956,768.347
23957,768.356
23958,768.365
23959,768.372
23960,768.380
23961,768.536
23962,768.544
23963,768.553
23964,768.560
23965,768.569
23966,768.715
23967,768.721
23968,768.727
23969,768.882
23970,768.890
23971,768.896
23972,769.048
23973,769.056
23974,769.062
23975,769.213
23976,769.219
23977,769.224
23978,769.366
23979,769.374
23980,769.381
23981,769.552
23982,769.563
23983,769.573
23984,769.767
23985,769.778
23986,769.784
23987,769.954
23988,770.019
23989,770.026
23990,770.033
23991,770.040
23992,770.047
23993,770.054
23994,770.061
23995,770.069
23996,770.076
23997,770.084
23998,770.092
23999,770.099
24000,770.107
24001,770.114
24002,770.260
24003,770.265
24004,770.271
24005,770.391
24006,770.395
24007,770.403
24008,770.410
24009,770.517
24010,770.523
24011,770.529
24012,770.537
24013,770.545
24014,770.550
24015,770.696
24016,770.704
24017,770.712
24018,770.833
24019,770.892
24020,770.900
24021,770.908
24022,770.915
24023,770.922
24024,770.929
24025,770.935
24026,770.962
24027,771.015
24028,771.144
24029,771.155
24030,771.168
24031,771.178
24032,771.192
24033,771.201
24034,771.211
24035,771.410
24036,771.421
24037,771.432
24038,771.444
24039,771.454
24040,771.613
24041,771.620
24042,771.628
24043,771.634
24044,771.640
24045,771.648
24046,771.654
24047,771.771
24048,771.779
24049,771.787
24050,771.794
24051,771.803
24052,771.811
24053,771.818
24054,771.979
24055,771.987
24056,771.996
24057,772.006
24058,772.016
24059,772.141
24060,772.148
24061,772.156
24062,772.163
24063,772.172
24064,772.179
24065,772.185
24066,772.284
24067,772.341
24068,772.348
24069,772.355
24070,772.362
24071,772.369
24072,772.396
24073,772.449
24074,772.602
24075,772.610
24076,772.619
24077,772.628
24078,772.636
24079,772.785
24080,772.792
24081,772.806
24082,772.818
24083,772.830
24084,773.031
24085,773.041
24086,773.051
24087,773.060
24088,773.067
24089,773.267
24090,773.277
24091,773.285
24092,773.292
24093,773.297
24094,773.422
24095,773.483
24096,773.490
24097,773.497
24098,773.503
24099,773.510
24100,773.517
24101,773.523
24102,773.530
24103,773.537
24104,773.544
24105,773.552
24106,773.559
24107,773.567
24108,773.574
24109,773.582
24110,773.590
24111,773.598
24112,773.606
24113,773.614
24114,773.622
24115,773.630
24116,773.656
24117,773.715
24118,773.827
24119,773.834
24120,773.842
24121,773.848
24122,773.855
24123,773.863
24124,773.868
24125,773.982
24126,773.990
24127,773.998
24128,774.005
24129,774.015
24130,774.023
24131,774.029
24132,774.160
24133,774.168
24134,774.178
24135,774.185
24136,774.306
24137,774.314
24138,774.321
24139,774.328
24140,774.338
24141,774.346
24142,774.351
24143,774.457
24144,774.465
24145,774.477
24146,774.486
24147,774.498
24148,774.509
24149,774.516
24150,774.710
24151,774.720
24152,774.733
24153,774.742
24154,774.752
24155,774.953
24156,774.961
24157,774.970
24158,774.977
24159,774.985
24160,775.115
24161,775.124
24162,775.132
24163,775.140
24164,775.265
24165,775.273
24166,775.281
24167,775.288
24168,775.296
24169,775.304
24170,775.310
24171,775.436
24172,775.444
24173,775.452
24174,775.459
24175,775.606
24176,775.614
24177,775.623
24178,775.632
24179,775.640
24180,775.796
24181,775.805
24182,775.814
24183,775.822
24184,775.953
24185,775.961
24186,775.969
24187,775.978
24188,776.098
24189,776.105
24190,776.112
24191,776.118
24192,776.125
24193,776.132
24194,776.142
24195,776.345
24196,776.356
24197,776.368
24198,776.376
24199,776.385
24200,776.536
24201,776.545
24202,776.555
24203,776.563
24204,776.575
24205,776.586
24206,776.597
24207,776.749
24208,776.757
24209,776.764
24210,776.771
24211,776.777
24212,776.926
24213,776.934
24214,776.943
24215,776.975
24216,776.976
24217,777.110
24218,777.118
24219,777.126
24220,777.132
24221,777.140
24222,777.289
24223,777.297
24224,777.306
24225,777.313
24226,777.321
24227,777.477
24228,777.483
24229,777.488
24230,777.629
24231,777.637
24232,777.643
24233,777.795
24234,777.809
24235,777.817
24236,778.007
24237,778.013
24238,778.018
24239,778.212
24240,778.224
24241,778.236
24242,778.388
24243,778.396
24244,778.403
24245,778.528
24246,778.536
24247,778.543
24248,778.677
24249,778.743
24250,778.751
24251,778.758
24252,778.765
24253,778.772
24254,778.779
24255,778.787
24256,778.794
24257,778.801
24258,778.808
24259,778.816
24260,778.823
24261,778.831
24262,778.839
24263,778.975
24264,778.981
24265,778.986
24266,779.093
24267,779.097
24268,779.104
24269,779.111
24270,779.219
24271,779.224
24272,779.231
24273,779.238
24274,779.246
24275,779.251
24276,779.381
24277,779.388
24278,779.393
24279,779.533
24280,779.604
24281,779.613
24282,779.621
24283,779.629
24284,779.637
24285,779.645
24286,779.653
24287,779.684
24288,779.748
24289,779.876
24290,779.882
24291,779.889
24292,779.896
24293,779.902
24294,779.909
24295,779.916
24296,780.067
24297,780.075
24298,780.084
24299,780.092
24300,780.100
24301,780.214
24302,780.222
24303,780.228
24304,780.235
24305,780.243
24306,780.250
24307,780.255
24308,780.354
24309,780.360
24310,780.367
24311,780.373
24312,780.380
24313,780.387
24314,780.393
24315,780.561
24316,780.561
24317,780.561
24318,780.561
24319,780.570
24320,780.691
24321,780.699
24322,780.707
24323,780.716
24324,780.725
24325,780.734
24326,780.740
24327,780.847
24328,780.908
24329,780.915
24330,780.921
24331,780.928
24332,780.934
24333,780.958
24334,781.033
24335,781.230
24336,781.241
24337,781.252
24338,781.263
24339,781.276
24340,781.463
24341,781.472
24342,781.481
24343,781.490
24344,781.498
24345,781.649
24346,781.658
24347,781.665
24348,781.672
24349,781.677
24350,781.832
24351,781.841
24352,781.848
24353,781.855
24354,781.862
24355,781.979
24356,782.037
24357,782.044
24358,782.051
24359,782.058
24360,782.065
24361,782.073
24362,782.080
24363,782.087
24364,782.095
24365,782.104
24366,782.113
24367,782.120
24368,782.128
24369,782.136
24370,782.144
24371,782.151
24372,782.158
24373,782.165
24374,782.172
24375,782.179
24376,782.187
24377,782.212
24378,782.268
24379,782.379
24380,782.387
24381,782.394
24382,782.401
24383,782.410
24384,782.418
24385,782.423
24386,782.533
24387,782.540
24388,782.547
24389,782.553
24390,782.560
24391,782.570
24392,782.576
24393,782.784
24394,782.796
24395,782.806
24396,782.814
24397,782.823
24398,782.977
24399,782.986
24400,782.997
24401,783.006
24402,783.019
24403,783.031
24404,783.037
24405,783.153
24406,783.160
24407,783.167
24408,783.174
24409,783.183
24410,783.191
24411,783.196
24412,783.341
24413,783.349
24414,783.358
24415,783.365
24416,783.373
24417,783.519
24418,783.527
24419,783.535
24420,783.542
24421,783.548
24422,783.700
24423,783.708
24424,783.717
24425,783.725
24426,783.733
24427,783.858
24428,783.866
24429,783.874
24430,783.881
24431,783.890
24432,783.899
24433,783.906
24434,784.052
24435,784.061
24436,784.069
24437,784.077
24438,784.085
24439,784.250
24440,784.260
24441,784.271
24442,784.283
24443,784.294
24444,784.490
24445,784.500
24446,784.510
24447,784.520
24448,784.700
24449,784.708
24450,784.716
24451,784.724
24452,784.731
24453,784.856
24454,784.864
24455,784.871
24456,784.877
24457,784.886
24458,784.894
24459,784.900
24460,785.052
24461,785.060
24462,785.068
24463,785.075
24464,785.083
24465,785.199
24466,785.206
24467,785.213
24468,785.219
24469,785.228
24470,785.236
24471,785.242
24472,785.383
24473,785.391
24474,785.398
24475,785.405
24476,785.411
24477,785.567
24478,785.575
24479,785.584
24480,785.593
24481,785.601
24482,785.763
24483,785.772
24484,785.780
24485,785.788
24486,785.795
24487,786.003
24488,786.015
24489,786.025
24490,786.035
24491,786.049
24492,786.246
24493,786.252
24494,786.259
24495,786.436
24496,786.446
24497,786.452
24498,786.593
24499,786.601
24500,786.607
24501,786.758
24502,786.764
24503,786.769
24504,786.914
24505,786.921
24506,786.928
24507,787.082
24508,787.091
24509,787.098
24510,787.225
24511,787.234
24512,787.241
24513,787.332
24514,787.338
24515,787.344
24516,787.428
24517,787.434
24518,787.441
24519,787.447
24520,787.453
24521,787.504
24522,787.510
24523,787.604
24524,787.613
24525,787.702
24526,787.710
24527,787.822
24528,787.831
24529,787.918
24530,787.927
24531,788.010
24532,788.016
24533,788.086
24534,789.009
24535,789.019
24536,789.026
24537,789.762
24538,790.649
24539,790.659
24540,791.324
24541,791.402
24542,792.236
24543,792.245
24544,792.253
24545,792.992
24546,793.098
24547,793.133
24548,794.014
24549,794.020
24550,794.024
24551,794.715
24552,794.793
24553,794.848
24554,794.859
24555,794.870
24556,794.881
24557,794.980
24558,794.987
24559,794.993
24560,794.999
24561,795.004
24562,795.010
24563,795.016
24564,795.021
24565,795.129
24566,795.199
24567,795.288
24568,795.357
24569,795.468
24570,795.551
24571,795.656
24572,795.733
24573,795.845
24574,795.911
24575,795.998
24576,796.058
24577,796.142
24578,796.147
24579,796.153
24580,796.190
24581,796.195
24582,796.200
24583,796.206
24584,796.211
24585,796.217
24586,796.223
24587,796.229
24588,796.235
24589,796.240
24590,796.246
24591,796.252
24592,796.257
24593,796.263
24594,796.269
24595,796.275
24596,796.281
24597,796.287
24598,796.378
24599,796.378
24600,796.380
24601,796.443
24602,796.459
24603,796.464
24604,796.488
24605,796.504
24606,796.510
24607,796.521
24608,796.537
24609,796.543
24610,796.581
24611,796.597
24612,796.602
24613,796.624
24614,796.641
24615,796.648
24616,796.661
24617,796.676
24618,796.681
24619,796.693
24620,796.707
24621,796.713
24622,796.725
24623,796.741
24624,796.750
24625,796.767
24626,796.782
24627,796.787
24628,796.798
24629,796.811
24630,796.818
24631,796.870
24632,796.892
24633,796.900
24634,796.953
24635,796.976
24636,796.984
24637,797.026
24638,797.048
24639,797.056
24640,797.073
24641,797.095
24642,797.103
24643,797.155
24644,797.164
24645,797.173
24646,797.180
24647,797.186
24648,797.212
24649,797.329
24650,797.335
24651,797.340
24652,797.346
24653,797.411
24654,797.418
24655,797.424
24656,797.461
24657,797.467
24658,797.472
24659,797.477
24660,797.493
24661,797.498
24662,797.511
24663,797.517
24664,797.522
24665,797.528
24666,797.533
24667,797.538
24668,797.550
24669,797.611
24670,797.617
24671,797.622
24672,797.711
24673,797.717
24674,797.723
24675,797.730
24676,797.736
24677,797.742
24678,797.776
24679,797.793
24680,797.798
24681,797.809
24682,797.815
24683,797.847
24684,797.853
24685,797.859
24686,797.864
24687,797.869
24688,797.875
24689,797.881
24690,797.887
24691,797.892
24692,797.908
24693,797.914
24694,797.920
24695,797.926
24696,797.931
24697,797.937
24698,797.942
24699,797.948
24700,797.960
24701,797.971
24702,797.985
24703,798.002
24704,798.008
24705,798.067
24706,798.073
24707,798.079
24708,798.084
24709,798.090
24710,798.096
24711,798.102
24712,798.108
24713,798.114
24714,798.120
24715,798.126
24716,798.131
24717,798.137
24718,798.143
24719,798.149
24720,798.153
24721,798.158
24722,798.167
24723,798.177
24724,798.187
24725,798.259
24726,798.268
24727,798.276
24728,798.350
24729,798.358
24730,798.365
24731,798.492
24732,798.501
24733,798.511
24734,798.636
24735,798.644
24736,798.651
24737,798.750
24738,798.758
24739,798.764
24740,798.855
24741,798.861
24742,798.868
24743,798.960
24744,798.967
24745,798.974
24746,799.064
24747,799.071
24748,799.077
24749,799.175
24750,799.183
24751,799.190
24752,799.288
24753,799.296
24754,799.303
24755,799.399
24756,799.406
24757,799.414
24758,799.508
24759,799.515
24760,799.522
24761,799.619
24762,799.626
24763,799.633
24764,799.731
24765,799.737
24766,799.744
24767,799.869
24768,799.879
24769,799.889
24770,800.014
24771,800.024
24772,800.033
24773,800.154
24774,800.164
24775,800.174
24776,800.279
24777,800.285
24778,800.291
24779,800.382
24780,800.388
24781,800.394
24782,800.476
24783,800.482
24784,800.487
24785,800.492
24786,800.498
24787,800.503
24788,800.509
24789,800.515
24790,800.521
24791,800.526
24792,800.532
24793,800.538
24794,800.544
24795,800.550
24796,800.556
24797,800.562
24798,800.568
24799,800.575
24800,800.581
24801,800.587
24802,800.642
24803,800.647
24804,800.652
24805,800.707
24806,800.712
24807,800.718
24808,800.815
24809,800.822
24810,800.829
24811,800.927
24812,800.935
24813,800.942
24814,801.037
24815,801.045
24816,801.052
24817,801.144
24818,801.151
24819,801.157
24820,801.254
24821,801.260
24822,801.266
24823,801.376
24824,801.386
24825,801.395
24826,801.527
24827,801.537
24828,801.545
24829,801.647
24830,801.656
24831,801.664
24832,801.672
24833,801.680
24834,801.696
24835,801.739
24836,801.845
24837,801.852
24838,801.859
24839,801.867
24840,801.962
24841,801.969
24842,801.976
24843,801.982
24844,801.989
24845,802.090
24846,802.097
24847,802.106
24848,802.113
24849,802.215
24850,802.224
24851,802.232
24852,802.329
24853,802.337
24854,802.344
24855,802.452
24856,802.459
24857,802.467
24858,802.474
24859,802.575
24860,802.583
24861,802.590
24862,802.597
24863,802.695
24864,802.703
24865,802.710
24866,802.808
24867,802.815
24868,802.823
24869,802.932
24870,802.940
24871,802.947
24872,803.075
24873,803.086
24874,803.096
24875,803.238
24876,803.248
24877,803.258
24878,803.393
24879,803.403
24880,803.412
24881,803.529
24882,803.536
24883,803.543
24884,803.644
24885,803.651
24886,803.658
24887,803.767
24888,803.774
24889,803.782
24890,803.877
24891,803.884
24892,803.891
24893,803.898
24894,803.904
24895,803.911
24896,803.917
24897,803.924
24898,803.931
24899,803.937
24900,803.944
24901,803.950
24902,803.957
24903,803.964
24904,803.971
24905,803.978
24906,803.985
24907,803.993
24908,804.000
24909,804.008
24910,804.073
24911,804.080
24912,804.086
24913,804.152
24914,804.159
24915,804.165
24916,804.269
24917,804.276
24918,804.283
24919,804.384
24920,804.392
24921,804.400
24922,804.500
24923,804.508
24924,804.515
24925,804.619
24926,804.626
24927,804.632
24928,804.761
24929,804.771
24930,804.780
24931,804.901
24932,804.910
24933,804.919
24934,805.049
24935,805.058
24936,805.067
24937,805.197
24938,805.205
24939,805.213
24940,805.320
24941,805.328
24942,805.335
24943,805.439
24944,805.446
24945,805.453
24946,805.564
24947,805.572
24948,805.579
24949,805.684
24950,805.691
24951,805.699
24952,805.811
24953,805.820
24954,805.827
24955,805.942
24956,805.951
24957,805.959
24958,806.073
24959,806.081
24960,806.087
24961,806.186
24962,806.193
24963,806.201
24964,806.304
24965,806.312
24966,806.319
24967,806.409
24968,806.414
24969,806.422
24970,806.475
24971,806.475
24972,806.475
24973,806.475
24974,806.475
24975,806.481
24976,806.490
24977,806.499
24978,806.522
24979,806.522
24980,806.528
24981,806.537
24982,806.548
24983,806.557
24984,806.566
24985,806.576
24986,806.585
24987,806.663
24988,806.671
24989,806.679
24990,806.767
24991,806.776
24992,806.785
24993,806.911
24994,806.919
24995,806.928
24996,807.031
24997,807.039
24998,807.045
24999,807.148
25000,807.156
25001,807.163
25002,807.262
25003,807.270
25004,807.277
25005,807.376
25006,807.384
25007,807.391
25008,807.494
25009,807.501
25010,807.509
25011,807.620
25012,807.628
25013,807.635
25014,807.751
25015,807.760
25016,807.768
25017,807.869
25018,807.876
25019,807.883
25020,807.982
25021,807.989
25022,807.996
25023,808.109
25024,808.120
25025,808.131
25026,808.269
25027,808.279
25028,808.288
25029,808.420
25030,808.430
25031,808.439
25032,808.586
25033,808.594
25034,808.601
25035,808.705
25036,808.712
25037,808.718
25038,808.819
25039,808.826
25040,808.833
25041,808.936
25042,808.943
25043,808.950
25044,809.033
25045,809.039
25046,809.045
25047,809.051
25048,809.057
25049,809.062
25050,809.068
25051,809.074
25052,809.080
25053,809.086
25054,809.092
25055,809.098
25056,809.104
25057,809.111
25058,809.117
25059,809.123
25060,809.129
25061,809.135
25062,809.142
25063,809.148
25064,809.246
25065,809.253
25066,809.260
25067,809.347
25068,809.353
25069,809.359
25070,809.461
25071,809.468
25072,809.475
25073,809.577
25074,809.584
25075,809.591
25076,809.686
25077,809.691
25078,809.697
25079,809.826
25080,809.836
25081,809.846
25082,809.971
25083,809.980
25084,809.990
25085,810.115
25086,810.125
25087,810.134
25088,810.255
25089,810.262
25090,810.269
25091,810.407
25092,810.407
25093,810.407
25094,810.526
25095,810.534
25096,810.540
25097,810.635
25098,810.642
25099,810.649
25100,810.751
25101,810.758
25102,810.765
25103,810.863
25104,810.870
25105,810.877
25106,810.981
25107,810.989
25108,810.995
25109,811.100
25110,811.107
25111,811.114
25112,811.216
25113,811.223
25114,811.230
25115,811.325
25116,811.332
25117,811.339
25118,811.441
25119,811.448
25120,811.454
25121,811.574
25122,811.584
25123,811.593
25124,811.602
25125,811.611
25126,811.620
25127,811.630
25128,811.639
25129,811.647
25130,811.656
25131,811.665
25132,811.673
25133,811.681
25134,811.690
25135,811.699
25136,811.707
25137,811.716
25138,811.725
25139,811.734
25140,811.743
25141,811.875
25142,811.887
25143,811.897
25144,811.987
25145,811.993
25146,811.999
25147,812.098
25148,812.106
25149,812.112
25150,812.212
25151,812.220
25152,812.227
25153,812.325
25154,812.333
25155,812.340
25156,812.439
25157,812.446
25158,812.453
25159,812.556
25160,812.564
25161,812.571
25162,812.671
25163,812.678
25164,812.685
25165,812.794
25166,812.802
25167,812.809
25168,812.918
25169,812.925
25170,812.932
25171,813.034
25172,813.042
25173,813.049
25174,813.151
25175,813.163
25176,813.174
25177,813.321
25178,813.331
25179,813.340
25180,813.465
25181,813.474
25182,813.483
25183,813.611
25184,813.618
25185,813.624
25186,813.728
25187,813.735
25188,813.741
25189,813.844
25190,813.853
25191,813.860
25192,813.960
25193,813.967
25194,813.974
25195,814.074
25196,814.082
25197,814.089
25198,814.233
25199,814.308
25200,814.317
25201,814.325
25202,814.334
25203,814.344
25204,814.353
25205,814.362
25206,814.370
25207,814.379
25208,814.387
25209,814.396
25210,814.405
25211,814.414
25212,814.422
25213,814.569
25214,814.577
25215,814.585
25216,814.711
25217,814.719
25218,814.728
25219,814.736
25220,814.848
25221,814.858
25222,814.866
25223,814.874
25224,814.884
25225,814.894
25226,815.088
25227,815.099
25228,815.109
25229,815.279
25230,815.345
25231,815.353
25232,815.362
25233,815.370
25234,815.377
25235,815.385
25236,815.393
25237,815.423
25238,815.483
25239,815.580
25240,815.588
25241,815.596
25242,815.604
25243,815.611
25244,815.618
25245,815.625
25246,815.775
25247,815.783
25248,815.792
25249,815.799
25250,815.807
25251,815.938
25252,815.945
25253,815.953
25254,815.960
25255,815.967
25256,815.975
25257,815.982
25258,816.080
25259,816.087
25260,816.095
25261,816.103
25262,816.110
25263,816.117
25264,816.125
25265,816.278
25266,816.287
25267,816.308
25268,816.318
25269,816.328
25270,816.472
25271,816.481
25272,816.491
25273,816.497
25274,816.505
25275,816.515
25276,816.524
25277,816.637
25278,816.710
25279,816.719
25280,816.728
25281,816.736
25282,816.746
25283,816.782
25284,816.851
25285,816.997
25286,817.006
25287,817.014
25288,817.021
25289,817.030
25290,817.170
25291,817.179
25292,817.187
25293,817.195
25294,817.204
25295,817.369
25296,817.380
25297,817.390
25298,817.401
25299,817.411
25300,817.595
25301,817.606
25302,817.616
25303,817.626
25304,817.637
25305,817.796
25306,817.876
25307,817.885
25308,817.894
25309,817.904
25310,817.912
25311,817.921
25312,817.931
25313,817.940
25314,817.949
25315,817.958
25316,817.967
25317,817.976
25318,817.985
25319,817.995
25320,818.004
25321,818.012
25322,818.022
25323,818.032
25324,818.047
25325,818.061
25326,818.076
25327,818.125
25328,818.209
25329,818.328
25330,818.338
25331,818.348
25332,818.356
25333,818.365
25334,818.375
25335,818.386
25336,818.517
25337,818.525
25338,818.533
25339,818.539
25340,818.546
25341,818.554
25342,818.561
25343,818.718
25344,818.727
25345,818.735
25346,818.744
25347,818.754
25348,818.880
25349,818.888
25350,818.897
25351,818.903
25352,818.910
25353,818.918
25354,818.925
25355,819.019
25356,819.028
25357,819.036
25358,819.043
25359,819.049
25360,819.057
25361,819.065
25362,819.224
25363,819.234
25364,819.243
25365,819.252
25366,819.262
25367,819.425
25368,819.435
25369,819.444
25370,819.453
25371,819.462
25372,819.629
25373,819.636
25374,819.649
25375,819.661
25376,819.674
25377,819.848
25378,819.858
25379,819.868
25380,819.875
25381,819.883
25382,819.892
25383,819.902
25384,820.123
25385,820.131
25386,820.139
25387,820.148
25388,820.156
25389,820.313
25390,820.322
25391,820.331
25392,820.340
25393,820.349
25394,820.507
25395,820.517
25396,820.526
25397,820.535
25398,820.684
25399,820.692
25400,820.701
25401,820.708
25402,820.716
25403,820.839
25404,820.847
25405,820.854
25406,820.860
25407,820.867
25408,820.874
25409,820.881
25410,821.026
25411,821.034
25412,821.041
25413,821.049
25414,821.057
25415,821.176
25416,821.184
25417,821.191
25418,821.199
25419,821.205
25420,821.213
25421,821.220
25422,821.407
25423,821.418
25424,821.427
25425,821.438
25426,821.447
25427,821.639
25428,821.649
25429,821.662
25430,821.673
25431,821.685
25432,821.842
25433,821.850
25434,821.858
25435,821.867
25436,821.875
25437,822.028
25438,822.036
25439,822.044
25440,822.052
25441,822.060
25442,822.201
25443,822.209
25444,822.216
25445,822.365
25446,822.373
25447,822.381
25448,822.528
25449,822.536
25450,822.543
25451,822.694
25452,822.702
25453,822.710
25454,822.870
25455,822.880
25456,822.891
25457,823.085
25458,823.095
25459,823.105
25460,823.296
25461,823.304
25462,823.311
25463,823.454
25464,823.523
25465,823.530
25466,823.538
25467,823.546
25468,823.554
25469,823.561
25470,823.569
25471,823.578
25472,823.586
25473,823.595
25474,823.603
25475,823.611
25476,823.620
25477,823.630
25478,823.776
25479,823.784
25480,823.792
25481,823.909
25482,823.915
25483,823.924
25484,823.933
25485,824.032
25486,824.039
25487,824.046
25488,824.055
25489,824.064
25490,824.072
25491,824.235
25492,824.244
25493,824.252
25494,824.381
25495,824.442
25496,824.451
25497,824.462
25498,824.473
25499,824.483
25500,824.493
25501,824.503
25502,824.540
25503,824.618
25504,824.735
25505,824.745
25506,824.755
25507,824.768
25508,824.779
25509,824.791
25510,824.803
25511,824.987
25512,824.994
25513,825.003
25514,825.010
25515,825.017
25516,825.139
25517,825.146
25518,825.153
25519,825.161
25520,825.168
25521,825.175
25522,825.182
25523,825.281
25524,825.289
25525,825.297
25526,825.305
25527,825.312
25528,825.320
25529,825.327
25530,825.485
25531,825.493
25532,825.503
25533,825.513
25534,825.523
25535,825.653
25536,825.661
25537,825.669
25538,825.678
25539,825.685
25540,825.693
25541,825.701
25542,825.797
25543,825.859
25544,825.867
25545,825.874
25546,825.881
25547,825.888
25548,825.916
25549,825.972
25550,826.153
25551,826.164
25552,826.176
25553,826.186
25554,826.198
25555,826.405
25556,826.415
25557,826.425
25558,826.434
25559,826.444
25560,826.627
25561,826.635
25562,826.643
25563,826.651
25564,826.658
25565,826.818
25566,826.826
25567,826.834
25568,826.843
25569,826.851
25570,826.985
25571,827.051
25572,827.058
25573,827.066
25574,827.073
25575,827.080
25576,827.087
25577,827.094
25578,827.102
25579,827.110
25580,827.118
25581,827.125
25582,827.135
25583,827.143
25584,827.151
25585,827.158
25586,827.166
25587,827.173
25588,827.181
25589,827.190
25590,827.198
25591,827.206
25592,827.237
25593,827.296
25594,827.397
25595,827.405
25596,827.413
25597,827.420
25598,827.427
25599,827.434
25600,827.442
25601,827.542
25602,827.550
25603,827.557
25604,827.563
25605,827.569
25606,827.577
25607,827.585
25608,827.770
25609,827.781
25610,827.792
25611,827.802
25612,827.814
25613,827.972
25614,827.982
25615,827.992
25616,827.999
25617,828.007
25618,828.017
25619,828.026
25620,828.152
25621,828.159
25622,828.166
25623,828.172
25624,828.179
25625,828.187
25626,828.194
25627,828.341
25628,828.349
25629,828.357
25630,828.365
25631,828.373
25632,828.521
25633,828.528
25634,828.536
25635,828.545
25636,828.553
25637,828.706
25638,828.715
25639,828.725
25640,828.734
25641,828.742
25642,828.869
25643,828.877
25644,828.884
25645,828.890
25646,828.897
25647,828.904
25648,828.911
25649,829.066
25650,829.074
25651,829.083
25652,829.092
25653,829.100
25654,829.266
25655,829.273
25656,829.281
25657,829.294
25658,829.307
25659,829.526
25660,829.537
25661,829.548
25662,829.560
25663,829.776
25664,829.785
25665,829.793
25666,829.802
25667,829.811
25668,829.946
25669,829.954
25670,829.962
25671,829.968
25672,829.975
25673,829.983
25674,829.991
25675,830.175
25676,830.187
25677,830.199
25678,830.211
25679,830.223
25680,830.356
25681,830.364
25682,830.371
25683,830.379
25684,830.386
25685,830.393
25686,830.401
25687,830.556
25688,830.564
25689,830.573
25690,830.583
25691,830.591
25692,830.752
25693,830.761
25694,830.771
25695,830.780
25696,830.789
25697,830.953
25698,830.962
25699,830.970
25700,830.978
25701,830.986
25702,831.172
25703,831.182
25704,831.194
25705,831.206
25706,831.217
25707,831.406
25708,831.416
25709,831.426
25710,831.604
25711,831.613
25712,831.620
25713,831.764
25714,831.772
25715,831.780
25716,831.925
25717,831.933
25718,831.940
25719,832.089
25720,832.098
25721,832.106
25722,832.262
25723,832.271
25724,832.279
25725,832.428
25726,832.437
25727,832.444
25728,832.586
25729,832.653
25730,832.664
25731,832.676
25732,832.687
25733,832.697
25734,832.707
25735,832.718
25736,832.728
25737,832.738
25738,832.748
25739,832.759
25740,832.771
25741,832.781
25742,832.792
25743,832.979
25744,832.989
25745,832.999
25746,833.146
25747,833.154
25748,833.162
25749,833.170
25750,833.263
25751,833.271
25752,833.277
25753,833.283
25754,833.290
25755,833.297
25756,833.441
25757,833.448
25758,833.456
25759,833.574
25760,833.633
25761,833.640
25762,833.647
25763,833.654
25764,833.661
25765,833.669
25766,833.676
25767,833.702
25768,833.758
25769,833.853
25770,833.861
25771,833.869
25772,833.878
25773,833.885
25774,833.893
25775,833.900
25776,834.047
25777,834.055
25778,834.063
25779,834.071
25780,834.079
25781,834.201
25782,834.208
25783,834.217
25784,834.230
25785,834.240
25786,834.250
25787,834.261
25788,834.385
25789,834.395
25790,834.406
25791,834.416
25792,834.424
25793,834.433
25794,834.441
25795,834.633
25796,834.644
25797,834.654
25798,834.663
25799,834.671
25800,834.794
25801,834.802
25802,834.809
25803,834.817
25804,834.823
25805,834.830
25806,834.837
25807,834.924
25808,835.005
25809,835.005
25810,835.005
25811,835.005
25812,835.009
25813,835.035
25814,835.089
25815,835.238
25816,835.247
25817,835.256
25818,835.264
25819,835.273
25820,835.419
25821,835.427
25822,835.435
25823,835.443
25824,835.452
25825,835.596
25826,835.604
25827,835.612
25828,835.620
25829,835.628
25830,835.777
25831,835.788
25832,835.799
25833,835.810
25834,835.821
25835,835.972
25836,836.053
25837,836.062
25838,836.072
25839,836.081
25840,836.090
25841,836.099
25842,836.107
25843,836.117
25844,836.129
25845,836.138
25846,836.148
25847,836.158
25848,836.165
25849,836.172
25850,836.179
25851,836.186
25852,836.193
25853,836.201
25854,836.208
25855,836.215
25856,836.223
25857,836.252
25858,836.311
25859,836.405
25860,836.413
25861,836.420
25862,836.426
25863,836.433
25864,836.442
25865,836.451
25866,836.549
25867,836.556
25868,836.564
25869,836.571
25870,836.577
25871,836.585
25872,836.592
25873,836.744
25874,836.753
25875,836.762
25876,836.771
25877,836.780
25878,836.905
25879,836.913
25880,836.921
25881,836.927
25882,836.935
25883,836.942
25884,836.950
25885,837.044
25886,837.052
25887,837.060
25888,837.067
25889,837.075
25890,837.083
25891,837.091
25892,837.249
25893,837.258
25894,837.267
25895,837.275
25896,837.283
25897,837.500
25898,837.511
25899,837.522
25900,837.533
25901,837.544
25902,837.775
25903,837.784
25904,837.793
25905,837.802
25906,837.811
25907,837.943
25908,837.950
25909,837.958
25910,837.965
25911,837.972
25912,837.981
25913,837.989
25914,838.150
25915,838.160
25916,838.169
25917,838.178
25918,838.187
25919,838.376
25920,838.386
25921,838.396
25922,838.407
25923,838.418
25924,838.613
25925,838.624
25926,838.636
25927,838.646
25928,838.827
25929,838.836
25930,838.846
25931,838.856
25932,838.865
25933,839.016
25934,839.025
25935,839.034
25936,839.041
25937,839.049
25938,839.058
25939,839.066
25940,839.306
25941,839.320
25942,839.333
25943,839.347
25944,839.360
25945,839.528
25946,839.538
25947,839.547
25948,839.557
25949,839.565
25950,839.575
25951,839.586
25952,839.744
25953,839.754
25954,839.763
25955,839.772
25956,839.780
25957,839.930
25958,839.939
25959,839.947
25960,839.955
25961,839.963
25962,840.118
25963,840.127
25964,840.136
25965,840.145
25966,840.154
25967,840.313
25968,840.322
25969,840.330
25970,840.339
25971,840.348
25972,840.494
25973,840.502
25974,840.509
25975,840.657
25976,840.665
25977,840.673
25978,840.851
25979,840.862
25980,840.873
25981,841.057
25982,841.068
25983,841.077
25984,841.259
25985,841.267
25986,841.274
25987,841.425
25988,841.432
25989,841.440
25990,841.591
25991,841.599
25992,841.607
25993,841.751
25994,841.820
25995,841.827
25996,841.835
25997,841.843
25998,841.851
25999,841.859
26000,841.868
26001,841.877
26002,841.885
26003,841.893
26004,841.902
26005,841.910
26006,841.919
26007,841.928
26008,842.074
26009,842.082
26010,842.090
26011,842.214
26012,842.221
26013,842.230
26014,842.238
26015,842.337
26016,842.347
26017,842.354
26018,842.364
26019,842.374
26020,842.383
26021,842.596
26022,842.607
26023,842.617
26024,842.780
26025,842.849
26026,842.856
26027,842.863
26028,842.870
26029,842.877
26030,842.884
26031,842.891
26032,842.921
26033,842.984
26034,843.080
26035,843.088
26036,843.095
26037,843.103
26038,843.110
26039,843.117
26040,843.125
26041,843.275
26042,843.283
26043,843.291
26044,843.299
26045,843.307
26046,843.437
26047,843.445
26048,843.453
26049,843.461
26050,843.468
26051,843.476
26052,843.484
26053,843.578
26054,843.586
26055,843.593
26056,843.602
26057,843.609
26058,843.616
26059,843.624
26060,843.779
26061,843.788
26062,843.798
26063,843.807
26064,843.816
26065,843.940
26066,843.953
26067,843.964
26068,843.975
26069,843.985
26070,843.995
26071,844.005
26072,844.133
26073,844.210
26074,844.220
26075,844.230
26076,844.239
26077,844.250
26078,844.289
26079,844.371
26080,844.529
26081,844.537
26082,844.545
26083,844.553
26084,844.561
26085,844.730
26086,844.739
26087,844.747
26088,844.757
26089,844.766
26090,844.917
26091,844.925
26092,844.932
26093,844.941
26094,844.948
26095,845.102
26096,845.110
26097,845.119
26098,845.127
26099,845.135
26100,845.282
26101,845.344
26102,845.351
26103,845.358
26104,845.365
26105,845.371
26106,845.378
26107,845.385
26108,845.392
26109,845.399
26110,845.406
26111,845.413
26112,845.420
26113,845.427
26114,845.435
26115,845.442
26116,845.450
26117,845.458
26118,845.465
26119,845.473
26120,845.480
26121,845.488
26122,845.514
26123,845.585
26124,845.707
26125,845.716
26126,845.725
26127,845.732
26128,845.740
26129,845.749
26130,845.758
26131,845.879
26132,845.888
26133,845.898
26134,845.905
26135,845.914
26136,845.926
26137,845.937
26138,846.100
26139,846.109
26140,846.118
26141,846.127
26142,846.136
26143,846.265
26144,846.274
26145,846.281
26146,846.288
26147,846.296
26148,846.304
26149,846.313
26150,846.409
26151,846.416
26152,846.423
26153,846.430
26154,846.436
26155,846.443
26156,846.451
26157,846.601
26158,846.610
26159,846.618
26160,846.627
26161,846.635
26162,846.792
26163,846.801
26164,846.810
26165,846.854
26166,846.855
26167,846.997
26168,847.009
26169,847.021
26170,847.030
26171,847.039
26172,847.189
26173,847.199
26174,847.210
26175,847.218
26176,847.227
26177,847.239
26178,847.250
26179,847.459
26180,847.469
26181,847.479
26182,847.491
26183,847.501
26184,847.697
26185,847.706
26186,847.715
26187,847.724
26188,847.732
26189,847.900
26190,847.910
26191,847.919
26192,847.930
26193,848.090
26194,848.099
26195,848.107
26196,848.117
26197,848.125
26198,848.252
26199,848.263
26200,848.273
26201,848.284
26202,848.295
26203,848.305
26204,848.312
26205,848.468
26206,848.476
26207,848.485
26208,848.493
26209,848.501
26210,848.630
26211,848.638
26212,848.646
26213,848.654
26214,848.661
26215,848.668
26216,848.676
26217,848.854
26218,848.866
26219,848.889
26220,848.889
26221,848.900
26222,849.109
26223,849.118
26224,849.129
26225,849.138
26226,849.148
26227,849.338
26228,849.346
26229,849.354
26230,849.362
26231,849.370
26232,849.523
26233,849.532
26234,849.540
26235,849.549
26236,849.557
26237,849.711
26238,849.720
26239,849.727
26240,849.882
26241,849.891
26242,849.899
26243,850.046
26244,850.055
26245,850.062
26246,850.215
26247,850.223
26248,850.230
26249,850.385
26250,850.392
26251,850.402
26252,850.625
26253,850.635
26254,850.644
26255,850.839
26256,850.850
26257,850.862
26258,851.006
26259,851.061
26260,851.068
26261,851.075
26262,851.082
26263,851.088
26264,851.095
26265,851.102
26266,851.109
26267,851.115
26268,851.122
26269,851.129
26270,851.136
26271,851.143
26272,851.150
26273,851.292
26274,851.300
26275,851.307
26276,851.424
26277,851.431
26278,851.438
26279,851.445
26280,851.537
26281,851.544
26282,851.550
26283,851.557
26284,851.564
26285,851.572
26286,851.715
26287,851.723
26288,851.731
26289,851.849
26290,851.906
26291,851.914
26292,851.921
26293,851.928
26294,851.935
26295,851.941
26296,851.948
26297,851.972
26298,852.050
26299,852.175
26300,852.185
26301,852.192
26302,852.202
26303,852.210
26304,852.219
26305,852.229
26306,852.413
26307,852.420
26308,852.427
26309,852.434
26310,852.441
26311,852.556
26312,852.563
26313,852.569
26314,852.576
26315,852.582
26316,852.589
26317,852.595
26318,852.687
26319,852.694
26320,852.701
26321,852.708
26322,852.715
26323,852.723
26324,852.730
26325,852.885
26326,852.894
26327,852.903
26328,852.913
26329,852.922
26330,853.040
26331,853.048
26332,853.055
26333,853.061
26334,853.068
26335,853.076
26336,853.083
26337,853.178
26338,853.232
26339,853.240
26340,853.247
26341,853.255
26342,853.262
26343,853.289
26344,853.343
26345,853.492
26346,853.500
26347,853.507
26348,853.516
26349,853.523
26350,853.723
26351,853.733
26352,853.743
26353,853.753
26354,853.764
26355,853.965
26356,853.976
26357,853.988
26358,853.996
26359,854.003
26360,854.160
26361,854.168
26362,854.176
26363,854.184
26364,854.192
26365,854.316
26366,854.375
26367,854.381
26368,854.388
26369,854.394
26370,854.401
26371,854.408
26372,854.415
26373,854.422
26374,854.429
26375,854.435
26376,854.443
26377,854.450
26378,854.457
26379,854.463
26380,854.469
26381,854.476
26382,854.483
26383,854.490
26384,854.497
26385,854.504
26386,854.511
26387,854.536
26388,854.591
26389,854.687
26390,854.694
26391,854.701
26392,854.707
26393,854.714
26394,854.722
26395,854.729
26396,854.818
26397,854.825
26398,854.832
26399,854.838
26400,854.845
26401,854.852
26402,854.859
26403,855.014
26404,855.022
26405,855.030
26406,855.038
26407,855.046
26408,855.185
26409,855.196
26410,855.206
26411,855.213
26412,855.222
26413,855.233
26414,855.245
26415,855.370
26416,855.379
26417,855.389
26418,855.397
26419,855.406
26420,855.416
26421,855.426
26422,855.618
26423,855.626
26424,855.635
26425,855.643
26426,855.651
26427,855.809
26428,855.818
26429,855.826
26430,855.835
26431,855.843
26432,856.012
26433,856.020
26434,856.028
26435,856.037
26436,856.045
26437,856.171
26438,856.179
26439,856.186
26440,856.192
26441,856.199
26442,856.207
26443,856.214
26444,856.368
26445,856.375
26446,856.383
26447,856.391
26448,856.399
26449,856.547
26450,856.554
26451,856.563
26452,856.573
26453,856.581
26454,856.742
26455,856.754
26456,856.767
26457,856.778
26458,856.972
26459,856.981
26460,856.991
26461,857.000
26462,857.010
26463,857.181
26464,857.191
26465,857.200
26466,857.208
26467,857.217
26468,857.227
26469,857.236
26470,857.415
26471,857.424
26472,857.432
26473,857.441
26474,857.449
26475,857.575
26476,857.583
26477,857.590
26478,857.597
26479,857.604
26480,857.612
26481,857.619
26482,857.767
26483,857.775
26484,857.783
26485,857.792
26486,857.800
26487,857.941
26488,857.949
26489,857.957
26490,857.965
26491,857.973
26492,858.117
26493,858.125
26494,858.133
26495,858.142
26496,858.150
26497,858.298
26498,858.305
26499,858.313
26500,858.320
26501,858.327
26502,858.521
26503,858.531
26504,858.542
26505,858.731
26506,858.742
26507,858.754
26508,858.916
26509,858.924
26510,858.931
26511,859.078
26512,859.085
26513,859.093
26514,859.247
26515,859.255
26516,859.262
26517,859.407
26518,859.415
26519,859.423
26520,859.575
26521,859.583
26522,859.590
26523,859.734
26524,859.793
26525,859.802
26526,859.809
26527,859.816
26528,859.824
26529,859.833
26530,859.841
26531,859.848
26532,859.856
26533,859.864
26534,859.871
26535,859.881
26536,859.887
26537,859.895
26538,860.079
26539,860.089
26540,860.100
26541,860.246
26542,860.255
26543,860.263
26544,860.272
26545,860.400
26546,860.407
26547,860.413
26548,860.420
26549,860.428
26550,860.435
26551,860.583
26552,860.591
26553,860.598
26554,860.718
26555,860.776
26556,860.782
26557,860.789
26558,860.796
26559,860.802
26560,860.808
26561,860.815
26562,860.840
26563,860.893
26564,860.986
26565,860.994
26566,861.001
26567,861.009
26568,861.017
26569,861.026
26570,861.033
26571,861.180
26572,861.188
26573,861.195
26574,861.203
26575,861.211
26576,861.332
26577,861.340
26578,861.349
26579,861.356
26580,861.364
26581,861.371
26582,861.379
26583,861.476
26584,861.484
26585,861.490
26586,861.498
26587,861.503
26588,861.509
26589,861.518
26590,861.716
26591,861.725
26592,861.735
26593,861.746
26594,861.757
26595,861.911
26596,861.921
26597,861.932
26598,861.939
26599,861.948
26600,861.955
26601,861.962
26602,862.055
26603,862.111
26604,862.119
26605,862.126
26606,862.134
26607,862.140
26608,862.165
26609,862.214
26610,862.366
26611,862.374
26612,862.382
26613,862.390
26614,862.398
26615,862.535
26616,862.542
26617,862.550
26618,862.558
26619,862.566
26620,862.705
26621,862.713
26622,862.721
26623,862.729
26624,862.737
26625,862.878
26626,862.886
26627,862.893
26628,862.901
26629,862.908
26630,863.020
26631,863.096
26632,863.105
26633,863.113
26634,863.122
26635,863.131
26636,863.140
26637,863.149
26638,863.159
26639,863.168
26640,863.176
26641,863.185
26642,863.193
26643,863.201
26644,863.210
26645,863.218
26646,863.229
26647,863.238
26648,863.247
26649,863.256
26650,863.264
26651,863.273
26652,863.304
26653,863.381
26654,863.476
26655,863.483
26656,863.491
26657,863.497
26658,863.503
26659,863.510
26660,863.518
26661,863.609
26662,863.616
26663,863.623
26664,863.628
26665,863.635
26666,863.642
26667,863.649
26668,863.799
26669,863.807
26670,863.815
26671,863.824
26672,863.832
26673,863.947
26674,863.954
26675,863.961
26676,863.967
26677,863.974
26678,863.980
26679,863.987
26680,864.081
26681,864.089
26682,864.096
26683,864.103
26684,864.110
26685,864.117
26686,864.125
26687,864.279
26688,864.288
26689,864.298
26690,864.308
26691,864.317
26692,864.465
26693,864.472
26694,864.479
26695,864.489
26696,864.501
26697,864.704
26698,864.713
26699,864.723
26700,864.732
26701,864.779
26702,864.899
26703,864.910
26704,864.919
26705,864.925
26706,864.932
26707,864.938
26708,864.945
26709,865.092
26710,865.100
26711,865.108
26712,865.116
26713,865.124
26714,865.280
26715,865.288
26716,865.298
26717,865.308
26718,865.316
26719,865.475
26720,865.485
26721,865.494
26722,865.502
26723,865.658
26724,865.666
26725,865.674
26726,865.682
26727,865.691
26728,865.809
26729,865.816
26730,865.823
26731,865.829
26732,865.836
26733,865.843
26734,865.849
26735,865.994
26736,866.002
26737,866.009
26738,866.016
26739,866.023
26740,866.180
26741,866.193
26742,866.202
26743,866.212
26744,866.221
26745,866.230
26746,866.240
26747,866.432
26748,866.442
26749,866.453
26750,866.461
26751,866.468
26752,866.614
26753,866.621
26754,866.629
26755,866.636
26756,866.644
26757,866.796
26758,866.804
26759,866.811
26760,866.820
26761,866.827
26762,866.965
26763,866.972
26764,866.980
26765,866.988
26766,866.995
26767,867.136
26768,867.143
26769,867.151
26770,867.301
26771,867.309
26772,867.316
26773,867.455
26774,867.463
26775,867.470
26776,867.634
26777,867.644
26778,867.653
26779,867.844
26780,867.855
26781,867.864
26782,868.052
26783,868.060
26784,868.067
26785,868.210
26786,868.218
26787,868.226
26788,868.338
26789,868.409
26790,868.519
26791,868.585
26792,868.687
26793,868.749
26794,868.858
26795,868.922
26796,869.477
26797,869.488
26798,869.989
26799,870.118
26800,870.125
26801,870.232
26802,870.239
26803,870.844
26804,870.852
26805,871.281
26806,871.380
26807,871.387
26808,871.997
26809,872.005
26810,872.476
26811,872.593
26812,872.602
26813,872.717
26814,872.726
26815,872.734
26816,872.780
26817,872.792
26818,872.803
26819,872.812
26820,872.817
26821,872.823
26822,872.828
26823,872.834
26824,872.839
26825,872.930
26826,872.936
26827,872.942
26828,873.000
26829,873.017
26830,873.022
26831,873.036
26832,873.053
26833,873.059
26834,873.101
26835,873.120
26836,873.126
26837,873.160
26838,873.178
26839,873.184
26840,873.196
26841,873.212
26842,873.218
26843,873.261
26844,873.267
26845,873.273
26846,873.311
26847,873.318
26848,873.324
26849,873.329
26850,873.335
26851,873.341
26852,873.347
26853,873.353
26854,873.359
26855,873.460
26856,873.467
26857,873.474
26858,873.539
26859,873.557
26860,873.564
26861,873.578
26862,873.596
26863,873.602
26864,873.646
26865,873.665
26866,873.672
26867,873.709
26868,873.728
26869,873.734
26870,873.748
26871,873.765
26872,873.771
26873,873.817
26874,873.823
26875,873.829
26876,873.869
26877,873.876
26878,873.882
26879,873.888
26880,873.893
26881,873.900
26882,873.906
26883,873.911
26884,873.917
26885,874.040
26886,874.050
26887,874.060
26888,874.138
26889,874.163
26890,874.172
26891,874.188
26892,874.212
26893,874.220
26894,874.275
26895,874.300
26896,874.309
26897,874.361
26898,874.381
26899,874.388
26900,874.402
26901,874.419
26902,874.425
26903,874.468
26904,874.475
26905,874.481
26906,874.487
26907,874.492
26908,874.498
26909,874.503
26910,874.592
26911,874.598
26912,874.604
26913,874.665
26914,874.683
26915,874.689
26916,874.701
26917,874.718
26918,874.724
26919,874.757
26920,874.774
26921,874.780
26922,874.814
26923,874.830
26924,874.837
26925,874.879
26926,874.898
26927,874.904
26928,874.917
26929,874.939
26930,874.946
26931,874.989
26932,875.012
26933,875.018
26934,875.059
26935,875.066
26936,875.072
26937,875.077
26938,875.083
26939,875.120
26940,875.127
26941,875.133
26942,875.139
26943,875.146
26944,875.152
26945,875.157
26946,875.164
26947,875.170
26948,875.176
26949,875.193
26950,875.204
26951,875.215
26952,875.227
26953,875.238
26954,875.249
26955,875.261
26956,875.272
26957,875.335
26958,875.341
26959,875.346
26960,875.351
26961,875.361
26962,875.370
26963,875.380
26964,875.389
26965,875.398
26966,875.406
26967,875.415
26968,875.425
26969,875.434
26970,875.443
26971,875.452
26972,875.462
26973,875.473
26974,875.482
26975,875.491
26976,875.597
26977,875.606
26978,875.615
26979,875.727
26980,875.737
26981,875.747
26982,875.850
26983,875.857
26984,875.863
26985,875.952
26986,875.959
26987,875.965
26988,876.051
26989,876.058
26990,876.065
26991,876.152
26992,876.159
26993,876.165
26994,876.252
26995,876.260
26996,876.266
26997,876.349
26998,876.356
26999,876.362
27000,876.447
27001,876.454
27002,876.460
27003,876.544
27004,876.551
27005,876.557
27006,876.644
27007,876.650
27008,876.657
27009,876.749
27010,876.756
27011,876.762
27012,876.847
27013,876.853
27014,876.859
27015,876.943
27016,876.949
27017,876.955
27018,877.039
27019,877.049
27020,877.059
27021,877.171
27022,877.181
27023,877.191
27024,877.300
27025,877.309
27026,877.317
27027,877.427
27028,877.435
27029,877.445
27030,877.454
27031,877.569
27032,877.575
27033,877.582
27034,877.675
27035,877.682
27036,877.688
27037,877.779
27038,877.808
27039,877.814
27040,877.871
27041,877.878
27042,877.884
27043,877.889
27044,877.985
27045,877.992
27046,877.998
27047,878.087
27048,878.094
27049,878.100
27050,878.191
27051,878.215
27052,878.221
27053,878.385
27054,878.465
27055,878.472
27056,878.479
27057,878.486
27058,878.493
27059,878.500
27060,878.508
27061,878.516
27062,878.523
27063,878.531
27064,878.539
27065,878.547
27066,878.555
27067,878.564
27068,878.742
27069,878.752
27070,878.761
27071,878.948
27072,878.957
27073,878.965
27074,878.974
27075,879.130
27076,879.138
27077,879.145
27078,879.151
27079,879.158
27080,879.165
27081,879.330
27082,879.338
27083,879.346
27084,879.483
27085,879.552
27086,879.558
27087,879.564
27088,879.570
27089,879.576
27090,879.583
27091,879.589
27092,879.621
27093,879.690
27094,879.808
27095,879.816
27096,879.824
27097,879.831
27098,879.837
27099,879.844
27100,879.851
27101,879.966
27102,879.973
27103,879.980
27104,879.987
27105,880.020
27106,880.028
27107,880.034
27108,880.150
27109,880.157
27110,880.164
27111,880.170
27112,880.178
27113,880.358
27114,880.369
27115,880.378
27116,880.617
27117,880.625
27118,880.633
27119,880.641
27120,880.649
27121,880.799
27122,880.806
27123,880.813
27124,880.820
27125,880.827
27126,880.834
27127,880.841
27128,880.959
27129,880.967
27130,880.975
27131,880.982
27132,880.988
27133,880.995
27134,881.003
27135,881.114
27136,881.121
27137,881.128
27138,881.135
27139,881.263
27140,881.270
27141,881.278
27142,881.285
27143,881.292
27144,881.299
27145,881.494
27146,881.503
27147,881.511
27148,881.519
27149,881.527
27150,881.664
27151,881.670
27152,881.676
27153,881.681
27154,881.933
27155,881.943
27156,881.954
27157,881.965
27158,881.976
27159,882.157
27160,882.164
27161,882.170
27162,882.176
27163,882.182
27164,882.310
27165,882.317
27166,882.324
27167,882.331
27168,882.338
27169,882.444
27170,882.451
27171,882.457
27172,882.463
27173,882.568
27174,882.574
27175,882.581
27176,882.587
27177,882.592
27178,882.598
27179,882.605
27180,882.705
27181,882.768
27182,882.774
27183,882.780
27184,882.787
27185,882.793
27186,882.824
27187,882.887
27188,883.048
27189,883.055
27190,883.063
27191,883.071
27192,883.079
27193,883.228
27194,883.237
27195,883.245
27196,883.254
27197,883.426
27198,883.435
27199,883.443
27200,883.451
27201,883.614
27202,883.621
27203,883.627
27204,883.633
27205,883.795
27206,883.802
27207,883.809
27208,883.816
27209,883.823
27210,883.991
27211,883.998
27212,884.005
27213,884.012
27214,884.018
27215,884.025
27216,884.185
27217,884.192
27218,884.199
27219,884.206
27220,884.213
27221,884.378
27222,884.386
27223,884.394
27224,884.402
27225,884.410
27226,884.559
27227,884.635
27228,884.642
27229,884.652
27230,884.662
27231,884.672
27232,884.681
27233,884.691
27234,884.701
27235,884.710
27236,884.719
27237,884.729
27238,884.738
27239,884.748
27240,884.758
27241,884.767
27242,884.777
27243,884.790
27244,884.800
27245,884.810
27246,884.820
27247,884.830
27248,884.871
27249,884.961
27250,885.101
27251,885.108
27252,885.115
27253,885.123
27254,885.129
27255,885.135
27256,885.142
27257,885.252
27258,885.260
27259,885.268
27260,885.277
27261,885.285
27262,885.292
27263,885.299
27264,885.473
27265,885.480
27266,885.489
27267,885.497
27268,885.506
27269,885.648
27270,885.656
27271,885.663
27272,885.671
27273,885.677
27274,885.684
27275,885.691
27276,885.800
27277,885.807
27278,885.814
27279,885.822
27280,885.828
27281,885.835
27282,885.842
27283,886.006
27284,886.015
27285,886.024
27286,886.031
27287,886.040
27288,886.252
27289,886.262
27290,886.273
27291,886.283
27292,886.295
27293,886.526
27294,886.537
27295,886.548
27296,886.557
27297,886.569
27298,886.724
27299,886.731
27300,886.738
27301,886.745
27302,886.751
27303,886.758
27304,886.765
27305,886.944
27306,886.952
27307,886.961
27308,886.969
27309,886.977
27310,887.154
27311,887.163
27312,887.172
27313,887.181
27314,887.189
27315,887.369
27316,887.378
27317,887.387
27318,887.395
27319,887.561
27320,887.569
27321,887.576
27322,887.583
27323,887.589
27324,887.725
27325,887.732
27326,887.743
27327,887.754
27328,887.762
27329,887.771
27330,887.780
27331,887.999
27332,888.008
27333,888.018
27334,888.027
27335,888.037
27336,888.215
27337,888.221
27338,888.228
27339,888.235
27340,888.241
27341,888.248
27342,888.256
27343,888.431
27344,888.439
27345,888.447
27346,888.455
27347,888.463
27348,888.648
27349,888.656
27350,888.665
27351,888.674
27352,888.682
27353,888.868
27354,888.875
27355,888.883
27356,888.890
27357,888.898
27358,889.087
27359,889.094
27360,889.103
27361,889.111
27362,889.119
27363,889.280
27364,889.288
27365,889.294
27366,889.482
27367,889.491
27368,889.500
27369,889.696
27370,889.706
27371,889.714
27372,889.903
27373,889.910
27374,889.917
27375,890.088
27376,890.096
27377,890.104
27378,890.281
27379,890.289
27380,890.297
27381,890.467
27382,890.475
27383,890.482
27384,890.617
27385,890.675
27386,890.682
27387,890.689
27388,890.695
27389,890.703
27390,890.709
27391,890.717
27392,890.725
27393,890.732
27394,890.740
27395,890.748
27396,890.755
27397,890.762
27398,890.769
27399,890.884
27400,890.891
27401,890.897
27402,891.034
27403,891.046
27404,891.055
27405,891.222
27406,891.231
27407,891.240
27408,891.249
27409,891.257
27410,891.409
27411,891.418
27412,891.428
27413,891.579
27414,891.635
27415,891.642
27416,891.649
27417,891.655
27418,891.661
27419,891.668
27420,891.674
27421,891.700
27422,891.757
27423,891.858
27424,891.865
27425,891.873
27426,891.880
27427,891.888
27428,891.896
27429,892.033
27430,892.040
27431,892.048
27432,892.056
27433,892.064
27434,892.190
27435,892.197
27436,892.204
27437,892.212
27438,892.218
27439,892.225
27440,892.316
27441,892.323
27442,892.330
27443,892.338
27444,892.345
27445,892.352
27446,892.480
27447,892.488
27448,892.496
27449,892.503
27450,892.511
27451,892.637
27452,892.645
27453,892.652
27454,892.659
27455,892.666
27456,892.674
27457,892.762
27458,892.824
27459,892.836
27460,892.847
27461,892.856
27462,892.866
27463,892.901
27464,892.979
27465,893.139
27466,893.150
27467,893.160
27468,893.171
27469,893.182
27470,893.341
27471,893.348
27472,893.355
27473,893.362
27474,893.370
27475,893.502
27476,893.509
27477,893.516
27478,893.523
27479,893.529
27480,893.654
27481,893.661
27482,893.668
27483,893.675
27484,893.681
27485,893.797
27486,893.854
27487,893.861
27488,893.868
27489,893.875
27490,893.881
27491,893.888
27492,893.895
27493,893.901
27494,893.908
27495,893.915
27496,893.921
27497,893.928
27498,893.935
27499,893.942
27500,893.949
27501,893.956
27502,893.964
27503,893.973
27504,893.981
27505,893.989
27506,893.997
27507,894.023
27508,894.076
27509,894.168
27510,894.177
27511,894.185
27512,894.194
27513,894.201
27514,894.209
27515,894.308
27516,894.316
27517,894.324
27518,894.333
27519,894.340
27520,894.347
27521,894.469
27522,894.476
27523,894.482
27524,894.490
27525,894.501
27526,894.660
27527,894.672
27528,894.682
27529,894.692
27530,894.701
27531,894.710
27532,894.820
27533,894.829
27534,894.838
27535,894.849
27536,894.857
27537,894.867
27538,895.015
27539,895.023
27540,895.030
27541,895.037
27542,895.044
27543,895.169
27544,895.176
27545,895.184
27546,895.192
27547,895.200
27548,895.334
27549,895.342
27550,895.349
27551,895.358
27552,895.368
27553,895.488
27554,895.496
27555,895.504
27556,895.512
27557,895.519
27558,895.526
27559,895.656
27560,895.664
27561,895.671
27562,895.676
27563,895.683
27564,895.803
27565,895.810
27566,895.818
27567,895.825
27568,895.833
27569,895.962
27570,895.970
27571,895.978
27572,895.985
27573,896.112
27574,896.119
27575,896.127
27576,896.135
27577,896.142
27578,896.275
27579,896.286
27580,896.298
27581,896.310
27582,896.321
27583,896.331
27584,896.504
27585,896.514
27586,896.524
27587,896.534
27588,896.543
27589,896.701
27590,896.712
27591,896.723
27592,896.735
27593,896.744
27594,896.751
27595,896.878
27596,896.885
27597,896.892
27598,896.899
27599,896.907
27600,897.035
27601,897.042
27602,897.050
27603,897.057
27604,897.064
27605,897.190
27606,897.198
27607,897.208
27608,897.216
27609,897.223
27610,897.343
27611,897.350
27612,897.357
27613,897.365
27614,897.372
27615,897.489
27616,897.496
27617,897.503
27618,897.618
27619,897.624
27620,897.631
27621,897.748
27622,897.755
27623,897.761
27624,897.880
27625,897.887
27626,897.893
27627,898.020
27628,898.031
27629,898.040
27630,898.189
27631,898.197
27632,898.205
27633,898.343
27634,898.352
27635,898.361
27636,898.512
27637,898.565
27638,898.572
27639,898.579
27640,898.585
27641,898.591
27642,898.597
27643,898.604
27644,898.610
27645,898.617
27646,898.623
27647,898.629
27648,898.636
27649,898.643
27650,898.649
27651,898.762
27652,898.769
27653,898.775
27654,898.888
27655,898.894
27656,898.900
27657,899.004
27658,899.011
27659,899.017
27660,899.023
27661,899.030
27662,899.141
27663,899.148
27664,899.154
27665,899.265
27666,899.319
27667,899.325
27668,899.333
27669,899.340
27670,899.346
27671,899.353
27672,899.359
27673,899.384
27674,899.433
27675,899.512
27676,899.517
27677,899.527
27678,899.537
27679,899.546
27680,899.555
27681,899.705
27682,899.715
27683,899.724
27684,899.732
27685,899.740
27686,899.883
27687,899.892
27688,899.901
27689,899.910
27690,899.920
27691,899.931
27692,900.028
27693,900.034
27694,900.041
27695,900.048
27696,900.055
27697,900.062
27698,900.195
27699,900.203
27700,900.210
27701,900.217
27702,900.224
27703,900.345
27704,900.352
27705,900.359
27706,900.365
27707,900.372
27708,900.378
27709,900.459
27710,900.510
27711,900.517
27712,900.523
27713,900.529
27714,900.535
27715,900.559
27716,900.608
27717,900.727
27718,900.734
27719,900.741
27720,900.748
27721,900.754
27722,900.875
27723,900.883
27724,900.890
27725,900.898
27726,900.905
27727,901.022
27728,901.029
27729,901.036
27730,901.043
27731,901.050
27732,901.192
27733,901.202
27734,901.211
27735,901.220
27736,901.230
27737,901.382
27738,901.455
27739,901.464
27740,901.473
27741,901.483
27742,901.492
27743,901.501
27744,901.511
27745,901.521
27746,901.532
27747,901.543
27748,901.552
27749,901.559
27750,901.566
27751,901.572
27752,901.580
27753,901.588
27754,901.595
27755,901.602
27756,901.609
27757,901.617
27758,901.625
27759,901.650
27760,901.704
27761,901.791
27762,901.799
27763,901.806
27764,901.814
27765,901.822
27766,901.829
27767,901.920
27768,901.928
27769,901.953
27770,901.953
27771,901.953
27772,901.957
27773,902.124
27774,902.133
27775,902.142
27776,902.152
27777,902.161
27778,902.296
27779,902.304
27780,902.311
27781,902.320
27782,902.327
27783,902.334
27784,902.422
27785,902.429
27786,902.437
27787,902.444
27788,902.451
27789,902.458
27790,902.577
27791,902.584
27792,902.592
27793,902.599
27794,902.606
27795,902.726
27796,902.732
27797,902.742
27798,902.754
27799,902.765
27800,902.934
27801,902.944
27802,902.993
27803,902.993
27804,902.993
27805,903.123
27806,903.132
27807,903.141
27808,903.152
27809,903.162
27810,903.173
27811,903.311
27812,903.317
27813,903.324
27814,903.329
27815,903.337
27816,903.462
27817,903.469
27818,903.476
27819,903.483
27820,903.490
27821,903.621
27822,903.629
27823,903.637
27824,903.644
27825,903.762
27826,903.769
27827,903.775
27828,903.782
27829,903.789
27830,903.907
27831,903.914
27832,903.920
27833,903.927
27834,903.934
27835,903.940
27836,904.070
27837,904.078
27838,904.086
27839,904.094
27840,904.101
27841,904.223
27842,904.230
27843,904.237
27844,904.245
27845,904.252
27846,904.259
27847,904.386
27848,904.394
27849,904.399
27850,904.405
27851,904.411
27852,904.570
27853,904.580
27854,904.589
27855,904.597
27856,904.606
27857,904.751
27858,904.761
27859,904.774
27860,904.781
27861,904.790
27862,904.973
27863,904.973
27864,904.973
27865,904.973
27866,904.973
27867,905.086
27868,905.094
27869,905.100
27870,905.220
27871,905.227
27872,905.233
27873,905.354
27874,905.361
27875,905.368
27876,905.489
27877,905.496
27878,905.502
27879,905.623
27880,905.630
27881,905.637
27882,905.754
27883,905.762
27884,905.768
27885,905.887
27886,905.895
27887,905.901
27888,906.038
27889,906.098
27890,906.108
27891,906.118
27892,906.128
27893,906.137
27894,906.146
27895,906.155
27896,906.164
27897,906.174
27898,906.184
27899,906.195
27900,906.205
27901,906.215
27902,906.227
27903,906.371
27904,906.380
27905,906.389
27906,906.544
27907,906.552
27908,906.559
27909,906.684
27910,906.691
27911,906.699
27912,906.706
27913,906.714
27914,906.833
27915,906.840
27916,906.847
27917,906.962
27918,907.013
27919,907.020
27920,907.027
27921,907.033
27922,907.040
27923,907.046
27924,907.053
27925,907.077
27926,907.127
27927,907.213
27928,907.221
27929,907.228
27930,907.236
27931,907.245
27932,907.255
27933,907.379
27934,907.386
27935,907.394
27936,907.402
27937,907.409
27938,907.528
27939,907.535
27940,907.542
27941,907.549
27942,907.557
27943,907.564
27944,907.653
27945,907.660
27946,907.665
27947,907.672
27948,907.680
27949,907.691
27950,907.852
27951,907.861
27952,907.871
27953,907.879
27954,907.889
27955,908.032
27956,908.041
27957,908.050
27958,908.059
27959,908.068
27960,908.077
27961,908.183
27962,908.240
27963,908.246
27964,908.252
27965,908.258
27966,908.264
27967,908.288
27968,908.339
27969,908.458
27970,908.465
27971,908.472
27972,908.479
27973,908.486
27974,908.603
27975,908.609
27976,908.616
27977,908.622
27978,908.629
27979,908.740
27980,908.747
27981,908.753
27982,908.760
27983,908.767
27984,908.881
27985,908.887
27986,908.894
27987,908.901
27988,908.908
27989,909.017
27990,909.071
27991,909.077
27992,909.084
27993,909.090
27994,909.096
27995,909.102
27996,909.108
27997,909.114
27998,909.120
27999,909.127
28000,909.133
28001,909.140
28002,909.146
28003,909.152
28004,909.159
28005,909.165
28006,909.172
28007,909.177
28008,909.183
28009,909.192
28010,909.203
28011,909.238
28012,909.307
28013,909.419
28014,909.428
28015,909.436
28016,909.445
28017,909.454
28018,909.463
28019,909.571
28020,909.581
28021,909.591
28022,909.601
28023,909.608
28024,909.614
28025,909.737
28026,909.744
28027,909.752
28028,909.760
28029,909.766
28030,909.881
28031,909.888
28032,909.895
28033,909.902
28034,909.908
28035,909.915
28036,909.999
28037,910.006
28038,910.012
28039,910.020
28040,910.027
28041,910.034
28042,910.151
28043,910.159
28044,910.166
28045,910.174
28046,910.181
28047,910.306
28048,910.313
28049,910.320
28050,910.328
28051,910.336
28052,910.466
28053,910.475
28054,910.483
28055,910.492
28056,910.500
28057,910.615
28058,910.622
28059,910.629
28060,910.637
28061,910.644
28062,910.651
28063,910.767
28064,910.777
28065,910.788
28066,910.799
28067,910.809
28068,910.965
28069,910.974
28070,910.983
28071,910.991
28072,911.002
28073,911.157
28074,911.167
28075,911.178
28076,911.189
28077,911.327
28078,911.333
28079,911.341
28080,911.347
28081,911.354
28082,911.467
28083,911.474
28084,911.482
28085,911.490
28086,911.497
28087,911.504
28088,911.629
28089,911.636
28090,911.643
28091,911.650
28092,911.658
28093,911.775
28094,911.783
28095,911.789
28096,911.797
28097,911.804
28098,911.812
28099,911.947
28100,911.955
28101,911.962
28102,911.970
28103,911.978
28104,912.105
28105,912.113
28106,912.120
28107,912.128
28108,912.136
28109,912.256
28110,912.263
28111,912.270
28112,912.278
28113,912.285
28114,912.398
28115,912.409
28116,912.421
28117,912.433
28118,912.444
28119,912.600
28120,912.610
28121,912.619
28122,912.778
28123,912.788
28124,912.797
28125,912.954
28126,912.961
28127,912.968
28128,913.091
28129,913.098
28130,913.104
28131,913.228
28132,913.235
28133,913.242
28134,913.387
28135,913.387
28136,913.388
28137,913.495
28138,913.502
28139,913.508
28140,913.665
28141,913.728
28142,913.736
28143,913.744
28144,913.752
28145,913.761
28146,913.769
28147,913.778
28148,913.787
28149,913.795
28150,913.804
28151,913.813
28152,913.822
28153,913.831
28154,913.839
28155,913.997
28156,914.005
28157,914.013
28158,914.148
28159,914.159
28160,914.169
28161,914.179
28162,914.310
28163,914.320
28164,914.330
28165,914.339
28166,914.348
28167,914.360
28168,914.565
28169,914.573
28170,914.580
28171,914.713
28172,914.772
28173,914.779
28174,914.785
28175,914.792
28176,914.800
28177,914.807
28178,914.814
28179,914.841
28180,914.897
28181,915.002
28182,915.010
28183,915.018
28184,915.025
28185,915.032
28186,915.040
28187,915.047
28188,915.202
28189,915.211
28190,915.219
28191,915.228
28192,915.236
28193,915.366
28194,915.374
28195,915.382
28196,915.389
28197,915.396
28198,915.404
28199,915.411
28200,915.509
28201,915.517
28202,915.525
28203,915.532
28204,915.539
28205,915.546
28206,915.555
28207,915.713
28208,915.725
28209,915.737
28210,915.751
28211,915.763
28212,915.931
28213,915.941
28214,915.951
28215,915.961
28216,915.969
28217,915.979
28218,915.989
28219,916.114
28220,916.184
28221,916.192
28222,916.199
28223,916.206
28224,916.213
28225,916.240
28226,916.297
28227,916.459
28228,916.468
28229,916.477
28230,916.487
28231,916.496
28232,916.617
28233,916.625
28234,916.632
28235,916.639
28236,916.718
28237,916.726
28238,916.852
28239,916.860
28240,916.868
28241,916.876
28242,916.884
28243,917.006
28244,917.013
28245,917.021
28246,917.173
28247,917.182
28248,917.190
28249,917.198
28250,917.206
28251,917.387
28252,917.399
28253,917.410
28254,917.419
28255,917.431
28256,917.602
28257,917.676
28258,917.685
28259,917.694
28260,917.704
28261,917.714
28262,917.724
28263,917.734
28264,917.741
28265,917.748
28266,917.755
28267,917.761
28268,917.768
28269,917.776
28270,917.783
28271,917.789
28272,917.797
28273,917.804
28274,917.811
28275,917.818
28276,917.826
28277,917.833
28278,917.857
28279,917.910
28280,918.007
28281,918.015
28282,918.023
28283,918.030
28284,918.037
28285,918.045
28286,918.052
28287,918.149
28288,918.157
28289,918.164
28290,918.172
28291,918.179
28292,918.186
28293,918.194
28294,918.359
28295,918.368
28296,918.377
28297,918.387
28298,918.396
28299,918.524
28300,918.532
28301,918.540
28302,918.547
28303,918.556
28304,918.564
28305,918.572
28306,918.669
28307,918.676
28308,918.684
28309,918.691
28310,918.698
28311,918.705
28312,918.713
28313,918.882
28314,918.892
28315,918.903
28316,918.912
28317,918.924
28318,919.139
28319,919.150
28320,919.161
28321,919.170
28322,919.180
28323,919.387
28324,919.395
28325,919.404
28326,919.413
28327,919.421
28328,919.551
28329,919.560
28330,919.568
28331,919.575
28332,919.581
28333,919.589
28334,919.597
28335,919.762
28336,919.771
28337,919.780
28338,919.789
28339,919.798
28340,919.974
28341,919.983
28342,919.992
28343,920.002
28344,920.012
28345,920.191
28346,920.201
28347,920.211
28348,920.221
28349,920.382
28350,920.391
28351,920.399
28352,920.409
28353,920.417
28354,920.560
28355,920.571
28356,920.582
28357,920.594
28358,920.602
28359,920.613
28360,920.624
28361,920.838
28362,920.848
28363,920.857
28364,920.866
28365,920.876
28366,921.030
28367,921.037
28368,921.045
28369,921.052
28370,921.058
28371,921.065
28372,921.072
28373,921.228
28374,921.236
28375,921.245
28376,921.253
28377,921.261
28378,921.416
28379,921.423
28380,921.431
28381,921.439
28382,921.447
28383,921.606
28384,921.613
28385,921.621
28386,921.631
28387,921.639
28388,921.792
28389,921.801
28390,921.809
28391,921.817
28392,921.826
28393,921.970
28394,921.979
28395,921.986
28396,922.144
28397,922.154
28398,922.165
28399,922.351
28400,922.360
28401,922.369
28402,922.554
28403,922.562
28404,922.569
28405,922.719
28406,922.727
28407,922.734
28408,922.883
28409,922.891
28410,922.900
28411,923.045
28412,923.054
28413,923.061
28414,923.142
28415,923.147
28416,923.235
28417,923.251
28418,923.257
28419,923.269
28420,923.275
28421,923.326
28422,923.340
28423,923.371
28424,923.435
28425,923.440
28426,923.511
28427,923.615
28428,923.621
28429,923.626
28430,923.632
28431,923.636
28432,923.640
28433,923.672
28434,923.839
28435,923.847
28436,923.854
28437,923.862
28438,923.929
28439,923.937
28440,923.945
28441,923.953
28442,923.960
28443,923.967
28444,923.985
28445,924.008
28446,924.016
28447,924.036
28448,924.045
28449,924.053
28450,924.059
28451,924.064
28452,924.078
28453,924.150
28454,924.157
28455,924.164
28456,924.171
28457,924.240
28458,924.246
28459,924.251
28460,924.256
28461,924.262
28462,924.267
28463,924.273
28464,924.289
28465,924.295
28466,924.307
28467,924.313
28468,924.319
28469,924.324
28470,924.345
28471,924.351
28472,924.357
28473,924.364
28474,924.369
28475,924.375
28476,924.388
28477,924.404
28478,924.412
28479,924.425
28480,924.431
28481,924.436
28482,924.442
28483,924.447
28484,924.460
28485,924.531
28486,924.537
28487,924.543
28488,924.549
28489,924.624
28490,924.630
28491,924.636
28492,924.642
28493,924.647
28494,924.653
28495,924.658
28496,924.673
28497,924.679
28498,924.690
28499,924.696
28500,924.702
28501,924.708
28502,924.726
28503,924.732
28504,924.737
28505,924.743
28506,924.748
28507,924.754
28508,924.767
28509,924.782
28510,924.787
28511,924.799
28512,924.804
28513,924.810
28514,924.815
28515,924.820
28516,924.834
28517,924.902
28518,924.909
28519,924.915
28520,924.921
28521,924.989
28522,924.994
28523,924.999
28524,925.005
28525,925.015
28526,925.024
28527,925.031
28528,925.054
28529,925.062
28530,925.079
28531,925.086
28532,925.094
28533,925.102
28534,925.130
28535,925.138
28536,925.145
28537,925.152
28538,925.158
28539,925.166
28540,925.184
28541,925.207
28542,925.215
28543,925.232
28544,925.240
28545,925.248
28546,925.257
28547,925.263
28548,925.283
28549,925.370
28550,925.377
28551,925.384
28552,925.391
28553,925.459
28554,925.465
28555,925.471
28556,925.477
28557,925.482
28558,925.487
28559,925.492
28560,925.508
28561,925.514
28562,925.526
28563,925.531
28564,925.536
28565,925.542
28566,925.604
28567,925.610
28568,925.672
28569,925.678
28570,925.731
28571,925.792
28572,925.846
28573,925.852
28574,925.858
28575,925.864
28576,925.870
28577,925.876
28578,925.882
28579,925.889
28580,925.967
28581,925.973
28582,925.979
28583,926.056
28584,926.063
28585,926.068
28586,926.128
28587,926.134
28588,926.140
28589,926.212
28590,926.218
28591,926.223
28592,926.262
28593,926.274
28594,926.281
28595,926.315
28596,926.331
28597,926.338
28598,926.379
28599,926.396
28600,926.408
28601,926.967
28602,926.977
28603,927.330
28604,927.823
28605,927.830
28606,928.226
28607,928.321
28608,928.327
28609,928.390
28610,928.396
28611,928.401
28612,928.407
28613,928.487
28614,928.493
28615,928.556
28616,928.562
28617,928.567
28618,928.613
28619,928.619
28620,928.666
28621,928.672
28622,929.685
28623,929.692
28624,929.699
28625,930.438
28626,930.542
28627,930.577
28628,930.637
28629,930.730
28630,930.737
28631,930.743
28632,930.749
28633,930.755
28634,930.761
28635,930.767
28636,930.773
28637,930.780
28638,930.786
28639,930.792
28640,930.820
28641,930.956
28642,930.962
28643,930.968
28644,930.973
28645,931.052
28646,931.058
28647,931.064
28648,931.140
28649,931.148
28650,931.154
28651,931.233
28652,931.251
28653,931.265
28654,931.270
28655,931.295
28656,931.321
28657,931.329
28658,931.346
28659,931.370
28660,931.379
28661,931.433
28662,931.460
28663,931.468
28664,931.582
28665,931.591
28666,931.598
28667,931.698
28668,931.725
28669,931.734
28670,931.791
28671,931.800
28672,931.809
28673,931.815
28674,931.820
28675,931.827
28676,931.833
28677,931.900
28678,932.028
28679,932.035
28680,932.040
28681,932.046
28682,932.147
28683,932.154
28684,932.161
28685,932.247
28686,932.264
28687,932.278
28688,932.284
28689,932.316
28690,932.333
28691,932.345
28692,932.351
28693,932.381
28694,932.400
28695,932.406
28696,932.448
28697,932.453
28698,932.459
28699,932.464
28700,932.469
28701,932.475
28702,932.480
28703,932.485
28704,932.491
28705,932.551
28706,932.679
28707,932.686
28708,932.691
28709,932.698
28710,932.788
28711,932.794
28712,932.801
28713,932.871
28714,932.889
28715,932.895
28716,932.930
28717,932.947
28718,932.960
28719,932.965
28720,932.997
28721,933.025
28722,933.040
28723,933.048
28724,933.068
28725,933.093
28726,933.103
28727,933.145
28728,933.170
28729,933.178
28730,933.242
28731,933.266
28732,933.286
28733,933.294
28734,933.303
28735,933.313
28736,933.322
28737,933.332
28738,933.338
28739,933.345
28740,933.352
28741,933.358
28742,933.365
28743,933.372
28744,933.379
28745,933.386
28746,933.392
28747,933.399
28748,933.460
28749,933.585
28750,933.592
28751,933.597
28752,933.603
28753,933.695
28754,933.701
28755,933.708
28756,933.790
28757,933.807
28758,933.819
28759,933.826
28760,933.896
28761,933.903
28762,933.909
28763,933.977
28764,933.994
28765,934.007
28766,934.015
28767,934.023
28768,934.040
28769,934.045
28770,934.057
28771,934.075
28772,934.081
28773,934.113
28774,934.130
28775,934.136
28776,934.148
28777,934.165
28778,934.171
28779,934.205
28780,934.220
28781,934.233
28782,934.238
28783,934.243
28784,934.257
28785,934.262
28786,934.273
28787,934.287
28788,934.293
28789,934.324
28790,934.341
28791,934.346
28792,934.376
28793,934.394
28794,934.403
28795,934.447
28796,934.473
28797,934.482
28798,934.563
28799,934.570
28800,934.577
28801,934.584
28802,934.591
28803,934.598
28804,934.606
28805,934.613
28806,934.620
28807,934.627
28808,934.635
28809,934.642
28810,934.650
28811,934.658
28812,934.666
28813,934.673
28814,934.681
28815,934.689
28816,934.698
28817,934.707
28818,934.776
