n,seconds
1,0.000
2,0.023
3,0.031
4,0.034
5,0.075
6,0.077
7,0.110
8,0.118
9,0.120
10,0.229
11,0.232
12,0.296
13,0.345
14,0.347
15,0.349
16,0.371
17,0.373
18,0.375
19,0.376
20,0.378
21,0.381
22,0.389
23,0.391
24,0.446
25,0.448
26,0.489
27,0.502
28,0.505
29,0.653
30,0.656
31,0.748
32,0.816
33,0.818
34,0.821
35,0.850
36,0.852
37,0.854
38,0.856
39,0.858
40,0.862
41,0.876
42,0.878
43,0.918
44,0.920
45,0.951
46,0.959
47,0.961
48,1.076
49,1.078
50,1.149
51,1.199
52,1.201
53,1.203
54,1.225
55,1.227
56,1.229
57,1.231
58,1.233
59,1.236
60,1.245
61,1.247
62,1.293
63,1.295
64,1.336
65,1.352
66,1.354
67,1.504
68,1.509
69,1.593
70,1.644
71,1.647
72,1.649
73,1.671
74,1.674
75,1.676
76,1.679
77,1.681
78,1.685
79,1.694
80,1.696
81,1.737
82,1.740
83,1.773
84,1.781
85,1.784
86,1.911
87,1.914
88,1.989
89,2.040
90,2.043
91,2.046
92,2.070
93,2.073
94,2.075
95,2.078
96,2.080
97,2.084
98,2.094
99,2.096
100,2.139
101,2.142
102,2.179
103,2.194
104,2.196
105,2.369
106,2.372
107,2.471
108,2.538
109,2.541
110,2.543
111,2.574
112,2.576
113,2.578
114,2.581
115,2.583
116,2.589
117,2.605
118,2.608
119,2.659
120,2.661
121,2.696
122,2.708
123,2.710
124,2.838
125,2.841
126,2.916
127,2.968
128,2.971
129,2.974
130,2.999
131,3.002
132,3.004
133,3.007
134,3.009
135,3.015
136,3.025
137,3.027
138,3.072
139,3.074
140,3.108
141,3.118
142,3.120
143,3.256
144,3.259
145,3.341
146,3.402
147,3.405
148,3.408
149,3.433
150,3.436
151,3.438
152,3.442
153,3.445
154,3.449
155,3.460
156,3.462
157,3.508
158,3.511
159,3.545
160,3.555
161,3.557
162,3.687
163,3.690
164,3.770
165,3.823
166,3.826
167,3.829
168,3.852
169,3.855
170,3.857
171,3.860
172,3.862
173,3.867
174,3.884
175,3.886
176,3.948
177,3.950
178,3.997
179,4.013
180,4.016
181,4.199
182,4.202
183,4.315
184,4.370
185,4.373
186,4.374
187,4.398
188,4.399
189,4.401
190,4.403
191,4.405
192,4.408
193,4.419
194,4.421
195,4.469
196,4.471
197,4.506
198,4.515
199,4.517
200,4.657
201,4.660
202,4.744
203,4.797
204,4.799
205,4.801
206,4.825
207,4.827
208,4.829
209,4.830
210,4.832
211,4.835
212,4.845
213,4.847
214,4.893
215,4.895
216,4.930
217,4.940
218,4.942
219,5.086
220,5.089
221,5.177
222,5.232
223,5.235
224,5.238
225,5.262
226,5.265
227,5.267
228,5.270
229,5.272
230,5.276
231,5.287
232,5.289
233,5.337
234,5.340
235,5.375
236,5.385
237,5.388
238,5.549
239,5.552
240,5.670
241,5.738
242,5.741
243,5.744
244,5.774
245,5.776
246,5.779
247,5.781
248,5.783
249,5.789
250,5.805
251,5.807
252,5.878
253,5.881
254,5.928
255,5.946
256,5.948
257,5.953
258,5.962
259,5.964
260,6.126
261,6.130
262,6.133
263,6.136
264,6.229
265,6.377
266,6.381
267,6.383
268,6.385
269,6.473
270,6.541
271,6.543
272,6.545
273,6.577
274,6.579
275,6.581
276,6.583
277,6.585
278,6.587
279,6.637
280,6.639
281,6.641
282,6.666
283,6.678
284,6.680
285,6.737
286,6.739
287,6.774
288,6.784
289,6.786
290,6.942
291,6.945
292,7.034
293,7.100
294,7.102
295,7.104
296,7.137
297,7.139
298,7.141
299,7.143
300,7.144
301,7.146
302,7.196
303,7.198
304,7.199
305,7.229
306,7.246
307,7.248
308,7.316
309,7.318
310,7.365
311,7.380
312,7.382
313,7.571
314,7.575
315,7.695
316,7.760
317,7.762
318,7.764
319,7.797
320,7.800
321,7.801
322,7.803
323,7.805
324,7.807
325,7.858
326,7.860
327,7.862
328,7.885
329,7.894
330,7.896
331,7.949
332,7.951
333,7.987
334,7.996
335,7.998
336,8.152
337,8.155
338,8.246
339,8.310
340,8.313
341,8.315
342,8.346
343,8.348
344,8.350
345,8.352
346,8.354
347,8.355
348,8.407
349,8.409
350,8.411
351,8.434
352,8.443
353,8.445
354,8.557
355,8.560
356,8.632
357,8.669
358,8.679
359,8.681
360,8.831
361,8.834
362,8.837
363,8.946
364,9.157
365,9.161
366,9.164
367,9.287
368,9.457
369,9.461
370,9.463
371,9.551
372,9.591
373,9.600
374,9.602
375,9.666
376,9.668
377,9.731
378,9.733
379,9.735
380,9.767
381,9.769
382,9.771
383,9.773
384,9.774
385,9.776
386,9.778
387,9.829
388,9.831
389,9.833
390,9.855
391,9.864
392,9.866
393,9.981
394,9.984
395,10.059
396,10.094
397,10.104
398,10.106
399,10.167
400,10.169
401,10.208
402,10.219
403,10.221
404,10.285
405,10.287
406,10.326
407,10.336
408,10.337
409,10.401
410,10.403
411,10.441
412,10.450
413,10.452
414,10.516
415,10.518
416,10.572
417,10.576
418,10.579
419,10.582
420,10.587
421,10.588
422,10.591
423,10.594
424,10.598
425,10.601
426,10.604
427,10.607
428,10.610
429,10.614
430,10.645
431,10.746
432,10.750
433,10.754
434,10.758
435,10.856
436,10.861
437,10.867
438,10.872
439,10.949
440,10.952
441,10.956
442,10.960
443,11.048
444,11.054
445,11.059
446,11.063
447,11.140
448,11.144
449,11.148
450,11.152
451,11.217
452,11.220
453,11.224
454,11.227
455,11.292
456,11.296
457,11.300
458,11.303
459,11.370
460,11.373
461,11.377
462,11.380
463,11.423
464,11.439
465,11.441
466,11.449
467,11.466
468,11.533
469,11.536
470,11.539
471,11.542
472,11.608
473,11.611
474,11.615
475,11.618
476,11.677
477,11.681
478,11.684
479,11.687
480,11.746
481,11.750
482,11.753
483,11.757
484,11.802
485,11.805
486,11.807
487,11.811
488,11.813
489,11.816
490,11.819
491,11.822
492,11.826
493,11.830
494,11.833
495,11.837
496,11.840
497,11.844
498,11.868
499,11.943
500,11.948
501,11.952
502,11.957
503,12.039
504,12.045
505,12.053
506,12.059
507,12.120
508,12.124
509,12.128
510,12.132
511,12.200
512,12.205
513,12.210
514,12.214
515,12.296
516,12.304
517,12.311
518,12.317
519,12.384
520,12.389
521,12.393
522,12.397
523,12.484
524,12.489
525,12.493
526,12.498
527,12.584
528,12.589
529,12.592
530,12.596
531,12.652
532,12.675
533,12.678
534,12.691
535,12.713
536,12.800
537,12.804
538,12.808
539,12.811
540,12.897
541,12.901
542,12.904
543,12.906
544,12.970
545,12.974
546,12.977
547,12.980
548,13.043
549,13.046
550,13.050
551,13.053
552,13.122
553,13.167
554,13.170
555,13.172
556,13.175
557,13.177
558,13.180
559,13.183
560,13.185
561,13.188
562,13.191
563,13.194
564,13.197
565,13.201
566,13.205
567,13.272
568,13.275
569,13.279
570,13.345
571,13.348
572,13.351
573,13.419
574,13.423
575,13.426
576,13.494
577,13.498
578,13.501
579,13.575
580,13.582
581,13.587
582,13.658
583,13.662
584,13.666
585,13.730
586,13.777
587,13.781
588,13.784
589,13.787
590,13.790
591,13.793
592,13.796
593,13.798
594,13.802
595,13.805
596,13.808
597,13.811
598,13.814
599,13.818
600,13.821
601,13.824
602,13.828
603,13.831
604,13.835
605,13.839
606,13.843
607,13.866
608,13.910
609,13.980
610,13.984
611,13.988
612,13.991
613,14.059
614,14.062
615,14.064
616,14.067
617,14.161
618,14.165
619,14.169
620,14.173
621,14.268
622,14.271
623,14.275
624,14.278
625,14.368
626,14.372
627,14.376
628,14.380
629,14.472
630,14.476
631,14.479
632,14.483
633,14.580
634,14.583
635,14.586
636,14.589
637,14.661
638,14.665
639,14.668
640,14.671
641,14.740
642,14.743
643,14.745
644,14.748
645,14.818
646,14.821
647,14.824
648,14.827
649,14.896
650,14.900
651,14.903
652,14.905
653,14.975
654,14.979
655,14.982
656,14.985
657,15.052
658,15.055
659,15.058
660,15.060
661,15.129
662,15.132
663,15.135
664,15.137
665,15.208
666,15.211
667,15.214
668,15.217
669,15.284
670,15.287
671,15.290
672,15.292
673,15.360
674,15.363
675,15.365
676,15.368
677,15.438
678,15.441
679,15.444
680,15.446
681,15.517
682,15.520
683,15.523
684,15.525
685,15.594
686,15.597
687,15.600
688,15.603
689,15.669
690,15.672
691,15.677
692,15.745
693,15.748
694,15.751
695,15.843
696,15.846
697,15.850
698,15.941
699,15.944
700,15.947
701,16.037
702,16.039
703,16.042
704,16.133
705,16.136
706,16.139
707,16.230
708,16.232
709,16.235
710,16.310
711,16.359
712,16.362
713,16.364
714,16.367
715,16.370
716,16.372
717,16.375
718,16.378
719,16.381
720,16.383
721,16.386
722,16.389
723,16.392
724,16.395
725,16.487
726,16.490
727,16.493
728,16.634
729,16.640
730,16.645
731,16.736
732,16.739
733,16.742
734,16.835
735,16.839
736,16.842
737,16.947
738,16.952
739,16.956
740,17.058
741,17.063
742,17.066
743,17.134
744,17.184
745,17.187
746,17.189
747,17.191
748,17.193
749,17.195
750,17.198
751,17.200
752,17.203
753,17.205
754,17.208
755,17.210
756,17.213
757,17.215
758,17.218
759,17.220
760,17.223
761,17.225
762,17.228
763,17.230
764,17.233
765,17.255
766,17.298
767,17.395
768,17.400
769,17.404
770,17.409
771,17.539
772,17.544
773,17.548
774,17.552
775,17.695
776,17.700
777,17.704
778,17.709
779,17.833
780,17.838
781,17.842
782,17.846
783,17.963
784,17.966
785,17.970
786,17.973
787,18.075
788,18.079
789,18.083
790,18.086
791,18.186
792,18.190
793,18.194
794,18.197
795,18.312
796,18.315
797,18.319
798,18.323
799,18.416
800,18.420
801,18.423
802,18.427
803,18.535
804,18.538
805,18.542
806,18.545
807,18.645
808,18.648
809,18.652
810,18.656
811,18.763
812,18.769
813,18.774
814,18.778
815,18.898
816,18.902
817,18.906
818,18.910
819,19.013
820,19.017
821,19.021
822,19.024
823,19.123
824,19.126
825,19.130
826,19.133
827,19.255
828,19.260
829,19.265
830,19.269
831,19.400
832,19.404
833,19.409
834,19.413
835,19.544
836,19.548
837,19.553
838,19.557
839,19.691
840,19.694
841,19.698
842,19.702
843,19.808
844,19.812
845,19.816
846,19.819
847,19.915
848,19.918
849,19.922
850,20.018
851,20.022
852,20.026
853,20.120
854,20.124
855,20.127
856,20.219
857,20.222
858,20.225
859,20.319
860,20.322
861,20.326
862,20.423
863,20.427
864,20.430
865,20.525
866,20.529
867,20.533
868,20.609
869,20.656
870,20.659
871,20.662
872,20.665
873,20.668
874,20.670
875,20.673
876,20.676
877,20.679
878,20.682
879,20.685
880,20.688
881,20.691
882,20.694
883,20.789
884,20.792
885,20.795
886,20.851
887,20.901
888,20.903
889,21.030
890,21.034
891,21.038
892,21.161
893,21.168
894,21.172
895,21.308
896,21.314
897,21.319
898,21.444
899,21.449
900,21.452
901,21.515
902,21.562
903,21.564
904,21.566
905,21.568
906,21.570
907,21.572
908,21.574
909,21.577
910,21.579
911,21.581
912,21.583
913,21.586
914,21.588
915,21.590
916,21.593
917,21.595
918,21.598
919,21.600
920,21.603
921,21.605
922,21.608
923,21.630
924,21.673
925,21.770
926,21.774
927,21.777
928,21.781
929,21.877
930,21.881
931,21.885
932,21.888
933,21.993
934,21.998
935,22.003
936,22.007
937,22.106
938,22.110
939,22.114
940,22.117
941,22.214
942,22.218
943,22.222
944,22.225
945,22.328
946,22.332
947,22.336
948,22.340
949,22.441
950,22.444
951,22.448
952,22.452
953,22.556
954,22.559
955,22.563
956,22.566
957,22.694
958,22.698
959,22.703
960,22.707
961,22.843
962,22.847
963,22.851
964,22.855
965,22.993
966,22.997
967,23.002
968,23.006
969,23.146
970,23.152
971,23.156
972,23.160
973,23.266
974,23.270
975,23.274
976,23.277
977,23.378
978,23.381
979,23.385
980,23.388
981,23.487
982,23.491
983,23.494
984,23.498
985,23.595
986,23.599
987,23.602
988,23.606
989,23.705
990,23.709
991,23.713
992,23.716
993,23.816
994,23.820
995,23.824
996,23.827
997,23.929
998,23.933
999,23.937
1000,23.940
1001,24.044
1002,24.048
1003,24.052
1004,24.056
1005,24.156
1006,24.160
1007,24.163
1008,24.260
1009,24.264
1010,24.268
1011,24.365
1012,24.369
1013,24.373
1014,24.500
1015,24.504
1016,24.508
1017,24.636
1018,24.640
1019,24.644
1020,24.771
1021,24.776
1022,24.780
1023,24.909
1024,24.912
1025,24.915
1026,24.991
1027,25.037
1028,25.040
1029,25.042
1030,25.045
1031,25.048
1032,25.050
1033,25.053
1034,25.056
1035,25.059
1036,25.062
1037,25.064
1038,25.067
1039,25.070
1040,25.073
1041,25.167
1042,25.170
1043,25.173
1044,25.374
1045,25.382
1046,25.389
1047,25.489
1048,25.493
1049,25.496
1050,25.595
1051,25.598
1052,25.601
1053,25.709
1054,25.715
1055,25.720
1056,25.828
1057,25.833
1058,25.837
1059,25.901
1060,25.946
1061,25.949
1062,25.951
1063,25.953
1064,25.955
1065,25.957
1066,25.959
1067,25.961
1068,25.964
1069,25.966
1070,25.969
1071,25.971
1072,25.974
1073,25.976
1074,25.979
1075,25.981
1076,25.984
1077,25.986
1078,25.989
1079,25.991
1080,25.994
1081,26.016
1082,26.057
1083,26.187
1084,26.191
1085,26.195
1086,26.200
1087,26.330
1088,26.335
1089,26.339
1090,26.343
1091,26.499
1092,26.504
1093,26.509
1094,26.513
1095,26.642
1096,26.646
1097,26.650
1098,26.654
1099,26.758
1100,26.762
1101,26.765
1102,26.769
1103,26.874
1104,26.878
1105,26.882
1106,26.885
1107,26.989
1108,26.992
1109,26.996
1110,26.999
1111,27.118
1112,27.122
1113,27.126
1114,27.129
1115,27.230
1116,27.234
1117,27.237
1118,27.240
1119,27.346
1120,27.350
1121,27.354
1122,27.357
1123,27.467
1124,27.471
1125,27.475
1126,27.479
1127,27.598
1128,27.605
1129,27.610
1130,27.614
1131,27.721
1132,27.725
1133,27.729
1134,27.732
1135,27.837
1136,27.841
1137,27.845
1138,27.848
1139,27.978
1140,27.983
1141,27.989
1142,27.993
1143,28.130
1144,28.134
1145,28.138
1146,28.142
1147,28.278
1148,28.283
1149,28.287
1150,28.291
1151,28.426
1152,28.430
1153,28.434
1154,28.437
1155,28.551
1156,28.551
1157,28.555
1158,28.558
1159,28.667
1160,28.671
1161,28.675
1162,28.678
1163,28.777
1164,28.781
1165,28.784
1166,28.884
1167,28.888
1168,28.891
1169,28.988
1170,28.991
1171,28.995
1172,29.092
1173,29.096
1174,29.099
1175,29.199
1176,29.203
1177,29.206
1178,29.307
1179,29.311
1180,29.314
1181,29.417
1182,29.421
1183,29.424
1184,29.463
1185,29.468
1186,29.470
1187,29.510
1188,29.610
1189,29.688
1190,29.761
1191,29.834
1192,29.837
1193,29.839
1194,29.895
1195,29.973
1196,29.975
1197,30.085
1198,30.088
1199,30.091
1200,30.093
1201,30.097
1202,30.100
1203,30.165
1204,30.221
1205,30.223
1206,30.225
1207,30.227
1208,30.231
1209,30.237
1210,30.239
1211,30.280
1212,30.381
1213,30.433
1214,30.481
1215,30.484
1216,30.487
1217,30.489
1218,30.492
1219,30.494
1220,30.555
1221,30.608
1222,30.610
1223,30.650
1224,30.706
1225,30.708
1226,30.710
1227,30.712
1228,30.714
1229,30.722
1230,30.789
1231,30.792
1232,30.795
1233,30.799
1234,30.803
1235,30.868
1236,30.931
1237,30.933
1238,30.935
1239,30.937
1240,31.006
1241,31.009
1242,31.013
1243,31.016
1244,31.077
1245,31.131
1246,31.134
1247,31.136
1248,31.139
1249,31.219
1250,31.301
1251,31.303
1252,31.307
1253,31.310
1254,31.313
1255,31.316
1256,31.320
1257,31.323
1258,31.327
1259,31.330
1260,31.334
1261,31.337
1262,31.341
1263,31.344
1264,31.483
1265,31.487
1266,31.491
1267,31.634
1268,31.637
1269,31.640
1270,31.752
1271,31.755
1272,31.758
1273,31.870
1274,31.874
1275,31.877
1276,31.999
1277,32.004
1278,32.008
1279,32.128
1280,32.132
1281,32.136
1282,32.202
1283,32.260
1284,32.262
1285,32.264
1286,32.266
1287,32.268
1288,32.270
1289,32.272
1290,32.274
1291,32.276
1292,32.278
1293,32.280
1294,32.282
1295,32.285
1296,32.287
1297,32.289
1298,32.292
1299,32.294
1300,32.297
1301,32.299
1302,32.301
1303,32.304
1304,32.333
1305,32.390
1306,32.507
1307,32.511
1308,32.514
1309,32.518
1310,32.636
1311,32.640
1312,32.643
1313,32.647
1314,32.772
1315,32.776
1316,32.780
1317,32.783
1318,32.919
1319,32.923
1320,32.927
1321,32.932
1322,33.082
1323,33.086
1324,33.091
1325,33.095
1326,33.248
1327,33.252
1328,33.257
1329,33.261
1330,33.402
1331,33.406
1332,33.410
1333,33.414
1334,33.539
1335,33.543
1336,33.547
1337,33.550
1338,33.665
1339,33.668
1340,33.672
1341,33.675
1342,33.793
1343,33.796
1344,33.800
1345,33.803
1346,33.922
1347,33.926
1348,33.930
1349,33.934
1350,34.061
1351,34.067
1352,34.072
1353,34.076
1354,34.199
1355,34.203
1356,34.207
1357,34.210
1358,34.333
1359,34.337
1360,34.341
1361,34.345
1362,34.463
1363,34.466
1364,34.470
1365,34.474
1366,34.588
1367,34.592
1368,34.596
1369,34.599
1370,34.748
1371,34.753
1372,34.757
1373,34.762
1374,34.913
1375,34.917
1376,34.922
1377,34.927
1378,35.079
1379,35.084
1380,35.089
1381,35.093
1382,35.234
1383,35.238
1384,35.242
1385,35.245
1386,35.357
1387,35.360
1388,35.364
1389,35.478
1390,35.482
1391,35.485
1392,35.595
1393,35.599
1394,35.602
1395,35.712
1396,35.715
1397,35.718
1398,35.830
1399,35.834
1400,35.837
1401,35.949
1402,35.953
1403,35.956
1404,36.068
1405,36.072
1406,36.075
1407,36.118
1408,36.129
1409,36.131
1410,36.327
1411,36.329
1412,36.444
1413,36.531
1414,36.534
1415,36.537
1416,36.580
1417,36.583
1418,36.585
1419,36.588
1420,36.590
1421,36.593
1422,36.595
1423,36.634
1424,36.637
1425,36.639
1426,36.641
1427,36.708
1428,36.711
1429,36.713
1430,36.809
1431,36.899
1432,36.903
1433,36.907
1434,36.910
1435,36.914
1436,36.919
1437,36.924
1438,36.928
1439,36.931
1440,36.933
1441,36.936
1442,36.939
1443,36.942
1444,36.945
1445,37.075
1446,37.078
1447,37.081
1448,37.197
1449,37.201
1450,37.204
1451,37.321
1452,37.325
1453,37.328
1454,37.445
1455,37.449
1456,37.452
1457,37.581
1458,37.587
1459,37.591
1460,37.720
1461,37.724
1462,37.728
1463,37.796
1464,37.854
1465,37.857
1466,37.859
1467,37.861
1468,37.863
1469,37.865
1470,37.867
1471,37.870
1472,37.872
1473,37.875
1474,37.877
1475,37.880
1476,37.883
1477,37.885
1478,37.888
1479,37.890
1480,37.893
1481,37.896
1482,37.898
1483,37.901
1484,37.904
1485,37.937
1486,37.999
1487,38.125
1488,38.129
1489,38.132
1490,38.136
1491,38.281
1492,38.286
1493,38.291
1494,38.295
1495,38.480
1496,38.485
1497,38.491
1498,38.495
1499,38.657
1500,38.662
1501,38.667
1502,38.671
1503,38.821
1504,38.825
1505,38.828
1506,38.832
1507,38.965
1508,38.969
1509,38.973
1510,38.977
1511,39.109
1512,39.113
1513,39.117
1514,39.120
1515,39.263
1516,39.267
1517,39.271
1518,39.274
1519,39.401
1520,39.405
1521,39.409
1522,39.413
1523,39.557
1524,39.561
1525,39.566
1526,39.570
1527,39.710
1528,39.715
1529,39.720
1530,39.724
1531,39.874
1532,39.881
1533,39.886
1534,39.890
1535,40.045
1536,40.051
1537,40.055
1538,40.059
1539,40.223
1540,40.228
1541,40.233
1542,40.238
1543,40.415
1544,40.420
1545,40.425
1546,40.430
1547,40.606
1548,40.610
1549,40.615
1550,40.633
1551,40.788
1552,40.792
1553,40.797
1554,40.800
1555,40.943
1556,40.948
1557,40.952
1558,40.956
1559,41.103
1560,41.109
1561,41.113
1562,41.116
1563,41.264
1564,41.269
1565,41.273
1566,41.277
1567,41.399
1568,41.403
1569,41.406
1570,41.536
1571,41.540
1572,41.544
1573,41.671
1574,41.675
1575,41.678
1576,41.805
1577,41.809
1578,41.813
1579,41.946
1580,41.950
1581,41.954
1582,42.081
1583,42.086
1584,42.090
1585,42.257
1586,42.262
1587,42.266
1588,42.315
1589,42.330
1590,42.333
1591,42.598
1592,42.602
1593,42.727
1594,42.799
1595,42.800
1596,42.802
1597,42.836
1598,42.839
1599,42.841
1600,42.843
1601,42.845
1602,42.848
1603,42.850
1604,42.907
1605,42.910
1606,42.912
1607,42.987
1608,43.046
1609,43.048
1610,43.051
1611,43.053
1612,43.056
1613,43.058
1614,43.061
1615,43.064
1616,43.066
1617,43.069
1618,43.072
1619,43.075
1620,43.078
1621,43.080
1622,43.209
1623,43.213
1624,43.217
1625,43.455
1626,43.463
1627,43.470
1628,43.606
1629,43.610
1630,43.614
1631,43.755
1632,43.760
1633,43.763
1634,43.912
1635,43.918
1636,43.922
1637,44.109
1638,44.115
1639,44.120
1640,44.212
1641,44.293
1642,44.296
1643,44.298
1644,44.301
1645,44.303
1646,44.306
1647,44.309
1648,44.311
1649,44.314
1650,44.316
1651,44.319
1652,44.321
1653,44.324
1654,44.326
1655,44.329
1656,44.332
1657,44.334
1658,44.337
1659,44.340
1660,44.343
1661,44.346
1662,44.388
1663,44.459
1664,44.600
1665,44.604
1666,44.608
1667,44.612
1668,44.754
1669,44.759
1670,44.763
1671,44.766
1672,44.921
1673,44.925
1674,44.930
1675,44.934
1676,45.078
1677,45.082
1678,45.086
1679,45.090
1680,45.232
1681,45.237
1682,45.241
1683,45.245
1684,45.396
1685,45.401
1686,45.406
1687,45.410
1688,45.566
1689,45.570
1690,45.575
1691,45.579
1692,45.746
1693,45.751
1694,45.755
1695,45.760
1696,45.930
1697,45.936
1698,45.941
1699,45.946
1700,46.138
1701,46.144
1702,46.149
1703,46.154
1704,46.349
1705,46.355
1706,46.361
1707,46.366
1708,46.540
1709,46.548
1710,46.553
1711,46.558
1712,46.712
1713,46.716
1714,46.721
1715,46.725
1716,46.874
1717,46.879
1718,46.883
1719,46.887
1720,47.033
1721,47.038
1722,47.042
1723,47.046
1724,47.190
1725,47.194
1726,47.199
1727,47.203
1728,47.352
1729,47.357
1730,47.361
1731,47.365
1732,47.517
1733,47.523
1734,47.527
1735,47.532
1736,47.687
1737,47.692
1738,47.696
1739,47.700
1740,47.858
1741,47.864
1742,47.870
1743,47.875
1744,48.064
1745,48.069
1746,48.074
1747,48.258
1748,48.263
1749,48.268
1750,48.442
1751,48.447
1752,48.450
1753,48.593
1754,48.597
1755,48.601
1756,48.743
1757,48.748
1758,48.752
1759,48.893
1760,48.897
1761,48.901
1762,49.040
1763,49.044
1764,49.048
1765,49.141
1766,49.208
1767,49.211
1768,49.214
1769,49.217
1770,49.220
1771,49.222
1772,49.226
1773,49.229
1774,49.232
1775,49.235
1776,49.238
1777,49.241
1778,49.244
1779,49.248
1780,49.378
1781,49.382
1782,49.385
1783,49.518
1784,49.522
1785,49.525
1786,49.663
1787,49.667
1788,49.671
1789,49.823
1790,49.828
1791,49.833
1792,50.018
1793,50.025
1794,50.030
1795,50.210
1796,50.215
1797,50.221
1798,50.328
1799,50.394
1800,50.397
1801,50.399
1802,50.401
1803,50.403
1804,50.406
1805,50.408
1806,50.410
1807,50.413
1808,50.415
1809,50.418
1810,50.421
1811,50.423
1812,50.426
1813,50.429
1814,50.432
1815,50.434
1816,50.437
1817,50.440
1818,50.443
1819,50.446
1820,50.476
1821,50.537
1822,50.685
1823,50.690
1824,50.694
1825,50.698
1826,50.842
1827,50.847
1828,50.851
1829,50.855
1830,51.010
1831,51.014
1832,51.019
1833,51.023
1834,51.170
1835,51.175
1836,51.179
1837,51.183
1838,51.330
1839,51.334
1840,51.339
1841,51.342
1842,51.503
1843,51.508
1844,51.512
1845,51.516
1846,51.676
1847,51.680
1848,51.685
1849,51.688
1850,51.896
1851,51.904
1852,51.910
1853,51.916
1854,52.107
1855,52.112
1856,52.117
1857,52.122
1858,52.338
1859,52.343
1860,52.347
1861,52.351
1862,52.521
1863,52.528
1864,52.532
1865,52.536
1866,52.710
1867,52.717
1868,52.723
1869,52.728
1870,52.906
1871,52.912
1872,52.917
1873,52.921
1874,53.082
1875,53.088
1876,53.092
1877,53.096
1878,53.255
1879,53.261
1880,53.265
1881,53.269
1882,53.426
1883,53.432
1884,53.437
1885,53.440
1886,53.604
1887,53.610
1888,53.614
1889,53.618
1890,53.779
1891,53.785
1892,53.790
1893,53.794
1894,53.994
1895,54.002
1896,54.007
1897,54.012
1898,54.220
1899,54.227
1900,54.232
1901,54.236
1902,54.408
1903,54.413
1904,54.418
1905,54.562
1906,54.566
1907,54.570
1908,54.705
1909,54.709
1910,54.712
1911,54.853
1912,54.857
1913,54.861
1914,55.003
1915,55.007
1916,55.011
1917,55.150
1918,55.154
1919,55.158
1920,55.309
1921,55.313
1922,55.316
1923,55.406
1924,55.469
1925,55.472
1926,55.474
1927,55.477
1928,55.480
1929,55.483
1930,55.486
1931,55.488
1932,55.491
1933,55.494
1934,55.498
1935,55.501
1936,55.504
1937,55.507
1938,55.635
1939,55.639
1940,55.642
1941,55.770
1942,55.773
1943,55.775
1944,55.939
1945,55.943
1946,55.947
1947,56.114
1948,56.119
1949,56.123
1950,56.306
1951,56.313
1952,56.318
1953,56.474
1954,56.479
1955,56.482
1956,56.555
1957,56.615
1958,56.617
1959,56.620
1960,56.622
1961,56.624
1962,56.626
1963,56.629
1964,56.631
1965,56.634
1966,56.636
1967,56.639
1968,56.641
1969,56.644
1970,56.646
1971,56.649
1972,56.652
1973,56.654
1974,56.657
1975,56.660
1976,56.663
1977,56.666
1978,56.695
1979,56.752
1980,56.892
1981,56.896
1982,56.900
1983,56.904
1984,57.044
1985,57.049
1986,57.052
1987,57.056
1988,57.217
1989,57.221
1990,57.226
1991,57.230
1992,57.378
1993,57.382
1994,57.386
1995,57.390
1996,57.542
1997,57.546
1998,57.551
1999,57.554
2000,57.713
2001,57.717
2002,57.721
2003,57.725
2004,57.928
2005,57.934
2006,57.938
2007,57.943
2008,58.161
2009,58.170
2010,58.175
2011,58.181
2012,58.367
2013,58.371
2014,58.375
2015,58.379
2016,58.550
2017,58.555
2018,58.559
2019,58.563
2020,58.731
2021,58.738
2022,58.743
2023,58.747
2024,58.923
2025,58.930
2026,58.935
2027,58.939
2028,59.117
2029,59.123
2030,59.128
2031,59.132
2032,59.301
2033,59.307
2034,59.311
2035,59.315
2036,59.476
2037,59.482
2038,59.487
2039,59.490
2040,59.653
2041,59.659
2042,59.663
2043,59.667
2044,59.830
2045,59.835
2046,59.839
2047,59.842
2048,60.051
2049,60.059
2050,60.064
2051,60.069
2052,60.278
2053,60.286
2054,60.290
2055,60.295
2056,60.503
2057,60.509
2058,60.513
2059,60.517
2060,60.655
2061,60.659
2062,60.663
2063,60.805
2064,60.809
2065,60.813
2066,60.951
2067,60.955
2068,60.958
2069,61.095
2070,61.099
2071,61.102
2072,61.246
2073,61.250
2074,61.254
2075,61.405
2076,61.409
2077,61.413
2078,61.558
2079,61.562
2080,61.566
2081,61.658
2082,61.720
2083,61.723
2084,61.726
2085,61.729
2086,61.731
2087,61.734
2088,61.737
2089,61.740
2090,61.743
2091,61.745
2092,61.748
2093,61.752
2094,61.755
2095,61.758
2096,61.889
2097,61.893
2098,61.897
2099,62.054
2100,62.058
2101,62.061
2102,62.214
2103,62.218
2104,62.222
2105,62.383
2106,62.388
2107,62.392
2108,62.532
2109,62.538
2110,62.542
2111,62.675
2112,62.680
2113,62.684
2114,62.754
2115,62.813
2116,62.815
2117,62.818
2118,62.820
2119,62.822
2120,62.824
2121,62.826
2122,62.828
2123,62.830
2124,62.832
2125,62.834
2126,62.836
2127,62.839
2128,62.841
2129,62.843
2130,62.846
2131,62.848
2132,62.851
2133,62.853
2134,62.856
2135,62.858
2136,62.888
2137,62.946
2138,63.070
2139,63.074
2140,63.078
2141,63.082
2142,63.208
2143,63.212
2144,63.216
2145,63.220
2146,63.360
2147,63.364
2148,63.368
2149,63.372
2150,63.498
2151,63.502
2152,63.506
2153,63.510
2154,63.637
2155,63.641
2156,63.645
2157,63.648
2158,63.801
2159,63.806
2160,63.811
2161,63.815
2162,63.981
2163,63.986
2164,63.991
2165,63.995
2166,64.172
2167,64.177
2168,64.182
2169,64.186
2170,64.331
2171,64.335
2172,64.339
2173,64.342
2174,64.476
2175,64.480
2176,64.484
2177,64.487
2178,64.624
2179,64.628
2180,64.632
2181,64.636
2182,64.780
2183,64.786
2184,64.791
2185,64.796
2186,64.944
2187,64.947
2188,64.952
2189,64.955
2190,65.088
2191,65.092
2192,65.096
2193,65.100
2194,65.232
2195,65.236
2196,65.240
2197,65.243
2198,65.371
2199,65.375
2200,65.379
2201,65.382
2202,65.520
2203,65.524
2204,65.528
2205,65.531
2206,65.669
2207,65.676
2208,65.681
2209,65.686
2210,65.868
2211,65.873
2212,65.878
2213,65.882
2214,66.044
2215,66.049
2216,66.053
2217,66.057
2218,66.217
2219,66.221
2220,66.224
2221,66.356
2222,66.360
2223,66.364
2224,66.492
2225,66.496
2226,66.499
2227,66.623
2228,66.627
2229,66.630
2230,66.754
2231,66.758
2232,66.761
2233,66.885
2234,66.890
2235,66.893
2236,67.017
2237,67.020
2238,67.024
2239,67.070
2240,67.072
2241,67.113
2242,67.115
2243,67.190
2244,67.193
2245,67.432
2246,67.436
2247,67.439
2248,67.442
2249,67.584
2250,67.650
2251,67.678
2252,67.680
2253,67.715
2254,67.743
2255,67.774
2256,67.800
2257,67.802
2258,68.073
2259,68.077
2260,68.201
2261,68.258
2262,68.261
2263,68.303
2264,68.305
2265,68.357
2266,68.360
2267,68.362
2268,68.396
2269,68.399
2270,68.401
2271,68.403
2272,68.405
2273,68.407
2274,68.409
2275,68.411
2276,68.471
2277,68.473
2278,68.476
2279,68.506
2280,68.516
2281,68.518
2282,68.537
2283,68.547
2284,68.549
2285,68.557
2286,68.559
2287,68.561
2288,68.566
2289,68.575
2290,68.577
2291,68.584
2292,68.593
2293,68.595
2294,68.632
2295,68.635
2296,68.637
2297,68.639
2298,68.641
2299,68.643
2300,68.645
2301,68.647
2302,68.680
2303,68.682
2304,68.684
2305,68.686
2306,68.688
2307,68.690
2308,68.692
2309,68.744
2310,68.747
2311,68.749
2312,68.751
2313,68.753
2314,68.755
2315,68.757
2316,68.759
2317,68.780
2318,68.782
2319,68.784
2320,68.786
2321,68.820
2322,68.822
2323,68.825
2324,68.826
2325,68.828
2326,68.831
2327,68.833
2328,68.885
2329,68.888
2330,68.890
2331,68.892
2332,68.894
2333,68.896
2334,68.898
2335,68.900
2336,68.951
2337,68.954
2338,68.956
2339,68.958
2340,68.960
2341,68.993
2342,68.995
2343,68.998
2344,69.000
2345,69.002
2346,69.005
2347,69.007
2348,69.009
2349,69.011
2350,69.044
2351,69.046
2352,69.048
2353,69.050
2354,69.063
2355,69.066
2356,69.067
2357,69.069
2358,69.084
2359,69.094
2360,69.101
2361,69.104
2362,69.181
2363,69.246
2364,69.249
2365,69.252
2366,69.254
2367,69.258
2368,69.261
2369,69.264
2370,69.267
2371,69.270
2372,69.274
2373,69.277
2374,69.281
2375,69.284
2376,69.288
2377,69.458
2378,69.464
2379,69.468
2380,69.645
2381,69.649
2382,69.653
2383,69.833
2384,69.838
2385,69.842
2386,69.992
2387,69.996
2388,69.999
2389,70.149
2390,70.154
2391,70.159
2392,70.311
2393,70.316
2394,70.320
2395,70.393
2396,70.454
2397,70.456
2398,70.459
2399,70.461
2400,70.464
2401,70.466
2402,70.469
2403,70.471
2404,70.474
2405,70.476
2406,70.479
2407,70.482
2408,70.484
2409,70.487
2410,70.490
2411,70.493
2412,70.496
2413,70.499
2414,70.502
2415,70.505
2416,70.508
2417,70.536
2418,70.593
2419,70.739
2420,70.744
2421,70.748
2422,70.751
2423,70.898
2424,70.902
2425,70.906
2426,70.909
2427,71.080
2428,71.085
2429,71.089
2430,71.094
2431,71.256
2432,71.261
2433,71.266
2434,71.270
2435,71.462
2436,71.467
2437,71.471
2438,71.475
2439,71.671
2440,71.676
2441,71.681
2442,71.685
2443,71.865
2444,71.870
2445,71.874
2446,71.877
2447,72.051
2448,72.056
2449,72.061
2450,72.065
2451,72.218
2452,72.223
2453,72.227
2454,72.230
2455,72.388
2456,72.392
2457,72.396
2458,72.400
2459,72.558
2460,72.562
2461,72.567
2462,72.571
2463,72.733
2464,72.740
2465,72.749
2466,72.754
2467,72.927
2468,72.932
2469,72.937
2470,72.940
2471,73.103
2472,73.108
2473,73.112
2474,73.117
2475,73.281
2476,73.287
2477,73.292
2478,73.297
2479,73.498
2480,73.504
2481,73.509
2482,73.513
2483,73.711
2484,73.717
2485,73.722
2486,73.727
2487,73.917
2488,73.921
2489,73.925
2490,73.929
2491,74.094
2492,74.098
2493,74.103
2494,74.107
2495,74.282
2496,74.286
2497,74.291
2498,74.294
2499,74.436
2500,74.440
2501,74.444
2502,74.589
2503,74.593
2504,74.596
2505,74.742
2506,74.746
2507,74.750
2508,74.899
2509,74.903
2510,74.906
2511,75.066
2512,75.070
2513,75.074
2514,75.222
2515,75.226
2516,75.230
2517,75.388
2518,75.393
2519,75.397
2520,75.521
2521,75.604
2522,75.608
2523,75.611
2524,75.615
2525,75.618
2526,75.621
2527,75.626
2528,75.629
2529,75.632
2530,75.637
2531,75.641
2532,75.644
2533,75.648
2534,75.653
2535,75.847
2536,75.852
2537,75.855
2538,75.997
2539,76.001
2540,76.004
2541,76.146
2542,76.150
2543,76.154
2544,76.308
2545,76.313
2546,76.316
2547,76.486
2548,76.492
2549,76.496
2550,76.657
2551,76.662
2552,76.666
2553,76.742
2554,76.806
2555,76.809
2556,76.811
2557,76.814
2558,76.816
2559,76.819
2560,76.821
2561,76.824
2562,76.826
2563,76.829
2564,76.832
2565,76.834
2566,76.837
2567,76.840
2568,76.842
2569,76.845
2570,76.848
2571,76.851
2572,76.854
2573,76.856
2574,76.859
2575,76.889
2576,76.950
2577,77.112
2578,77.117
2579,77.122
2580,77.126
2581,77.295
2582,77.301
2583,77.306
2584,77.311
2585,77.553
2586,77.558
2587,77.564
2588,77.570
2589,77.771
2590,77.776
2591,77.780
2592,77.785
2593,77.972
2594,77.976
2595,77.980
2596,77.984
2597,78.158
2598,78.162
2599,78.167
2600,78.171
2601,78.349
2602,78.354
2603,78.358
2604,78.363
2605,78.559
2606,78.561
2607,78.567
2608,78.572
2609,78.741
2610,78.745
2611,78.749
2612,78.753
2613,78.930
2614,78.935
2615,78.939
2616,78.944
2617,79.118
2618,79.123
2619,79.128
2620,79.132
2621,79.314
2622,79.322
2623,79.328
2624,79.333
2625,79.517
2626,79.523
2627,79.532
2628,79.538
2629,79.791
2630,79.797
2631,79.802
2632,79.807
2633,80.021
2634,80.027
2635,80.032
2636,80.037
2637,80.240
2638,80.245
2639,80.249
2640,80.253
2641,80.428
2642,80.433
2643,80.438
2644,80.442
2645,80.623
2646,80.629
2647,80.635
2648,80.639
2649,80.826
2650,80.831
2651,80.835
2652,80.839
2653,81.026
2654,81.033
2655,81.038
2656,81.042
2657,81.199
2658,81.203
2659,81.207
2660,81.377
2661,81.381
2662,81.385
2663,81.549
2664,81.553
2665,81.557
2666,81.716
2667,81.720
2668,81.723
2669,81.917
2670,81.923
2671,81.928
2672,82.128
2673,82.133
2674,82.137
2675,82.333
2676,82.339
2677,82.344
2678,82.455
2679,82.540
2680,82.543
2681,82.546
2682,82.549
2683,82.552
2684,82.555
2685,82.558
2686,82.562
2687,82.565
2688,82.569
2689,82.573
2690,82.576
2691,82.580
2692,82.584
2693,82.732
2694,82.737
2695,82.741
2696,82.918
2697,82.924
2698,82.929
2699,83.083
2700,83.087
2701,83.091
2702,83.249
2703,83.254
2704,83.257
2705,83.420
2706,83.428
2707,83.435
2708,83.618
2709,83.623
2710,83.627
2711,83.720
2712,83.797
2713,83.800
2714,83.802
2715,83.805
2716,83.807
2717,83.810
2718,83.813
2719,83.816
2720,83.819
2721,83.822
2722,83.824
2723,83.827
2724,83.830
2725,83.834
2726,83.837
2727,83.840
2728,83.843
2729,83.847
2730,83.850
2731,83.854
2732,83.857
2733,83.891
2734,83.985
2735,84.224
2736,84.229
2737,84.234
2738,84.239
2739,84.452
2740,84.458
2741,84.464
2742,84.469
2743,84.677
2744,84.683
2745,84.691
2746,84.696
2747,84.868
2748,84.873
2749,84.878
2750,84.882
2751,85.052
2752,85.057
2753,85.061
2754,85.065
2755,85.234
2756,85.239
2757,85.244
2758,85.248
2759,85.429
2760,85.435
2761,85.439
2762,85.443
2763,85.631
2764,85.639
2765,85.646
2766,85.652
2767,85.815
2768,85.819
2769,85.823
2770,85.827
2771,86.023
2772,86.028
2773,86.032
2774,86.036
2775,86.223
2776,86.229
2777,86.236
2778,86.240
2779,86.466
2780,86.475
2781,86.482
2782,86.487
2783,86.710
2784,86.716
2785,86.722
2786,86.726
2787,86.912
2788,86.916
2789,86.921
2790,86.925
2791,87.092
2792,87.097
2793,87.101
2794,87.105
2795,87.275
2796,87.279
2797,87.284
2798,87.287
2799,87.460
2800,87.464
2801,87.468
2802,87.472
2803,87.640
2804,87.646
2805,87.651
2806,87.655
2807,87.830
2808,87.834
2809,87.839
2810,87.843
2811,88.019
2812,88.025
2813,88.029
2814,88.033
2815,88.187
2816,88.191
2817,88.195
2818,88.361
2819,88.366
2820,88.370
2821,88.566
2822,88.571
2823,88.576
2824,88.764
2825,88.769
2826,88.774
2827,88.958
2828,88.962
2829,88.966
2830,89.124
2831,89.129
2832,89.132
2833,89.287
2834,89.291
2835,89.295
2836,89.393
2837,89.457
2838,89.460
2839,89.463
2840,89.466
2841,89.469
2842,89.472
2843,89.475
2844,89.478
2845,89.481
2846,89.484
2847,89.488
2848,89.491
2849,89.494
2850,89.498
2851,89.640
2852,89.644
2853,89.648
2854,89.791
2855,89.795
2856,89.798
2857,89.942
2858,89.946
2859,89.949
2860,90.096
2861,90.100
2862,90.104
2863,90.264
2864,90.270
2865,90.274
2866,90.470
2867,90.476
2868,90.481
2869,90.586
2870,90.680
2871,90.683
2872,90.686
2873,90.690
2874,90.693
2875,90.697
2876,90.700
2877,90.704
2878,90.707
2879,90.711
2880,90.715
2881,90.718
2882,90.723
2883,90.726
2884,90.731
2885,90.735
2886,90.740
2887,90.744
2888,90.749
2889,90.753
2890,90.757
2891,90.801
2892,90.877
2893,91.033
2894,91.037
2895,91.041
2896,91.045
2897,91.195
2898,91.199
2899,91.203
2900,91.207
2901,91.384
2902,91.388
2903,91.393
2904,91.397
2905,91.559
2906,91.564
2907,91.568
2908,91.571
2909,91.729
2910,91.734
2911,91.738
2912,91.742
2913,91.907
2914,91.912
2915,91.917
2916,91.920
2917,92.100
2918,92.104
2919,92.108
2920,92.112
2921,92.300
2922,92.300
2923,92.300
2924,92.302
2925,92.509
2926,92.516
2927,92.521
2928,92.526
2929,92.749
2930,92.754
2931,92.759
2932,92.764
2933,92.980
2934,92.984
2935,92.989
2936,92.993
2937,93.179
2938,93.187
2939,93.192
2940,93.197
2941,93.386
2942,93.390
2943,93.395
2944,93.399
2945,93.586
2946,93.591
2947,93.595
2948,93.599
2949,93.772
2950,93.777
2951,93.781
2952,93.785
2953,93.961
2954,93.966
2955,93.971
2956,93.976
2957,94.156
2958,94.160
2959,94.164
2960,94.168
2961,94.338
2962,94.345
2963,94.349
2964,94.353
2965,94.529
2966,94.534
2967,94.539
2968,94.543
2969,94.786
2970,94.796
2971,94.802
2972,94.808
2973,95.001
2974,95.007
2975,95.011
2976,95.204
2977,95.208
2978,95.212
2979,95.367
2980,95.371
2981,95.374
2982,95.528
2983,95.532
2984,95.536
2985,95.696
2986,95.700
2987,95.704
2988,95.861
2989,95.865
2990,95.869
2991,96.028
2992,96.032
2993,96.036
2994,96.138
2995,96.206
2996,96.209
2997,96.212
2998,96.215
2999,96.218
3000,96.221
3001,96.224
3002,96.228
3003,96.231
3004,96.234
3005,96.238
3006,96.241
3007,96.245
3008,96.248
3009,96.397
3010,96.401
3011,96.404
3012,96.550
3013,96.554
3014,96.557
3015,96.736
3016,96.742
3017,96.746
3018,96.942
3019,96.947
3020,96.951
3021,97.187
3022,97.195
3023,97.201
3024,97.374
3025,97.379
3026,97.383
3027,97.463
3028,97.532
3029,97.535
3030,97.537
3031,97.540
3032,97.543
3033,97.546
3034,97.549
3035,97.551
3036,97.554
3037,97.557
3038,97.560
3039,97.563
3040,97.566
3041,97.569
3042,97.572
3043,97.576
3044,97.579
3045,97.582
3046,97.585
3047,97.589
3048,97.592
3049,97.625
3050,97.687
3051,97.848
3052,97.852
3053,97.856
3054,97.860
3055,98.029
3056,98.034
3057,98.038
3058,98.042
3059,98.233
3060,98.238
3061,98.243
3062,98.248
3063,98.414
3064,98.420
3065,98.424
3066,98.428
3067,98.596
3068,98.601
3069,98.606
3070,98.610
3071,98.822
3072,98.831
3073,98.840
3074,98.847
3075,99.093
3076,99.099
3077,99.105
3078,99.110
3079,99.354
3080,99.359
3081,99.364
3082,99.369
3083,99.563
3084,99.564
3085,99.569
3086,99.573
3087,99.749
3088,99.754
3089,99.758
3090,99.762
3091,99.933
3092,99.938
3093,99.943
3094,99.947
3095,100.122
3096,100.129
3097,100.134
3098,100.139
3099,100.318
3100,100.324
3101,100.329
3102,100.333
3103,100.509
3104,100.515
3105,100.520
3106,100.524
3107,100.701
3108,100.708
3109,100.713
3110,100.717
3111,100.887
3112,100.896
3113,100.902
3114,100.907
3115,101.129
3116,101.138
3117,101.143
3118,101.148
3119,101.363
3120,101.372
3121,101.377
3122,101.382
3123,101.598
3124,101.605
3125,101.609
3126,101.614
3127,101.796
3128,101.802
3129,101.807
3130,101.811
3131,101.978
3132,101.982
3133,101.986
3134,102.150
3135,102.154
3136,102.158
3137,102.314
3138,102.318
3139,102.322
3140,102.485
3141,102.489
3142,102.493
3143,102.666
3144,102.671
3145,102.675
3146,102.844
3147,102.848
3148,102.852
3149,103.015
3150,103.019
3151,103.023
3152,103.302
3153,103.307
3154,103.476
3155,103.711
3156,103.714
3157,103.832
3158,104.036
3159,104.039
3160,104.161
3161,104.383
3162,104.386
3163,104.511
3164,104.709
3165,104.712
3166,104.714
3167,104.831
3168,104.882
3169,104.902
3170,104.931
3171,104.952
3172,105.009
3173,105.012
3174,105.070
3175,105.072
3176,105.145
3177,105.148
3178,105.225
3179,105.228
3180,105.320
3181,105.323
3182,105.326
3183,105.370
3184,105.373
3185,105.375
3186,105.378
3187,105.380
3188,105.383
3189,105.386
3190,105.460
3191,105.463
3192,105.466
3193,105.506
3194,105.521
3195,105.524
3196,105.537
3197,105.540
3198,105.543
3199,105.587
3200,105.590
3201,105.594
3202,105.642
3203,105.645
3204,105.647
3205,105.649
3206,105.651
3207,105.653
3208,105.655
3209,105.703
3210,105.705
3211,105.707
3212,105.726
3213,105.736
3214,105.738
3215,105.745
3216,105.755
3217,105.757
3218,105.793
3219,105.795
3220,105.797
3221,105.829
3222,105.832
3223,105.834
3224,105.836
3225,105.838
3226,105.841
3227,105.843
3228,105.891
3229,105.893
3230,105.895
3231,105.914
3232,105.924
3233,105.926
3234,105.934
3235,105.945
3236,105.948
3237,105.986
3238,105.988
3239,105.991
3240,106.025
3241,106.027
3242,106.030
3243,106.032
3244,106.034
3245,106.036
3246,106.038
3247,106.099
3248,106.101
3249,106.103
3250,106.134
3251,106.143
3252,106.145
3253,106.152
3254,106.161
3255,106.163
3256,106.198
3257,106.200
3258,106.202
3259,106.236
3260,106.238
3261,106.240
3262,106.243
3263,106.245
3264,106.247
3265,106.249
3266,106.297
3267,106.300
3268,106.302
3269,106.330
3270,106.340
3271,106.342
3272,106.350
3273,106.359
3274,106.361
3275,106.464
3276,106.467
3277,106.560
3278,106.563
3279,106.634
3280,106.637
3281,106.670
3282,106.672
3283,106.674
3284,106.676
3285,106.678
3286,106.688
3287,106.708
3288,106.717
3289,106.737
3290,106.776
3291,106.779
3292,106.781
3293,106.817
3294,106.819
3295,106.822
3296,106.824
3297,106.827
3298,106.829
3299,106.831
3300,106.833
3301,106.837
3302,106.839
3303,106.841
3304,106.843
3305,106.846
3306,106.848
3307,106.850
3308,106.853
3309,106.855
3310,106.858
3311,106.860
3312,106.862
3313,106.864
3314,106.866
3315,106.871
3316,106.873
3317,106.875
3318,106.877
3319,106.879
3320,106.881
3321,106.882
3322,106.886
3323,106.888
3324,106.891
3325,106.894
3326,106.897
3327,106.901
3328,106.904
3329,106.907
3330,106.909
3331,106.912
3332,106.920
3333,106.923
3334,106.926
3335,106.929
3336,106.932
3337,106.935
3338,106.937
3339,106.944
3340,106.946
3341,106.949
3342,106.952
3343,106.955
3344,106.958
3345,106.961
3346,106.964
3347,106.967
3348,107.014
3349,107.018
3350,107.021
3351,107.024
3352,107.073
3353,107.076
3354,107.079
3355,107.081
3356,107.128
3357,107.131
3358,107.134
3359,107.137
3360,107.183
3361,107.186
3362,107.189
3363,107.193
3364,107.244
3365,107.247
3366,107.250
3367,107.254
3368,107.302
3369,107.305
3370,107.309
3371,107.312
3372,107.362
3373,107.366
3374,107.370
3375,107.373
3376,107.423
3377,107.426
3378,107.428
3379,107.431
3380,107.467
3381,107.470
3382,107.473
3383,107.475
3384,107.511
3385,107.513
3386,107.516
3387,107.518
3388,107.553
3389,107.556
3390,107.558
3391,107.597
3392,107.600
3393,107.602
3394,107.605
3395,107.607
3396,107.613
3397,107.615
3398,107.617
3399,107.646
3400,107.707
3401,107.744
3402,107.746
3403,107.748
3404,107.791
3405,107.811
3406,107.814
3407,107.816
3408,107.818
3409,107.820
3410,107.823
3411,107.825
3412,107.827
3413,107.830
3414,107.833
3415,107.836
3416,107.839
3417,107.842
3418,107.845
3419,107.848
3420,107.851
3421,107.854
3422,107.858
3423,107.861
3424,107.923
3425,108.038
3426,108.042
3427,108.045
3428,108.092
3429,108.156
3430,108.207
3431,108.270
3432,108.318
3433,108.381
3434,108.432
3435,108.492
3436,108.495
3437,108.498
3438,108.501
3439,108.505
3440,108.538
3441,108.541
3442,108.545
3443,108.548
3444,108.597
3445,108.660
3446,108.663
3447,108.666
3448,108.669
3449,108.675
3450,108.713
3451,108.716
3452,108.721
3453,108.724
3454,108.792
3455,108.875
3456,108.878
3457,108.881
3458,108.883
3459,108.889
3460,108.930
3461,108.933
3462,108.937
3463,108.939
3464,109.006
3465,109.091
3466,109.094
3467,109.097
3468,109.101
3469,109.106
3470,109.146
3471,109.149
3472,109.152
3473,109.154
3474,109.207
3475,109.272
3476,109.275
3477,109.277
3478,109.279
3479,109.283
3480,109.319
3481,109.321
3482,109.324
3483,109.326
3484,109.375
3485,109.436
3486,109.438
3487,109.440
3488,109.442
3489,109.446
3490,109.480
3491,109.484
3492,109.487
3493,109.490
3494,109.543
3495,109.602
3496,109.606
3497,109.609
3498,109.612
3499,109.617
3500,109.649
3501,109.653
3502,109.656
3503,109.660
3504,109.708
3505,109.769
3506,109.772
3507,109.775
3508,109.778
3509,109.783
3510,109.818
3511,109.822
3512,109.825
3513,109.828
3514,109.880
3515,109.940
3516,109.944
3517,109.947
3518,109.950
3519,109.955
3520,109.988
3521,109.991
3522,109.995
3523,109.999
3524,110.048
3525,110.108
3526,110.111
3527,110.114
3528,110.117
3529,110.123
3530,110.158
3531,110.161
3532,110.166
3533,110.170
3534,110.221
3535,110.283
3536,110.286
3537,110.290
3538,110.293
3539,110.298
3540,110.330
3541,110.333
3542,110.335
3543,110.337
3544,110.396
3545,110.483
3546,110.486
3547,110.489
3548,110.492
3549,110.498
3550,110.542
3551,110.545
3552,110.548
3553,110.551
3554,110.619
3555,110.703
3556,110.706
3557,110.709
3558,110.712
3559,110.718
3560,110.762
3561,110.765
3562,110.768
3563,110.771
3564,110.839
3565,110.905
3566,110.907
3567,110.909
3568,110.912
3569,110.915
3570,110.950
3571,110.952
3572,110.955
3573,110.957
3574,111.006
3575,111.066
3576,111.068
3577,111.070
3578,111.072
3579,111.076
3580,111.110
3581,111.113
3582,111.116
3583,111.118
3584,111.168
3585,111.228
3586,111.230
3587,111.232
3588,111.235
3589,111.238
3590,111.272
3591,111.275
3592,111.278
3593,111.280
3594,111.331
3595,111.389
3596,111.392
3597,111.394
3598,111.396
3599,111.400
3600,111.433
3601,111.436
3602,111.439
3603,111.441
3604,111.489
3605,111.545
3606,111.548
3607,111.550
3608,111.554
3609,111.582
3610,111.584
3611,111.586
3612,111.588
3613,111.637
3614,111.698
3615,111.701
3616,111.703
3617,111.705
3618,111.707
3619,111.709
3620,111.711
3621,111.713
3622,111.715
3623,111.717
3624,111.720
3625,111.724
3626,111.757
3627,111.760
3628,111.762
3629,111.765
3630,111.795
3631,111.798
3632,111.801
3633,111.803
3634,111.826
3635,111.828
3636,111.830
3637,111.832
3638,111.863
3639,111.867
3640,111.870
3641,111.872
3642,111.903
3643,111.907
3644,111.909
3645,111.912
3646,111.942
3647,111.947
3648,111.950
3649,111.952
3650,111.984
3651,111.989
3652,111.991
3653,111.993
3654,112.016
3655,112.018
3656,112.019
3657,112.021
3658,112.046
3659,112.049
3660,112.052
3661,112.055
3662,112.232
3663,112.237
3664,112.327
3665,112.331
3666,112.393
3667,112.395
3668,112.398
3669,112.401
3670,112.427
3671,112.432
3672,112.435
3673,112.473
3674,112.475
3675,112.478
3676,112.516
3677,112.519
3678,112.559
3679,112.562
3680,112.600
3681,112.602
3682,112.604
3683,112.635
3684,112.637
3685,112.639
3686,112.641
3687,112.689
3688,112.692
3689,112.695
3690,112.740
3691,112.742
3692,112.772
3693,112.774
3694,112.777
3695,112.805
3696,112.807
3697,112.837
3698,112.839
3699,112.884
3700,112.886
3701,112.934
3702,112.936
3703,112.939
3704,112.941
3705,113.001
3706,113.004
3707,113.086
3708,113.089
3709,113.138
3710,113.140
3711,113.142
3712,113.145
3713,113.204
3714,113.207
3715,113.292
3716,113.295
3717,113.347
3718,113.349
3719,113.351
3720,113.353
3721,113.418
3722,113.421
3723,113.511
3724,113.515
3725,113.567
3726,113.569
3727,113.571
3728,113.573
3729,113.633
3730,113.636
3731,113.724
3732,113.728
3733,113.799
3734,113.802
3735,113.804
3736,113.806
3737,113.809
3738,113.919
3739,113.922
3740,114.109
3741,114.113
3742,114.309
3743,114.314
3744,114.405
3745,114.408
3746,114.410
3747,114.413
3748,114.416
3749,114.566
3750,114.571
3751,114.799
3752,114.805
3753,114.989
3754,114.992
3755,115.068
3756,115.072
3757,115.075
3758,115.079
3759,115.082
3760,115.207
3761,115.210
3762,115.370
3763,115.374
3764,115.531
3765,115.535
3766,115.607
3767,115.610
3768,115.612
3769,115.615
3770,115.617
3771,115.727
3772,115.730
3773,115.892
3774,115.896
3775,116.051
3776,116.055
3777,116.141
3778,116.144
3779,116.147
3780,116.149
3781,116.306
3782,116.310
3783,116.488
3784,116.493
3785,116.605
3786,116.609
3787,116.612
3788,116.616
3789,116.814
3790,116.818
3791,117.023
3792,117.028
3793,117.133
3794,117.135
3795,117.138
3796,117.141
3797,117.303
3798,117.307
3799,117.484
3800,117.488
3801,117.584
3802,117.587
3803,117.590
3804,117.593
3805,117.764
3806,117.768
3807,117.946
3808,117.950
3809,118.049
3810,118.052
3811,118.055
3812,118.058
3813,118.238
3814,118.242
3815,118.414
3816,118.418
3817,118.524
3818,118.527
3819,118.530
3820,118.534
3821,118.692
3822,118.696
3823,118.868
3824,118.874
3825,119.076
3826,119.080
3827,119.085
3828,119.090
3829,119.265
3830,119.270
3831,119.459
3832,119.464
3833,119.650
3834,119.654
3835,119.660
3836,119.664
3837,119.724
3838,119.727
3839,119.882
3840,119.886
3841,119.889
3842,119.893
3843,119.896
3844,120.049
3845,120.053
3846,120.202
3847,120.206
3848,120.354
3849,120.358
3850,120.515
3851,120.518
3852,120.522
3853,120.672
3854,120.675
3855,120.834
3856,120.838
3857,120.842
3858,120.992
3859,120.996
3860,121.154
3861,121.158
3862,121.162
3863,121.337
3864,121.342
3865,121.412
3866,121.416
3867,121.419
3868,121.422
3869,121.499
3870,121.502
3871,121.616
3872,121.620
3873,121.718
3874,121.722
3875,121.725
3876,121.811
3877,121.838
3878,121.916
3879,121.919
3880,121.921
3881,121.983
3882,122.005
3883,122.141
3884,122.144
3885,122.148
3886,122.285
3887,122.289
3888,122.497
3889,122.501
3890,122.505
3891,122.649
3892,122.653
3893,122.706
3894,122.708
3895,122.759
3896,122.761
3897,122.810
3898,122.813
3899,123.144
3900,123.186
3901,123.190
3902,123.195
3903,123.199
3904,123.203
3905,123.207
3906,123.211
3907,123.215
3908,123.219
3909,123.224
3910,123.228
3911,123.232
3912,123.237
3913,123.241
3914,123.245
3915,123.250
3916,123.254
3917,123.258
3918,123.263
3919,123.268
3920,123.272
3921,123.277
3922,123.282
3923,123.287
3924,123.291
3925,123.296
3926,123.301
3927,123.306
3928,123.311
3929,123.718
3930,124.103
3931,124.139
3932,124.172
3933,124.206
3934,124.239
3935,124.265
3936,124.277
3937,124.312
3938,124.337
3939,124.729
3940,124.760
3941,125.178
3942,125.210
3943,125.611
3944,125.660
3945,126.148
3946,126.153
3947,126.602
3948,126.607
3949,126.923
3950,126.959
3951,126.996
3952,127.025
3953,127.039
3954,127.070
3955,127.618
3956,127.624
3957,127.991
3958,128.030
3959,128.062
3960,128.494
3961,128.499
3962,128.940
3963,128.945
3964,129.442
3965,129.448
3966,129.970
3967,129.975
3968,130.406
3969,130.411
3970,130.855
3971,130.860
3972,131.402
3973,131.408
3974,131.930
3975,131.935
3976,132.282
3977,132.322
3978,132.327
3979,132.331
3980,132.336
3981,132.340
3982,132.344
3983,132.349
3984,132.353
3985,132.357
3986,132.362
3987,132.366
3988,132.371
3989,132.375
3990,132.380
3991,132.384
3992,132.389
3993,132.393
3994,132.398
3995,132.402
3996,132.407
3997,132.412
3998,132.417
3999,132.421
4000,132.426
4001,132.430
4002,132.435
4003,132.440
4004,132.445
4005,132.450
4006,132.780
4007,133.124
4008,133.161
4009,133.195
4010,133.228
4011,133.262
4012,133.287
4013,133.305
4014,133.356
4015,133.392
4016,133.921
4017,133.951
4018,134.372
4019,134.403
4020,134.725
4021,134.761
4022,135.192
4023,135.197
4024,135.767
4025,135.773
4026,136.126
4027,136.160
4028,136.195
4029,136.224
4030,136.239
4031,136.268
4032,136.708
4033,136.712
4034,137.052
4035,137.089
4036,137.118
4037,137.647
4038,137.653
4039,138.190
4040,138.195
4041,138.678
4042,138.683
4043,139.150
4044,139.156
4045,139.661
4046,139.667
4047,140.235
4048,140.241
4049,140.738
4050,140.743
4051,141.178
4052,141.183
4053,141.541
4054,141.604
4055,141.610
4056,141.616
4057,141.621
4058,141.627
4059,141.633
4060,141.639
4061,141.644
4062,141.650
4063,141.656
4064,141.662
4065,141.669
4066,141.675
4067,141.681
4068,141.687
4069,141.693
4070,141.699
4071,141.706
4072,141.712
4073,141.718
4074,141.725
4075,141.732
4076,141.738
4077,141.744
4078,141.750
4079,141.757
4080,141.763
4081,141.770
4082,141.777
4083,142.222
4084,142.589
4085,142.625
4086,142.662
4087,142.699
4088,142.734
4089,142.761
4090,142.774
4091,142.808
4092,142.834
4093,143.271
4094,143.303
4095,143.758
4096,143.798
4097,144.229
4098,144.276
4099,144.737
4100,144.742
4101,145.213
4102,145.218
4103,145.553
4104,145.587
4105,145.621
4106,145.649
4107,145.663
4108,145.692
4109,146.277
4110,146.283
4111,146.618
4112,146.652
4113,146.679
4114,147.103
4115,147.108
4116,147.555
4117,147.560
4118,148.103
4119,148.109
4120,148.621
4121,148.626
4122,149.065
4123,149.070
4124,149.530
4125,149.534
4126,150.138
4127,150.144
4128,150.609
4129,150.614
4130,150.977
4131,151.021
4132,151.026
4133,151.031
4134,151.035
4135,151.039
4136,151.043
4137,151.047
4138,151.051
4139,151.055
4140,151.060
4141,151.064
4142,151.068
4143,151.073
4144,151.077
4145,151.082
4146,151.086
4147,151.091
4148,151.095
4149,151.100
4150,151.105
4151,151.109
4152,151.114
4153,151.119
4154,151.123
4155,151.128
4156,151.132
4157,151.137
4158,151.141
4159,151.146
4160,151.489
4161,151.878
4162,151.923
4163,151.969
4164,152.014
4165,152.057
4166,152.090
4167,152.107
4168,152.152
4169,152.185
4170,152.658
4171,152.686
4172,153.111
4173,153.139
4174,153.471
4175,153.505
4176,154.012
4177,154.018
4178,154.580
4179,154.585
4180,154.925
4181,154.960
4182,154.992
4183,155.018
4184,155.032
4185,155.059
4186,155.534
4187,155.539
4188,155.920
4189,155.968
4190,156.005
4191,156.539
4192,156.544
4193,156.988
4194,156.993
4195,157.452
4196,157.457
4197,157.949
4198,157.955
4199,158.506
4200,158.512
4201,158.975
4202,158.980
4203,159.473
4204,159.478
4205,159.984
4206,159.989
4207,160.424
4208,160.465
4209,160.469
4210,160.474
4211,160.478
4212,160.482
4213,160.486
4214,160.490
4215,160.494
4216,160.499
4217,160.503
4218,160.507
4219,160.511
4220,160.515
4221,160.519
4222,160.523
4223,160.528
4224,160.532
4225,160.536
4226,160.541
4227,160.545
4228,160.549
4229,160.554
4230,160.558
4231,160.562
4232,160.566
4233,160.571
4234,160.575
4235,160.580
4236,160.584
4237,160.928
4238,161.282
4239,161.313
4240,161.345
4241,161.376
4242,161.408
4243,161.433
4244,161.445
4245,161.479
4246,161.503
4247,161.976
4248,162.017
4249,162.568
4250,162.597
4251,162.947
4252,162.982
4253,163.462
4254,163.467
4255,164.001
4256,164.007
4257,164.457
4258,164.496
4259,164.528
4260,164.555
4261,164.569
4262,164.599
4263,165.064
4264,165.068
4265,165.418
4266,165.452
4267,165.480
4268,165.938
4269,165.945
4270,166.551
4271,166.556
4272,167.028
4273,167.033
4274,167.496
4275,167.501
4276,167.995
4277,168.001
4278,168.584
4279,168.589
4280,169.092
4281,169.097
4282,169.545
4283,169.550
4284,169.947
4285,170.001
4286,170.006
4287,170.011
4288,170.016
4289,170.021
4290,170.026
4291,170.032
4292,170.037
4293,170.042
4294,170.048
4295,170.053
4296,170.058
4297,170.063
4298,170.068
4299,170.073
4300,170.079
4301,170.084
4302,170.090
4303,170.095
4304,170.100
4305,170.106
4306,170.111
4307,170.116
4308,170.122
4309,170.127
4310,170.132
4311,170.137
4312,170.144
4313,170.149
4314,170.574
4315,170.960
4316,170.992
4317,171.023
4318,171.055
4319,171.087
4320,171.112
4321,171.124
4322,171.158
4323,171.182
4324,171.642
4325,171.671
4326,172.213
4327,172.253
4328,172.682
4329,172.715
4330,173.185
4331,173.190
4332,173.695
4333,173.700
4334,174.083
4335,174.128
4336,174.176
4337,174.213
4338,174.233
4339,174.271
4340,174.823
4341,174.828
4342,175.183
4343,175.216
4344,175.242
4345,175.693
4346,175.698
4347,176.238
4348,176.243
4349,176.798
4350,176.802
4351,177.279
4352,177.283
4353,177.750
4354,177.755
4355,178.338
4356,178.344
4357,178.906
4358,178.910
4359,179.371
4360,179.376
4361,179.763
4362,179.801
4363,179.806
4364,179.810
4365,179.815
4366,179.819
4367,179.823
4368,179.828
4369,179.832
4370,179.837
4371,179.841
4372,179.846
4373,179.850
4374,179.854
4375,179.859
4376,179.863
4377,179.868
4378,179.872
4379,179.877
4380,179.881
4381,179.886
4382,179.890
4383,179.895
4384,179.900
4385,179.905
4386,179.909
4387,179.914
4388,179.919
4389,179.923
4390,179.928
4391,180.401
4392,180.840
4393,180.874
4394,180.908
4395,180.942
4396,180.977
4397,180.982
4398,180.986
4399,180.990
4400,180.994
4401,180.998
4402,181.011
4403,181.044
4404,181.048
4405,181.061
4406,181.086
4407,181.091
4408,181.103
4409,181.107
4410,181.119
4411,181.595
4412,181.983
4413,181.988
4414,181.992
4415,181.996
4416,182.577
4417,182.584
4418,182.590
4419,182.597
4420,182.975
4421,183.011
4422,183.037
4423,183.051
4424,183.055
4425,183.059
4426,183.063
4427,183.067
4428,183.079
4429,183.083
4430,183.095
4431,183.099
4432,183.554
4433,183.981
4434,183.985
4435,183.990
4436,184.429
4437,184.435
4438,184.440
4439,184.445
4440,184.450
4441,184.466
4442,184.472
4443,184.489
4444,184.494
4445,185.008
4446,185.430
4447,185.435
4448,185.440
4449,185.806
4450,185.839
4451,186.365
4452,186.371
4453,186.978
4454,186.983
4455,187.351
4456,187.384
4457,187.772
4458,187.777
4459,187.781
4460,187.785
4461,187.789
4462,187.793
4463,188.161
4464,188.165
4465,188.619
4466,189.082
4467,189.581
4468,189.981
4469,190.016
4470,190.042
4471,190.047
4472,190.425
4473,190.431
4474,190.437
4475,190.443
4476,190.449
4477,190.455
4478,190.461
4479,190.948
4480,190.954
4481,191.348
4482,191.742
4483,192.223
4484,192.635
4485,192.684
4486,193.328
4487,193.333
4488,193.703
4489,194.118
4490,194.122
4491,194.126
4492,194.131
4493,194.501
4494,194.537
4495,194.541
4496,194.554
4497,194.580
4498,194.584
4499,195.248
4500,195.253
4501,195.258
4502,195.627
4503,195.631
4504,195.636
4505,196.101
4506,196.106
4507,196.595
4508,196.600
4509,197.232
4510,197.238
4511,197.735
4512,197.740
4513,198.218
4514,198.222
4515,198.763
4516,198.770
4517,199.417
4518,199.422
4519,199.926
4520,199.931
4521,200.331
4522,200.376
4523,200.381
4524,200.386
4525,200.390
4526,200.395
4527,200.399
4528,200.403
4529,200.408
4530,200.413
4531,200.417
4532,200.422
4533,200.427
4534,200.431
4535,200.436
4536,200.441
4537,200.446
4538,200.450
4539,200.456
4540,200.461
4541,200.465
4542,200.470
4543,200.475
4544,200.481
4545,200.486
4546,200.490
4547,200.495
4548,200.500
4549,200.505
4550,200.510
4551,200.948
4552,201.442
4553,201.476
4554,201.508
4555,201.540
4556,202.119
4557,202.149
4558,202.535
4559,202.558
4560,202.586
4561,202.602
4562,202.631
4563,202.635
4564,202.653
4565,202.691
4566,202.705
4567,202.731
4568,202.744
4569,202.748
4570,202.760
4571,202.764
4572,203.379
4573,203.900
4574,203.905
4575,203.909
4576,204.287
4577,204.325
4578,204.330
4579,204.334
4580,204.338
4581,204.342
4582,204.863
4583,204.869
4584,204.875
4585,204.880
4586,204.885
4587,204.891
4588,204.896
4589,205.395
4590,205.400
4591,205.405
4592,205.430
4593,205.485
4594,205.503
4595,205.541
4596,205.560
4597,205.565
4598,205.569
4599,205.583
4600,205.618
4601,206.127
4602,206.131
4603,206.668
4604,206.673
4605,207.061
4606,207.108
4607,207.818
4608,207.854
4609,208.418
4610,208.452
4611,208.966
4612,208.970
4613,209.475
4614,209.524
4615,209.563
4616,210.072
4617,210.077
4618,210.571
4619,210.576
4620,211.097
4621,211.103
4622,211.724
4623,211.730
4624,212.227
4625,212.232
4626,212.748
4627,212.753
4628,213.408
4629,213.414
4630,213.949
4631,213.954
4632,214.350
4633,214.392
4634,214.396
4635,214.400
4636,214.404
4637,214.408
4638,214.412
4639,214.417
4640,214.421
4641,214.425
4642,214.429
4643,214.434
4644,214.438
4645,214.442
4646,214.447
4647,214.451
4648,214.455
4649,214.459
4650,214.464
4651,214.468
4652,214.473
4653,214.478
4654,214.482
4655,214.487
4656,214.492
4657,214.496
4658,214.501
4659,214.506
4660,214.510
4661,214.515
4662,214.904
4663,215.360
4664,215.405
4665,215.447
4666,215.490
4667,215.535
4668,215.570
4669,215.587
4670,215.634
4671,215.672
4672,216.166
4673,216.196
4674,216.683
4675,216.714
4676,217.101
4677,217.135
4678,217.773
4679,217.778
4680,218.314
4681,218.319
4682,218.714
4683,218.750
4684,218.786
4685,218.814
4686,218.828
4687,218.858
4688,219.447
4689,219.453
4690,219.927
4691,219.964
4692,219.993
4693,220.500
4694,220.505
4695,221.035
4696,221.040
4697,221.682
4698,221.689
4699,222.296
4700,222.301
4701,222.819
4702,222.825
4703,223.356
4704,223.361
4705,224.086
4706,224.091
4707,224.615
4708,224.621
4709,225.071
4710,225.115
4711,225.120
4712,225.124
4713,225.129
4714,225.133
4715,225.137
4716,225.142
4717,225.146
4718,225.151
4719,225.155
4720,225.159
4721,225.164
4722,225.168
4723,225.173
4724,225.177
4725,225.182
4726,225.186
4727,225.191
4728,225.196
4729,225.201
4730,225.206
4731,225.211
4732,225.215
4733,225.220
4734,225.225
4735,225.230
4736,225.235
4737,225.240
4738,225.245
4739,225.699
4740,226.288
4741,226.340
4742,226.382
4743,226.418
4744,226.457
4745,226.486
4746,226.500
4747,226.538
4748,226.564
4749,227.070
4750,227.100
4751,227.604
4752,227.635
4753,228.098
4754,228.143
4755,228.742
4756,228.747
4757,229.310
4758,229.315
4759,229.729
4760,229.764
4761,229.800
4762,229.829
4763,229.845
4764,229.876
4765,230.560
4766,230.564
4767,230.961
4768,230.995
4769,231.022
4770,231.576
4771,231.581
4772,232.133
4773,232.139
4774,232.808
4775,232.812
4776,233.374
4777,233.378
4778,233.889
4779,233.894
4780,234.515
4781,234.521
4782,235.143
4783,235.147
4784,235.647
4785,235.652
4786,236.082
4787,236.122
4788,236.127
4789,236.131
4790,236.136
4791,236.140
4792,236.145
4793,236.149
4794,236.153
4795,236.158
4796,236.162
4797,236.166
4798,236.171
4799,236.175
4800,236.180
4801,236.184
4802,236.189
4803,236.193
4804,236.198
4805,236.202
4806,236.207
4807,236.211
4808,236.216
4809,236.221
4810,236.227
4811,236.234
4812,236.243
4813,236.252
4814,236.260
4815,236.269
4816,236.794
4817,237.228
4818,237.262
4819,237.294
4820,237.327
4821,237.360
4822,237.364
4823,237.368
4824,237.371
4825,237.375
4826,237.379
4827,237.391
4828,237.427
4829,237.431
4830,237.443
4831,237.467
4832,237.471
4833,237.482
4834,237.486
4835,237.497
4836,238.009
4837,238.453
4838,238.458
4839,238.463
4840,238.468
4841,239.087
4842,239.092
4843,239.097
4844,239.101
4845,239.499
4846,239.535
4847,239.560
4848,239.574
4849,239.600
4850,239.604
4851,239.618
4852,239.647
4853,239.659
4854,239.684
4855,239.696
4856,239.700
4857,239.712
4858,240.232
4859,240.780
4860,240.786
4861,240.792
4862,240.797
4863,240.803
4864,241.267
4865,241.302
4866,241.307
4867,241.311
4868,241.315
4869,241.319
4870,241.323
4871,241.752
4872,241.756
4873,241.760
4874,241.764
4875,241.768
4876,242.262
4877,242.267
4878,242.272
4879,242.277
4880,242.281
4881,242.725
4882,242.771
4883,242.775
4884,242.780
4885,243.296
4886,243.301
4887,243.699
4888,243.725
4889,243.737
4890,243.741
4891,243.744
4892,243.756
4893,243.788
4894,244.320
4895,244.325
4896,244.973
4897,244.979
4898,245.436
4899,245.469
4900,246.072
4901,246.104
4902,246.734
4903,246.777
4904,247.408
4905,247.413
4906,247.815
4907,248.268
4908,248.272
4909,248.277
4910,248.281
4911,248.286
4912,248.290
4913,248.692
4914,248.737
4915,248.755
4916,248.791
4917,248.810
4918,248.859
4919,248.864
4920,248.881
4921,248.916
4922,248.921
4923,248.926
4924,248.942
4925,248.976
4926,248.980
4927,248.995
4928,249.599
4929,250.137
4930,250.141
4931,250.678
4932,250.683
4933,251.379
4934,251.385
4935,251.922
4936,251.927
4937,252.457
4938,252.462
4939,253.098
4940,253.104
4941,253.752
4942,253.757
4943,254.276
4944,254.281
4945,254.719
4946,254.758
4947,254.763
4948,254.768
4949,254.772
4950,254.776
4951,254.780
4952,254.784
4953,254.788
4954,254.793
4955,254.797
4956,254.801
4957,254.806
4958,254.810
4959,254.814
4960,254.819
4961,254.823
4962,254.827
4963,254.832
4964,254.837
4965,254.841
4966,254.846
4967,254.852
4968,254.858
4969,254.865
4970,254.871
4971,254.878
4972,254.884
4973,254.890
4974,254.897
4975,255.441
4976,255.916
4977,255.950
4978,255.984
4979,256.018
4980,256.492
4981,256.522
4982,256.527
4983,256.531
4984,256.535
4985,256.540
4986,256.545
4987,256.958
4988,256.962
4989,256.976
4990,256.980
4991,256.993
4992,256.997
4993,257.663
4994,258.284
4995,258.724
4996,258.762
4997,258.789
4998,258.803
4999,258.830
5000,258.834
5001,259.297
5002,259.301
5003,259.876
5004,259.913
5005,259.930
5006,259.937
5007,259.954
5008,259.959
5009,260.538
5010,260.984
5011,260.988
5012,260.992
5013,261.519
5014,261.524
5015,261.529
5016,262.068
5017,262.115
5018,262.120
5019,262.125
5020,262.130
5021,262.135
5022,262.725
5023,262.730
5024,262.735
5025,262.740
5026,262.745
5027,262.750
5028,262.755
5029,263.199
5030,263.204
5031,263.208
5032,263.679
5033,263.684
5034,264.200
5035,264.236
5036,264.253
5037,264.259
5038,264.264
5039,264.281
5040,264.329
5041,264.908
5042,264.913
5043,265.487
5044,265.492
5045,265.915
5046,265.965
5047,266.015
5048,266.055
5049,266.075
5050,266.116
5051,266.756
5052,266.760
5053,267.170
5054,267.650
5055,267.655
5056,267.659
5057,267.664
5058,267.668
5059,267.673
5060,267.677
5061,267.682
5062,268.207
5063,268.213
5064,268.737
5065,268.764
5066,268.776
5067,268.780
5068,268.793
5069,268.797
5070,269.306
5071,269.742
5072,269.747
5073,269.751
5074,269.755
5075,270.338
5076,270.344
5077,271.003
5078,271.008
5079,271.563
5080,271.568
5081,272.108
5082,272.113
5083,272.802
5084,272.807
5085,273.369
5086,273.374
5087,274.001
5088,274.006
5089,274.639
5090,274.645
5091,275.134
5092,275.173
5093,275.178
5094,275.182
5095,275.187
5096,275.191
5097,275.195
5098,275.199
5099,275.204
5100,275.208
5101,275.212
5102,275.216
5103,275.221
5104,275.225
5105,275.230
5106,275.234
5107,275.238
5108,275.243
5109,275.247
5110,275.252
5111,275.257
5112,275.262
5113,275.267
5114,275.272
5115,275.277
5116,275.281
5117,275.286
5118,275.291
5119,275.296
5120,275.301
5121,275.726
5122,276.166
5123,276.203
5124,276.238
5125,276.272
5126,276.804
5127,276.842
5128,276.847
5129,276.852
5130,276.857
5131,276.862
5132,276.870
5133,277.359
5134,277.363
5135,277.375
5136,277.379
5137,277.391
5138,277.394
5139,277.908
5140,278.472
5141,279.011
5142,279.542
5143,279.546
5144,279.551
5145,279.555
5146,279.559
5147,279.998
5148,280.003
5149,280.462
5150,280.467
5151,281.036
5152,281.042
5153,281.048
5154,281.574
5155,281.601
5156,281.605
5157,282.063
5158,282.068
5159,282.500
5160,282.527
5161,282.539
5162,282.543
5163,282.556
5164,282.560
5165,283.119
5166,283.709
5167,283.714
5168,283.718
5169,284.264
5170,284.269
5171,284.274
5172,284.700
5173,284.739
5174,284.743
5175,284.748
5176,284.752
5177,284.756
5178,285.367
5179,285.373
5180,285.380
5181,285.387
5182,285.393
5183,285.400
5184,285.407
5185,285.939
5186,285.944
5187,285.949
5188,286.440
5189,286.445
5190,286.878
5191,286.904
5192,286.916
5193,286.920
5194,286.924
5195,286.936
5196,286.970
5197,287.566
5198,287.572
5199,288.309
5200,288.314
5201,288.739
5202,288.775
5203,288.811
5204,288.838
5205,288.852
5206,288.880
5207,289.452
5208,289.458
5209,289.997
5210,290.571
5211,290.576
5212,290.581
5213,290.585
5214,290.589
5215,290.593
5216,290.598
5217,290.602
5218,291.088
5219,291.093
5220,291.538
5221,291.566
5222,291.580
5223,291.585
5224,291.598
5225,291.603
5226,292.234
5227,292.753
5228,292.757
5229,292.762
5230,292.766
5231,293.318
5232,293.323
5233,293.896
5234,293.901
5235,294.627
5236,294.632
5237,295.218
5238,295.224
5239,295.813
5240,295.818
5241,296.511
5242,296.516
5243,297.230
5244,297.235
5245,297.800
5246,297.805
5247,298.259
5248,298.304
5249,298.311
5250,298.317
5251,298.322
5252,298.328
5253,298.334
5254,298.339
5255,298.345
5256,298.350
5257,298.356
5258,298.362
5259,298.368
5260,298.373
5261,298.379
5262,298.384
5263,298.390
5264,298.395
5265,298.400
5266,298.407
5267,298.413
5268,298.418
5269,298.424
5270,298.430
5271,298.436
5272,298.442
5273,298.449
5274,298.454
5275,298.461
5276,298.469
5277,299.019
5278,299.463
5279,299.496
5280,299.529
5281,299.562
5282,299.597
5283,299.623
5284,299.627
5285,299.631
5286,299.635
5287,299.639
5288,299.644
5289,299.656
5290,299.660
5291,299.672
5292,299.676
5293,299.688
5294,299.692
5295,300.224
5296,300.896
5297,301.385
5298,301.849
5299,301.853
5300,301.857
5301,301.861
5302,301.865
5303,302.284
5304,302.288
5305,302.740
5306,302.746
5307,303.384
5308,303.388
5309,303.393
5310,303.818
5311,303.844
5312,303.849
5313,304.309
5314,304.313
5315,304.739
5316,304.765
5317,304.784
5318,304.789
5319,304.806
5320,304.812
5321,305.466
5322,305.918
5323,305.922
5324,305.926
5325,306.450
5326,306.455
5327,306.460
5328,306.890
5329,306.940
5330,306.945
5331,306.950
5332,306.955
5333,306.960
5334,307.653
5335,307.658
5336,307.662
5337,307.667
5338,307.671
5339,307.676
5340,307.680
5341,308.103
5342,308.108
5343,308.112
5344,308.572
5345,308.576
5346,309.001
5347,309.041
5348,309.058
5349,309.063
5350,309.068
5351,309.084
5352,309.130
5353,309.781
5354,309.785
5355,310.372
5356,310.377
5357,310.802
5358,310.835
5359,310.870
5360,310.898
5361,310.911
5362,310.938
5363,311.641
5364,311.646
5365,312.069
5366,312.547
5367,312.551
5368,312.555
5369,312.559
5370,312.563
5371,312.567
5372,312.571
5373,312.575
5374,313.039
5375,313.044
5376,313.581
5377,313.616
5378,313.632
5379,313.637
5380,313.653
5381,313.659
5382,314.200
5383,314.645
5384,314.650
5385,314.654
5386,314.658
5387,315.192
5388,315.198
5389,315.885
5390,315.890
5391,316.452
5392,316.457
5393,317.014
5394,317.019
5395,317.702
5396,317.708
5397,318.293
5398,318.298
5399,318.910
5400,318.915
5401,319.560
5402,319.565
5403,320.054
5404,320.096
5405,320.101
5406,320.105
5407,320.109
5408,320.113
5409,320.117
5410,320.121
5411,320.125
5412,320.129
5413,320.134
5414,320.139
5415,320.143
5416,320.147
5417,320.151
5418,320.156
5419,320.160
5420,320.164
5421,320.169
5422,320.173
5423,320.178
5424,320.183
5425,320.187
5426,320.192
5427,320.196
5428,320.201
5429,320.205
5430,320.210
5431,320.214
5432,320.219
5433,320.650
5434,321.094
5435,321.128
5436,321.160
5437,321.192
5438,321.224
5439,321.250
5440,321.262
5441,321.299
5442,321.336
5443,321.999
5444,322.028
5445,322.567
5446,322.596
5447,323.023
5448,323.057
5449,323.701
5450,323.707
5451,324.349
5452,324.354
5453,324.781
5454,324.813
5455,324.851
5456,324.883
5457,324.897
5458,324.924
5459,325.563
5460,325.569
5461,326.081
5462,326.116
5463,326.140
5464,326.680
5465,326.685
5466,327.251
5467,327.256
5468,327.969
5469,327.974
5470,328.542
5471,328.546
5472,329.107
5473,329.112
5474,329.815
5475,329.821
5476,330.486
5477,330.490
5478,331.051
5479,331.056
5480,331.549
5481,331.601
5482,331.607
5483,331.612
5484,331.618
5485,331.623
5486,331.628
5487,331.634
5488,331.639
5489,331.645
5490,331.651
5491,331.656
5492,331.662
5493,331.668
5494,331.673
5495,331.679
5496,331.684
5497,331.690
5498,331.695
5499,331.701
5500,331.707
5501,331.713
5502,331.719
5503,331.724
5504,331.730
5505,331.736
5506,331.741
5507,331.746
5508,331.752
5509,331.757
5510,332.285
5511,332.742
5512,332.777
5513,332.810
5514,332.843
5515,332.876
5516,332.902
5517,332.915
5518,332.949
5519,332.974
5520,333.534
5521,333.564
5522,334.295
5523,334.326
5524,334.781
5525,334.816
5526,335.447
5527,335.452
5528,336.175
5529,336.180
5530,336.683
5531,336.716
5532,336.754
5533,336.784
5534,336.799
5535,336.827
5536,337.473
5537,337.478
5538,337.936
5539,337.990
5540,338.026
5541,338.727
5542,338.732
5543,339.323
5544,339.328
5545,339.917
5546,339.922
5547,340.659
5548,340.665
5549,341.244
5550,341.249
5551,341.842
5552,341.847
5553,342.633
5554,342.638
5555,343.213
5556,343.218
5557,343.682
5558,343.724
5559,343.728
5560,343.733
5561,343.737
5562,343.741
5563,343.745
5564,343.749
5565,343.753
5566,343.758
5567,343.762
5568,343.766
5569,343.771
5570,343.775
5571,343.780
5572,343.784
5573,343.789
5574,343.793
5575,343.798
5576,343.802
5577,343.807
5578,343.811
5579,343.816
5580,343.821
5581,343.826
5582,343.830
5583,343.835
5584,343.840
5585,343.845
5586,343.849
5587,344.354
5588,344.929
5589,344.965
5590,345.007
5591,345.044
5592,345.077
5593,345.102
5594,345.114
5595,345.148
5596,345.173
5597,345.728
5598,345.756
5599,346.335
5600,346.376
5601,346.951
5602,346.984
5603,347.559
5604,347.564
5605,348.184
5606,348.189
5607,348.715
5608,348.760
5609,348.807
5610,348.845
5611,348.865
5612,348.908
5613,349.537
5614,349.542
5615,349.999
5616,350.033
5617,350.058
5618,350.663
5619,350.669
5620,351.352
5621,351.356
5622,351.962
5623,351.967
5624,352.599
5625,352.606
5626,353.339
5627,353.344
5628,353.957
5629,353.962
5630,354.620
5631,354.627
5632,355.376
5633,355.382
5634,355.445
5635,355.528
5636,355.612
5637,355.717
5638,355.802
5639,355.877
5640,355.971
5641,356.054
5642,356.153
5643,356.254
5644,356.354
5645,356.454
5646,356.541
5647,356.615
5648,356.738
5649,356.850
5650,356.943
5651,357.080
5652,357.225
5653,357.356
5654,357.439
5655,357.553
5656,357.666
5657,357.785
5658,357.907
5659,357.988
5660,358.057
5661,358.127
5662,358.251
5663,358.378
5664,358.509
5665,358.644
5666,358.775
5667,358.941
5668,359.120
5669,359.293
5670,359.484
5671,359.514
5672,359.517
5673,359.567
5674,359.571
5675,359.573
5676,359.640
5677,359.650
5678,359.765
5679,359.912
5680,360.007
5681,360.059
5682,360.061
5683,360.301
5684,360.465
5685,360.470
5686,360.475
5687,360.481
5688,360.487
5689,360.494
5690,360.501
5691,360.509
5692,360.517
5693,360.525
5694,360.534
5695,360.544
5696,360.554
5697,360.564
5698,360.574
5699,360.586
5700,360.597
5701,360.609
5702,360.621
5703,360.634
5704,360.647
5705,360.660
5706,360.675
5707,360.690
5708,360.705
5709,360.721
5710,360.737
5711,360.754
5712,360.771
5713,360.789
5714,360.808
5715,360.827
5716,360.847
5717,360.868
5718,360.889
5719,360.911
5720,360.933
5721,360.955
5722,360.978
5723,361.003
5724,361.052
5725,361.059
5726,361.109
5727,361.170
5728,361.172
5729,361.175
5730,361.177
5731,361.252
5732,361.282
5733,361.367
5734,361.400
5735,362.010
5736,362.052
5737,362.056
5738,362.061
5739,362.065
5740,362.069
5741,362.074
5742,362.078
5743,362.083
5744,362.087
5745,362.092
5746,362.096
5747,362.101
5748,362.105
5749,362.110
5750,362.115
5751,362.119
5752,362.124
5753,362.129
5754,362.134
5755,362.139
5756,362.144
5757,362.149
5758,362.154
5759,362.159
5760,362.163
5761,362.168
5762,362.173
5763,362.178
5764,362.183
5765,362.682
5766,363.192
5767,363.227
5768,363.261
5769,363.295
5770,363.332
5771,363.358
5772,363.375
5773,363.424
5774,363.462
5775,364.194
5776,364.226
5777,364.714
5778,364.718
5779,364.723
5780,364.727
5781,364.731
5782,365.220
5783,365.225
5784,365.794
5785,365.799
5786,366.395
5787,366.399
5788,366.404
5789,366.889
5790,366.923
5791,367.539
5792,367.544
5793,368.355
5794,368.360
5795,368.842
5796,368.875
5797,368.910
5798,368.939
5799,368.954
5800,368.981
5801,369.456
5802,369.461
5803,369.465
5804,369.469
5805,369.473
5806,370.019
5807,370.024
5808,370.615
5809,370.619
5810,371.107
5811,371.144
5812,371.171
5813,371.774
5814,371.779
5815,372.560
5816,372.565
5817,373.200
5818,373.205
5819,373.840
5820,373.845
5821,374.645
5822,374.650
5823,375.302
5824,375.307
5825,376.024
5826,376.031
5827,376.780
5828,376.785
5829,377.316
5830,377.357
5831,377.362
5832,377.366
5833,377.371
5834,377.375
5835,377.379
5836,377.384
5837,377.388
5838,377.392
5839,377.397
5840,377.401
5841,377.406
5842,377.410
5843,377.415
5844,377.419
5845,377.424
5846,377.428
5847,377.434
5848,377.439
5849,377.444
5850,377.448
5851,377.453
5852,377.458
5853,377.463
5854,377.467
5855,377.472
5856,377.477
5857,377.482
5858,377.487
5859,378.017
5860,378.627
5861,378.674
5862,378.721
5863,378.767
5864,378.821
5865,378.849
5866,378.864
5867,378.899
5868,378.926
5869,379.542
5870,379.574
5871,380.206
5872,380.238
5873,380.874
5874,380.923
5875,381.570
5876,381.575
5877,382.253
5878,382.258
5879,382.850
5880,382.897
5881,382.946
5882,382.985
5883,383.006
5884,383.036
5885,383.663
5886,383.668
5887,384.159
5888,384.196
5889,384.227
5890,384.240
5891,385.048
5892,385.054
5893,385.702
5894,385.707
5895,386.375
5896,386.380
5897,387.167
5898,387.172
5899,387.828
5900,387.834
5901,388.563
5902,388.570
5903,389.339
5904,389.344
5905,389.857
5906,389.894
5907,389.899
5908,389.903
5909,389.908
5910,389.912
5911,389.916
5912,389.920
5913,389.925
5914,389.929
5915,389.933
5916,389.938
5917,389.942
5918,389.947
5919,389.951
5920,389.955
5921,389.960
5922,389.964
5923,389.969
5924,389.974
5925,389.979
5926,389.983
5927,389.988
5928,389.993
5929,389.998
5930,390.002
5931,390.007
5932,390.012
5933,390.016
5934,390.021
5935,390.522
5936,391.135
5937,391.177
5938,391.222
5939,391.268
5940,391.315
5941,391.343
5942,391.356
5943,391.391
5944,391.416
5945,392.022
5946,392.055
5947,392.676
5948,392.706
5949,393.333
5950,393.378
5951,393.411
5952,394.115
5953,394.120
5954,394.618
5955,394.651
5956,394.687
5957,394.715
5958,394.730
5959,394.758
5960,395.562
5961,395.567
5962,396.067
5963,396.100
5964,396.127
5965,396.140
5966,396.814
5967,396.819
5968,397.655
5969,397.660
5970,398.319
5971,398.324
5972,399.029
5973,399.035
5974,399.874
5975,399.879
5976,400.617
5977,400.622
5978,401.376
5979,401.382
5980,402.018
5981,402.061
5982,402.066
5983,402.071
5984,402.075
5985,402.080
5986,402.084
5987,402.089
5988,402.093
5989,402.098
5990,402.102
5991,402.107
5992,402.112
5993,402.117
5994,402.121
5995,402.126
5996,402.131
5997,402.135
5998,402.140
5999,402.145
6000,402.150
6001,402.155
6002,402.160
6003,402.164
6004,402.169
6005,402.174
6006,402.179
6007,402.184
6008,402.189
6009,402.194
6010,402.733
6011,403.293
6012,403.331
6013,403.369
6014,403.405
6015,403.452
6016,403.491
6017,403.510
6018,403.558
6019,403.596
6020,404.349
6021,404.380
6022,405.017
6023,405.051
6024,405.597
6025,405.645
6026,406.435
6027,406.440
6028,407.137
6029,407.142
6030,407.662
6031,407.708
6032,407.766
6033,407.821
6034,407.849
6035,407.904
6036,408.623
6037,408.628
6038,409.138
6039,409.174
6040,409.203
6041,409.216
6042,409.969
6043,409.975
6044,410.722
6045,410.727
6046,411.398
6047,411.403
6048,412.190
6049,412.196
6050,412.930
6051,412.935
6052,413.672
6053,413.677
6054,414.484
6055,414.489
6056,415.032
6057,415.073
6058,415.078
6059,415.083
6060,415.087
6061,415.091
6062,415.095
6063,415.100
6064,415.104
6065,415.108
6066,415.113
6067,415.117
6068,415.122
6069,415.127
6070,415.131
6071,415.136
6072,415.140
6073,415.145
6074,415.149
6075,415.154
6076,415.159
6077,415.164
6078,415.169
6079,415.173
6080,415.178
6081,415.183
6082,415.188
6083,415.193
6084,415.198
6085,415.202
6086,415.739
6087,416.384
6088,416.429
6089,416.475
6090,416.520
6091,416.567
6092,416.605
6093,416.623
6094,416.673
6095,416.714
6096,417.375
6097,417.409
6098,418.073
6099,418.107
6100,418.753
6101,418.799
6102,418.806
6103,418.824
6104,419.595
6105,419.600
6106,420.137
6107,420.142
6108,420.155
6109,420.194
6110,420.223
6111,420.238
6112,420.267
6113,421.094
6114,421.099
6115,421.641
6116,421.679
6117,421.707
6118,421.720
6119,422.429
6120,422.434
6121,423.277
6122,423.283
6123,424.001
6124,424.006
6125,424.744
6126,424.751
6127,425.597
6128,425.602
6129,426.379
6130,426.385
6131,427.206
6132,427.213
6133,427.890
6134,427.935
6135,427.939
6136,427.944
6137,427.949
6138,427.953
6139,427.958
6140,427.962
6141,427.967
6142,427.971
6143,427.976
6144,427.981
6145,427.986
6146,427.991
6147,427.995
6148,428.000
6149,428.005
6150,428.010
6151,428.015
6152,428.020
6153,428.025
6154,428.030
6155,428.035
6156,428.040
6157,428.045
6158,428.050
6159,428.055
6160,428.060
6161,428.065
6162,428.070
6163,428.638
6164,429.205
6165,429.256
6166,429.305
6167,429.354
6168,429.406
6169,429.446
6170,429.464
6171,429.511
6172,429.546
6173,430.281
6174,430.316
6175,431.003
6176,431.037
6177,431.657
6178,431.700
6179,431.747
6180,432.577
6181,432.583
6182,433.136
6183,433.169
6184,433.205
6185,433.234
6186,433.249
6187,433.276
6188,434.130
6189,434.135
6190,434.674
6191,434.709
6192,434.737
6193,434.750
6194,435.469
6195,435.474
6196,436.336
6197,436.342
6198,437.045
6199,437.050
6200,437.802
6201,437.809
6202,438.671
6203,438.676
6204,439.442
6205,439.448
6206,440.252
6207,440.258
6208,440.899
6209,440.946
6210,440.951
6211,440.956
6212,440.961
6213,440.965
6214,440.970
6215,440.975
6216,440.980
6217,440.984
6218,440.989
6219,440.994
6220,440.999
6221,441.004
6222,441.009
6223,441.014
6224,441.019
6225,441.024
6226,441.029
6227,441.034
6228,441.039
6229,441.045
6230,441.050
6231,441.055
6232,441.060
6233,441.065
6234,441.070
6235,441.076
6236,441.081
6237,441.086
6238,441.657
6239,442.234
6240,442.286
6241,442.334
6242,442.384
6243,442.434
6244,442.473
6245,442.489
6246,442.537
6247,442.572
6248,443.296
6249,443.332
6250,444.038
6251,444.073
6252,444.729
6253,444.780
6254,444.830
6255,445.653
6256,445.659
6257,446.343
6258,446.348
6259,447.181
6260,447.186
6261,447.744
6262,447.788
6263,447.808
6264,447.853
6265,448.590
6266,448.597
6267,449.294
6268,449.332
6269,449.362
6270,449.377
6271,450.106
6272,450.111
6273,450.875
6274,450.881
6275,451.721
6276,451.726
6277,452.474
6278,452.479
6279,453.344
6280,453.351
6281,454.182
6282,454.188
6283,454.890
6284,454.896
6285,455.624
6286,455.667
6287,455.672
6288,455.677
6289,455.681
6290,455.686
6291,455.690
6292,455.694
6293,455.699
6294,455.703
6295,455.708
6296,455.712
6297,455.716
6298,455.721
6299,455.725
6300,455.730
6301,455.734
6302,455.739
6303,455.743
6304,455.748
6305,455.753
6306,455.757
6307,455.762
6308,455.766
6309,455.771
6310,455.776
6311,455.780
6312,455.785
6313,455.790
6314,455.795
6315,456.356
6316,456.933
6317,456.971
6318,457.008
6319,457.043
6320,457.080
6321,457.108
6322,457.121
6323,457.157
6324,457.184
6325,458.027
6326,458.059
6327,458.750
6328,458.782
6329,459.341
6330,459.375
6331,459.412
6332,460.347
6333,460.352
6334,460.911
6335,460.945
6336,460.982
6337,461.011
6338,461.031
6339,461.075
6340,461.917
6341,461.923
6342,462.529
6343,462.568
6344,462.594
6345,463.273
6346,463.279
6347,464.152
6348,464.159
6349,464.964
6350,464.969
6351,465.727
6352,465.733
6353,466.654
6354,466.659
6355,467.446
6356,467.451
6357,468.351
6358,468.357
6359,469.139
6360,469.144
6361,469.723
6362,469.764
6363,469.770
6364,469.775
6365,469.779
6366,469.784
6367,469.789
6368,469.794
6369,469.798
6370,469.802
6371,469.807
6372,469.812
6373,469.816
6374,469.821
6375,469.825
6376,469.830
6377,469.834
6378,469.839
6379,469.845
6380,469.849
6381,469.855
6382,469.860
6383,469.865
6384,469.870
6385,469.875
6386,469.879
6387,469.884
6388,469.889
6389,469.894
6390,469.899
6391,470.553
6392,471.221
6393,471.258
6394,471.293
6395,471.328
6396,471.363
6397,471.392
6398,471.407
6399,471.446
6400,471.473
6401,472.176
6402,472.208
6403,473.071
6404,473.108
6405,473.675
6406,473.710
6407,473.744
6408,474.544
6409,474.551
6410,475.268
6411,475.305
6412,475.343
6413,475.372
6414,475.386
6415,475.413
6416,476.151
6417,476.156
6418,476.732
6419,476.787
6420,476.828
6421,476.847
6422,477.743
6423,477.748
6424,478.479
6425,478.484
6426,479.363
6427,479.370
6428,480.109
6429,480.114
6430,480.870
6431,480.875
6432,481.838
6433,481.844
6434,482.606
6435,482.611
6436,483.284
6437,483.346
6438,483.352
6439,483.358
6440,483.363
6441,483.369
6442,483.375
6443,483.381
6444,483.386
6445,483.392
6446,483.399
6447,483.405
6448,483.411
6449,483.416
6450,483.422
6451,483.427
6452,483.432
6453,483.438
6454,483.443
6455,483.449
6456,483.455
6457,483.461
6458,483.467
6459,483.473
6460,483.479
6461,483.485
6462,483.491
6463,483.497
6464,483.503
6465,483.509
6466,484.191
6467,484.796
6468,484.833
6469,484.869
6470,484.903
6471,484.938
6472,484.967
6473,484.980
6474,485.018
6475,485.047
6476,485.904
6477,485.950
6478,486.753
6479,486.787
6480,487.561
6481,487.566
6482,487.572
6483,488.328
6484,488.380
6485,489.223
6486,489.228
6487,489.830
6488,489.866
6489,489.903
6490,489.934
6491,489.955
6492,489.995
6493,490.021
6494,490.076
6495,490.094
6496,490.147
6497,490.184
6498,490.200
6499,491.080
6500,491.085
6501,491.890
6502,491.895
6503,492.831
6504,492.837
6505,493.595
6506,493.600
6507,494.459
6508,494.465
6509,495.380
6510,495.385
6511,496.129
6512,496.135
6513,496.882
6514,496.940
6515,496.947
6516,496.953
6517,496.958
6518,496.962
6519,496.967
6520,496.972
6521,496.976
6522,496.981
6523,496.986
6524,496.991
6525,496.995
6526,497.000
6527,497.005
6528,497.012
6529,497.017
6530,497.022
6531,497.027
6532,497.032
6533,497.037
6534,497.042
6535,497.047
6536,497.052
6537,497.057
6538,497.062
6539,497.067
6540,497.072
6541,497.076
6542,497.081
6543,497.685
6544,498.291
6545,498.327
6546,498.362
6547,498.396
6548,498.430
6549,498.459
6550,498.472
6551,498.506
6552,498.532
6553,499.406
6554,499.439
6555,500.156
6556,500.189
6557,500.819
6558,500.865
6559,500.910
6560,501.836
6561,501.842
6562,502.425
6563,502.460
6564,502.497
6565,502.527
6566,502.542
6567,502.571
6568,503.505
6569,503.511
6570,504.137
6571,504.177
6572,504.207
6573,504.219
6574,505.081
6575,505.087
6576,506.038
6577,506.043
6578,506.845
6579,506.851
6580,507.785
6581,507.791
6582,508.670
6583,508.675
6584,509.580
6585,509.587
6586,510.459
6587,510.464
6588,511.078
6589,511.117
6590,511.122
6591,511.126
6592,511.130
6593,511.135
6594,511.139
6595,511.143
6596,511.147
6597,511.152
6598,511.156
6599,511.160
6600,511.165
6601,511.169
6602,511.174
6603,511.178
6604,511.183
6605,511.187
6606,511.192
6607,511.197
6608,511.202
6609,511.206
6610,511.211
6611,511.216
6612,511.221
6613,511.225
6614,511.230
6615,511.235
6616,511.240
6617,511.245
6618,511.904
6619,512.617
6620,512.652
6621,512.686
6622,512.722
6623,512.756
6624,512.784
6625,512.796
6626,512.831
6627,512.858
6628,513.575
6629,513.608
6630,514.485
6631,514.518
6632,515.122
6633,515.157
6634,515.190
6635,516.047
6636,516.054
6637,516.799
6638,516.834
6639,516.872
6640,516.901
6641,516.915
6642,516.944
6643,517.720
6644,517.725
6645,518.387
6646,518.437
6647,518.473
6648,518.488
6649,519.365
6650,519.370
6651,520.154
6652,520.159
6653,521.106
6654,521.111
6655,521.888
6656,521.893
6657,522.789
6658,522.795
6659,523.724
6660,523.729
6661,524.498
6662,524.503
6663,525.289
6664,525.330
6665,525.335
6666,525.340
6667,525.344
6668,525.348
6669,525.353
6670,525.357
6671,525.361
6672,525.366
6673,525.371
6674,525.375
6675,525.379
6676,525.384
6677,525.389
6678,525.393
6679,525.398
6680,525.402
6681,525.407
6682,525.412
6683,525.417
6684,525.421
6685,525.426
6686,525.431
6687,525.437
6688,525.442
6689,525.446
6690,525.451
6691,525.456
6692,525.461
6693,526.082
6694,526.713
6695,526.748
6696,526.784
6697,526.818
6698,526.852
6699,526.879
6700,526.891
6701,526.929
6702,526.970
6703,527.870
6704,527.901
6705,528.667
6706,528.697
6707,529.373
6708,529.417
6709,529.459
6710,530.387
6711,530.392
6712,531.008
6713,531.048
6714,531.087
6715,531.116
6716,531.131
6717,531.160
6718,532.148
6719,532.154
6720,532.792
6721,532.828
6722,532.856
6723,532.869
6724,533.750
6725,533.756
6726,534.651
6727,534.656
6728,535.463
6729,535.469
6730,536.435
6731,536.440
6732,537.247
6733,537.252
6734,538.248
6735,538.254
6736,539.056
6737,539.061
6738,539.692
6739,539.734
6740,539.739
6741,539.743
6742,539.748
6743,539.752
6744,539.756
6745,539.760
6746,539.764
6747,539.768
6748,539.773
6749,539.777
6750,539.782
6751,539.788
6752,539.792
6753,539.796
6754,539.801
6755,539.805
6756,539.810
6757,539.815
6758,539.819
6759,539.824
6760,539.829
6761,539.834
6762,539.838
6763,539.843
6764,539.848
6765,539.853
6766,539.858
6767,539.863
6768,540.640
6769,541.281
6770,541.314
6771,541.347
6772,541.380
6773,541.413
6774,541.439
6775,541.452
6776,541.488
6777,541.516
6778,542.313
6779,542.357
6780,543.295
6781,543.328
6782,543.961
6783,543.997
6784,544.032
6785,545.098
6786,545.104
6787,545.741
6788,545.777
6789,545.813
6790,545.841
6791,545.856
6792,545.886
6793,546.767
6794,546.773
6795,547.518
6796,547.553
6797,547.581
6798,547.593
6799,548.427
6800,548.433
6801,549.407
6802,549.413
6803,550.249
6804,550.254
6805,551.077
6806,551.084
6807,552.051
6808,552.057
6809,552.946
6810,552.951
6811,553.895
6812,553.900
6813,554.564
6814,554.608
6815,554.612
6816,554.617
6817,554.622
6818,554.627
6819,554.632
6820,554.637
6821,554.641
6822,554.646
6823,554.651
6824,554.656
6825,554.660
6826,554.665
6827,554.670
6828,554.675
6829,554.679
6830,554.684
6831,554.690
6832,554.695
6833,554.700
6834,554.705
6835,554.710
6836,554.714
6837,554.719
6838,554.724
6839,554.729
6840,554.734
6841,554.739
6842,554.744
6843,555.412
6844,556.253
6845,556.290
6846,556.325
6847,556.359
6848,556.400
6849,556.445
6850,556.460
6851,556.498
6852,556.529
6853,557.321
6854,557.356
6855,558.308
6856,558.343
6857,558.995
6858,559.031
6859,559.066
6860,559.989
6861,559.995
6862,560.764
6863,560.797
6864,560.833
6865,560.866
6866,560.881
6867,560.912
6868,561.764
6869,561.769
6870,562.543
6871,562.600
6872,562.663
6873,562.683
6874,563.597
6875,563.602
6876,564.561
6877,564.568
6878,565.551
6879,565.556
6880,566.407
6881,566.413
6882,567.451
6883,567.456
6884,568.399
6885,568.405
6886,569.384
6887,569.391
6888,570.064
6889,570.104
6890,570.109
6891,570.113
6892,570.117
6893,570.121
6894,570.126
6895,570.130
6896,570.134
6897,570.139
6898,570.143
6899,570.148
6900,570.153
6901,570.157
6902,570.162
6903,570.166
6904,570.171
6905,570.175
6906,570.180
6907,570.185
6908,570.190
6909,570.194
6910,570.199
6911,570.204
6912,570.209
6913,570.214
6914,570.219
6915,570.224
6916,570.228
6917,570.233
6918,570.887
6919,571.667
6920,571.716
6921,571.762
6922,571.795
6923,571.829
6924,571.857
6925,571.870
6926,571.905
6927,571.933
6928,572.709
6929,572.741
6930,573.616
6931,573.658
6932,574.345
6933,574.379
6934,574.412
6935,575.290
6936,575.296
6937,576.099
6938,576.137
6939,576.173
6940,576.202
6941,576.217
6942,576.247
6943,577.086
6944,577.091
6945,577.800
6946,577.846
6947,577.881
6948,577.898
6949,578.804
6950,578.809
6951,579.637
6952,579.643
6953,580.605
6954,580.610
6955,581.418
6956,581.423
6957,582.425
6958,582.430
6959,583.335
6960,583.340
6961,584.274
6962,584.281
6963,584.981
6964,585.019
6965,585.024
6966,585.029
6967,585.034
6968,585.038
6969,585.042
6970,585.047
6971,585.051
6972,585.055
6973,585.060
6974,585.064
6975,585.069
6976,585.073
6977,585.078
6978,585.082
6979,585.087
6980,585.091
6981,585.096
6982,585.100
6983,585.105
6984,585.110
6985,585.115
6986,585.120
6987,585.124
6988,585.129
6989,585.134
6990,585.138
6991,585.143
6992,585.148
6993,585.804
6994,586.583
6995,586.626
6996,586.672
6997,586.716
6998,586.751
6999,586.778
7000,586.791
7001,586.824
7002,586.852
7003,587.661
7004,587.696
7005,588.616
7006,588.663
7007,589.412
7008,589.448
7009,589.481
7010,590.433
7011,590.439
7012,591.292
7013,591.329
7014,591.366
7015,591.399
7016,591.414
7017,591.444
7018,592.331
7019,592.337
7020,593.112
7021,593.162
7022,593.200
7023,593.219
7024,594.180
7025,594.185
7026,595.098
7027,595.105
7028,596.112
7029,596.117
7030,596.972
7031,596.977
7032,598.046
7033,598.051
7034,599.009
7035,599.015
7036,600.045
7037,600.052
7038,600.754
7039,600.795
7040,600.800
7041,600.804
7042,600.809
7043,600.813
7044,600.818
7045,600.822
7046,600.826
7047,600.831
7048,600.836
7049,600.841
7050,600.845
7051,600.850
7052,600.855
7053,600.861
7054,600.865
7055,600.870
7056,600.875
7057,600.880
7058,600.885
7059,600.890
7060,600.895
7061,600.900
7062,600.905
7063,600.910
7064,600.916
7065,600.921
7066,600.926
7067,600.931
7068,601.615
7069,601.643
7070,602.466
7071,602.472
7072,603.144
7073,603.149
7074,603.153
7075,603.167
7076,603.203
7077,603.241
7078,603.277
7079,603.315
7080,603.345
7081,603.359
7082,603.398
7083,603.426
7084,604.304
7085,604.347
7086,605.279
7087,605.313
7088,606.017
7089,606.054
7090,606.089
7091,607.212
7092,607.218
7093,607.910
7094,607.946
7095,607.983
7096,608.016
7097,608.033
7098,608.069
7099,609.148
7100,609.155
7101,609.877
7102,610.673
7103,610.682
7104,610.688
7105,611.543
7106,612.493
7107,612.498
7108,613.490
7109,613.497
7110,614.473
7111,614.478
7112,615.363
7113,615.368
7114,616.413
7115,616.418
7116,617.394
7117,617.399
7118,618.427
7119,618.432
7120,619.138
7121,619.177
7122,619.182
7123,619.186
7124,619.190
7125,619.195
7126,619.199
7127,619.204
7128,619.208
7129,619.213
7130,619.217
7131,619.222
7132,619.227
7133,619.231
7134,619.236
7135,619.240
7136,619.245
7137,619.249
7138,619.254
7139,619.259
7140,619.263
7141,619.269
7142,619.274
7143,619.278
7144,619.283
7145,619.288
7146,619.293
7147,619.298
7148,619.302
7149,619.307
7150,620.048
7151,620.896
7152,620.932
7153,620.967
7154,621.003
7155,621.040
7156,621.067
7157,621.082
7158,621.117
7159,621.145
7160,621.967
7161,622.002
7162,623.002
7163,623.036
7164,623.727
7165,623.762
7166,623.796
7167,624.872
7168,624.879
7169,625.588
7170,625.622
7171,625.658
7172,625.687
7173,625.701
7174,625.729
7175,626.645
7176,626.652
7177,627.459
7178,628.223
7179,628.231
7180,628.237
7181,628.948
7182,629.967
7183,629.972
7184,630.835
7185,630.840
7186,631.863
7187,631.867
7188,632.735
7189,632.741
7190,633.798
7191,633.803
7192,634.758
7193,634.763
7194,635.761
7195,635.768
7196,636.570
7197,636.615
7198,636.620
7199,636.625
7200,636.629
7201,636.634
7202,636.638
7203,636.643
7204,636.647
7205,636.652
7206,636.656
7207,636.661
7208,636.666
7209,636.670
7210,636.675
7211,636.679
7212,636.684
7213,636.688
7214,636.693
7215,636.698
7216,636.703
7217,636.708
7218,636.713
7219,636.718
7220,636.723
7221,636.728
7222,636.733
7223,636.738
7224,636.743
7225,636.748
7226,637.477
7227,638.341
7228,638.393
7229,638.430
7230,639.320
7231,639.325
7232,640.034
7233,640.095
7234,640.116
7235,640.169
7236,640.207
7237,641.141
7238,641.172
7239,642.024
7240,642.057
7241,642.928
7242,642.961
7243,642.996
7244,643.994
7245,643.999
7246,644.797
7247,644.844
7248,644.891
7249,644.932
7250,644.950
7251,644.994
7252,645.934
7253,645.940
7254,646.650
7255,646.710
7256,646.774
7257,646.792
7258,647.848
7259,647.853
7260,648.761
7261,648.766
7262,649.850
7263,649.855
7264,650.766
7265,650.771
7266,651.877
7267,651.882
7268,652.877
7269,652.882
7270,653.941
7271,653.946
7272,654.707
7273,654.748
7274,654.753
7275,654.758
7276,654.763
7277,654.768
7278,654.772
7279,654.777
7280,654.782
7281,654.786
7282,654.792
7283,654.796
7284,654.801
7285,654.806
7286,654.810
7287,654.815
7288,654.820
7289,654.825
7290,654.829
7291,654.834
7292,654.839
7293,654.844
7294,654.849
7295,654.854
7296,654.859
7297,654.864
7298,654.868
7299,654.873
7300,654.878
7301,654.883
7302,655.607
7303,656.503
7304,656.540
7305,656.577
7306,656.611
7307,656.645
7308,656.674
7309,656.688
7310,656.723
7311,656.753
7312,657.607
7313,657.639
7314,658.666
7315,658.697
7316,659.392
7317,659.426
7318,659.459
7319,660.506
7320,660.512
7321,661.285
7322,661.320
7323,661.356
7324,661.386
7325,661.401
7326,661.431
7327,662.344
7328,662.349
7329,663.208
7330,663.247
7331,663.275
7332,663.287
7333,664.197
7334,664.203
7335,665.245
7336,665.250
7337,666.146
7338,666.151
7339,667.162
7340,667.168
7341,668.205
7342,668.210
7343,669.342
7344,669.349
7345,670.374
7346,670.379
7347,671.124
7348,671.166
7349,671.172
7350,671.177
7351,671.182
7352,671.187
7353,671.191
7354,671.196
7355,671.200
7356,671.205
7357,671.210
7358,671.214
7359,671.219
7360,671.224
7361,671.228
7362,671.233
7363,671.237
7364,671.242
7365,671.247
7366,671.252
7367,671.257
7368,671.262
7369,671.267
7370,671.272
7371,671.277
7372,671.282
7373,671.287
7374,671.292
7375,671.297
7376,671.302
7377,672.199
7378,672.953
7379,672.988
7380,673.024
7381,673.060
7382,673.104
7383,673.150
7384,673.165
7385,673.201
7386,673.228
7387,674.213
7388,674.255
7389,675.200
7390,675.231
7391,675.969
7392,676.006
7393,676.043
7394,677.193
7395,677.198
7396,677.921
7397,677.956
7398,677.992
7399,678.022
7400,678.036
7401,678.067
7402,679.145
7403,679.150
7404,679.879
7405,679.921
7406,679.966
7407,679.980
7408,681.091
7409,681.098
7410,682.082
7411,682.087
7412,683.098
7413,683.104
7414,684.097
7415,684.102
7416,685.114
7417,685.121
7418,686.250
7419,686.255
7420,687.188
7421,687.195
7422,688.056
7423,688.099
7424,688.104
7425,688.109
7426,688.113
7427,688.117
7428,688.122
7429,688.126
7430,688.131
7431,688.135
7432,688.140
7433,688.144
7434,688.149
7435,688.154
7436,688.158
7437,688.163
7438,688.168
7439,688.172
7440,688.177
7441,688.182
7442,688.187
7443,688.192
7444,688.197
7445,688.202
7446,688.207
7447,688.212
7448,688.217
7449,688.222
7450,688.227
7451,688.232
7452,688.958
7453,689.788
7454,689.836
7455,689.885
7456,689.934
7457,689.980
7458,690.022
7459,690.042
7460,690.086
7461,690.117
7462,691.016
7463,691.051
7464,692.041
7465,692.087
7466,692.831
7467,692.867
7468,692.904
7469,693.943
7470,693.950
7471,694.760
7472,694.797
7473,694.832
7474,694.863
7475,694.876
7476,694.906
7477,695.838
7478,695.844
7479,696.746
7480,697.585
7481,697.592
7482,697.598
7483,698.366
7484,699.469
7485,699.475
7486,700.406
7487,700.412
7488,701.511
7489,701.517
7490,702.465
7491,702.471
7492,703.627
7493,703.632
7494,704.687
7495,704.693
7496,705.781
7497,705.786
7498,706.566
7499,706.611
7500,706.616
7501,706.621
7502,706.626
7503,706.631
7504,706.635
7505,706.640
7506,706.645
7507,706.650
7508,706.655
7509,706.660
7510,706.665
7511,706.670
7512,706.675
7513,706.680
7514,706.685
7515,706.690
7516,706.695
7517,706.700
7518,706.705
7519,706.710
7520,706.715
7521,706.720
7522,706.725
7523,706.731
7524,706.736
7525,706.741
7526,706.746
7527,706.751
7528,707.584
7529,708.463
7530,708.504
7531,708.541
7532,708.581
7533,708.620
7534,708.651
7535,708.666
7536,708.705
7537,708.736
7538,709.665
7539,709.715
7540,710.816
7541,710.852
7542,711.611
7543,711.651
7544,711.692
7545,712.881
7546,712.887
7547,713.630
7548,713.667
7549,713.703
7550,713.734
7551,713.750
7552,713.783
7553,714.899
7554,714.905
7555,715.646
7556,715.692
7557,715.735
7558,715.749
7559,716.835
7560,716.841
7561,717.816
7562,717.822
7563,718.858
7564,718.864
7565,719.878
7566,719.884
7567,720.915
7568,720.922
7569,722.049
7570,722.055
7571,723.050
7572,723.057
7573,723.923
7574,723.966
7575,723.970
7576,723.975
7577,723.979
7578,723.984
7579,723.988
7580,723.992
7581,723.997
7582,724.001
7583,724.006
7584,724.010
7585,724.015
7586,724.019
7587,724.024
7588,724.028
7589,724.033
7590,724.038
7591,724.042
7592,724.047
7593,724.052
7594,724.056
7595,724.062
7596,724.067
7597,724.072
7598,724.077
7599,724.082
7600,724.087
7601,724.092
7602,724.097
7603,724.862
7604,725.752
7605,725.799
7606,725.850
7607,725.889
7608,725.932
7609,725.978
7610,725.994
7611,726.054
7612,726.085
7613,726.992
7614,727.027
7615,728.110
7616,728.146
7617,728.898
7618,728.933
7619,728.968
7620,730.123
7621,730.129
7622,730.932
7623,730.968
7624,731.005
7625,731.034
7626,731.049
7627,731.081
7628,732.119
7629,732.125
7630,732.959
7631,733.001
7632,733.042
7633,733.055
7634,734.025
7635,734.030
7636,735.132
7637,735.138
7638,736.119
7639,736.124
7640,737.242
7641,737.247
7642,738.234
7643,738.239
7644,739.462
7645,739.467
7646,740.404
7647,740.409
7648,741.398
7649,741.441
7650,741.446
7651,741.450
7652,741.454
7653,741.459
7654,741.463
7655,741.468
7656,741.472
7657,741.477
7658,741.481
7659,741.485
7660,741.490
7661,741.495
7662,741.500
7663,741.504
7664,741.509
7665,741.514
7666,741.518
7667,741.523
7668,741.528
7669,741.533
7670,741.538
7671,741.543
7672,741.547
7673,741.552
7674,741.557
7675,741.562
7676,741.567
7677,741.572
7678,742.409
7679,743.363
7680,743.414
7681,743.464
7682,743.515
7683,743.567
7684,743.605
7685,743.625
7686,743.680
7687,743.714
7688,744.717
7689,744.750
7690,745.957
7691,745.991
7692,746.843
7693,746.880
7694,746.919
7695,748.238
7696,748.244
7697,749.100
7698,749.136
7699,749.175
7700,749.207
7701,749.221
7702,749.251
7703,750.458
7704,750.464
7705,751.475
7706,751.480
7707,752.623
7708,752.658
7709,753.477
7710,754.663
7711,754.669
7712,755.733
7713,755.738
7714,756.955
7715,756.960
7716,758.022
7717,758.028
7718,759.296
7719,759.302
7720,760.355
7721,760.361
7722,761.551
7723,761.556
7724,762.405
7725,762.447
7726,762.451
7727,762.456
7728,762.460
7729,762.465
7730,762.469
7731,762.474
7732,762.478
7733,762.482
7734,762.487
7735,762.491
7736,762.496
7737,762.500
7738,762.505
7739,762.509
7740,762.514
7741,762.518
7742,762.523
7743,762.527
7744,762.532
7745,762.537
7746,762.542
7747,762.547
7748,762.552
7749,762.556
7750,762.561
7751,762.566
7752,762.571
7753,762.576
7754,763.407
7755,764.305
7756,764.341
7757,764.376
7758,764.411
7759,764.447
7760,764.477
7761,764.491
7762,764.530
7763,764.559
7764,765.474
7765,765.517
7766,766.610
7767,766.645
7768,767.412
7769,767.450
7770,767.487
7771,768.689
7772,768.695
7773,769.457
7774,769.491
7775,769.526
7776,769.556
7777,769.571
7778,769.601
7779,770.741
7780,770.747
7781,771.696
7782,771.701
7783,772.586
7784,772.647
7785,772.665
7786,773.672
7787,773.678
7788,774.776
7789,774.782
7790,775.835
7791,775.841
7792,776.990
7793,776.997
7794,778.071
7795,778.077
7796,779.333
7797,779.339
7798,780.380
7799,780.386
7800,781.294
7801,781.352
7802,781.359
7803,781.365
7804,781.370
7805,781.376
7806,781.382
7807,781.387
7808,781.393
7809,781.399
7810,781.405
7811,781.411
7812,781.417
7813,781.423
7814,781.429
7815,781.435
7816,781.441
7817,781.446
7818,781.452
7819,781.458
7820,781.464
7821,781.470
7822,781.477
7823,781.483
7824,781.490
7825,781.496
7826,781.503
7827,781.509
7828,781.516
7829,781.523
7830,782.429
7831,783.256
7832,783.292
7833,783.330
7834,783.367
7835,783.404
7836,783.431
7837,783.446
7838,783.481
7839,783.508
7840,784.674
7841,784.708
7842,785.793
7843,785.835
7844,786.903
7845,786.944
7846,786.986
7847,788.174
7848,788.180
7849,789.214
7850,789.273
7851,789.317
7852,789.351
7853,789.369
7854,789.402
7855,790.523
7856,790.529
7857,791.495
7858,791.546
7859,791.589
7860,791.607
7861,792.727
7862,792.733
7863,793.933
7864,793.940
7865,795.007
7866,795.012
7867,796.191
7868,796.198
7869,797.274
7870,797.280
7871,798.576
7872,798.582
7873,799.580
7874,799.586
7875,800.528
7876,800.582
7877,800.589
7878,800.594
7879,800.600
7880,800.606
7881,800.611
7882,800.617
7883,800.623
7884,800.629
7885,800.634
7886,800.640
7887,800.646
7888,800.652
7889,800.658
7890,800.664
7891,800.670
7892,800.676
7893,800.682
7894,800.688
7895,800.695
7896,800.701
7897,800.707
7898,800.714
7899,800.720
7900,800.726
7901,800.732
7902,800.738
7903,800.745
7904,800.751
7905,801.608
7906,802.448
7907,802.485
7908,802.520
7909,802.555
7910,802.589
7911,802.624
7912,802.646
7913,802.696
7914,802.733
7915,802.760
7916,802.821
7917,803.897
7918,803.932
7919,804.761
7920,804.799
7921,804.842
7922,806.188
7923,806.194
7924,807.041
7925,807.081
7926,807.120
7927,807.151
7928,807.167
7929,807.199
7930,808.451
7931,808.457
7932,809.282
7933,809.322
7934,809.353
7935,809.367
7936,810.658
7937,810.664
7938,811.754
7939,811.760
7940,813.040
7941,813.046
7942,814.149
7943,814.155
7944,815.473
7945,815.478
7946,816.738
7947,816.744
7948,817.935
7949,817.940
7950,818.799
7951,818.843
7952,818.848
7953,818.853
7954,818.857
7955,818.861
7956,818.866
7957,818.871
7958,818.875
7959,818.880
7960,818.884
7961,818.889
7962,818.894
7963,818.899
7964,818.904
7965,818.909
7966,818.913
7967,818.918
7968,818.923
7969,818.928
7970,818.934
7971,818.939
7972,818.944
7973,818.950
7974,818.955
7975,818.960
7976,818.965
7977,818.970
7978,818.976
7979,818.981
7980,820.018
7981,820.873
7982,820.912
7983,820.948
7984,820.985
7985,821.024
7986,821.055
7987,821.071
7988,822.282
7989,822.316
7990,823.329
7991,823.363
7992,824.568
7993,824.606
7994,825.453
7995,825.491
7996,825.527
7997,826.862
7998,826.869
7999,827.728
8000,827.765
8001,827.804
8002,827.836
8003,827.851
8004,827.882
8005,829.091
8006,829.097
8007,829.989
8008,830.028
8009,830.059
8010,830.073
8011,831.219
8012,831.226
8013,832.409
8014,832.414
8015,833.559
8016,833.565
8017,834.743
8018,834.749
8019,835.959
8020,835.966
8021,837.264
8022,837.269
8023,838.469
8024,838.476
8025,839.500
8026,839.550
8027,839.555
8028,839.560
8029,839.565
8030,839.569
8031,839.574
8032,839.579
8033,839.583
8034,839.588
8035,839.593
8036,839.598
8037,839.603
8038,839.608
8039,839.613
8040,839.618
8041,839.639
8042,839.639
8043,839.639
8044,839.639
8045,839.645
8046,839.650
8047,839.655
8048,839.660
8049,839.665
8050,839.670
8051,839.676
8052,839.681
8053,839.686
8054,839.691
8055,840.672
8056,841.732
8057,841.789
8058,841.824
8059,841.859
8060,841.894
8061,841.922
8062,841.937
8063,841.973
8064,842.003
8065,843.140
8066,843.182
8067,844.268
8068,844.301
8069,845.259
8070,845.308
8071,845.360
8072,846.598
8073,846.603
8074,847.617
8075,847.670
8076,847.711
8077,847.743
8078,847.758
8079,847.791
8080,848.907
8081,848.913
8082,849.988
8083,850.030
8084,850.064
8085,850.078
8086,851.225
8087,851.230
8088,852.545
8089,852.550
8090,853.743
8091,853.750
8092,854.996
8093,855.001
8094,856.347
8095,856.354
8096,857.570
8097,857.576
8098,858.885
8099,858.891
8100,859.844
8101,859.890
8102,859.895
8103,859.899
8104,859.904
8105,859.908
8106,859.912
8107,859.917
8108,859.922
8109,859.926
8110,859.931
8111,859.935
8112,859.940
8113,859.944
8114,859.949
8115,859.954
8116,859.959
8117,859.964
8118,859.969
8119,859.974
8120,859.979
8121,859.985
8122,859.990
8123,859.995
8124,860.000
8125,860.005
8126,860.010
8127,860.016
8128,860.021
8129,860.026
8130,861.132
8131,862.067
8132,862.106
8133,862.141
8134,862.177
8135,862.212
8136,862.241
8137,862.255
8138,862.292
8139,862.321
8140,863.533
8141,863.538
8142,863.543
8143,864.831
8144,864.838
8145,866.034
8146,866.067
8147,866.948
8148,866.997
8149,867.054
8150,868.387
8151,868.393
8152,869.343
8153,869.396
8154,869.442
8155,869.482
8156,869.501
8157,869.543
8158,870.720
8159,870.725
8160,871.736
8161,871.786
8162,871.825
8163,871.847
8164,873.018
8165,873.023
8166,874.357
8167,874.362
8168,875.511
8169,875.517
8170,876.909
8171,876.914
8172,878.222
8173,878.229
8174,879.498
8175,879.504
8176,880.769
8177,880.774
8178,881.634
8179,881.678
8180,881.683
8181,881.688
8182,881.693
8183,881.697
8184,881.701
8185,881.706
8186,881.711
8187,881.715
8188,881.720
8189,881.727
8190,881.730
8191,881.734
8192,881.739
8193,881.744
8194,881.748
8195,881.753
8196,881.758
8197,881.763
8198,881.768
8199,881.773
8200,881.778
8201,881.783
8202,881.788
8203,881.794
8204,881.799
8205,881.804
8206,881.809
8207,881.814
8208,882.762
8209,883.722
8210,883.759
8211,883.793
8212,883.828
8213,883.865
8214,883.895
8215,883.910
8216,884.960
8217,885.005
8218,885.940
8219,885.985
8220,886.995
8221,887.029
8222,888.016
8223,888.051
8224,888.085
8225,889.238
8226,889.244
8227,890.297
8228,890.332
8229,890.367
8230,890.397
8231,890.411
8232,890.441
8233,891.544
8234,891.550
8235,892.592
8236,892.633
8237,892.664
8238,892.679
8239,893.890
8240,893.896
8241,895.287
8242,895.293
8243,896.434
8244,896.440
8245,897.650
8246,897.656
8247,898.741
8248,898.747
8249,899.750
8250,899.795
8251,900.864
8252,900.870
8253,901.907
8254,901.948
8255,901.953
8256,901.958
8257,901.962
8258,901.967
8259,901.972
8260,901.976
8261,901.981
8262,901.985
8263,901.990
8264,901.995
8265,901.999
8266,902.004
8267,902.008
8268,902.013
8269,902.017
8270,902.022
8271,902.026
8272,902.031
8273,902.036
8274,902.041
8275,902.046
8276,902.051
8277,902.056
8278,902.061
8279,902.066
8280,902.071
8281,902.076
8282,902.081
8283,902.946
8284,903.890
8285,903.937
8286,903.987
8287,904.038
8288,904.088
8289,904.127
8290,905.152
8291,905.157
8292,906.052
8293,906.094
8294,907.240
8295,907.276
8296,908.457
8297,908.504
8298,909.450
8299,909.487
8300,909.527
8301,910.874
8302,910.881
8303,911.822
8304,911.860
8305,911.899
8306,911.930
8307,911.944
8308,911.975
8309,913.225
8310,913.232
8311,914.322
8312,914.327
8313,915.249
8314,915.315
8315,915.337
8316,916.559
8317,916.564
8318,917.789
8319,917.796
8320,918.977
8321,918.983
8322,920.227
8323,920.234
8324,921.375
8325,921.380
8326,922.749
8327,922.755
8328,923.838
8329,923.844
8330,924.948
8331,924.992
8332,924.997
8333,925.003
8334,925.008
8335,925.012
8336,925.017
8337,925.022
8338,925.026
8339,925.031
8340,925.036
8341,925.040
8342,925.045
8343,925.049
8344,925.055
8345,925.059
8346,925.064
8347,925.069
8348,925.073
8349,925.078
8350,925.083
8351,925.088
8352,925.093
8353,925.098
8354,925.102
8355,925.107
8356,925.112
8357,925.117
8358,925.122
8359,925.128
8360,926.039
8361,927.077
8362,927.126
8363,927.178
8364,927.254
8365,927.305
8366,927.350
8367,928.375
8368,928.382
8369,928.387
8370,929.306
8371,929.346
8372,930.448
8373,930.479
8374,931.644
8375,931.691
8376,932.583
8377,932.621
8378,932.657
8379,933.977
8380,933.982
8381,934.883
8382,934.921
8383,934.958
8384,934.989
8385,935.004
8386,935.036
8387,936.320
8388,936.325
8389,937.337
8390,937.342
8391,938.302
8392,938.342
8393,938.362
8394,939.513
8395,939.518
8396,940.745
8397,940.751
8398,941.883
8399,941.888
8400,943.156
8401,943.161
8402,944.278
8403,944.283
8404,945.713
8405,945.718
8406,946.836
8407,946.841
8408,947.918
8409,947.961
8410,947.965
8411,947.970
8412,947.974
8413,947.979
8414,947.983
8415,947.988
8416,947.992
8417,947.997
8418,948.002
8419,948.007
8420,948.012
8421,948.016
8422,948.021
8423,948.026
8424,948.030
8425,948.035
8426,948.040
8427,948.045
8428,948.050
8429,948.055
8430,948.060
8431,948.065
8432,948.069
8433,948.074
8434,948.079
8435,948.084
8436,948.089
8437,948.094
8438,949.007
8439,950.070
8440,950.124
8441,950.166
8442,950.202
8443,950.240
8444,950.272
8445,951.305
8446,951.310
8447,952.317
8448,952.355
8449,953.449
8450,953.481
8451,954.702
8452,954.738
8453,955.614
8454,955.650
8455,955.685
8456,957.096
8457,957.102
8458,957.965
8459,958.002
8460,958.039
8461,958.069
8462,958.083
8463,958.114
8464,959.387
8465,959.392
8466,960.254
8467,960.291
8468,960.320
8469,960.332
8470,961.632
8471,961.638
8472,962.741
8473,962.746
8474,964.050
8475,964.055
8476,965.174
8477,965.179
8478,966.527
8479,966.532
8480,967.781
8481,967.787
8482,969.030
8483,969.035
8484,969.930
8485,969.970
8486,969.974
8487,969.979
8488,969.983
8489,969.987
8490,969.992
8491,969.996
8492,970.000
8493,970.005
8494,970.009
8495,970.015
8496,970.019
8497,970.024
8498,970.029
8499,970.033
8500,970.038
8501,970.042
8502,970.047
8503,970.051
8504,970.056
8505,970.061
8506,970.066
8507,970.071
8508,970.076
8509,970.081
8510,970.085
8511,970.090
8512,970.095
8513,970.100
8514,971.155
8515,972.055
8516,972.092
8517,972.129
8518,972.166
8519,972.204
8520,972.234
8521,973.438
8522,973.443
8523,974.317
8524,974.347
8525,975.549
8526,975.581
8527,976.660
8528,976.698
8529,977.790
8530,977.829
8531,977.866
8532,979.062
8533,979.067
8534,980.146
8535,980.183
8536,980.221
8537,980.252
8538,980.266
8539,980.296
8540,981.414
8541,981.419
8542,982.473
8543,982.519
8544,982.568
8545,982.583
8546,983.725
8547,983.731
8548,985.018
8549,985.023
8550,986.161
8551,986.167
8552,987.419
8553,987.424
8554,988.645
8555,988.651
8556,989.966
8557,989.972
8558,991.277
8559,991.283
8560,992.223
8561,992.267
8562,992.272
8563,992.276
8564,992.281
8565,992.285
8566,992.289
8567,992.294
8568,992.298
8569,992.303
8570,992.307
8571,992.312
8572,992.317
8573,992.321
8574,992.326
8575,992.331
8576,992.336
8577,992.341
8578,992.346
8579,992.351
8580,992.356
8581,992.361
8582,992.367
8583,992.372
8584,992.378
8585,992.383
8586,992.389
8587,992.394
8588,992.400
8589,992.405
8590,993.423
8591,994.466
8592,994.505
8593,994.548
8594,994.592
8595,994.633
8596,994.664
8597,995.890
8598,995.897
8599,997.062
8600,997.096
8601,998.274
8602,998.323
8603,999.480
8604,999.515
8605,1000.500
8606,1000.549
8607,1000.599
8608,1001.860
8609,1001.866
8610,1002.872
8611,1002.919
8612,1002.974
8613,1003.008
8614,1003.023
8615,1003.054
8616,1004.253
8617,1004.258
8618,1005.304
8619,1005.353
8620,1005.402
8621,1005.417
8622,1006.602
8623,1006.607
8624,1007.950
8625,1007.956
8626,1009.147
8627,1009.153
8628,1010.467
8629,1010.473
8630,1011.721
8631,1011.727
8632,1013.040
8633,1013.046
8634,1014.297
8635,1014.302
8636,1015.198
8637,1015.239
8638,1015.243
8639,1015.248
8640,1015.252
8641,1015.256
8642,1015.261
8643,1015.265
8644,1015.269
8645,1015.274
8646,1015.278
8647,1015.283
8648,1015.287
8649,1015.292
8650,1015.296
8651,1015.301
8652,1015.305
8653,1015.310
8654,1015.314
8655,1015.319
8656,1015.324
8657,1015.329
8658,1015.334
8659,1015.339
8660,1015.344
8661,1015.349
8662,1015.354
8663,1015.358
8664,1015.364
8665,1015.369
8666,1016.395
8667,1017.409
8668,1017.445
8669,1017.480
8670,1017.515
8671,1017.554
8672,1017.587
8673,1018.789
8674,1018.795
8675,1019.797
8676,1019.828
8677,1021.026
8678,1021.070
8679,1022.278
8680,1022.309
8681,1023.262
8682,1023.309
8683,1023.357
8684,1024.698
8685,1024.704
8686,1025.696
8687,1025.740
8688,1025.789
8689,1025.830
8690,1025.849
8691,1025.891
8692,1027.129
8693,1027.135
8694,1028.177
8695,1029.498
8696,1029.533
8697,1030.599
8698,1031.757
8699,1031.762
8700,1033.069
8701,1033.074
8702,1034.216
8703,1034.221
8704,1035.514
8705,1035.519
8706,1036.753
8707,1036.759
8708,1038.166
8709,1038.171
8710,1039.466
8711,1039.471
8712,1039.554
8713,1039.557
8714,1039.560
8715,1039.562
8716,1039.565
8717,1039.570
8718,1039.574
8719,1039.578
8720,1039.582
8721,1039.585
8722,1039.589
8723,1039.593
8724,1039.596
8725,1039.683
8726,1039.686
8727,1039.692
8728,1039.695
8729,1039.706
8730,1039.708
8731,1039.712
8732,1039.715
8733,1040.651
8734,1040.689
8735,1040.694
8736,1040.698
8737,1040.703
8738,1040.707
8739,1040.712
8740,1040.716
8741,1040.721
8742,1040.725
8743,1040.730
8744,1040.735
8745,1040.740
8746,1040.744
8747,1040.749
8748,1040.754
8749,1040.758
8750,1040.763
8751,1040.768
8752,1040.773
8753,1040.778
8754,1040.783
8755,1040.787
8756,1040.793
8757,1040.798
8758,1040.803
8759,1040.808
8760,1040.813
8761,1040.818
8762,1040.824
8763,1041.927
8764,1042.865
8765,1042.902
8766,1042.937
8767,1042.973
8768,1043.014
8769,1043.047
8770,1043.062
8771,1043.104
8772,1043.134
8773,1044.392
8774,1044.423
8775,1045.542
8776,1045.575
8777,1046.650
8778,1046.685
8779,1047.816
8780,1047.821
8781,1049.233
8782,1049.239
8783,1050.224
8784,1050.260
8785,1050.297
8786,1050.329
8787,1050.344
8788,1050.378
8789,1051.740
8790,1051.746
8791,1052.695
8792,1054.114
8793,1054.151
8794,1055.417
8795,1055.423
8796,1056.643
8797,1056.648
8798,1057.970
8799,1057.976
8800,1059.146
8801,1059.151
8802,1060.479
8803,1060.484
8804,1061.737
8805,1061.743
8806,1063.228
8807,1063.234
8808,1064.506
8809,1064.512
8810,1064.676
8811,1064.681
8812,1064.685
8813,1064.688
8814,1064.691
8815,1064.694
8816,1064.697
8817,1064.700
8818,1064.703
8819,1064.707
8820,1064.710
8821,1064.713
8822,1064.717
8823,1064.720
8824,1064.724
8825,1064.728
8826,1064.731
8827,1064.798
8828,1064.863
8829,1064.873
8830,1064.876
8831,1064.878
8832,1064.923
8833,1064.925
8834,1064.928
8835,1065.087
8836,1065.091
8837,1065.094
8838,1065.097
8839,1066.072
8840,1066.079
8841,1066.084
8842,1066.088
8843,1066.359
8844,1066.363
8845,1066.366
8846,1066.369
8847,1066.442
8848,1066.445
8849,1066.448
8850,1066.451
8851,1066.454
8852,1066.456
8853,1066.459
8854,1066.462
8855,1066.466
8856,1066.470
8857,1066.532
8858,1066.563
8859,1066.649
8860,1066.652
8861,1066.655
8862,1066.659
8863,1066.662
8864,1066.665
8865,1066.668
8866,1066.671
8867,1066.751
8868,1066.755
8869,1066.758
8870,1066.761
8871,1066.765
8872,1066.769
8873,1066.776
8874,1066.779
8875,1066.786
8876,1066.793
8877,1066.796
8878,1066.882
8879,1066.885
8880,1066.889
8881,1066.893
8882,1066.896
8883,1066.899
8884,1066.903
8885,1066.992
8886,1066.996
8887,1066.999
8888,1067.001
8889,1067.004
8890,1067.007
8891,1067.010
8892,1067.079
8893,1067.083
8894,1067.085
8895,1067.088
8896,1067.091
8897,1067.094
8898,1067.097
8899,1067.100
8900,1067.104
8901,1067.108
8902,1067.113
8903,1067.117
8904,1067.122
8905,1067.125
8906,1067.193
8907,1067.196
8908,1067.199
8909,1067.202
8910,1067.205
8911,1067.210
8912,1067.213
8913,1067.279
8914,1067.282
8915,1067.285
8916,1067.288
8917,1067.291
8918,1067.297
8919,1067.300
8920,1067.363
8921,1067.366
8922,1067.369
8923,1067.371
8924,1067.373
8925,1067.403
8926,1067.406
8927,1067.409
8928,1067.413
8929,1067.416
8930,1067.447
8931,1067.449
8932,1067.452
8933,1067.455
8934,1067.458
8935,1067.461
8936,1067.464
8937,1067.466
8938,1067.469
8939,1067.471
8940,1067.501
8941,1067.504
8942,1067.507
8943,1067.510
8944,1067.513
8945,1067.515
8946,1067.518
8947,1067.520
8948,1067.551
8949,1067.554
8950,1067.558
8951,1067.561
8952,1067.563
8953,1067.566
8954,1067.569
8955,1067.573
8956,1067.576
8957,1067.579
8958,1067.581
8959,1067.585
8960,1067.587
8961,1067.591
8962,1067.594
8963,1067.597
8964,1067.600
8965,1067.603
8966,1067.606
8967,1067.609
8968,1067.613
8969,1067.616
8970,1067.619
8971,1067.623
8972,1067.652
8973,1067.654
8974,1067.657
8975,1067.660
8976,1067.663
8977,1067.693
8978,1067.697
8979,1067.700
8980,1067.702
8981,1067.704
8982,1067.732
8983,1067.735
8984,1067.737
8985,1067.739
8986,1067.742
8987,1067.771
8988,1067.773
8989,1067.776
8990,1067.779
8991,1067.782
8992,1067.810
8993,1067.813
8994,1067.816
8995,1067.818
8996,1067.821
8997,1067.851
8998,1067.854
8999,1067.857
9000,1067.859
9001,1067.861
9002,1067.890
9003,1067.892
9004,1067.894
9005,1067.897
9006,1067.899
9007,1067.941
9008,1067.960
9009,1067.963
9010,1068.018
9011,1068.104
9012,1068.162
9013,1068.164
9014,1068.193
9015,1068.258
9016,1068.262
9017,1068.265
9018,1068.339
9019,1068.416
9020,1068.419
9021,1068.422
9022,1068.510
9023,1068.585
9024,1068.588
9025,1068.638
9026,1068.666
9027,1068.670
9028,1068.673
9029,1068.677
9030,1068.728
9031,1068.766
9032,1068.788
9033,1068.792
9034,1068.796
9035,1068.899
9036,1068.903
9037,1068.907
9038,1068.982
9039,1068.987
9040,1068.991
9041,1069.066
9042,1069.071
9043,1069.075
9044,1069.149
9045,1069.154
9046,1069.159
9047,1069.233
9048,1069.238
9049,1069.243
9050,1069.317
9051,1069.323
9052,1069.327
9053,1069.401
9054,1069.406
9055,1069.410
9056,1069.484
9057,1069.490
9058,1069.495
9059,1069.569
9060,1069.576
9061,1069.581
9062,1069.656
9063,1069.663
9064,1069.667
9065,1069.743
9066,1069.750
9067,1069.754
9068,1069.829
9069,1069.836
9070,1069.841
9071,1069.914
9072,1069.921
9073,1069.927
9074,1070.003
9075,1070.010
9076,1070.014
9077,1070.089
9078,1070.096
9079,1070.103
9080,1070.107
9081,1070.184
9082,1070.191
9083,1070.195
9084,1070.273
9085,1070.280
9086,1070.285
9087,1070.361
9088,1070.368
9089,1070.373
9090,1070.436
9091,1070.448
9092,1070.451
9093,1070.454
9094,1070.457
9095,1070.460
9096,1070.463
9097,1070.466
9098,1070.469
9099,1070.474
9100,1070.478
9101,1070.483
9102,1070.487
9103,1070.492
9104,1070.495
9105,1070.498
9106,1070.533
9107,1070.546
9108,1070.550
9109,1070.553
9110,1070.712
9111,1070.720
9112,1070.724
9113,1070.809
9114,1070.834
9115,1070.838
9116,1070.842
9117,1070.845
9118,1070.848
9119,1070.852
9120,1070.855
9121,1070.907
9122,1070.978
9123,1071.005
9124,1071.008
9125,1071.011
9126,1071.014
9127,1071.017
9128,1071.020
9129,1071.033
9130,1071.061
9131,1071.187
9132,1071.190
9133,1071.194
9134,1071.197
9135,1071.200
9136,1071.315
9137,1071.318
9138,1071.321
9139,1071.324
9140,1071.327
9141,1071.439
9142,1071.442
9143,1071.445
9144,1071.448
9145,1071.452
9146,1071.562
9147,1071.565
9148,1071.569
9149,1071.572
9150,1071.575
9151,1071.684
9152,1071.688
9153,1071.691
9154,1071.694
9155,1071.697
9156,1071.802
9157,1071.805
9158,1071.808
9159,1071.811
9160,1071.877
9161,1071.893
9162,1071.895
9163,1071.902
9164,1071.917
9165,1072.034
9166,1072.037
9167,1072.040
9168,1072.044
9169,1072.047
9170,1072.115
9171,1072.132
9172,1072.135
9173,1072.137
9174,1072.139
9175,1072.142
9176,1072.144
9177,1072.146
9178,1072.149
9179,1072.152
9180,1072.161
9181,1072.178
9182,1072.291
9183,1072.294
9184,1072.298
9185,1072.303
9186,1072.307
9187,1072.423
9188,1072.427
9189,1072.431
9190,1072.436
9191,1072.440
9192,1072.552
9193,1072.556
9194,1072.560
9195,1072.565
9196,1072.570
9197,1072.685
9198,1072.688
9199,1072.693
9200,1072.697
9201,1072.701
9202,1072.817
9203,1072.821
9204,1072.825
9205,1072.831
9206,1072.836
9207,1072.982
9208,1072.986
9209,1072.990
9210,1072.994
9211,1073.000
9212,1073.145
9213,1073.148
9214,1073.152
9215,1073.156
9216,1073.160
9217,1073.305
9218,1073.309
9219,1073.313
9220,1073.317
9221,1073.322
9222,1073.412
9223,1073.438
9224,1073.440
9225,1073.448
9226,1073.463
9227,1073.576
9228,1073.579
9229,1073.583
9230,1073.585
9231,1073.588
9232,1073.655
9233,1073.674
9234,1073.676
9235,1073.684
9236,1073.700
9237,1073.811
9238,1073.814
9239,1073.817
9240,1073.820
9241,1073.823
9242,1073.894
9243,1073.910
9244,1073.912
9245,1073.920
9246,1073.935
9247,1073.942
9248,1073.944
9249,1073.946
9250,1074.007
9251,1074.026
9252,1074.086
9253,1074.106
9254,1074.109
9255,1074.112
9256,1074.115
9257,1074.118
9258,1074.120
9259,1074.123
9260,1074.165
9261,1074.223
9262,1074.242
9263,1074.245
9264,1074.247
9265,1074.250
9266,1074.252
9267,1074.255
9268,1074.264
9269,1074.281
9270,1074.392
9271,1074.395
9272,1074.398
9273,1074.402
9274,1074.404
9275,1074.518
9276,1074.521
9277,1074.525
9278,1074.528
9279,1074.531
9280,1074.646
9281,1074.649
9282,1074.652
9283,1074.656
9284,1074.659
9285,1074.772
9286,1074.775
9287,1074.778
9288,1074.781
9289,1074.784
9290,1074.898
9291,1074.901
9292,1074.904
9293,1074.908
9294,1074.911
9295,1075.021
9296,1075.026
9297,1075.029
9298,1075.033
9299,1075.120
9300,1075.147
9301,1075.150
9302,1075.160
9303,1075.186
9304,1075.333
9305,1075.336
9306,1075.340
9307,1075.345
9308,1075.349
9309,1075.436
9310,1075.463
9311,1075.466
9312,1075.470
9313,1075.472
9314,1075.476
9315,1075.479
9316,1075.482
9317,1075.486
9318,1075.489
9319,1075.505
9320,1075.530
9321,1075.650
9322,1075.652
9323,1075.656
9324,1075.659
9325,1075.662
9326,1075.779
9327,1075.782
9328,1075.785
9329,1075.788
9330,1075.791
9331,1075.903
9332,1075.906
9333,1075.909
9334,1075.913
9335,1075.915
9336,1076.033
9337,1076.036
9338,1076.040
9339,1076.043
9340,1076.046
9341,1076.167
9342,1076.170
9343,1076.173
9344,1076.177
9345,1076.180
9346,1076.253
9347,1076.256
9348,1076.259
9349,1076.341
9350,1076.360
9351,1076.432
9352,1076.434
9353,1076.437
9354,1076.516
9355,1076.536
9356,1076.666
9357,1076.669
9358,1076.673
9359,1076.676
9360,1076.680
9361,1076.750
9362,1076.768
9363,1076.771
9364,1076.781
9365,1076.800
9366,1076.916
9367,1076.919
9368,1076.922
9369,1076.926
9370,1076.929
9371,1077.003
9372,1077.022
9373,1077.025
9374,1077.035
9375,1077.055
9376,1077.183
9377,1077.187
9378,1077.191
9379,1077.195
9380,1077.199
9381,1077.293
9382,1077.322
9383,1077.325
9384,1077.338
9385,1077.364
9386,1077.503
9387,1077.506
9388,1077.510
9389,1077.513
9390,1077.517
9391,1077.598
9392,1077.601
9393,1077.605
9394,1077.677
9395,1077.822
9396,1077.875
9397,1077.879
9398,1077.882
9399,1077.885
9400,1077.889
9401,1077.892
9402,1077.896
9403,1077.899
9404,1077.902
9405,1077.906
9406,1077.909
9407,1077.913
9408,1077.916
9409,1077.920
9410,1078.047
9411,1078.051
9412,1078.054
9413,1078.135
9414,1078.177
9415,1078.180
9416,1078.308
9417,1078.312
9418,1078.316
9419,1078.451
9420,1078.455
9421,1078.459
9422,1078.542
9423,1078.585
9424,1078.588
9425,1078.591
9426,1078.593
9427,1078.596
9428,1078.598
9429,1078.601
9430,1078.623
9431,1078.666
9432,1078.799
9433,1078.803
9434,1078.807
9435,1078.811
9436,1078.953
9437,1078.957
9438,1078.961
9439,1078.965
9440,1079.101
9441,1079.105
9442,1079.109
9443,1079.113
9444,1079.268
9445,1079.272
9446,1079.277
9447,1079.281
9448,1079.396
9449,1079.454
9450,1079.459
9451,1079.462
9452,1079.466
9453,1079.544
9454,1079.603
9455,1079.606
9456,1079.703
9457,1079.748
9458,1079.849
9459,1079.853
9460,1079.856
9461,1079.991
9462,1079.995
9463,1079.999
9464,1080.002
9465,1080.087
9466,1080.130
9467,1080.133
9468,1080.136
9469,1080.138
9470,1080.158
9471,1080.162
9472,1080.205
9473,1080.227
9474,1080.269
9475,1080.272
9476,1080.351
9477,1080.397
9478,1080.400
9479,1080.542
9480,1080.546
9481,1080.550
9482,1080.554
9483,1080.692
9484,1080.696
9485,1080.700
9486,1080.703
9487,1080.846
9488,1080.850
9489,1080.854
9490,1080.858
9491,1080.950
9492,1080.999
9493,1081.002
9494,1081.005
9495,1081.008
9496,1081.010
9497,1081.013
9498,1081.016
9499,1081.019
9500,1081.022
9501,1081.024
9502,1081.027
9503,1081.030
9504,1081.033
9505,1081.036
9506,1081.038
9507,1081.041
9508,1081.044
9509,1081.046
9510,1081.049
9511,1081.052
9512,1081.055
9513,1081.087
9514,1081.155
9515,1081.338
9516,1081.342
9517,1081.348
9518,1081.352
9519,1081.530
9520,1081.534
9521,1081.539
9522,1081.545
9523,1081.733
9524,1081.737
9525,1081.741
9526,1081.745
9527,1081.886
9528,1081.891
9529,1081.895
9530,1081.898
9531,1082.034
9532,1082.038
9533,1082.042
9534,1082.046
9535,1082.189
9536,1082.193
9537,1082.197
9538,1082.201
9539,1082.349
9540,1082.353
9541,1082.357
9542,1082.360
9543,1082.523
9544,1082.528
9545,1082.532
9546,1082.536
9547,1082.676
9548,1082.680
9549,1082.684
9550,1082.688
9551,1082.836
9552,1082.840
9553,1082.844
9554,1082.848
9555,1082.998
9556,1083.005
9557,1083.009
9558,1083.013
9559,1083.178
9560,1083.185
9561,1083.190
9562,1083.194
9563,1083.370
9564,1083.379
9565,1083.384
9566,1083.389
9567,1083.567
9568,1083.575
9569,1083.580
9570,1083.584
9571,1083.763
9572,1083.771
9573,1083.775
9574,1083.780
9575,1083.943
9576,1083.949
9577,1083.953
9578,1083.957
9579,1084.108
9580,1084.113
9581,1084.117
9582,1084.121
9583,1084.260
9584,1084.266
9585,1084.270
9586,1084.274
9587,1084.412
9588,1084.417
9589,1084.421
9590,1084.425
9591,1084.564
9592,1084.570
9593,1084.574
9594,1084.578
9595,1084.711
9596,1084.715
9597,1084.719
9598,1084.852
9599,1084.856
9600,1084.860
9601,1084.992
9602,1084.996
9603,1084.999
9604,1085.133
9605,1085.137
9606,1085.141
9607,1085.279
9608,1085.284
9609,1085.287
9610,1085.431
9611,1085.436
9612,1085.440
9613,1085.614
9614,1085.618
9615,1085.622
9616,1085.771
9617,1085.838
9618,1085.842
9619,1085.847
9620,1085.851
9621,1085.855
9622,1085.860
9623,1085.864
9624,1085.868
9625,1085.873
9626,1085.878
9627,1085.882
9628,1085.886
9629,1085.891
9630,1085.896
9631,1086.050
9632,1086.054
9633,1086.057
9634,1086.142
9635,1086.185
9636,1086.188
9637,1086.318
9638,1086.322
9639,1086.326
9640,1086.460
9641,1086.464
9642,1086.467
9643,1086.549
9644,1086.592
9645,1086.596
9646,1086.598
9647,1086.601
9648,1086.604
9649,1086.606
9650,1086.609
9651,1086.632
9652,1086.674
9653,1086.810
9654,1086.815
9655,1086.819
9656,1086.823
9657,1086.963
9658,1086.968
9659,1086.972
9660,1086.976
9661,1087.116
9662,1087.120
9663,1087.125
9664,1087.128
9665,1087.268
9666,1087.272
9667,1087.276
9668,1087.280
9669,1087.429
9670,1087.433
9671,1087.438
9672,1087.442
9673,1087.608
9674,1087.613
9675,1087.618
9676,1087.623
9677,1087.742
9678,1087.804
9679,1087.807
9680,1087.811
9681,1087.815
9682,1087.819
9683,1087.856
9684,1087.930
9685,1088.107
9686,1088.111
9687,1088.115
9688,1088.119
9689,1088.261
9690,1088.265
9691,1088.269
9692,1088.273
9693,1088.407
9694,1088.411
9695,1088.415
9696,1088.418
9697,1088.554
9698,1088.558
9699,1088.563
9700,1088.566
9701,1088.654
9702,1088.701
9703,1088.705
9704,1088.708
9705,1088.711
9706,1088.714
9707,1088.718
9708,1088.721
9709,1088.724
9710,1088.727
9711,1088.730
9712,1088.733
9713,1088.736
9714,1088.739
9715,1088.742
9716,1088.746
9717,1088.749
9718,1088.752
9719,1088.755
9720,1088.758
9721,1088.762
9722,1088.765
9723,1088.787
9724,1088.830
9725,1088.971
9726,1088.975
9727,1088.979
9728,1088.983
9729,1089.122
9730,1089.126
9731,1089.130
9732,1089.134
9733,1089.292
9734,1089.296
9735,1089.301
9736,1089.304
9737,1089.444
9738,1089.448
9739,1089.452
9740,1089.456
9741,1089.593
9742,1089.596
9743,1089.600
9744,1089.603
9745,1089.807
9746,1089.812
9747,1089.819
9748,1089.824
9749,1090.010
9750,1090.016
9751,1090.021
9752,1090.025
9753,1090.240
9754,1090.246
9755,1090.252
9756,1090.257
9757,1090.409
9758,1090.413
9759,1090.417
9760,1090.421
9761,1090.576
9762,1090.580
9763,1090.584
9764,1090.588
9765,1090.752
9766,1090.759
9767,1090.764
9768,1090.768
9769,1090.952
9770,1090.959
9771,1090.965
9772,1090.969
9773,1091.129
9774,1091.134
9775,1091.138
9776,1091.142
9777,1091.291
9778,1091.297
9779,1091.301
9780,1091.305
9781,1091.453
9782,1091.459
9783,1091.463
9784,1091.467
9785,1091.613
9786,1091.619
9787,1091.623
9788,1091.628
9789,1091.789
9790,1091.794
9791,1091.799
9792,1091.802
9793,1091.951
9794,1091.961
9795,1091.966
9796,1091.971
9797,1092.158
9798,1092.166
9799,1092.171
9800,1092.176
9801,1092.359
9802,1092.368
9803,1092.373
9804,1092.377
9805,1092.557
9806,1092.562
9807,1092.568
9808,1092.713
9809,1092.718
9810,1092.722
9811,1092.863
9812,1092.868
9813,1092.871
9814,1093.013
9815,1093.017
9816,1093.021
9817,1093.169
9818,1093.174
9819,1093.178
9820,1093.328
9821,1093.332
9822,1093.336
9823,1093.482
9824,1093.487
9825,1093.490
9826,1093.615
9827,1093.664
9828,1093.667
9829,1093.671
9830,1093.674
9831,1093.677
9832,1093.680
9833,1093.683
9834,1093.687
9835,1093.690
9836,1093.693
9837,1093.697
9838,1093.700
9839,1093.704
9840,1093.708
9841,1093.838
9842,1093.842
9843,1093.846
9844,1093.975
9845,1093.979
9846,1093.982
9847,1094.111
9848,1094.116
9849,1094.119
9850,1094.250
9851,1094.255
9852,1094.260
9853,1094.371
9854,1094.437
9855,1094.441
9856,1094.444
9857,1094.447
9858,1094.450
9859,1094.454
9860,1094.457
9861,1094.492
9862,1094.571
9863,1094.736
9864,1094.740
9865,1094.745
9866,1094.749
9867,1094.907
9868,1094.911
9869,1094.915
9870,1094.918
9871,1095.050
9872,1095.053
9873,1095.057
9874,1095.060
9875,1095.188
9876,1095.191
9877,1095.195
9878,1095.198
9879,1095.330
9880,1095.334
9881,1095.338
9882,1095.341
9883,1095.469
9884,1095.473
9885,1095.477
9886,1095.480
9887,1095.563
9888,1095.606
9889,1095.609
9890,1095.611
9891,1095.614
9892,1095.616
9893,1095.638
9894,1095.679
9895,1095.807
9896,1095.811
9897,1095.815
9898,1095.818
9899,1095.947
9900,1095.951
9901,1095.955
9902,1095.958
9903,1096.085
9904,1096.090
9905,1096.092
9906,1096.096
9907,1096.224
9908,1096.228
9909,1096.231
9910,1096.234
9911,1096.322
9912,1096.369
9913,1096.372
9914,1096.374
9915,1096.377
9916,1096.379
9917,1096.382
9918,1096.384
9919,1096.387
9920,1096.389
9921,1096.392
9922,1096.394
9923,1096.397
9924,1096.399
9925,1096.404
9926,1096.408
9927,1096.412
9928,1096.416
9929,1096.420
9930,1096.425
9931,1096.429
9932,1096.433
9933,1096.465
9934,1096.529
9935,1096.688
9936,1096.693
9937,1096.697
9938,1096.702
9939,1096.864
9940,1096.869
9941,1096.874
9942,1096.878
9943,1097.047
9944,1097.052
9945,1097.055
9946,1097.059
9947,1097.189
9948,1097.193
9949,1097.196
9950,1097.200
9951,1097.327
9952,1097.331
9953,1097.335
9954,1097.338
9955,1097.471
9956,1097.476
9957,1097.480
9958,1097.484
9959,1097.616
9960,1097.620
9961,1097.623
9962,1097.627
9963,1097.760
9964,1097.763
9965,1097.767
9966,1097.770
9967,1097.899
9968,1097.902
9969,1097.906
9970,1097.909
9971,1098.043
9972,1098.047
9973,1098.051
9974,1098.054
9975,1098.184
9976,1098.188
9977,1098.192
9978,1098.195
9979,1098.328
9980,1098.334
9981,1098.337
9982,1098.341
9983,1098.471
9984,1098.475
9985,1098.479
9986,1098.482
9987,1098.612
9988,1098.616
9989,1098.620
9990,1098.623
9991,1098.757
9992,1098.766
9993,1098.771
9994,1098.775
9995,1098.942
9996,1098.947
9997,1098.952
9998,1098.957
9999,1099.116
10000,1099.121
10001,1099.127
10002,1099.131
10003,1099.291
10004,1099.296
10005,1099.300
10006,1099.304
10007,1099.457
10008,1099.461
10009,1099.465
10010,1099.468
10011,1099.600
10012,1099.604
10013,1099.607
10014,1099.611
10015,1099.738
10016,1099.741
10017,1099.745
10018,1099.873
10019,1099.877
10020,1099.880
10021,1100.007
10022,1100.011
10023,1100.014
10024,1100.138
10025,1100.142
10026,1100.145
10027,1100.270
10028,1100.274
10029,1100.277
10030,1100.403
10031,1100.406
10032,1100.410
10033,1100.533
10034,1100.537
10035,1100.540
10036,1100.611
10037,1100.630
10038,1100.633
10039,1100.636
10040,1100.639
10041,1100.642
10042,1100.645
10043,1100.648
10044,1100.691
10045,1100.752
10046,1100.770
10047,1100.773
10048,1100.776
10049,1100.778
10050,1100.781
10051,1100.783
10052,1100.792
10053,1100.810
10054,1100.928
10055,1100.931
10056,1100.935
10057,1100.938
10058,1100.941
10059,1101.062
10060,1101.066
10061,1101.070
10062,1101.074
10063,1101.079
10064,1101.224
10065,1101.228
10066,1101.232
10067,1101.237
10068,1101.241
10069,1101.380
10070,1101.384
10071,1101.388
10072,1101.392
10073,1101.395
10074,1101.536
10075,1101.540
10076,1101.544
10077,1101.548
10078,1101.552
10079,1101.690
10080,1101.694
10081,1101.698
10082,1101.702
10083,1101.778
10084,1101.797
10085,1101.800
10086,1101.807
10087,1101.824
10088,1101.947
10089,1101.950
10090,1101.953
10091,1101.957
10092,1101.960
10093,1102.030
10094,1102.049
10095,1102.051
10096,1102.054
10097,1102.056
10098,1102.059
10099,1102.061
10100,1102.064
10101,1102.066
10102,1102.069
10103,1102.079
10104,1102.097
10105,1102.215
10106,1102.218
10107,1102.221
10108,1102.225
10109,1102.228
10110,1102.345
10111,1102.348
10112,1102.351
10113,1102.355
10114,1102.358
10115,1102.474
10116,1102.477
10117,1102.480
10118,1102.484
10119,1102.487
10120,1102.605
10121,1102.608
10122,1102.612
10123,1102.615
10124,1102.618
10125,1102.739
10126,1102.742
10127,1102.745
10128,1102.749
10129,1102.752
10130,1102.874
10131,1102.877
10132,1102.881
10133,1102.885
10134,1102.888
10135,1103.011
10136,1103.014
10137,1103.018
10138,1103.021
10139,1103.025
10140,1103.145
10141,1103.148
10142,1103.152
10143,1103.156
10144,1103.159
10145,1103.229
10146,1103.248
10147,1103.251
10148,1103.259
10149,1103.275
10150,1103.407
10151,1103.410
10152,1103.414
10153,1103.418
10154,1103.421
10155,1103.512
10156,1103.539
10157,1103.542
10158,1103.552
10159,1103.579
10160,1103.719
10161,1103.722
10162,1103.726
10163,1103.730
10164,1103.733
10165,1103.823
10166,1103.852
10167,1103.856
10168,1103.869
10169,1103.894
10170,1104.010
10171,1104.013
10172,1104.016
10173,1104.019
10174,1104.022
10175,1104.145
10176,1104.191
10177,1104.194
10178,1104.197
10179,1104.200
10180,1104.203
10181,1104.206
10182,1104.210
10183,1104.213
10184,1104.216
10185,1104.220
10186,1104.223
10187,1104.227
10188,1104.230
10189,1104.233
10190,1104.360
10191,1104.364
10192,1104.367
10193,1104.456
10194,1104.459
10195,1104.461
10196,1104.464
10197,1104.592
10198,1104.596
10199,1104.599
10200,1104.731
10201,1104.734
10202,1104.738
10203,1104.821
10204,1104.870
10205,1104.873
10206,1104.875
10207,1104.877
10208,1104.880
10209,1104.882
10210,1104.885
10211,1104.907
10212,1104.948
10213,1105.086
10214,1105.090
10215,1105.094
10216,1105.097
10217,1105.238
10218,1105.242
10219,1105.246
10220,1105.250
10221,1105.394
10222,1105.399
10223,1105.405
10224,1105.410
10225,1105.583
10226,1105.588
10227,1105.592
10228,1105.596
10229,1105.778
10230,1105.783
10231,1105.788
10232,1105.794
10233,1105.969
10234,1105.973
10235,1105.977
10236,1105.981
10237,1106.066
10238,1106.112
10239,1106.115
10240,1106.117
10241,1106.119
10242,1106.122
10243,1106.143
10244,1106.184
10245,1106.330
10246,1106.334
10247,1106.338
10248,1106.342
10249,1106.511
10250,1106.517
10251,1106.522
10252,1106.528
10253,1106.680
10254,1106.684
10255,1106.688
10256,1106.691
10257,1106.829
10258,1106.833
10259,1106.837
10260,1106.841
10261,1106.927
10262,1106.974
10263,1106.978
10264,1106.980
10265,1106.983
10266,1106.986
10267,1106.988
10268,1106.991
10269,1106.994
10270,1106.997
10271,1107.000
10272,1107.002
10273,1107.005
10274,1107.008
10275,1107.011
10276,1107.014
10277,1107.016
10278,1107.019
10279,1107.022
10280,1107.025
10281,1107.029
10282,1107.033
10283,1107.058
10284,1107.105
10285,1107.247
10286,1107.252
10287,1107.256
10288,1107.260
10289,1107.402
10290,1107.406
10291,1107.410
10292,1107.413
10293,1107.612
10294,1107.618
10295,1107.623
10296,1107.629
10297,1107.807
10298,1107.812
10299,1107.818
10300,1107.822
10301,1107.996
10302,1108.000
10303,1108.005
10304,1108.010
10305,1108.181
10306,1108.185
10307,1108.189
10308,1108.193
10309,1108.345
10310,1108.349
10311,1108.354
10312,1108.357
10313,1108.514
10314,1108.518
10315,1108.523
10316,1108.526
10317,1108.668
10318,1108.672
10319,1108.676
10320,1108.680
10321,1108.833
10322,1108.837
10323,1108.841
10324,1108.845
10325,1109.000
10326,1109.007
10327,1109.012
10328,1109.017
10329,1109.209
10330,1109.216
10331,1109.222
10332,1109.226
10333,1109.383
10334,1109.389
10335,1109.393
10336,1109.397
10337,1109.544
10338,1109.550
10339,1109.555
10340,1109.559
10341,1109.728
10342,1109.734
10343,1109.739
10344,1109.742
10345,1109.917
10346,1109.926
10347,1109.931
10348,1109.936
10349,1110.121
10350,1110.129
10351,1110.134
10352,1110.139
10353,1110.325
10354,1110.333
10355,1110.338
10356,1110.343
10357,1110.507
10358,1110.513
10359,1110.517
10360,1110.521
10361,1110.673
10362,1110.679
10363,1110.684
10364,1110.687
10365,1110.841
10366,1110.845
10367,1110.849
10368,1110.993
10369,1110.998
10370,1111.002
10371,1111.140
10372,1111.144
10373,1111.148
10374,1111.285
10375,1111.289
10376,1111.293
10377,1111.446
10378,1111.451
10379,1111.455
10380,1111.610
10381,1111.615
10382,1111.618
10383,1111.756
10384,1111.760
10385,1111.763
10386,1111.889
10387,1111.935
10388,1111.939
10389,1111.942
10390,1111.945
10391,1111.948
10392,1111.951
10393,1111.955
10394,1111.958
10395,1111.961
10396,1111.964
10397,1111.968
10398,1111.971
10399,1111.974
10400,1111.978
10401,1112.137
10402,1112.142
10403,1112.146
10404,1112.313
10405,1112.317
10406,1112.321
10407,1112.485
10408,1112.491
10409,1112.497
10410,1112.667
10411,1112.671
10412,1112.675
10413,1112.783
10414,1112.829
10415,1112.832
10416,1112.835
10417,1112.838
10418,1112.840
10419,1112.842
10420,1112.845
10421,1112.868
10422,1112.910
10423,1113.053
10424,1113.057
10425,1113.061
10426,1113.065
10427,1113.211
10428,1113.216
10429,1113.220
10430,1113.223
10431,1113.363
10432,1113.367
10433,1113.371
10434,1113.375
10435,1113.514
10436,1113.518
10437,1113.522
10438,1113.526
10439,1113.678
10440,1113.683
10441,1113.688
10442,1113.692
10443,1113.836
10444,1113.840
10445,1113.844
10446,1113.848
10447,1113.936
10448,1113.983
10449,1113.986
10450,1113.988
10451,1113.991
10452,1113.993
10453,1114.017
10454,1114.068
10455,1114.231
10456,1114.236
10457,1114.241
10458,1114.247
10459,1114.447
10460,1114.452
10461,1114.457
10462,1114.462
10463,1114.636
10464,1114.641
10465,1114.646
10466,1114.650
10467,1114.831
10468,1114.836
10469,1114.841
10470,1114.844
10471,1114.935
10472,1114.983
10473,1114.986
10474,1114.989
10475,1114.991
10476,1114.994
10477,1114.997
10478,1115.000
10479,1115.003
10480,1115.006
10481,1115.009
10482,1115.011
10483,1115.014
10484,1115.017
10485,1115.020
10486,1115.023
10487,1115.026
10488,1115.029
10489,1115.032
10490,1115.035
10491,1115.039
10492,1115.042
10493,1115.064
10494,1115.110
10495,1115.255
10496,1115.259
10497,1115.263
10498,1115.267
10499,1115.412
10500,1115.416
10501,1115.420
10502,1115.423
10503,1115.586
10504,1115.590
10505,1115.595
10506,1115.599
10507,1115.743
10508,1115.747
10509,1115.751
10510,1115.755
10511,1115.895
10512,1115.899
10513,1115.903
10514,1115.907
10515,1116.055
10516,1116.060
10517,1116.066
10518,1116.070
10519,1116.239
10520,1116.243
10521,1116.248
10522,1116.251
10523,1116.410
10524,1116.414
10525,1116.418
10526,1116.422
10527,1116.601
10528,1116.607
10529,1116.612
10530,1116.617
10531,1116.810
10532,1116.816
10533,1116.822
10534,1116.826
10535,1117.019
10536,1117.030
10537,1117.036
10538,1117.042
10539,1117.231
10540,1117.241
10541,1117.246
10542,1117.252
10543,1117.422
10544,1117.428
10545,1117.432
10546,1117.437
10547,1117.586
10548,1117.592
10549,1117.596
10550,1117.601
10551,1117.746
10552,1117.752
10553,1117.757
10554,1117.760
10555,1117.902
10556,1117.907
10557,1117.911
10558,1117.915
10559,1118.060
10560,1118.065
10561,1118.069
10562,1118.073
10563,1118.218
10564,1118.224
10565,1118.228
10566,1118.232
10567,1118.378
10568,1118.384
10569,1118.388
10570,1118.391
10571,1118.536
10572,1118.542
10573,1118.546
10574,1118.550
10575,1118.690
10576,1118.695
10577,1118.700
10578,1118.879
10579,1118.884
10580,1118.890
10581,1118.995
10582,1119.051
10583,1119.054
10584,1119.084
10585,1119.143
10586,1119.247
10587,1119.250
10588,1119.252
10589,1119.340
10590,1119.386
10591,1119.389
10592,1119.481
10593,1119.485
10594,1119.488
10595,1119.490
10596,1119.626
10597,1119.630
10598,1119.633
10599,1119.773
10600,1119.777
10601,1119.781
10602,1119.919
10603,1119.923
10604,1119.927
10605,1120.062
10606,1120.066
10607,1120.070
10608,1120.330
10609,1120.333
10610,1120.419
10611,1120.476
10612,1120.479
10613,1120.481
10614,1120.542
10615,1120.659
10616,1120.732
10617,1120.774
10618,1120.858
10619,1120.861
10620,1120.937
10621,1121.016
10622,1121.097
10623,1121.169
10624,1121.172
10625,1121.174
10626,1121.177
10627,1121.223
10628,1121.225
10629,1121.228
10630,1121.232
10631,1121.235
10632,1121.280
10633,1121.360
10634,1121.423
10635,1121.443
10636,1121.446
10637,1121.492
10638,1121.494
10639,1121.497
10640,1121.542
10641,1121.565
10642,1121.568
10643,1121.570
10644,1121.618
10645,1121.639
10646,1121.642
10647,1121.708
10648,1121.764
10649,1121.766
10650,1121.769
10651,1121.772
10652,1121.837
10653,1121.890
10654,1121.950
10655,1122.069
10656,1122.125
10657,1122.190
10658,1122.247
10659,1122.249
10660,1122.252
10661,1122.318
10662,1122.372
10663,1122.456
10664,1122.610
10665,1122.686
10666,1122.689
10667,1122.692
10668,1122.695
10669,1122.781
10670,1122.866
10671,1122.933
10672,1122.993
10673,1122.997
10674,1123.064
10675,1123.119
10676,1123.185
10677,1123.242
10678,1123.270
10679,1123.325
10680,1123.327
10681,1123.330
10682,1123.332
10683,1123.627
10684,1123.630
10685,1123.794
10686,1123.900
10687,1123.903
10688,1123.968
10689,1123.975
10690,1123.978
10691,1124.272
10692,1124.277
10693,1124.280
10694,1124.484
10695,1124.852
10696,1124.856
10697,1124.860
10698,1125.029
10699,1125.096
10700,1125.104
10701,1125.107
10702,1125.110
10703,1125.117
10704,1125.377
10705,1125.381
10706,1125.519
10707,1125.629
10708,1125.632
10709,1125.761
10710,1125.809
10711,1125.813
10712,1125.816
10713,1125.819
10714,1125.822
10715,1125.825
10716,1125.828
10717,1125.832
10718,1125.835
10719,1125.839
10720,1125.842
10721,1125.846
10722,1125.849
10723,1125.853
10724,1125.978
10725,1125.981
10726,1125.984
10727,1126.112
10728,1126.116
10729,1126.119
10730,1126.247
10731,1126.251
10732,1126.254
10733,1126.384
10734,1126.388
10735,1126.391
10736,1126.479
10737,1126.542
10738,1126.545
10739,1126.548
10740,1126.551
10741,1126.555
10742,1126.558
10743,1126.562
10744,1126.593
10745,1126.653
10746,1126.810
10747,1126.814
10748,1126.819
10749,1126.822
10750,1126.987
10751,1126.991
10752,1126.996
10753,1127.001
10754,1127.148
10755,1127.152
10756,1127.156
10757,1127.159
10758,1127.290
10759,1127.293
10760,1127.297
10761,1127.300
10762,1127.434
10763,1127.438
10764,1127.442
10765,1127.445
10766,1127.578
10767,1127.582
10768,1127.586
10769,1127.589
10770,1127.670
10771,1127.711
10772,1127.714
10773,1127.716
10774,1127.719
10775,1127.721
10776,1127.743
10777,1127.785
10778,1127.916
10779,1127.920
10780,1127.923
10781,1127.926
10782,1128.057
10783,1128.060
10784,1128.064
10785,1128.067
10786,1128.196
10787,1128.200
10788,1128.203
10789,1128.206
10790,1128.337
10791,1128.340
10792,1128.344
10793,1128.347
10794,1128.434
10795,1128.479
10796,1128.482
10797,1128.485
10798,1128.487
10799,1128.490
10800,1128.493
10801,1128.496
10802,1128.498
10803,1128.501
10804,1128.504
10805,1128.507
10806,1128.510
10807,1128.513
10808,1128.516
10809,1128.518
10810,1128.521
10811,1128.524
10812,1128.527
10813,1128.530
10814,1128.533
10815,1128.536
10816,1128.563
10817,1128.624
10818,1128.789
10819,1128.794
10820,1128.798
10821,1128.802
10822,1128.965
10823,1128.970
10824,1128.974
10825,1128.978
10826,1129.157
10827,1129.162
10828,1129.167
10829,1129.172
10830,1129.308
10831,1129.312
10832,1129.316
10833,1129.319
10834,1129.451
10835,1129.455
10836,1129.458
10837,1129.462
10838,1129.598
10839,1129.602
10840,1129.605
10841,1129.609
10842,1129.747
10843,1129.751
10844,1129.755
10845,1129.758
10846,1129.900
10847,1129.904
10848,1129.907
10849,1129.911
10850,1130.044
10851,1130.048
10852,1130.051
10853,1130.054
10854,1130.191
10855,1130.194
10856,1130.198
10857,1130.201
10858,1130.340
10859,1130.344
10860,1130.347
10861,1130.351
10862,1130.493
10863,1130.499
10864,1130.503
10865,1130.506
10866,1130.644
10867,1130.648
10868,1130.652
10869,1130.656
10870,1130.795
10871,1130.799
10872,1130.803
10873,1130.807
10874,1130.955
10875,1130.964
10876,1130.969
10877,1130.973
10878,1131.145
10879,1131.153
10880,1131.158
10881,1131.162
10882,1131.330
10883,1131.334
10884,1131.339
10885,1131.344
10886,1131.510
10887,1131.520
10888,1131.524
10889,1131.529
10890,1131.676
10891,1131.680
10892,1131.684
10893,1131.687
10894,1131.824
10895,1131.830
10896,1131.833
10897,1131.836
10898,1131.972
10899,1131.976
10900,1131.979
10901,1132.117
10902,1132.120
10903,1132.124
10904,1132.265
10905,1132.269
10906,1132.272
10907,1132.412
10908,1132.416
10909,1132.419
10910,1132.556
10911,1132.560
10912,1132.563
10913,1132.699
10914,1132.703
10915,1132.706
10916,1132.843
10917,1132.847
10918,1132.850
10919,1132.931
10920,1132.951
10921,1132.954
10922,1132.957
10923,1132.960
10924,1132.963
10925,1132.966
10926,1132.969
10927,1133.015
10928,1133.079
10929,1133.097
10930,1133.100
10931,1133.103
10932,1133.105
10933,1133.107
10934,1133.110
10935,1133.119
10936,1133.136
10937,1133.300
10938,1133.304
10939,1133.308
10940,1133.313
10941,1133.317
10942,1133.510
10943,1133.515
10944,1133.519
10945,1133.523
10946,1133.528
10947,1133.730
10948,1133.734
10949,1133.739
10950,1133.744
10951,1133.748
10952,1133.941
10953,1133.945
10954,1133.950
10955,1133.954
10956,1133.959
10957,1134.127
10958,1134.130
10959,1134.134
10960,1134.137
10961,1134.141
10962,1134.297
10963,1134.301
10964,1134.304
10965,1134.307
10966,1134.381
10967,1134.399
10968,1134.402
10969,1134.412
10970,1134.431
10971,1134.599
10972,1134.602
10973,1134.606
10974,1134.610
10975,1134.613
10976,1134.688
10977,1134.706
10978,1134.709
10979,1134.712
10980,1134.714
10981,1134.717
10982,1134.719
10983,1134.722
10984,1134.725
10985,1134.727
10986,1134.737
10987,1134.755
10988,1134.913
10989,1134.916
10990,1134.920
10991,1134.923
10992,1134.926
10993,1135.083
10994,1135.086
10995,1135.090
10996,1135.094
10997,1135.098
10998,1135.259
10999,1135.263
11000,1135.266
11001,1135.270
11002,1135.274
11003,1135.436
11004,1135.439
11005,1135.443
11006,1135.447
11007,1135.451
11008,1135.633
11009,1135.636
11010,1135.640
11011,1135.644
11012,1135.647
11013,1135.813
11014,1135.816
11015,1135.820
11016,1135.824
11017,1135.828
11018,1136.018
11019,1136.023
11020,1136.028
11021,1136.033
11022,1136.038
11023,1136.243
11024,1136.247
11025,1136.252
11026,1136.258
11027,1136.262
11028,1136.357
11029,1136.382
11030,1136.386
11031,1136.401
11032,1136.427
11033,1136.628
11034,1136.633
11035,1136.637
11036,1136.641
11037,1136.645
11038,1136.724
11039,1136.744
11040,1136.747
11041,1136.757
11042,1136.776
11043,1136.948
11044,1136.951
11045,1136.955
11046,1136.958
11047,1136.962
11048,1137.037
11049,1137.056
11050,1137.059
11051,1137.069
11052,1137.088
11053,1137.251
11054,1137.254
11055,1137.258
11056,1137.262
11057,1137.266
11058,1137.417
11059,1137.485
11060,1137.489
11061,1137.492
11062,1137.495
11063,1137.499
11064,1137.502
11065,1137.506
11066,1137.510
11067,1137.513
11068,1137.517
11069,1137.520
11070,1137.524
11071,1137.528
11072,1137.532
11073,1137.720
11074,1137.724
11075,1137.727
11076,1137.971
11077,1138.036
11078,1138.040
11079,1138.223
11080,1138.227
11081,1138.231
11082,1138.432
11083,1138.437
11084,1138.442
11085,1138.569
11086,1138.653
11087,1138.657
11088,1138.661
11089,1138.664
11090,1138.667
11091,1138.671
11092,1138.675
11093,1138.718
11094,1138.800
11095,1139.010
11096,1139.014
11097,1139.018
11098,1139.022
11099,1139.213
11100,1139.217
11101,1139.221
11102,1139.225
11103,1139.418
11104,1139.423
11105,1139.427
11106,1139.430
11107,1139.618
11108,1139.622
11109,1139.626
11110,1139.630
11111,1139.825
11112,1139.830
11113,1139.835
11114,1139.839
11115,1140.022
11116,1140.026
11117,1140.030
11118,1140.034
11119,1140.130
11120,1140.189
11121,1140.192
11122,1140.195
11123,1140.197
11124,1140.200
11125,1140.230
11126,1140.289
11127,1140.480
11128,1140.485
11129,1140.489
11130,1140.493
11131,1140.702
11132,1140.707
11133,1140.712
11134,1140.717
11135,1140.945
11136,1140.949
11137,1140.954
11138,1140.958
11139,1141.181
11140,1141.185
11141,1141.191
11142,1141.196
11143,1141.304
11144,1141.371
11145,1141.374
11146,1141.377
11147,1141.380
11148,1141.382
11149,1141.385
11150,1141.388
11151,1141.391
11152,1141.394
11153,1141.397
11154,1141.400
11155,1141.403
11156,1141.406
11157,1141.409
11158,1141.412
11159,1141.415
11160,1141.418
11161,1141.421
11162,1141.425
11163,1141.428
11164,1141.431
11165,1141.461
11166,1141.521
11167,1141.710
11168,1141.714
11169,1141.718
11170,1141.722
11171,1141.908
11172,1141.912
11173,1141.916
11174,1141.920
11175,1142.130
11176,1142.135
11177,1142.139
11178,1142.143
11179,1142.330
11180,1142.335
11181,1142.339
11182,1142.343
11183,1142.540
11184,1142.544
11185,1142.549
11186,1142.553
11187,1142.763
11188,1142.768
11189,1142.772
11190,1142.777
11191,1142.988
11192,1142.993
11193,1142.999
11194,1143.004
11195,1143.268
11196,1143.273
11197,1143.279
11198,1143.285
11199,1143.524
11200,1143.529
11201,1143.535
11202,1143.540
11203,1143.779
11204,1143.783
11205,1143.788
11206,1143.793
11207,1144.018
11208,1144.024
11209,1144.030
11210,1144.034
11211,1144.266
11212,1144.274
11213,1144.280
11214,1144.284
11215,1144.491
11216,1144.497
11217,1144.501
11218,1144.505
11219,1144.705
11220,1144.711
11221,1144.716
11222,1144.719
11223,1144.916
11224,1144.922
11225,1144.927
11226,1144.931
11227,1145.129
11228,1145.135
11229,1145.140
11230,1145.146
11231,1145.338
11232,1145.344
11233,1145.348
11234,1145.352
11235,1145.551
11236,1145.561
11237,1145.567
11238,1145.572
11239,1145.817
11240,1145.826
11241,1145.831
11242,1145.836
11243,1146.075
11244,1146.084
11245,1146.089
11246,1146.095
11247,1146.320
11248,1146.325
11249,1146.329
11250,1146.527
11251,1146.532
11252,1146.536
11253,1146.730
11254,1146.734
11255,1146.738
11256,1146.931
11257,1146.935
11258,1146.939
11259,1147.142
11260,1147.147
11261,1147.151
11262,1147.364
11263,1147.369
11264,1147.373
11265,1147.567
11266,1147.572
11267,1147.576
11268,1147.730
11269,1147.805
11270,1147.809
11271,1147.813
11272,1147.816
11273,1147.819
11274,1147.823
11275,1147.827
11276,1147.830
11277,1147.834
11278,1147.838
11279,1147.841
11280,1147.845
11281,1147.849
11282,1147.853
11283,1148.043
11284,1148.047
11285,1148.050
11286,1148.189
11287,1148.193
11288,1148.197
11289,1148.437
11290,1148.442
11291,1148.447
11292,1148.693
11293,1148.698
11294,1148.704
11295,1148.829
11296,1148.897
11297,1148.900
11298,1148.903
11299,1148.906
11300,1148.909
11301,1148.912
11302,1148.915
11303,1148.948
11304,1149.011
11305,1149.204
11306,1149.209
11307,1149.213
11308,1149.217
11309,1149.415
11310,1149.419
11311,1149.424
11312,1149.427
11313,1149.620
11314,1149.624
11315,1149.628
11316,1149.632
11317,1149.821
11318,1149.825
11319,1149.829
11320,1149.833
11321,1150.035
11322,1150.040
11323,1150.045
11324,1150.049
11325,1150.241
11326,1150.245
11327,1150.249
11328,1150.253
11329,1150.348
11330,1150.410
11331,1150.413
11332,1150.416
11333,1150.418
11334,1150.421
11335,1150.454
11336,1150.540
11337,1150.783
11338,1150.788
11339,1150.793
11340,1150.798
11341,1151.035
11342,1151.040
11343,1151.046
11344,1151.051
11345,1151.250
11346,1151.254
11347,1151.259
11348,1151.262
11349,1151.450
11350,1151.454
11351,1151.458
11352,1151.462
11353,1151.561
11354,1151.625
11355,1151.629
11356,1151.631
11357,1151.634
11358,1151.637
11359,1151.640
11360,1151.643
11361,1151.646
11362,1151.649
11363,1151.652
11364,1151.655
11365,1151.658
11366,1151.661
11367,1151.664
11368,1151.667
11369,1151.670
11370,1151.673
11371,1151.676
11372,1151.679
11373,1151.682
11374,1151.686
11375,1151.715
11376,1151.774
11377,1151.965
11378,1151.970
11379,1151.974
11380,1151.977
11381,1152.168
11382,1152.173
11383,1152.177
11384,1152.181
11385,1152.390
11386,1152.394
11387,1152.399
11388,1152.403
11389,1152.595
11390,1152.599
11391,1152.603
11392,1152.607
11393,1152.796
11394,1152.801
11395,1152.807
11396,1152.813
11397,1153.055
11398,1153.061
11399,1153.066
11400,1153.071
11401,1153.310
11402,1153.314
11403,1153.319
11404,1153.324
11405,1153.562
11406,1153.566
11407,1153.571
11408,1153.575
11409,1153.765
11410,1153.770
11411,1153.774
11412,1153.777
11413,1153.975
11414,1153.979
11415,1153.983
11416,1153.987
11417,1154.184
11418,1154.190
11419,1154.195
11420,1154.199
11421,1154.407
11422,1154.414
11423,1154.420
11424,1154.424
11425,1154.625
11426,1154.632
11427,1154.636
11428,1154.640
11429,1154.833
11430,1154.839
11431,1154.843
11432,1154.847
11433,1155.037
11434,1155.043
11435,1155.047
11436,1155.051
11437,1155.239
11438,1155.248
11439,1155.254
11440,1155.259
11441,1155.495
11442,1155.504
11443,1155.509
11444,1155.513
11445,1155.745
11446,1155.754
11447,1155.759
11448,1155.763
11449,1155.987
11450,1155.993
11451,1155.997
11452,1156.000
11453,1156.193
11454,1156.199
11455,1156.203
11456,1156.207
11457,1156.421
11458,1156.425
11459,1156.429
11460,1156.616
11461,1156.621
11462,1156.625
11463,1156.812
11464,1156.816
11465,1156.820
11466,1156.998
11467,1157.003
11468,1157.006
11469,1157.199
11470,1157.203
11471,1157.207
11472,1157.395
11473,1157.399
11474,1157.403
11475,1157.585
11476,1157.589
11477,1157.592
11478,1157.682
11479,1157.755
11480,1157.759
11481,1157.844
11482,1158.182
11483,1158.348
11484,1158.405
11485,1158.408
11486,1158.471
11487,1158.528
11488,1158.594
11489,1158.653
11490,1158.656
11491,1158.659
11492,1158.661
11493,1158.664
11494,1158.693
11495,1158.750
11496,1158.753
11497,1158.755
11498,1158.758
11499,1158.811
11500,1158.832
11501,1158.835
11502,1158.838
11503,1158.841
11504,1158.843
11505,1158.846
11506,1158.849
11507,1158.895
11508,1158.958
11509,1158.977
11510,1158.980
11511,1158.982
11512,1158.985
11513,1158.987
11514,1158.989
11515,1158.998
11516,1159.016
11517,1159.172
11518,1159.176
11519,1159.179
11520,1159.183
11521,1159.186
11522,1159.343
11523,1159.346
11524,1159.350
11525,1159.353
11526,1159.357
11527,1159.515
11528,1159.519
11529,1159.522
11530,1159.526
11531,1159.529
11532,1159.684
11533,1159.687
11534,1159.691
11535,1159.694
11536,1159.698
11537,1159.865
11538,1159.869
11539,1159.874
11540,1159.878
11541,1159.883
11542,1160.070
11543,1160.074
11544,1160.078
11545,1160.082
11546,1160.170
11547,1160.198
11548,1160.201
11549,1160.214
11550,1160.240
11551,1160.438
11552,1160.443
11553,1160.447
11554,1160.452
11555,1160.458
11556,1160.542
11557,1160.572
11558,1160.572
11559,1160.572
11560,1160.572
11561,1160.574
11562,1160.577
11563,1160.579
11564,1160.582
11565,1160.585
11566,1160.594
11567,1160.614
11568,1160.800
11569,1160.804
11570,1160.808
11571,1160.812
11572,1160.816
11573,1160.981
11574,1160.984
11575,1160.988
11576,1160.992
11577,1160.995
11578,1161.156
11579,1161.160
11580,1161.163
11581,1161.166
11582,1161.170
11583,1161.343
11584,1161.347
11585,1161.351
11586,1161.355
11587,1161.358
11588,1161.532
11589,1161.536
11590,1161.540
11591,1161.544
11592,1161.547
11593,1161.731
11594,1161.734
11595,1161.738
11596,1161.741
11597,1161.745
11598,1161.910
11599,1161.913
11600,1161.917
11601,1161.921
11602,1161.924
11603,1162.085
11604,1162.089
11605,1162.092
11606,1162.096
11607,1162.099
11608,1162.171
11609,1162.190
11610,1162.193
11611,1162.202
11612,1162.222
11613,1162.381
11614,1162.384
11615,1162.388
11616,1162.391
11617,1162.395
11618,1162.482
11619,1162.510
11620,1162.513
11621,1162.526
11622,1162.557
11623,1162.746
11624,1162.750
11625,1162.754
11626,1162.758
11627,1162.762
11628,1162.853
11629,1162.881
11630,1162.884
11631,1162.897
11632,1162.922
11633,1163.107
11634,1163.111
11635,1163.114
11636,1163.118
11637,1163.121
11638,1163.541
11639,1163.546
11640,1163.978
11641,1163.982
11642,1164.413
11643,1164.418
11644,1164.868
11645,1164.873
11646,1165.346
11647,1165.352
11648,1165.884
11649,1165.889
11650,1166.335
11651,1166.339
11652,1166.344
11653,1166.348
11654,1166.555
11655,1166.559
11656,1166.633
11657,1166.636
11658,1166.641
11659,1166.644
11660,1166.732
11661,1166.735
11662,1167.165
11663,1167.169
11664,1167.316
11665,1167.378
11666,1167.382
11667,1167.385
11668,1167.388
11669,1167.392
11670,1167.395
11671,1167.398
11672,1167.402
11673,1167.405
11674,1167.408
11675,1167.411
11676,1167.415
11677,1167.418
11678,1167.422
11679,1167.600
11680,1167.604
11681,1167.607
11682,1167.708
11683,1167.775
11684,1167.779
11685,1168.006
11686,1168.010
11687,1168.015
11688,1168.237
11689,1168.242
11690,1168.247
11691,1168.368
11692,1168.438
11693,1168.440
11694,1168.443
11695,1168.445
11696,1168.448
11697,1168.450
11698,1168.453
11699,1168.483
11700,1168.542
11701,1168.728
11702,1168.732
11703,1168.736
11704,1168.740
11705,1168.934
11706,1168.939
11707,1168.943
11708,1168.947
11709,1169.144
11710,1169.148
11711,1169.152
11712,1169.156
11713,1169.347
11714,1169.351
11715,1169.355
11716,1169.358
11717,1169.557
11718,1169.562
11719,1169.566
11720,1169.570
11721,1169.765
11722,1169.770
11723,1169.774
11724,1169.778
11725,1169.875
11726,1169.937
11727,1169.940
11728,1169.943
11729,1169.945
11730,1169.948
11731,1169.978
11732,1170.040
11733,1170.294
11734,1170.300
11735,1170.305
11736,1170.310
11737,1170.541
11738,1170.547
11739,1170.551
11740,1170.556
11741,1170.796
11742,1170.802
11743,1170.805
11744,1170.809
11745,1171.016
11746,1171.020
11747,1171.024
11748,1171.028
11749,1171.131
11750,1171.202
11751,1171.206
11752,1171.209
11753,1171.212
11754,1171.215
11755,1171.218
11756,1171.221
11757,1171.224
11758,1171.227
11759,1171.230
11760,1171.233
11761,1171.237
11762,1171.240
11763,1171.243
11764,1171.246
11765,1171.249
11766,1171.252
11767,1171.255
11768,1171.258
11769,1171.262
11770,1171.265
11771,1171.300
11772,1171.367
11773,1171.566
11774,1171.570
11775,1171.575
11776,1171.578
11777,1171.778
11778,1171.782
11779,1171.786
11780,1171.790
11781,1172.019
11782,1172.024
11783,1172.029
11784,1172.033
11785,1172.242
11786,1172.246
11787,1172.251
11788,1172.255
11789,1172.453
11790,1172.457
11791,1172.461
11792,1172.465
11793,1172.684
11794,1172.689
11795,1172.695
11796,1172.700
11797,1172.960
11798,1172.965
11799,1172.971
11800,1172.976
11801,1173.259
11802,1173.270
11803,1173.275
11804,1173.280
11805,1173.495
11806,1173.499
11807,1173.503
11808,1173.507
11809,1173.720
11810,1173.725
11811,1173.729
11812,1173.733
11813,1173.952
11814,1173.958
11815,1173.963
11816,1173.967
11817,1174.189
11818,1174.196
11819,1174.202
11820,1174.206
11821,1174.413
11822,1174.419
11823,1174.424
11824,1174.427
11825,1174.632
11826,1174.638
11827,1174.642
11828,1174.646
11829,1174.849
11830,1174.855
11831,1174.860
11832,1174.864
11833,1174.964
11834,1175.027
11835,1175.030
11836,1175.033
11837,1175.064
11838,1175.137
11839,1175.141
11840,1175.145
11841,1175.189
11842,1175.280
11843,1175.284
11844,1175.288
11845,1175.533
11846,1175.542
11847,1175.547
11848,1175.552
11849,1175.795
11850,1175.801
11851,1175.805
11852,1175.809
11853,1176.005
11854,1176.009
11855,1176.013
11856,1176.110
11857,1176.172
11858,1176.175
11859,1176.207
11860,1176.264
11861,1176.294
11862,1176.353
11863,1176.356
11864,1176.387
11865,1176.447
11866,1176.637
11867,1176.642
11868,1176.645
11869,1176.743
11870,1176.803
11871,1176.806
11872,1176.836
11873,1176.895
11874,1176.926
11875,1176.983
11876,1176.986
11877,1177.014
11878,1177.084
11879,1177.127
11880,1177.212
11881,1177.215
11882,1177.257
11883,1177.339
11884,1177.443
11885,1177.447
11886,1177.570
11887,1177.583
11888,1177.586
11889,1177.588
11890,1177.637
11891,1177.658
11892,1177.688
11893,1177.747
11894,1177.825
11895,1177.828
11896,1177.830
11897,1177.900
11898,1177.914
11899,1177.922
11900,1177.925
11901,1177.944
11902,1177.965
11903,1178.046
11904,1178.049
11905,1178.051
11906,1178.054
11907,1178.102
11908,1178.112
11909,1178.142
11910,1178.199
11911,1178.230
11912,1178.291
11913,1178.322
11914,1178.382
11915,1178.414
11916,1178.471
11917,1178.501
11918,1178.564
11919,1178.595
11920,1178.656
11921,1178.697
11922,1178.709
11923,1178.712
11924,1178.714
11925,1178.717
11926,1178.720
11927,1178.724
11928,1178.727
11929,1178.731
11930,1178.816
11931,1178.838
11932,1178.849
11933,1178.853
11934,1178.857
11935,1178.958
11936,1179.104
11937,1179.169
11938,1179.173
11939,1179.253
11940,1179.314
11941,1179.321
11942,1179.348
11943,1179.351
11944,1179.354
11945,1179.356
11946,1179.382
11947,1179.394
11948,1179.397
11949,1179.465
11950,1179.468
11951,1179.470
11952,1179.473
11953,1179.542
11954,1179.609
11955,1179.612
11956,1179.616
11957,1179.688
11958,1179.760
11959,1179.767
11960,1179.770
11961,1179.904
11962,1179.908
11963,1180.040
11964,1180.044
11965,1180.129
11966,1180.172
11967,1180.174
11968,1180.321
11969,1180.325
11970,1180.329
11971,1180.503
11972,1180.508
11973,1180.513
11974,1180.602
11975,1180.649
11976,1180.653
11977,1180.827
11978,1180.832
11979,1180.838
11980,1180.843
11981,1180.954
11982,1181.014
11983,1181.045
11984,1181.110
11985,1181.159
11986,1181.232
11987,1181.269
11988,1181.271
11989,1181.283
11990,1181.306
11991,1181.937
11992,1181.942
11993,1181.946
11994,1182.247
11995,1182.561
11996,1182.567
11997,1182.571
11998,1182.729
11999,1182.810
12000,1182.956
12001,1182.960
12002,1183.043
12003,1183.057
12004,1183.501
12005,1183.506
12006,1183.723
12007,1183.795
12008,1183.806
12009,1183.809
12010,1183.854
12011,1183.997
12012,1184.001
12013,1184.370
12014,1184.375
12015,1184.570
12016,1184.692
12017,1184.695
12018,1186.434
12019,1186.442
12020,1188.255
12021,1188.263
12022,1188.365
12023,1188.368
12024,1188.371
12025,1188.408
12026,1188.411
12027,1188.414
12028,1188.417
12029,1188.419
12030,1188.422
12031,1188.425
12032,1188.497
12033,1188.500
12034,1188.502
12035,1188.555
12036,1188.568
12037,1188.571
12038,1188.582
12039,1188.594
12040,1188.596
12041,1188.623
12042,1188.636
12043,1188.639
12044,1188.700
12045,1188.722
12046,1188.726
12047,1188.729
12048,1188.732
12049,1188.735
12050,1188.738
12051,1188.741
12052,1188.792
12053,1188.860
12054,1188.878
12055,1188.881
12056,1188.884
12057,1188.886
12058,1188.888
12059,1188.891
12060,1188.900
12061,1188.920
12062,1189.120
12063,1189.124
12064,1189.129
12065,1189.133
12066,1189.137
12067,1189.338
12068,1189.342
12069,1189.346
12070,1189.350
12071,1189.354
12072,1189.580
12073,1189.586
12074,1189.593
12075,1189.598
12076,1189.604
12077,1189.858
12078,1189.864
12079,1189.870
12080,1189.876
12081,1189.881
12082,1190.117
12083,1190.121
12084,1190.126
12085,1190.131
12086,1190.136
12087,1190.375
12088,1190.380
12089,1190.386
12090,1190.391
12091,1190.475
12092,1190.495
12093,1190.498
12094,1190.507
12095,1190.525
12096,1190.737
12097,1190.740
12098,1190.745
12099,1190.749
12100,1190.753
12101,1190.833
12102,1190.854
12103,1190.856
12104,1190.859
12105,1190.861
12106,1190.864
12107,1190.867
12108,1190.869
12109,1190.872
12110,1190.875
12111,1190.884
12112,1190.902
12113,1191.110
12114,1191.114
12115,1191.119
12116,1191.123
12117,1191.127
12118,1191.333
12119,1191.338
12120,1191.342
12121,1191.347
12122,1191.351
12123,1191.561
12124,1191.565
12125,1191.570
12126,1191.574
12127,1191.578
12128,1191.787
12129,1191.792
12130,1191.796
12131,1191.800
12132,1191.804
12133,1192.018
12134,1192.022
12135,1192.027
12136,1192.032
12137,1192.036
12138,1192.249
12139,1192.253
12140,1192.258
12141,1192.262
12142,1192.266
12143,1192.482
12144,1192.487
12145,1192.491
12146,1192.495
12147,1192.500
12148,1192.705
12149,1192.709
12150,1192.714
12151,1192.717
12152,1192.721
12153,1192.821
12154,1192.850
12155,1192.853
12156,1192.867
12157,1192.898
12158,1193.135
12159,1193.140
12160,1193.146
12161,1193.152
12162,1193.157
12163,1193.256
12164,1193.285
12165,1193.289
12166,1193.303
12167,1193.336
12168,1193.554
12169,1193.559
12170,1193.563
12171,1193.567
12172,1193.571
12173,1193.652
12174,1193.672
12175,1193.675
12176,1193.684
12177,1193.705
12178,1193.915
12179,1193.920
12180,1193.924
12181,1193.928
12182,1193.932
12183,1194.086
12184,1194.137
12185,1194.140
12186,1194.144
12187,1194.147
12188,1194.151
12189,1194.154
12190,1194.158
12191,1194.161
12192,1194.165
12193,1194.169
12194,1194.173
12195,1194.177
12196,1194.181
12197,1194.185
12198,1194.398
12199,1194.403
12200,1194.408
12201,1194.581
12202,1194.586
12203,1194.593
12204,1194.597
12205,1194.813
12206,1194.818
12207,1194.822
12208,1195.055
12209,1195.060
12210,1195.065
12211,1195.159
12212,1195.204
12213,1195.207
12214,1195.210
12215,1195.213
12216,1195.216
12217,1195.220
12218,1195.222
12219,1195.247
12220,1195.303
12221,1195.580
12222,1195.586
12223,1195.591
12224,1195.597
12225,1195.874
12226,1195.880
12227,1195.886
12228,1195.892
12229,1196.157
12230,1196.162
12231,1196.166
12232,1196.171
12233,1196.393
12234,1196.398
12235,1196.402
12236,1196.407
12237,1196.648
12238,1196.653
12239,1196.658
12240,1196.663
12241,1196.909
12242,1196.914
12243,1196.918
12244,1196.923
12245,1197.013
12246,1197.054
12247,1197.057
12248,1197.060
12249,1197.062
12250,1197.065
12251,1197.087
12252,1197.132
12253,1197.370
12254,1197.375
12255,1197.380
12256,1197.384
12257,1197.627
12258,1197.631
12259,1197.636
12260,1197.640
12261,1197.866
12262,1197.871
12263,1197.875
12264,1197.880
12265,1198.127
12266,1198.133
12267,1198.138
12268,1198.143
12269,1198.270
12270,1198.334
12271,1198.339
12272,1198.343
12273,1198.347
12274,1198.350
12275,1198.354
12276,1198.359
12277,1198.363
12278,1198.366
12279,1198.372
12280,1198.376
12281,1198.380
12282,1198.384
12283,1198.388
12284,1198.392
12285,1198.397
12286,1198.401
12287,1198.405
12288,1198.409
12289,1198.413
12290,1198.419
12291,1198.451
12292,1198.520
12293,1198.779
12294,1198.784
12295,1198.789
12296,1198.793
12297,1199.031
12298,1199.036
12299,1199.040
12300,1199.044
12301,1199.303
12302,1199.308
12303,1199.313
12304,1199.318
12305,1199.553
12306,1199.558
12307,1199.563
12308,1199.568
12309,1199.807
12310,1199.811
12311,1199.816
12312,1199.820
12313,1200.066
12314,1200.071
12315,1200.076
12316,1200.081
12317,1200.335
12318,1200.340
12319,1200.345
12320,1200.350
12321,1200.613
12322,1200.621
12323,1200.626
12324,1200.630
12325,1200.887
12326,1200.893
12327,1200.900
12328,1200.906
12329,1201.197
12330,1201.204
12331,1201.209
12332,1201.214
12333,1201.503
12334,1201.514
12335,1201.521
12336,1201.526
12337,1201.787
12338,1201.795
12339,1201.801
12340,1201.806
12341,1202.051
12342,1202.058
12343,1202.064
12344,1202.068
12345,1202.305
12346,1202.312
12347,1202.316
12348,1202.321
12349,1202.550
12350,1202.556
12351,1202.561
12352,1202.566
12353,1202.796
12354,1202.803
12355,1202.807
12356,1202.811
12357,1203.043
12358,1203.050
12359,1203.055
12360,1203.059
12361,1203.290
12362,1203.297
12363,1203.302
12364,1203.306
12365,1203.534
12366,1203.540
12367,1203.545
12368,1203.550
12369,1203.826
12370,1203.837
12371,1203.843
12372,1203.850
12373,1204.116
12374,1204.121
12375,1204.127
12376,1204.394
12377,1204.398
12378,1204.403
12379,1204.625
12380,1204.630
12381,1204.634
12382,1204.853
12383,1204.857
12384,1204.862
12385,1205.091
12386,1205.096
12387,1205.101
12388,1205.325
12389,1205.330
12390,1205.334
12391,1205.555
12392,1205.560
12393,1205.564
12394,1205.634
12395,1205.677
12396,1205.680
12397,1205.682
12398,1205.688
12399,1205.690
12400,1205.692
12401,1205.695
12402,1205.786
12403,1205.789
12404,1205.792
12405,1205.847
12406,1205.850
12407,1205.852
12408,1205.855
12409,1205.878
12410,1205.891
12411,1205.893
12412,1205.903
12413,1205.916
12414,1205.918
12415,1205.946
12416,1205.959
12417,1205.962
12418,1205.973
12419,1205.985
12420,1205.987
12421,1205.997
12422,1205.999
12423,1206.001
12424,1206.004
12425,1206.037
12426,1206.040
12427,1206.042
12428,1206.045
12429,1206.047
12430,1206.051
12431,1206.066
12432,1206.069
12433,1206.084
12434,1206.087
12435,1206.090
12436,1206.093
12437,1206.099
12438,1206.103
12439,1206.106
12440,1206.109
12441,1206.112
12442,1206.154
12443,1206.158
12444,1206.162
12445,1206.165
12446,1206.168
12447,1206.172
12448,1206.175
12449,1206.218
12450,1206.221
12451,1206.225
12452,1206.228
12453,1206.270
12454,1206.274
12455,1206.277
12456,1206.280
12457,1206.284
12458,1206.287
12459,1206.291
12460,1206.294
12461,1206.335
12462,1206.339
12463,1206.342
12464,1206.346
12465,1206.349
12466,1206.352
12467,1206.355
12468,1206.358
12469,1206.362
12470,1206.365
12471,1206.368
12472,1206.371
12473,1206.390
12474,1206.407
12475,1206.411
12476,1206.414
12477,1206.417
12478,1206.420
12479,1206.423
12480,1206.503
12481,1206.651
12482,1206.654
12483,1206.656
12484,1206.659
12485,1206.661
12486,1206.744
12487,1206.748
12488,1206.752
12489,1206.820
12490,1206.823
12491,1206.826
12492,1206.904
12493,1206.907
12494,1206.910
12495,1206.913
12496,1206.916
12497,1206.953
12498,1206.956
12499,1206.959
12500,1206.962
12501,1206.964
12502,1206.969
12503,1206.981
12504,1206.983
12505,1206.992
12506,1207.005
12507,1207.008
12508,1207.169
12509,1207.174
12510,1207.178
12511,1207.268
12512,1207.313
12513,1207.423
12514,1207.427
12515,1207.583
12516,1207.635
12517,1207.639
12518,1207.642
12519,1207.646
12520,1207.649
12521,1207.653
12522,1207.657
12523,1207.660
12524,1207.664
12525,1207.668
12526,1207.672
12527,1207.676
12528,1207.680
12529,1207.684
12530,1207.905
12531,1207.910
12532,1207.914
12533,1208.093
12534,1208.098
12535,1208.106
12536,1208.111
12537,1208.353
12538,1208.358
12539,1208.364
12540,1208.653
12541,1208.659
12542,1208.664
12543,1208.787
12544,1208.851
12545,1208.855
12546,1208.859
12547,1208.863
12548,1208.867
12549,1208.871
12550,1208.875
12551,1208.913
12552,1208.964
12553,1209.218
12554,1209.223
12555,1209.228
12556,1209.232
12557,1209.486
12558,1209.491
12559,1209.496
12560,1209.501
12561,1209.746
12562,1209.751
12563,1209.755
12564,1209.759
12565,1209.991
12566,1209.995
12567,1210.000
12568,1210.004
12569,1210.260
12570,1210.265
12571,1210.271
12572,1210.275
12573,1210.511
12574,1210.515
12575,1210.520
12576,1210.524
12577,1210.616
12578,1210.666
12579,1210.669
12580,1210.672
12581,1210.675
12582,1210.678
12583,1210.701
12584,1210.746
12585,1211.030
12586,1211.036
12587,1211.055
12588,1211.055
12589,1211.326
12590,1211.332
12591,1211.337
12592,1211.343
12593,1211.616
12594,1211.621
12595,1211.626
12596,1211.630
12597,1211.868
12598,1211.873
12599,1211.878
12600,1211.883
12601,1211.989
12602,1212.044
12603,1212.047
12604,1212.051
12605,1212.054
12606,1212.057
12607,1212.061
12608,1212.064
12609,1212.067
12610,1212.070
12611,1212.073
12612,1212.077
12613,1212.080
12614,1212.083
12615,1212.086
12616,1212.090
12617,1212.093
12618,1212.096
12619,1212.100
12620,1212.104
12621,1212.107
12622,1212.111
12623,1212.137
12624,1212.187
12625,1212.433
12626,1212.439
12627,1212.445
12628,1212.449
12629,1212.703
12630,1212.708
12631,1212.713
12632,1212.717
12633,1212.993
12634,1212.999
12635,1213.004
12636,1213.009
12637,1213.258
12638,1213.264
12639,1213.269
12640,1213.273
12641,1213.520
12642,1213.525
12643,1213.531
12644,1213.536
12645,1213.832
12646,1213.839
12647,1213.845
12648,1213.850
12649,1214.159
12650,1214.165
12651,1214.170
12652,1214.176
12653,1214.457
12654,1214.464
12655,1214.469
12656,1214.473
12657,1214.717
12658,1214.722
12659,1214.726
12660,1214.730
12661,1214.987
12662,1214.992
12663,1214.997
12664,1215.001
12665,1215.254
12666,1215.261
12667,1215.266
12668,1215.271
12669,1215.541
12670,1215.549
12671,1215.555
12672,1215.561
12673,1215.821
12674,1215.828
12675,1215.833
12676,1215.837
12677,1216.085
12678,1216.093
12679,1216.098
12680,1216.102
12681,1216.387
12682,1216.402
12683,1216.408
12684,1216.416
12685,1216.722
12686,1216.732
12687,1216.737
12688,1216.749
12689,1217.051
12690,1217.060
12691,1217.066
12692,1217.072
12693,1217.351
12694,1217.358
12695,1217.364
12696,1217.368
12697,1217.617
12698,1217.624
12699,1217.629
12700,1217.634
12701,1217.887
12702,1217.894
12703,1217.899
12704,1217.904
12705,1218.137
12706,1218.142
12707,1218.147
12708,1218.383
12709,1218.388
12710,1218.392
12711,1218.619
12712,1218.624
12713,1218.628
12714,1218.855
12715,1218.860
12716,1218.864
12717,1219.102
12718,1219.107
12719,1219.111
12720,1219.382
12721,1219.389
12722,1219.395
12723,1219.678
12724,1219.683
12725,1219.689
12726,1219.886
12727,1219.963
12728,1219.969
12729,1219.974
12730,1219.980
12731,1219.985
12732,1219.990
12733,1219.996
12734,1220.001
12735,1220.005
12736,1220.009
12737,1220.012
12738,1220.016
12739,1220.019
12740,1220.024
12741,1220.184
12742,1220.188
12743,1220.191
12744,1220.338
12745,1220.342
12746,1220.345
12747,1220.491
12748,1220.495
12749,1220.498
12750,1220.648
12751,1220.651
12752,1220.655
12753,1220.748
12754,1220.791
12755,1220.794
12756,1220.796
12757,1220.799
12758,1220.802
12759,1220.805
12760,1220.807
12761,1220.829
12762,1220.873
12763,1221.022
12764,1221.026
12765,1221.030
12766,1221.033
12767,1221.185
12768,1221.189
12769,1221.193
12770,1221.196
12771,1221.347
12772,1221.351
12773,1221.354
12774,1221.358
12775,1221.507
12776,1221.510
12777,1221.514
12778,1221.517
12779,1221.672
12780,1221.676
12781,1221.680
12782,1221.684
12783,1221.840
12784,1221.845
12785,1221.850
12786,1221.855
12787,1221.974
12788,1222.041
12789,1222.044
12790,1222.048
12791,1222.051
12792,1222.054
12793,1222.084
12794,1222.147
12795,1222.333
12796,1222.338
12797,1222.343
12798,1222.347
12799,1222.510
12800,1222.514
12801,1222.518
12802,1222.522
12803,1222.683
12804,1222.687
12805,1222.691
12806,1222.695
12807,1222.850
12808,1222.854
12809,1222.857
12810,1222.861
12811,1222.965
12812,1223.016
12813,1223.020
12814,1223.023
12815,1223.027
12816,1223.030
12817,1223.033
12818,1223.036
12819,1223.039
12820,1223.042
12821,1223.045
12822,1223.048
12823,1223.051
12824,1223.055
12825,1223.058
12826,1223.061
12827,1223.064
12828,1223.067
12829,1223.070
12830,1223.073
12831,1223.076
12832,1223.080
12833,1223.103
12834,1223.148
12835,1223.314
12836,1223.318
12837,1223.322
12838,1223.326
12839,1223.497
12840,1223.501
12841,1223.505
12842,1223.509
12843,1223.680
12844,1223.684
12845,1223.688
12846,1223.692
12847,1223.850
12848,1223.854
12849,1223.858
12850,1223.862
12851,1224.022
12852,1224.027
12853,1224.031
12854,1224.035
12855,1224.195
12856,1224.199
12857,1224.203
12858,1224.206
12859,1224.384
12860,1224.389
12861,1224.394
12862,1224.399
12863,1224.594
12864,1224.599
12865,1224.605
12866,1224.611
12867,1224.800
12868,1224.805
12869,1224.810
12870,1224.815
12871,1225.015
12872,1225.019
12873,1225.023
12874,1225.026
12875,1225.182
12876,1225.187
12877,1225.191
12878,1225.194
12879,1225.366
12880,1225.373
12881,1225.378
12882,1225.382
12883,1225.550
12884,1225.556
12885,1225.560
12886,1225.564
12887,1225.725
12888,1225.731
12889,1225.735
12890,1225.739
12891,1225.898
12892,1225.904
12893,1225.908
12894,1225.912
12895,1226.074
12896,1226.080
12897,1226.084
12898,1226.088
12899,1226.256
12900,1226.262
12901,1226.266
12902,1226.270
12903,1226.439
12904,1226.445
12905,1226.450
12906,1226.453
12907,1226.613
12908,1226.620
12909,1226.623
12910,1226.627
12911,1226.791
12912,1226.797
12913,1226.800
12914,1226.804
12915,1226.973
12916,1226.978
12917,1226.983
12918,1227.176
12919,1227.181
12920,1227.185
12921,1227.374
12922,1227.380
12923,1227.385
12924,1227.578
12925,1227.582
12926,1227.587
12927,1227.765
12928,1227.769
12929,1227.772
12930,1227.931
12931,1227.935
12932,1227.940
12933,1228.095
12934,1228.098
12935,1228.102
12936,1228.204
12937,1228.260
12938,1228.263
12939,1228.333
12940,1228.479
12941,1228.482
12942,1228.612
12943,1228.616
12944,1228.619
12945,1228.714
12946,1228.773
12947,1228.776
12948,1228.805
12949,1228.862
12950,1228.865
12951,1228.869
12952,1228.945
12953,1228.948
12954,1228.951
12955,1229.028
12956,1229.031
12957,1229.034
12958,1229.036
12959,1229.112
12960,1229.181
12961,1229.185
12962,1229.188
12963,1229.278
12964,1229.360
12965,1229.364
12966,1229.367
12967,1229.370
12968,1229.529
12969,1229.534
12970,1229.538
12971,1229.542
12972,1229.547
12973,1229.551
12974,1229.764
12975,1229.767
12976,1229.770
12977,1229.775
12978,1229.779
12979,1229.876
12980,1229.936
12981,1229.939
12982,1229.942
12983,1230.150
12984,1230.155
12985,1230.162
12986,1230.166
12987,1230.339
12988,1230.342
12989,1230.345
12990,1230.347
12991,1230.353
12992,1230.356
12993,1230.456
12994,1230.459
12995,1230.461
12996,1230.464
12997,1230.466
12998,1230.468
12999,1230.637
13000,1230.640
13001,1230.643
13002,1230.645
13003,1230.648
13004,1230.653
13005,1230.656
13006,1230.758
13007,1230.761
13008,1230.764
13009,1230.767
13010,1230.862
13011,1230.923
13012,1230.925
13013,1230.928
13014,1231.071
13015,1231.076
13016,1231.080
13017,1231.084
13018,1231.181
13019,1231.274
13020,1231.360
13021,1231.364
13022,1231.369
13023,1231.473
13024,1231.494
13025,1231.497
13026,1231.511
13027,1231.515
13028,1231.618
13029,1231.621
13030,1231.745
13031,1231.818
13032,1231.824
13033,1231.837
13034,1231.840
13035,1231.946
13036,1231.950
13037,1232.102
13038,1232.106
13039,1232.261
13040,1232.265
13041,1232.380
13042,1232.383
13043,1232.539
13044,1232.587
13045,1232.591
13046,1232.594
13047,1232.597
13048,1232.601
13049,1232.604
13050,1232.607
13051,1232.610
13052,1232.614
13053,1232.618
13054,1232.621
13055,1232.625
13056,1232.628
13057,1232.632
13058,1232.778
13059,1232.782
13060,1232.785
13061,1232.933
13062,1232.937
13063,1232.940
13064,1233.091
13065,1233.096
13066,1233.099
13067,1233.269
13068,1233.273
13069,1233.277
13070,1233.371
13071,1233.415
13072,1233.417
13073,1233.420
13074,1233.423
13075,1233.426
13076,1233.429
13077,1233.431
13078,1233.451
13079,1233.517
13080,1233.719
13081,1233.724
13082,1233.730
13083,1233.735
13084,1233.944
13085,1233.949
13086,1233.955
13087,1233.961
13088,1234.163
13089,1234.168
13090,1234.172
13091,1234.175
13092,1234.341
13093,1234.345
13094,1234.349
13095,1234.352
13096,1234.531
13097,1234.536
13098,1234.541
13099,1234.545
13100,1234.712
13101,1234.717
13102,1234.722
13103,1234.726
13104,1234.828
13105,1234.872
13106,1234.875
13107,1234.878
13108,1234.880
13109,1234.883
13110,1234.904
13111,1234.945
13112,1235.106
13113,1235.110
13114,1235.114
13115,1235.118
13116,1235.275
13117,1235.279
13118,1235.283
13119,1235.287
13120,1235.446
13121,1235.451
13122,1235.455
13123,1235.460
13124,1235.631
13125,1235.635
13126,1235.639
13127,1235.643
13128,1235.739
13129,1235.799
13130,1235.805
13131,1235.808
13132,1235.812
13133,1235.816
13134,1235.820
13135,1235.823
13136,1235.827
13137,1235.831
13138,1235.835
13139,1235.839
13140,1235.843
13141,1235.847
13142,1235.851
13143,1235.856
13144,1235.861
13145,1235.865
13146,1235.870
13147,1235.874
13148,1235.878
13149,1235.883
13150,1235.914
13151,1235.972
13152,1236.171
13153,1236.176
13154,1236.182
13155,1236.187
13156,1236.386
13157,1236.390
13158,1236.394
13159,1236.398
13160,1236.583
13161,1236.588
13162,1236.593
13163,1236.597
13164,1236.766
13165,1236.771
13166,1236.776
13167,1236.781
13168,1236.951
13169,1236.956
13170,1236.960
13171,1236.964
13172,1237.137
13173,1237.141
13174,1237.145
13175,1237.149
13176,1237.319
13177,1237.323
13178,1237.327
13179,1237.331
13180,1237.521
13181,1237.527
13182,1237.532
13183,1237.537
13184,1237.708
13185,1237.712
13186,1237.717
13187,1237.721
13188,1237.905
13189,1237.911
13190,1237.916
13191,1237.920
13192,1238.104
13193,1238.111
13194,1238.116
13195,1238.121
13196,1238.344
13197,1238.354
13198,1238.361
13199,1238.366
13200,1238.586
13201,1238.594
13202,1238.599
13203,1238.605
13204,1238.818
13205,1238.828
13206,1238.833
13207,1238.838
13208,1239.012
13209,1239.018
13210,1239.022
13211,1239.026
13212,1239.194
13213,1239.200
13214,1239.205
13215,1239.208
13216,1239.381
13217,1239.387
13218,1239.391
13219,1239.395
13220,1239.563
13221,1239.569
13222,1239.574
13223,1239.578
13224,1239.743
13225,1239.749
13226,1239.753
13227,1239.757
13228,1239.924
13229,1239.930
13230,1239.935
13231,1239.938
13232,1240.030
13233,1240.033
13234,1240.036
13235,1240.039
13236,1240.127
13237,1240.169
13238,1240.242
13239,1240.285
13240,1240.355
13241,1240.358
13242,1240.361
13243,1240.363
13244,1240.458
13245,1240.524
13246,1240.725
13247,1240.730
13248,1240.736
13249,1240.928
13250,1240.933
13251,1240.938
13252,1241.129
13253,1241.133
13254,1241.137
13255,1241.302
13256,1241.306
13257,1241.310
13258,1241.473
13259,1241.478
13260,1241.482
13261,1241.643
13262,1241.648
13263,1241.652
13264,1241.814
13265,1241.864
13266,1241.867
13267,1241.871
13268,1241.874
13269,1241.877
13270,1241.881
13271,1241.884
13272,1241.888
13273,1241.891
13274,1241.895
13275,1241.898
13276,1241.902
13277,1241.906
13278,1241.909
13279,1242.058
13280,1242.061
13281,1242.065
13282,1242.212
13283,1242.216
13284,1242.219
13285,1242.371
13286,1242.375
13287,1242.379
13288,1242.534
13289,1242.538
13290,1242.542
13291,1242.633
13292,1242.676
13293,1242.679
13294,1242.682
13295,1242.684
13296,1242.687
13297,1242.690
13298,1242.692
13299,1242.713
13300,1242.776
13301,1242.974
13302,1242.980
13303,1242.985
13304,1242.990
13305,1243.187
13306,1243.192
13307,1243.197
13308,1243.202
13309,1243.397
13310,1243.402
13311,1243.406
13312,1243.410
13313,1243.568
13314,1243.572
13315,1243.576
13316,1243.579
13317,1243.747
13318,1243.752
13319,1243.757
13320,1243.761
13321,1243.923
13322,1243.926
13323,1243.931
13324,1243.934
13325,1244.026
13326,1244.067
13327,1244.070
13328,1244.073
13329,1244.075
13330,1244.078
13331,1244.100
13332,1244.141
13333,1244.304
13334,1244.309
13335,1244.313
13336,1244.318
13337,1244.479
13338,1244.483
13339,1244.487
13340,1244.491
13341,1244.652
13342,1244.656
13343,1244.660
13344,1244.664
13345,1244.823
13346,1244.828
13347,1244.832
13348,1244.836
13349,1244.933
13350,1244.978
13351,1244.983
13352,1244.987
13353,1244.991
13354,1244.996
13355,1245.001
13356,1245.005
13357,1245.009
13358,1245.014
13359,1245.018
13360,1245.022
13361,1245.026
13362,1245.031
13363,1245.035
13364,1245.040
13365,1245.044
13366,1245.049
13367,1245.053
13368,1245.056
13369,1245.060
13370,1245.065
13371,1245.096
13372,1245.160
13373,1245.355
13374,1245.361
13375,1245.366
13376,1245.371
13377,1245.575
13378,1245.580
13379,1245.586
13380,1245.592
13381,1245.780
13382,1245.784
13383,1245.789
13384,1245.793
13385,1245.956
13386,1245.960
13387,1245.964
13388,1245.968
13389,1246.132
13390,1246.137
13391,1246.141
13392,1246.145
13393,1246.309
13394,1246.314
13395,1246.318
13396,1246.325
13397,1246.490
13398,1246.494
13399,1246.498
13400,1246.502
13401,1246.685
13402,1246.691
13403,1246.696
13404,1246.700
13405,1246.864
13406,1246.868
13407,1246.873
13408,1246.876
13409,1247.058
13410,1247.064
13411,1247.069
13412,1247.073
13413,1247.249
13414,1247.256
13415,1247.260
13416,1247.265
13417,1247.465
13418,1247.475
13419,1247.482
13420,1247.488
13421,1247.709
13422,1247.718
13423,1247.723
13424,1247.729
13425,1247.935
13426,1247.944
13427,1247.949
13428,1247.954
13429,1248.151
13430,1248.157
13431,1248.162
13432,1248.166
13433,1248.334
13434,1248.340
13435,1248.344
13436,1248.348
13437,1248.518
13438,1248.524
13439,1248.529
13440,1248.532
13441,1248.707
13442,1248.713
13443,1248.718
13444,1248.722
13445,1248.890
13446,1248.896
13447,1248.900
13448,1248.905
13449,1249.075
13450,1249.081
13451,1249.086
13452,1249.090
13453,1249.255
13454,1249.259
13455,1249.263
13456,1249.429
13457,1249.434
13458,1249.438
13459,1249.597
13460,1249.601
13461,1249.605
13462,1249.760
13463,1249.764
13464,1249.768
13465,1249.952
13466,1249.957
13467,1249.963
13468,1250.168
13469,1250.173
13470,1250.178
13471,1250.370
13472,1250.375
13473,1250.379
13474,1250.510
13475,1250.574
13476,1250.577
13477,1250.650
13478,1250.874
13479,1250.937
13480,1251.016
13481,1251.078
13482,1251.080
13483,1251.085
13484,1251.158
13485,1251.216
13486,1251.290
13487,1251.349
13488,1251.352
13489,1251.354
13490,1251.357
13491,1251.506
13492,1251.574
13493,1251.579
13494,1251.583
13495,1251.586
13496,1251.590
13497,1251.594
13498,1251.598
13499,1251.602
13500,1251.606
13501,1251.610
13502,1251.614
13503,1251.618
13504,1251.622
13505,1251.626
13506,1251.803
13507,1251.871
13508,1252.376
13509,1252.382
13510,1252.387
13511,1252.916
13512,1252.920
13513,1252.925
13514,1253.361
13515,1253.366
13516,1253.371
13517,1253.841
13518,1253.846
13519,1253.851
13520,1253.954
13521,1254.014
13522,1254.017
13523,1254.020
13524,1254.023
13525,1254.026
13526,1254.028
13527,1254.031
13528,1254.061
13529,1254.124
13530,1254.564
13531,1254.568
13532,1254.573
13533,1254.577
13534,1255.063
13535,1255.069
13536,1255.076
13537,1255.082
13538,1255.614
13539,1255.620
13540,1255.626
13541,1255.631
13542,1256.114
13543,1256.119
13544,1256.124
13545,1256.129
13546,1256.610
13547,1256.616
13548,1256.621
13549,1256.626
13550,1257.081
13551,1257.087
13552,1257.092
13553,1257.097
13554,1257.205
13555,1257.267
13556,1257.270
13557,1257.273
13558,1257.276
13559,1257.279
13560,1257.309
13561,1257.369
13562,1257.837
13563,1257.843
13564,1257.851
13565,1257.858
13566,1258.390
13567,1258.397
13568,1258.403
13569,1258.408
13570,1258.898
13571,1258.902
13572,1258.907
13573,1258.911
13574,1259.347
13575,1259.351
13576,1259.356
13577,1259.360
13578,1259.467
13579,1259.530
13580,1259.533
13581,1259.536
13582,1259.539
13583,1259.542
13584,1259.545
13585,1259.548
13586,1259.550
13587,1259.554
13588,1259.557
13589,1259.560
13590,1259.563
13591,1259.566
13592,1259.569
13593,1259.572
13594,1259.575
13595,1259.579
13596,1259.582
13597,1259.586
13598,1259.589
13599,1259.593
13600,1259.622
13601,1259.687
13602,1260.132
13603,1260.137
13604,1260.142
13605,1260.146
13606,1260.590
13607,1260.595
13608,1260.600
13609,1260.604
13610,1261.161
13611,1261.167
13612,1261.173
13613,1261.179
13614,1261.730
13615,1261.734
13616,1261.739
13617,1261.743
13618,1262.186
13619,1262.191
13620,1262.196
13621,1262.200
13622,1262.662
13623,1262.668
13624,1262.674
13625,1262.679
13626,1263.130
13627,1263.136
13628,1263.141
13629,1263.145
13630,1263.626
13631,1263.634
13632,1263.639
13633,1263.644
13634,1264.126
13635,1264.133
13636,1264.139
13637,1264.146
13638,1264.692
13639,1264.701
13640,1264.707
13641,1264.712
13642,1264.839
13643,1264.903
13644,1264.906
13645,1264.909
13646,1264.995
13647,1265.000
13648,1265.004
13649,1265.007
13650,1265.010
13651,1265.098
13652,1265.164
13653,1265.168
13654,1265.171
13655,1265.260
13656,1265.326
13657,1265.330
13658,1265.333
13659,1265.337
13660,1265.417
13661,1265.476
13662,1265.479
13663,1265.483
13664,1265.584
13665,1265.587
13666,1265.590
13667,1265.594
13668,1265.597
13669,1265.780
13670,1265.783
13671,1265.787
13672,1265.793
13673,1265.797
13674,1265.800
13675,1265.804
13676,1265.912
13677,1265.972
13678,1265.975
13679,1265.978
13680,1266.434
13681,1266.441
13682,1266.446
13683,1266.452
13684,1266.998
13685,1267.008
13686,1267.014
13687,1267.020
13688,1267.534
13689,1267.541
13690,1267.546
13691,1267.551
13692,1268.005
13693,1268.012
13694,1268.017
13695,1268.021
13696,1268.477
13697,1268.484
13698,1268.489
13699,1268.493
13700,1268.945
13701,1268.952
13702,1268.957
13703,1268.962
13704,1269.414
13705,1269.420
13706,1269.425
13707,1269.429
13708,1269.926
13709,1269.936
13710,1269.942
13711,1269.949
13712,1270.481
13713,1270.485
13714,1270.490
13715,1270.928
13716,1270.933
13717,1270.938
13718,1271.377
13719,1271.382
13720,1271.387
13721,1271.822
13722,1271.827
13723,1271.832
13724,1272.279
13725,1272.285
13726,1272.289
13727,1272.736
13728,1272.742
13729,1272.747
13730,1273.277
13731,1273.282
13732,1273.287
13733,1273.413
13734,1273.495
13735,1273.499
13736,1273.580
13737,1273.710
13738,1273.769
13739,1273.801
13740,1273.868
13741,1273.872
13742,1273.875
13743,1273.955
13744,1274.012
13745,1274.084
13746,1274.140
13747,1274.143
13748,1274.147
13749,1274.237
13750,1274.293
13751,1274.296
13752,1274.299
13753,1274.303
13754,1274.396
13755,1274.460
13756,1274.463
13757,1274.466
13758,1274.469
13759,1274.473
13760,1274.505
13761,1274.568
13762,1274.570
13763,1274.573
13764,1274.660
13765,1274.674
13766,1274.677
13767,1274.680
13768,1274.690
13769,1274.692
13770,1274.779
13771,1274.782
13772,1274.880
13773,1274.964
13774,1275.006
13775,1275.085
13776,1275.259
13777,1275.332
13778,1275.337
13779,1275.342
13780,1275.346
13781,1275.351
13782,1275.356
13783,1275.362
13784,1275.367
13785,1275.372
13786,1275.378
13787,1275.383
13788,1275.389
13789,1275.395
13790,1275.400
13791,1275.557
13792,1275.561
13793,1275.564
13794,1275.717
13795,1275.720
13796,1275.723
13797,1275.885
13798,1275.890
13799,1275.894
13800,1276.054
13801,1276.058
13802,1276.062
13803,1276.162
13804,1276.210
13805,1276.214
13806,1276.216
13807,1276.219
13808,1276.222
13809,1276.225
13810,1276.228
13811,1276.251
13812,1276.299
13813,1276.453
13814,1276.457
13815,1276.460
13816,1276.464
13817,1276.624
13818,1276.629
13819,1276.633
13820,1276.636
13821,1276.816
13822,1276.820
13823,1276.824
13824,1276.828
13825,1276.986
13826,1276.990
13827,1276.994
13828,1276.998
13829,1277.166
13830,1277.171
13831,1277.175
13832,1277.179
13833,1277.342
13834,1277.346
13835,1277.350
13836,1277.353
13837,1277.473
13838,1277.537
13839,1277.541
13840,1277.544
13841,1277.548
13842,1277.553
13843,1277.586
13844,1277.675
13845,1277.874
13846,1277.879
13847,1277.883
13848,1277.888
13849,1278.070
13850,1278.074
13851,1278.078
13852,1278.081
13853,1278.240
13854,1278.243
13855,1278.247
13856,1278.250
13857,1278.404
13858,1278.408
13859,1278.412
13860,1278.415
13861,1278.519
13862,1278.568
13863,1278.572
13864,1278.575
13865,1278.578
13866,1278.581
13867,1278.584
13868,1278.587
13869,1278.590
13870,1278.593
13871,1278.596
13872,1278.599
13873,1278.602
13874,1278.605
13875,1278.609
13876,1278.612
13877,1278.615
13878,1278.618
13879,1278.622
13880,1278.625
13881,1278.628
13882,1278.632
13883,1278.655
13884,1278.704
13885,1278.864
13886,1278.868
13887,1278.872
13888,1278.875
13889,1279.035
13890,1279.039
13891,1279.043
13892,1279.047
13893,1279.215
13894,1279.219
13895,1279.224
13896,1279.227
13897,1279.389
13898,1279.394
13899,1279.398
13900,1279.401
13901,1279.559
13902,1279.564
13903,1279.568
13904,1279.571
13905,1279.731
13906,1279.735
13907,1279.740
13908,1279.743
13909,1279.919
13910,1279.924
13911,1279.929
13912,1279.934
13913,1280.132
13914,1280.137
13915,1280.142
13916,1280.147
13917,1280.337
13918,1280.342
13919,1280.347
13920,1280.352
13921,1280.550
13922,1280.553
13923,1280.557
13924,1280.561
13925,1280.722
13926,1280.728
13927,1280.732
13928,1280.736
13929,1280.899
13930,1280.905
13931,1280.909
13932,1280.913
13933,1281.072
13934,1281.078
13935,1281.082
13936,1281.086
13937,1281.248
13938,1281.254
13939,1281.258
13940,1281.262
13941,1281.423
13942,1281.429
13943,1281.433
13944,1281.437
13945,1281.597
13946,1281.602
13947,1281.606
13948,1281.610
13949,1281.786
13950,1281.792
13951,1281.796
13952,1281.799
13953,1281.959
13954,1281.965
13955,1281.969
13956,1281.972
13957,1282.135
13958,1282.141
13959,1282.145
13960,1282.148
13961,1282.314
13962,1282.320
13963,1282.324
13964,1282.327
13965,1282.490
13966,1282.494
13967,1282.500
13968,1282.701
13969,1282.706
13970,1282.710
13971,1282.893
13972,1282.897
13973,1282.902
13974,1283.092
13975,1283.097
13976,1283.101
13977,1283.286
13978,1283.290
13979,1283.294
13980,1283.450
13981,1283.454
13982,1283.457
13983,1283.611
13984,1283.615
13985,1283.618
13986,1283.790
13987,1283.842
13988,1283.846
13989,1283.850
13990,1283.853
13991,1283.857
13992,1283.860
13993,1283.864
13994,1283.867
13995,1283.871
13996,1283.875
13997,1283.879
13998,1283.882
13999,1283.886
14000,1283.890
14001,1284.040
14002,1284.043
14003,1284.047
14004,1284.199
14005,1284.202
14006,1284.206
14007,1284.360
14008,1284.364
14009,1284.368
14010,1284.537
14011,1284.541
14012,1284.545
14013,1284.647
14014,1284.697
14015,1284.700
14016,1284.703
14017,1284.705
14018,1284.708
14019,1284.711
14020,1284.714
14021,1284.738
14022,1284.785
14023,1284.945
14024,1284.949
14025,1284.953
14026,1284.957
14027,1285.141
14028,1285.146
14029,1285.152
14030,1285.158
14031,1285.370
14032,1285.375
14033,1285.380
14034,1285.385
14035,1285.583
14036,1285.589
14037,1285.594
14038,1285.598
14039,1285.813
14040,1285.818
14041,1285.822
14042,1285.827
14043,1286.005
14044,1286.009
14045,1286.013
14046,1286.017
14047,1286.118
14048,1286.166
14049,1286.169
14050,1286.172
14051,1286.175
14052,1286.178
14053,1286.202
14054,1286.248
14055,1286.406
14056,1286.410
14057,1286.414
14058,1286.418
14059,1286.573
14060,1286.576
14061,1286.580
14062,1286.583
14063,1286.736
14064,1286.740
14065,1286.744
14066,1286.747
14067,1286.906
14068,1286.910
14069,1286.914
14070,1286.917
14071,1287.019
14072,1287.067
14073,1287.071
14074,1287.074
14075,1287.077
14076,1287.080
14077,1287.083
14078,1287.086
14079,1287.089
14080,1287.092
14081,1287.095
14082,1287.098
14083,1287.101
14084,1287.104
14085,1287.107
14086,1287.110
14087,1287.114
14088,1287.117
14089,1287.120
14090,1287.124
14091,1287.127
14092,1287.130
14093,1287.152
14094,1287.199
14095,1287.360
14096,1287.365
14097,1287.368
14098,1287.372
14099,1287.546
14100,1287.551
14101,1287.556
14102,1287.561
14103,1287.762
14104,1287.767
14105,1287.772
14106,1287.777
14107,1287.970
14108,1287.975
14109,1287.980
14110,1287.985
14111,1288.187
14112,1288.192
14113,1288.198
14114,1288.203
14115,1288.370
14116,1288.374
14117,1288.378
14118,1288.382
14119,1288.545
14120,1288.549
14121,1288.553
14122,1288.556
14123,1288.723
14124,1288.727
14125,1288.731
14126,1288.735
14127,1288.900
14128,1288.904
14129,1288.909
14130,1288.913
14131,1289.081
14132,1289.085
14133,1289.089
14134,1289.093
14135,1289.259
14136,1289.264
14137,1289.268
14138,1289.272
14139,1289.445
14140,1289.451
14141,1289.455
14142,1289.459
14143,1289.625
14144,1289.632
14145,1289.635
14146,1289.639
14147,1289.805
14148,1289.811
14149,1289.815
14150,1289.819
14151,1289.984
14152,1289.990
14153,1289.994
14154,1289.998
14155,1290.157
14156,1290.163
14157,1290.167
14158,1290.172
14159,1290.371
14160,1290.380
14161,1290.385
14162,1290.389
14163,1290.581
14164,1290.590
14165,1290.595
14166,1290.599
14167,1290.797
14168,1290.808
14169,1290.813
14170,1290.819
14171,1290.992
14172,1290.998
14173,1291.002
14174,1291.005
14175,1291.159
14176,1291.163
14177,1291.166
14178,1291.320
14179,1291.324
14180,1291.328
14181,1291.486
14182,1291.490
14183,1291.494
14184,1291.645
14185,1291.649
14186,1291.653
14187,1291.808
14188,1291.812
14189,1291.816
14190,1291.970
14191,1291.974
14192,1291.978
14193,1292.133
14194,1292.137
14195,1292.141
14196,1292.313
14197,1292.364
14198,1292.368
14199,1292.371
14200,1292.375
14201,1292.378
14202,1292.382
14203,1292.385
14204,1292.389
14205,1292.393
14206,1292.397
14207,1292.400
14208,1292.404
14209,1292.408
14210,1292.412
14211,1292.567
14212,1292.571
14213,1292.574
14214,1292.726
14215,1292.730
14216,1292.735
14217,1292.931
14218,1292.936
14219,1292.941
14220,1293.131
14221,1293.136
14222,1293.140
14223,1293.263
14224,1293.323
14225,1293.327
14226,1293.331
14227,1293.335
14228,1293.339
14229,1293.343
14230,1293.348
14231,1293.384
14232,1293.431
14233,1293.589
14234,1293.593
14235,1293.597
14236,1293.601
14237,1293.760
14238,1293.765
14239,1293.768
14240,1293.772
14241,1293.938
14242,1293.942
14243,1293.946
14244,1293.950
14245,1294.107
14246,1294.111
14247,1294.115
14248,1294.119
14249,1294.280
14250,1294.285
14251,1294.289
14252,1294.292
14253,1294.451
14254,1294.455
14255,1294.459
14256,1294.462
14257,1294.557
14258,1294.602
14259,1294.605
14260,1294.608
14261,1294.610
14262,1294.613
14263,1294.636
14264,1294.682
14265,1294.838
14266,1294.842
14267,1294.846
14268,1294.850
14269,1295.006
14270,1295.010
14271,1295.014
14272,1295.017
14273,1295.177
14274,1295.182
14275,1295.188
14276,1295.193
14277,1295.385
14278,1295.390
14279,1295.396
14280,1295.400
14281,1295.524
14282,1295.593
14283,1295.597
14284,1295.601
14285,1295.605
14286,1295.609
14287,1295.613
14288,1295.617
14289,1295.621
14290,1295.626
14291,1295.630
14292,1295.634
14293,1295.638
14294,1295.642
14295,1295.646
14296,1295.650
14297,1295.654
14298,1295.659
14299,1295.663
14300,1295.666
14301,1295.671
14302,1295.675
14303,1295.706
14304,1295.765
14305,1295.931
14306,1295.935
14307,1295.939
14308,1295.942
14309,1296.105
14310,1296.110
14311,1296.114
14312,1296.117
14313,1296.290
14314,1296.294
14315,1296.298
14316,1296.302
14317,1296.466
14318,1296.470
14319,1296.474
14320,1296.477
14321,1296.637
14322,1296.641
14323,1296.644
14324,1296.648
14325,1296.810
14326,1296.814
14327,1296.818
14328,1296.822
14329,1296.987
14330,1296.991
14331,1296.995
14332,1296.999
14333,1297.166
14334,1297.170
14335,1297.174
14336,1297.178
14337,1297.343
14338,1297.347
14339,1297.351
14340,1297.355
14341,1297.521
14342,1297.525
14343,1297.529
14344,1297.533
14345,1297.691
14346,1297.699
14347,1297.704
14348,1297.709
14349,1297.916
14350,1297.926
14351,1297.931
14352,1297.936
14353,1298.132
14354,1298.140
14355,1298.145
14356,1298.150
14357,1298.350
14358,1298.360
14359,1298.365
14360,1298.370
14361,1298.543
14362,1298.549
14363,1298.553
14364,1298.556
14365,1298.720
14366,1298.726
14367,1298.730
14368,1298.734
14369,1298.897
14370,1298.904
14371,1298.907
14372,1298.911
14373,1299.075
14374,1299.081
14375,1299.085
14376,1299.088
14377,1299.250
14378,1299.255
14379,1299.259
14380,1299.262
14381,1299.423
14382,1299.429
14383,1299.433
14384,1299.436
14385,1299.590
14386,1299.594
14387,1299.598
14388,1299.752
14389,1299.756
14390,1299.759
14391,1299.915
14392,1299.919
14393,1299.922
14394,1300.076
14395,1300.080
14396,1300.084
14397,1300.241
14398,1300.245
14399,1300.249
14400,1300.429
14401,1300.433
14402,1300.438
14403,1300.632
14404,1300.637
14405,1300.642
14406,1300.855
14407,1300.924
14408,1300.929
14409,1300.934
14410,1300.939
14411,1300.945
14412,1300.950
14413,1300.956
14414,1300.961
14415,1300.966
14416,1300.971
14417,1300.977
14418,1300.981
14419,1300.985
14420,1300.988
14421,1301.143
14422,1301.147
14423,1301.150
14424,1301.303
14425,1301.307
14426,1301.310
14427,1301.464
14428,1301.468
14429,1301.471
14430,1301.628
14431,1301.632
14432,1301.636
14433,1301.732
14434,1301.773
14435,1301.776
14436,1301.778
14437,1301.781
14438,1301.784
14439,1301.787
14440,1301.790
14441,1301.811
14442,1301.854
14443,1302.011
14444,1302.015
14445,1302.018
14446,1302.022
14447,1302.181
14448,1302.185
14449,1302.188
14450,1302.192
14451,1302.352
14452,1302.356
14453,1302.360
14454,1302.363
14455,1302.522
14456,1302.526
14457,1302.529
14458,1302.533
14459,1302.696
14460,1302.700
14461,1302.704
14462,1302.707
14463,1302.900
14464,1302.905
14465,1302.910
14466,1302.916
14467,1303.037
14468,1303.099
14469,1303.102
14470,1303.106
14471,1303.109
14472,1303.113
14473,1303.145
14474,1303.210
14475,1303.396
14476,1303.400
14477,1303.404
14478,1303.407
14479,1303.578
14480,1303.583
14481,1303.587
14482,1303.590
14483,1303.747
14484,1303.751
14485,1303.754
14486,1303.758
14487,1303.918
14488,1303.922
14489,1303.925
14490,1303.929
14491,1304.029
14492,1304.077
14493,1304.080
14494,1304.084
14495,1304.087
14496,1304.090
14497,1304.093
14498,1304.096
14499,1304.099
14500,1304.102
14501,1304.105
14502,1304.108
14503,1304.111
14504,1304.115
14505,1304.118
14506,1304.121
14507,1304.124
14508,1304.127
14509,1304.131
14510,1304.134
14511,1304.137
14512,1304.141
14513,1304.164
14514,1304.212
14515,1304.380
14516,1304.384
14517,1304.389
14518,1304.392
14519,1304.563
14520,1304.567
14521,1304.571
14522,1304.575
14523,1304.747
14524,1304.751
14525,1304.756
14526,1304.760
14527,1304.929
14528,1304.934
14529,1304.939
14530,1304.943
14531,1305.109
14532,1305.114
14533,1305.118
14534,1305.122
14535,1305.315
14536,1305.320
14537,1305.326
14538,1305.332
14539,1305.546
14540,1305.551
14541,1305.556
14542,1305.561
14543,1305.763
14544,1305.769
14545,1305.774
14546,1305.780
14547,1305.996
14548,1306.001
14549,1306.005
14550,1306.009
14551,1306.188
14552,1306.193
14553,1306.197
14554,1306.201
14555,1306.375
14556,1306.381
14557,1306.386
14558,1306.389
14559,1306.574
14560,1306.581
14561,1306.585
14562,1306.589
14563,1306.764
14564,1306.770
14565,1306.774
14566,1306.778
14567,1306.947
14568,1306.953
14569,1306.958
14570,1306.962
14571,1307.135
14572,1307.141
14573,1307.146
14574,1307.151
14575,1307.322
14576,1307.328
14577,1307.333
14578,1307.337
14579,1307.524
14580,1307.531
14581,1307.535
14582,1307.539
14583,1307.706
14584,1307.712
14585,1307.716
14586,1307.720
14587,1307.894
14588,1307.900
14589,1307.904
14590,1307.908
14591,1308.109
14592,1308.118
14593,1308.122
14594,1308.127
14595,1308.326
14596,1308.331
14597,1308.336
14598,1308.527
14599,1308.532
14600,1308.537
14601,1308.734
14602,1308.739
14603,1308.744
14604,1308.911
14605,1308.915
14606,1308.919
14607,1309.078
14608,1309.082
14609,1309.086
14610,1309.246
14611,1309.250
14612,1309.254
14613,1309.422
14614,1309.427
14615,1309.431
14616,1309.534
14617,1309.537
14618,1309.540
14619,1309.543
14620,1309.623
14621,1309.673
14622,1309.859
14623,1309.863
14624,1309.869
14625,1309.873
14626,1309.964
14627,1310.029
14628,1310.078
14629,1310.082
14630,1310.205
14631,1310.210
14632,1310.214
14633,1310.318
14634,1310.322
14635,1310.326
14636,1310.332
14637,1310.345
14638,1310.354
14639,1310.357
14640,1310.461
14641,1310.464
14642,1310.468
14643,1310.541
14644,1310.544
14645,1310.548
14646,1310.597
14647,1310.601
14648,1310.605
14649,1310.609
14650,1310.613
14651,1310.622
14652,1310.626
14653,1310.629
14654,1310.633
14655,1310.641
14656,1310.645
14657,1310.649
14658,1310.652
14659,1310.703
14660,1310.707
14661,1310.712
14662,1310.716
14663,1310.720
14664,1310.728
14665,1310.732
14666,1310.743
14667,1310.747
14668,1310.753
14669,1310.756
14670,1310.803
14671,1310.808
14672,1310.816
14673,1310.820
14674,1310.870
14675,1310.875
14676,1310.880
14677,1310.961
14678,1310.991
14679,1310.999
14680,1311.066
14681,1311.075
14682,1311.131
14683,1311.136
14684,1311.139
14685,1311.149
14686,1311.151
14687,1311.154
14688,1311.158
14689,1311.161
14690,1311.163
14691,1311.166
14692,1311.168
14693,1311.171
14694,1311.174
14695,1311.179
14696,1311.181
14697,1311.184
14698,1311.189
14699,1311.191
14700,1311.197
14701,1311.199
14702,1311.202
14703,1311.207
14704,1311.209
14705,1311.222
14706,1311.225
14707,1311.227
14708,1311.231
14709,1311.234
14710,1311.238
14711,1311.245
14712,1311.247
14713,1311.275
14714,1311.278
14715,1311.285
14716,1311.291
14717,1311.294
14718,1311.329
14719,1311.344
14720,1311.354
14721,1311.360
14722,1311.363
14723,1311.791
14724,1311.795
14725,1312.642
14726,1312.647
14727,1312.651
14728,1313.052
14729,1313.162
14730,1313.194
14731,1313.212
14732,1313.244
14733,1313.249
14734,1313.265
14735,1313.296
14736,1314.183
14737,1314.188
14738,1314.192
14739,1314.594
14740,1314.679
14741,1314.702
14742,1314.849
14743,1314.853
14744,1315.003
14745,1315.006
14746,1315.110
14747,1315.167
14748,1315.171
14749,1315.201
14750,1315.260
14751,1315.299
14752,1315.302
14753,1315.304
14754,1315.348
14755,1315.352
14756,1315.356
14757,1315.360
14758,1315.363
14759,1315.367
14760,1315.371
14761,1315.466
14762,1315.470
14763,1315.473
14764,1315.545
14765,1315.565
14766,1315.569
14767,1315.582
14768,1315.601
14769,1315.604
14770,1315.655
14771,1315.677
14772,1315.680
14773,1315.723
14774,1315.809
14775,1315.815
14776,1315.848
14777,1315.907
14778,1315.938
14779,1315.999
14780,1316.038
14781,1316.042
14782,1316.045
14783,1316.052
14784,1316.055
14785,1316.059
14786,1316.061
14787,1316.142
14788,1316.146
14789,1316.149
14790,1316.213
14791,1316.226
14792,1316.229
14793,1316.248
14794,1316.261
14795,1316.264
14796,1316.273
14797,1316.285
14798,1316.288
14799,1316.298
14800,1316.310
14801,1316.312
14802,1316.321
14803,1316.338
14804,1316.338
14805,1316.375
14806,1316.388
14807,1316.391
14808,1316.431
14809,1316.444
14810,1316.447
14811,1316.487
14812,1316.491
14813,1316.494
14814,1316.497
14815,1316.533
14816,1316.536
14817,1316.539
14818,1316.542
14819,1316.545
14820,1316.547
14821,1316.550
14822,1316.583
14823,1316.586
14824,1316.589
14825,1316.592
14826,1316.595
14827,1316.680
14828,1316.684
14829,1316.687
14830,1316.690
14831,1316.693
14832,1316.696
14833,1316.699
14834,1316.754
14835,1316.757
14836,1316.760
14837,1316.762
14838,1316.797
14839,1316.801
14840,1316.804
14841,1316.807
14842,1316.810
14843,1316.813
14844,1316.815
14845,1316.902
14846,1316.905
14847,1316.909
14848,1316.912
14849,1316.915
14850,1316.918
14851,1316.921
14852,1317.008
14853,1317.011
14854,1317.014
14855,1317.018
14856,1317.021
14857,1317.055
14858,1317.059
14859,1317.062
14860,1317.065
14861,1317.068
14862,1317.106
14863,1317.110
14864,1317.116
14865,1317.119
14866,1317.123
14867,1317.127
14868,1317.157
14869,1317.164
14870,1317.170
14871,1317.173
14872,1317.180
14873,1317.202
14874,1317.206
14875,1317.213
14876,1317.216
14877,1317.230
14878,1317.233
14879,1317.236
14880,1317.240
14881,1317.243
14882,1317.329
14883,1317.500
14884,1317.504
14885,1317.507
14886,1317.511
14887,1317.515
14888,1317.604
14889,1317.608
14890,1317.613
14891,1317.717
14892,1317.721
14893,1317.725
14894,1317.809
14895,1317.813
14896,1317.816
14897,1317.819
14898,1317.822
14899,1317.825
14900,1317.859
14901,1317.863
14902,1317.866
14903,1317.869
14904,1317.902
14905,1317.906
14906,1317.909
14907,1317.911
14908,1317.916
14909,1317.923
14910,1317.957
14911,1317.960
14912,1317.963
14913,1318.000
14914,1318.003
14915,1318.006
14916,1318.009
14917,1318.011
14918,1318.014
14919,1318.017
14920,1318.097
14921,1318.101
14922,1318.104
14923,1318.154
14924,1318.167
14925,1318.171
14926,1318.181
14927,1318.194
14928,1318.197
14929,1318.237
14930,1318.250
14931,1318.253
14932,1318.293
14933,1318.296
14934,1318.299
14935,1318.302
14936,1318.305
14937,1318.373
14938,1318.500
14939,1318.503
14940,1318.506
14941,1318.509
14942,1318.512
14943,1318.602
14944,1318.606
14945,1318.610
14946,1318.682
14947,1318.686
14948,1318.689
14949,1318.715
14950,1318.718
14951,1318.721
14952,1318.724
14953,1318.727
14954,1318.730
14955,1318.733
14956,1318.758
14957,1318.761
14958,1318.764
14959,1318.769
14960,1318.782
14961,1318.786
14962,1318.796
14963,1318.810
14964,1318.813
14965,1318.844
14966,1318.859
14967,1318.862
14968,1318.893
14969,1318.896
14970,1318.900
14971,1318.903
14972,1318.906
14973,1318.978
14974,1319.111
14975,1319.116
14976,1319.119
14977,1319.123
14978,1319.236
14979,1319.242
14980,1319.246
14981,1319.354
14982,1319.426
14983,1319.532
14984,1319.537
14985,1319.542
14986,1319.650
14987,1319.656
14988,1319.661
14989,1319.763
14990,1319.767
14991,1319.771
14992,1319.860
14993,1319.865
14994,1319.868
14995,1319.960
14996,1319.964
14997,1319.968
14998,1320.059
14999,1320.064
15000,1320.068
15001,1320.254
15002,1320.257
15003,1320.348
15004,1320.351
15005,1320.422
15006,1320.435
15007,1320.438
15008,1320.465
15009,1320.611
15010,1320.616
15011,1320.618
15012,1320.621
15013,1320.724
15014,1320.728
15015,1320.731
15016,1320.734
15017,1320.759
15018,1320.823
15019,1320.838
15020,1320.841
15021,1320.913
15022,1320.916
15023,1320.919
15024,1321.013
15025,1321.016
15026,1321.019
15027,1321.022
15028,1321.047
15029,1321.110
15030,1321.125
15031,1321.129
15032,1321.195
15033,1321.199
15034,1321.261
15035,1321.273
15036,1321.276
15037,1321.312
15038,1321.401
15039,1321.418
15040,1321.423
15041,1321.494
15042,1321.605
15043,1321.609
15044,1321.613
15045,1321.616
15046,1321.619
15047,1321.775
15048,1321.779
15049,1321.784
15050,1321.788
15051,1321.872
15052,1321.890
15053,1321.961
15054,1321.976
15055,1322.043
15056,1322.057
15057,1322.119
15058,1322.127
15059,1322.130
15060,1322.133
15061,1322.236
15062,1322.240
15063,1322.243
15064,1322.246
15065,1322.323
15066,1322.333
15067,1322.418
15068,1322.422
15069,1322.425
15070,1322.520
15071,1322.565
15072,1322.588
15073,1322.639
15074,1322.652
15075,1322.655
15076,1322.666
15077,1322.669
15078,1322.672
15079,1322.674
15080,1322.782
15081,1322.795
15082,1322.805
15083,1322.808
15084,1322.989
15085,1323.040
15086,1323.044
15087,1323.047
15088,1323.050
15089,1323.054
15090,1323.057
15091,1323.061
15092,1323.065
15093,1323.068
15094,1323.072
15095,1323.076
15096,1323.080
15097,1323.084
15098,1323.088
15099,1323.253
15100,1323.257
15101,1323.261
15102,1323.429
15103,1323.433
15104,1323.436
15105,1323.616
15106,1323.616
15107,1323.621
15108,1323.825
15109,1323.830
15110,1323.835
15111,1323.964
15112,1324.027
15113,1324.032
15114,1324.035
15115,1324.039
15116,1324.043
15117,1324.047
15118,1324.051
15119,1324.083
15120,1324.149
15121,1324.328
15122,1324.332
15123,1324.336
15124,1324.340
15125,1324.514
15126,1324.518
15127,1324.522
15128,1324.526
15129,1324.705
15130,1324.709
15131,1324.713
15132,1324.717
15133,1324.895
15134,1324.897
15135,1324.901
15136,1324.905
15137,1325.093
15138,1325.098
15139,1325.102
15140,1325.105
15141,1325.283
15142,1325.288
15143,1325.291
15144,1325.295
15145,1325.402
15146,1325.445
15147,1325.448
15148,1325.451
15149,1325.454
15150,1325.457
15151,1325.480
15152,1325.526
15153,1325.705
15154,1325.705
15155,1325.710
15156,1325.714
15157,1325.889
15158,1325.893
15159,1325.897
15160,1325.901
15161,1326.102
15162,1326.107
15163,1326.112
15164,1326.117
15165,1326.354
15166,1326.358
15167,1326.364
15168,1326.368
15169,1326.502
15170,1326.572
15171,1326.576
15172,1326.580
15173,1326.584
15174,1326.589
15175,1326.593
15176,1326.597
15177,1326.602
15178,1326.606
15179,1326.610
15180,1326.614
15181,1326.618
15182,1326.622
15183,1326.626
15184,1326.630
15185,1326.635
15186,1326.640
15187,1326.644
15188,1326.649
15189,1326.654
15190,1326.658
15191,1326.693
15192,1326.742
15193,1326.926
15194,1326.931
15195,1326.936
15196,1326.939
15197,1327.129
15198,1327.134
15199,1327.139
15200,1327.142
15201,1327.357
15202,1327.362
15203,1327.367
15204,1327.371
15205,1327.568
15206,1327.574
15207,1327.578
15208,1327.582
15209,1327.764
15210,1327.768
15211,1327.772
15212,1327.776
15213,1327.957
15214,1327.963
15215,1327.967
15216,1327.970
15217,1328.156
15218,1328.161
15219,1328.165
15220,1328.169
15221,1328.362
15222,1328.369
15223,1328.373
15224,1328.377
15225,1328.562
15226,1328.568
15227,1328.572
15228,1328.576
15229,1328.759
15230,1328.769
15231,1328.774
15232,1328.780
15233,1329.000
15234,1329.011
15235,1329.015
15236,1329.020
15237,1329.240
15238,1329.250
15239,1329.255
15240,1329.260
15241,1329.488
15242,1329.499
15243,1329.504
15244,1329.509
15245,1329.699
15246,1329.706
15247,1329.710
15248,1329.714
15249,1329.898
15250,1329.905
15251,1329.909
15252,1329.913
15253,1330.103
15254,1330.110
15255,1330.114
15256,1330.118
15257,1330.303
15258,1330.309
15259,1330.313
15260,1330.317
15261,1330.495
15262,1330.501
15263,1330.505
15264,1330.509
15265,1330.687
15266,1330.693
15267,1330.697
15268,1330.701
15269,1330.879
15270,1330.886
15271,1330.890
15272,1330.894
15273,1331.071
15274,1331.075
15275,1331.079
15276,1331.256
15277,1331.260
15278,1331.264
15279,1331.452
15280,1331.456
15281,1331.460
15282,1331.648
15283,1331.652
15284,1331.657
15285,1331.871
15286,1331.876
15287,1331.881
15288,1332.101
15289,1332.106
15290,1332.110
15291,1332.328
15292,1332.333
15293,1332.339
15294,1332.543
15295,1332.589
15296,1332.593
15297,1332.596
15298,1332.600
15299,1332.603
15300,1332.607
15301,1332.610
15302,1332.614
15303,1332.618
15304,1332.621
15305,1332.625
15306,1332.629
15307,1332.632
15308,1332.636
15309,1332.822
15310,1332.826
15311,1332.830
15312,1333.018
15313,1333.022
15314,1333.026
15315,1333.211
15316,1333.215
15317,1333.218
15318,1333.403
15319,1333.407
15320,1333.411
15321,1333.513
15322,1333.559
15323,1333.562
15324,1333.565
15325,1333.568
15326,1333.571
15327,1333.573
15328,1333.576
15329,1333.598
15330,1333.642
15331,1333.836
15332,1333.840
15333,1333.845
15334,1333.849
15335,1334.048
15336,1334.052
15337,1334.056
15338,1334.060
15339,1334.269
15340,1334.274
15341,1334.279
15342,1334.284
15343,1334.526
15344,1334.531
15345,1334.536
15346,1334.541
15347,1334.782
15348,1334.788
15349,1334.793
15350,1334.798
15351,1335.049
15352,1335.054
15353,1335.059
15354,1335.065
15355,1335.175
15356,1335.223
15357,1335.227
15358,1335.230
15359,1335.233
15360,1335.236
15361,1335.259
15362,1335.305
15363,1335.512
15364,1335.516
15365,1335.520
15366,1335.524
15367,1335.723
15368,1335.727
15369,1335.731
15370,1335.734
15371,1335.934
15372,1335.938
15373,1335.941
15374,1335.945
15375,1336.147
15376,1336.151
15377,1336.155
15378,1336.158
15379,1336.266
15380,1336.321
15381,1336.324
15382,1336.328
15383,1336.330
15384,1336.334
15385,1336.337
15386,1336.340
15387,1336.343
15388,1336.346
15389,1336.349
15390,1336.352
15391,1336.356
15392,1336.359
15393,1336.362
15394,1336.365
15395,1336.369
15396,1336.372
15397,1336.376
15398,1336.379
15399,1336.382
15400,1336.386
15401,1336.411
15402,1336.459
15403,1336.664
15404,1336.671
15405,1336.676
15406,1336.680
15407,1336.896
15408,1336.907
15409,1336.912
15410,1336.917
15411,1337.178
15412,1337.187
15413,1337.193
15414,1337.198
15415,1337.442
15416,1337.452
15417,1337.458
15418,1337.463
15419,1337.704
15420,1337.711
15421,1337.715
15422,1337.719
15423,1337.926
15424,1337.933
15425,1337.938
15426,1337.942
15427,1338.149
15428,1338.156
15429,1338.160
15430,1338.164
15431,1338.390
15432,1338.397
15433,1338.401
15434,1338.405
15435,1338.622
15436,1338.629
15437,1338.633
15438,1338.637
15439,1338.855
15440,1338.861
15441,1338.866
15442,1338.870
15443,1339.090
15444,1339.097
15445,1339.101
15446,1339.105
15447,1339.334
15448,1339.341
15449,1339.346
15450,1339.350
15451,1339.575
15452,1339.582
15453,1339.587
15454,1339.591
15455,1339.813
15456,1339.820
15457,1339.824
15458,1339.828
15459,1340.104
15460,1340.113
15461,1340.121
15462,1340.126
15463,1340.397
15464,1340.406
15465,1340.413
15466,1340.418
15467,1340.688
15468,1340.699
15469,1340.704
15470,1340.710
15471,1340.960
15472,1340.967
15473,1340.973
15474,1340.977
15475,1341.231
15476,1341.238
15477,1341.243
15478,1341.247
15479,1341.494
15480,1341.501
15481,1341.506
15482,1341.510
15483,1341.721
15484,1341.727
15485,1341.731
15486,1341.955
15487,1341.960
15488,1341.965
15489,1342.197
15490,1342.201
15491,1342.206
15492,1342.424
15493,1342.428
15494,1342.432
15495,1342.643
15496,1342.647
15497,1342.651
15498,1342.877
15499,1342.881
15500,1342.886
15501,1343.109
15502,1343.114
15503,1343.118
15504,1343.372
15505,1343.378
15506,1343.384
15507,1343.516
15508,1343.584
15509,1343.705
15510,1343.710
15511,1343.715
15512,1343.827
15513,1343.909
15514,1343.987
15515,1344.040
15516,1344.067
15517,1344.155
15518,1344.169
15519,1344.173
15520,1344.217
15521,1344.220
15522,1344.224
15523,1344.227
15524,1344.325
15525,1344.329
15526,1344.333
15527,1344.336
15528,1344.448
15529,1344.515
15530,1344.596
15531,1344.647
15532,1344.674
15533,1344.759
15534,1344.774
15535,1344.778
15536,1344.826
15537,1344.830
15538,1344.835
15539,1344.840
15540,1344.940
15541,1344.944
15542,1344.948
15543,1344.951
15544,1345.089
15545,1345.157
15546,1345.253
15547,1345.309
15548,1345.339
15549,1345.468
15550,1345.492
15551,1345.496
15552,1345.558
15553,1345.562
15554,1345.566
15555,1345.570
15556,1345.687
15557,1345.691
15558,1345.695
15559,1345.700
15560,1345.798
15561,1345.832
15562,1345.838
15563,1345.844
15564,1345.849
15565,1345.854
15566,1345.861
15567,1345.866
15568,1345.957
15569,1346.051
15570,1346.074
15571,1346.077
15572,1346.081
15573,1346.084
15574,1346.087
15575,1346.092
15576,1346.104
15577,1346.129
15578,1346.412
15579,1346.417
15580,1346.422
15581,1346.426
15582,1346.431
15583,1346.674
15584,1346.679
15585,1346.683
15586,1346.688
15587,1346.693
15588,1346.931
15589,1346.935
15590,1346.940
15591,1346.944
15592,1346.949
15593,1347.182
15594,1347.186
15595,1347.191
15596,1347.195
15597,1347.200
15598,1347.438
15599,1347.442
15600,1347.447
15601,1347.451
15602,1347.455
15603,1347.679
15604,1347.683
15605,1347.688
15606,1347.692
15607,1347.789
15608,1347.812
15609,1347.815
15610,1347.827
15611,1347.849
15612,1348.082
15613,1348.086
15614,1348.091
15615,1348.096
15616,1348.101
15617,1348.197
15618,1348.218
15619,1348.221
15620,1348.224
15621,1348.228
15622,1348.232
15623,1348.237
15624,1348.243
15625,1348.249
15626,1348.254
15627,1348.272
15628,1348.301
15629,1348.584
15630,1348.589
15631,1348.594
15632,1348.600
15633,1348.605
15634,1348.880
15635,1348.885
15636,1348.891
15637,1348.897
15638,1348.903
15639,1349.161
15640,1349.166
15641,1349.170
15642,1349.175
15643,1349.179
15644,1349.404
15645,1349.408
15646,1349.412
15647,1349.416
15648,1349.421
15649,1349.660
15650,1349.664
15651,1349.668
15652,1349.673
15653,1349.677
15654,1349.914
15655,1349.918
15656,1349.922
15657,1349.927
15658,1349.931
15659,1350.171
15660,1350.176
15661,1350.181
15662,1350.185
15663,1350.190
15664,1350.430
15665,1350.433
15666,1350.438
15667,1350.442
15668,1350.447
15669,1350.543
15670,1350.563
15671,1350.566
15672,1350.577
15673,1350.595
15674,1350.812
15675,1350.816
15676,1350.820
15677,1350.824
15678,1350.829
15679,1350.922
15680,1350.943
15681,1350.946
15682,1350.956
15683,1350.974
15684,1351.191
15685,1351.195
15686,1351.199
15687,1351.203
15688,1351.207
15689,1351.310
15690,1351.336
15691,1351.339
15692,1351.353
15693,1351.380
15694,1351.642
15695,1351.647
15696,1351.651
15697,1351.657
15698,1351.661
15699,1351.916
15700,1351.990
15701,1351.994
15702,1351.997
15703,1352.001
15704,1352.005
15705,1352.009
15706,1352.014
15707,1352.018
15708,1352.022
15709,1352.026
15710,1352.030
15711,1352.034
15712,1352.038
15713,1352.042
15714,1352.220
15715,1352.224
15716,1352.228
15717,1352.405
15718,1352.410
15719,1352.414
15720,1352.598
15721,1352.602
15722,1352.606
15723,1352.782
15724,1352.786
15725,1352.790
15726,1352.896
15727,1352.944
15728,1352.948
15729,1352.951
15730,1352.954
15731,1352.957
15732,1352.960
15733,1352.962
15734,1352.986
15735,1353.033
15736,1353.215
15737,1353.219
15738,1353.223
15739,1353.227
15740,1353.414
15741,1353.418
15742,1353.422
15743,1353.427
15744,1353.614
15745,1353.618
15746,1353.623
15747,1353.627
15748,1353.823
15749,1353.828
15750,1353.832
15751,1353.837
15752,1354.045
15753,1354.051
15754,1354.057
15755,1354.063
15756,1354.287
15757,1354.292
15758,1354.297
15759,1354.302
15760,1354.444
15761,1354.510
15762,1354.514
15763,1354.518
15764,1354.522
15765,1354.526
15766,1354.562
15767,1354.625
15768,1354.824
15769,1354.829
15770,1354.833
15771,1354.837
15772,1355.020
15773,1355.024
15774,1355.028
15775,1355.032
15776,1355.219
15777,1355.223
15778,1355.227
15779,1355.231
15780,1355.419
15781,1355.424
15782,1355.428
15783,1355.432
15784,1355.544
15785,1355.595
15786,1355.598
15787,1355.601
15788,1355.604
15789,1355.607
15790,1355.610
15791,1355.613
15792,1355.616
15793,1355.619
15794,1355.622
15795,1355.625
15796,1355.629
15797,1355.632
15798,1355.635
15799,1355.638
15800,1355.641
15801,1355.644
15802,1355.648
15803,1355.651
15804,1355.655
15805,1355.658
15806,1355.681
15807,1355.729
15808,1355.911
15809,1355.915
15810,1355.919
15811,1355.923
15812,1356.111
15813,1356.115
15814,1356.120
15815,1356.124
15816,1356.321
15817,1356.326
15818,1356.330
15819,1356.333
15820,1356.518
15821,1356.522
15822,1356.526
15823,1356.529
15824,1356.750
15825,1356.756
15826,1356.761
15827,1356.767
15828,1356.995
15829,1357.003
15830,1357.008
15831,1357.012
15832,1357.237
15833,1357.246
15834,1357.251
15835,1357.257
15836,1357.472
15837,1357.478
15838,1357.482
15839,1357.486
15840,1357.678
15841,1357.684
15842,1357.688
15843,1357.692
15844,1357.899
15845,1357.905
15846,1357.909
15847,1357.914
15848,1358.114
15849,1358.120
15850,1358.125
15851,1358.129
15852,1358.327
15853,1358.334
15854,1358.338
15855,1358.342
15856,1358.531
15857,1358.538
15858,1358.542
15859,1358.546
15860,1358.733
15861,1358.739
15862,1358.743
15863,1358.747
15864,1358.940
15865,1358.947
15866,1358.952
15867,1358.956
15868,1359.145
15869,1359.152
15870,1359.156
15871,1359.160
15872,1359.348
15873,1359.354
15874,1359.358
15875,1359.362
15876,1359.563
15877,1359.573
15878,1359.577
15879,1359.582
15880,1359.803
15881,1359.813
15882,1359.818
15883,1359.823
15884,1360.039
15885,1360.048
15886,1360.052
15887,1360.057
15888,1360.269
15889,1360.273
15890,1360.277
15891,1360.478
15892,1360.484
15893,1360.489
15894,1360.685
15895,1360.689
15896,1360.693
15897,1360.869
15898,1360.873
15899,1360.877
15900,1361.056
15901,1361.060
15902,1361.064
15903,1361.242
15904,1361.246
15905,1361.249
15906,1361.427
15907,1361.431
15908,1361.434
15909,1361.653
15910,1361.722
15911,1361.725
15912,1361.729
15913,1361.733
15914,1361.736
15915,1361.740
15916,1361.746
15917,1361.750
15918,1361.754
15919,1361.758
15920,1361.761
15921,1361.765
15922,1361.769
15923,1361.774
15924,1362.408
15925,1362.413
15926,1362.420
15927,1362.575
15928,1362.580
15929,1362.584
15930,1362.588
15931,1362.592
15932,1362.596
15933,1362.601
15934,1362.605
15935,1362.754
15936,1362.841
15937,1362.847
15938,1362.974
15939,1363.036
15940,1363.039
15941,1363.152
15942,1363.214
15943,1363.541
15944,1363.541
15945,1363.684
15946,1363.688
15947,1364.318
15948,1364.324
15949,1364.330
15950,1364.958
15951,1364.963
15952,1364.968
15953,1365.114
15954,1365.206
15955,1365.210
15956,1365.214
15957,1365.219
15958,1365.223
15959,1365.227
15960,1365.231
15961,1365.273
15962,1365.359
15963,1366.037
15964,1366.043
15965,1366.049
15966,1366.054
15967,1366.722
15968,1366.728
15969,1366.733
15970,1366.739
15971,1367.385
15972,1367.391
15973,1367.396
15974,1367.401
15975,1368.035
15976,1368.041
15977,1368.047
15978,1368.053
15979,1368.811
15980,1368.819
15981,1368.825
15982,1368.830
15983,1369.450
15984,1369.455
15985,1369.461
15986,1369.465
15987,1369.578
15988,1369.637
15989,1369.640
15990,1369.643
15991,1369.646
15992,1369.649
15993,1369.679
15994,1369.740
15995,1370.358
15996,1370.363
15997,1370.369
15998,1370.374
15999,1371.027
16000,1371.033
16001,1371.041
16002,1371.048
16003,1371.821
16004,1371.826
16005,1371.832
16006,1371.836
16007,1372.483
16008,1372.488
16009,1372.494
16010,1372.498
16011,1372.624
16012,1372.697
16013,1372.700
16014,1372.704
16015,1372.707
16016,1372.710
16017,1372.714
16018,1372.717
16019,1372.721
16020,1372.724
16021,1372.727
16022,1372.731
16023,1372.734
16024,1372.738
16025,1372.742
16026,1372.745
16027,1372.749
16028,1372.753
16029,1372.757
16030,1372.761
16031,1372.765
16032,1372.769
16033,1372.802
16034,1372.868
16035,1373.545
16036,1373.551
16037,1373.556
16038,1373.561
16039,1374.275
16040,1374.283
16041,1374.290
16042,1374.298
16043,1375.085
16044,1375.093
16045,1375.099
16046,1375.104
16047,1375.758
16048,1375.763
16049,1375.769
16050,1375.774
16051,1376.422
16052,1376.428
16053,1376.434
16054,1376.439
16055,1377.107
16056,1377.115
16057,1377.121
16058,1377.126
16059,1377.881
16060,1377.892
16061,1377.898
16062,1377.905
16063,1378.670
16064,1378.678
16065,1378.684
16066,1378.689
16067,1379.330
16068,1379.337
16069,1379.342
16070,1379.347
16071,1379.991
16072,1379.999
16073,1380.005
16074,1380.010
16075,1380.666
16076,1380.674
16077,1380.680
16078,1380.686
16079,1381.459
16080,1381.470
16081,1381.477
16082,1381.484
16083,1382.219
16084,1382.227
16085,1382.232
16086,1382.237
16087,1382.885
16088,1382.893
16089,1382.898
16090,1382.907
16091,1383.536
16092,1383.543
16093,1383.549
16094,1383.554
16095,1384.194
16096,1384.202
16097,1384.207
16098,1384.212
16099,1384.950
16100,1384.960
16101,1384.966
16102,1384.973
16103,1385.663
16104,1385.670
16105,1385.676
16106,1385.681
16107,1386.319
16108,1386.326
16109,1386.332
16110,1386.337
16111,1386.969
16112,1386.976
16113,1386.981
16114,1386.986
16115,1387.603
16116,1387.609
16117,1387.613
16118,1388.336
16119,1388.343
16120,1388.349
16121,1389.028
16122,1389.033
16123,1389.037
16124,1389.651
16125,1389.659
16126,1389.661
16127,1390.285
16128,1390.290
16129,1390.295
16130,1390.942
16131,1390.948
16132,1390.953
16133,1391.655
16134,1391.662
16135,1391.668
16136,1391.787
16137,1391.820
16138,1391.825
16139,1391.829
16140,1391.835
16141,1391.838
16142,1391.842
16143,1391.847
16144,1391.925
16145,1392.029
16146,1392.054
16147,1392.057
16148,1392.060
16149,1392.063
16150,1392.066
16151,1392.069
16152,1392.080
16153,1392.102
16154,1392.333
16155,1392.338
16156,1392.342
16157,1392.346
16158,1392.351
16159,1392.579
16160,1392.584
16161,1392.588
16162,1392.592
16163,1392.596
16164,1392.828
16165,1392.834
16166,1392.839
16167,1392.844
16168,1392.867
16169,1393.078
16170,1393.082
16171,1393.086
16172,1393.091
16173,1393.095
16174,1393.316
16175,1393.320
16176,1393.324
16177,1393.328
16178,1393.333
16179,1393.562
16180,1393.566
16181,1393.571
16182,1393.575
16183,1393.672
16184,1393.693
16185,1393.696
16186,1393.707
16187,1393.727
16188,1393.974
16189,1393.979
16190,1393.984
16191,1393.988
16192,1393.993
16193,1394.093
16194,1394.117
16195,1394.121
16196,1394.125
16197,1394.128
16198,1394.132
16199,1394.135
16200,1394.138
16201,1394.141
16202,1394.144
16203,1394.156
16204,1394.178
16205,1394.419
16206,1394.423
16207,1394.428
16208,1394.432
16209,1394.437
16210,1394.697
16211,1394.702
16212,1394.708
16213,1394.713
16214,1394.719
16215,1394.983
16216,1394.988
16217,1394.993
16218,1394.998
16219,1395.003
16220,1395.268
16221,1395.273
16222,1395.278
16223,1395.284
16224,1395.289
16225,1395.537
16226,1395.541
16227,1395.545
16228,1395.549
16229,1395.553
16230,1395.784
16231,1395.788
16232,1395.793
16233,1395.797
16234,1395.802
16235,1396.028
16236,1396.033
16237,1396.037
16238,1396.042
16239,1396.046
16240,1396.296
16241,1396.301
16242,1396.306
16243,1396.310
16244,1396.315
16245,1396.408
16246,1396.427
16247,1396.430
16248,1396.440
16249,1396.458
16250,1396.681
16251,1396.686
16252,1396.690
16253,1396.694
16254,1396.698
16255,1396.791
16256,1396.811
16257,1396.814
16258,1396.824
16259,1396.843
16260,1397.069
16261,1397.074
16262,1397.079
16263,1397.083
16264,1397.087
16265,1397.180
16266,1397.200
16267,1397.203
16268,1397.214
16269,1397.234
16270,1397.457
16271,1397.461
16272,1397.465
16273,1397.469
16274,1397.473
16275,1397.580
16276,1397.583
16277,1397.709
16278,1397.732
16279,1397.736
16280,1397.740
16281,1397.755
16282,1397.759
16283,1397.838
16284,1397.849
16285,1397.896
16286,1397.983
16287,1397.986
16288,1397.990
16289,1398.094
16290,1398.276
16291,1398.339
16292,1398.423
16293,1398.485
16294,1398.488
16295,1398.571
16296,1398.817
16297,1398.870
16298,1398.874
16299,1398.878
16300,1398.881
16301,1398.885
16302,1398.888
16303,1398.894
16304,1398.898
16305,1398.902
16306,1398.906
16307,1398.910
16308,1398.913
16309,1398.918
16310,1398.922
16311,1399.097
16312,1399.102
16313,1399.105
16314,1399.280
16315,1399.284
16316,1399.288
16317,1399.467
16318,1399.472
16319,1399.476
16320,1399.657
16321,1399.661
16322,1399.666
16323,1399.773
16324,1399.821
16325,1399.825
16326,1399.828
16327,1399.831
16328,1399.834
16329,1399.837
16330,1399.840
16331,1399.865
16332,1399.915
16333,1400.125
16334,1400.130
16335,1400.135
16336,1400.141
16337,1400.374
16338,1400.379
16339,1400.384
16340,1400.388
16341,1400.620
16342,1400.625
16343,1400.630
16344,1400.635
16345,1400.844
16346,1400.848
16347,1400.852
16348,1400.855
16349,1401.040
16350,1401.044
16351,1401.048
16352,1401.052
16353,1401.236
16354,1401.241
16355,1401.244
16356,1401.248
16357,1401.364
16358,1401.412
16359,1401.416
16360,1401.419
16361,1401.422
16362,1401.425
16363,1401.449
16364,1401.494
16365,1401.673
16366,1401.677
16367,1401.681
16368,1401.684
16369,1401.878
16370,1401.882
16371,1401.886
16372,1401.890
16373,1402.076
16374,1402.080
16375,1402.084
16376,1402.088
16377,1402.278
16378,1402.282
16379,1402.286
16380,1402.289
16381,1402.401
16382,1402.450
16383,1402.453
16384,1402.457
16385,1402.460
16386,1402.463
16387,1402.466
16388,1402.469
16389,1402.473
16390,1402.476
16391,1402.479
16392,1402.482
16393,1402.485
16394,1402.488
16395,1402.491
16396,1402.494
16397,1402.498
16398,1402.501
16399,1402.504
16400,1402.508
16401,1402.511
16402,1402.514
16403,1402.537
16404,1402.585
16405,1402.787
16406,1402.793
16407,1402.798
16408,1402.803
16409,1403.033
16410,1403.039
16411,1403.044
16412,1403.049
16413,1403.297
16414,1403.302
16415,1403.307
16416,1403.312
16417,1403.540
16418,1403.545
16419,1403.549
16420,1403.552
16421,1403.747
16422,1403.752
16423,1403.757
16424,1403.761
16425,1403.957
16426,1403.964
16427,1403.968
16428,1403.972
16429,1404.164
16430,1404.170
16431,1404.174
16432,1404.178
16433,1404.377
16434,1404.383
16435,1404.387
16436,1404.391
16437,1404.577
16438,1404.583
16439,1404.586
16440,1404.590
16441,1404.784
16442,1404.790
16443,1404.794
16444,1404.798
16445,1405.003
16446,1405.010
16447,1405.014
16448,1405.018
16449,1405.230
16450,1405.237
16451,1405.242
16452,1405.246
16453,1405.446
16454,1405.453
16455,1405.457
16456,1405.460
16457,1405.653
16458,1405.659
16459,1405.663
16460,1405.667
16461,1405.877
16462,1405.885
16463,1405.890
16464,1405.895
16465,1406.122
16466,1406.131
16467,1406.135
16468,1406.140
16469,1406.368
16470,1406.378
16471,1406.383
16472,1406.388
16473,1406.612
16474,1406.618
16475,1406.622
16476,1406.626
16477,1406.814
16478,1406.820
16479,1406.824
16480,1406.828
16481,1407.014
16482,1407.020
16483,1407.024
16484,1407.028
16485,1407.211
16486,1407.215
16487,1407.218
16488,1407.409
16489,1407.413
16490,1407.417
16491,1407.597
16492,1407.602
16493,1407.605
16494,1407.782
16495,1407.786
16496,1407.790
16497,1407.973
16498,1407.977
16499,1407.981
16500,1408.160
16501,1408.164
16502,1408.168
16503,1408.345
16504,1408.350
16505,1408.353
16506,1408.566
16507,1408.615
16508,1408.618
16509,1408.621
16510,1408.625
16511,1408.630
16512,1408.635
16513,1408.642
16514,1408.646
16515,1408.652
16516,1408.658
16517,1408.664
16518,1408.669
16519,1408.675
16520,1408.680
16521,1409.018
16522,1409.024
16523,1409.029
16524,1409.162
16525,1409.229
16526,1409.233
16527,1409.238
16528,1409.540
16529,1409.546
16530,1409.551
16531,1409.842
16532,1409.847
16533,1409.852
16534,1409.962
16535,1410.009
16536,1410.012
16537,1410.015
16538,1410.018
16539,1410.021
16540,1410.024
16541,1410.027
16542,1410.050
16543,1410.095
16544,1410.392
16545,1410.397
16546,1410.401
16547,1410.406
16548,1410.707
16549,1410.712
16550,1410.718
16551,1410.723
16552,1411.023
16553,1411.028
16554,1411.033
16555,1411.037
16556,1411.333
16557,1411.337
16558,1411.342
16559,1411.347
16560,1411.707
16561,1411.718
16562,1411.726
16563,1411.732
16564,1412.080
16565,1412.086
16566,1412.093
16567,1412.098
16568,1412.233
16569,1412.282
16570,1412.285
16571,1412.288
16572,1412.291
16573,1412.294
16574,1412.320
16575,1412.369
16576,1412.668
16577,1412.674
16578,1412.679
16579,1412.684
16580,1412.977
16581,1412.982
16582,1412.987
16583,1412.991
16584,1413.281
16585,1413.285
16586,1413.290
16587,1413.294
16588,1413.588
16589,1413.593
16590,1413.598
16591,1413.602
16592,1413.714
16593,1413.764
16594,1413.767
16595,1413.770
16596,1413.774
16597,1413.777
16598,1413.780
16599,1413.783
16600,1413.786
16601,1413.789
16602,1413.792
16603,1413.795
16604,1413.798
16605,1413.801
16606,1413.805
16607,1413.808
16608,1413.811
16609,1413.814
16610,1413.817
16611,1413.821
16612,1413.824
16613,1413.827
16614,1413.853
16615,1413.902
16616,1414.216
16617,1414.222
16618,1414.229
16619,1414.235
16620,1414.603
16621,1414.609
16622,1414.615
16623,1414.621
16624,1415.027
16625,1415.035
16626,1415.041
16627,1415.046
16628,1415.361
16629,1415.366
16630,1415.371
16631,1415.376
16632,1415.677
16633,1415.682
16634,1415.688
16635,1415.692
16636,1415.999
16637,1416.007
16638,1416.012
16639,1416.016
16640,1416.339
16641,1416.347
16642,1416.352
16643,1416.357
16644,1416.698
16645,1416.706
16646,1416.712
16647,1416.717
16648,1417.020
16649,1417.027
16650,1417.033
16651,1417.037
16652,1417.359
16653,1417.366
16654,1417.370
16655,1417.375
16656,1417.757
16657,1417.768
16658,1417.775
16659,1417.781
16660,1418.176
16661,1418.189
16662,1418.197
16663,1418.204
16664,1418.546
16665,1418.553
16666,1418.558
16667,1418.563
16668,1418.885
16669,1418.893
16670,1418.898
16671,1418.903
16672,1419.213
16673,1419.220
16674,1419.226
16675,1419.230
16676,1419.529
16677,1419.536
16678,1419.541
16679,1419.546
16680,1419.852
16681,1419.859
16682,1419.864
16683,1419.869
16684,1420.177
16685,1420.184
16686,1420.189
16687,1420.194
16688,1420.496
16689,1420.503
16690,1420.508
16691,1420.513
16692,1420.860
16693,1420.870
16694,1420.876
16695,1420.882
16696,1421.228
16697,1421.233
16698,1421.239
16699,1421.572
16700,1421.577
16701,1421.581
16702,1421.870
16703,1421.875
16704,1421.880
16705,1422.170
16706,1422.175
16707,1422.180
16708,1422.478
16709,1422.484
16710,1422.488
16711,1422.786
16712,1422.792
16713,1422.796
16714,1423.102
16715,1423.107
16716,1423.113
16717,1423.350
16718,1423.416
16719,1423.420
16720,1423.423
16721,1423.426
16722,1423.430
16723,1423.433
16724,1423.439
16725,1423.442
16726,1423.446
16727,1423.450
16728,1423.454
16729,1423.457
16730,1423.461
16731,1423.465
16732,1423.655
16733,1423.659
16734,1423.662
16735,1423.892
16736,1423.897
16737,1423.902
16738,1424.138
16739,1424.143
16740,1424.148
16741,1424.368
16742,1424.373
16743,1424.377
16744,1424.510
16745,1424.568
16746,1424.571
16747,1424.574
16748,1424.577
16749,1424.580
16750,1424.583
16751,1424.586
16752,1424.617
16753,1424.676
16754,1424.866
16755,1424.870
16756,1424.874
16757,1424.878
16758,1425.036
16759,1425.040
16760,1425.044
16761,1425.139
16762,1425.197
16763,1425.333
16764,1425.337
16765,1425.340
16766,1425.437
16767,1425.497
16768,1425.684
16769,1425.689
16770,1425.692
16771,1425.696
16772,1425.857
16773,1425.860
16774,1425.864
16775,1425.966
16776,1426.029
16777,1426.235
16778,1426.240
16779,1426.245
16780,1426.249
16781,1426.399
16782,1426.482
16783,1426.486
16784,1426.490
16785,1426.494
16786,1426.498
16787,1426.541
16788,1426.626
16789,1426.838
16790,1426.843
16791,1426.847
16792,1426.850
16793,1427.049
16794,1427.053
16795,1427.057
16796,1427.061
16797,1427.256
16798,1427.260
16799,1427.264
16800,1427.267
16801,1427.466
16802,1427.470
16803,1427.474
16804,1427.477
16805,1427.597
16806,1427.664
16807,1427.667
16808,1427.671
16809,1427.674
16810,1427.676
16811,1427.679
16812,1427.682
16813,1427.685
16814,1427.688
16815,1427.691
16816,1427.694
16817,1427.698
16818,1427.701
16819,1427.704
16820,1427.707
16821,1427.710
16822,1427.714
16823,1427.717
16824,1427.720
16825,1427.724
16826,1427.727
16827,1427.757
16828,1427.821
16829,1428.014
16830,1428.018
16831,1428.022
16832,1428.026
16833,1428.219
16834,1428.223
16835,1428.227
16836,1428.231
16837,1428.437
16838,1428.441
16839,1428.445
16840,1428.449
16841,1428.638
16842,1428.642
16843,1428.645
16844,1428.648
16845,1428.878
16846,1428.884
16847,1428.889
16848,1428.894
16849,1429.129
16850,1429.138
16851,1429.142
16852,1429.147
16853,1429.386
16854,1429.397
16855,1429.402
16856,1429.407
16857,1429.612
16858,1429.618
16859,1429.622
16860,1429.626
16861,1429.817
16862,1429.823
16863,1429.827
16864,1429.830
16865,1430.022
16866,1430.029
16867,1430.033
16868,1430.036
16869,1430.229
16870,1430.236
16871,1430.240
16872,1430.243
16873,1430.442
16874,1430.448
16875,1430.453
16876,1430.457
16877,1430.656
16878,1430.663
16879,1430.667
16880,1430.671
16881,1430.870
16882,1430.877
16883,1430.881
16884,1430.885
16885,1431.085
16886,1431.091
16887,1431.096
16888,1431.099
16889,1431.297
16890,1431.303
16891,1431.307
16892,1431.311
16893,1431.520
16894,1431.529
16895,1431.534
16896,1431.539
16897,1431.774
16898,1431.783
16899,1431.787
16900,1431.792
16901,1432.021
16902,1432.030
16903,1432.034
16904,1432.039
16905,1432.257
16906,1432.262
16907,1432.266
16908,1432.270
16909,1432.457
16910,1432.461
16911,1432.464
16912,1432.649
16913,1432.653
16914,1432.656
16915,1432.843
16916,1432.848
16917,1432.851
16918,1433.037
16919,1433.041
16920,1433.045
16921,1433.232
16922,1433.236
16923,1433.239
16924,1433.425
16925,1433.429
16926,1433.432
16927,1433.618
16928,1433.622
16929,1433.626
16930,1434.067
16931,1434.072
16932,1434.311
16933,1434.499
16934,1434.504
16935,1435.482
16936,1435.487
16937,1435.491
16938,1435.495
16939,1435.499
16940,1435.952
16941,1436.049
16942,1436.155
16943,1436.179
16944,1436.245
16945,1436.269
16946,1436.280
16947,1436.440
16948,1436.444
16949,1436.448
16950,1436.567
16951,1436.593
16952,1436.597
16953,1436.666
16954,1436.694
16955,1436.699
16956,1437.132
16957,1437.138
16958,1437.143
16959,1437.395
16960,1437.435
16961,1437.440
16962,1437.446
16963,1437.552
16964,1437.585
16965,1437.590
16966,1437.672
16967,1437.711
16968,1437.718
16969,1437.926
16970,1437.998
16971,1438.004
16972,1438.009
16973,1438.015
16974,1438.020
16975,1438.025
16976,1438.030
16977,1438.034
16978,1438.038
16979,1438.042
16980,1438.046
16981,1438.050
16982,1438.054
16983,1438.058
16984,1438.321
16985,1438.325
16986,1438.329
16987,1438.577
16988,1438.581
16989,1438.584
16990,1438.846
16991,1438.850
16992,1438.854
16993,1439.107
16994,1439.111
16995,1439.115
16996,1439.231
16997,1439.291
16998,1439.294
16999,1439.297
17000,1439.300
17001,1439.304
17002,1439.307
17003,1439.310
17004,1439.340
17005,1439.402
17006,1439.656
17007,1439.661
17008,1439.667
17009,1439.668
17010,1439.955
17011,1439.960
17012,1439.965
17013,1439.970
17014,1440.269
17015,1440.275
17016,1440.280
17017,1440.285
17018,1440.591
17019,1440.596
17020,1440.601
17021,1440.606
17022,1440.881
17023,1440.885
17024,1440.890
17025,1440.894
17026,1441.153
17027,1441.157
17028,1441.161
17029,1441.165
17030,1441.286
17031,1441.352
17032,1441.355
17033,1441.359
17034,1441.362
17035,1441.365
17036,1441.396
17037,1441.458
17038,1441.708
17039,1441.712
17040,1441.716
17041,1441.720
17042,1441.969
17043,1441.973
17044,1441.977
17045,1441.981
17046,1442.227
17047,1442.232
17048,1442.236
17049,1442.240
17050,1442.490
17051,1442.494
17052,1442.498
17053,1442.502
17054,1442.626
17055,1442.713
17056,1442.718
17057,1442.722
17058,1442.726
17059,1442.731
17060,1442.735
17061,1442.740
17062,1442.744
17063,1442.749
17064,1442.754
17065,1442.758
17066,1442.763
17067,1442.769
17068,1442.774
17069,1442.779
17070,1442.784
17071,1442.789
17072,1442.794
17073,1442.799
17074,1442.804
17075,1442.810
17076,1442.857
17077,1442.944
17078,1443.251
17079,1443.256
17080,1443.263
17081,1443.268
17082,1443.532
17083,1443.536
17084,1443.540
17085,1443.544
17086,1443.810
17087,1443.814
17088,1443.819
17089,1443.823
17090,1444.087
17091,1444.091
17092,1444.096
17093,1444.099
17094,1444.350
17095,1444.355
17096,1444.359
17097,1444.363
17098,1444.621
17099,1444.628
17100,1444.632
17101,1444.636
17102,1444.897
17103,1444.903
17104,1444.907
17105,1444.911
17106,1445.171
17107,1445.178
17108,1445.182
17109,1445.186
17110,1445.439
17111,1445.446
17112,1445.450
17113,1445.453
17114,1445.721
17115,1445.729
17116,1445.734
17117,1445.739
17118,1446.034
17119,1446.042
17120,1446.047
17121,1446.052
17122,1446.357
17123,1446.367
17124,1446.372
17125,1446.378
17126,1446.644
17127,1446.650
17128,1446.655
17129,1446.659
17130,1446.915
17131,1446.921
17132,1446.925
17133,1446.929
17134,1447.186
17135,1447.193
17136,1447.198
17137,1447.202
17138,1447.456
17139,1447.463
17140,1447.467
17141,1447.470
17142,1447.721
17143,1447.727
17144,1447.731
17145,1447.734
17146,1447.987
17147,1447.993
17148,1447.997
17149,1448.001
17150,1448.253
17151,1448.260
17152,1448.264
17153,1448.267
17154,1448.521
17155,1448.527
17156,1448.532
17157,1448.536
17158,1448.794
17159,1448.800
17160,1448.805
17161,1449.097
17162,1449.102
17163,1449.108
17164,1449.395
17165,1449.401
17166,1449.405
17167,1449.682
17168,1449.686
17169,1449.690
17170,1449.938
17171,1449.942
17172,1449.946
17173,1450.191
17174,1450.195
17175,1450.198
17176,1450.445
17177,1450.450
17178,1450.453
17179,1450.679
17180,1450.747
17181,1450.751
17182,1450.755
17183,1450.759
17184,1450.763
17185,1450.766
17186,1450.772
17187,1450.776
17188,1450.780
17189,1450.784
17190,1450.789
17191,1450.793
17192,1450.797
17193,1450.801
17194,1451.045
17195,1451.050
17196,1451.053
17197,1451.297
17198,1451.301
17199,1451.304
17200,1451.549
17201,1451.553
17202,1451.556
17203,1451.807
17204,1451.811
17205,1451.816
17206,1451.964
17207,1452.051
17208,1452.055
17209,1452.059
17210,1452.062
17211,1452.067
17212,1452.071
17213,1452.075
17214,1452.116
17215,1452.197
17216,1452.478
17217,1452.482
17218,1452.486
17219,1452.490
17220,1452.741
17221,1452.746
17222,1452.749
17223,1452.753
17224,1453.003
17225,1453.007
17226,1453.011
17227,1453.015
17228,1453.263
17229,1453.268
17230,1453.272
17231,1453.275
17232,1453.527
17233,1453.531
17234,1453.535
17235,1453.539
17236,1453.788
17237,1453.793
17238,1453.797
17239,1453.800
17240,1453.917
17241,1453.978
17242,1453.982
17243,1453.985
17244,1453.988
17245,1453.991
17246,1454.021
17247,1454.081
17248,1454.327
17249,1454.331
17250,1454.335
17251,1454.339
17252,1454.611
17253,1454.617
17254,1454.622
17255,1454.627
17256,1454.924
17257,1454.929
17258,1454.934
17259,1454.939
17260,1455.229
17261,1455.235
17262,1455.240
17263,1455.245
17264,1455.392
17265,1455.463
17266,1455.468
17267,1455.471
17268,1455.474
17269,1455.477
17270,1455.482
17271,1455.487
17272,1455.492
17273,1455.497
17274,1455.502
17275,1455.507
17276,1455.512
17277,1455.517
17278,1455.522
17279,1455.528
17280,1455.533
17281,1455.538
17282,1455.544
17283,1455.549
17284,1455.555
17285,1455.560
17286,1455.593
17287,1455.655
17288,1455.911
17289,1455.916
17290,1455.920
17291,1455.924
17292,1456.187
17293,1456.192
17294,1456.196
17295,1456.200
17296,1456.469
17297,1456.476
17298,1456.480
17299,1456.484
17300,1456.742
17301,1456.747
17302,1456.752
17303,1456.757
17304,1457.027
17305,1457.032
17306,1457.036
17307,1457.040
17308,1457.326
17309,1457.337
17310,1457.342
17311,1457.348
17312,1457.672
17313,1457.681
17314,1457.686
17315,1457.690
17316,1458.017
17317,1458.026
17318,1458.031
17319,1458.036
17320,1458.338
17321,1458.345
17322,1458.348
17323,1458.352
17324,1458.630
17325,1458.637
17326,1458.641
17327,1458.645
17328,1458.913
17329,1458.920
17330,1458.925
17331,1458.930
17332,1459.206
17333,1459.213
17334,1459.218
17335,1459.222
17336,1459.526
17337,1459.533
17338,1459.537
17339,1459.541
17340,1459.808
17341,1459.815
17342,1459.820
17343,1459.824
17344,1460.086
17345,1460.093
17346,1460.098
17347,1460.102
17348,1460.381
17349,1460.388
17350,1460.393
17351,1460.397
17352,1460.675
17353,1460.685
17354,1460.690
17355,1460.695
17356,1461.024
17357,1461.033
17358,1461.038
17359,1461.044
17360,1461.347
17361,1461.356
17362,1461.360
17363,1461.365
17364,1461.664
17365,1461.671
17366,1461.675
17367,1461.679
17368,1461.928
17369,1461.932
17370,1461.936
17371,1462.187
17372,1462.191
17373,1462.195
17374,1462.454
17375,1462.458
17376,1462.462
17377,1462.712
17378,1462.717
17379,1462.720
17380,1462.974
17381,1462.978
17382,1462.982
17383,1463.235
17384,1463.239
17385,1463.243
17386,1463.495
17387,1463.499
17388,1463.503
17389,1463.735
17390,1463.803
17391,1463.807
17392,1463.811
17393,1463.814
17394,1463.817
17395,1463.822
17396,1463.833
17397,1463.839
17398,1463.845
17399,1463.851
17400,1463.857
17401,1463.863
17402,1463.870
17403,1463.876
17404,1464.172
17405,1464.177
17406,1464.182
17407,1464.478
17408,1464.487
17409,1464.488
17410,1464.769
17411,1464.773
17412,1464.777
17413,1465.028
17414,1465.032
17415,1465.036
17416,1465.153
17417,1465.213
17418,1465.216
17419,1465.219
17420,1465.222
17421,1465.226
17422,1465.229
17423,1465.232
17424,1465.262
17425,1465.322
17426,1465.569
17427,1465.573
17428,1465.577
17429,1465.581
17430,1465.844
17431,1465.848
17432,1465.853
17433,1465.856
17434,1466.116
17435,1466.120
17436,1466.124
17437,1466.128
17438,1466.390
17439,1466.395
17440,1466.399
17441,1466.402
17442,1466.678
17443,1466.683
17444,1466.688
17445,1466.692
17446,1466.968
17447,1466.973
17448,1466.979
17449,1466.984
17450,1467.135
17451,1467.223
17452,1467.227
17453,1467.231
17454,1467.236
17455,1467.240
17456,1467.282
17457,1467.368
17458,1467.650
17459,1467.654
17460,1467.659
17461,1467.662
17462,1467.911
17463,1467.916
17464,1467.920
17465,1467.923
17466,1468.170
17467,1468.175
17468,1468.178
17469,1468.182
17470,1468.430
17471,1468.434
17472,1468.438
17473,1468.441
17474,1468.561
17475,1468.623
17476,1468.626
17477,1468.629
17478,1468.632
17479,1468.635
17480,1468.638
17481,1468.641
17482,1468.644
17483,1468.647
17484,1468.650
17485,1468.653
17486,1468.657
17487,1468.660
17488,1468.663
17489,1468.666
17490,1468.670
17491,1468.673
17492,1468.677
17493,1468.680
17494,1468.684
17495,1468.688
17496,1468.717
17497,1468.778
17498,1469.030
17499,1469.035
17500,1469.039
17501,1469.043
17502,1469.297
17503,1469.302
17504,1469.306
17505,1469.310
17506,1469.570
17507,1469.575
17508,1469.579
17509,1469.582
17510,1469.883
17511,1469.889
17512,1469.894
17513,1469.899
17514,1470.191
17515,1470.196
17516,1470.202
17517,1470.206
17518,1470.507
17519,1470.514
17520,1470.518
17521,1470.522
17522,1470.783
17523,1470.789
17524,1470.793
17525,1470.797
17526,1471.062
17527,1471.069
17528,1471.073
17529,1471.078
17530,1471.343
17531,1471.349
17532,1471.353
17533,1471.359
17534,1471.619
17535,1471.625
17536,1471.629
17537,1471.633
17538,1471.890
17539,1471.897
17540,1471.901
17541,1471.905
17542,1472.179
17543,1472.186
17544,1472.191
17545,1472.196
17546,1472.464
17547,1472.470
17548,1472.474
17549,1472.478
17550,1472.743
17551,1472.749
17552,1472.753
17553,1472.757
17554,1473.081
17555,1473.097
17556,1473.103
17557,1473.108
17558,1473.424
17559,1473.433
17560,1473.438
17561,1473.443
17562,1473.748
17563,1473.755
17564,1473.759
17565,1473.763
17566,1474.024
17567,1474.031
17568,1474.035
17569,1474.039
17570,1474.297
17571,1474.304
17572,1474.308
17573,1474.312
17574,1474.571
17575,1474.577
17576,1474.582
17577,1474.585
17578,1474.841
17579,1474.845
17580,1474.849
17581,1475.101
17582,1475.105
17583,1475.109
17584,1475.368
17585,1475.373
17586,1475.377
17587,1475.629
17588,1475.634
17589,1475.638
17590,1475.902
17591,1475.906
17592,1475.910
17593,1476.179
17594,1476.185
17595,1476.191
17596,1476.499
17597,1476.505
17598,1476.510
17599,1476.616
17600,1476.633
17601,1476.646
17602,1476.661
17603,1476.674
17604,1476.691
17605,1476.776
17606,1476.869
17607,1476.890
17608,1476.905
17609,1476.999
17610,1477.092
17611,1477.103
17612,1477.364
17613,1477.368
17614,1477.447
17615,1477.473
17616,1477.551
17617,1477.668
17618,1477.692
17619,1477.697
17620,1477.775
17621,1477.884
17622,1477.908
17623,1478.218
17624,1478.223
17625,1478.339
17626,1478.400
17627,1478.406
17628,1478.437
17629,1478.500
17630,1478.625
17631,1478.628
17632,1478.758
17633,1478.761
17634,1478.835
17635,1478.951
17636,1478.956
17637,1478.961
17638,1479.013
17639,1479.018
17640,1479.023
17641,1479.028
17642,1479.032
17643,1479.036
17644,1479.040
17645,1479.044
17646,1479.049
17647,1479.053
17648,1479.057
17649,1479.168
17650,1479.174
17651,1479.178
17652,1479.292
17653,1479.296
17654,1479.300
17655,1479.306
17656,1479.310
17657,1479.381
17658,1479.386
17659,1479.391
17660,1479.395
17661,1479.429
17662,1479.450
17663,1479.455
17664,1479.515
17665,1479.520
17666,1479.526
17667,1479.529
17668,1479.565
17669,1479.569
17670,1479.574
17671,1479.577
17672,1479.584
17673,1479.598
17674,1479.601
17675,1479.612
17676,1479.627
17677,1479.630
17678,1479.672
17679,1479.686
17680,1479.690
17681,1479.735
17682,1479.739
17683,1479.743
17684,1479.746
17685,1479.749
17686,1479.753
17687,1479.756
17688,1479.760
17689,1479.765
17690,1479.779
17691,1479.783
17692,1479.826
17693,1479.830
17694,1479.834
17695,1479.875
17696,1479.879
17697,1479.883
17698,1479.887
17699,1479.890
17700,1479.894
17701,1479.898
17702,1479.901
17703,1479.905
17704,1479.908
17705,1479.912
17706,1480.011
17707,1480.015
17708,1480.019
17709,1480.117
17710,1480.122
17711,1480.125
17712,1480.129
17713,1480.132
17714,1480.195
17715,1480.198
17716,1480.202
17717,1480.207
17718,1480.234
17719,1480.248
17720,1480.252
17721,1480.294
17722,1480.298
17723,1480.303
17724,1480.307
17725,1480.344
17726,1480.349
17727,1480.354
17728,1480.358
17729,1480.363
17730,1480.377
17731,1480.380
17732,1480.423
17733,1480.428
17734,1480.433
17735,1480.437
17736,1480.442
17737,1480.446
17738,1480.481
17739,1480.496
17740,1480.500
17741,1480.510
17742,1480.524
17743,1480.528
17744,1480.570
17745,1480.574
17746,1480.578
17747,1480.582
17748,1480.585
17749,1480.588
17750,1480.592
17751,1480.597
17752,1480.612
17753,1480.616
17754,1480.663
17755,1480.667
17756,1480.671
17757,1480.710
17758,1480.714
17759,1480.717
17760,1480.721
17761,1480.724
17762,1480.727
17763,1480.730
17764,1480.733
17765,1480.772
17766,1480.776
17767,1480.780
17768,1480.783
17769,1480.798
17770,1480.811
17771,1480.814
17772,1480.871
17773,1480.892
17774,1480.897
17775,1480.916
17776,1480.939
17777,1480.943
17778,1480.964
17779,1480.984
17780,1480.989
17781,1481.052
17782,1481.057
17783,1481.062
17784,1481.124
17785,1481.133
17786,1481.137
17787,1481.141
17788,1481.146
17789,1481.151
17790,1481.155
17791,1481.160
17792,1481.165
17793,1481.169
17794,1481.174
17795,1481.179
17796,1481.187
17797,1481.195
17798,1481.200
17799,1481.209
17800,1481.218
17801,1481.228
17802,1481.238
17803,1481.249
17804,1481.255
17805,1481.261
17806,1481.265
17807,1481.391
17808,1481.395
17809,1481.399
17810,1481.501
17811,1481.514
17812,1481.518
17813,1481.548
17814,1481.562
17815,1481.565
17816,1481.575
17817,1481.588
17818,1481.591
17819,1481.621
17820,1481.635
17821,1481.639
17822,1481.673
17823,1481.687
17824,1481.691
17825,1481.740
17826,1481.745
17827,1481.751
17828,1481.755
17829,1481.761
17830,1481.775
17831,1481.778
17832,1481.822
17833,1481.830
17834,1481.836
17835,1481.839
17836,1481.878
17837,1481.886
17838,1481.892
17839,1481.895
17840,1481.910
17841,1481.924
17842,1481.928
17843,1481.939
17844,1481.954
17845,1481.958
17846,1481.970
17847,1481.986
17848,1481.990
17849,1482.032
17850,1482.049
17851,1482.053
17852,1482.084
17853,1482.101
17854,1482.104
17855,1482.126
17856,1482.140
17857,1482.144
17858,1482.174
17859,1482.190
17860,1482.194
17861,1482.207
17862,1482.224
17863,1482.227
17864,1482.239
17865,1482.253
17866,1482.256
17867,1482.287
17868,1482.301
17869,1482.305
17870,1482.409
17871,1482.413
17872,1482.416
17873,1482.421
17874,1482.425
17875,1482.430
17876,1482.435
17877,1482.441
17878,1482.445
17879,1482.549
17880,1482.736
17881,1482.741
17882,1482.749
17883,1482.756
17884,1482.760
17885,1482.868
17886,1482.889
17887,1482.906
17888,1482.909
17889,1482.945
17890,1483.021
17891,1483.032
17892,1483.060
17893,1483.124
17894,1483.134
17895,1483.262
17896,1483.269
17897,1483.272
17898,1483.367
17899,1483.371
17900,1483.374
17901,1483.487
17902,1483.493
17903,1483.497
17904,1483.584
17905,1483.588
17906,1483.591
17907,1483.704
17908,1483.708
17909,1483.711
17910,1483.716
17911,1483.721
17912,1483.725
17913,1483.761
17914,1483.765
17915,1483.768
17916,1483.771
17917,1483.802
17918,1483.806
17919,1483.809
17920,1483.812
17921,1483.815
17922,1483.852
17923,1483.856
17924,1483.859
17925,1483.862
17926,1483.865
17927,1483.868
17928,1483.871
17929,1483.874
17930,1483.879
17931,1483.882
17932,1484.000
17933,1484.004
17934,1484.007
17935,1484.107
17936,1484.122
17937,1484.126
17938,1484.161
17939,1484.176
17940,1484.180
17941,1484.406
17942,1484.485
17943,1484.490
17944,1484.495
17945,1484.502
17946,1484.512
17947,1484.523
17948,1484.534
17949,1484.544
17950,1484.554
17951,1484.564
17952,1484.574
17953,1484.585
17954,1484.595
17955,1484.607
17956,1484.920
17957,1484.925
17958,1484.930
17959,1485.263
17960,1485.268
17961,1485.273
17962,1485.552
17963,1485.556
17964,1485.560
17965,1485.824
17966,1485.828
17967,1485.833
17968,1485.963
17969,1486.038
17970,1486.042
17971,1486.046
17972,1486.049
17973,1486.053
17974,1486.056
17975,1486.060
17976,1486.093
17977,1486.178
17978,1486.453
17979,1486.457
17980,1486.461
17981,1486.464
17982,1486.736
17983,1486.740
17984,1486.744
17985,1486.748
17986,1487.035
17987,1487.040
17988,1487.044
17989,1487.049
17990,1487.330
17991,1487.334
17992,1487.339
17993,1487.342
17994,1487.655
17995,1487.665
17996,1487.671
17997,1487.677
17998,1488.005
17999,1488.011
18000,1488.017
18001,1488.022
18002,1488.182
18003,1488.274
18004,1488.278
18005,1488.281
18006,1488.285
18007,1488.289
18008,1488.322
18009,1488.387
18010,1488.673
18011,1488.678
18012,1488.682
18013,1488.686
18014,1488.966
18015,1488.971
18016,1488.976
18017,1488.979
18018,1489.262
18019,1489.266
18020,1489.271
18021,1489.274
18022,1489.547
18023,1489.552
18024,1489.556
18025,1489.559
18026,1489.697
18027,1489.777
18028,1489.783
18029,1489.789
18030,1489.795
18031,1489.801
18032,1489.807
18033,1489.814
18034,1489.820
18035,1489.826
18036,1489.833
18037,1489.839
18038,1489.846
18039,1489.853
18040,1489.860
18041,1489.867
18042,1489.874
18043,1489.880
18044,1489.887
18045,1489.894
18046,1489.901
18047,1489.908
18048,1489.942
18049,1490.006
18050,1490.341
18051,1490.346
18052,1490.352
18053,1490.357
18054,1490.678
18055,1490.688
18056,1490.693
18057,1490.698
18058,1491.020
18059,1491.026
18060,1491.030
18061,1491.034
18062,1491.310
18063,1491.316
18064,1491.320
18065,1491.324
18066,1491.601
18067,1491.608
18068,1491.612
18069,1491.616
18070,1491.891
18071,1491.898
18072,1491.902
18073,1491.906
18074,1492.186
18075,1492.193
18076,1492.197
18077,1492.201
18078,1492.486
18079,1492.492
18080,1492.497
18081,1492.500
18082,1492.774
18083,1492.780
18084,1492.784
18085,1492.788
18086,1493.075
18087,1493.081
18088,1493.085
18089,1493.089
18090,1493.383
18091,1493.392
18092,1493.398
18093,1493.403
18094,1493.744
18095,1493.754
18096,1493.760
18097,1493.764
18098,1494.087
18099,1494.098
18100,1494.103
18101,1494.108
18102,1494.400
18103,1494.407
18104,1494.411
18105,1494.415
18106,1494.693
18107,1494.699
18108,1494.703
18109,1494.707
18110,1494.989
18111,1494.995
18112,1495.000
18113,1495.004
18114,1495.290
18115,1495.296
18116,1495.300
18117,1495.304
18118,1495.575
18119,1495.582
18120,1495.586
18121,1495.590
18122,1495.890
18123,1495.898
18124,1495.904
18125,1495.909
18126,1496.199
18127,1496.205
18128,1496.210
18129,1496.213
18130,1496.480
18131,1496.485
18132,1496.488
18133,1496.788
18134,1496.793
18135,1496.799
18136,1497.112
18137,1497.117
18138,1497.122
18139,1497.438
18140,1497.443
18141,1497.448
18142,1497.722
18143,1497.726
18144,1497.730
18145,1497.999
18146,1498.003
18147,1498.007
18148,1498.274
18149,1498.278
18150,1498.282
18151,1498.530
18152,1498.600
18153,1498.605
18154,1498.609
18155,1498.613
18156,1498.619
18157,1498.626
18158,1498.632
18159,1498.639
18160,1498.644
18161,1498.649
18162,1498.654
18163,1498.660
18164,1498.666
18165,1498.672
18166,1498.935
18167,1498.940
18168,1498.944
18169,1499.206
18170,1499.210
18171,1499.214
18172,1499.479
18173,1499.483
18174,1499.487
18175,1499.750
18176,1499.756
18177,1499.763
18178,1499.922
18179,1500.016
18180,1500.020
18181,1500.024
18182,1500.029
18183,1500.033
18184,1500.037
18185,1500.042
18186,1500.084
18187,1500.171
18188,1500.486
18189,1500.490
18190,1500.494
18191,1500.498
18192,1500.783
18193,1500.787
18194,1500.791
18195,1500.795
18196,1501.082
18197,1501.087
18198,1501.091
18199,1501.094
18200,1501.362
18201,1501.367
18202,1501.371
18203,1501.374
18204,1501.645
18205,1501.651
18206,1501.655
18207,1501.659
18208,1501.930
18209,1501.934
18210,1501.938
18211,1501.942
18212,1502.067
18213,1502.129
18214,1502.132
18215,1502.135
18216,1502.138
18217,1502.142
18218,1502.172
18219,1502.232
18220,1502.500
18221,1502.504
18222,1502.508
18223,1502.512
18224,1502.819
18225,1502.824
18226,1502.829
18227,1502.834
18228,1503.150
18229,1503.154
18230,1503.159
18231,1503.164
18232,1503.482
18233,1503.486
18234,1503.490
18235,1503.494
18236,1503.629
18237,1503.707
18238,1503.713
18239,1503.718
18240,1503.724
18241,1503.730
18242,1503.736
18243,1503.742
18244,1503.747
18245,1503.753
18246,1503.759
18247,1503.765
18248,1503.771
18249,1503.777
18250,1503.783
18251,1503.790
18252,1503.797
18253,1503.803
18254,1503.810
18255,1503.817
18256,1503.825
18257,1503.832
18258,1503.868
18259,1503.939
18260,1504.224
18261,1504.229
18262,1504.233
18263,1504.238
18264,1504.523
18265,1504.530
18266,1504.534
18267,1504.539
18268,1504.836
18269,1504.843
18270,1504.848
18271,1504.853
18272,1505.137
18273,1505.144
18274,1505.148
18275,1505.152
18276,1505.424
18277,1505.430
18278,1505.434
18279,1505.438
18280,1505.784
18281,1505.794
18282,1505.799
18283,1505.804
18284,1506.142
18285,1506.151
18286,1506.157
18287,1506.163
18288,1506.502
18289,1506.509
18290,1506.514
18291,1506.519
18292,1506.798
18293,1506.805
18294,1506.810
18295,1506.814
18296,1507.106
18297,1507.113
18298,1507.118
18299,1507.122
18300,1507.408
18301,1507.415
18302,1507.420
18303,1507.424
18304,1507.710
18305,1507.717
18306,1507.722
18307,1507.726
18308,1508.001
18309,1508.008
18310,1508.012
18311,1508.017
18312,1508.294
18313,1508.301
18314,1508.306
18315,1508.310
18316,1508.586
18317,1508.593
18318,1508.597
18319,1508.602
18320,1508.880
18321,1508.890
18322,1508.895
18323,1508.901
18324,1509.225
18325,1509.234
18326,1509.239
18327,1509.244
18328,1509.554
18329,1509.563
18330,1509.567
18331,1509.572
18332,1509.870
18333,1509.876
18334,1509.880
18335,1509.883
18336,1510.151
18337,1510.157
18338,1510.161
18339,1510.165
18340,1510.431
18341,1510.435
18342,1510.439
18343,1510.712
18344,1510.716
18345,1510.720
18346,1510.984
18347,1510.989
18348,1510.993
18349,1511.267
18350,1511.272
18351,1511.276
18352,1511.550
18353,1511.555
18354,1511.559
18355,1511.830
18356,1511.834
18357,1511.839
18358,1512.105
18359,1512.110
18360,1512.114
18361,1512.468
18362,1512.473
18363,1512.571
18364,1512.603
18365,1512.607
18366,1512.611
18367,1512.841
18368,1512.845
18369,1512.943
18370,1512.974
18371,1513.385
18372,1513.389
18373,1513.393
18374,1513.549
18375,1513.572
18376,1513.646
18377,1513.671
18378,1513.675
18379,1513.687
18380,1513.713
18381,1513.905
18382,1513.909
18383,1514.031
18384,1514.035
18385,1514.038
18386,1514.079
18387,1514.082
18388,1514.086
18389,1514.089
18390,1514.092
18391,1514.097
18392,1514.100
18393,1514.103
18394,1514.107
18395,1514.110
18396,1514.113
18397,1514.116
18398,1514.119
18399,1514.122
18400,1514.218
18401,1514.221
18402,1514.225
18403,1514.297
18404,1514.312
18405,1514.315
18406,1514.336
18407,1514.349
18408,1514.352
18409,1514.392
18410,1514.406
18411,1514.409
18412,1514.449
18413,1514.463
18414,1514.467
18415,1514.490
18416,1514.503
18417,1514.506
18418,1514.527
18419,1514.541
18420,1514.545
18421,1514.557
18422,1514.570
18423,1514.573
18424,1514.585
18425,1514.598
18426,1514.601
18427,1514.631
18428,1514.645
18429,1514.649
18430,1514.784
18431,1514.789
18432,1514.794
18433,1514.888
18434,1514.892
18435,1514.898
18436,1514.903
18437,1515.007
18438,1515.190
18439,1515.194
18440,1515.202
18441,1515.209
18442,1515.213
18443,1515.320
18444,1515.342
18445,1515.360
18446,1515.364
18447,1515.404
18448,1515.419
18449,1515.430
18450,1515.433
18451,1515.461
18452,1515.524
18453,1515.533
18454,1515.663
18455,1515.669
18456,1515.673
18457,1515.768
18458,1515.772
18459,1515.776
18460,1515.779
18461,1515.782
18462,1515.785
18463,1515.790
18464,1515.793
18465,1515.798
18466,1515.811
18467,1515.814
18468,1515.826
18469,1515.829
18470,1515.832
18471,1515.835
18472,1515.920
18473,1516.067
18474,1516.071
18475,1516.076
18476,1516.081
18477,1516.084
18478,1516.173
18479,1516.188
18480,1516.198
18481,1516.202
18482,1516.231
18483,1516.245
18484,1516.256
18485,1516.259
18486,1516.287
18487,1516.349
18488,1516.361
18489,1516.491
18490,1516.497
18491,1516.501
18492,1516.595
18493,1516.599
18494,1516.602
18495,1516.605
18496,1516.608
18497,1516.611
18498,1516.617
18499,1516.620
18500,1516.625
18501,1516.638
18502,1516.641
18503,1516.871
18504,1516.978
18505,1516.987
18506,1516.996
18507,1517.005
18508,1517.015
18509,1517.025
18510,1517.034
18511,1517.044
18512,1517.053
18513,1517.063
18514,1517.072
18515,1517.082
18516,1517.091
18517,1517.101
18518,1517.215
18519,1517.224
18520,1517.229
18521,1517.655
18522,1517.660
18523,1517.664
18524,1517.791
18525,1517.795
18526,1517.799
18527,1517.802
18528,1517.923
18529,1517.985
18530,1517.989
18531,1518.109
18532,1518.167
18533,1518.173
18534,1518.296
18535,1518.361
18536,1518.716
18537,1518.720
18538,1519.076
18539,1519.083
18540,1519.088
18541,1519.216
18542,1519.220
18543,1519.223
18544,1519.335
18545,1519.340
18546,1519.346
18547,1519.350
18548,1519.483
18549,1519.488
18550,1519.492
18551,1519.497
18552,1519.647
18553,1519.651
18554,1519.657
18555,1519.817
18556,1519.821
18557,1519.826
18558,1519.830
18559,1519.835
18560,1519.839
18561,1519.990
18562,1519.995
18563,1519.999
18564,1520.003
18565,1520.433
18566,1520.438
18567,1520.442
18568,1520.890
18569,1520.896
18570,1520.900
18571,1521.038
18572,1521.111
18573,1521.114
18574,1521.118
18575,1521.121
18576,1521.125
18577,1521.129
18578,1521.132
18579,1521.163
18580,1521.228
18581,1521.663
18582,1521.669
18583,1521.673
18584,1521.678
18585,1522.113
18586,1522.118
18587,1522.124
18588,1522.128
18589,1522.602
18590,1522.608
18591,1522.614
18592,1522.620
18593,1523.136
18594,1523.142
18595,1523.149
18596,1523.155
18597,1523.669
18598,1523.677
18599,1523.683
18600,1523.688
18601,1524.119
18602,1524.124
18603,1524.129
18604,1524.133
18605,1524.270
18606,1524.339
18607,1524.342
18608,1524.346
18609,1524.350
18610,1524.353
18611,1524.384
18612,1524.448
18613,1524.873
18614,1524.878
18615,1524.883
18616,1524.888
18617,1525.297
18618,1525.302
18619,1525.307
18620,1525.311
18621,1525.718
18622,1525.722
18623,1525.726
18624,1525.730
18625,1526.170
18626,1526.176
18627,1526.181
18628,1526.186
18629,1526.354
18630,1526.456
18631,1526.464
18632,1526.472
18633,1526.479
18634,1526.487
18635,1526.496
18636,1526.506
18637,1526.515
18638,1526.525
18639,1526.535
18640,1526.541
18641,1526.547
18642,1526.553
18643,1526.559
18644,1526.565
18645,1526.571
18646,1526.577
18647,1526.584
18648,1526.590
18649,1526.596
18650,1526.602
18651,1526.637
18652,1526.700
18653,1527.108
18654,1527.113
18655,1527.117
18656,1527.122
18657,1527.529
18658,1527.534
18659,1527.538
18660,1527.542
18661,1527.668
18662,1527.732
18663,1527.736
18664,1527.768
18665,1527.772
18666,1527.775
18667,1527.890
18668,1527.951
18669,1527.954
18670,1528.076
18671,1528.080
18672,1528.084
18673,1528.628
18674,1528.639
18675,1528.650
18676,1528.655
18677,1528.661
18678,1529.132
18679,1529.141
18680,1529.146
18681,1529.151
18682,1529.583
18683,1529.589
18684,1529.594
18685,1529.598
18686,1530.027
18687,1530.034
18688,1530.039
18689,1530.044
18690,1530.480
18691,1530.487
18692,1530.492
18693,1530.496
18694,1530.622
18695,1530.684
18696,1530.687
18697,1530.718
18698,1530.722
18699,1530.726
18700,1530.843
18701,1530.908
18702,1530.912
18703,1531.034
18704,1531.038
18705,1531.042
18706,1531.576
18707,1531.587
18708,1531.597
18709,1531.602
18710,1531.609
18711,1532.094
18712,1532.103
18713,1532.108
18714,1532.113
18715,1532.272
18716,1532.358
18717,1532.362
18718,1532.396
18719,1532.400
18720,1532.403
18721,1532.514
18722,1532.574
18723,1532.577
18724,1532.701
18725,1532.705
18726,1532.709
18727,1533.219
18728,1533.226
18729,1533.233
18730,1533.237
18731,1533.242
18732,1533.658
18733,1533.665
18734,1533.670
18735,1533.675
18736,1534.117
18737,1534.125
18738,1534.132
18739,1534.137
18740,1534.267
18741,1534.329
18742,1534.333
18743,1534.363
18744,1534.366
18745,1534.369
18746,1534.507
18747,1534.596
18748,1534.601
18749,1534.752
18750,1534.757
18751,1534.762
18752,1535.335
18753,1535.342
18754,1535.349
18755,1535.353
18756,1535.358
18757,1535.789
18758,1535.797
18759,1535.802
18760,1535.806
18761,1536.229
18762,1536.237
18763,1536.241
18764,1536.246
18765,1536.669
18766,1536.676
18767,1536.681
18768,1536.685
18769,1537.111
18770,1537.118
18771,1537.123
18772,1537.127
18773,1537.542
18774,1537.549
18775,1537.554
18776,1537.558
18777,1538.026
18778,1538.037
18779,1538.042
18780,1538.049
18781,1538.535
18782,1538.544
18783,1538.549
18784,1538.555
18785,1538.982
18786,1538.986
18787,1538.991
18788,1539.397
18789,1539.402
18790,1539.407
18791,1539.806
18792,1539.811
18793,1539.816
18794,1540.215
18795,1540.219
18796,1540.224
18797,1540.651
18798,1540.656
18799,1540.661
18800,1541.094
18801,1541.099
18802,1541.103
18803,1541.562
18804,1541.568
18805,1541.574
18806,1541.904
18807,1542.012
18808,1542.021
18809,1542.030
18810,1542.039
18811,1542.049
18812,1542.061
18813,1542.072
18814,1542.084
18815,1542.095
18816,1542.102
18817,1542.110
18818,1542.117
18819,1542.125
18820,1542.133
18821,1542.226
18822,1542.232
18823,1542.236
18824,1542.653
18825,1542.657
18826,1542.661
18827,1542.790
18828,1542.794
18829,1542.797
18830,1542.800
18831,1542.929
18832,1542.986
18833,1542.990
18834,1543.116
18835,1543.175
18836,1543.180
18837,1543.310
18838,1543.376
18839,1543.734
18840,1543.738
18841,1544.095
18842,1544.104
18843,1544.110
18844,1544.272
18845,1544.277
18846,1544.281
18847,1544.416
18848,1544.421
18849,1544.425
18850,1544.429
18851,1544.557
18852,1544.562
18853,1544.566
18854,1544.570
18855,1544.719
18856,1544.724
18857,1544.729
18858,1544.861
18859,1544.865
18860,1544.869
18861,1544.872
18862,1544.875
18863,1544.879
18864,1545.004
18865,1545.007
18866,1545.011
18867,1545.014
18868,1545.452
18869,1545.457
18870,1545.462
18871,1545.874
18872,1545.879
18873,1545.883
18874,1546.020
18875,1546.091
18876,1546.095
18877,1546.101
18878,1546.107
18879,1546.113
18880,1546.119
18881,1546.125
18882,1546.159
18883,1546.228
18884,1546.650
18885,1546.655
18886,1546.660
18887,1546.664
18888,1547.103
18889,1547.110
18890,1547.116
18891,1547.122
18892,1547.623
18893,1547.629
18894,1547.635
18895,1547.640
18896,1548.114
18897,1548.118
18898,1548.123
18899,1548.127
18900,1548.556
18901,1548.563
18902,1548.569
18903,1548.574
18904,1549.007
18905,1549.012
18906,1549.016
18907,1549.020
18908,1549.154
18909,1549.220
18910,1549.224
18911,1549.227
18912,1549.231
18913,1549.234
18914,1549.265
18915,1549.330
18916,1549.751
18917,1549.756
18918,1549.762
18919,1549.766
18920,1550.175
18921,1550.179
18922,1550.184
18923,1550.189
18924,1550.630
18925,1550.635
18926,1550.641
18927,1550.648
18928,1551.129
18929,1551.134
18930,1551.140
18931,1551.146
18932,1551.319
18933,1551.398
18934,1551.404
18935,1551.409
18936,1551.415
18937,1551.421
18938,1551.426
18939,1551.432
18940,1551.438
18941,1551.444
18942,1551.450
18943,1551.456
18944,1551.462
18945,1551.469
18946,1551.475
18947,1551.482
18948,1551.488
18949,1551.495
18950,1551.501
18951,1551.508
18952,1551.515
18953,1551.522
18954,1551.557
18955,1551.622
18956,1552.028
18957,1552.033
18958,1552.038
18959,1552.042
18960,1552.449
18961,1552.454
18962,1552.459
18963,1552.463
18964,1552.592
18965,1552.655
18966,1552.658
18967,1552.689
18968,1552.693
18969,1552.697
18970,1552.811
18971,1552.872
18972,1552.875
18973,1553.000
18974,1553.003
18975,1553.006
18976,1553.633
18977,1553.643
18978,1553.653
18979,1553.658
18980,1553.664
18981,1554.120
18982,1554.126
18983,1554.130
18984,1554.135
18985,1554.542
18986,1554.548
18987,1554.553
18988,1554.558
18989,1554.984
18990,1554.991
18991,1554.996
18992,1555.000
18993,1555.437
18994,1555.444
18995,1555.449
18996,1555.454
18997,1555.586
18998,1555.652
18999,1555.656
19000,1555.688
19001,1555.692
19002,1555.695
19003,1555.813
19004,1555.874
19005,1555.878
19006,1556.002
19007,1556.006
19008,1556.009
19009,1556.641
19010,1556.651
19011,1556.660
19012,1556.665
19013,1556.672
19014,1557.147
19015,1557.154
19016,1557.159
19017,1557.163
19018,1557.296
19019,1557.358
19020,1557.363
19021,1557.393
19022,1557.396
19023,1557.400
19024,1557.687
19025,1557.692
19026,1557.696
19027,1557.699
19028,1557.833
19029,1557.837
19030,1557.840
19031,1558.357
19032,1558.365
19033,1558.372
19034,1558.377
19035,1558.382
19036,1558.815
19037,1558.823
19038,1558.828
19039,1558.833
19040,1559.274
19041,1559.287
19042,1559.298
19043,1559.305
19044,1559.470
19045,1559.560
19046,1559.564
19047,1559.604
19048,1559.609
19049,1559.614
19050,1559.743
19051,1559.831
19052,1559.836
19053,1559.973
19054,1559.977
19055,1559.980
19056,1560.501
19057,1560.508
19058,1560.515
19059,1560.520
19060,1560.524
19061,1560.947
19062,1560.955
19063,1560.960
19064,1560.964
19065,1561.390
19066,1561.398
19067,1561.403
19068,1561.408
19069,1561.830
19070,1561.837
19071,1561.841
19072,1561.845
19073,1562.266
19074,1562.272
19075,1562.277
19076,1562.281
19077,1562.746
19078,1562.756
19079,1562.763
19080,1562.770
19081,1563.262
19082,1563.271
19083,1563.277
19084,1563.282
19085,1563.724
19086,1563.731
19087,1563.736
19088,1563.740
19089,1564.148
19090,1564.153
19091,1564.157
19092,1564.569
19093,1564.574
19094,1564.579
19095,1564.978
19096,1564.983
19097,1564.987
19098,1565.396
19099,1565.401
19100,1565.405
19101,1565.825
19102,1565.830
19103,1565.834
19104,1566.272
19105,1566.278
19106,1566.285
19107,1566.760
19108,1566.765
19109,1566.771
19110,1567.084
19111,1567.089
19112,1567.200
19113,1567.227
19114,1567.332
19115,1567.858
19116,1567.863
19117,1567.965
19118,1567.988
19119,1567.999
19120,1568.123
19121,1568.149
19122,1568.153
19123,1568.157
19124,1568.249
19125,1568.272
19126,1568.276
19127,1568.279
19128,1568.615
19129,1568.619
19130,1568.623
19131,1568.627
19132,1568.769
19133,1568.793
19134,1568.797
19135,1569.334
19136,1569.338
19137,1569.343
19138,1569.467
19139,1569.618
19140,1569.659
19141,1569.667
19142,1569.773
19143,1569.808
19144,1569.824
19145,1569.940
19146,1569.974
19147,1569.978
19148,1570.180
19149,1570.184
19150,1570.370
19151,1570.374
19152,1570.636
19153,1570.709
19154,1570.713
19155,1570.717
19156,1570.721
19157,1570.726
19158,1570.732
19159,1570.737
19160,1570.743
19161,1570.749
19162,1570.755
19163,1570.760
19164,1570.766
19165,1570.771
19166,1570.777
19167,1571.048
19168,1571.052
19169,1571.056
19170,1571.331
19171,1571.335
19172,1571.339
19173,1571.616
19174,1571.620
19175,1571.624
19176,1571.903
19177,1571.907
19178,1571.911
19179,1572.039
19180,1572.103
19181,1572.106
19182,1572.110
19183,1572.113
19184,1572.116
19185,1572.119
19186,1572.123
19187,1572.154
19188,1572.223
19189,1572.558
19190,1572.566
19191,1572.573
19192,1572.579
19193,1572.930
19194,1572.937
19195,1572.943
19196,1572.950
19197,1573.282
19198,1573.287
19199,1573.291
19200,1573.295
19201,1573.572
19202,1573.576
19203,1573.580
19204,1573.584
19205,1573.875
19206,1573.881
19207,1573.886
19208,1573.890
19209,1574.174
19210,1574.178
19211,1574.182
19212,1574.186
19213,1574.312
19214,1574.374
19215,1574.378
19216,1574.381
19217,1574.384
19218,1574.388
19219,1574.418
19220,1574.484
19221,1574.775
19222,1574.780
19223,1574.784
19224,1574.788
19225,1575.069
19226,1575.073
19227,1575.077
19228,1575.081
19229,1575.365
19230,1575.370
19231,1575.373
19232,1575.377
19233,1575.715
19234,1575.720
19235,1575.727
19236,1575.732
19237,1575.897
19238,1575.997
19239,1576.005
19240,1576.014
19241,1576.022
19242,1576.032
19243,1576.041
19244,1576.052
19245,1576.062
19246,1576.071
19247,1576.078
19248,1576.084
19249,1576.091
19250,1576.097
19251,1576.103
19252,1576.109
19253,1576.116
19254,1576.123
19255,1576.129
19256,1576.136
19257,1576.143
19258,1576.150
19259,1576.187
19260,1576.250
19261,1576.548
19262,1576.555
19263,1576.559
19264,1576.564
19265,1576.855
19266,1576.861
19267,1576.866
19268,1576.870
19269,1577.173
19270,1577.180
19271,1577.186
19272,1577.191
19273,1577.485
19274,1577.493
19275,1577.498
19276,1577.502
19277,1577.830
19278,1577.837
19279,1577.843
19280,1577.849
19281,1578.159
19282,1578.166
19283,1578.171
19284,1578.175
19285,1578.505
19286,1578.514
19287,1578.520
19288,1578.526
19289,1578.887
19290,1578.896
19291,1578.902
19292,1578.907
19293,1579.263
19294,1579.270
19295,1579.274
19296,1579.278
19297,1579.577
19298,1579.583
19299,1579.587
19300,1579.591
19301,1579.886
19302,1579.893
19303,1579.897
19304,1579.902
19305,1580.215
19306,1580.222
19307,1580.229
19308,1580.233
19309,1580.526
19310,1580.533
19311,1580.538
19312,1580.542
19313,1580.835
19314,1580.842
19315,1580.846
19316,1580.850
19317,1581.145
19318,1581.152
19319,1581.159
19320,1581.163
19321,1581.468
19322,1581.474
19323,1581.479
19324,1581.483
19325,1581.769
19326,1581.778
19327,1581.783
19328,1581.789
19329,1582.133
19330,1582.143
19331,1582.148
19332,1582.153
19333,1582.483
19334,1582.493
19335,1582.497
19336,1582.502
19337,1582.823
19338,1582.829
19339,1582.834
19340,1582.838
19341,1583.118
19342,1583.122
19343,1583.126
19344,1583.407
19345,1583.411
19346,1583.415
19347,1583.690
19348,1583.695
19349,1583.699
19350,1583.982
19351,1583.986
19352,1583.990
19353,1584.275
19354,1584.279
19355,1584.283
19356,1584.566
19357,1584.571
19358,1584.575
19359,1584.867
19360,1584.871
19361,1584.875
19362,1585.006
19363,1585.010
19364,1585.014
19365,1585.059
19366,1585.064
19367,1585.068
19368,1585.074
19369,1585.084
19370,1585.093
19371,1585.103
19372,1585.107
19373,1585.112
19374,1585.117
19375,1585.127
19376,1585.131
19377,1585.140
19378,1585.149
19379,1585.154
19380,1585.315
19381,1585.319
19382,1585.324
19383,1585.432
19384,1585.453
19385,1585.458
19386,1585.474
19387,1585.496
19388,1585.501
19389,1585.519
19390,1585.543
19391,1585.548
19392,1585.607
19393,1585.634
19394,1585.638
19395,1585.652
19396,1585.668
19397,1585.672
19398,1585.684
19399,1585.700
19400,1585.704
19401,1585.749
19402,1585.766
19403,1585.772
19404,1585.785
19405,1585.802
19406,1585.807
19407,1585.818
19408,1585.832
19409,1585.836
19410,1585.850
19411,1585.865
19412,1585.869
19413,1585.914
19414,1585.931
19415,1585.935
19416,1585.959
19417,1585.973
19418,1585.976
19419,1586.000
19420,1586.013
19421,1586.017
19422,1586.029
19423,1586.045
19424,1586.049
19425,1586.060
19426,1586.073
19427,1586.078
19428,1586.121
19429,1586.138
19430,1586.142
19431,1586.158
19432,1586.175
19433,1586.179
19434,1586.222
19435,1586.238
19436,1586.242
19437,1586.288
19438,1586.294
19439,1586.298
19440,1586.302
19441,1586.306
19442,1586.312
19443,1586.316
19444,1586.320
19445,1586.363
19446,1586.370
19447,1586.375
19448,1586.381
19449,1586.385
19450,1586.391
19451,1586.395
19452,1586.399
19453,1586.403
19454,1586.447
19455,1586.454
19456,1586.459
19457,1586.465
19458,1586.469
19459,1586.475
19460,1586.480
19461,1586.484
19462,1586.488
19463,1586.494
19464,1586.497
19465,1586.501
19466,1586.504
19467,1586.591
19468,1586.743
19469,1586.747
19470,1586.755
19471,1586.764
19472,1586.769
19473,1586.884
19474,1586.907
19475,1586.924
19476,1586.929
19477,1586.970
19478,1586.991
19479,1587.005
19480,1587.009
19481,1587.050
19482,1587.144
19483,1587.160
19484,1587.333
19485,1587.340
19486,1587.344
19487,1587.437
19488,1587.441
19489,1587.444
19490,1587.564
19491,1587.568
19492,1587.571
19493,1587.576
19494,1587.582
19495,1587.585
19496,1587.622
19497,1587.625
19498,1587.629
19499,1587.632
19500,1587.634
19501,1587.637
19502,1587.640
19503,1587.645
19504,1587.648
19505,1587.653
19506,1587.666
19507,1587.669
19508,1587.681
19509,1587.685
19510,1587.688
19511,1587.691
19512,1587.694
19513,1587.697
19514,1587.700
19515,1587.704
19516,1587.707
19517,1587.793
19518,1587.947
19519,1587.952
19520,1587.958
19521,1587.963
19522,1587.966
19523,1588.062
19524,1588.077
19525,1588.088
19526,1588.092
19527,1588.123
19528,1588.137
19529,1588.148
19530,1588.152
19531,1588.181
19532,1588.246
19533,1588.257
19534,1588.395
19535,1588.402
19536,1588.407
19537,1588.507
19538,1588.511
19539,1588.515
19540,1588.609
19541,1588.613
19542,1588.616
19543,1588.736
19544,1588.740
19545,1588.743
19546,1588.749
19547,1588.754
19548,1588.758
19549,1588.796
19550,1588.801
19551,1588.804
19552,1588.807
19553,1588.810
19554,1588.814
19555,1588.817
19556,1588.822
19557,1588.825
19558,1588.858
19559,1588.862
19560,1588.867
19561,1588.871
19562,1588.880
19563,1588.884
19564,1588.934
19565,1588.939
19566,1588.944
19567,1588.952
19568,1588.956
19569,1589.076
19570,1589.080
19571,1589.086
19572,1589.163
19573,1589.167
19574,1589.175
19575,1589.179
19576,1589.185
19577,1589.205
19578,1589.211
19579,1589.225
19580,1589.246
19581,1589.251
19582,1589.269
19583,1589.290
19584,1589.295
19585,1589.576
19586,1589.652
19587,1589.658
19588,1589.664
19589,1589.670
19590,1589.677
19591,1589.683
19592,1589.690
19593,1589.697
19594,1589.705
19595,1589.712
19596,1589.719
19597,1589.726
19598,1589.733
19599,1589.740
19600,1589.841
19601,1589.847
19602,1589.851
19603,1590.263
19604,1590.268
19605,1590.272
19606,1590.401
19607,1590.405
19608,1590.409
19609,1590.412
19610,1590.541
19611,1590.606
19612,1590.611
19613,1590.746
19614,1590.815
19615,1590.821
19616,1590.959
19617,1591.027
19618,1591.447
19619,1591.452
19620,1591.882
19621,1591.892
19622,1591.899
19623,1592.050
19624,1592.054
19625,1592.057
19626,1592.166
19627,1592.170
19628,1592.174
19629,1592.177
19630,1592.284
19631,1592.289
19632,1592.293
19633,1592.297
19634,1592.421
19635,1592.425
19636,1592.428
19637,1592.554
19638,1592.558
19639,1592.561
19640,1592.565
19641,1592.568
19642,1592.571
19643,1592.694
19644,1592.698
19645,1592.702
19646,1592.705
19647,1593.118
19648,1593.123
19649,1593.128
19650,1593.544
19651,1593.550
19652,1593.554
19653,1593.688
19654,1593.757
19655,1593.761
19656,1593.765
19657,1593.768
19658,1593.772
19659,1593.775
19660,1593.779
19661,1593.812
19662,1593.875
19663,1594.349
19664,1594.355
19665,1594.361
19666,1594.367
19667,1594.857
19668,1594.863
19669,1594.869
19670,1594.874
19671,1595.303
19672,1595.307
19673,1595.312
19674,1595.316
19675,1595.731
19676,1595.736
19677,1595.740
19678,1595.744
19679,1596.178
19680,1596.185
19681,1596.190
19682,1596.194
19683,1596.618
19684,1596.623
19685,1596.628
19686,1596.632
19687,1596.767
19688,1596.833
19689,1596.837
19690,1596.841
19691,1596.844
19692,1596.848
19693,1596.880
19694,1596.944
19695,1597.392
19696,1597.398
19697,1597.405
19698,1597.411
19699,1597.903
19700,1597.909
19701,1597.916
19702,1597.921
19703,1598.391
19704,1598.396
19705,1598.400
19706,1598.405
19707,1598.827
19708,1598.832
19709,1598.837
19710,1598.841
19711,1598.991
19712,1599.066
19713,1599.072
19714,1599.077
19715,1599.082
19716,1599.088
19717,1599.093
19718,1599.099
19719,1599.104
19720,1599.109
19721,1599.115
19722,1599.121
19723,1599.126
19724,1599.132
19725,1599.138
19726,1599.144
19727,1599.149
19728,1599.155
19729,1599.162
19730,1599.168
19731,1599.174
19732,1599.181
19733,1599.213
19734,1599.276
19735,1599.703
19736,1599.708
19737,1599.713
19738,1599.718
19739,1600.148
19740,1600.155
19741,1600.159
19742,1600.164
19743,1600.307
19744,1600.395
19745,1600.399
19746,1600.444
19747,1600.450
19748,1600.455
19749,1600.459
19750,1600.598
19751,1600.683
19752,1600.687
19753,1600.861
19754,1601.061
19755,1601.065
19756,1601.069
19757,1601.612
19758,1601.619
19759,1601.627
19760,1601.632
19761,1601.636
19762,1602.066
19763,1602.073
19764,1602.078
19765,1602.082
19766,1602.506
19767,1602.513
19768,1602.518
19769,1602.522
19770,1602.971
19771,1602.978
19772,1602.984
19773,1602.988
19774,1603.122
19775,1603.179
19776,1603.183
19777,1603.228
19778,1603.232
19779,1603.236
19780,1603.241
19781,1603.385
19782,1603.464
19783,1603.468
19784,1603.638
19785,1603.865
19786,1603.869
19787,1603.872
19788,1604.427
19789,1604.435
19790,1604.443
19791,1604.448
19792,1604.453
19793,1604.588
19794,1604.651
19795,1604.655
19796,1604.687
19797,1604.690
19798,1604.694
19799,1604.697
19800,1604.818
19801,1604.884
19802,1604.888
19803,1605.043
19804,1605.230
19805,1605.234
19806,1605.238
19807,1605.826
19808,1605.834
19809,1605.842
19810,1605.846
19811,1605.851
19812,1606.398
19813,1606.408
19814,1606.414
19815,1606.420
19816,1606.588
19817,1606.680
19818,1606.685
19819,1606.725
19820,1606.729
19821,1606.733
19822,1607.062
19823,1607.069
19824,1607.076
19825,1607.080
19826,1607.084
19827,1607.231
19828,1607.235
19829,1607.239
19830,1607.855
19831,1607.864
19832,1607.871
19833,1607.876
19834,1607.882
19835,1608.376
19836,1608.384
19837,1608.391
19838,1608.396
19839,1608.917
19840,1608.926
19841,1608.936
19842,1608.942
19843,1609.085
19844,1609.155
19845,1609.159
19846,1609.194
19847,1609.198
19848,1609.202
19849,1609.349
19850,1609.448
19851,1609.454
19852,1609.632
19853,1609.637
19854,1609.643
19855,1610.331
19856,1610.339
19857,1610.348
19858,1610.353
19859,1610.358
19860,1610.858
19861,1610.866
19862,1610.873
19863,1610.878
19864,1611.372
19865,1611.379
19866,1611.385
19867,1611.389
19868,1611.875
19869,1611.882
19870,1611.888
19871,1611.893
19872,1612.384
19873,1612.391
19874,1612.397
19875,1612.402
19876,1612.888
19877,1612.895
19878,1612.901
19879,1612.906
19880,1613.500
19881,1613.510
19882,1613.516
19883,1613.522
19884,1614.121
19885,1614.129
19886,1614.136
19887,1614.141
19888,1614.585
19889,1614.590
19890,1614.594
19891,1615.035
19892,1615.040
19893,1615.045
19894,1615.477
19895,1615.482
19896,1615.487
19897,1615.932
19898,1615.938
19899,1615.942
19900,1616.393
19901,1616.398
19902,1616.403
19903,1616.888
19904,1616.893
19905,1616.897
19906,1617.427
19907,1617.433
19908,1617.439
19909,1617.566
19910,1617.570
19911,1617.924
19912,1617.930
19913,1618.058
19914,1618.084
19915,1618.088
19916,1618.198
19917,1618.788
19918,1618.793
19919,1618.798
19920,1619.177
19921,1619.182
19922,1619.186
19923,1619.569
19924,1619.574
19925,1619.578
19926,1619.734
19927,1619.761
19928,1620.131
19929,1620.136
19930,1620.140
19931,1620.700
19932,1620.705
19933,1620.949
19934,1620.955
19935,1621.100
19936,1621.136
19937,1621.270
19938,1621.311
19939,1621.467
19940,1621.472
19941,1621.478
19942,1621.537
19943,1621.549
19944,1621.554
19945,1621.559
19946,1621.564
19947,1621.569
19948,1621.575
19949,1621.580
19950,1621.585
19951,1621.590
19952,1621.595
19953,1621.599
19954,1621.739
19955,1621.744
19956,1621.748
19957,1621.872
19958,1621.887
19959,1621.892
19960,1621.915
19961,1621.930
19962,1621.935
19963,1621.947
19964,1621.964
19965,1621.968
19966,1621.981
19967,1621.998
19968,1622.002
19969,1622.038
19970,1622.056
19971,1622.060
19972,1622.107
19973,1622.114
19974,1622.119
19975,1622.123
19976,1622.149
19977,1622.165
19978,1622.169
19979,1622.192
19980,1622.206
19981,1622.210
19982,1622.220
19983,1622.224
19984,1622.227
19985,1622.318
19986,1622.477
19987,1622.481
19988,1622.486
19989,1622.491
19990,1622.495
19991,1622.585
19992,1622.646
19993,1622.657
19994,1622.684
19995,1622.745
19996,1622.756
19997,1622.900
19998,1622.906
19999,1622.910
20000,1623.013
20001,1623.017
20002,1623.021
20003,1623.115
20004,1623.119
20005,1623.122
20006,1623.259
20007,1623.264
20008,1623.272
20009,1623.282
20010,1623.289
20011,1623.293
20012,1623.349
20013,1623.354
20014,1623.358
20015,1623.362
20016,1623.366
20017,1623.370
20018,1623.374
20019,1623.382
20020,1623.386
20021,1623.432
20022,1623.436
20023,1623.441
20024,1623.493
20025,1623.498
20026,1623.502
20027,1623.506
20028,1623.511
20029,1623.515
20030,1623.519
20031,1623.523
20032,1623.527
20033,1623.532
20034,1623.540
20035,1623.545
20036,1623.550
20037,1623.556
20038,1623.561
20039,1623.729
20040,1623.735
20041,1623.741
20042,1623.852
20043,1623.867
20044,1623.872
20045,1623.917
20046,1623.932
20047,1623.936
20048,1623.961
20049,1623.976
20050,1623.980
20051,1623.991
20052,1624.004
20053,1624.008
20054,1624.031
20055,1624.045
20056,1624.049
20057,1624.062
20058,1624.076
20059,1624.081
20060,1624.093
20061,1624.108
20062,1624.112
20063,1624.159
20064,1624.177
20065,1624.181
20066,1624.192
20067,1624.207
20068,1624.211
20069,1624.221
20070,1624.235
20071,1624.239
20072,1624.273
20073,1624.290
20074,1624.294
20075,1624.308
20076,1624.312
20077,1624.315
20078,1624.319
20079,1624.417
20080,1624.588
20081,1624.593
20082,1624.599
20083,1624.604
20084,1624.608
20085,1624.769
20086,1624.777
20087,1624.782
20088,1624.887
20089,1624.892
20090,1624.896
20091,1625.031
20092,1625.035
20093,1625.039
20094,1625.048
20095,1625.053
20096,1625.057
20097,1625.098
20098,1625.102
20099,1625.106
20100,1625.110
20101,1625.115
20102,1625.119
20103,1625.124
20104,1625.138
20105,1625.141
20106,1625.423
20107,1625.529
20108,1625.535
20109,1625.541
20110,1625.547
20111,1625.558
20112,1625.569
20113,1625.579
20114,1625.590
20115,1625.600
20116,1625.609
20117,1625.619
20118,1625.628
20119,1625.638
20120,1625.647
20121,1626.152
20122,1626.158
20123,1626.162
20124,1626.579
20125,1626.584
20126,1626.588
20127,1627.007
20128,1627.013
20129,1627.018
20130,1627.436
20131,1627.441
20132,1627.446
20133,1627.585
20134,1627.655
20135,1627.659
20136,1627.662
20137,1627.666
20138,1627.669
20139,1627.673
20140,1627.676
20141,1627.709
20142,1627.777
20143,1628.195
20144,1628.201
20145,1628.206
20146,1628.210
20147,1628.612
20148,1628.618
20149,1628.622
20150,1628.626
20151,1629.097
20152,1629.102
20153,1629.108
20154,1629.114
20155,1629.553
20156,1629.559
20157,1629.565
20158,1629.570
20159,1630.000
20160,1630.007
20161,1630.014
20162,1630.018
20163,1630.412
20164,1630.419
20165,1630.423
20166,1630.428
20167,1630.560
20168,1630.622
20169,1630.625
20170,1630.628
20171,1630.632
20172,1630.635
20173,1630.665
20174,1630.726
20175,1631.136
20176,1631.143
20177,1631.149
20178,1631.154
20179,1631.544
20180,1631.549
20181,1631.553
20182,1631.557
20183,1631.963
20184,1631.968
20185,1631.973
20186,1631.977
20187,1632.429
20188,1632.435
20189,1632.441
20190,1632.446
20191,1632.616
20192,1632.715
20193,1632.724
20194,1632.732
20195,1632.742
20196,1632.752
20197,1632.762
20198,1632.772
20199,1632.778
20200,1632.783
20201,1632.789
20202,1632.794
20203,1632.800
20204,1632.806
20205,1632.812
20206,1632.817
20207,1632.823
20208,1632.829
20209,1632.835
20210,1632.841
20211,1632.847
20212,1632.853
20213,1632.889
20214,1632.958
20215,1633.394
20216,1633.399
20217,1633.404
20218,1633.409
20219,1633.829
20220,1633.836
20221,1633.841
20222,1633.846
20223,1634.312
20224,1634.319
20225,1634.328
20226,1634.333
20227,1634.752
20228,1634.759
20229,1634.765
20230,1634.769
20231,1635.189
20232,1635.196
20233,1635.201
20234,1635.206
20235,1635.705
20236,1635.716
20237,1635.722
20238,1635.727
20239,1636.247
20240,1636.258
20241,1636.263
20242,1636.268
20243,1636.765
20244,1636.773
20245,1636.781
20246,1636.786
20247,1637.238
20248,1637.246
20249,1637.252
20250,1637.257
20251,1637.731
20252,1637.739
20253,1637.744
20254,1637.749
20255,1638.186
20256,1638.194
20257,1638.202
20258,1638.207
20259,1638.692
20260,1638.702
20261,1638.711
20262,1638.717
20263,1639.175
20264,1639.183
20265,1639.191
20266,1639.195
20267,1639.741
20268,1639.751
20269,1639.761
20270,1639.767
20271,1640.282
20272,1640.290
20273,1640.295
20274,1640.301
20275,1640.772
20276,1640.780
20277,1640.785
20278,1640.790
20279,1641.257
20280,1641.266
20281,1641.271
20282,1641.277
20283,1641.734
20284,1641.742
20285,1641.748
20286,1641.753
20287,1642.198
20288,1642.206
20289,1642.213
20290,1642.219
20291,1642.656
20292,1642.664
20293,1642.672
20294,1642.677
20295,1643.125
20296,1643.131
20297,1643.136
20298,1643.652
20299,1643.659
20300,1643.666
20301,1644.180
20302,1644.186
20303,1644.192
20304,1644.665
20305,1644.671
20306,1644.676
20307,1645.147
20308,1645.153
20309,1645.158
20310,1645.615
20311,1645.621
20312,1645.627
20313,1646.077
20314,1646.082
20315,1646.088
20316,1646.391
20317,1646.466
20318,1646.471
20319,1646.475
20320,1646.480
20321,1646.486
20322,1646.493
20323,1646.500
20324,1646.507
20325,1646.511
20326,1646.516
20327,1646.522
20328,1646.527
20329,1646.534
20330,1646.539
20331,1646.985
20332,1646.991
20333,1646.996
20334,1647.436
20335,1647.443
20336,1647.450
20337,1647.957
20338,1647.963
20339,1647.969
20340,1648.458
20341,1648.464
20342,1648.470
20343,1648.619
20344,1648.684
20345,1648.688
20346,1648.692
20347,1648.695
20348,1648.698
20349,1648.701
20350,1648.705
20351,1648.735
20352,1648.799
20353,1649.209
20354,1649.215
20355,1649.220
20356,1649.224
20357,1649.643
20358,1649.650
20359,1649.655
20360,1649.660
20361,1650.071
20362,1650.077
20363,1650.082
20364,1650.086
20365,1650.479
20366,1650.484
20367,1650.489
20368,1650.494
20369,1650.928
20370,1650.936
20371,1650.943
20372,1650.948
20373,1651.390
20374,1651.401
20375,1651.407
20376,1651.413
20377,1651.583
20378,1651.669
20379,1651.674
20380,1651.679
20381,1651.683
20382,1651.687
20383,1651.733
20384,1651.822
20385,1652.249
20386,1652.257
20387,1652.264
20388,1652.268
20389,1652.678
20390,1652.683
20391,1652.688
20392,1652.692
20393,1653.090
20394,1653.095
20395,1653.100
20396,1653.105
20397,1653.498
20398,1653.503
20399,1653.508
20400,1653.512
20401,1653.653
20402,1653.725
20403,1653.731
20404,1653.736
20405,1653.741
20406,1653.746
20407,1653.751
20408,1653.756
20409,1653.761
20410,1653.766
20411,1653.772
20412,1653.777
20413,1653.782
20414,1653.787
20415,1653.792
20416,1653.798
20417,1653.803
20418,1653.809
20419,1653.815
20420,1653.821
20421,1653.827
20422,1653.833
20423,1653.870
20424,1653.940
20425,1654.407
20426,1654.413
20427,1654.418
20428,1654.424
20429,1654.912
20430,1654.922
20431,1654.928
20432,1654.934
20433,1655.426
20434,1655.434
20435,1655.442
20436,1655.447
20437,1655.888
20438,1655.896
20439,1655.901
20440,1655.906
20441,1656.328
20442,1656.335
20443,1656.340
20444,1656.345
20445,1656.786
20446,1656.793
20447,1656.798
20448,1656.803
20449,1657.249
20450,1657.257
20451,1657.263
20452,1657.268
20453,1657.730
20454,1657.738
20455,1657.746
20456,1657.750
20457,1658.206
20458,1658.217
20459,1658.223
20460,1658.230
20461,1658.752
20462,1658.762
20463,1658.768
20464,1658.774
20465,1659.254
20466,1659.262
20467,1659.270
20468,1659.275
20469,1659.725
20470,1659.735
20471,1659.743
20472,1659.749
20473,1660.193
20474,1660.200
20475,1660.208
20476,1660.212
20477,1660.647
20478,1660.655
20479,1660.662
20480,1660.667
20481,1661.127
20482,1661.135
20483,1661.140
20484,1661.145
20485,1661.568
20486,1661.575
20487,1661.581
20488,1661.586
20489,1662.025
20490,1662.036
20491,1662.043
20492,1662.049
20493,1662.555
20494,1662.565
20495,1662.572
20496,1662.578
20497,1663.070
20498,1663.078
20499,1663.085
20500,1663.090
20501,1663.519
20502,1663.528
20503,1663.535
20504,1663.540
20505,1663.987
20506,1663.992
20507,1663.996
20508,1664.413
20509,1664.419
20510,1664.424
20511,1664.566
20512,1664.635
20513,1664.639
20514,1664.642
20515,1664.678
20516,1664.743
20517,1664.776
20518,1664.780
20519,1664.784
20520,1664.932
20521,1664.939
20522,1664.943
20523,1664.947
20524,1665.070
20525,1665.074
20526,1665.078
20527,1665.364
20528,1665.371
20529,1665.375
20530,1665.379
20531,1665.866
20532,1665.872
20533,1665.878
20534,1666.385
20535,1666.391
20536,1666.397
20537,1666.865
20538,1666.871
20539,1666.876
20540,1667.337
20541,1667.343
20542,1667.348
20543,1667.677
20544,1667.752
20545,1667.756
20546,1667.760
20547,1667.764
20548,1667.770
20549,1667.776
20550,1667.782
20551,1667.788
20552,1667.794
20553,1667.800
20554,1667.806
20555,1667.812
20556,1667.818
20557,1667.825
20558,1668.147
20559,1668.152
20560,1668.156
20561,1668.483
20562,1668.488
20563,1668.492
20564,1668.836
20565,1668.842
20566,1668.846
20567,1669.180
20568,1669.186
20569,1669.191
20570,1669.347
20571,1669.447
20572,1669.453
20573,1669.458
20574,1669.463
20575,1669.469
20576,1669.474
20577,1669.478
20578,1669.528
20579,1669.621
20580,1670.004
20581,1670.010
20582,1670.017
20583,1670.023
20584,1670.359
20585,1670.365
20586,1670.370
20587,1670.374
20588,1670.735
20589,1670.742
20590,1670.747
20591,1670.752
20592,1671.094
20593,1671.100
20594,1671.105
20595,1671.109
20596,1671.465
20597,1671.473
20598,1671.480
20599,1671.484
20600,1671.820
20601,1671.826
20602,1671.831
20603,1671.835
20604,1671.975
20605,1672.040
20606,1672.043
20607,1672.046
20608,1672.050
20609,1672.053
20610,1672.084
20611,1672.146
20612,1672.493
20613,1672.498
20614,1672.502
20615,1672.506
20616,1672.866
20617,1672.871
20618,1672.877
20619,1672.882
20620,1673.264
20621,1673.270
20622,1673.275
20623,1673.280
20624,1673.676
20625,1673.682
20626,1673.689
20627,1673.695
20628,1673.858
20629,1673.934
20630,1673.940
20631,1673.946
20632,1673.952
20633,1673.958
20634,1673.964
20635,1673.971
20636,1673.977
20637,1673.982
20638,1673.988
20639,1673.994
20640,1674.001
20641,1674.007
20642,1674.013
20643,1674.020
20644,1674.026
20645,1674.033
20646,1674.039
20647,1674.046
20648,1674.052
20649,1674.059
20650,1674.096
20651,1674.166
20652,1674.504
20653,1674.511
20654,1674.519
20655,1674.523
20656,1674.876
20657,1674.883
20658,1674.890
20659,1674.896
20660,1675.251
20661,1675.259
20662,1675.266
20663,1675.271
20664,1675.615
20665,1675.623
20666,1675.628
20667,1675.632
20668,1675.963
20669,1675.970
20670,1675.974
20671,1675.978
20672,1676.381
20673,1676.391
20674,1676.401
20675,1676.406
20676,1676.801
20677,1676.811
20678,1676.820
20679,1676.826
20680,1677.200
20681,1677.208
20682,1677.214
20683,1677.219
20684,1677.546
20685,1677.553
20686,1677.559
20687,1677.563
20688,1677.899
20689,1677.907
20690,1677.914
20691,1677.919
20692,1678.243
20693,1678.250
20694,1678.257
20695,1678.262
20696,1678.593
20697,1678.601
20698,1678.608
20699,1678.612
20700,1678.941
20701,1678.949
20702,1678.956
20703,1678.960
20704,1679.293
20705,1679.300
20706,1679.307
20707,1679.312
20708,1679.637
20709,1679.645
20710,1679.652
20711,1679.656
20712,1680.045
20713,1680.055
20714,1680.067
20715,1680.071
20716,1680.442
20717,1680.452
20718,1680.461
20719,1680.466
20720,1680.826
20721,1680.832
20722,1680.839
20723,1680.843
20724,1681.159
20725,1681.165
20726,1681.170
20727,1681.174
20728,1681.491
20729,1681.498
20730,1681.505
20731,1681.510
20732,1681.818
20733,1681.822
20734,1681.827
20735,1682.136
20736,1682.141
20737,1682.146
20738,1682.465
20739,1682.470
20740,1682.474
20741,1682.789
20742,1682.794
20743,1682.798
20744,1683.114
20745,1683.118
20746,1683.123
20747,1683.431
20748,1683.437
20749,1683.444
20750,1683.812
20751,1683.817
20752,1683.822
20753,1683.947
20754,1684.403
20755,1684.407
20756,1684.411
20757,1684.561
20758,1684.663
20759,1684.687
20760,1684.796
20761,1684.824
20762,1685.031
20763,1685.036
20764,1685.337
20765,1685.341
20766,1685.495
20767,1685.499
20768,1686.127
20769,1686.133
20770,1686.424
20771,1686.626
20772,1686.631
20773,1686.775
20774,1686.781
20775,1686.786
20776,1686.848
20777,1686.858
20778,1686.863
20779,1686.872
20780,1686.882
20781,1686.891
20782,1686.901
20783,1686.910
20784,1686.919
20785,1686.929
20786,1686.940
20787,1686.949
20788,1686.957
20789,1686.966
20790,1686.970
20791,1687.136
20792,1687.141
20793,1687.147
20794,1687.297
20795,1687.319
20796,1687.324
20797,1687.376
20798,1687.443
20799,1687.447
20800,1687.451
20801,1687.485
20802,1687.552
20803,1687.558
20804,1687.604
20805,1687.622
20806,1687.626
20807,1687.640
20808,1687.644
20809,1687.649
20810,1687.653
20811,1687.692
20812,1687.710
20813,1687.714
20814,1687.757
20815,1687.762
20816,1687.767
20817,1687.770
20818,1687.807
20819,1687.810
20820,1687.815
20821,1687.819
20822,1687.823
20823,1687.836
20824,1687.839
20825,1687.881
20826,1687.886
20827,1687.890
20828,1687.895
20829,1687.899
20830,1687.934
20831,1687.951
20832,1687.955
20833,1687.965
20834,1687.981
20835,1687.985
20836,1688.031
20837,1688.037
20838,1688.043
20839,1688.047
20840,1688.051
20841,1688.056
20842,1688.060
20843,1688.063
20844,1688.069
20845,1688.085
20846,1688.089
20847,1688.102
20848,1688.116
20849,1688.120
20850,1688.196
20851,1688.283
20852,1688.299
20853,1688.303
20854,1688.310
20855,1688.329
20856,1688.346
20857,1688.351
20858,1688.428
20859,1688.555
20860,1688.560
20861,1688.565
20862,1688.617
20863,1688.624
20864,1688.630
20865,1688.636
20866,1688.642
20867,1688.647
20868,1688.653
20869,1688.658
20870,1688.663
20871,1688.670
20872,1688.680
20873,1688.690
20874,1688.701
20875,1688.711
20876,1688.720
20877,1688.729
20878,1688.739
20879,1688.748
20880,1688.758
20881,1688.768
20882,1688.778
20883,1688.789
20884,1688.800
20885,1688.810
20886,1688.820
20887,1688.830
20888,1688.840
20889,1688.849
20890,1688.858
20891,1688.868
20892,1688.878
20893,1689.049
20894,1689.059
20895,1689.064
20896,1689.277
20897,1689.299
20898,1689.303
20899,1689.393
20900,1689.410
20901,1689.414
20902,1689.459
20903,1689.476
20904,1689.481
20905,1689.494
20906,1689.511
20907,1689.515
20908,1689.564
20909,1689.571
20910,1689.576
20911,1689.610
20912,1689.614
20913,1689.620
20914,1689.624
20915,1689.663
20916,1689.671
20917,1689.677
20918,1689.683
20919,1689.710
20920,1689.727
20921,1689.732
20922,1689.756
20923,1689.773
20924,1689.778
20925,1689.791
20926,1689.807
20927,1689.811
20928,1689.823
20929,1689.840
20930,1689.844
20931,1689.880
20932,1689.897
20933,1689.902
20934,1689.952
20935,1689.959
20936,1689.964
20937,1689.971
20938,1689.998
20939,1690.015
20940,1690.022
20941,1690.046
20942,1690.064
20943,1690.070
20944,1690.113
20945,1690.120
20946,1690.126
20947,1690.132
20948,1690.150
20949,1690.166
20950,1690.172
20951,1690.198
20952,1690.216
20953,1690.223
20954,1690.238
20955,1690.254
20956,1690.261
20957,1690.284
20958,1690.301
20959,1690.307
20960,1690.322
20961,1690.336
20962,1690.347
20963,1690.371
20964,1690.398
20965,1690.409
20966,1690.473
20967,1690.501
20968,1690.510
20969,1690.553
20970,1690.579
20971,1690.590
20972,1690.652
20973,1690.680
20974,1690.689
20975,1690.755
20976,1690.779
20977,1690.786
20978,1690.822
20979,1690.900
20980,1690.906
20981,1690.911
20982,1690.946
20983,1691.019
20984,1691.025
20985,1691.039
20986,1691.056
20987,1691.063
20988,1691.100
20989,1691.117
20990,1691.123
20991,1691.135
20992,1691.139
20993,1691.142
20994,1691.240
20995,1691.412
20996,1691.416
20997,1691.422
20998,1691.427
20999,1691.431
21000,1691.534
21001,1691.549
21002,1691.560
21003,1691.564
21004,1691.596
21005,1691.612
21006,1691.624
21007,1691.628
21008,1691.654
21009,1691.718
21010,1691.730
21011,1691.759
21012,1691.828
21013,1691.840
21014,1692.012
21015,1692.019
21016,1692.025
21017,1692.147
21018,1692.152
21019,1692.156
21020,1692.324
21021,1692.335
21022,1692.340
21023,1692.467
21024,1692.473
21025,1692.478
21026,1692.643
21027,1692.649
21028,1692.658
21029,1692.669
21030,1692.677
21031,1692.682
21032,1692.745
21033,1692.750
21034,1692.756
21035,1692.761
21036,1692.766
21037,1692.770
21038,1692.780
21039,1692.784
21040,1692.789
21041,1692.794
21042,1692.804
21043,1692.809
21044,1692.960
21045,1692.965
21046,1692.968
21047,1693.109
21048,1693.114
21049,1693.221
21050,1693.225
21051,1693.229
21052,1693.334
21053,1693.338
21054,1693.342
21055,1693.944
21056,1693.949
21057,1694.079
21058,1694.108
21059,1694.112
21060,1694.116
21061,1694.122
21062,1694.128
21063,1694.133
21064,1694.139
21065,1694.225
21066,1694.339
21067,1694.364
21068,1694.368
21069,1694.374
21070,1694.380
21071,1694.385
21072,1694.391
21073,1694.405
21074,1694.430
21075,1694.820
21076,1694.825
21077,1694.831
21078,1694.837
21079,1694.842
21080,1695.223
21081,1695.228
21082,1695.233
21083,1695.238
21084,1695.243
21085,1695.696
21086,1695.702
21087,1695.714
21088,1695.727
21089,1695.734
21090,1696.201
21091,1696.207
21092,1696.219
21093,1696.225
21094,1696.231
21095,1696.664
21096,1696.669
21097,1696.676
21098,1696.682
21099,1696.687
21100,1697.083
21101,1697.088
21102,1697.094
21103,1697.099
21104,1697.228
21105,1697.232
21106,1697.236
21107,1697.241
21108,1697.245
21109,1697.364
21110,1697.392
21111,1697.515
21112,1697.520
21113,1697.524
21114,1697.661
21115,1697.668
21116,1697.672
21117,1697.798
21118,1697.830
21119,1697.836
21120,1697.842
21121,1697.848
21122,1697.854
21123,1697.861
21124,1697.867
21125,1697.873
21126,1697.879
21127,1697.894
21128,1697.918
21129,1698.314
21130,1698.320
21131,1698.325
21132,1698.331
21133,1698.337
21134,1698.751
21135,1698.756
21136,1698.762
21137,1698.768
21138,1698.774
21139,1699.182
21140,1699.190
21141,1699.196
21142,1699.202
21143,1699.208
21144,1699.678
21145,1699.684
21146,1699.694
21147,1699.700
21148,1699.707
21149,1700.166
21150,1700.172
21151,1700.185
21152,1700.197
21153,1700.204
21154,1700.599
21155,1700.604
21156,1700.611
21157,1700.617
21158,1700.622
21159,1701.013
21160,1701.019
21161,1701.027
21162,1701.035
21163,1701.040
21164,1701.434
21165,1701.439
21166,1701.446
21167,1701.451
21168,1701.456
21169,1701.581
21170,1701.603
21171,1701.607
21172,1701.618
21173,1701.643
21174,1702.032
21175,1702.038
21176,1702.044
21177,1702.050
21178,1702.055
21179,1702.180
21180,1702.205
21181,1702.209
21182,1702.221
21183,1702.247
21184,1702.667
21185,1702.673
21186,1702.678
21187,1702.683
21188,1702.688
21189,1702.822
21190,1702.847
21191,1702.851
21192,1702.863
21193,1702.888
21194,1703.346
21195,1703.353
21196,1703.359
21197,1703.365
21198,1703.371
21199,1703.757
21200,1703.875
21201,1703.888
21202,1703.897
21203,1703.904
21204,1703.911
21205,1703.919
21206,1703.927
21207,1703.935
21208,1703.943
21209,1703.950
21210,1703.958
21211,1703.966
21212,1703.974
21213,1703.982
21214,1704.508
21215,1704.512
21216,1704.517
21217,1704.664
21218,1704.668
21219,1704.672
21220,1704.675
21221,1704.679
21222,1704.840
21223,1704.919
21224,1705.079
21225,1705.083
21226,1705.090
21227,1705.093
21228,1705.678
21229,1705.684
21230,1706.204
21231,1706.210
21232,1706.216
21233,1706.770
21234,1706.776
21235,1706.782
21236,1706.955
21237,1707.048
21238,1707.057
21239,1707.065
21240,1707.074
21241,1707.084
21242,1707.094
21243,1707.104
21244,1707.144
21245,1707.212
21246,1707.705
21247,1707.712
21248,1707.720
21249,1707.726
21250,1708.211
21251,1708.218
21252,1708.225
21253,1708.229
21254,1708.700
21255,1708.707
21256,1708.714
21257,1708.718
21258,1709.186
21259,1709.193
21260,1709.200
21261,1709.204
21262,1709.694
21263,1709.701
21264,1709.709
21265,1709.713
21266,1710.274
21267,1710.284
21268,1710.290
21269,1710.295
21270,1710.460
21271,1710.552
21272,1710.555
21273,1710.559
21274,1710.562
21275,1710.565
21276,1710.596
21277,1710.658
21278,1711.124
21279,1711.131
21280,1711.138
21281,1711.143
21282,1711.603
21283,1711.610
21284,1711.615
21285,1711.619
21286,1712.102
21287,1712.109
21288,1712.114
21289,1712.119
21290,1712.595
21291,1712.601
21292,1712.606
21293,1712.610
21294,1712.753
21295,1712.823
21296,1712.828
21297,1712.834
21298,1712.839
21299,1712.844
21300,1712.848
21301,1712.853
21302,1712.860
21303,1712.870
21304,1712.880
21305,1712.889
21306,1712.898
21307,1712.906
21308,1712.915
21309,1712.924
21310,1712.933
21311,1712.943
21312,1712.952
21313,1712.962
21314,1712.972
21315,1712.982
21316,1713.026
21317,1713.107
21318,1713.640
21319,1713.647
21320,1713.655
21321,1713.659
21322,1714.166
21323,1714.173
21324,1714.181
21325,1714.185
21326,1714.732
21327,1714.740
21328,1714.749
21329,1714.754
21330,1715.249
21331,1715.257
21332,1715.265
21333,1715.270
21334,1715.787
21335,1715.795
21336,1715.803
21337,1715.807
21338,1716.311
21339,1716.320
21340,1716.332
21341,1716.339
21342,1716.953
21343,1716.964
21344,1716.975
21345,1716.981
21346,1717.584
21347,1717.592
21348,1717.601
21349,1717.606
21350,1718.118
21351,1718.126
21352,1718.133
21353,1718.138
21354,1718.671
21355,1718.680
21356,1718.688
21357,1718.693
21358,1719.194
21359,1719.202
21360,1719.211
21361,1719.216
21362,1719.739
21363,1719.748
21364,1719.757
21365,1719.763
21366,1720.264
21367,1720.273
21368,1720.285
21369,1720.292
21370,1720.878
21371,1720.888
21372,1720.899
21373,1720.904
21374,1721.462
21375,1721.469
21376,1721.476
21377,1721.481
21378,1721.974
21379,1721.982
21380,1721.989
21381,1721.993
21382,1722.479
21383,1722.487
21384,1722.494
21385,1722.499
21386,1722.984
21387,1722.991
21388,1722.999
21389,1723.004
21390,1723.145
21391,1723.207
21392,1723.212
21393,1723.242
21394,1723.304
21395,1723.455
21396,1723.461
21397,1723.467
21398,1723.472
21399,1723.610
21400,1723.684
21401,1723.694
21402,1723.702
21403,1723.892
21404,1723.900
21405,1723.910
21406,1723.915
21407,1723.919
21408,1724.092
21409,1724.101
21410,1724.111
21411,1724.119
21412,1724.127
21413,1724.295
21414,1724.301
21415,1724.307
21416,1724.312
21417,1724.317
21418,1724.470
21419,1724.476
21420,1724.481
21421,1724.486
21422,1724.635
21423,1724.643
21424,1724.649
21425,1724.655
21426,1724.661
21427,1724.666
21428,1724.822
21429,1724.828
21430,1724.835
21431,1724.840
21432,1724.843
21433,1724.847
21434,1724.984
21435,1724.990
21436,1724.996
21437,1725.001
21438,1725.031
21439,1725.093
21440,1725.099
21441,1725.129
21442,1725.193
21443,1725.224
21444,1725.228
21445,1725.231
21446,1725.347
21447,1725.354
21448,1725.360
21449,1725.367
21450,1725.372
21451,1725.378
21452,1725.536
21453,1725.543
21454,1725.549
21455,1725.554
21456,1725.559
21457,1725.696
21458,1725.757
21459,1725.940
21460,1725.949
21461,1725.959
21462,1725.971
21463,1725.979
21464,1725.987
21465,1725.996
21466,1726.188
21467,1726.197
21468,1726.207
21469,1726.211
21470,1726.216
21471,1726.221
21472,1726.226
21473,1726.396
21474,1726.402
21475,1726.408
21476,1726.413
21477,1726.444
21478,1726.505
21479,1726.509
21480,1726.512
21481,1726.542
21482,1726.601
21483,1726.630
21484,1726.694
21485,1726.837
21486,1726.842
21487,1726.845
21488,1726.851
21489,1726.854
21490,1727.038
21491,1727.042
21492,1727.046
21493,1727.157
21494,1727.220
21495,1727.224
21496,1727.338
21497,1727.344
21498,1727.350
21499,1727.353
21500,1727.357
21501,1727.489
21502,1727.496
21503,1727.501
21504,1727.507
21505,1727.645
21506,1727.652
21507,1727.656
21508,1727.659
21509,1727.798
21510,1727.802
21511,1727.806
21512,1727.809
21513,1727.812
21514,1727.815
21515,1727.845
21516,1727.911
21517,1727.920
21518,1728.097
21519,1728.102
21520,1728.111
21521,1728.116
21522,1728.282
21523,1728.291
21524,1728.299
21525,1728.303
21526,1728.307
21527,1728.472
21528,1728.482
21529,1728.492
21530,1728.501
21531,1728.642
21532,1728.649
21533,1728.654
21534,1728.658
21535,1728.661
21536,1728.793
21537,1728.797
21538,1728.801
21539,1728.804
21540,1728.807
21541,1729.285
21542,1729.290
21543,1729.295
21544,1729.754
21545,1729.759
21546,1729.764
21547,1730.223
21548,1730.228
21549,1730.232
21550,1730.697
21551,1730.704
21552,1730.708
21553,1731.201
21554,1731.213
21555,1731.219
21556,1731.784
21557,1731.790
21558,1731.796
21559,1732.137
21560,1732.206
21561,1732.212
21562,1732.217
21563,1732.223
21564,1732.228
21565,1732.234
21566,1732.240
21567,1732.246
21568,1732.252
21569,1732.258
21570,1732.264
21571,1732.271
21572,1732.278
21573,1732.284
21574,1732.771
21575,1732.776
21576,1732.780
21577,1732.922
21578,1732.926
21579,1732.929
21580,1732.933
21581,1732.936
21582,1733.077
21583,1733.143
21584,1733.303
21585,1733.307
21586,1733.313
21587,1733.317
21588,1733.593
21589,1733.602
21590,1733.607
21591,1734.073
21592,1734.078
21593,1734.083
21594,1734.611
21595,1734.617
21596,1734.623
21597,1734.795
21598,1734.884
21599,1734.893
21600,1734.901
21601,1734.910
21602,1734.920
21603,1734.929
21604,1734.939
21605,1734.977
21606,1735.041
21607,1735.515
21608,1735.522
21609,1735.529
21610,1735.533
21611,1736.094
21612,1736.102
21613,1736.109
21614,1736.113
21615,1736.669
21616,1736.677
21617,1736.684
21618,1736.688
21619,1737.198
21620,1737.206
21621,1737.213
21622,1737.217
21623,1737.754
21624,1737.761
21625,1737.772
21626,1737.779
21627,1738.380
21628,1738.396
21629,1738.408
21630,1738.414
21631,1738.589
21632,1738.681
21633,1738.685
21634,1738.691
21635,1738.697
21636,1738.703
21637,1738.737
21638,1738.803
21639,1739.312
21640,1739.320
21641,1739.327
21642,1739.332
21643,1739.822
21644,1739.829
21645,1739.834
21646,1739.838
21647,1740.345
21648,1740.352
21649,1740.357
21650,1740.363
21651,1740.864
21652,1740.871
21653,1740.876
21654,1740.881
21655,1741.028
21656,1741.100
21657,1741.110
21658,1741.120
21659,1741.129
21660,1741.137
21661,1741.146
21662,1741.154
21663,1741.162
21664,1741.172
21665,1741.182
21666,1741.191
21667,1741.201
21668,1741.210
21669,1741.221
21670,1741.230
21671,1741.239
21672,1741.248
21673,1741.258
21674,1741.267
21675,1741.276
21676,1741.285
21677,1741.332
21678,1741.418
21679,1741.959
21680,1741.966
21681,1741.974
21682,1741.978
21683,1742.500
21684,1742.508
21685,1742.515
21686,1742.520
21687,1743.068
21688,1743.076
21689,1743.083
21690,1743.088
21691,1743.594
21692,1743.602
21693,1743.609
21694,1743.614
21695,1744.113
21696,1744.122
21697,1744.129
21698,1744.134
21699,1744.685
21700,1744.696
21701,1744.707
21702,1744.713
21703,1745.328
21704,1745.339
21705,1745.350
21706,1745.355
21707,1745.945
21708,1745.953
21709,1745.960
21710,1745.965
21711,1746.479
21712,1746.487
21713,1746.494
21714,1746.499
21715,1746.989
21716,1746.996
21717,1747.003
21718,1747.008
21719,1747.519
21720,1747.528
21721,1747.537
21722,1747.543
21723,1748.115
21724,1748.125
21725,1748.135
21726,1748.141
21727,1748.738
21728,1748.748
21729,1748.760
21730,1748.766
21731,1749.382
21732,1749.392
21733,1749.403
21734,1749.409
21735,1749.966
21736,1749.973
21737,1749.980
21738,1749.984
21739,1750.517
21740,1750.525
21741,1750.532
21742,1750.537
21743,1751.067
21744,1751.075
21745,1751.082
21746,1751.087
21747,1751.610
21748,1751.618
21749,1751.626
21750,1751.630
21751,1751.774
21752,1751.838
21753,1751.844
21754,1751.874
21755,1751.935
21756,1752.092
21757,1752.099
21758,1752.104
21759,1752.109
21760,1752.290
21761,1752.387
21762,1752.396
21763,1752.405
21764,1752.593
21765,1752.602
21766,1752.612
21767,1752.616
21768,1752.621
21769,1752.805
21770,1752.811
21771,1752.818
21772,1752.823
21773,1752.828
21774,1752.972
21775,1752.978
21776,1752.984
21777,1752.988
21778,1752.993
21779,1753.150
21780,1753.157
21781,1753.162
21782,1753.168
21783,1753.319
21784,1753.326
21785,1753.332
21786,1753.338
21787,1753.343
21788,1753.349
21789,1753.507
21790,1753.514
21791,1753.520
21792,1753.524
21793,1753.528
21794,1753.531
21795,1753.674
21796,1753.681
21797,1753.686
21798,1753.692
21799,1753.726
21800,1753.793
21801,1753.799
21802,1753.832
21803,1753.899
21804,1753.931
21805,1753.937
21806,1753.942
21807,1754.061
21808,1754.068
21809,1754.074
21810,1754.080
21811,1754.085
21812,1754.091
21813,1754.253
21814,1754.259
21815,1754.265
21816,1754.270
21817,1754.275
21818,1754.443
21819,1754.540
21820,1754.726
21821,1754.735
21822,1754.744
21823,1754.753
21824,1754.763
21825,1754.771
21826,1754.780
21827,1754.974
21828,1754.981
21829,1754.987
21830,1754.991
21831,1754.995
21832,1754.999
21833,1755.003
21834,1755.144
21835,1755.150
21836,1755.156
21837,1755.161
21838,1755.193
21839,1755.254
21840,1755.258
21841,1755.261
21842,1755.293
21843,1755.360
21844,1755.393
21845,1755.459
21846,1755.611
21847,1755.615
21848,1755.619
21849,1755.625
21850,1755.628
21851,1755.822
21852,1755.826
21853,1755.830
21854,1755.949
21855,1756.015
21856,1756.019
21857,1756.138
21858,1756.144
21859,1756.151
21860,1756.155
21861,1756.159
21862,1756.303
21863,1756.310
21864,1756.317
21865,1756.323
21866,1756.472
21867,1756.478
21868,1756.484
21869,1756.488
21870,1756.634
21871,1756.640
21872,1756.645
21873,1756.650
21874,1756.654
21875,1756.659
21876,1756.703
21877,1756.797
21878,1756.806
21879,1756.983
21880,1756.989
21881,1756.997
21882,1757.001
21883,1757.183
21884,1757.190
21885,1757.196
21886,1757.200
21887,1757.203
21888,1757.346
21889,1757.352
21890,1757.358
21891,1757.364
21892,1757.519
21893,1757.526
21894,1757.532
21895,1757.536
21896,1757.539
21897,1757.680
21898,1757.685
21899,1757.689
21900,1757.692
21901,1757.695
21902,1758.200
21903,1758.207
21904,1758.212
21905,1758.718
21906,1758.724
21907,1758.728
21908,1759.234
21909,1759.240
21910,1759.245
21911,1759.751
21912,1759.758
21913,1759.763
21914,1760.348
21915,1760.358
21916,1760.364
21917,1760.947
21918,1760.953
21919,1760.958
21920,1761.092
21921,1761.094
21922,1761.241
21923,1761.309
21924,1761.416
21925,1761.591
21926,1761.605
21927,1761.609
21928,1761.619
21929,1761.623
21930,1761.706
21931,1761.718
21932,1761.751
21933,1761.819
21934,1761.826
21935,1761.840
21936,1761.844
21937,1762.567
21938,1762.573
21939,1762.578
21940,1762.902
21941,1763.488
21942,1763.495
21943,1763.500
21944,1763.505
21945,1763.781
21946,1764.506
21947,1764.511
21948,1764.516
21949,1764.853
21950,1765.085
21951,1765.090
21952,1765.241
21953,1765.246
21954,1765.250
21955,1765.292
21956,1765.298
21957,1765.302
21958,1765.305
21959,1765.310
21960,1765.313
21961,1765.318
21962,1765.321
21963,1765.326
21964,1765.332
21965,1765.339
21966,1765.347
21967,1765.354
21968,1765.359
21969,1765.519
21970,1765.524
21971,1765.528
21972,1765.627
21973,1765.643
21974,1765.647
21975,1765.727
21976,1765.813
21977,1765.828
21978,1765.832
21979,1765.914
21980,1766.003
21981,1766.019
21982,1766.023
21983,1766.055
21984,1766.083
21985,1766.088
21986,1766.110
21987,1766.137
21988,1766.142
21989,1766.163
21990,1766.194
21991,1766.197
21992,1766.245
21993,1766.269
21994,1766.275
21995,1766.294
21996,1766.321
21997,1766.326
21998,1766.347
21999,1766.373
22000,1766.378
22001,1766.440
22002,1766.471
22003,1766.476
22004,1766.488
22005,1766.491
22006,1766.495
22007,1766.594
22008,1766.764
22009,1766.768
22010,1766.774
22011,1766.777
22012,1766.876
22013,1766.940
22014,1766.952
22015,1766.982
22016,1766.997
22017,1767.008
22018,1767.012
22019,1767.171
22020,1767.178
22021,1767.182
22022,1767.288
22023,1767.292
22024,1767.296
22025,1767.433
22026,1767.437
22027,1767.443
22028,1767.451
22029,1767.456
22030,1767.460
22031,1767.500
22032,1767.505
22033,1767.508
22034,1767.512
22035,1767.515
22036,1767.519
22037,1767.524
22038,1767.527
22039,1767.815
22040,1767.879
22041,1767.886
22042,1767.893
22043,1767.900
22044,1767.907
22045,1767.914
22046,1767.922
22047,1767.930
22048,1767.937
22049,1767.944
22050,1767.952
22051,1767.960
22052,1767.967
22053,1767.974
22054,1768.215
22055,1768.220
22056,1768.224
22057,1768.506
22058,1768.512
22059,1768.517
22060,1768.809
22061,1768.815
22062,1768.821
22063,1769.124
22064,1769.129
22065,1769.134
22066,1769.289
22067,1769.343
22068,1769.349
22069,1769.356
22070,1769.363
22071,1769.369
22072,1769.375
22073,1769.381
22074,1769.405
22075,1769.453
22076,1769.700
22077,1769.707
22078,1769.714
22079,1769.720
22080,1769.953
22081,1769.959
22082,1769.965
22083,1769.969
22084,1770.199
22085,1770.206
22086,1770.211
22087,1770.215
22088,1770.446
22089,1770.453
22090,1770.459
22091,1770.465
22092,1770.716
22093,1770.723
22094,1770.731
22095,1770.735
22096,1770.983
22097,1770.990
22098,1770.997
22099,1771.001
22100,1771.137
22101,1771.189
22102,1771.192
22103,1771.196
22104,1771.201
22105,1771.206
22106,1771.230
22107,1771.292
22108,1771.567
22109,1771.572
22110,1771.577
22111,1771.582
22112,1771.847
22113,1771.857
22114,1771.862
22115,1771.867
22116,1772.139
22117,1772.144
22118,1772.148
22119,1772.152
22120,1772.391
22121,1772.398
22122,1772.402
22123,1772.407
22124,1772.550
22125,1772.604
22126,1772.609
22127,1772.615
22128,1772.620
22129,1772.625
22130,1772.631
22131,1772.637
22132,1772.642
22133,1772.649
22134,1772.655
22135,1772.661
22136,1772.667
22137,1772.672
22138,1772.678
22139,1772.683
22140,1772.689
22141,1772.695
22142,1772.701
22143,1772.707
22144,1772.713
22145,1772.719
22146,1772.746
22147,1772.795
22148,1773.030
22149,1773.037
22150,1773.043
22151,1773.049
22152,1773.288
22153,1773.295
22154,1773.302
22155,1773.308
22156,1773.559
22157,1773.566
22158,1773.573
22159,1773.577
22160,1773.814
22161,1773.821
22162,1773.828
22163,1773.833
22164,1774.066
22165,1774.073
22166,1774.084
22167,1774.089
22168,1774.373
22169,1774.382
22170,1774.391
22171,1774.396
22172,1774.676
22173,1774.685
22174,1774.695
22175,1774.700
22176,1774.983
22177,1774.990
22178,1774.996
22179,1775.001
22180,1775.236
22181,1775.243
22182,1775.249
22183,1775.253
22184,1775.494
22185,1775.502
22186,1775.507
22187,1775.512
22188,1775.751
22189,1775.757
22190,1775.764
22191,1775.770
22192,1776.017
22193,1776.025
22194,1776.032
22195,1776.039
22196,1776.281
22197,1776.288
22198,1776.295
22199,1776.299
22200,1776.541
22201,1776.549
22202,1776.555
22203,1776.561
22204,1776.807
22205,1776.814
22206,1776.822
22207,1776.828
22208,1777.081
22209,1777.088
22210,1777.095
22211,1777.100
22212,1777.357
22213,1777.367
22214,1777.377
22215,1777.386
22216,1777.677
22217,1777.687
22218,1777.697
22219,1777.706
22220,1777.979
22221,1777.988
22222,1777.999
22223,1778.005
22224,1778.260
22225,1778.267
22226,1778.273
22227,1778.278
22228,1778.513
22229,1778.517
22230,1778.521
22231,1778.751
22232,1778.756
22233,1778.761
22234,1778.993
22235,1778.997
22236,1779.001
22237,1779.228
22238,1779.232
22239,1779.236
22240,1779.465
22241,1779.469
22242,1779.473
22243,1779.710
22244,1779.715
22245,1779.719
22246,1779.954
22247,1779.959
22248,1779.963
22249,1780.104
22250,1780.108
22251,1780.111
22252,1780.114
22253,1780.118
22254,1780.121
22255,1780.126
22256,1780.129
22257,1780.132
22258,1780.136
22259,1780.141
22260,1780.144
22261,1780.258
22262,1780.263
22263,1780.268
22264,1780.272
22265,1780.371
22266,1780.376
22267,1780.379
22268,1780.413
22269,1780.422
22270,1780.426
22271,1780.462
22272,1780.538
22273,1780.579
22274,1780.657
22275,1780.844
22276,1780.849
22277,1780.990
22278,1780.995
22279,1781.136
22280,1781.141
22281,1781.267
22282,1781.270
22283,1781.274
22284,1781.406
22285,1781.412
22286,1781.419
22287,1781.424
22288,1781.428
22289,1781.441
22290,1781.444
22291,1781.449
22292,1781.452
22293,1781.593
22294,1781.709
22295,1781.713
22296,1781.814
22297,1781.818
22298,1781.822
22299,1781.924
22300,1781.927
22301,1781.930
22302,1782.043
22303,1782.047
22304,1782.051
22305,1782.165
22306,1782.169
22307,1782.173
22308,1782.176
22309,1782.309
22310,1782.313
22311,1782.317
22312,1782.320
22313,1782.323
22314,1782.326
22315,1782.330
22316,1782.333
22317,1782.336
22318,1782.340
22319,1782.371
22320,1782.461
22321,1782.655
22322,1782.659
22323,1782.663
22324,1782.784
22325,1782.790
22326,1782.794
22327,1782.830
22328,1782.836
22329,1782.840
22330,1783.021
22331,1783.030
22332,1783.034
22333,1783.175
22334,1783.180
22335,1783.185
22336,1783.231
22337,1783.316
22338,1783.325
22339,1783.369
22340,1783.375
22341,1783.381
22342,1783.423
22343,1783.525
22344,1783.536
22345,1783.750
22346,1783.754
22347,1783.873
22348,1783.898
22349,1783.901
22350,1783.904
22351,1784.125
22352,1784.812
22353,1784.818
22354,1784.822
22355,1785.148
22356,1786.445
22357,1786.451
22358,1786.457
22359,1787.003
22360,1787.719
22361,1787.725
22362,1787.729
22363,1788.080
22364,1789.367
22365,1789.373
22366,1789.378
22367,1789.956
22368,1790.102
22369,1790.106
22370,1790.110
22371,1790.113
22372,1790.118
22373,1790.123
22374,1790.127
22375,1790.132
22376,1790.135
22377,1790.236
22378,1790.400
22379,1790.404
22380,1790.410
22381,1790.413
22382,1790.525
22383,1790.529
22384,1790.532
22385,1790.690
22386,1790.697
22387,1790.700
22388,1790.778
22389,1790.781
22390,1790.785
22391,1790.789
22392,1790.804
22393,1790.807
22394,1790.819
22395,1790.822
22396,1790.825
22397,1790.829
22398,1790.832
22399,1790.837
22400,1790.847
22401,1790.879
22402,1790.895
22403,1790.906
22404,1790.910
22405,1790.915
22406,1790.918
22407,1791.036
22408,1791.042
22409,1791.047
22410,1791.051
22411,1791.156
22412,1791.173
22413,1791.177
22414,1791.187
22415,1791.191
22416,1791.196
22417,1791.210
22418,1791.214
22419,1791.219
22420,1791.221
22421,1791.224
22422,1791.229
22423,1791.234
22424,1791.237
22425,1791.249
22426,1791.258
22427,1791.275
22428,1791.291
22429,1791.294
22430,1791.307
22431,1791.324
22432,1791.328
22433,1791.371
22434,1791.398
22435,1791.403
22436,1791.745
22437,1791.848
22438,1791.857
22439,1791.866
22440,1791.875
22441,1791.885
22442,1791.895
22443,1791.904
22444,1791.915
22445,1791.925
22446,1791.935
22447,1791.945
22448,1791.955
22449,1791.965
22450,1791.977
22451,1792.236
22452,1792.241
22453,1792.244
22454,1792.492
22455,1792.496
22456,1792.500
22457,1792.754
22458,1792.759
22459,1792.763
22460,1793.012
22461,1793.017
22462,1793.021
22463,1793.164
22464,1793.231
22465,1793.237
22466,1793.242
22467,1793.248
22468,1793.253
22469,1793.259
22470,1793.265
22471,1793.296
22472,1793.361
22473,1793.606
22474,1793.614
22475,1793.620
22476,1793.627
22477,1793.879
22478,1793.886
22479,1793.892
22480,1793.897
22481,1794.106
22482,1794.113
22483,1794.119
22484,1794.262
22485,1794.356
22486,1794.367
22487,1794.650
22488,1794.660
22489,1794.668
22490,1794.677
22491,1794.925
22492,1794.932
22493,1794.938
22494,1795.068
22495,1795.138
22496,1795.144
22497,1795.409
22498,1795.417
22499,1795.423
22500,1795.430
22501,1795.573
22502,1795.640
22503,1795.645
22504,1795.651
22505,1795.657
22506,1795.662
22507,1795.694
22508,1795.760
22509,1796.017
22510,1796.024
22511,1796.030
22512,1796.034
22513,1796.277
22514,1796.284
22515,1796.290
22516,1796.294
22517,1796.535
22518,1796.541
22519,1796.547
22520,1796.551
22521,1796.794
22522,1796.800
22523,1796.806
22524,1796.809
22525,1796.971
22526,1797.070
22527,1797.079
22528,1797.088
22529,1797.097
22530,1797.105
22531,1797.113
22532,1797.121
22533,1797.129
22534,1797.137
22535,1797.145
22536,1797.153
22537,1797.163
22538,1797.171
22539,1797.180
22540,1797.191
22541,1797.200
22542,1797.209
22543,1797.218
22544,1797.227
22545,1797.238
22546,1797.248
22547,1797.295
22548,1797.374
22549,1797.624
22550,1797.631
22551,1797.637
22552,1797.643
22553,1797.896
22554,1797.903
22555,1797.909
22556,1797.915
22557,1798.186
22558,1798.195
22559,1798.202
22560,1798.209
22561,1798.455
22562,1798.462
22563,1798.468
22564,1798.474
22565,1798.716
22566,1798.723
22567,1798.729
22568,1798.735
22569,1798.987
22570,1798.994
22571,1799.001
22572,1799.008
22573,1799.278
22574,1799.285
22575,1799.291
22576,1799.297
22577,1799.565
22578,1799.571
22579,1799.579
22580,1799.589
22581,1799.897
22582,1799.907
22583,1799.916
22584,1799.925
22585,1800.223
22586,1800.232
22587,1800.242
22588,1800.250
22589,1800.524
22590,1800.531
22591,1800.538
22592,1800.544
22593,1800.801
22594,1800.808
22595,1800.815
22596,1800.822
22597,1801.081
22598,1801.089
22599,1801.096
22600,1801.103
22601,1801.357
22602,1801.364
22603,1801.371
22604,1801.378
22605,1801.630
22606,1801.637
22607,1801.644
22608,1801.650
22609,1801.904
22610,1801.911
22611,1801.918
22612,1801.924
22613,1802.175
22614,1802.182
22615,1802.188
22616,1802.194
22617,1802.440
22618,1802.447
22619,1802.453
22620,1802.459
22621,1802.723
22622,1802.733
22623,1802.743
22624,1802.753
22625,1803.042
22626,1803.052
22627,1803.061
22628,1803.071
22629,1803.346
22630,1803.351
22631,1803.357
22632,1803.601
22633,1803.605
22634,1803.609
22635,1803.843
22636,1803.849
22637,1803.853
22638,1804.093
22639,1804.097
22640,1804.101
22641,1804.339
22642,1804.345
22643,1804.349
22644,1804.582
22645,1804.588
22646,1804.592
22647,1804.832
22648,1804.839
22649,1804.843
22650,1805.151
22651,1805.220
22652,1805.226
22653,1805.232
22654,1805.238
22655,1805.244
22656,1805.250
22657,1805.256
22658,1805.263
22659,1805.269
22660,1805.275
22661,1805.282
22662,1805.289
22663,1805.295
22664,1805.302
22665,1805.541
22666,1805.545
22667,1805.550
22668,1805.830
22669,1805.835
22670,1805.839
22671,1806.110
22672,1806.115
22673,1806.120
22674,1806.389
22675,1806.394
22676,1806.397
22677,1806.539
22678,1806.601
22679,1806.607
22680,1806.612
22681,1806.617
22682,1806.622
22683,1806.627
22684,1806.632
22685,1806.661
22686,1806.719
22687,1806.956
22688,1806.962
22689,1806.968
22690,1806.973
22691,1807.213
22692,1807.219
22693,1807.225
22694,1807.229
22695,1807.442
22696,1807.448
22697,1807.453
22698,1807.572
22699,1807.634
22700,1807.640
22701,1807.884
22702,1807.890
22703,1807.897
22704,1807.903
22705,1808.159
22706,1808.165
22707,1808.172
22708,1808.177
22709,1808.462
22710,1808.471
22711,1808.481
22712,1808.491
22713,1808.660
22714,1808.753
22715,1808.761
22716,1808.771
22717,1808.780
22718,1808.790
22719,1808.834
22720,1808.899
22721,1809.145
22722,1809.151
22723,1809.157
22724,1809.161
22725,1809.401
22726,1809.408
22727,1809.414
22728,1809.418
22729,1809.656
22730,1809.662
22731,1809.668
22732,1809.672
22733,1809.914
22734,1809.921
22735,1809.927
22736,1809.931
22737,1810.087
22738,1810.162
22739,1810.168
22740,1810.173
22741,1810.179
22742,1810.184
22743,1810.190
22744,1810.196
22745,1810.201
22746,1810.207
22747,1810.213
22748,1810.219
22749,1810.224
22750,1810.230
22751,1810.236
22752,1810.242
22753,1810.248
22754,1810.254
22755,1810.261
22756,1810.267
22757,1810.274
22758,1810.280
22759,1810.316
22760,1810.386
22761,1810.658
22762,1810.669
22763,1810.679
22764,1810.689
22765,1810.994
22766,1811.004
22767,1811.014
22768,1811.024
22769,1811.339
22770,1811.346
22771,1811.352
22772,1811.358
22773,1811.610
22774,1811.617
22775,1811.623
22776,1811.629
22777,1811.874
22778,1811.881
22779,1811.887
22780,1811.892
22781,1812.146
22782,1812.153
22783,1812.159
22784,1812.165
22785,1812.419
22786,1812.427
22787,1812.434
22788,1812.440
22789,1812.699
22790,1812.706
22791,1812.713
22792,1812.719
22793,1812.968
22794,1812.975
22795,1812.982
22796,1812.988
22797,1813.239
22798,1813.246
22799,1813.253
22800,1813.258
22801,1813.501
22802,1813.507
22803,1813.516
22804,1813.526
22805,1813.833
22806,1813.843
22807,1813.854
22808,1813.863
22809,1814.154
22810,1814.163
22811,1814.172
22812,1814.181
22813,1814.453
22814,1814.459
22815,1814.466
22816,1814.472
22817,1814.719
22818,1814.726
22819,1814.732
22820,1814.738
22821,1814.990
22822,1814.997
22823,1815.004
22824,1815.009
22825,1815.257
22826,1815.264
22827,1815.270
22828,1815.275
22829,1815.519
22830,1815.525
22831,1815.531
22832,1815.537
22833,1815.781
22834,1815.787
22835,1815.794
22836,1815.800
22837,1816.043
22838,1816.050
22839,1816.056
22840,1816.062
22841,1816.331
22842,1816.336
22843,1816.340
22844,1816.587
22845,1816.592
22846,1816.597
22847,1816.889
22848,1816.899
22849,1816.903
22850,1817.181
22851,1817.186
22852,1817.191
22853,1817.471
22854,1817.478
22855,1817.482
22856,1817.724
22857,1817.730
22858,1817.734
22859,1817.972
22860,1817.978
22861,1817.982
22862,1818.100
22863,1818.104
22864,1818.220
22865,1818.224
22866,1818.341
22867,1818.345
22868,1818.462
22869,1818.466
22870,1818.591
22871,1818.595
22872,1818.716
22873,1818.719
22874,1818.840
22875,1818.845
22876,1818.970
22877,1818.974
22878,1819.099
22879,1819.103
22880,1819.228
22881,1819.232
22882,1819.357
22883,1819.361
22884,1819.486
22885,1819.490
22886,1819.618
22887,1819.624
22888,1819.768
22889,1819.778
22890,1819.938
22891,1819.942
22892,1820.095
22893,1820.100
22894,1820.252
22895,1820.257
22896,1820.411
22897,1820.415
22898,1820.563
22899,1820.567
22900,1820.703
22901,1820.707
22902,1820.840
22903,1820.844
22904,1820.988
22905,1820.992
22906,1821.138
22907,1821.142
22908,1821.279
22909,1821.283
22910,1821.420
22911,1821.424
22912,1821.557
22913,1821.561
22914,1821.693
22915,1821.697
22916,1821.836
22917,1821.841
22918,1821.973
22919,1821.979
22920,1822.116
22921,1822.122
22922,1822.280
22923,1822.284
22924,1822.451
22925,1822.455
22926,1822.616
22927,1822.620
22928,1822.776
22929,1822.780
22930,1822.935
22931,1822.941
22932,1822.947
22933,1822.952
22934,1822.958
22935,1822.969
22936,1822.979
22937,1822.989
22938,1822.999
22939,1823.008
22940,1823.018
22941,1823.028
22942,1823.039
22943,1823.050
22944,1823.061
22945,1823.072
22946,1823.083
22947,1823.094
22948,1823.106
22949,1823.116
22950,1823.251
22951,1823.260
22952,1823.269
22953,1823.404
22954,1823.413
22955,1823.421
22956,1823.551
22957,1823.561
22958,1823.571
22959,1823.581
22960,1823.589
22961,1823.798
22962,1823.806
22963,1823.812
22964,1824.026
22965,1824.033
22966,1824.040
22967,1824.248
22968,1824.256
22969,1824.263
22970,1824.401
22971,1824.407
22972,1824.412
22973,1824.418
22974,1824.423
22975,1824.628
22976,1824.635
22977,1824.642
22978,1824.854
22979,1824.862
22980,1824.870
22981,1825.082
22982,1825.090
22983,1825.097
22984,1825.239
22985,1825.246
22986,1825.252
22987,1825.258
22988,1825.263
22989,1825.474
22990,1825.482
22991,1825.489
22992,1825.703
22993,1825.711
22994,1825.717
22995,1825.953
22996,1825.963
22997,1825.973
22998,1826.141
22999,1826.151
23000,1826.160
23001,1826.168
23002,1826.177
23003,1826.418
23004,1826.428
23005,1826.437
23006,1826.686
23007,1826.693
23008,1826.700
23009,1826.908
23010,1826.915
23011,1826.922
23012,1827.063
23013,1827.069
23014,1827.075
23015,1827.081
23016,1827.087
23017,1827.303
23018,1827.310
23019,1827.317
23020,1827.533
23021,1827.540
23022,1827.548
23023,1827.760
23024,1827.768
23025,1827.775
23026,1827.920
23027,1827.927
23028,1827.933
23029,1827.939
23030,1827.945
23031,1828.157
23032,1828.164
23033,1828.172
23034,1828.381
23035,1828.389
23036,1828.395
23037,1828.608
23038,1828.615
23039,1828.622
23040,1828.764
23041,1828.770
23042,1828.775
23043,1828.779
23044,1828.784
23045,1829.047
23046,1829.059
23047,1829.070
23048,1829.335
23049,1829.345
23050,1829.355
23051,1829.618
23052,1829.630
23053,1829.642
23054,1829.786
23055,1829.792
23056,1829.798
23057,1829.803
23058,1829.809
23059,1830.021
23060,1830.028
23061,1830.035
23062,1830.254
23063,1830.262
23064,1830.268
23065,1830.484
23066,1830.491
23067,1830.498
23068,1830.643
23069,1830.649
23070,1830.654
23071,1830.660
23072,1830.665
23073,1830.875
23074,1830.882
23075,1830.889
23076,1831.105
23077,1831.112
23078,1831.119
23079,1831.336
23080,1831.344
23081,1831.351
23082,1831.492
23083,1831.499
23084,1831.504
23085,1831.510
23086,1831.515
23087,1831.726
23088,1831.733
23089,1831.739
23090,1831.967
23091,1831.978
23092,1831.988
23093,1832.239
23094,1832.249
23095,1832.258
23096,1832.424
23097,1832.432
23098,1832.442
23099,1832.450
23100,1832.460
23101,1832.723
23102,1832.730
23103,1832.737
23104,1832.968
23105,1832.975
23106,1832.982
23107,1833.213
23108,1833.221
23109,1833.228
23110,1833.375
23111,1833.383
23112,1833.389
23113,1833.394
23114,1833.400
23115,1833.630
23116,1833.638
23117,1833.645
23118,1833.884
23119,1833.893
23120,1833.900
23121,1834.140
23122,1834.148
23123,1834.155
23124,1834.300
23125,1834.306
23126,1834.312
23127,1834.318
23128,1834.324
23129,1834.557
23130,1834.564
23131,1834.572
23132,1834.812
23133,1834.820
23134,1834.827
23135,1835.065
23136,1835.078
23137,1835.089
23138,1835.260
23139,1835.269
23140,1835.279
23141,1835.290
23142,1835.299
23143,1835.563
23144,1835.573
23145,1835.584
23146,1835.866
23147,1835.876
23148,1835.883
23149,1836.122
23150,1836.130
23151,1836.137
23152,1836.284
23153,1836.290
23154,1836.296
23155,1836.302
23156,1836.307
23157,1836.526
23158,1836.533
23159,1836.541
23160,1836.764
23161,1836.771
23162,1836.778
23163,1837.000
23164,1837.008
23165,1837.015
23166,1837.158
23167,1837.164
23168,1837.170
23169,1837.176
23170,1837.182
23171,1837.398
23172,1837.405
23173,1837.413
23174,1837.637
23175,1837.645
23176,1837.652
23177,1837.889
23178,1837.898
23179,1837.905
23180,1838.057
23181,1838.064
23182,1838.070
23183,1838.076
23184,1838.081
23185,1838.337
23186,1838.348
23187,1838.359
23188,1838.632
23189,1838.643
23190,1838.654
23191,1838.928
23192,1838.939
23193,1838.950
23194,1839.357
23195,1839.419
23196,1839.426
23197,1839.432
23198,1839.439
23199,1839.446
23200,1839.452
23201,1839.459
23202,1839.466
23203,1839.473
23204,1839.480
23205,1839.488
23206,1839.495
23207,1839.502
23208,1839.510
23209,1839.878
23210,1839.884
23211,1839.889
23212,1840.118
23213,1840.123
23214,1840.130
23215,1840.137
23216,1840.368
23217,1840.374
23218,1840.381
23219,1840.391
23220,1840.395
23221,1840.399
23222,1840.785
23223,1840.792
23224,1840.799
23225,1841.033
23226,1841.092
23227,1841.099
23228,1841.106
23229,1841.113
23230,1841.119
23231,1841.125
23232,1841.131
23233,1841.164
23234,1841.240
23235,1841.530
23236,1841.540
23237,1841.552
23238,1841.561
23239,1841.572
23240,1841.583
23241,1841.593
23242,1842.072
23243,1842.082
23244,1842.091
23245,1842.099
23246,1842.108
23247,1842.376
23248,1842.385
23249,1842.392
23250,1842.399
23251,1842.407
23252,1842.415
23253,1842.420
23254,1842.660
23255,1842.668
23256,1842.676
23257,1842.683
23258,1842.690
23259,1842.698
23260,1842.705
23261,1843.129
23262,1843.138
23263,1843.148
23264,1843.158
23265,1843.166
23266,1843.415
23267,1843.423
23268,1843.430
23269,1843.437
23270,1843.444
23271,1843.452
23272,1843.457
23273,1843.679
23274,1843.736
23275,1843.743
23276,1843.749
23277,1843.756
23278,1843.763
23279,1843.793
23280,1843.846
23281,1844.259
23282,1844.272
23283,1844.284
23284,1844.293
23285,1844.305
23286,1844.768
23287,1844.779
23288,1844.790
23289,1844.802
23290,1844.813
23291,1845.244
23292,1845.252
23293,1845.258
23294,1845.265
23295,1845.271
23296,1845.697
23297,1845.705
23298,1845.713
23299,1845.721
23300,1845.727
23301,1845.978
23302,1846.041
23303,1846.048
23304,1846.055
23305,1846.062
23306,1846.069
23307,1846.076
23308,1846.083
23309,1846.090
23310,1846.097
23311,1846.104
23312,1846.111
23313,1846.119
23314,1846.125
23315,1846.132
23316,1846.139
23317,1846.146
23318,1846.153
23319,1846.160
23320,1846.166
23321,1846.174
23322,1846.181
23323,1846.209
23324,1846.269
23325,1846.528
23326,1846.536
23327,1846.544
23328,1846.551
23329,1846.559
23330,1846.567
23331,1846.572
23332,1846.821
23333,1846.829
23334,1846.837
23335,1846.844
23336,1846.852
23337,1846.860
23338,1846.865
23339,1847.320
23340,1847.333
23341,1847.346
23342,1847.356
23343,1847.368
23344,1847.687
23345,1847.697
23346,1847.706
23347,1847.715
23348,1847.725
23349,1847.736
23350,1847.742
23351,1848.028
23352,1848.040
23353,1848.052
23354,1848.063
23355,1848.075
23356,1848.087
23357,1848.093
23358,1848.541
23359,1848.550
23360,1848.559
23361,1848.567
23362,1848.574
23363,1849.015
23364,1849.024
23365,1849.032
23366,1849.040
23367,1849.048
23368,1849.483
23369,1849.492
23370,1849.500
23371,1849.507
23372,1849.515
23373,1849.770
23374,1849.778
23375,1849.785
23376,1849.792
23377,1849.800
23378,1849.807
23379,1849.812
23380,1850.230
23381,1850.238
23382,1850.246
23383,1850.253
23384,1850.261
23385,1850.673
23386,1850.682
23387,1850.691
23388,1850.701
23389,1850.709
23390,1851.208
23391,1851.219
23392,1851.232
23393,1851.243
23394,1851.719
23395,1851.731
23396,1851.744
23397,1851.755
23398,1851.763
23399,1852.034
23400,1852.042
23401,1852.049
23402,1852.056
23403,1852.064
23404,1852.071
23405,1852.079
23406,1852.495
23407,1852.504
23408,1852.513
23409,1852.521
23410,1852.531
23411,1852.786
23412,1852.794
23413,1852.801
23414,1852.807
23415,1852.814
23416,1852.821
23417,1852.828
23418,1853.229
23419,1853.238
23420,1853.247
23421,1853.254
23422,1853.263
23423,1853.664
23424,1853.673
23425,1853.682
23426,1853.689
23427,1853.699
23428,1854.093
23429,1854.102
23430,1854.110
23431,1854.117
23432,1854.124
23433,1854.557
23434,1854.568
23435,1854.579
23436,1854.589
23437,1854.600
23438,1855.026
23439,1855.033
23440,1855.039
23441,1855.470
23442,1855.478
23443,1855.485
23444,1855.865
23445,1855.871
23446,1855.876
23447,1856.279
23448,1856.285
23449,1856.290
23450,1856.673
23451,1856.682
23452,1856.689
23453,1857.072
23454,1857.081
23455,1857.088
23456,1857.466
23457,1857.472
23458,1857.478
23459,1857.895
23460,1857.954
23461,1857.961
23462,1857.972
23463,1857.983
23464,1857.994
23465,1858.005
23466,1858.016
23467,1858.026
23468,1858.036
23469,1858.047
23470,1858.058
23471,1858.069
23472,1858.079
23473,1858.089
23474,1858.534
23475,1858.541
23476,1858.547
23477,1858.836
23478,1858.841
23479,1858.849
23480,1858.857
23481,1859.105
23482,1859.111
23483,1859.118
23484,1859.125
23485,1859.132
23486,1859.137
23487,1859.549
23488,1859.557
23489,1859.565
23490,1859.816
23491,1859.876
23492,1859.883
23493,1859.890
23494,1859.896
23495,1859.902
23496,1859.908
23497,1859.914
23498,1859.942
23499,1859.997
23500,1860.254
23501,1860.262
23502,1860.270
23503,1860.277
23504,1860.285
23505,1860.293
23506,1860.300
23507,1860.727
23508,1860.735
23509,1860.752
23510,1860.752
23511,1860.757
23512,1861.025
23513,1861.033
23514,1861.040
23515,1861.047
23516,1861.054
23517,1861.062
23518,1861.067
23519,1861.341
23520,1861.353
23521,1861.364
23522,1861.374
23523,1861.385
23524,1861.397
23525,1861.408
23526,1861.941
23527,1861.953
23528,1861.966
23529,1861.979
23530,1861.992
23531,1862.278
23532,1862.286
23533,1862.294
23534,1862.301
23535,1862.308
23536,1862.316
23537,1862.321
23538,1862.566
23539,1862.628
23540,1862.635
23541,1862.642
23542,1862.649
23543,1862.656
23544,1862.686
23545,1862.739
23546,1863.166
23547,1863.175
23548,1863.185
23549,1863.193
23550,1863.203
23551,1863.648
23552,1863.658
23553,1863.667
23554,1863.679
23555,1863.688
23556,1863.967
23557,1863.975
23558,1863.983
23559,1863.988
23560,1864.436
23561,1864.445
23562,1864.454
23563,1864.462
23564,1864.468
23565,1864.746
23566,1864.838
23567,1864.849
23568,1864.862
23569,1864.874
23570,1864.886
23571,1864.897
23572,1864.908
23573,1864.918
23574,1864.928
23575,1864.938
23576,1864.948
23577,1864.958
23578,1864.968
23579,1864.979
23580,1864.990
23581,1865.001
23582,1865.011
23583,1865.022
23584,1865.033
23585,1865.044
23586,1865.055
23587,1865.094
23588,1865.175
23589,1865.448
23590,1865.457
23591,1865.465
23592,1865.473
23593,1865.482
23594,1865.490
23595,1865.497
23596,1865.771
23597,1865.780
23598,1865.788
23599,1865.797
23600,1865.805
23601,1865.813
23602,1865.819
23603,1866.338
23604,1866.349
23605,1866.358
23606,1866.367
23607,1866.377
23608,1866.666
23609,1866.675
23610,1866.683
23611,1866.693
23612,1866.701
23613,1866.710
23614,1866.716
23615,1867.009
23616,1867.018
23617,1867.027
23618,1867.036
23619,1867.045
23620,1867.053
23621,1867.060
23622,1867.516
23623,1867.526
23624,1867.535
23625,1867.544
23626,1867.552
23627,1868.044
23628,1868.057
23629,1868.071
23630,1868.082
23631,1868.095
23632,1868.653
23633,1868.665
23634,1868.677
23635,1868.686
23636,1868.698
23637,1869.025
23638,1869.034
23639,1869.042
23640,1869.049
23641,1869.058
23642,1869.066
23643,1869.072
23644,1869.541
23645,1869.551
23646,1869.561
23647,1869.571
23648,1869.581
23649,1870.050
23650,1870.061
23651,1870.071
23652,1870.083
23653,1870.093
23654,1870.578
23655,1870.588
23656,1870.599
23657,1870.608
23658,1871.073
23659,1871.082
23660,1871.091
23661,1871.098
23662,1871.107
23663,1871.388
23664,1871.397
23665,1871.404
23666,1871.411
23667,1871.418
23668,1871.426
23669,1871.431
23670,1871.845
23671,1871.853
23672,1871.867
23673,1871.878
23674,1871.892
23675,1872.215
23676,1872.226
23677,1872.237
23678,1872.245
23679,1872.256
23680,1872.266
23681,1872.276
23682,1872.785
23683,1872.794
23684,1872.803
23685,1872.811
23686,1872.819
23687,1873.239
23688,1873.248
23689,1873.256
23690,1873.264
23691,1873.271
23692,1873.707
23693,1873.717
23694,1873.725
23695,1873.733
23696,1873.741
23697,1874.179
23698,1874.188
23699,1874.196
23700,1874.204
23701,1874.213
23702,1874.626
23703,1874.632
23704,1874.638
23705,1875.060
23706,1875.068
23707,1875.075
23708,1875.487
23709,1875.494
23710,1875.499
23711,1875.942
23712,1875.950
23713,1875.957
23714,1876.466
23715,1876.477
23716,1876.488
23717,1876.956
23718,1876.965
23719,1876.973
23720,1877.403
23721,1877.410
23722,1877.415
23723,1877.876
23724,1877.943
23725,1877.952
23726,1877.960
23727,1877.968
23728,1877.976
23729,1877.984
23730,1877.993
23731,1878.001
23732,1878.009
23733,1878.017
23734,1878.025
23735,1878.034
23736,1878.042
23737,1878.050
23738,1878.471
23739,1878.477
23740,1878.484
23741,1878.748
23742,1878.754
23743,1878.763
23744,1878.772
23745,1879.041
23746,1879.047
23747,1879.055
23748,1879.063
23749,1879.071
23750,1879.077
23751,1879.515
23752,1879.528
23753,1879.540
23754,1879.849
23755,1879.931
23756,1879.941
23757,1879.951
23758,1879.961
23759,1879.971
23760,1879.982
23761,1879.992
23762,1880.033
23763,1880.119
23764,1880.380
23765,1880.388
23766,1880.396
23767,1880.403
23768,1880.410
23769,1880.417
23770,1880.424
23771,1880.843
23772,1880.852
23773,1880.860
23774,1880.868
23775,1880.876
23776,1881.143
23777,1881.151
23778,1881.158
23779,1881.165
23780,1881.173
23781,1881.180
23782,1881.185
23783,1881.440
23784,1881.448
23785,1881.456
23786,1881.462
23787,1881.470
23788,1881.477
23789,1881.484
23790,1881.938
23791,1881.948
23792,1881.958
23793,1881.969
23794,1881.978
23795,1882.252
23796,1882.260
23797,1882.267
23798,1882.274
23799,1882.282
23800,1882.290
23801,1882.295
23802,1882.532
23803,1882.585
23804,1882.592
23805,1882.597
23806,1882.602
23807,1882.614
23808,1882.655
23809,1882.734
23810,1883.226
23811,1883.238
23812,1883.250
23813,1883.258
23814,1883.270
23815,1883.734
23816,1883.743
23817,1883.752
23818,1883.761
23819,1883.769
23820,1884.196
23821,1884.204
23822,1884.211
23823,1884.218
23824,1884.224
23825,1884.492
23826,1884.500
23827,1884.507
23828,1884.512
23829,1884.766
23830,1884.831
23831,1884.838
23832,1884.845
23833,1884.852
23834,1884.859
23835,1884.866
23836,1884.873
23837,1884.880
23838,1884.887
23839,1884.894
23840,1884.901
23841,1884.908
23842,1884.915
23843,1884.922
23844,1884.930
23845,1884.937
23846,1884.945
23847,1884.952
23848,1884.960
23849,1884.967
23850,1884.975
23851,1885.002
23852,1885.064
23853,1885.333
23854,1885.341
23855,1885.350
23856,1885.358
23857,1885.366
23858,1885.374
23859,1885.379
23860,1885.652
23861,1885.660
23862,1885.667
23863,1885.674
23864,1885.680
23865,1885.692
23866,1885.700
23867,1886.264
23868,1886.276
23869,1886.289
23870,1886.299
23871,1886.311
23872,1886.639
23873,1886.652
23874,1886.664
23875,1886.675
23876,1886.685
23877,1886.693
23878,1886.698
23879,1886.959
23880,1886.967
23881,1886.974
23882,1886.982
23883,1886.989
23884,1886.996
23885,1887.001
23886,1887.447
23887,1887.456
23888,1887.465
23889,1887.473
23890,1887.481
23891,1887.942
23892,1887.951
23893,1887.959
23894,1887.967
23895,1887.975
23896,1888.457
23897,1888.466
23898,1888.475
23899,1888.483
23900,1888.491
23901,1888.777
23902,1888.785
23903,1888.793
23904,1888.800
23905,1888.807
23906,1888.814
23907,1888.820
23908,1889.314
23909,1889.323
23910,1889.332
23911,1889.340
23912,1889.347
23913,1889.859
23914,1889.871
23915,1889.884
23916,1889.898
23917,1889.910
23918,1890.451
23919,1890.465
23920,1890.477
23921,1890.485
23922,1890.944
23923,1890.953
23924,1890.962
23925,1890.970
23926,1890.978
23927,1891.283
23928,1891.291
23929,1891.299
23930,1891.306
23931,1891.314
23932,1891.321
23933,1891.329
23934,1891.783
23935,1891.792
23936,1891.801
23937,1891.809
23938,1891.818
23939,1892.107
23940,1892.115
23941,1892.123
23942,1892.130
23943,1892.137
23944,1892.145
23945,1892.152
23946,1892.610
23947,1892.620
23948,1892.629
23949,1892.637
23950,1892.645
23951,1893.095
23952,1893.105
23953,1893.114
23954,1893.121
23955,1893.130
23956,1893.617
23957,1893.629
23958,1893.642
23959,1893.653
23960,1893.666
23961,1894.179
23962,1894.190
23963,1894.203
23964,1894.213
23965,1894.225
23966,1894.667
23967,1894.673
23968,1894.679
23969,1895.106
23970,1895.114
23971,1895.120
23972,1895.556
23973,1895.562
23974,1895.568
23975,1895.995
23976,1896.001
23977,1896.007
23978,1896.445
23979,1896.455
23980,1896.463
23981,1896.949
23982,1896.959
23983,1896.967
23984,1897.417
23985,1897.425
23986,1897.431
23987,1897.952
23988,1898.033
23989,1898.043
23990,1898.053
23991,1898.064
23992,1898.075
23993,1898.087
23994,1898.098
23995,1898.110
23996,1898.121
23997,1898.133
23998,1898.144
23999,1898.155
24000,1898.166
24001,1898.178
24002,1898.609
24003,1898.615
24004,1898.621
24005,1898.877
24006,1898.883
24007,1898.891
24008,1898.899
24009,1899.165
24010,1899.171
24011,1899.179
24012,1899.187
24013,1899.196
24014,1899.202
24015,1899.624
24016,1899.633
24017,1899.641
24018,1899.892
24019,1899.949
24020,1899.956
24021,1899.963
24022,1899.969
24023,1899.976
24024,1899.982
24025,1899.989
24026,1900.016
24027,1900.072
24028,1900.325
24029,1900.333
24030,1900.340
24031,1900.346
24032,1900.353
24033,1900.360
24034,1900.367
24035,1900.785
24036,1900.797
24037,1900.809
24038,1900.818
24039,1900.829
24040,1901.147
24041,1901.157
24042,1901.167
24043,1901.176
24044,1901.184
24045,1901.194
24046,1901.201
24047,1901.495
24048,1901.506
24049,1901.517
24050,1901.527
24051,1901.537
24052,1901.550
24053,1901.562
24054,1902.016
24055,1902.027
24056,1902.033
24057,1902.043
24058,1902.051
24059,1902.316
24060,1902.323
24061,1902.330
24062,1902.337
24063,1902.344
24064,1902.352
24065,1902.357
24066,1902.587
24067,1902.642
24068,1902.648
24069,1902.654
24070,1902.660
24071,1902.666
24072,1902.692
24073,1902.743
24074,1903.159
24075,1903.167
24076,1903.176
24077,1903.183
24078,1903.191
24079,1903.606
24080,1903.614
24081,1903.624
24082,1903.634
24083,1903.643
24084,1904.049
24085,1904.055
24086,1904.065
24087,1904.074
24088,1904.082
24089,1904.554
24090,1904.565
24091,1904.575
24092,1904.584
24093,1904.592
24094,1904.885
24095,1904.966
24096,1904.973
24097,1904.979
24098,1904.985
24099,1904.991
24100,1904.998
24101,1905.004
24102,1905.010
24103,1905.017
24104,1905.023
24105,1905.030
24106,1905.037
24107,1905.043
24108,1905.049
24109,1905.056
24110,1905.062
24111,1905.069
24112,1905.075
24113,1905.082
24114,1905.089
24115,1905.096
24116,1905.122
24117,1905.178
24118,1905.449
24119,1905.457
24120,1905.465
24121,1905.472
24122,1905.479
24123,1905.487
24124,1905.493
24125,1905.767
24126,1905.775
24127,1905.783
24128,1905.790
24129,1905.797
24130,1905.804
24131,1905.810
24132,1906.134
24133,1906.142
24134,1906.151
24135,1906.158
24136,1906.431
24137,1906.439
24138,1906.447
24139,1906.454
24140,1906.460
24141,1906.469
24142,1906.474
24143,1906.733
24144,1906.740
24145,1906.747
24146,1906.755
24147,1906.761
24148,1906.769
24149,1906.774
24150,1907.223
24151,1907.235
24152,1907.247
24153,1907.257
24154,1907.269
24155,1907.772
24156,1907.783
24157,1907.794
24158,1907.803
24159,1907.814
24160,1908.164
24161,1908.172
24162,1908.180
24163,1908.188
24164,1908.464
24165,1908.471
24166,1908.478
24167,1908.485
24168,1908.493
24169,1908.500
24170,1908.506
24171,1908.809
24172,1908.817
24173,1908.825
24174,1908.833
24175,1909.265
24176,1909.274
24177,1909.283
24178,1909.292
24179,1909.301
24180,1909.754
24181,1909.764
24182,1909.775
24183,1909.784
24184,1910.087
24185,1910.096
24186,1910.104
24187,1910.111
24188,1910.393
24189,1910.401
24190,1910.408
24191,1910.415
24192,1910.423
24193,1910.431
24194,1910.437
24195,1910.923
24196,1910.934
24197,1910.946
24198,1910.955
24199,1910.966
24200,1911.288
24201,1911.298
24202,1911.308
24203,1911.316
24204,1911.327
24205,1911.340
24206,1911.351
24207,1911.780
24208,1911.788
24209,1911.796
24210,1911.804
24211,1911.811
24212,1912.241
24213,1912.249
24214,1912.258
24215,1912.266
24216,1912.274
24217,1912.697
24218,1912.705
24219,1912.713
24220,1912.721
24221,1912.728
24222,1913.163
24223,1913.172
24224,1913.180
24225,1913.189
24226,1913.198
24227,1913.601
24228,1913.607
24229,1913.612
24230,1914.025
24231,1914.034
24232,1914.040
24233,1914.474
24234,1914.486
24235,1914.494
24236,1914.950
24237,1914.957
24238,1914.963
24239,1915.420
24240,1915.428
24241,1915.435
24242,1915.847
24243,1915.855
24244,1915.862
24245,1916.138
24246,1916.146
24247,1916.154
24248,1916.584
24249,1916.642
24250,1916.649
24251,1916.656
24252,1916.662
24253,1916.669
24254,1916.676
24255,1916.683
24256,1916.690
24257,1916.697
24258,1916.704
24259,1916.711
24260,1916.718
24261,1916.725
24262,1916.732
24263,1917.124
24264,1917.130
24265,1917.135
24266,1917.384
24267,1917.389
24268,1917.397
24269,1917.404
24270,1917.656
24271,1917.662
24272,1917.669
24273,1917.676
24274,1917.683
24275,1917.688
24276,1918.144
24277,1918.156
24278,1918.166
24279,1918.446
24280,1918.521
24281,1918.531
24282,1918.542
24283,1918.554
24284,1918.565
24285,1918.575
24286,1918.582
24287,1918.610
24288,1918.666
24289,1918.920
24290,1918.928
24291,1918.934
24292,1918.940
24293,1918.947
24294,1918.954
24295,1918.961
24296,1919.377
24297,1919.385
24298,1919.394
24299,1919.401
24300,1919.408
24301,1919.686
24302,1919.694
24303,1919.700
24304,1919.707
24305,1919.714
24306,1919.722
24307,1919.727
24308,1919.996
24309,1920.004
24310,1920.012
24311,1920.019
24312,1920.026
24313,1920.034
24314,1920.041
24315,1920.507
24316,1920.516
24317,1920.527
24318,1920.537
24319,1920.546
24320,1920.846
24321,1920.854
24322,1920.861
24323,1920.868
24324,1920.875
24325,1920.883
24326,1920.889
24327,1921.148
24328,1921.231
24329,1921.241
24330,1921.251
24331,1921.264
24332,1921.275
24333,1921.315
24334,1921.388
24335,1921.903
24336,1921.912
24337,1921.920
24338,1921.928
24339,1921.937
24340,1922.383
24341,1922.392
24342,1922.401
24343,1922.411
24344,1922.419
24345,1922.860
24346,1922.868
24347,1922.876
24348,1922.883
24349,1922.890
24350,1923.314
24351,1923.322
24352,1923.330
24353,1923.338
24354,1923.345
24355,1923.604
24356,1923.666
24357,1923.674
24358,1923.682
24359,1923.689
24360,1923.696
24361,1923.704
24362,1923.711
24363,1923.718
24364,1923.725
24365,1923.733
24366,1923.741
24367,1923.748
24368,1923.755
24369,1923.762
24370,1923.769
24371,1923.776
24372,1923.784
24373,1923.791
24374,1923.798
24375,1923.805
24376,1923.813
24377,1923.843
24378,1923.906
24379,1924.195
24380,1924.207
24381,1924.218
24382,1924.227
24383,1924.237
24384,1924.248
24385,1924.255
24386,1924.588
24387,1924.605
24388,1924.618
24389,1924.629
24390,1924.639
24391,1924.651
24392,1924.659
24393,1925.219
24394,1925.228
24395,1925.237
24396,1925.244
24397,1925.252
24398,1925.544
24399,1925.553
24400,1925.564
24401,1925.572
24402,1925.579
24403,1925.587
24404,1925.593
24405,1925.874
24406,1925.882
24407,1925.890
24408,1925.898
24409,1925.905
24410,1925.913
24411,1925.918
24412,1926.376
24413,1926.384
24414,1926.393
24415,1926.400
24416,1926.408
24417,1926.884
24418,1926.893
24419,1926.902
24420,1926.911
24421,1926.920
24422,1927.453
24423,1927.463
24424,1927.473
24425,1927.482
24426,1927.491
24427,1927.816
24428,1927.825
24429,1927.834
24430,1927.842
24431,1927.852
24432,1927.860
24433,1927.868
24434,1928.413
24435,1928.425
24436,1928.437
24437,1928.447
24438,1928.458
24439,1928.995
24440,1929.009
24441,1929.024
24442,1929.035
24443,1929.044
24444,1929.527
24445,1929.538
24446,1929.548
24447,1929.556
24448,1930.038
24449,1930.047
24450,1930.056
24451,1930.064
24452,1930.073
24453,1930.377
24454,1930.385
24455,1930.393
24456,1930.401
24457,1930.411
24458,1930.420
24459,1930.428
24460,1930.925
24461,1930.934
24462,1930.944
24463,1930.952
24464,1930.963
24465,1931.281
24466,1931.290
24467,1931.298
24468,1931.306
24469,1931.315
24470,1931.325
24471,1931.333
24472,1931.811
24473,1931.820
24474,1931.830
24475,1931.839
24476,1931.849
24477,1932.413
24478,1932.424
24479,1932.437
24480,1932.450
24481,1932.463
24482,1932.985
24483,1932.999
24484,1933.014
24485,1933.024
24486,1933.035
24487,1933.483
24488,1933.492
24489,1933.501
24490,1933.508
24491,1933.517
24492,1933.947
24493,1933.954
24494,1933.961
24495,1934.407
24496,1934.416
24497,1934.421
24498,1934.876
24499,1934.886
24500,1934.892
24501,1935.351
24502,1935.357
24503,1935.363
24504,1935.832
24505,1935.841
24506,1935.849
24507,1936.327
24508,1936.341
24509,1936.355
24510,1936.704
24511,1936.715
24512,1936.727
24513,1936.908
24514,1936.917
24515,1936.927
24516,1937.113
24517,1937.120
24518,1937.127
24519,1937.133
24520,1937.139
24521,1937.338
24522,1937.344
24523,1937.646
24524,1937.653
24525,1937.952
24526,1937.958
24527,1938.253
24528,1938.261
24529,1938.406
24530,1938.412
24531,1938.553
24532,1938.559
24533,1938.699
24534,1940.181
24535,1940.194
24536,1940.207
24537,1940.930
24538,1942.378
24539,1942.386
24540,1943.015
24541,1943.163
24542,1944.748
24543,1944.759
24544,1944.767
24545,1945.373
24546,1945.530
24547,1945.556
24548,1946.977
24549,1946.984
24550,1946.988
24551,1947.651
24552,1947.820
24553,1947.963
24554,1947.983
24555,1948.000
24556,1948.018
24557,1948.229
24558,1948.241
24559,1948.247
24560,1948.253
24561,1948.259
24562,1948.265
24563,1948.272
24564,1948.278
24565,1948.615
24566,1948.705
24567,1948.924
24568,1948.995
24569,1949.212
24570,1949.280
24571,1949.494
24572,1949.563
24573,1949.777
24574,1949.845
24575,1950.057
24576,1950.122
24577,1950.278
24578,1950.285
24579,1950.291
24580,1950.337
24581,1950.344
24582,1950.350
24583,1950.355
24584,1950.361
24585,1950.366
24586,1950.372
24587,1950.378
24588,1950.383
24589,1950.389
24590,1950.395
24591,1950.400
24592,1950.406
24593,1950.412
24594,1950.418
24595,1950.424
24596,1950.430
24597,1950.435
24598,1950.643
24599,1950.653
24600,1950.663
24601,1950.819
24602,1950.845
24603,1950.855
24604,1950.888
24605,1950.915
24606,1950.925
24607,1950.946
24608,1950.972
24609,1950.981
24610,1951.041
24611,1951.068
24612,1951.076
24613,1951.099
24614,1951.116
24615,1951.122
24616,1951.136
24617,1951.152
24618,1951.158
24619,1951.170
24620,1951.186
24621,1951.192
24622,1951.204
24623,1951.221
24624,1951.227
24625,1951.253
24626,1951.270
24627,1951.276
24628,1951.291
24629,1951.307
24630,1951.313
24631,1951.356
24632,1951.373
24633,1951.379
24634,1951.422
24635,1951.439
24636,1951.445
24637,1951.478
24638,1951.494
24639,1951.500
24640,1951.512
24641,1951.527
24642,1951.533
24643,1951.574
24644,1951.580
24645,1951.586
24646,1951.591
24647,1951.596
24648,1951.622
24649,1951.814
24650,1951.821
24651,1951.826
24652,1951.832
24653,1952.029
24654,1952.037
24655,1952.044
24656,1952.152
24657,1952.159
24658,1952.164
24659,1952.170
24660,1952.185
24661,1952.191
24662,1952.203
24663,1952.208
24664,1952.214
24665,1952.219
24666,1952.225
24667,1952.229
24668,1952.241
24669,1952.374
24670,1952.380
24671,1952.385
24672,1952.545
24673,1952.556
24674,1952.567
24675,1952.577
24676,1952.589
24677,1952.599
24678,1952.647
24679,1952.675
24680,1952.686
24681,1952.701
24682,1952.710
24683,1952.754
24684,1952.763
24685,1952.771
24686,1952.780
24687,1952.788
24688,1952.797
24689,1952.805
24690,1952.814
24691,1952.820
24692,1952.844
24693,1952.853
24694,1952.860
24695,1952.868
24696,1952.876
24697,1952.882
24698,1952.892
24699,1952.902
24700,1952.924
24701,1952.939
24702,1952.954
24703,1952.970
24704,1952.976
24705,1953.104
24706,1953.111
24707,1953.117
24708,1953.123
24709,1953.129
24710,1953.135
24711,1953.141
24712,1953.148
24713,1953.155
24714,1953.162
24715,1953.170
24716,1953.177
24717,1953.185
24718,1953.192
24719,1953.199
24720,1953.207
24721,1953.214
24722,1953.222
24723,1953.230
24724,1953.238
24725,1953.365
24726,1953.373
24727,1953.380
24728,1953.508
24729,1953.516
24730,1953.523
24731,1953.758
24732,1953.767
24733,1953.776
24734,1954.020
24735,1954.029
24736,1954.038
24737,1954.274
24738,1954.284
24739,1954.293
24740,1954.526
24741,1954.535
24742,1954.543
24743,1954.778
24744,1954.788
24745,1954.796
24746,1955.027
24747,1955.036
24748,1955.045
24749,1955.301
24750,1955.313
24751,1955.325
24752,1955.628
24753,1955.639
24754,1955.651
24755,1955.924
24756,1955.935
24757,1955.947
24758,1956.217
24759,1956.225
24760,1956.232
24761,1956.492
24762,1956.500
24763,1956.507
24764,1956.768
24765,1956.777
24766,1956.784
24767,1957.054
24768,1957.063
24769,1957.071
24770,1957.337
24771,1957.345
24772,1957.352
24773,1957.589
24774,1957.597
24775,1957.604
24776,1957.838
24777,1957.846
24778,1957.853
24779,1958.090
24780,1958.097
24781,1958.105
24782,1958.264
24783,1958.271
24784,1958.278
24785,1958.284
24786,1958.290
24787,1958.296
24788,1958.302
24789,1958.308
24790,1958.314
24791,1958.320
24792,1958.326
24793,1958.333
24794,1958.340
24795,1958.346
24796,1958.353
24797,1958.359
24798,1958.366
24799,1958.373
24800,1958.381
24801,1958.389
24802,1958.521
24803,1958.529
24804,1958.537
24805,1958.667
24806,1958.678
24807,1958.687
24808,1958.957
24809,1958.969
24810,1958.979
24811,1959.249
24812,1959.260
24813,1959.269
24814,1959.538
24815,1959.546
24816,1959.552
24817,1959.776
24818,1959.783
24819,1959.789
24820,1960.021
24821,1960.028
24822,1960.035
24823,1960.257
24824,1960.264
24825,1960.271
24826,1960.509
24827,1960.517
24828,1960.524
24829,1960.672
24830,1960.678
24831,1960.684
24832,1960.689
24833,1960.695
24834,1960.707
24835,1960.734
24836,1960.954
24837,1960.961
24838,1960.968
24839,1960.974
24840,1961.194
24841,1961.201
24842,1961.208
24843,1961.215
24844,1961.221
24845,1961.447
24846,1961.455
24847,1961.462
24848,1961.468
24849,1961.695
24850,1961.703
24851,1961.710
24852,1961.968
24853,1961.979
24854,1961.990
24855,1962.245
24856,1962.254
24857,1962.264
24858,1962.273
24859,1962.524
24860,1962.534
24861,1962.544
24862,1962.555
24863,1962.794
24864,1962.802
24865,1962.811
24866,1963.034
24867,1963.041
24868,1963.048
24869,1963.293
24870,1963.301
24871,1963.309
24872,1963.559
24873,1963.567
24874,1963.574
24875,1963.823
24876,1963.832
24877,1963.839
24878,1964.087
24879,1964.095
24880,1964.103
24881,1964.331
24882,1964.338
24883,1964.346
24884,1964.579
24885,1964.586
24886,1964.592
24887,1964.824
24888,1964.832
24889,1964.839
24890,1965.000
24891,1965.006
24892,1965.013
24893,1965.019
24894,1965.024
24895,1965.030
24896,1965.035
24897,1965.040
24898,1965.051
24899,1965.062
24900,1965.074
24901,1965.084
24902,1965.094
24903,1965.103
24904,1965.113
24905,1965.123
24906,1965.133
24907,1965.143
24908,1965.153
24909,1965.164
24910,1965.311
24911,1965.320
24912,1965.328
24913,1965.499
24914,1965.508
24915,1965.519
24916,1965.802
24917,1965.809
24918,1965.816
24919,1966.054
24920,1966.062
24921,1966.069
24922,1966.300
24923,1966.307
24924,1966.315
24925,1966.547
24926,1966.555
24927,1966.562
24928,1966.792
24929,1966.803
24930,1966.810
24931,1967.034
24932,1967.042
24933,1967.049
24934,1967.298
24935,1967.306
24936,1967.313
24937,1967.569
24938,1967.577
24939,1967.585
24940,1967.815
24941,1967.822
24942,1967.829
24943,1968.055
24944,1968.062
24945,1968.069
24946,1968.318
24947,1968.331
24948,1968.343
24949,1968.648
24950,1968.659
24951,1968.669
24952,1968.967
24953,1968.978
24954,1968.989
24955,1969.283
24956,1969.291
24957,1969.298
24958,1969.528
24959,1969.535
24960,1969.542
24961,1969.767
24962,1969.774
24963,1969.781
24964,1970.019
24965,1970.026
24966,1970.033
24967,1970.203
24968,1970.209
24969,1970.215
24970,1970.221
24971,1970.227
24972,1970.233
24973,1970.239
24974,1970.245
24975,1970.251
24976,1970.257
24977,1970.264
24978,1970.270
24979,1970.276
24980,1970.282
24981,1970.289
24982,1970.295
24983,1970.302
24984,1970.308
24985,1970.314
24986,1970.321
24987,1970.457
24988,1970.464
24989,1970.470
24990,1970.595
24991,1970.601
24992,1970.608
24993,1970.844
24994,1970.852
24995,1970.859
24996,1971.096
24997,1971.103
24998,1971.110
24999,1971.341
25000,1971.348
25001,1971.356
25002,1971.640
25003,1971.651
25004,1971.662
25005,1971.949
25006,1971.959
25007,1971.969
25008,1972.244
25009,1972.254
25010,1972.265
25011,1972.541
25012,1972.549
25013,1972.556
25014,1972.830
25015,1972.839
25016,1972.846
25017,1973.093
25018,1973.101
25019,1973.108
25020,1973.363
25021,1973.371
25022,1973.378
25023,1973.648
25024,1973.648
25025,1973.652
25026,1973.913
25027,1973.921
25028,1973.929
25029,1974.187
25030,1974.195
25031,1974.202
25032,1974.463
25033,1974.471
25034,1974.478
25035,1974.711
25036,1974.719
25037,1974.726
25038,1974.955
25039,1974.962
25040,1974.968
25041,1975.235
25042,1975.247
25043,1975.257
25044,1975.437
25045,1975.464
25046,1975.464
25047,1975.464
25048,1975.472
25049,1975.481
25050,1975.490
25051,1975.499
25052,1975.507
25053,1975.517
25054,1975.526
25055,1975.535
25056,1975.544
25057,1975.553
25058,1975.561
25059,1975.570
25060,1975.579
25061,1975.588
25062,1975.599
25063,1975.610
25064,1975.841
25065,1975.848
25066,1975.855
25067,1976.003
25068,1976.009
25069,1976.015
25070,1976.254
25071,1976.262
25072,1976.269
25073,1976.512
25074,1976.520
25075,1976.527
25076,1976.760
25077,1976.768
25078,1976.774
25079,1977.004
25080,1977.012
25081,1977.018
25082,1977.250
25083,1977.258
25084,1977.264
25085,1977.491
25086,1977.498
25087,1977.505
25088,1977.746
25089,1977.754
25090,1977.761
25091,1978.014
25092,1978.021
25093,1978.027
25094,1978.272
25095,1978.283
25096,1978.293
25097,1978.559
25098,1978.568
25099,1978.577
25100,1978.865
25101,1978.875
25102,1978.885
25103,1979.163
25104,1979.171
25105,1979.178
25106,1979.431
25107,1979.439
25108,1979.445
25109,1979.709
25110,1979.717
25111,1979.726
25112,1979.964
25113,1979.972
25114,1979.978
25115,1980.215
25116,1980.223
25117,1980.229
25118,1980.475
25119,1980.483
25120,1980.490
25121,1980.644
25122,1980.651
25123,1980.658
25124,1980.664
25125,1980.669
25126,1980.675
25127,1980.682
25128,1980.688
25129,1980.694
25130,1980.700
25131,1980.706
25132,1980.712
25133,1980.719
25134,1980.725
25135,1980.731
25136,1980.738
25137,1980.744
25138,1980.751
25139,1980.757
25140,1980.764
25141,1980.993
25142,1981.001
25143,1981.008
25144,1981.155
25145,1981.162
25146,1981.167
25147,1981.419
25148,1981.430
25149,1981.440
25150,1981.721
25151,1981.732
25152,1981.742
25153,1982.031
25154,1982.042
25155,1982.053
25156,1982.352
25157,1982.359
25158,1982.367
25159,1982.622
25160,1982.631
25161,1982.641
25162,1982.874
25163,1982.881
25164,1982.887
25165,1983.147
25166,1983.155
25167,1983.162
25168,1983.421
25169,1983.429
25170,1983.435
25171,1983.671
25172,1983.678
25173,1983.684
25174,1983.923
25175,1983.930
25176,1983.937
25177,1984.197
25178,1984.205
25179,1984.212
25180,1984.472
25181,1984.480
25182,1984.487
25183,1984.756
25184,1984.764
25185,1984.771
25186,1985.042
25187,1985.055
25188,1985.067
25189,1985.353
25190,1985.363
25191,1985.373
25192,1985.632
25193,1985.642
25194,1985.656
25195,1985.922
25196,1985.929
25197,1985.935
25198,1986.426
25199,1986.497
25200,1986.505
25201,1986.513
25202,1986.520
25203,1986.528
25204,1986.535
25205,1986.543
25206,1986.550
25207,1986.558
25208,1986.565
25209,1986.573
25210,1986.581
25211,1986.589
25212,1986.597
25213,1987.030
25214,1987.038
25215,1987.046
25216,1987.345
25217,1987.352
25218,1987.362
25219,1987.371
25220,1987.643
25221,1987.651
25222,1987.658
25223,1987.666
25224,1987.673
25225,1987.681
25226,1988.129
25227,1988.138
25228,1988.146
25229,1988.461
25230,1988.552
25231,1988.563
25232,1988.575
25233,1988.587
25234,1988.600
25235,1988.613
25236,1988.624
25237,1988.663
25238,1988.748
25239,1989.070
25240,1989.083
25241,1989.090
25242,1989.097
25243,1989.104
25244,1989.113
25245,1989.121
25246,1989.586
25247,1989.595
25248,1989.603
25249,1989.613
25250,1989.621
25251,1989.935
25252,1989.944
25253,1989.952
25254,1989.959
25255,1989.966
25256,1989.974
25257,1989.982
25258,1990.260
25259,1990.268
25260,1990.277
25261,1990.283
25262,1990.293
25263,1990.303
25264,1990.311
25265,1990.794
25266,1990.804
25267,1990.824
25268,1990.836
25269,1990.847
25270,1991.158
25271,1991.166
25272,1991.175
25273,1991.182
25274,1991.189
25275,1991.198
25276,1991.206
25277,1991.480
25278,1991.543
25279,1991.551
25280,1991.557
25281,1991.564
25282,1991.575
25283,1991.619
25284,1991.712
25285,1992.263
25286,1992.275
25287,1992.286
25288,1992.298
25289,1992.311
25290,1992.828
25291,1992.837
25292,1992.847
25293,1992.857
25294,1992.866
25295,1993.337
25296,1993.346
25297,1993.355
25298,1993.365
25299,1993.374
25300,1993.852
25301,1993.861
25302,1993.870
25303,1993.880
25304,1993.889
25305,1994.206
25306,1994.271
25307,1994.278
25308,1994.286
25309,1994.293
25310,1994.300
25311,1994.307
25312,1994.315
25313,1994.322
25314,1994.330
25315,1994.338
25316,1994.346
25317,1994.354
25318,1994.362
25319,1994.370
25320,1994.378
25321,1994.385
25322,1994.393
25323,1994.401
25324,1994.409
25325,1994.417
25326,1994.425
25327,1994.456
25328,1994.521
25329,1994.817
25330,1994.826
25331,1994.839
25332,1994.849
25333,1994.859
25334,1994.873
25335,1994.885
25336,1995.225
25337,1995.237
25338,1995.249
25339,1995.259
25340,1995.268
25341,1995.280
25342,1995.292
25343,1995.920
25344,1995.929
25345,1995.939
25346,1995.948
25347,1995.958
25348,1996.305
25349,1996.313
25350,1996.321
25351,1996.329
25352,1996.336
25353,1996.344
25354,1996.352
25355,1996.638
25356,1996.647
25357,1996.655
25358,1996.662
25359,1996.669
25360,1996.677
25361,1996.684
25362,1997.170
25363,1997.178
25364,1997.187
25365,1997.197
25366,1997.206
25367,1997.689
25368,1997.699
25369,1997.708
25370,1997.718
25371,1997.727
25372,1998.223
25373,1998.233
25374,1998.242
25375,1998.251
25376,1998.261
25377,1998.574
25378,1998.582
25379,1998.588
25380,1998.594
25381,1998.601
25382,1998.610
25383,1998.622
25384,1999.198
25385,1999.211
25386,1999.222
25387,1999.235
25388,1999.248
25389,1999.793
25390,1999.803
25391,1999.812
25392,1999.820
25393,1999.830
25394,2000.336
25395,2000.347
25396,2000.358
25397,2000.367
25398,2000.892
25399,2000.901
25400,2000.911
25401,2000.921
25402,2000.932
25403,2001.276
25404,2001.285
25405,2001.294
25406,2001.301
25407,2001.309
25408,2001.317
25409,2001.326
25410,2001.800
25411,2001.810
25412,2001.819
25413,2001.829
25414,2001.839
25415,2002.175
25416,2002.183
25417,2002.192
25418,2002.199
25419,2002.207
25420,2002.215
25421,2002.223
25422,2002.732
25423,2002.745
25424,2002.759
25425,2002.773
25426,2002.785
25427,2003.324
25428,2003.336
25429,2003.347
25430,2003.359
25431,2003.372
25432,2003.877
25433,2003.886
25434,2003.895
25435,2003.905
25436,2003.915
25437,2004.373
25438,2004.382
25439,2004.391
25440,2004.401
25441,2004.410
25442,2004.873
25443,2004.882
25444,2004.892
25445,2005.360
25446,2005.369
25447,2005.377
25448,2005.841
25449,2005.850
25450,2005.858
25451,2006.300
25452,2006.308
25453,2006.316
25454,2006.778
25455,2006.791
25456,2006.804
25457,2007.327
25458,2007.339
25459,2007.350
25460,2007.869
25461,2007.877
25462,2007.885
25463,2008.390
25464,2008.459
25465,2008.467
25466,2008.475
25467,2008.483
25468,2008.491
25469,2008.499
25470,2008.507
25471,2008.516
25472,2008.524
25473,2008.532
25474,2008.541
25475,2008.550
25476,2008.559
25477,2008.567
25478,2009.024
25479,2009.033
25480,2009.041
25481,2009.353
25482,2009.360
25483,2009.370
25484,2009.378
25485,2009.665
25486,2009.673
25487,2009.681
25488,2009.689
25489,2009.696
25490,2009.704
25491,2010.172
25492,2010.181
25493,2010.189
25494,2010.503
25495,2010.589
25496,2010.601
25497,2010.612
25498,2010.622
25499,2010.633
25500,2010.645
25501,2010.656
25502,2010.699
25503,2010.780
25504,2011.100
25505,2011.111
25506,2011.122
25507,2011.132
25508,2011.144
25509,2011.157
25510,2011.170
25511,2011.638
25512,2011.647
25513,2011.656
25514,2011.665
25515,2011.674
25516,2011.990
25517,2011.999
25518,2012.007
25519,2012.014
25520,2012.023
25521,2012.032
25522,2012.041
25523,2012.331
25524,2012.340
25525,2012.348
25526,2012.355
25527,2012.362
25528,2012.370
25529,2012.378
25530,2012.875
25531,2012.885
25532,2012.895
25533,2012.906
25534,2012.917
25535,2013.234
25536,2013.242
25537,2013.251
25538,2013.258
25539,2013.265
25540,2013.273
25541,2013.281
25542,2013.570
25543,2013.630
25544,2013.638
25545,2013.645
25546,2013.653
25547,2013.659
25548,2013.688
25549,2013.751
25550,2014.312
25551,2014.323
25552,2014.336
25553,2014.347
25554,2014.361
25555,2014.896
25556,2014.905
25557,2014.913
25558,2014.922
25559,2014.931
25560,2015.408
25561,2015.416
25562,2015.424
25563,2015.433
25564,2015.442
25565,2015.927
25566,2015.936
25567,2015.945
25568,2015.955
25569,2015.964
25570,2016.294
25571,2016.361
25572,2016.369
25573,2016.377
25574,2016.385
25575,2016.392
25576,2016.400
25577,2016.408
25578,2016.416
25579,2016.423
25580,2016.431
25581,2016.438
25582,2016.446
25583,2016.454
25584,2016.462
25585,2016.469
25586,2016.478
25587,2016.486
25588,2016.494
25589,2016.502
25590,2016.511
25591,2016.519
25592,2016.550
25593,2016.613
25594,2016.912
25595,2016.920
25596,2016.928
25597,2016.936
25598,2016.943
25599,2016.952
25600,2016.960
25601,2017.260
25602,2017.272
25603,2017.284
25604,2017.294
25605,2017.304
25606,2017.317
25607,2017.329
25608,2017.950
25609,2017.963
25610,2017.976
25611,2017.989
25612,2018.003
25613,2018.383
25614,2018.392
25615,2018.400
25616,2018.407
25617,2018.416
25618,2018.424
25619,2018.432
25620,2018.726
25621,2018.735
25622,2018.743
25623,2018.751
25624,2018.759
25625,2018.767
25626,2018.775
25627,2019.273
25628,2019.282
25629,2019.291
25630,2019.300
25631,2019.311
25632,2019.836
25633,2019.845
25634,2019.854
25635,2019.863
25636,2019.872
25637,2020.419
25638,2020.429
25639,2020.439
25640,2020.449
25641,2020.458
25642,2020.806
25643,2020.814
25644,2020.821
25645,2020.829
25646,2020.836
25647,2020.844
25648,2020.851
25649,2021.361
25650,2021.374
25651,2021.388
25652,2021.402
25653,2021.417
25654,2021.995
25655,2022.007
25656,2022.020
25657,2022.031
25658,2022.044
25659,2022.629
25660,2022.639
25661,2022.650
25662,2022.659
25663,2023.162
25664,2023.171
25665,2023.180
25666,2023.190
25667,2023.200
25668,2023.539
25669,2023.547
25670,2023.555
25671,2023.562
25672,2023.569
25673,2023.577
25674,2023.585
25675,2024.082
25676,2024.092
25677,2024.102
25678,2024.113
25679,2024.123
25680,2024.469
25681,2024.478
25682,2024.486
25683,2024.493
25684,2024.500
25685,2024.508
25686,2024.516
25687,2025.012
25688,2025.020
25689,2025.029
25690,2025.039
25691,2025.048
25692,2025.578
25693,2025.594
25694,2025.608
25695,2025.620
25696,2025.635
25697,2026.194
25698,2026.205
25699,2026.216
25700,2026.228
25701,2026.242
25702,2026.762
25703,2026.771
25704,2026.781
25705,2026.790
25706,2026.799
25707,2027.283
25708,2027.292
25709,2027.300
25710,2027.791
25711,2027.800
25712,2027.808
25713,2028.272
25714,2028.280
25715,2028.289
25716,2028.761
25717,2028.770
25718,2028.779
25719,2029.272
25720,2029.281
25721,2029.289
25722,2029.764
25723,2029.778
25724,2029.791
25725,2030.339
25726,2030.351
25727,2030.362
25728,2030.928
25729,2030.997
25730,2031.004
25731,2031.012
25732,2031.020
25733,2031.027
25734,2031.035
25735,2031.043
25736,2031.051
25737,2031.061
25738,2031.070
25739,2031.081
25740,2031.091
25741,2031.101
25742,2031.110
25743,2031.558
25744,2031.567
25745,2031.575
25746,2031.889
25747,2031.896
25748,2031.906
25749,2031.915
25750,2032.196
25751,2032.204
25752,2032.211
25753,2032.218
25754,2032.226
25755,2032.233
25756,2032.691
25757,2032.700
25758,2032.708
25759,2033.027
25760,2033.089
25761,2033.096
25762,2033.104
25763,2033.111
25764,2033.118
25765,2033.125
25766,2033.133
25767,2033.170
25768,2033.243
25769,2033.586
25770,2033.597
25771,2033.608
25772,2033.617
25773,2033.627
25774,2033.638
25775,2033.648
25776,2034.215
25777,2034.228
25778,2034.239
25779,2034.249
25780,2034.258
25781,2034.593
25782,2034.601
25783,2034.609
25784,2034.616
25785,2034.623
25786,2034.631
25787,2034.638
25788,2034.943
25789,2034.951
25790,2034.959
25791,2034.966
25792,2034.974
25793,2034.982
25794,2034.990
25795,2035.487
25796,2035.497
25797,2035.507
25798,2035.520
25799,2035.530
25800,2035.862
25801,2035.870
25802,2035.879
25803,2035.886
25804,2035.893
25805,2035.901
25806,2035.909
25807,2036.194
25808,2036.256
25809,2036.264
25810,2036.271
25811,2036.278
25812,2036.285
25813,2036.313
25814,2036.377
25815,2036.874
25816,2036.887
25817,2036.901
25818,2036.914
25819,2036.927
25820,2037.486
25821,2037.497
25822,2037.509
25823,2037.521
25824,2037.533
25825,2038.079
25826,2038.088
25827,2038.096
25828,2038.106
25829,2038.115
25830,2038.600
25831,2038.609
25832,2038.618
25833,2038.627
25834,2038.636
25835,2038.966
25836,2039.031
25837,2039.039
25838,2039.046
25839,2039.054
25840,2039.061
25841,2039.068
25842,2039.076
25843,2039.084
25844,2039.092
25845,2039.099
25846,2039.107
25847,2039.115
25848,2039.122
25849,2039.130
25850,2039.137
25851,2039.145
25852,2039.153
25853,2039.161
25854,2039.168
25855,2039.176
25856,2039.185
25857,2039.216
25858,2039.281
25859,2039.588
25860,2039.597
25861,2039.605
25862,2039.612
25863,2039.620
25864,2039.628
25865,2039.637
25866,2039.936
25867,2039.945
25868,2039.953
25869,2039.960
25870,2039.968
25871,2039.977
25872,2039.985
25873,2040.533
25874,2040.546
25875,2040.558
25876,2040.571
25877,2040.585
25878,2040.958
25879,2040.969
25880,2040.980
25881,2040.988
25882,2040.998
25883,2041.009
25884,2041.019
25885,2041.354
25886,2041.362
25887,2041.370
25888,2041.377
25889,2041.385
25890,2041.392
25891,2041.400
25892,2041.902
25893,2041.911
25894,2041.920
25895,2041.930
25896,2041.939
25897,2042.475
25898,2042.484
25899,2042.493
25900,2042.503
25901,2042.512
25902,2043.035
25903,2043.043
25904,2043.052
25905,2043.062
25906,2043.072
25907,2043.412
25908,2043.421
25909,2043.430
25910,2043.438
25911,2043.448
25912,2043.457
25913,2043.466
25914,2043.972
25915,2043.981
25916,2043.990
25917,2044.000
25918,2044.010
25919,2044.541
25920,2044.553
25921,2044.567
25922,2044.579
25923,2044.594
25924,2045.202
25925,2045.214
25926,2045.228
25927,2045.241
25928,2045.826
25929,2045.835
25930,2045.844
25931,2045.854
25932,2045.864
25933,2046.231
25934,2046.240
25935,2046.248
25936,2046.256
25937,2046.264
25938,2046.273
25939,2046.282
25940,2046.812
25941,2046.822
25942,2046.831
25943,2046.842
25944,2046.851
25945,2047.201
25946,2047.210
25947,2047.218
25948,2047.224
25949,2047.232
25950,2047.240
25951,2047.248
25952,2047.771
25953,2047.781
25954,2047.790
25955,2047.801
25956,2047.810
25957,2048.314
25958,2048.323
25959,2048.332
25960,2048.342
25961,2048.351
25962,2048.916
25963,2048.928
25964,2048.943
25965,2048.956
25966,2048.969
25967,2049.536
25968,2049.549
25969,2049.563
25970,2049.579
25971,2049.591
25972,2050.076
25973,2050.085
25974,2050.093
25975,2050.566
25976,2050.575
25977,2050.583
25978,2051.046
25979,2051.055
25980,2051.063
25981,2051.522
25982,2051.531
25983,2051.539
25984,2052.012
25985,2052.022
25986,2052.031
25987,2052.500
25988,2052.509
25989,2052.517
25990,2053.022
25991,2053.034
25992,2053.046
25993,2053.634
25994,2053.719
25995,2053.727
25996,2053.735
25997,2053.742
25998,2053.749
25999,2053.757
26000,2053.765
26001,2053.773
26002,2053.780
26003,2053.789
26004,2053.798
26005,2053.808
26006,2053.817
26007,2053.825
26008,2054.278
26009,2054.287
26010,2054.295
26011,2054.617
26012,2054.624
26013,2054.634
26014,2054.642
26015,2054.937
26016,2054.944
26017,2054.951
26018,2054.958
26019,2054.965
26020,2054.972
26021,2055.438
26022,2055.447
26023,2055.455
26024,2055.775
26025,2055.837
26026,2055.844
26027,2055.850
26028,2055.858
26029,2055.865
26030,2055.872
26031,2055.879
26032,2055.908
26033,2055.968
26034,2056.288
26035,2056.299
26036,2056.310
26037,2056.319
26038,2056.329
26039,2056.341
26040,2056.352
26041,2056.898
26042,2056.909
26043,2056.921
26044,2056.933
26045,2056.945
26046,2057.294
26047,2057.302
26048,2057.309
26049,2057.316
26050,2057.324
26051,2057.331
26052,2057.339
26053,2057.633
26054,2057.641
26055,2057.648
26056,2057.654
26057,2057.661
26058,2057.669
26059,2057.676
26060,2058.191
26061,2058.200
26062,2058.210
26063,2058.221
26064,2058.231
26065,2058.557
26066,2058.564
26067,2058.572
26068,2058.578
26069,2058.585
26070,2058.593
26071,2058.600
26072,2058.892
26073,2058.956
26074,2058.964
26075,2058.972
26076,2058.980
26077,2058.987
26078,2059.017
26079,2059.078
26080,2059.567
26081,2059.575
26082,2059.582
26083,2059.592
26084,2059.606
26085,2060.151
26086,2060.162
26087,2060.174
26088,2060.186
26089,2060.199
26090,2060.730
26091,2060.739
26092,2060.747
26093,2060.756
26094,2060.765
26095,2061.233
26096,2061.242
26097,2061.251
26098,2061.260
26099,2061.270
26100,2061.604
26101,2061.668
26102,2061.676
26103,2061.683
26104,2061.690
26105,2061.697
26106,2061.705
26107,2061.712
26108,2061.720
26109,2061.727
26110,2061.734
26111,2061.742
26112,2061.749
26113,2061.757
26114,2061.764
26115,2061.772
26116,2061.779
26117,2061.787
26118,2061.795
26119,2061.803
26120,2061.811
26121,2061.819
26122,2061.850
26123,2061.915
26124,2062.219
26125,2062.227
26126,2062.235
26127,2062.242
26128,2062.250
26129,2062.258
26130,2062.265
26131,2062.567
26132,2062.576
26133,2062.584
26134,2062.591
26135,2062.598
26136,2062.606
26137,2062.614
26138,2063.170
26139,2063.182
26140,2063.195
26141,2063.208
26142,2063.221
26143,2063.606
26144,2063.617
26145,2063.628
26146,2063.637
26147,2063.647
26148,2063.658
26149,2063.669
26150,2064.012
26151,2064.021
26152,2064.029
26153,2064.036
26154,2064.044
26155,2064.052
26156,2064.060
26157,2064.560
26158,2064.568
26159,2064.577
26160,2064.586
26161,2064.595
26162,2065.132
26163,2065.141
26164,2065.150
26165,2065.159
26166,2065.168
26167,2065.694
26168,2065.703
26169,2065.713
26170,2065.722
26171,2065.733
26172,2066.074
26173,2066.083
26174,2066.091
26175,2066.098
26176,2066.106
26177,2066.114
26178,2066.123
26179,2066.627
26180,2066.636
26181,2066.645
26182,2066.656
26183,2066.665
26184,2067.212
26185,2067.224
26186,2067.238
26187,2067.249
26188,2067.263
26189,2067.885
26190,2067.898
26191,2067.913
26192,2067.927
26193,2068.440
26194,2068.449
26195,2068.458
26196,2068.467
26197,2068.477
26198,2068.833
26199,2068.842
26200,2068.850
26201,2068.857
26202,2068.864
26203,2068.872
26204,2068.880
26205,2069.376
26206,2069.385
26207,2069.394
26208,2069.404
26209,2069.413
26210,2069.749
26211,2069.757
26212,2069.766
26213,2069.772
26214,2069.779
26215,2069.787
26216,2069.796
26217,2070.290
26218,2070.298
26219,2070.307
26220,2070.317
26221,2070.325
26222,2070.813
26223,2070.822
26224,2070.830
26225,2070.838
26226,2070.847
26227,2071.412
26228,2071.423
26229,2071.435
26230,2071.448
26231,2071.461
26232,2072.022
26233,2072.031
26234,2072.040
26235,2072.050
26236,2072.059
26237,2072.541
26238,2072.550
26239,2072.559
26240,2073.050
26241,2073.059
26242,2073.068
26243,2073.554
26244,2073.563
26245,2073.571
26246,2074.046
26247,2074.055
26248,2074.063
26249,2074.544
26250,2074.553
26251,2074.561
26252,2075.032
26253,2075.040
26254,2075.050
26255,2075.592
26256,2075.603
26257,2075.614
26258,2076.188
26259,2076.247
26260,2076.254
26261,2076.262
26262,2076.269
26263,2076.275
26264,2076.282
26265,2076.289
26266,2076.295
26267,2076.302
26268,2076.309
26269,2076.316
26270,2076.323
26271,2076.330
26272,2076.338
26273,2076.792
26274,2076.800
26275,2076.806
26276,2077.118
26277,2077.125
26278,2077.133
26279,2077.139
26280,2077.424
26281,2077.431
26282,2077.437
26283,2077.444
26284,2077.451
26285,2077.457
26286,2077.917
26287,2077.925
26288,2077.933
26289,2078.245
26290,2078.300
26291,2078.306
26292,2078.313
26293,2078.319
26294,2078.325
26295,2078.331
26296,2078.337
26297,2078.364
26298,2078.428
26299,2078.767
26300,2078.777
26301,2078.787
26302,2078.795
26303,2078.804
26304,2078.814
26305,2078.824
26306,2079.371
26307,2079.380
26308,2079.388
26309,2079.397
26310,2079.406
26311,2079.732
26312,2079.739
26313,2079.746
26314,2079.751
26315,2079.758
26316,2079.765
26317,2079.772
26318,2080.070
26319,2080.078
26320,2080.086
26321,2080.092
26322,2080.100
26323,2080.107
26324,2080.131
26325,2080.614
26326,2080.623
26327,2080.632
26328,2080.640
26329,2080.650
26330,2080.971
26331,2080.979
26332,2080.986
26333,2080.993
26334,2081.000
26335,2081.007
26336,2081.014
26337,2081.298
26338,2081.352
26339,2081.358
26340,2081.365
26341,2081.371
26342,2081.377
26343,2081.403
26344,2081.453
26345,2081.955
26346,2081.967
26347,2081.979
26348,2081.992
26349,2082.004
26350,2082.538
26351,2082.549
26352,2082.560
26353,2082.572
26354,2082.583
26355,2083.064
26356,2083.072
26357,2083.080
26358,2083.089
26359,2083.098
26360,2083.562
26361,2083.570
26362,2083.578
26363,2083.587
26364,2083.595
26365,2083.923
26366,2083.976
26367,2083.982
26368,2083.989
26369,2083.995
26370,2084.001
26371,2084.008
26372,2084.014
26373,2084.020
26374,2084.027
26375,2084.033
26376,2084.040
26377,2084.047
26378,2084.053
26379,2084.060
26380,2084.066
26381,2084.073
26382,2084.080
26383,2084.087
26384,2084.094
26385,2084.101
26386,2084.108
26387,2084.135
26388,2084.189
26389,2084.489
26390,2084.497
26391,2084.504
26392,2084.510
26393,2084.518
26394,2084.525
26395,2084.532
26396,2084.830
26397,2084.838
26398,2084.845
26399,2084.851
26400,2084.859
26401,2084.865
26402,2084.872
26403,2085.463
26404,2085.475
26405,2085.486
26406,2085.497
26407,2085.508
26408,2085.887
26409,2085.899
26410,2085.910
26411,2085.919
26412,2085.931
26413,2085.940
26414,2085.947
26415,2086.252
26416,2086.260
26417,2086.267
26418,2086.274
26419,2086.282
26420,2086.289
26421,2086.296
26422,2086.802
26423,2086.811
26424,2086.820
26425,2086.829
26426,2086.838
26427,2087.342
26428,2087.351
26429,2087.360
26430,2087.368
26431,2087.377
26432,2087.908
26433,2087.918
26434,2087.927
26435,2087.937
26436,2087.946
26437,2088.280
26438,2088.287
26439,2088.295
26440,2088.301
26441,2088.308
26442,2088.316
26443,2088.323
26444,2088.843
26445,2088.850
26446,2088.857
26447,2088.865
26448,2088.877
26449,2089.489
26450,2089.500
26451,2089.512
26452,2089.522
26453,2089.534
26454,2090.106
26455,2090.116
26456,2090.126
26457,2090.137
26458,2090.635
26459,2090.644
26460,2090.652
26461,2090.661
26462,2090.670
26463,2091.014
26464,2091.022
26465,2091.030
26466,2091.037
26467,2091.044
26468,2091.052
26469,2091.059
26470,2091.548
26471,2091.557
26472,2091.565
26473,2091.574
26474,2091.583
26475,2091.932
26476,2091.939
26477,2091.947
26478,2091.953
26479,2091.961
26480,2091.968
26481,2091.975
26482,2092.479
26483,2092.487
26484,2092.496
26485,2092.505
26486,2092.514
26487,2093.048
26488,2093.060
26489,2093.072
26490,2093.086
26491,2093.099
26492,2093.655
26493,2093.665
26494,2093.676
26495,2093.687
26496,2093.699
26497,2094.200
26498,2094.207
26499,2094.215
26500,2094.224
26501,2094.232
26502,2094.688
26503,2094.696
26504,2094.703
26505,2095.162
26506,2095.171
26507,2095.178
26508,2095.630
26509,2095.638
26510,2095.645
26511,2096.099
26512,2096.107
26513,2096.115
26514,2096.582
26515,2096.591
26516,2096.598
26517,2097.115
26518,2097.127
26519,2097.139
26520,2097.654
26521,2097.665
26522,2097.676
26523,2098.197
26524,2098.254
26525,2098.262
26526,2098.268
26527,2098.275
26528,2098.282
26529,2098.289
26530,2098.296
26531,2098.303
26532,2098.311
26533,2098.318
26534,2098.324
26535,2098.332
26536,2098.339
26537,2098.346
26538,2098.795
26539,2098.802
26540,2098.809
26541,2099.121
26542,2099.128
26543,2099.135
26544,2099.142
26545,2099.428
26546,2099.435
26547,2099.441
26548,2099.448
26549,2099.455
26550,2099.462
26551,2099.920
26552,2099.928
26553,2099.935
26554,2100.250
26555,2100.303
26556,2100.313
26557,2100.325
26558,2100.336
26559,2100.346
26560,2100.356
26561,2100.366
26562,2100.404
26563,2100.482
26564,2100.820
26565,2100.830
26566,2100.841
26567,2100.848
26568,2100.858
26569,2100.868
26570,2100.879
26571,2101.384
26572,2101.392
26573,2101.400
26574,2101.408
26575,2101.416
26576,2101.741
26577,2101.748
26578,2101.755
26579,2101.761
26580,2101.768
26581,2101.775
26582,2101.782
26583,2102.084
26584,2102.092
26585,2102.099
26586,2102.105
26587,2102.113
26588,2102.120
26589,2102.127
26590,2102.620
26591,2102.628
26592,2102.637
26593,2102.647
26594,2102.656
26595,2102.980
26596,2102.988
26597,2102.996
26598,2103.002
26599,2103.009
26600,2103.016
26601,2103.024
26602,2103.310
26603,2103.361
26604,2103.368
26605,2103.374
26606,2103.380
26607,2103.386
26608,2103.413
26609,2103.467
26610,2104.020
26611,2104.031
26612,2104.042
26613,2104.054
26614,2104.066
26615,2104.587
26616,2104.595
26617,2104.603
26618,2104.612
26619,2104.620
26620,2105.085
26621,2105.093
26622,2105.100
26623,2105.109
26624,2105.117
26625,2105.588
26626,2105.596
26627,2105.603
26628,2105.612
26629,2105.621
26630,2105.943
26631,2106.000
26632,2106.006
26633,2106.013
26634,2106.020
26635,2106.026
26636,2106.032
26637,2106.039
26638,2106.046
26639,2106.052
26640,2106.059
26641,2106.066
26642,2106.073
26643,2106.080
26644,2106.088
26645,2106.095
26646,2106.102
26647,2106.109
26648,2106.116
26649,2106.124
26650,2106.131
26651,2106.138
26652,2106.165
26653,2106.220
26654,2106.522
26655,2106.530
26656,2106.537
26657,2106.543
26658,2106.551
26659,2106.558
26660,2106.565
26661,2106.888
26662,2106.899
26663,2106.910
26664,2106.918
26665,2106.928
26666,2106.938
26667,2106.949
26668,2107.562
26669,2107.574
26670,2107.586
26671,2107.599
26672,2107.615
26673,2107.980
26674,2107.988
26675,2107.995
26676,2108.001
26677,2108.008
26678,2108.015
26679,2108.022
26680,2108.322
26681,2108.330
26682,2108.337
26683,2108.344
26684,2108.351
26685,2108.358
26686,2108.365
26687,2108.878
26688,2108.886
26689,2108.895
26690,2108.904
26691,2108.913
26692,2109.421
26693,2109.429
26694,2109.438
26695,2109.447
26696,2109.455
26697,2109.994
26698,2110.002
26699,2110.011
26700,2110.021
26701,2110.030
26702,2110.364
26703,2110.371
26704,2110.378
26705,2110.384
26706,2110.391
26707,2110.398
26708,2110.405
26709,2110.971
26710,2110.983
26711,2110.996
26712,2111.008
26713,2111.019
26714,2111.582
26715,2111.594
26716,2111.608
26717,2111.616
26718,2111.625
26719,2112.143
26720,2112.153
26721,2112.162
26722,2112.171
26723,2112.686
26724,2112.694
26725,2112.702
26726,2112.712
26727,2112.721
26728,2113.052
26729,2113.060
26730,2113.067
26731,2113.073
26732,2113.081
26733,2113.088
26734,2113.096
26735,2113.574
26736,2113.583
26737,2113.591
26738,2113.600
26739,2113.608
26740,2113.937
26741,2113.944
26742,2113.952
26743,2113.957
26744,2113.965
26745,2113.971
26746,2113.978
26747,2114.452
26748,2114.460
26749,2114.471
26750,2114.484
26751,2114.496
26752,2115.037
26753,2115.048
26754,2115.058
26755,2115.069
26756,2115.080
26757,2115.607
26758,2115.617
26759,2115.626
26760,2115.636
26761,2115.646
26762,2116.122
26763,2116.130
26764,2116.138
26765,2116.146
26766,2116.155
26767,2116.621
26768,2116.629
26769,2116.636
26770,2117.101
26771,2117.109
26772,2117.117
26773,2117.578
26774,2117.586
26775,2117.594
26776,2118.046
26777,2118.054
26778,2118.061
26779,2118.540
26780,2118.552
26781,2118.563
26782,2119.096
26783,2119.107
26784,2119.118
26785,2119.625
26786,2119.633
26787,2119.640
26788,2119.884
26789,2119.948
26790,2120.184
26791,2120.248
26792,2120.480
26793,2120.544
26794,2120.780
26795,2120.844
26796,2121.670
26797,2121.677
26798,2122.082
26799,2122.365
26800,2122.374
26801,2122.665
26802,2122.675
26803,2123.491
26804,2123.499
26805,2123.886
26806,2124.129
26807,2124.136
26808,2124.962
26809,2124.970
26810,2125.362
26811,2125.631
26812,2125.642
26813,2125.846
26814,2125.855
26815,2125.864
26816,2125.913
26817,2125.922
26818,2125.931
26819,2125.939
26820,2125.947
26821,2125.955
26822,2125.963
26823,2125.971
26824,2125.979
26825,2126.181
26826,2126.192
26827,2126.202
26828,2126.342
26829,2126.358
26830,2126.364
26831,2126.378
26832,2126.395
26833,2126.401
26834,2126.441
26835,2126.458
26836,2126.464
26837,2126.496
26838,2126.511
26839,2126.517
26840,2126.529
26841,2126.545
26842,2126.550
26843,2126.591
26844,2126.597
26845,2126.603
26846,2126.641
26847,2126.648
26848,2126.653
26849,2126.659
26850,2126.665
26851,2126.670
26852,2126.675
26853,2126.681
26854,2126.686
26855,2126.868
26856,2126.874
26857,2126.879
26858,2127.009
26859,2127.025
26860,2127.031
26861,2127.044
26862,2127.060
26863,2127.066
26864,2127.108
26865,2127.125
26866,2127.131
26867,2127.166
26868,2127.182
26869,2127.189
26870,2127.201
26871,2127.223
26872,2127.226
26873,2127.268
26874,2127.274
26875,2127.280
26876,2127.318
26877,2127.324
26878,2127.330
26879,2127.336
26880,2127.342
26881,2127.347
26882,2127.353
26883,2127.358
26884,2127.364
26885,2127.543
26886,2127.550
26887,2127.556
26888,2127.690
26889,2127.706
26890,2127.713
26891,2127.726
26892,2127.755
26893,2127.766
26894,2127.825
26895,2127.853
26896,2127.865
26897,2127.912
26898,2127.936
26899,2127.946
26900,2127.964
26901,2127.989
26902,2127.998
26903,2128.055
26904,2128.064
26905,2128.072
26906,2128.081
26907,2128.091
26908,2128.100
26909,2128.110
26910,2128.299
26911,2128.305
26912,2128.311
26913,2128.442
26914,2128.459
26915,2128.466
26916,2128.480
26917,2128.496
26918,2128.502
26919,2128.534
26920,2128.550
26921,2128.556
26922,2128.588
26923,2128.605
26924,2128.611
26925,2128.653
26926,2128.670
26927,2128.677
26928,2128.690
26929,2128.706
26930,2128.712
26931,2128.745
26932,2128.761
26933,2128.767
26934,2128.807
26935,2128.814
26936,2128.820
26937,2128.825
26938,2128.831
26939,2128.867
26940,2128.874
26941,2128.880
26942,2128.886
26943,2128.892
26944,2128.898
26945,2128.904
26946,2128.910
26947,2128.915
26948,2128.921
26949,2128.937
26950,2128.948
26951,2128.960
26952,2128.972
26953,2128.984
26954,2128.995
26955,2129.007
26956,2129.019
26957,2129.151
26958,2129.158
26959,2129.164
26960,2129.170
26961,2129.176
26962,2129.181
26963,2129.187
26964,2129.193
26965,2129.199
26966,2129.204
26967,2129.210
26968,2129.216
26969,2129.222
26970,2129.228
26971,2129.234
26972,2129.240
26973,2129.246
26974,2129.252
26975,2129.258
26976,2129.419
26977,2129.426
26978,2129.432
26979,2129.594
26980,2129.605
26981,2129.615
26982,2129.805
26983,2129.816
26984,2129.827
26985,2130.010
26986,2130.019
26987,2130.028
26988,2130.214
26989,2130.223
26990,2130.233
26991,2130.413
26992,2130.419
26993,2130.425
26994,2130.591
26995,2130.599
26996,2130.605
26997,2130.769
26998,2130.776
26999,2130.782
27000,2130.945
27001,2130.952
27002,2130.958
27003,2131.124
27004,2131.131
27005,2131.138
27006,2131.301
27007,2131.308
27008,2131.314
27009,2131.476
27010,2131.483
27011,2131.490
27012,2131.654
27013,2131.661
27014,2131.667
27015,2131.831
27016,2131.838
27017,2131.845
27018,2132.008
27019,2132.015
27020,2132.021
27021,2132.185
27022,2132.192
27023,2132.198
27024,2132.362
27025,2132.369
27026,2132.376
27027,2132.536
27028,2132.542
27029,2132.548
27030,2132.554
27031,2132.735
27032,2132.744
27033,2132.754
27034,2132.946
27035,2132.955
27036,2132.964
27037,2133.140
27038,2133.171
27039,2133.179
27040,2133.316
27041,2133.326
27042,2133.334
27043,2133.342
27044,2133.550
27045,2133.557
27046,2133.563
27047,2133.724
27048,2133.730
27049,2133.735
27050,2133.889
27051,2133.912
27052,2133.918
27053,2134.568
27054,2134.643
27055,2134.650
27056,2134.657
27057,2134.664
27058,2134.670
27059,2134.677
27060,2134.684
27061,2134.690
27062,2134.697
27063,2134.705
27064,2134.712
27065,2134.719
27066,2134.727
27067,2134.734
27068,2135.318
27069,2135.325
27070,2135.332
27071,2135.775
27072,2135.781
27073,2135.788
27074,2135.794
27075,2136.236
27076,2136.246
27077,2136.258
27078,2136.268
27079,2136.279
27080,2136.289
27081,2136.984
27082,2136.995
27083,2137.005
27084,2137.474
27085,2137.544
27086,2137.550
27087,2137.556
27088,2137.562
27089,2137.568
27090,2137.574
27091,2137.580
27092,2137.614
27093,2137.685
27094,2138.165
27095,2138.172
27096,2138.179
27097,2138.187
27098,2138.194
27099,2138.200
27100,2138.207
27101,2138.622
27102,2138.629
27103,2138.636
27104,2138.642
27105,2138.674
27106,2138.680
27107,2138.687
27108,2139.117
27109,2139.124
27110,2139.131
27111,2139.137
27112,2139.143
27113,2139.574
27114,2139.580
27115,2139.587
27116,2140.480
27117,2140.492
27118,2140.503
27119,2140.516
27120,2140.528
27121,2141.028
27122,2141.035
27123,2141.042
27124,2141.049
27125,2141.057
27126,2141.063
27127,2141.070
27128,2141.542
27129,2141.550
27130,2141.557
27131,2141.566
27132,2141.573
27133,2141.581
27134,2141.589
27135,2142.068
27136,2142.075
27137,2142.081
27138,2142.088
27139,2142.586
27140,2142.593
27141,2142.600
27142,2142.606
27143,2142.613
27144,2142.619
27145,2143.541
27146,2143.550
27147,2143.558
27148,2143.568
27149,2143.582
27150,2144.121
27151,2144.131
27152,2144.140
27153,2144.149
27154,2145.050
27155,2145.059
27156,2145.067
27157,2145.075
27158,2145.083
27159,2145.541
27160,2145.548
27161,2145.555
27162,2145.562
27163,2145.568
27164,2146.105
27165,2146.113
27166,2146.120
27167,2146.127
27168,2146.134
27169,2146.571
27170,2146.578
27171,2146.585
27172,2146.591
27173,2147.064
27174,2147.072
27175,2147.080
27176,2147.088
27177,2147.095
27178,2147.102
27179,2147.110
27180,2147.549
27181,2147.621
27182,2147.631
27183,2147.642
27184,2147.653
27185,2147.665
27186,2147.717
27187,2147.817
27188,2148.571
27189,2148.580
27190,2148.588
27191,2148.596
27192,2148.605
27193,2149.061
27194,2149.068
27195,2149.074
27196,2149.080
27197,2149.570
27198,2149.578
27199,2149.585
27200,2149.592
27201,2150.054
27202,2150.061
27203,2150.067
27204,2150.073
27205,2150.867
27206,2150.876
27207,2150.884
27208,2150.892
27209,2150.901
27210,2151.668
27211,2151.679
27212,2151.691
27213,2151.702
27214,2151.713
27215,2151.724
27216,2152.438
27217,2152.449
27218,2152.459
27219,2152.470
27220,2152.482
27221,2153.122
27222,2153.129
27223,2153.137
27224,2153.145
27225,2153.153
27226,2153.623
27227,2153.699
27228,2153.706
27229,2153.712
27230,2153.718
27231,2153.725
27232,2153.732
27233,2153.738
27234,2153.744
27235,2153.751
27236,2153.758
27237,2153.765
27238,2153.772
27239,2153.778
27240,2153.786
27241,2153.793
27242,2153.801
27243,2153.808
27244,2153.816
27245,2153.823
27246,2153.831
27247,2153.839
27248,2153.876
27249,2153.950
27250,2154.397
27251,2154.404
27252,2154.411
27253,2154.419
27254,2154.426
27255,2154.433
27256,2154.439
27257,2154.874
27258,2154.881
27259,2154.888
27260,2154.896
27261,2154.903
27262,2154.910
27263,2154.917
27264,2155.661
27265,2155.672
27266,2155.684
27267,2155.694
27268,2155.706
27269,2156.257
27270,2156.264
27271,2156.271
27272,2156.279
27273,2156.287
27274,2156.294
27275,2156.301
27276,2156.726
27277,2156.733
27278,2156.740
27279,2156.746
27280,2156.753
27281,2156.759
27282,2156.766
27283,2157.425
27284,2157.434
27285,2157.442
27286,2157.451
27287,2157.459
27288,2158.154
27289,2158.162
27290,2158.170
27291,2158.178
27292,2158.186
27293,2158.864
27294,2158.872
27295,2158.880
27296,2158.888
27297,2158.896
27298,2159.362
27299,2159.368
27300,2159.377
27301,2159.383
27302,2159.393
27303,2159.404
27304,2159.414
27305,2160.178
27306,2160.189
27307,2160.200
27308,2160.211
27309,2160.222
27310,2160.899
27311,2160.907
27312,2160.916
27313,2160.927
27314,2160.937
27315,2161.632
27316,2161.643
27317,2161.653
27318,2161.662
27319,2162.309
27320,2162.317
27321,2162.325
27322,2162.334
27323,2162.343
27324,2162.809
27325,2162.817
27326,2162.824
27327,2162.830
27328,2162.838
27329,2162.845
27330,2162.852
27331,2163.496
27332,2163.504
27333,2163.512
27334,2163.520
27335,2163.528
27336,2164.081
27337,2164.091
27338,2164.101
27339,2164.113
27340,2164.121
27341,2164.132
27342,2164.143
27343,2164.865
27344,2164.874
27345,2164.881
27346,2164.890
27347,2164.898
27348,2165.527
27349,2165.535
27350,2165.543
27351,2165.552
27352,2165.561
27353,2166.207
27354,2166.215
27355,2166.223
27356,2166.232
27357,2166.240
27358,2166.901
27359,2166.910
27360,2166.918
27361,2166.928
27362,2166.937
27363,2167.593
27364,2167.601
27365,2167.608
27366,2168.262
27367,2168.273
27368,2168.284
27369,2168.986
27370,2168.997
27371,2169.007
27372,2169.696
27373,2169.704
27374,2169.711
27375,2170.328
27376,2170.337
27377,2170.345
27378,2170.958
27379,2170.966
27380,2170.972
27381,2171.576
27382,2171.584
27383,2171.592
27384,2172.044
27385,2172.098
27386,2172.105
27387,2172.112
27388,2172.119
27389,2172.125
27390,2172.132
27391,2172.138
27392,2172.145
27393,2172.151
27394,2172.157
27395,2172.164
27396,2172.170
27397,2172.176
27398,2172.188
27399,2172.508
27400,2172.517
27401,2172.528
27402,2172.846
27403,2172.857
27404,2172.868
27405,2173.166
27406,2173.174
27407,2173.182
27408,2173.189
27409,2173.196
27410,2173.493
27411,2173.500
27412,2173.508
27413,2173.780
27414,2173.840
27415,2173.847
27416,2173.854
27417,2173.860
27418,2173.866
27419,2173.873
27420,2173.879
27421,2173.908
27422,2173.964
27423,2174.195
27424,2174.203
27425,2174.210
27426,2174.217
27427,2174.226
27428,2174.233
27429,2174.559
27430,2174.567
27431,2174.573
27432,2174.581
27433,2174.588
27434,2174.847
27435,2174.854
27436,2174.861
27437,2174.870
27438,2174.880
27439,2174.888
27440,2175.111
27441,2175.119
27442,2175.126
27443,2175.134
27444,2175.142
27445,2175.148
27446,2175.457
27447,2175.466
27448,2175.473
27449,2175.480
27450,2175.488
27451,2175.768
27452,2175.779
27453,2175.790
27454,2175.801
27455,2175.811
27456,2175.823
27457,2176.079
27458,2176.154
27459,2176.165
27460,2176.174
27461,2176.186
27462,2176.200
27463,2176.252
27464,2176.333
27465,2176.638
27466,2176.645
27467,2176.652
27468,2176.657
27469,2176.665
27470,2176.966
27471,2176.973
27472,2176.980
27473,2176.985
27474,2176.993
27475,2177.297
27476,2177.304
27477,2177.311
27478,2177.316
27479,2177.324
27480,2177.630
27481,2177.637
27482,2177.644
27483,2177.649
27484,2177.656
27485,2177.922
27486,2177.982
27487,2177.989
27488,2177.996
27489,2178.003
27490,2178.010
27491,2178.017
27492,2178.024
27493,2178.031
27494,2178.038
27495,2178.046
27496,2178.053
27497,2178.060
27498,2178.068
27499,2178.075
27500,2178.082
27501,2178.089
27502,2178.096
27503,2178.103
27504,2178.111
27505,2178.119
27506,2178.126
27507,2178.154
27508,2178.209
27509,2178.443
27510,2178.450
27511,2178.457
27512,2178.465
27513,2178.472
27514,2178.478
27515,2178.728
27516,2178.739
27517,2178.749
27518,2178.759
27519,2178.769
27520,2178.779
27521,2179.144
27522,2179.154
27523,2179.165
27524,2179.176
27525,2179.186
27526,2179.486
27527,2179.494
27528,2179.503
27529,2179.511
27530,2179.517
27531,2179.523
27532,2179.742
27533,2179.750
27534,2179.758
27535,2179.764
27536,2179.771
27537,2179.777
27538,2180.079
27539,2180.087
27540,2180.094
27541,2180.100
27542,2180.107
27543,2180.416
27544,2180.423
27545,2180.430
27546,2180.436
27547,2180.443
27548,2180.762
27549,2180.770
27550,2180.779
27551,2180.786
27552,2180.795
27553,2181.074
27554,2181.082
27555,2181.089
27556,2181.097
27557,2181.105
27558,2181.113
27559,2181.429
27560,2181.437
27561,2181.445
27562,2181.452
27563,2181.460
27564,2181.769
27565,2181.777
27566,2181.784
27567,2181.792
27568,2181.801
27569,2182.110
27570,2182.117
27571,2182.124
27572,2182.129
27573,2182.490
27574,2182.501
27575,2182.514
27576,2182.525
27577,2182.535
27578,2182.832
27579,2182.842
27580,2182.852
27581,2182.858
27582,2182.869
27583,2182.879
27584,2183.216
27585,2183.225
27586,2183.233
27587,2183.242
27588,2183.249
27589,2183.513
27590,2183.520
27591,2183.527
27592,2183.535
27593,2183.542
27594,2183.548
27595,2183.871
27596,2183.879
27597,2183.886
27598,2183.892
27599,2183.900
27600,2184.199
27601,2184.206
27602,2184.213
27603,2184.220
27604,2184.227
27605,2184.528
27606,2184.535
27607,2184.542
27608,2184.549
27609,2184.556
27610,2184.872
27611,2184.879
27612,2184.886
27613,2184.892
27614,2184.900
27615,2185.200
27616,2185.208
27617,2185.214
27618,2185.507
27619,2185.515
27620,2185.521
27621,2185.817
27622,2185.829
27623,2185.840
27624,2186.204
27625,2186.215
27626,2186.224
27627,2186.548
27628,2186.558
27629,2186.567
27630,2186.879
27631,2186.886
27632,2186.892
27633,2187.179
27634,2187.186
27635,2187.193
27636,2187.675
27637,2187.738
27638,2187.745
27639,2187.752
27640,2187.758
27641,2187.764
27642,2187.771
27643,2187.780
27644,2187.787
27645,2187.793
27646,2187.800
27647,2187.808
27648,2187.818
27649,2187.827
27650,2187.835
27651,2188.123
27652,2188.130
27653,2188.136
27654,2188.423
27655,2188.429
27656,2188.436
27657,2188.689
27658,2188.695
27659,2188.703
27660,2188.710
27661,2188.717
27662,2189.000
27663,2189.007
27664,2189.013
27665,2189.267
27666,2189.352
27667,2189.362
27668,2189.374
27669,2189.384
27670,2189.394
27671,2189.405
27672,2189.415
27673,2189.452
27674,2189.527
27675,2189.784
27676,2189.796
27677,2189.808
27678,2189.821
27679,2189.832
27680,2189.844
27681,2190.134
27682,2190.141
27683,2190.147
27684,2190.155
27685,2190.162
27686,2190.415
27687,2190.422
27688,2190.428
27689,2190.435
27690,2190.441
27691,2190.447
27692,2190.667
27693,2190.674
27694,2190.681
27695,2190.688
27696,2190.695
27697,2190.702
27698,2191.000
27699,2191.007
27700,2191.014
27701,2191.021
27702,2191.029
27703,2191.278
27704,2191.285
27705,2191.292
27706,2191.299
27707,2191.306
27708,2191.313
27709,2191.527
27710,2191.578
27711,2191.585
27712,2191.591
27713,2191.598
27714,2191.603
27715,2191.629
27716,2191.680
27717,2191.986
27718,2191.993
27719,2192.000
27720,2192.005
27721,2192.012
27722,2192.352
27723,2192.363
27724,2192.373
27725,2192.380
27726,2192.391
27727,2192.721
27728,2192.731
27729,2192.740
27730,2192.747
27731,2192.757
27732,2193.083
27733,2193.090
27734,2193.097
27735,2193.102
27736,2193.108
27737,2193.355
27738,2193.410
27739,2193.416
27740,2193.422
27741,2193.428
27742,2193.433
27743,2193.439
27744,2193.445
27745,2193.451
27746,2193.457
27747,2193.463
27748,2193.469
27749,2193.475
27750,2193.481
27751,2193.488
27752,2193.494
27753,2193.501
27754,2193.507
27755,2193.514
27756,2193.520
27757,2193.527
27758,2193.534
27759,2193.560
27760,2193.614
27761,2193.852
27762,2193.860
27763,2193.867
27764,2193.875
27765,2193.882
27766,2193.889
27767,2194.119
27768,2194.126
27769,2194.133
27770,2194.141
27771,2194.148
27772,2194.154
27773,2194.475
27774,2194.483
27775,2194.490
27776,2194.499
27777,2194.507
27778,2194.779
27779,2194.787
27780,2194.794
27781,2194.802
27782,2194.809
27783,2194.817
27784,2195.072
27785,2195.078
27786,2195.084
27787,2195.089
27788,2195.097
27789,2195.109
27790,2195.458
27791,2195.468
27792,2195.478
27793,2195.488
27794,2195.498
27795,2195.856
27796,2195.869
27797,2195.882
27798,2195.891
27799,2195.902
27800,2196.232
27801,2196.239
27802,2196.246
27803,2196.252
27804,2196.260
27805,2196.530
27806,2196.537
27807,2196.543
27808,2196.550
27809,2196.557
27810,2196.563
27811,2196.877
27812,2196.884
27813,2196.892
27814,2196.897
27815,2196.903
27816,2197.198
27817,2197.205
27818,2197.212
27819,2197.220
27820,2197.227
27821,2197.529
27822,2197.536
27823,2197.544
27824,2197.551
27825,2197.845
27826,2197.852
27827,2197.859
27828,2197.866
27829,2197.873
27830,2198.131
27831,2198.138
27832,2198.144
27833,2198.150
27834,2198.156
27835,2198.163
27836,2198.460
27837,2198.467
27838,2198.474
27839,2198.481
27840,2198.487
27841,2198.788
27842,2198.798
27843,2198.808
27844,2198.820
27845,2198.830
27846,2198.839
27847,2199.181
27848,2199.191
27849,2199.201
27850,2199.207
27851,2199.217
27852,2199.535
27853,2199.542
27854,2199.548
27855,2199.556
27856,2199.562
27857,2199.848
27858,2199.855
27859,2199.861
27860,2199.868
27861,2199.874
27862,2200.166
27863,2200.173
27864,2200.180
27865,2200.186
27866,2200.194
27867,2200.473
27868,2200.480
27869,2200.486
27870,2200.768
27871,2200.775
27872,2200.781
27873,2201.062
27874,2201.069
27875,2201.076
27876,2201.360
27877,2201.367
27878,2201.374
27879,2201.657
27880,2201.664
27881,2201.671
27882,2201.952
27883,2201.964
27884,2201.975
27885,2202.310
27886,2202.320
27887,2202.329
27888,2202.860
27889,2202.928
27890,2202.936
27891,2202.943
27892,2202.949
27893,2202.956
27894,2202.963
27895,2202.970
27896,2202.977
27897,2202.984
27898,2202.991
27899,2202.998
27900,2203.006
27901,2203.013
27902,2203.020
27903,2203.300
27904,2203.306
27905,2203.313
27906,2203.598
27907,2203.605
27908,2203.611
27909,2203.860
27910,2203.867
27911,2203.875
27912,2203.881
27913,2203.887
27914,2204.170
27915,2204.177
27916,2204.184
27917,2204.428
27918,2204.482
27919,2204.488
27920,2204.494
27921,2204.500
27922,2204.506
27923,2204.512
27924,2204.518
27925,2204.543
27926,2204.595
27927,2204.828
27928,2204.835
27929,2204.842
27930,2204.849
27931,2204.856
27932,2204.862
27933,2205.174
27934,2205.184
27935,2205.194
27936,2205.204
27937,2205.215
27938,2205.529
27939,2205.539
27940,2205.549
27941,2205.559
27942,2205.570
27943,2205.580
27944,2205.840
27945,2205.851
27946,2205.861
27947,2205.874
27948,2205.884
27949,2205.890
27950,2206.191
27951,2206.198
27952,2206.205
27953,2206.212
27954,2206.219
27955,2206.474
27956,2206.482
27957,2206.488
27958,2206.495
27959,2206.502
27960,2206.509
27961,2206.727
27962,2206.778
27963,2206.784
27964,2206.790
27965,2206.795
27966,2206.801
27967,2206.826
27968,2206.875
27969,2207.164
27970,2207.172
27971,2207.179
27972,2207.184
27973,2207.191
27974,2207.497
27975,2207.504
27976,2207.511
27977,2207.517
27978,2207.524
27979,2207.820
27980,2207.827
27981,2207.834
27982,2207.839
27983,2207.846
27984,2208.139
27985,2208.146
27986,2208.152
27987,2208.157
27988,2208.162
27989,2208.457
27990,2208.540
27991,2208.549
27992,2208.558
27993,2208.567
27994,2208.576
27995,2208.584
27996,2208.594
27997,2208.603
27998,2208.612
27999,2208.620
28000,2208.631
28001,2208.641
28002,2208.651
28003,2208.660
28004,2208.670
28005,2208.680
28006,2208.690
28007,2208.701
28008,2208.713
28009,2208.724
28010,2208.731
28011,2208.757
28012,2208.807
28013,2209.042
28014,2209.049
28015,2209.056
28016,2209.063
28017,2209.070
28018,2209.077
28019,2209.306
28020,2209.313
28021,2209.321
28022,2209.329
28023,2209.336
28024,2209.343
28025,2209.654
28026,2209.662
28027,2209.669
28028,2209.678
28029,2209.686
28030,2209.954
28031,2209.961
28032,2209.968
28033,2209.976
28034,2209.983
28035,2209.990
28036,2210.214
28037,2210.221
28038,2210.228
28039,2210.233
28040,2210.240
28041,2210.247
28042,2210.551
28043,2210.558
28044,2210.565
28045,2210.572
28046,2210.579
28047,2210.887
28048,2210.895
28049,2210.901
28050,2210.907
28051,2210.913
28052,2211.249
28053,2211.260
28054,2211.271
28055,2211.278
28056,2211.288
28057,2211.588
28058,2211.598
28059,2211.607
28060,2211.618
28061,2211.627
28062,2211.637
28063,2211.989
28064,2211.996
28065,2212.003
28066,2212.009
28067,2212.016
28068,2212.314
28069,2212.321
28070,2212.328
28071,2212.336
28072,2212.344
28073,2212.663
28074,2212.670
28075,2212.677
28076,2212.684
28077,2212.988
28078,2212.995
28079,2213.003
28080,2213.011
28081,2213.017
28082,2213.276
28083,2213.283
28084,2213.289
28085,2213.295
28086,2213.302
28087,2213.309
28088,2213.610
28089,2213.618
28090,2213.625
28091,2213.632
28092,2213.639
28093,2213.901
28094,2213.908
28095,2213.915
28096,2213.923
28097,2213.930
28098,2213.936
28099,2214.232
28100,2214.239
28101,2214.245
28102,2214.252
28103,2214.259
28104,2214.559
28105,2214.570
28106,2214.581
28107,2214.593
28108,2214.603
28109,2214.965
28110,2214.975
28111,2214.985
28112,2214.996
28113,2215.006
28114,2215.342
28115,2215.353
28116,2215.364
28117,2215.372
28118,2215.383
28119,2215.672
28120,2215.679
28121,2215.685
28122,2215.969
28123,2215.976
28124,2215.982
28125,2216.298
28126,2216.306
28127,2216.313
28128,2216.598
28129,2216.604
28130,2216.610
28131,2216.908
28132,2216.915
28133,2216.922
28134,2217.209
28135,2217.216
28136,2217.222
28137,2217.510
28138,2217.516
28139,2217.523
28140,2218.101
28141,2218.180
28142,2218.192
28143,2218.203
28144,2218.213
28145,2218.224
28146,2218.236
28147,2218.247
28148,2218.259
28149,2218.271
28150,2218.283
28151,2218.296
28152,2218.307
28153,2218.318
28154,2218.329
28155,2218.891
28156,2218.904
28157,2218.913
28158,2219.256
28159,2219.263
28160,2219.270
28161,2219.277
28162,2219.600
28163,2219.608
28164,2219.616
28165,2219.624
28166,2219.632
28167,2219.639
28168,2220.155
28169,2220.164
28170,2220.172
28171,2220.519
28172,2220.577
28173,2220.585
28174,2220.592
28175,2220.598
28176,2220.605
28177,2220.612
28178,2220.619
28179,2220.646
28180,2220.703
28181,2221.025
28182,2221.033
28183,2221.040
28184,2221.048
28185,2221.056
28186,2221.063
28187,2221.071
28188,2221.626
28189,2221.638
28190,2221.651
28191,2221.661
28192,2221.674
28193,2222.086
28194,2222.097
28195,2222.108
28196,2222.120
28197,2222.130
28198,2222.141
28199,2222.151
28200,2222.499
28201,2222.506
28202,2222.514
28203,2222.522
28204,2222.529
28205,2222.536
28206,2222.543
28207,2223.090
28208,2223.099
28209,2223.109
28210,2223.119
28211,2223.129
28212,2223.484
28213,2223.491
28214,2223.498
28215,2223.506
28216,2223.513
28217,2223.519
28218,2223.526
28219,2223.842
28220,2223.895
28221,2223.902
28222,2223.909
28223,2223.915
28224,2223.922
28225,2223.948
28226,2224.003
28227,2224.527
28228,2224.535
28229,2224.544
28230,2224.552
28231,2224.561
28232,2224.919
28233,2224.930
28234,2224.941
28235,2224.951
28236,2225.304
28237,2225.313
28238,2225.724
28239,2225.737
28240,2225.749
28241,2225.761
28242,2225.772
28243,2226.122
28244,2226.130
28245,2226.137
28246,2226.646
28247,2226.654
28248,2226.662
28249,2226.671
28250,2226.679
28251,2227.193
28252,2227.201
28253,2227.209
28254,2227.218
28255,2227.226
28256,2227.578
28257,2227.637
28258,2227.645
28259,2227.652
28260,2227.658
28261,2227.665
28262,2227.671
28263,2227.679
28264,2227.685
28265,2227.692
28266,2227.699
28267,2227.706
28268,2227.713
28269,2227.720
28270,2227.727
28271,2227.734
28272,2227.741
28273,2227.748
28274,2227.755
28275,2227.763
28276,2227.771
28277,2227.778
28278,2227.806
28279,2227.861
28280,2228.189
28281,2228.201
28282,2228.212
28283,2228.224
28284,2228.234
28285,2228.245
28286,2228.255
28287,2228.634
28288,2228.645
28289,2228.655
28290,2228.667
28291,2228.677
28292,2228.688
28293,2228.699
28294,2229.316
28295,2229.326
28296,2229.335
28297,2229.343
28298,2229.352
28299,2229.712
28300,2229.720
28301,2229.728
28302,2229.754
28303,2229.754
28304,2229.754
28305,2229.759
28306,2230.083
28307,2230.091
28308,2230.098
28309,2230.104
28310,2230.110
28311,2230.117
28312,2230.124
28313,2230.653
28314,2230.662
28315,2230.671
28316,2230.680
28317,2230.690
28318,2231.238
28319,2231.246
28320,2231.255
28321,2231.264
28322,2231.272
28323,2231.833
28324,2231.841
28325,2231.848
28326,2231.856
28327,2231.870
28328,2232.293
28329,2232.303
28330,2232.313
28331,2232.324
28332,2232.332
28333,2232.342
28334,2232.352
28335,2232.960
28336,2232.968
28337,2232.977
28338,2232.986
28339,2232.995
28340,2233.525
28341,2233.534
28342,2233.543
28343,2233.554
28344,2233.563
28345,2234.116
28346,2234.126
28347,2234.136
28348,2234.145
28349,2234.682
28350,2234.691
28351,2234.700
28352,2234.709
28353,2234.717
28354,2235.081
28355,2235.089
28356,2235.096
28357,2235.104
28358,2235.111
28359,2235.118
28360,2235.125
28361,2235.648
28362,2235.656
28363,2235.664
28364,2235.673
28365,2235.682
28366,2236.091
28367,2236.102
28368,2236.114
28369,2236.126
28370,2236.135
28371,2236.145
28372,2236.156
28373,2236.756
28374,2236.764
28375,2236.772
28376,2236.781
28377,2236.790
28378,2237.304
28379,2237.312
28380,2237.328
28381,2237.328
28382,2237.340
28383,2237.868
28384,2237.877
28385,2237.886
28386,2237.894
28387,2237.903
28388,2238.436
28389,2238.446
28390,2238.455
28391,2238.464
28392,2238.473
28393,2239.000
28394,2239.009
28395,2239.017
28396,2239.553
28397,2239.562
28398,2239.570
28399,2240.118
28400,2240.130
28401,2240.142
28402,2240.731
28403,2240.743
28404,2240.755
28405,2241.331
28406,2241.340
28407,2241.348
28408,2241.880
28409,2241.890
28410,2241.898
28411,2242.438
28412,2242.447
28413,2242.455
28414,2242.631
28415,2242.637
28416,2242.801
28417,2242.818
28418,2242.824
28419,2242.836
28420,2242.842
28421,2242.968
28422,2242.981
28423,2243.015
28424,2243.080
28425,2243.086
28426,2243.239
28427,2243.421
28428,2243.428
28429,2243.434
28430,2243.441
28431,2243.446
28432,2243.452
28433,2243.480
28434,2243.733
28435,2243.745
28436,2243.754
28437,2243.765
28438,2243.920
28439,2243.928
28440,2243.936
28441,2243.945
28442,2243.953
28443,2243.961
28444,2243.979
28445,2244.003
28446,2244.012
28447,2244.030
28448,2244.038
28449,2244.046
28450,2244.054
28451,2244.060
28452,2244.079
28453,2244.304
28454,2244.311
28455,2244.318
28456,2244.325
28457,2244.470
28458,2244.476
28459,2244.482
28460,2244.487
28461,2244.492
28462,2244.497
28463,2244.502
28464,2244.518
28465,2244.524
28466,2244.536
28467,2244.542
28468,2244.548
28469,2244.553
28470,2244.572
28471,2244.577
28472,2244.583
28473,2244.589
28474,2244.595
28475,2244.600
28476,2244.613
28477,2244.628
28478,2244.634
28479,2244.646
28480,2244.652
28481,2244.657
28482,2244.662
28483,2244.668
28484,2244.679
28485,2244.889
28486,2244.897
28487,2244.904
28488,2244.910
28489,2245.051
28490,2245.058
28491,2245.063
28492,2245.069
28493,2245.074
28494,2245.080
28495,2245.085
28496,2245.100
28497,2245.105
28498,2245.118
28499,2245.123
28500,2245.129
28501,2245.134
28502,2245.152
28503,2245.158
28504,2245.163
28505,2245.170
28506,2245.176
28507,2245.181
28508,2245.195
28509,2245.211
28510,2245.217
28511,2245.229
28512,2245.235
28513,2245.240
28514,2245.246
28515,2245.251
28516,2245.264
28517,2245.517
28518,2245.524
28519,2245.531
28520,2245.537
28521,2245.681
28522,2245.688
28523,2245.695
28524,2245.700
28525,2245.706
28526,2245.712
28527,2245.717
28528,2245.732
28529,2245.737
28530,2245.754
28531,2245.763
28532,2245.772
28533,2245.781
28534,2245.809
28535,2245.818
28536,2245.828
28537,2245.839
28538,2245.848
28539,2245.858
28540,2245.878
28541,2245.901
28542,2245.910
28543,2245.926
28544,2245.935
28545,2245.943
28546,2245.951
28547,2245.957
28548,2245.974
28549,2246.208
28550,2246.218
28551,2246.229
28552,2246.240
28553,2246.387
28554,2246.394
28555,2246.400
28556,2246.405
28557,2246.411
28558,2246.417
28559,2246.421
28560,2246.436
28561,2246.442
28562,2246.453
28563,2246.458
28564,2246.464
28565,2246.469
28566,2246.682
28567,2246.688
28568,2246.902
28569,2246.909
28570,2247.045
28571,2247.186
28572,2247.242
28573,2247.249
28574,2247.255
28575,2247.260
28576,2247.266
28577,2247.271
28578,2247.276
28579,2247.282
28580,2247.434
28581,2247.440
28582,2247.446
28583,2247.607
28584,2247.613
28585,2247.619
28586,2247.756
28587,2247.763
28588,2247.769
28589,2247.915
28590,2247.921
28591,2247.927
28592,2247.966
28593,2247.982
28594,2247.989
28595,2248.028
28596,2248.045
28597,2248.051
28598,2248.090
28599,2248.108
28600,2248.114
28601,2248.849
28602,2248.860
28603,2249.208
28604,2249.900
28605,2249.907
28606,2250.206
28607,2250.436
28608,2250.442
28609,2250.577
28610,2250.583
28611,2250.588
28612,2250.594
28613,2250.900
28614,2250.907
28615,2251.041
28616,2251.047
28617,2251.053
28618,2251.171
28619,2251.177
28620,2251.296
28621,2251.302
28622,2252.895
28623,2252.904
28624,2252.911
28625,2253.515
28626,2253.679
28627,2253.707
28628,2253.837
28629,2254.004
28630,2254.010
28631,2254.016
28632,2254.022
28633,2254.028
28634,2254.034
28635,2254.040
28636,2254.045
28637,2254.050
28638,2254.056
28639,2254.062
28640,2254.087
28641,2254.292
28642,2254.299
28643,2254.304
28644,2254.310
28645,2254.466
28646,2254.472
28647,2254.478
28648,2254.689
28649,2254.696
28650,2254.702
28651,2254.846
28652,2254.862
28653,2254.876
28654,2254.882
28655,2254.899
28656,2254.915
28657,2254.920
28658,2254.932
28659,2254.952
28660,2254.961
28661,2255.016
28662,2255.046
28663,2255.057
28664,2255.267
28665,2255.277
28666,2255.287
28667,2255.455
28668,2255.482
28669,2255.491
28670,2255.543
28671,2255.552
28672,2255.561
28673,2255.569
28674,2255.577
28675,2255.585
28676,2255.594
28677,2255.753
28678,2255.956
28679,2255.962
28680,2255.967
28681,2255.973
28682,2256.153
28683,2256.159
28684,2256.165
28685,2256.324
28686,2256.341
28687,2256.354
28688,2256.360
28689,2256.390
28690,2256.406
28691,2256.417
28692,2256.422
28693,2256.447
28694,2256.464
28695,2256.470
28696,2256.513
28697,2256.519
28698,2256.524
28699,2256.529
28700,2256.534
28701,2256.539
28702,2256.544
28703,2256.549
28704,2256.555
28705,2256.691
28706,2256.896
28707,2256.902
28708,2256.908
28709,2256.914
28710,2257.099
28711,2257.105
28712,2257.111
28713,2257.256
28714,2257.273
28715,2257.279
28716,2257.313
28717,2257.329
28718,2257.341
28719,2257.347
28720,2257.375
28721,2257.391
28722,2257.401
28723,2257.407
28724,2257.421
28725,2257.436
28726,2257.441
28727,2257.473
28728,2257.498
28729,2257.508
28730,2257.574
28731,2257.601
28732,2257.623
28733,2257.631
28734,2257.640
28735,2257.648
28736,2257.656
28737,2257.663
28738,2257.671
28739,2257.679
28740,2257.688
28741,2257.697
28742,2257.706
28743,2257.715
28744,2257.724
28745,2257.733
28746,2257.742
28747,2257.751
28748,2257.909
28749,2258.124
28750,2258.131
28751,2258.137
28752,2258.143
28753,2258.327
28754,2258.333
28755,2258.339
28756,2258.500
28757,2258.517
28758,2258.528
28759,2258.534
28760,2258.756
28761,2258.763
28762,2258.770
28763,2258.911
28764,2258.927
28765,2258.941
28766,2258.948
28767,2258.954
28768,2258.969
28769,2258.975
28770,2258.988
28771,2259.004
28772,2259.010
28773,2259.043
28774,2259.059
28775,2259.065
28776,2259.078
28777,2259.093
28778,2259.100
28779,2259.134
28780,2259.151
28781,2259.168
28782,2259.174
28783,2259.180
28784,2259.195
28785,2259.201
28786,2259.215
28787,2259.231
28788,2259.238
28789,2259.271
28790,2259.287
28791,2259.294
28792,2259.328
28793,2259.346
28794,2259.352
28795,2259.385
28796,2259.404
28797,2259.410
28798,2259.550
28799,2259.556
28800,2259.562
28801,2259.567
28802,2259.572
28803,2259.576
28804,2259.580
28805,2259.586
28806,2259.595
28807,2259.604
28808,2259.613
28809,2259.622
28810,2259.629
28811,2259.638
28812,2259.646
28813,2259.655
28814,2259.663
28815,2259.672
28816,2259.680
28817,2259.689
28818,2259.848
