n,seconds
1,0.000
2,0.004
3,0.008
4,0.012
5,0.014
6,0.018
7,0.021
8,0.025
9,0.029
10,0.030
11,0.033
12,0.037
13,0.040
14,0.044
15,0.045
16,0.046
17,0.047
18,0.047
19,0.048
20,0.049
21,0.050
22,0.054
23,0.055
24,0.059
25,0.061
26,0.066
27,0.068
28,0.072
29,0.076
30,0.080
31,0.080
32,0.081
33,0.084
34,0.084
35,0.085
36,0.088
37,0.089
38,0.090
39,0.091
40,0.091
41,0.092
42,0.093
43,0.094
44,0.097
45,0.099
46,0.102
47,0.105
48,0.106
49,0.109
50,0.114
51,0.118
52,0.119
53,0.120
54,0.123
55,0.124
56,0.127
57,0.131
58,0.135
59,0.137
60,0.138
61,0.138
62,0.139
63,0.140
64,0.144
65,0.144
66,0.145
67,0.146
68,0.147
69,0.148
70,0.148
71,0.150
72,0.154
73,0.155
74,0.159
75,0.161
76,0.165
77,0.166
78,0.166
79,0.171
80,0.175
81,0.180
82,0.184
83,0.188
84,0.193
85,0.193
86,0.198
87,0.202
88,0.205
89,0.209
90,0.210
91,0.214
92,0.215
93,0.215
94,0.216
95,0.216
96,0.217
97,0.218
98,0.219
99,0.225
100,0.227
101,0.230
102,0.233
103,0.236
104,0.239
105,0.242
106,0.245
107,0.247
108,0.250
109,0.253
110,0.256
111,0.263
112,0.264
113,0.265
114,0.265
115,0.266
116,0.267
117,0.267
118,0.268
119,0.269
120,0.270
121,0.270
122,0.271
123,0.272
124,0.273
125,0.273
126,0.274
127,0.275
128,0.276
129,0.279
130,0.282
131,0.287
132,0.289
133,0.290
134,0.290
135,0.294
136,0.296
137,0.299
138,0.302
139,0.305
140,0.307
141,0.310
142,0.312
143,0.315
144,0.318
145,0.319
146,0.321
147,0.322
148,0.324
149,0.325
150,0.325
151,0.326
152,0.327
153,0.331
154,0.337
155,0.339
156,0.343
157,0.345
158,0.349
159,0.351
160,0.354
161,0.357
162,0.358
163,0.359
164,0.360
165,0.361
166,0.362
167,0.363
168,0.364
169,0.365
170,0.366
171,0.367
172,0.368
173,0.369
174,0.370
175,0.372
176,0.373
177,0.375
178,0.376
179,0.376
180,0.378
181,0.379
182,0.380
183,0.381
184,0.383
185,0.384
186,0.385
187,0.386
188,0.387
189,0.388
190,0.389
191,0.390
192,0.391
193,0.392
194,0.393
195,0.393
196,0.395
197,0.395
198,0.397
199,0.398
200,0.399
201,0.401
202,0.401
203,0.403
204,0.404
205,0.405
206,0.406
207,0.407
208,0.407
209,0.408
210,0.410
211,0.411
212,0.418
213,0.425
214,0.429
215,0.430
216,0.430
217,0.431
218,0.432
219,0.432
220,0.433
221,0.437
222,0.443
223,0.450
224,0.456
225,0.463
226,0.469
227,0.476
228,0.482
229,0.486
230,0.487
231,0.495
232,0.502
233,0.503
234,0.505
235,0.506
236,0.507
237,0.509
238,0.510
239,0.511
240,0.513
241,0.514
242,0.516
243,0.521
244,0.525
245,0.528
246,0.532
247,0.535
248,0.539
249,0.542
250,0.546
251,0.551
252,0.555
253,0.560
254,0.564
255,0.569
256,0.573
257,0.577
258,0.581
259,0.584
260,0.588
261,0.590
262,0.595
263,0.595
264,0.597
265,0.601
266,0.601
267,0.602
268,0.605
269,0.609
270,0.610
271,0.612
272,0.616
273,0.617
274,0.618
275,0.622
276,0.622
277,0.623
278,0.625
279,0.629
280,0.630
281,0.635
282,0.639
283,0.643
284,0.647
285,0.648
286,0.652
287,0.656
288,0.657
289,0.660
290,0.664
291,0.666
292,0.670
293,0.671
294,0.673
295,0.676
296,0.677
297,0.680
298,0.684
299,0.685
300,0.690
301,0.694
302,0.695
303,0.695
304,0.700
305,0.704
306,0.705
307,0.708
308,0.711
309,0.712
310,0.713
311,0.713
312,0.714
313,0.719
314,0.723
315,0.726
316,0.730
317,0.732
318,0.736
319,0.736
320,0.738
321,0.741
322,0.744
323,0.749
324,0.750
325,0.752
326,0.757
327,0.758
328,0.763
329,0.768
330,0.773
331,0.778
332,0.782
333,0.786
334,0.787
335,0.791
336,0.795
337,0.797
338,0.800
339,0.801
340,0.802
341,0.806
342,0.809
343,0.813
344,0.815
345,0.817
346,0.821
347,0.822
348,0.827
349,0.831
350,0.836
351,0.840
352,0.844
353,0.847
354,0.848
355,0.856
356,0.860
357,0.861
358,0.862
359,0.866
360,0.870
361,0.871
362,0.871
363,0.872
364,0.873
365,0.873
366,0.874
367,0.878
368,0.885
369,0.892
370,0.899
371,0.906
372,0.913
373,0.917
374,0.918
375,0.921
376,0.926
377,0.927
378,0.932
379,0.936
380,0.941
381,0.944
382,0.949
383,0.952
384,0.955
385,0.959
386,0.959
387,0.961
388,0.965
389,0.966
390,0.967
391,0.970
392,0.975
393,0.976
394,0.978
395,0.982
396,0.983
397,0.985
398,0.989
399,0.990
400,0.991
401,0.993
402,0.998
403,0.998
404,0.999
405,1.002
406,1.007
407,1.008
408,1.010
409,1.015
410,1.019
411,1.024
412,1.025
413,1.028
414,1.032
415,1.034
416,1.038
417,1.039
418,1.041
419,1.045
420,1.045
421,1.046
422,1.049
423,1.054
424,1.055
425,1.060
426,1.064
427,1.065
428,1.065
429,1.069
430,1.073
431,1.074
432,1.080
433,1.084
434,1.085
435,1.086
436,1.091
437,1.094
438,1.097
439,1.101
440,1.106
441,1.111
442,1.112
443,1.116
444,1.120
445,1.121
446,1.124
447,1.128
448,1.131
449,1.135
450,1.137
451,1.141
452,1.142
453,1.144
454,1.148
455,1.149
456,1.150
457,1.153
458,1.158
459,1.159
460,1.162
461,1.167
462,1.172
463,1.173
464,1.174
465,1.174
466,1.175
467,1.176
468,1.178
469,1.182
470,1.183
471,1.185
472,1.189
473,1.190
474,1.192
475,1.197
476,1.198
477,1.199
478,1.201
479,1.206
480,1.207
481,1.209
482,1.213
483,1.214
484,1.216
485,1.220
486,1.226
487,1.231
488,1.232
489,1.233
490,1.238
491,1.243
492,1.244
493,1.246
494,1.251
495,1.253
496,1.257
497,1.259
498,1.263
499,1.264
500,1.267
501,1.271
502,1.272
503,1.273
504,1.275
505,1.280
506,1.281
507,1.283
508,1.289
509,1.290
510,1.292
511,1.296
512,1.297
513,1.298
514,1.300
515,1.304
516,1.305
517,1.307
518,1.312
519,1.312
520,1.315
521,1.319
522,1.324
523,1.329
524,1.330
525,1.332
526,1.333
527,1.339
528,1.343
529,1.343
530,1.346
531,1.350
532,1.352
533,1.355
534,1.357
535,1.361
536,1.362
537,1.362
538,1.363
539,1.364
540,1.365
541,1.365
542,1.368
543,1.374
544,1.380
545,1.386
546,1.393
547,1.399
548,1.405
549,1.410
550,1.410
551,1.414
552,1.419
553,1.420
554,1.421
555,1.422
556,1.427
557,1.431
558,1.437
559,1.441
560,1.446
561,1.449
562,1.453
563,1.456
564,1.459
565,1.462
566,1.464
567,1.467
568,1.468
569,1.474
570,1.480
571,1.481
572,1.482
573,1.483
574,1.487
575,1.491
576,1.492
577,1.492
578,1.496
579,1.500
580,1.501
581,1.505
582,1.510
583,1.511
584,1.515
585,1.519
586,1.521
587,1.526
588,1.526
589,1.528
590,1.531
591,1.532
592,1.536
593,1.540
594,1.541
595,1.545
596,1.549
597,1.550
598,1.555
599,1.560
600,1.561
601,1.566
602,1.570
603,1.571
604,1.574
605,1.579
606,1.580
607,1.583
608,1.587
609,1.589
610,1.592
611,1.593
612,1.598
613,1.602
614,1.603
615,1.604
616,1.605
617,1.606
618,1.611
619,1.615
620,1.616
621,1.617
622,1.622
623,1.626
624,1.626
625,1.630
626,1.634
627,1.635
628,1.637
629,1.641
630,1.643
631,1.647
632,1.647
633,1.654
634,1.660
635,1.661
636,1.663
637,1.664
638,1.669
639,1.673
640,1.675
641,1.676
642,1.677
643,1.681
644,1.685
645,1.686
646,1.688
647,1.691
648,1.694
649,1.699
650,1.700
651,1.702
652,1.705
653,1.705
654,1.706
655,1.707
656,1.707
657,1.708
658,1.709
659,1.712
660,1.717
661,1.723
662,1.728
663,1.734
664,1.743
665,1.746
666,1.750
667,1.753
668,1.757
669,1.763
670,1.763
671,1.764
672,1.765
673,1.773
674,1.778
675,1.786
676,1.792
677,1.792
678,1.801
679,1.805
680,1.811
681,1.815
682,1.823
683,1.832
684,1.833
685,1.834
686,1.835
687,1.835
688,1.845
689,1.851
690,1.858
691,1.863
692,1.864
693,1.869
694,1.873
695,1.876
696,1.881
697,1.881
698,1.883
699,1.886
700,1.887
701,1.891
702,1.896
703,1.897
704,1.898
705,1.900
706,1.905
707,1.905
708,1.910
709,1.914
710,1.920
711,1.924
712,1.931
713,1.936
714,1.946
715,1.947
716,1.948
717,1.949
718,1.949
719,1.958
720,1.969
721,1.973
722,1.974
723,1.979
724,1.980
725,1.981
726,1.982
727,1.982
728,1.984
729,1.988
730,1.989
731,1.993
732,1.997
733,1.998
734,1.998
735,2.003
736,2.008
737,2.008
738,2.009
739,2.010
740,2.011
741,2.012
742,2.019
743,2.024
744,2.025
745,2.033
746,2.037
747,2.042
748,2.047
749,2.058
750,2.068
751,2.069
752,2.070
753,2.072
754,2.078
755,2.079
756,2.088
757,2.094
758,2.096
759,2.101
760,2.105
761,2.107
762,2.112
763,2.113
764,2.123
765,2.130
766,2.131
767,2.137
768,2.141
769,2.142
770,2.143
771,2.147
772,2.152
773,2.157
774,2.158
775,2.159
776,2.160
777,2.161
778,2.167
779,2.171
780,2.172
781,2.177
782,2.181
783,2.184
784,2.187
785,2.190
786,2.194
787,2.197
788,2.203
789,2.204
790,2.216
791,2.224
792,2.225
793,2.231
794,2.236
795,2.237
796,2.238
797,2.243
798,2.244
799,2.249
800,2.255
801,2.260
802,2.261
803,2.263
804,2.264
805,2.265
806,2.270
807,2.274
808,2.275
809,2.275
810,2.280
811,2.284
812,2.285
813,2.286
814,2.287
815,2.287
816,2.288
817,2.289
818,2.292
819,2.297
820,2.302
821,2.307
822,2.312
823,2.315
824,2.319
825,2.324
826,2.324
827,2.329
828,2.333
829,2.337
830,2.340
831,2.342
832,2.345
833,2.346
834,2.348
835,2.351
836,2.352
837,2.353
838,2.356
839,2.359
840,2.360
841,2.362
842,2.365
843,2.366
844,2.367
845,2.370
846,2.371
847,2.372
848,2.375
849,2.375
850,2.377
851,2.380
852,2.382
853,2.385
854,2.387
855,2.391
856,2.392
857,2.395
858,2.399
859,2.400
860,2.402
861,2.405
862,2.410
863,2.410
864,2.412
865,2.415
866,2.416
867,2.417
868,2.420
869,2.421
870,2.424
871,2.425
872,2.426
873,2.429
874,2.432
875,2.433
876,2.435
877,2.438
878,2.439
879,2.440
880,2.443
881,2.447
882,2.448
883,2.448
884,2.449
885,2.453
886,2.457
887,2.457
888,2.462
889,2.465
890,2.467
891,2.470
892,2.472
893,2.476
894,2.478
895,2.481
896,2.482
897,2.483
898,2.512
899,2.514
900,2.519
901,2.521
902,2.524
903,2.527
904,2.537
905,2.539
906,2.542
907,2.543
908,2.543
909,2.545
910,2.549
911,2.549
912,2.550
913,2.551
914,2.555
915,2.555
916,2.559
917,2.563
918,2.563
919,2.564
920,2.565
921,2.568
922,2.571
923,2.571
924,2.572
925,2.577
926,2.580
927,2.581
928,2.582
929,2.590
930,2.590
931,2.590
932,2.591
933,2.592
934,2.592
935,2.593
936,2.594
937,2.597
938,2.603
939,2.608
940,2.614
941,2.621
942,2.627
943,2.632
944,2.636
945,2.637
946,2.640
947,2.643
948,2.649
949,2.653
950,2.654
951,2.659
952,2.663
953,2.667
954,2.670
955,2.674
956,2.678
957,2.680
958,2.686
959,2.686
960,2.691
961,2.695
962,2.696
963,2.697
964,2.698
965,2.702
966,2.706
967,2.707
968,2.707
969,2.711
970,2.715
971,2.715
972,2.718
973,2.721
974,2.723
975,2.726
976,2.727
977,2.729
978,2.732
979,2.734
980,2.738
981,2.739
982,2.740
983,2.744
984,2.746
985,2.749
986,2.749
987,2.750
988,2.753
989,2.757
990,2.758
991,2.760
992,2.763
993,2.764
994,2.766
995,2.769
996,2.770
997,2.774
998,2.779
999,2.779
1000,2.784
1001,2.787
1002,2.790
1003,2.793
1004,2.794
1005,2.797
1006,2.801
1007,2.802
1008,2.804
1009,2.809
1010,2.812
1011,2.815
1012,2.816
1013,2.817
1014,2.821
1015,2.825
1016,2.829
1017,2.829
1018,2.830
1019,2.834
1020,2.838
1021,2.838
1022,2.844
1023,2.848
1024,2.848
1025,2.853
1026,2.856
1027,2.859
1028,2.865
1029,2.868
1030,2.869
1031,2.870
1032,2.873
1033,2.877
1034,2.878
1035,2.880
1036,2.884
1037,2.886
1038,2.889
1039,2.890
1040,2.897
1041,2.902
1042,2.903
1043,2.904
1044,2.905
1045,2.910
1046,2.914
1047,2.915
1048,2.916
1049,2.916
1050,2.921
1051,2.925
1052,2.926
1053,2.928
1054,2.932
1055,2.933
1056,2.937
1057,2.939
1058,2.943
1059,2.943
1060,2.944
1061,2.945
1062,2.945
1063,2.946
1064,2.947
1065,2.949
1066,2.955
1067,2.960
1068,2.965
1069,2.970
1070,2.973
1071,2.977
1072,2.981
1073,2.987
1074,2.992
1075,2.992
1076,2.998
1077,3.002
1078,3.007
1079,3.010
1080,3.013
1081,3.018
1082,3.019
1083,3.021
1084,3.025
1085,3.026
1086,3.027
1087,3.031
1088,3.034
1089,3.035
1090,3.038
1091,3.041
1092,3.042
1093,3.043
1094,3.047
1095,3.048
1096,3.049
1097,3.052
1098,3.053
1099,3.055
1100,3.059
1101,3.061
1102,3.065
1103,3.067
1104,3.071
1105,3.071
1106,3.077
1107,3.081
1108,3.083
1109,3.086
1110,3.090
1111,3.092
1112,3.096
1113,3.098
1114,3.101
1115,3.102
1116,3.102
1117,3.104
1118,3.107
1119,3.108
1120,3.111
1121,3.115
1122,3.120
1123,3.121
1124,3.122
1125,3.122
1126,3.125
1127,3.129
1128,3.129
1129,3.132
1130,3.136
1131,3.138
1132,3.143
1133,3.145
1134,3.149
1135,3.151
1136,3.155
1137,3.156
1138,3.157
1139,3.158
1140,3.160
1141,3.163
1142,3.165
1143,3.168
1144,3.170
1145,3.173
1146,3.177
1147,3.183
1148,3.184
1149,3.185
1150,3.186
1151,3.189
1152,3.192
1153,3.193
1154,3.194
1155,3.196
1156,3.200
1157,3.201
1158,3.204
1159,3.210
1160,3.217
1161,3.223
1162,3.229
1163,3.236
1164,3.244
1165,3.248
1166,3.249
1167,3.253
1168,3.257
1169,3.261
1170,3.265
1171,3.266
1172,3.267
1173,3.267
1174,3.268
1175,3.269
1176,3.269
1177,3.272
1178,3.276
1179,3.279
1180,3.284
1181,3.288
1182,3.293
1183,3.296
1184,3.300
1185,3.304
1186,3.309
1187,3.310
1188,3.316
1189,3.320
1190,3.321
1191,3.325
1192,3.329
1193,3.333
1194,3.337
1195,3.340
1196,3.344
1197,3.345
1198,3.346
1199,3.351
1200,3.351
1201,3.352
1202,3.353
1203,3.357
1204,3.361
1205,3.362
1206,3.365
1207,3.369
1208,3.370
1209,3.374
1210,3.377
1211,3.381
1212,3.382
1213,3.383
1214,3.387
1215,3.391
1216,3.392
1217,3.395
1218,3.399
1219,3.401
1220,3.405
1221,3.408
1222,3.412
1223,3.412
1224,3.414
1225,3.418
1226,3.420
1227,3.424
1228,3.425
1229,3.426
1230,3.430
1231,3.434
1232,3.435
1233,3.440
1234,3.445
1235,3.446
1236,3.446
1237,3.450
1238,3.454
1239,3.455
1240,3.460
1241,3.465
1242,3.466
1243,3.470
1244,3.475
1245,3.477
1246,3.482
1247,3.482
1248,3.487
1249,3.491
1250,3.492
1251,3.494
1252,3.498
1253,3.500
1254,3.505
1255,3.506
1256,3.508
1257,3.511
1258,3.513
1259,3.517
1260,3.518
1261,3.522
1262,3.526
1263,3.527
1264,3.530
1265,3.534
1266,3.535
1267,3.537
1268,3.540
1269,3.541
1270,3.542
1271,3.544
1272,3.549
1273,3.549
1274,3.550
1275,3.555
1276,3.559
1277,3.560
1278,3.562
1279,3.566
1280,3.568
1281,3.573
1282,3.574
1283,3.575
1284,3.579
1285,3.583
1286,3.590
1287,3.590
1288,3.590
1289,3.593
1290,3.597
1291,3.598
1292,3.603
1293,3.607
1294,3.608
1295,3.611
1296,3.615
1297,3.618
1298,3.623
1299,3.627
1300,3.627
1301,3.628
1302,3.628
1303,3.632
1304,3.637
1305,3.638
1306,3.641
1307,3.648
1308,3.650
1309,3.656
1310,3.657
1311,3.657
1312,3.658
1313,3.659
1314,3.660
1315,3.661
1316,3.665
1317,3.669
1318,3.673
1319,3.678
1320,3.685
1321,3.692
1322,3.693
1323,3.703
1324,3.708
1325,3.714
1326,3.720
1327,3.726
1328,3.731
1329,3.733
1330,3.740
1331,3.741
1332,3.752
1333,3.759
1334,3.759
1335,3.760
1336,3.761
1337,3.766
1338,3.772
1339,3.773
1340,3.774
1341,3.779
1342,3.785
1343,3.786
1344,3.789
1345,3.795
1346,3.797
1347,3.803
1348,3.806
1349,3.813
1350,3.814
1351,3.816
1352,3.820
1353,3.822
1354,3.829
1355,3.829
1356,3.830
1357,3.836
1358,3.841
1359,3.842
1360,3.845
1361,3.850
1362,3.851
1363,3.852
1364,3.857
1365,3.857
1366,3.864
1367,3.870
1368,3.870
1369,3.875
1370,3.882
1371,3.885
1372,3.890
1373,3.891
1374,3.897
1375,3.901
1376,3.902
1377,3.905
1378,3.910
1379,3.913
1380,3.920
1381,3.920
1382,3.923
1383,3.927
1384,3.932
1385,3.938
1386,3.939
1387,3.940
1388,3.945
1389,3.951
1390,3.951
1391,3.958
1392,3.964
1393,3.965
1394,3.970
1395,3.975
1396,3.981
1397,3.988
1398,3.994
1399,3.995
1400,3.996
1401,4.001
1402,4.006
1403,4.007
1404,4.009
1405,4.015
1406,4.017
1407,4.024
1408,4.025
1409,4.026
1410,4.030
1411,4.040
1412,4.047
1413,4.048
1414,4.049
1415,4.050
1416,4.055
1417,4.061
1418,4.061
1419,4.062
1420,4.063
1421,4.069
1422,4.075
1423,4.076
1424,4.079
1425,4.087
1426,4.090
1427,4.096
1428,4.097
1429,4.104
1430,4.115
1431,4.126
1432,4.133
1433,4.137
1434,4.139
1435,4.143
1436,4.143
1437,4.144
1438,4.144
1439,4.145
1440,4.145
1441,4.146
1442,4.152
1443,4.157
1444,4.160
1445,4.161
1446,4.162
1447,4.163
1448,4.170
1449,4.174
1450,4.175
1451,4.182
1452,4.187
1453,4.188
1454,4.194
1455,4.198
1456,4.203
1457,4.204
1458,4.205
1459,4.205
1460,4.215
1461,4.220
1462,4.221
1463,4.222
1464,4.228
1465,4.231
1466,4.234
1467,4.237
1468,4.242
1469,4.247
1470,4.248
1471,4.249
1472,4.249
1473,4.250
1474,4.256
1475,4.261
1476,4.261
1477,4.268
1478,4.269
1479,4.270
1480,4.271
1481,4.272
1482,4.272
1483,4.279
1484,4.283
1485,4.290
1486,4.294
1487,4.295
1488,4.301
1489,4.305
1490,4.311
1491,4.312
1492,4.313
1493,4.314
1494,4.318
1495,4.322
1496,4.324
1497,4.326
1498,4.326
1499,4.327
1500,4.328
1501,4.328
1502,4.336
1503,4.340
1504,4.347
1505,4.351
1506,4.358
1507,4.362
1508,4.365
1509,4.369
1510,4.372
1511,4.377
1512,4.378
1513,4.379
1514,4.380
1515,4.384
1516,4.389
1517,4.389
1518,4.390
1519,4.391
1520,4.400
1521,4.406
1522,4.407
1523,4.414
1524,4.419
1525,4.424
1526,4.433
1527,4.437
1528,4.438
1529,4.440
1530,4.453
1531,4.458
1532,4.460
1533,4.461
1534,4.466
1535,4.470
1536,4.471
1537,4.478
1538,4.483
1539,4.484
1540,4.494
1541,4.500
1542,4.505
1543,4.507
1544,4.507
1545,4.508
1546,4.513
1547,4.514
1548,4.515
1549,4.516
1550,4.516
1551,4.517
1552,4.522
1553,4.527
1554,4.528
1555,4.529
1556,4.529
1557,4.530
1558,4.534
1559,4.547
1560,4.553
1561,4.554
1562,4.556
1563,4.563
1564,4.567
1565,4.568
1566,4.574
1567,4.578
1568,4.587
1569,4.593
1570,4.597
1571,4.599
1572,4.599
1573,4.603
1574,4.607
1575,4.608
1576,4.618
1577,4.623
1578,4.625
1579,4.634
1580,4.640
1581,4.641
1582,4.645
1583,4.650
1584,4.653
1585,4.657
1586,4.658
1587,4.659
1588,4.661
1589,4.665
1590,4.667
1591,4.671
1592,4.672
1593,4.675
1594,4.679
1595,4.681
1596,4.686
1597,4.687
1598,4.691
1599,4.696
1600,4.697
1601,4.701
1602,4.705
1603,4.706
1604,4.710
1605,4.715
1606,4.716
1607,4.725
1608,4.731
1609,4.732
1610,4.733
1611,4.738
1612,4.742
1613,4.743
1614,4.745
1615,4.750
1616,4.751
1617,4.762
1618,4.767
1619,4.769
1620,4.770
1621,4.775
1622,4.779
1623,4.780
1624,4.783
1625,4.787
1626,4.790
1627,4.794
1628,4.797
1629,4.801
1630,4.804
1631,4.810
1632,4.811
1633,4.812
1634,4.814
1635,4.819
1636,4.821
1637,4.826
1638,4.826
1639,4.828
1640,4.833
1641,4.835
1642,4.840
1643,4.841
1644,4.845
1645,4.850
1646,4.851
1647,4.855
1648,4.859
1649,4.860
1650,4.865
1651,4.869
1652,4.872
1653,4.877
1654,4.878
1655,4.879
1656,4.889
1657,4.895
1658,4.896
1659,4.898
1660,4.902
1661,4.907
1662,4.908
1663,4.911
1664,4.916
1665,4.916
1666,4.917
1667,4.928
1668,4.935
1669,4.936
1670,4.937
1671,4.942
1672,4.947
1673,4.947
1674,4.949
1675,4.954
1676,4.955
1677,4.957
1678,4.961
1679,4.962
1680,4.963
1681,4.964
1682,4.964
1683,4.965
1684,4.966
1685,4.974
1686,4.980
1687,4.987
1688,4.993
1689,5.000
1690,5.011
1691,5.016
1692,5.017
1693,5.018
1694,5.019
1695,5.020
1696,5.027
1697,5.032
1698,5.040
1699,5.041
1700,5.042
1701,5.043
1702,5.044
1703,5.051
1704,5.056
1705,5.064
1706,5.069
1707,5.076
1708,5.080
1709,5.085
1710,5.090
1711,5.092
1712,5.097
1713,5.098
1714,5.103
1715,5.107
1716,5.108
1717,5.109
1718,5.109
1719,5.114
1720,5.120
1721,5.121
1722,5.128
1723,5.132
1724,5.138
1725,5.146
1726,5.150
1727,5.151
1728,5.157
1729,5.162
1730,5.163
1731,5.172
1732,5.177
1733,5.178
1734,5.182
1735,5.186
1736,5.188
1737,5.192
1738,5.193
1739,5.196
1740,5.199
1741,5.205
1742,5.208
1743,5.209
1744,5.213
1745,5.216
1746,5.218
1747,5.221
1748,5.222
1749,5.225
1750,5.229
1751,5.229
1752,5.233
1753,5.238
1754,5.238
1755,5.244
1756,5.250
1757,5.251
1758,5.265
1759,5.272
1760,5.273
1761,5.274
1762,5.280
1763,5.288
1764,5.289
1765,5.293
1766,5.298
1767,5.301
1768,5.307
1769,5.310
1770,5.316
1771,5.318
1772,5.325
1773,5.325
1774,5.331
1775,5.336
1776,5.342
1777,5.347
1778,5.358
1779,5.364
1780,5.365
1781,5.370
1782,5.376
1783,5.377
1784,5.377
1785,5.382
1786,5.388
1787,5.389
1788,5.394
1789,5.400
1790,5.401
1791,5.406
1792,5.413
1793,5.416
1794,5.422
1795,5.423
1796,5.424
1797,5.437
1798,5.444
1799,5.445
1800,5.446
1801,5.451
1802,5.457
1803,5.458
1804,5.460
1805,5.466
1806,5.467
1807,5.469
1808,5.473
1809,5.473
1810,5.477
1811,5.484
1812,5.491
1813,5.498
1814,5.506
1815,5.510
1816,5.511
1817,5.515
1818,5.520
1819,5.524
1820,5.529
1821,5.530
1822,5.530
1823,5.531
1824,5.532
1825,5.533
1826,5.533
1827,5.537
1828,5.541
1829,5.545
1830,5.550
1831,5.553
1832,5.558
1833,5.565
1834,5.570
1835,5.571
1836,5.579
1837,5.584
1838,5.585
1839,5.590
1840,5.595
1841,5.600
1842,5.605
1843,5.607
1844,5.613
1845,5.614
1846,5.616
1847,5.621
1848,5.621
1849,5.622
1850,5.628
1851,5.633
1852,5.634
1853,5.637
1854,5.642
1855,5.643
1856,5.645
1857,5.650
1858,5.651
1859,5.652
1860,5.657
1861,5.663
1862,5.664
1863,5.666
1864,5.671
1865,5.673
1866,5.679
1867,5.680
1868,5.682
1869,5.687
1870,5.689
1871,5.695
1872,5.696
1873,5.697
1874,5.703
1875,5.711
1876,5.711
1877,5.720
1878,5.725
1879,5.726
1880,5.727
1881,5.732
1882,5.740
1883,5.742
1884,5.744
1885,5.747
1886,5.750
1887,5.753
1888,5.754
1889,5.754
1890,5.755
1891,5.755
1892,5.758
1893,5.761
1894,5.762
1895,5.766
1896,5.771
1897,5.772
1898,5.774
1899,5.778
1900,5.780
1901,5.784
1902,5.785
1903,5.786
1904,5.790
1905,5.791
1906,5.795
1907,5.795
1908,5.799
1909,5.804
1910,5.804
1911,5.807
1912,5.810
1913,5.811
1914,5.812
1915,5.816
1916,5.816
1917,5.817
1918,5.820
1919,5.824
1920,5.825
1921,5.826
1922,5.831
1923,5.835
1924,5.836
1925,5.838
1926,5.843
1927,5.845
1928,5.848
1929,5.849
1930,5.850
1931,5.854
1932,5.855
1933,5.859
1934,5.859
1935,5.861
1936,5.864
1937,5.864
1938,5.867
1939,5.870
1940,5.873
1941,5.876
1942,5.877
1943,5.878
1944,5.878
1945,5.883
1946,5.886
1947,5.887
1948,5.890
1949,5.893
1950,5.896
1951,5.899
1952,5.900
1953,5.901
1954,5.901
1955,5.902
1956,5.902
1957,5.903
1958,5.905
1959,5.909
1960,5.912
1961,5.915
1962,5.920
1963,5.925
1964,5.925
1965,5.931
1966,5.935
1967,5.939
1968,5.943
1969,5.947
1970,5.950
1971,5.952
1972,5.956
1973,5.957
1974,5.965
1975,5.969
1976,5.970
1977,5.971
1978,5.972
1979,5.976
1980,5.980
1981,5.981
1982,5.981
1983,5.986
1984,5.991
1985,5.992
1986,5.994
1987,5.998
1988,6.000
1989,6.004
1990,6.004
1991,6.005
1992,6.009
1993,6.011
1994,6.015
1995,6.016
1996,6.016
1997,6.021
1998,6.024
1999,6.025
2000,6.027
2001,6.031
2002,6.031
2003,6.032
2004,6.036
2005,6.037
2006,6.039
2007,6.042
2008,6.045
2009,6.048
2010,6.048
2011,6.049
2012,6.049
2013,6.050
2014,6.052
2015,6.056
2016,6.056
2017,6.061
2018,6.065
2019,6.065
2020,6.068
2021,6.072
2022,6.074
2023,6.077
2024,6.078
2025,6.079
2026,6.083
2027,6.084
2028,6.088
2029,6.088
2030,6.089
2031,6.093
2032,6.093
2033,6.096
2034,6.099
2035,6.101
2036,6.106
2037,6.106
2038,6.107
2039,6.111
2040,6.115
2041,6.116
2042,6.118
2043,6.122
2044,6.124
2045,6.127
2046,6.128
2047,6.129
2048,6.132
2049,6.141
2050,6.145
2051,6.146
2052,6.147
2053,6.148
2054,6.153
2055,6.158
2056,6.159
2057,6.159
2058,6.160
2059,6.165
2060,6.169
2061,6.170
2062,6.172
2063,6.176
2064,6.178
2065,6.181
2066,6.181
2067,6.181
2068,6.182
2069,6.183
2070,6.183
2071,6.184
2072,6.186
2073,6.190
2074,6.194
2075,6.202
2076,6.205
2077,6.206
2078,6.209
2079,6.212
2080,6.216
2081,6.219
2082,6.223
2083,6.226
2084,6.228
2085,6.231
2086,6.233
2087,6.236
2088,6.238
2089,6.241
2090,6.243
2091,6.246
2092,6.246
2093,6.248
2094,6.252
2095,6.253
2096,6.253
2097,6.254
2098,6.254
2099,6.255
2100,6.255
2101,6.258
2102,6.263
2103,6.268
2104,6.274
2105,6.279
2106,6.285
2107,6.292
2108,6.296
2109,6.302
2110,6.306
2111,6.307
2112,6.307
2113,6.308
2114,6.314
2115,6.318
2116,6.325
2117,6.328
2118,6.334
2119,6.338
2120,6.341
2121,6.345
2122,6.349
2123,6.352
2124,6.354
2125,6.358
2126,6.358
2127,6.367
2128,6.371
2129,6.372
2130,6.373
2131,6.374
2132,6.379
2133,6.382
2134,6.383
2135,6.384
2136,6.389
2137,6.392
2138,6.393
2139,6.395
2140,6.399
2141,6.401
2142,6.405
2143,6.406
2144,6.407
2145,6.410
2146,6.411
2147,6.416
2148,6.419
2149,6.420
2150,6.425
2151,6.429
2152,6.429
2153,6.432
2154,6.436
2155,6.436
2156,6.441
2157,6.444
2158,6.445
2159,6.450
2160,6.454
2161,6.454
2162,6.457
2163,6.461
2164,6.463
2165,6.466
2166,6.467
2167,6.471
2168,6.475
2169,6.476
2170,6.477
2171,6.478
2172,6.479
2173,6.481
2174,6.485
2175,6.486
2176,6.486
2177,6.491
2178,6.495
2179,6.495
2180,6.500
2181,6.504
2182,6.504
2183,6.507
2184,6.511
2185,6.513
2186,6.516
2187,6.517
2188,6.525
2189,6.530
2190,6.531
2191,6.531
2192,6.532
2193,6.537
2194,6.541
2195,6.542
2196,6.543
2197,6.543
2198,6.549
2199,6.552
2200,6.553
2201,6.555
2202,6.559
2203,6.564
2204,6.567
2205,6.568
2206,6.570
2207,6.574
2208,6.575
2209,6.577
2210,6.580
2211,6.581
2212,6.581
2213,6.582
2214,6.582
2215,6.583
2216,6.583
2217,6.586
2218,6.590
2219,6.595
2220,6.600
2221,6.608
2222,6.612
2223,6.613
2224,6.620
2225,6.623
2226,6.627
2227,6.631
2228,6.635
2229,6.638
2230,6.640
2231,6.644
2232,6.646
2233,6.650
2234,6.650
2235,6.651
2236,6.654
2237,6.656
2238,6.659
2239,6.659
2240,6.660
2241,6.664
2242,6.668
2243,6.668
2244,6.672
2245,6.676
2246,6.681
2247,6.685
2248,6.686
2249,6.689
2250,6.692
2251,6.693
2252,6.698
2253,6.702
2254,6.702
2255,6.705
2256,6.708
2257,6.710
2258,6.713
2259,6.713
2260,6.714
2261,6.717
2262,6.723
2263,6.726
2264,6.727
2265,6.730
2266,6.733
2267,6.735
2268,6.738
2269,6.738
2270,6.739
2271,6.742
2272,6.745
2273,6.746
2274,6.750
2275,6.753
2276,6.754
2277,6.758
2278,6.762
2279,6.762
2280,6.765
2281,6.768
2282,6.770
2283,6.773
2284,6.774
2285,6.775
2286,6.778
2287,6.779
2288,6.783
2289,6.788
2290,6.791
2291,6.792
2292,6.792
2293,6.794
2294,6.798
2295,6.799
2296,6.799
2297,6.803
2298,6.805
2299,6.806
2300,6.810
2301,6.813
2302,6.814
2303,6.818
2304,6.822
2305,6.823
2306,6.828
2307,6.831
2308,6.832
2309,6.835
2310,6.839
2311,6.839
2312,6.840
2313,6.841
2314,6.842
2315,6.842
2316,6.843
2317,6.845
2318,6.849
2319,6.854
2320,6.858
2321,6.865
2322,6.869
2323,6.870
2324,6.874
2325,6.877
2326,6.881
2327,6.884
2328,6.888
2329,6.892
2330,6.894
2331,6.897
2332,6.898
2333,6.901
2334,6.904
2335,6.907
2336,6.908
2337,6.911
2338,6.911
2339,6.917
2340,6.926
2341,6.927
2342,6.927
2343,6.928
2344,6.929
2345,6.929
2346,6.930
2347,6.931
2348,6.931
2349,6.932
2350,6.933
2351,6.934
2352,6.934
2353,6.935
2354,6.936
2355,6.937
2356,6.941
2357,6.951
2358,6.962
2359,6.963
2360,6.963
2361,6.968
2362,6.981
2363,6.981
2364,6.982
2365,6.987
2366,7.000
2367,7.001
2368,7.001
2369,7.006
2370,7.019
2371,7.020
2372,7.020
2373,7.025
2374,7.038
2375,7.038
2376,7.039
2377,7.044
2378,7.057
2379,7.057
2380,7.058
2381,7.063
2382,7.075
2383,7.076
2384,7.077
2385,7.081
2386,7.093
2387,7.093
2388,7.094
2389,7.098
2390,7.111
2391,7.112
2392,7.112
2393,7.117
2394,7.129
2395,7.130
2396,7.131
2397,7.135
2398,7.147
2399,7.148
2400,7.148
2401,7.153
2402,7.164
2403,7.165
2404,7.166
2405,7.170
2406,7.182
2407,7.182
2408,7.183
2409,7.188
2410,7.199
2411,7.200
2412,7.201
2413,7.205
2414,7.217
2415,7.218
2416,7.218
2417,7.228
2418,7.229
2419,7.232
2420,7.233
2421,7.243
2422,7.259
2423,7.259
2424,7.261
2425,7.261
2426,7.263
2427,7.264
2428,7.265
2429,7.266
2430,7.267
2431,7.268
2432,7.269
2433,7.271
2434,7.272
2435,7.273
2436,7.275
2437,7.283
2438,7.294
2439,7.305
2440,7.317
2441,7.318
2442,7.326
2443,7.338
2444,7.346
2445,7.358
2446,7.359
2447,7.368
2448,7.382
2449,7.383
2450,7.392
2451,7.406
2452,7.417
2453,7.431
2454,7.431
2455,7.432
2456,7.439
2457,7.447
2458,7.448
2459,7.454
2460,7.462
2461,7.469
2462,7.478
2463,7.478
2464,7.479
2465,7.485
2466,7.495
2467,7.502
2468,7.512
2469,7.518
2470,7.527
2471,7.533
2472,7.541
2473,7.542
2474,7.547
2475,7.555
2476,7.564
2477,7.574
2478,7.574
2479,7.581
2480,7.590
2481,7.595
2482,7.604
2483,7.610
2484,7.618
2485,7.625
2486,7.634
2487,7.635
2488,7.640
2489,7.648
2490,7.657
2491,7.667
2492,7.668
2493,7.675
2494,7.684
2495,7.692
2496,7.701
2497,7.707
2498,7.718
2499,7.726
2500,7.739
2501,7.740
2502,7.747
2503,7.757
2504,7.765
2505,7.774
2506,7.775
2507,7.783
2508,7.793
2509,7.799
2510,7.808
2511,7.814
2512,7.823
2513,7.824
2514,7.827
2515,7.836
2516,7.842
2517,7.851
2518,7.851
2519,7.858
2520,7.867
2521,7.867
2522,7.874
2523,7.882
2524,7.883
2525,7.888
2526,7.896
2527,7.904
2528,7.912
2529,7.913
2530,7.920
2531,7.929
2532,7.935
2533,7.943
2534,7.951
2535,7.961
2536,7.962
2537,7.963
2538,7.964
2539,7.965
2540,7.965
2541,7.966
2542,7.967
2543,7.969
2544,7.970
2545,7.971
2546,7.972
2547,7.973
2548,7.974
2549,7.975
2550,7.981
2551,7.989
2552,7.997
2553,8.006
2554,8.007
2555,8.013
2556,8.021
2557,8.028
2558,8.037
2559,8.038
2560,8.045
2561,8.055
2562,8.061
2563,8.070
2564,8.076
2565,8.085
2566,8.086
2567,8.092
2568,8.101
2569,8.110
2570,8.120
2571,8.121
2572,8.122
2573,8.122
2574,8.129
2575,8.143
2576,8.152
2577,8.158
2578,8.167
2579,8.172
2580,8.181
2581,8.187
2582,8.196
2583,8.197
2584,8.203
2585,8.211
2586,8.220
2587,8.230
2588,8.231
2589,8.231
2590,8.239
2591,8.253
2592,8.262
2593,8.269
2594,8.278
2595,8.285
2596,8.294
2597,8.301
2598,8.311
2599,8.312
2600,8.317
2601,8.327
2602,8.336
2603,8.347
2604,8.347
2605,8.348
2606,8.355
2607,8.370
2608,8.378
2609,8.386
2610,8.395
2611,8.401
2612,8.409
2613,8.416
2614,8.424
2615,8.425
2616,8.430
2617,8.437
2618,8.444
2619,8.451
2620,8.451
2621,8.452
2622,8.458
2623,8.475
2624,8.488
2625,8.495
2626,8.508
2627,8.518
2628,8.531
2629,8.532
2630,8.540
2631,8.552
2632,8.563
2633,8.576
2634,8.577
2635,8.577
2636,8.587
2637,8.604
2638,8.616
2639,8.617
2640,8.622
2641,8.634
2642,8.642
2643,8.653
2644,8.654
2645,8.662
2646,8.673
2647,8.674
2648,8.682
2649,8.693
2650,8.700
2651,8.712
2652,8.723
2653,8.725
2654,8.727
2655,8.728
2656,8.729
2657,8.731
2658,8.732
2659,8.741
2660,8.753
2661,8.755
2662,8.759
2663,8.764
2664,8.770
2665,8.807
2666,8.810
2667,8.834
2668,8.860
2669,8.890
2670,8.902
2671,8.912
2672,8.916
2673,8.922
2674,8.925
2675,8.935
2676,8.937
2677,8.938
2678,8.939
2679,8.940
2680,8.941
2681,8.941
2682,8.948
2683,8.957
2684,8.958
2685,8.961
2686,8.966
2687,8.970
2688,8.997
2689,9.000
2690,9.017
2691,9.025
2692,9.035
2693,9.038
2694,9.044
2695,9.047
2696,9.058
2697,9.071
2698,9.072
2699,9.073
2700,9.074
2701,9.075
2702,9.076
2703,9.077
2704,9.079
2705,9.080
2706,9.081
2707,9.082
2708,9.083
2709,9.085
2710,9.086
2711,9.088
2712,9.095
2713,9.104
2714,9.112
2715,9.122
2716,9.123
2717,9.129
2718,9.138
2719,9.148
2720,9.159
2721,9.160
2722,9.168
2723,9.178
2724,9.178
2725,9.185
2726,9.193
2727,9.200
2728,9.210
2729,9.210
2730,9.218
2731,9.226
2732,9.227
2733,9.230
2734,9.238
2735,9.245
2736,9.253
2737,9.254
2738,9.254
2739,9.261
2740,9.270
2741,9.271
2742,9.280
2743,9.289
2744,9.290
2745,9.297
2746,9.306
2747,9.312
2748,9.321
2749,9.321
2750,9.332
2751,9.342
2752,9.342
2753,9.348
2754,9.357
2755,9.364
2756,9.373
2757,9.374
2758,9.381
2759,9.391
2760,9.391
2761,9.392
2762,9.396
2763,9.405
2764,9.412
2765,9.421
2766,9.422
2767,9.428
2768,9.438
2769,9.439
2770,9.447
2771,9.457
2772,9.457
2773,9.465
2774,9.475
2775,9.482
2776,9.492
2777,9.499
2778,9.508
2779,9.509
2780,9.519
2781,9.529
2782,9.529
2783,9.536
2784,9.545
2785,9.549
2786,9.558
2787,9.559
2788,9.566
2789,9.575
2790,9.582
2791,9.597
2792,9.605
2793,9.616
2794,9.626
2795,9.627
2796,9.628
2797,9.635
2798,9.644
2799,9.652
2800,9.662
2801,9.669
2802,9.680
2803,9.688
2804,9.697
2805,9.705
2806,9.714
2807,9.715
2808,9.719
2809,9.720
2810,9.721
2811,9.728
2812,9.738
2813,9.746
2814,9.755
2815,9.762
2816,9.770
2817,9.771
2818,9.783
2819,9.794
2820,9.795
2821,9.803
2822,9.811
2823,9.815
2824,9.823
2825,9.831
2826,9.841
2827,9.848
2828,9.856
2829,9.857
2830,9.866
2831,9.879
2832,9.886
2833,9.895
2834,9.895
2835,9.896
2836,9.904
2837,9.912
2838,9.913
2839,9.918
2840,9.925
2841,9.929
2842,9.939
2843,9.939
2844,9.949
2845,9.963
2846,9.974
2847,9.987
2848,10.000
2849,10.016
2850,10.028
2851,10.042
2852,10.051
2853,10.064
2854,10.073
2855,10.086
2856,10.087
2857,10.096
2858,10.108
2859,10.113
2860,10.126
2861,10.127
2862,10.137
2863,10.150
2864,10.161
2865,10.173
2866,10.185
2867,10.200
2868,10.211
2869,10.223
2870,10.233
2871,10.247
2872,10.248
2873,10.257
2874,10.270
2875,10.282
2876,10.296
2877,10.297
2878,10.309
2879,10.322
2880,10.332
2881,10.344
2882,10.355
2883,10.358
2884,10.361
2885,10.363
2886,10.364
2887,10.366
2888,10.367
2889,10.379
2890,10.394
2891,10.395
2892,10.400
2893,10.405
2894,10.411
2895,10.416
2896,10.420
2897,10.447
2898,10.450
2899,10.451
2900,10.452
2901,10.453
2902,10.453
2903,10.473
2904,10.498
2905,10.503
2906,10.506
2907,10.509
2908,10.512
2909,10.516
2910,10.518
2911,10.526
2912,10.535
2913,10.537
2914,10.543
2915,10.544
2916,10.545
2917,10.546
2918,10.550
2919,10.555
2920,10.558
2921,10.571
2922,10.584
2923,10.585
2924,10.586
2925,10.587
2926,10.588
2927,10.589
2928,10.590
2929,10.592
2930,10.593
2931,10.594
2932,10.595
2933,10.597
2934,10.598
2935,10.600
2936,10.601
2937,10.609
2938,10.618
2939,10.626
2940,10.636
2941,10.636
2942,10.643
2943,10.651
2944,10.661
2945,10.673
2946,10.674
2947,10.682
2948,10.692
2949,10.693
2950,10.700
2951,10.708
2952,10.720
2953,10.730
2954,10.731
2955,10.738
2956,10.748
2957,10.748
2958,10.752
2959,10.761
2960,10.768
2961,10.778
2962,10.779
2963,10.779
2964,10.787
2965,10.798
2966,10.798
2967,10.809
2968,10.819
2969,10.820
2970,10.828
2971,10.837
2972,10.843
2973,10.852
2974,10.853
2975,10.858
2976,10.868
2977,10.869
2978,10.873
2979,10.882
2980,10.893
2981,10.903
2982,10.903
2983,10.914
2984,10.923
2985,10.924
2986,10.935
2987,10.945
2988,10.946
2989,10.947
2990,10.953
2991,10.963
2992,10.971
2993,10.981
2994,10.981
2995,10.988
2996,10.997
2997,10.998
2998,11.005
2999,11.015
3000,11.022
3001,11.032
3002,11.044
3003,11.053
3004,11.054
3005,11.061
3006,11.070
3007,11.077
3008,11.087
3009,11.087
3010,11.099
3011,11.109
3012,11.110
3013,11.111
3014,11.118
3015,11.128
3016,11.135
3017,11.145
3018,11.153
3019,11.163
3020,11.171
3021,11.181
3022,11.188
3023,11.198
3024,11.198
3025,11.202
3026,11.203
3027,11.204
3028,11.212
3029,11.222
3030,11.230
3031,11.239
3032,11.248
3033,11.257
3034,11.258
3035,11.271
3036,11.283
3037,11.284
3038,11.291
3039,11.300
3040,11.304
3041,11.314
3042,11.324
3043,11.335
3044,11.343
3045,11.353
3046,11.353
3047,11.365
3048,11.377
3049,11.385
3050,11.395
3051,11.396
3052,11.396
3053,11.405
3054,11.415
3055,11.416
3056,11.423
3057,11.432
3058,11.436
3059,11.446
3060,11.446
3061,11.454
3062,11.464
3063,11.472
3064,11.480
3065,11.489
3066,11.499
3067,11.511
3068,11.525
3069,11.535
3070,11.550
3071,11.561
3072,11.575
3073,11.576
3074,11.586
3075,11.599
3076,11.604
3077,11.618
3078,11.619
3079,11.628
3080,11.640
3081,11.651
3082,11.663
3083,11.676
3084,11.690
3085,11.701
3086,11.713
3087,11.722
3088,11.734
3089,11.735
3090,11.744
3091,11.755
3092,11.766
3093,11.778
3094,11.779
3095,11.791
3096,11.803
3097,11.812
3098,11.823
3099,11.837
3100,11.855
3101,11.856
3102,11.857
3103,11.858
3104,11.859
3105,11.861
3106,11.862
3107,11.864
3108,11.865
3109,11.866
3110,11.868
3111,11.870
3112,11.871
3113,11.873
3114,11.875
3115,11.885
3116,11.896
3117,11.907
3118,11.921
3119,11.922
3120,11.934
3121,11.947
3122,11.963
3123,11.978
3124,11.979
3125,11.988
3126,11.998
3127,11.999
3128,12.006
3129,12.015
3130,12.024
3131,12.034
3132,12.035
3133,12.044
3134,12.055
3135,12.056
3136,12.060
3137,12.069
3138,12.077
3139,12.086
3140,12.087
3141,12.088
3142,12.096
3143,12.105
3144,12.106
3145,12.118
3146,12.127
3147,12.128
3148,12.135
3149,12.145
3150,12.152
3151,12.160
3152,12.161
3153,12.171
3154,12.181
3155,12.182
3156,12.189
3157,12.198
3158,12.205
3159,12.206
3160,12.207
3161,12.218
3162,12.227
3163,12.228
3164,12.229
3165,12.236
3166,12.245
3167,12.252
3168,12.253
3169,12.254
3170,12.261
3171,12.270
3172,12.270
3173,12.277
3174,12.287
3175,12.295
3176,12.304
3177,12.315
3178,12.325
3179,12.326
3180,12.333
3181,12.341
3182,12.345
3183,12.354
3184,12.355
3185,12.363
3186,12.372
3187,12.380
3188,12.397
3189,12.406
3190,12.411
3191,12.421
3192,12.422
3193,12.426
3194,12.436
3195,12.441
3196,12.451
3197,12.452
3198,12.457
3199,12.467
3200,12.468
3201,12.480
3202,12.490
3203,12.491
3204,12.491
3205,12.499
3206,12.508
3207,12.509
3208,12.516
3209,12.525
3210,12.526
3211,12.535
3212,12.544
3213,12.552
3214,12.561
3215,12.566
3216,12.575
3217,12.576
3218,12.577
3219,12.581
3220,12.582
3221,12.583
3222,12.587
3223,12.597
3224,12.602
3225,12.611
3226,12.612
3227,12.621
3228,12.631
3229,12.632
3230,12.642
3231,12.654
3232,12.654
3233,12.667
3234,12.678
3235,12.679
3236,12.680
3237,12.692
3238,12.702
3239,12.703
3240,12.704
3241,12.711
3242,12.720
3243,12.731
3244,12.741
3245,12.742
3246,12.750
3247,12.760
3248,12.768
3249,12.777
3250,12.785
3251,12.794
3252,12.795
3253,12.808
3254,12.819
3255,12.820
3256,12.827
3257,12.836
3258,12.840
3259,12.849
3260,12.857
3261,12.868
3262,12.875
3263,12.883
3264,12.884
3265,12.892
3266,12.901
3267,12.909
3268,12.919
3269,12.919
3270,12.929
3271,12.938
3272,12.939
3273,12.946
3274,12.955
3275,12.959
3276,12.968
3277,12.969
3278,12.976
3279,12.985
3280,12.993
3281,13.001
3282,13.011
3283,13.022
3284,13.028
3285,13.036
3286,13.042
3287,13.055
3288,13.066
3289,13.078
3290,13.079
3291,13.089
3292,13.101
3293,13.106
3294,13.120
3295,13.120
3296,13.131
3297,13.144
3298,13.156
3299,13.167
3300,13.179
3301,13.193
3302,13.204
3303,13.216
3304,13.225
3305,13.237
3306,13.238
3307,13.247
3308,13.258
3309,13.269
3310,13.281
3311,13.281
3312,13.293
3313,13.305
3314,13.314
3315,13.326
3316,13.339
3317,13.355
3318,13.356
3319,13.357
3320,13.358
3321,13.359
3322,13.361
3323,13.362
3324,13.363
3325,13.364
3326,13.366
3327,13.367
3328,13.368
3329,13.370
3330,13.371
3331,13.373
3332,13.383
3333,13.384
3334,13.385
3335,13.398
3336,13.410
3337,13.417
3338,13.418
3339,13.419
3340,13.420
3341,13.429
3342,13.440
3343,13.451
3344,13.464
3345,13.470
3346,13.473
3347,13.474
3348,13.474
3349,13.480
3350,13.495
3351,13.506
3352,13.515
3353,13.523
3354,13.531
3355,13.536
3356,13.537
3357,13.537
3358,13.538
3359,13.542
3360,13.550
3361,13.558
3362,13.568
3363,13.576
3364,13.585
3365,13.590
3366,13.591
3367,13.592
3368,13.592
3369,13.596
3370,13.604
3371,13.612
3372,13.620
3373,13.627
3374,13.636
3375,13.640
3376,13.641
3377,13.642
3378,13.642
3379,13.643
3380,13.647
3381,13.648
3382,13.648
3383,13.649
3384,13.653
3385,13.654
3386,13.654
3387,13.666
3388,13.675
3389,13.676
3390,13.676
3391,13.677
3392,13.685
3393,13.686
3394,13.686
3395,13.687
3396,13.691
3397,13.692
3398,13.693
3399,13.694
3400,13.697
3401,13.698
3402,13.699
3403,13.711
3404,13.720
3405,13.721
3406,13.722
3407,13.723
3408,13.730
3409,13.739
3410,13.745
3411,13.746
3412,13.747
3413,13.747
3414,13.751
3415,13.760
3416,13.766
3417,13.775
3418,13.781
3419,13.789
3420,13.794
3421,13.795
3422,13.796
3423,13.796
3424,13.800
3425,13.810
3426,13.817
3427,13.826
3428,13.833
3429,13.843
3430,13.847
3431,13.848
3432,13.849
3433,13.849
3434,13.853
3435,13.861
3436,13.868
3437,13.876
3438,13.883
3439,13.891
3440,13.895
3441,13.896
3442,13.896
3443,13.897
3444,13.900
3445,13.909
3446,13.915
3447,13.924
3448,13.931
3449,13.939
3450,13.944
3451,13.953
3452,13.953
3453,13.954
3454,13.958
3455,13.966
3456,13.971
3457,13.972
3458,13.972
3459,13.973
3460,13.974
3461,13.977
3462,13.986
3463,13.989
3464,13.997
3465,14.001
3466,14.009
3467,14.010
3468,14.019
3469,14.028
3470,14.029
3471,14.036
3472,14.037
3473,14.037
3474,14.038
3475,14.041
3476,14.050
3477,14.051
3478,14.058
3479,14.067
3480,14.068
3481,14.075
3482,14.086
3483,14.101
3484,14.110
3485,14.110
3486,14.118
3487,14.126
3488,14.127
3489,14.131
3490,14.142
3491,14.143
3492,14.143
3493,14.144
3494,14.145
3495,14.148
3496,14.149
3497,14.150
3498,14.151
3499,14.155
3500,14.163
3501,14.167
3502,14.168
3503,14.169
3504,14.170
3505,14.177
3506,14.178
3507,14.179
3508,14.187
3509,14.188
3510,14.188
3511,14.189
3512,14.190
3513,14.193
3514,14.195
3515,14.195
3516,14.196
3517,14.204
3518,14.214
3519,14.215
3520,14.216
3521,14.229
3522,14.239
3523,14.240
3524,14.241
3525,14.254
3526,14.255
3527,14.255
3528,14.256
3529,14.257
3530,14.257
3531,14.266
3532,14.274
3533,14.275
3534,14.275
3535,14.279
3536,14.288
3537,14.291
3538,14.300
3539,14.304
3540,14.312
3541,14.316
3542,14.317
3543,14.318
3544,14.318
3545,14.322
3546,14.323
3547,14.324
3548,14.324
3549,14.328
3550,14.337
3551,14.338
3552,14.346
3553,14.347
3554,14.347
3555,14.355
3556,14.363
3557,14.367
3558,14.368
3559,14.369
3560,14.369
3561,14.373
3562,14.381
3563,14.390
3564,14.403
3565,14.412
3566,14.412
3567,14.413
3568,14.414
3569,14.414
3570,14.423
3571,14.432
3572,14.433
3573,14.440
3574,14.449
3575,14.449
3576,14.450
3577,14.451
3578,14.459
3579,14.468
3580,14.469
3581,14.476
3582,14.476
3583,14.477
3584,14.478
3585,14.481
3586,14.488
3587,14.494
3588,14.503
3589,14.512
3590,14.523
3591,14.528
3592,14.530
3593,14.531
3594,14.532
3595,14.542
3596,14.553
3597,14.563
3598,14.575
3599,14.580
3600,14.582
3601,14.583
3602,14.584
3603,14.588
3604,14.601
3605,14.612
3606,14.623
3607,14.633
3608,14.644
3609,14.649
3610,14.651
3611,14.652
3612,14.652
3613,14.657
3614,14.669
3615,14.679
3616,14.691
3617,14.700
3618,14.710
3619,14.715
3620,14.717
3621,14.718
3622,14.719
3623,14.723
3624,14.735
3625,14.744
3626,14.756
3627,14.765
3628,14.776
3629,14.792
3630,14.809
3631,14.810
3632,14.811
3633,14.813
3634,14.814
3635,14.815
3636,14.816
3637,14.818
3638,14.819
3639,14.821
3640,14.822
3641,14.824
3642,14.826
3643,14.827
3644,14.829
3645,14.837
3646,14.839
3647,14.839
3648,14.849
3649,14.850
3650,14.851
3651,14.851
3652,14.866
3653,14.877
3654,14.878
3655,14.886
3656,14.896
3657,14.907
3658,14.921
3659,14.933
3660,14.947
3661,14.952
3662,14.964
3663,14.972
3664,14.981
3665,14.988
3666,14.997
3667,15.001
3668,15.009
3669,15.018
3670,15.028
3671,15.037
3672,15.046
3673,15.049
3674,15.057
3675,15.065
3676,15.074
3677,15.081
3678,15.089
3679,15.096
3680,15.104
3681,15.111
3682,15.112
3683,15.113
3684,15.121
3685,15.135
3686,15.143
3687,15.143
3688,15.144
3689,15.145
3690,15.149
3691,15.157
3692,15.161
3693,15.169
3694,15.176
3695,15.185
3696,15.192
3697,15.200
3698,15.204
3699,15.212
3700,15.219
3701,15.228
3702,15.235
3703,15.243
3704,15.247
3705,15.255
3706,15.262
3707,15.271
3708,15.278
3709,15.286
3710,15.290
3711,15.299
3712,15.306
3713,15.315
3714,15.323
3715,15.332
3716,15.333
3717,15.334
3718,15.338
3719,15.346
3720,15.351
3721,15.352
3722,15.353
3723,15.353
3724,15.354
3725,15.358
3726,15.367
3727,15.371
3728,15.379
3729,15.383
3730,15.392
3731,15.393
3732,15.402
3733,15.412
3734,15.413
3735,15.420
3736,15.421
3737,15.422
3738,15.422
3739,15.426
3740,15.435
3741,15.436
3742,15.444
3743,15.452
3744,15.452
3745,15.460
3746,15.472
3747,15.488
3748,15.497
3749,15.498
3750,15.506
3751,15.516
3752,15.516
3753,15.520
3754,15.533
3755,15.534
3756,15.535
3757,15.535
3758,15.536
3759,15.540
3760,15.541
3761,15.542
3762,15.543
3763,15.547
3764,15.556
3765,15.561
3766,15.562
3767,15.562
3768,15.563
3769,15.567
3770,15.568
3771,15.569
3772,15.570
3773,15.579
3774,15.590
3775,15.591
3776,15.592
3777,15.602
3778,15.613
3779,15.614
3780,15.615
3781,15.629
3782,15.630
3783,15.631
3784,15.632
3785,15.632
3786,15.633
3787,15.642
3788,15.652
3789,15.652
3790,15.653
3791,15.657
3792,15.666
3793,15.670
3794,15.679
3795,15.684
3796,15.694
3797,15.695
3798,15.704
3799,15.705
3800,15.706
3801,15.715
3802,15.723
3803,15.727
3804,15.728
3805,15.729
3806,15.729
3807,15.733
3808,15.741
3809,15.750
3810,15.765
3811,15.774
3812,15.782
3813,15.792
3814,15.793
3815,15.800
3816,15.809
3817,15.809
3818,15.810
3819,15.811
3820,15.811
3821,15.815
3822,15.824
3823,15.832
3824,15.842
3825,15.843
3826,15.851
3827,15.860
3828,15.860
3829,15.861
3830,15.862
3831,15.865
3832,15.874
3833,15.878
3834,15.886
3835,15.893
3836,15.902
3837,15.909
3838,15.917
3839,15.924
3840,15.932
3841,15.939
3842,15.948
3843,15.951
3844,15.959
3845,15.965
3846,15.974
3847,15.985
3848,15.997
3849,16.002
3850,16.016
3851,16.026
3852,16.038
3853,16.049
3854,16.061
3855,16.066
3856,16.079
3857,16.089
3858,16.101
3859,16.147
3860,16.151
3861,16.151
3862,16.152
3863,16.153
3864,16.185
3865,16.217
3866,16.225
3867,16.227
3868,16.227
3869,16.228
3870,16.233
3871,16.238
3872,16.249
3873,16.253
3874,16.256
3875,16.257
3876,16.258
3877,16.259
3878,16.260
3879,16.260
3880,16.261
3881,16.262
3882,16.263
3883,16.264
3884,16.264
3885,16.269
3886,16.271
3887,16.272
3888,16.277
3889,16.279
3890,16.279
3891,16.284
3892,16.286
3893,16.287
3894,16.287
3895,16.288
3896,16.293
3897,16.297
3898,16.308
3899,16.312
3900,16.315
3901,16.316
3902,16.317
3903,16.318
3904,16.321
3905,16.323
3906,16.323
3907,16.324
3908,16.327
3909,16.331
3910,16.332
3911,16.335
3912,16.336
3913,16.336
3914,16.342
3915,16.346
3916,16.358
3917,16.363
3918,16.373
3919,16.387
3920,16.387
3921,16.392
3922,16.395
3923,16.395
3924,16.402
3925,16.412
3926,16.416
3927,16.425
3928,16.426
3929,16.430
3930,16.431
3931,16.441
3932,16.455
3933,16.456
3934,16.457
3935,16.457
3936,16.458
3937,16.459
3938,16.460
3939,16.462
3940,16.463
3941,16.464
3942,16.465
3943,16.467
3944,16.468
3945,16.469
3946,16.471
3947,16.479
3948,16.488
3949,16.500
3950,16.508
3951,16.516
3952,16.524
3953,16.531
3954,16.539
3955,16.543
3956,16.551
3957,16.559
3958,16.568
3959,16.575
3960,16.584
3961,16.587
3962,16.596
3963,16.605
3964,16.614
3965,16.621
3966,16.629
3967,16.633
3968,16.641
3969,16.649
3970,16.657
3971,16.664
3972,16.672
3973,16.680
3974,16.688
3975,16.698
3976,16.708
3977,16.708
3978,16.709
3979,16.715
3980,16.723
3981,16.727
3982,16.735
3983,16.741
3984,16.750
3985,16.756
3986,16.765
3987,16.769
3988,16.777
3989,16.784
3990,16.792
3991,16.799
3992,16.807
3993,16.811
3994,16.819
3995,16.826
3996,16.835
3997,16.842
3998,16.850
3999,16.854
4000,16.863
4001,16.870
4002,16.879
4003,16.887
4004,16.896
4005,16.897
4006,16.900
4007,16.909
4008,16.912
4009,16.920
4010,16.924
4011,16.932
4012,16.936
4013,16.937
4014,16.938
4015,16.946
4016,16.955
4017,16.956
4018,16.957
4019,16.964
4020,16.965
4021,16.966
4022,16.973
4023,16.989
4024,16.997
4025,16.998
4026,17.006
4027,17.007
4028,17.007
4029,17.008
4030,17.015
4031,17.016
4032,17.017
4033,17.026
4034,17.040
4035,17.049
4036,17.058
4037,17.068
4038,17.069
4039,17.076
4040,17.085
4041,17.086
4042,17.086
4043,17.087
4044,17.091
4045,17.099
4046,17.108
4047,17.118
4048,17.118
4049,17.126
4050,17.134
4051,17.135
4052,17.136
4053,17.136
4054,17.140
4055,17.141
4056,17.142
4057,17.145
4058,17.146
4059,17.147
4060,17.154
4061,17.155
4062,17.156
4063,17.163
4064,17.171
4065,17.178
4066,17.185
4067,17.192
4068,17.200
4069,17.204
4070,17.212
4071,17.219
4072,17.227
4073,17.234
4074,17.242
4075,17.246
4076,17.253
4077,17.260
4078,17.269
4079,17.275
4080,17.284
4081,17.287
4082,17.295
4083,17.302
4084,17.311
4085,17.323
4086,17.324
4087,17.325
4088,17.326
4089,17.327
4090,17.332
4091,17.342
4092,17.345
4093,17.346
4094,17.347
4095,17.351
4096,17.362
4097,17.370
4098,17.370
4099,17.371
4100,17.372
4101,17.376
4102,17.377
4103,17.377
4104,17.378
4105,17.378
4106,17.379
4107,17.379
4108,17.380
4109,17.381
4110,17.382
4111,17.383
4112,17.389
4113,17.401
4114,17.402
4115,17.403
4116,17.405
4117,17.415
4118,17.419
4119,17.420
4120,17.425
4121,17.429
4122,17.440
4123,17.452
4124,17.453
4125,17.454
4126,17.456
4127,17.457
4128,17.462
4129,17.465
4130,17.479
4131,17.484
4132,17.485
4133,17.493
4134,17.503
4135,17.504
4136,17.509
4137,17.512
4138,17.517
4139,17.520
4140,17.520
4141,17.521
4142,17.528
4143,17.539
4144,17.545
4145,17.557
4146,17.561
4147,17.566
4148,17.582
4149,17.587
4150,17.587
4151,17.588
4152,17.592
4153,17.599
4154,17.600
4155,17.600
4156,17.601
4157,17.603
4158,17.607
4159,17.614
4160,17.625
4161,17.633
4162,17.635
4163,17.645
4164,17.657
4165,17.666
4166,17.669
4167,17.671
4168,17.674
4169,17.674
4170,17.679
4171,17.681
4172,17.681
4173,17.683
4174,17.688
4175,17.691
4176,17.704
4177,17.708
4178,17.709
4179,17.713
4180,17.724
4181,17.726
4182,17.732
4183,17.744
4184,17.745
4185,17.746
4186,17.747
4187,17.755
4188,17.757
4189,17.771
4190,17.772
4191,17.773
4192,17.774
4193,17.782
4194,17.788
4195,17.789
4196,17.790
4197,17.792
4198,17.799
4199,17.820
4200,17.830
4201,17.831
4202,17.831
4203,17.833
4204,17.834
4205,17.836
4206,17.839
4207,17.842
4208,17.843
4209,17.845
4210,17.846
4211,17.849
4212,17.849
4213,17.854
4214,17.863
4215,17.864
4216,17.868
4217,17.870
4218,17.884
4219,17.894
4220,17.895
4221,17.896
4222,17.904
4223,17.913
4224,17.918
4225,17.926
4226,17.927
4227,17.927
4228,17.928
4229,17.928
4230,17.929
4231,17.932
4232,17.933
4233,17.933
4234,17.934
4235,17.935
4236,17.936
4237,17.936
4238,17.938
4239,17.941
4240,17.942
4241,17.955
4242,17.966
4243,17.968
4244,17.969
4245,17.973
4246,17.975
4247,17.976
4248,17.977
4249,17.977
4250,17.978
4251,17.980
4252,17.983
4253,17.983
4254,17.984
4255,17.990
4256,18.002
4257,18.011
4258,18.012
4259,18.013
4260,18.013
4261,18.014
4262,18.016
4263,18.019
4264,18.021
4265,18.024
4266,18.034
4267,18.044
4268,18.048
4269,18.050
4270,18.052
4271,18.053
4272,18.053
4273,18.054
4274,18.055
4275,18.056
4276,18.060
4277,18.062
4278,18.068
4279,18.072
4280,18.081
4281,18.085
4282,18.086
4283,18.087
4284,18.095
4285,18.099
4286,18.099
4287,18.100
4288,18.101
4289,18.104
4290,18.106
4291,18.106
4292,18.107
4293,18.108
4294,18.110
4295,18.114
4296,18.115
4297,18.116
4298,18.116
4299,18.117
4300,18.119
4301,18.122
4302,18.125
4303,18.125
4304,18.126
4305,18.129
4306,18.130
4307,18.130
4308,18.131
4309,18.132
4310,18.134
4311,18.135
4312,18.135
4313,18.136
4314,18.137
4315,18.137
4316,18.138
4317,18.139
4318,18.140
4319,18.142
4320,18.146
4321,18.154
4322,18.156
4323,18.157
4324,18.158
4325,18.159
4326,18.165
4327,18.167
4328,18.172
4329,18.180
4330,18.184
4331,18.192
4332,18.196
4333,18.197
4334,18.197
4335,18.198
4336,18.199
4337,18.206
4338,18.206
4339,18.207
4340,18.211
4341,18.212
4342,18.216
4343,18.217
4344,18.218
4345,18.224
4346,18.226
4347,18.227
4348,18.229
4349,18.230
4350,18.230
4351,18.231
4352,18.235
4353,18.237
4354,18.246
4355,18.249
4356,18.250
4357,18.257
4358,18.260
4359,18.269
4360,18.270
4361,18.270
4362,18.277
4363,18.278
4364,18.278
4365,18.279
4366,18.280
4367,18.281
4368,18.288
4369,18.290
4370,18.298
4371,18.298
4372,18.299
4373,18.300
4374,18.304
4375,18.305
4376,18.305
4377,18.306
4378,18.306
4379,18.315
4380,18.317
4381,18.318
4382,18.319
4383,18.320
4384,18.321
4385,18.322
4386,18.326
4387,18.333
4388,18.335
4389,18.339
4390,18.348
4391,18.350
4392,18.354
4393,18.356
4394,18.356
4395,18.357
4396,18.361
4397,18.373
4398,18.382
4399,18.382
4400,18.383
4401,18.387
4402,18.388
4403,18.388
4404,18.389
4405,18.391
4406,18.391
4407,18.393
4408,18.394
4409,18.398
4410,18.400
4411,18.411
4412,18.420
4413,18.421
4414,18.422
4415,18.423
4416,18.423
4417,18.424
4418,18.425
4419,18.426
4420,18.427
4421,18.428
4422,18.429
4423,18.430
4424,18.430
4425,18.431
4426,18.432
4427,18.434
4428,18.437
4429,18.442
4430,18.448
4431,18.450
4432,18.458
4433,18.467
4434,18.468
4435,18.471
4436,18.477
4437,18.479
4438,18.480
4439,18.485
4440,18.488
4441,18.488
4442,18.492
4443,18.495
4444,18.501
4445,18.503
4446,18.504
4447,18.508
4448,18.510
4449,18.514
4450,18.517
4451,18.518
4452,18.521
4453,18.524
4454,18.525
4455,18.525
4456,18.526
4457,18.526
4458,18.527
4459,18.528
4460,18.528
4461,18.532
4462,18.534
4463,18.538
4464,18.540
4465,18.552
4466,18.561
4467,18.562
4468,18.565
4469,18.568
4470,18.568
4471,18.578
4472,18.587
4473,18.588
4474,18.591
4475,18.592
4476,18.593
4477,18.594
4478,18.594
4479,18.595
4480,18.596
4481,18.601
4482,18.603
4483,18.604
4484,18.608
4485,18.610
4486,18.614
4487,18.616
4488,18.617
4489,18.621
4490,18.623
4491,18.627
4492,18.630
4493,18.630
4494,18.634
4495,18.640
4496,18.648
4497,18.649
4498,18.649
4499,18.651
4500,18.655
4501,18.656
4502,18.657
4503,18.658
4504,18.658
4505,18.659
4506,18.662
4507,18.664
4508,18.665
4509,18.666
4510,18.667
4511,18.671
4512,18.673
4513,18.683
4514,18.693
4515,18.696
4516,18.699
4517,18.699
4518,18.700
4519,18.702
4520,18.702
4521,18.703
4522,18.704
4523,18.705
4524,18.706
4525,18.707
4526,18.708
4527,18.709
4528,18.709
4529,18.710
4530,18.713
4531,18.716
4532,18.716
4533,18.720
4534,18.722
4535,18.723
4536,18.724
4537,18.725
4538,18.726
4539,18.727
4540,18.731
4541,18.733
4542,18.744
4543,18.752
4544,18.755
4545,18.757
4546,18.758
4547,18.759
4548,18.760
4549,18.761
4550,18.761
4551,18.762
4552,18.764
4553,18.764
4554,18.765
4555,18.767
4556,18.767
4557,18.768
4558,18.768
4559,18.773
4560,18.775
4561,18.776
4562,18.779
4563,18.782
4564,18.792
4565,18.793
4566,18.794
4567,18.795
4568,18.796
4569,18.796
4570,18.797
4571,18.802
4572,18.804
4573,18.805
4574,18.807
4575,18.808
4576,18.809
4577,18.810
4578,18.810
4579,18.811
4580,18.812
4581,18.812
4582,18.816
4583,18.824
4584,18.825
4585,18.831
4586,18.833
4587,18.834
4588,18.835
4589,18.842
4590,18.850
4591,18.854
4592,18.855
4593,18.855
4594,18.856
4595,18.859
4596,18.861
4597,18.861
4598,18.862
4599,18.863
4600,18.863
4601,18.864
4602,18.864
4603,18.868
4604,18.871
4605,18.882
4606,18.884
4607,18.884
4608,18.885
4609,18.894
4610,18.899
4611,18.904
4612,18.907
4613,18.908
4614,18.908
4615,18.916
4616,18.920
4617,18.921
4618,18.926
4619,18.929
4620,18.934
4621,18.937
4622,18.938
4623,18.943
4624,18.946
4625,18.947
4626,18.952
4627,18.955
4628,18.959
4629,18.963
4630,18.963
4631,18.968
4632,18.971
4633,18.975
4634,18.979
4635,18.980
4636,18.984
4637,18.987
4638,18.991
4639,19.003
4640,19.003
4641,19.004
4642,19.006
4643,19.012
4644,19.016
4645,19.020
4646,19.023
4647,19.024
4648,19.030
4649,19.033
4650,19.034
4651,19.039
4652,19.042
4653,19.043
4654,19.044
4655,19.045
4656,19.046
4657,19.047
4658,19.048
4659,19.050
4660,19.056
4661,19.060
4662,19.064
4663,19.068
4664,19.075
4665,19.079
4666,19.080
4667,19.082
4668,19.083
4669,19.087
4670,19.093
4671,19.098
4672,19.099
4673,19.103
4674,19.105
4675,19.106
4676,19.108
4677,19.108
4678,19.113
4679,19.117
4680,19.124
4681,19.128
4682,19.171
4683,19.177
4684,19.178
4685,19.179
4686,19.180
4687,19.180
4688,19.181
4689,19.182
4690,19.183
4691,19.214
4692,19.245
4693,19.252
4694,19.255
4695,19.260
4696,19.268
4697,19.273
4698,19.280
4699,19.285
4700,19.286
4701,19.287
4702,19.293
4703,19.297
4704,19.308
4705,19.322
4706,19.325
4707,19.332
4708,19.333
4709,19.339
4710,19.341
4711,19.344
4712,19.347
4713,19.348
4714,19.349
4715,19.350
4716,19.356
4717,19.358
4718,19.358
4719,19.363
4720,19.369
4721,19.380
4722,19.381
4723,19.381
4724,19.385
4725,19.399
4726,19.400
4727,19.400
4728,19.404
4729,19.407
4730,19.411
4731,19.416
4732,19.418
4733,19.421
4734,19.423
4735,19.424
4736,19.425
4737,19.426
4738,19.427
4739,19.427
4740,19.428
4741,19.430
4742,19.432
4743,19.433
4744,19.437
4745,19.440
4746,19.441
4747,19.445
4748,19.448
4749,19.452
4750,19.455
4751,19.455
4752,19.457
4753,19.459
4754,19.460
4755,19.465
4756,19.468
4757,19.473
4758,19.475
4759,19.479
4760,19.482
4761,19.487
4762,19.491
4763,19.491
4764,19.495
4765,19.496
4766,19.497
4767,19.497
4768,19.498
4769,19.499
4770,19.499
4771,19.500
4772,19.501
4773,19.504
4774,19.505
4775,19.507
4776,19.508
4777,19.509
4778,19.510
4779,19.510
4780,19.511
4781,19.511
4782,19.515
4783,19.517
4784,19.520
4785,19.523
4786,19.524
4787,19.524
4788,19.525
4789,19.528
4790,19.535
4791,19.538
4792,19.542
4793,19.545
4794,19.549
4795,19.555
4796,19.558
4797,19.562
4798,19.563
4799,19.564
4800,19.565
4801,19.568
4802,19.569
4803,19.569
4804,19.570
4805,19.574
4806,19.575
4807,19.576
4808,19.576
4809,19.577
4810,19.581
4811,19.584
4812,19.585
4813,19.587
4814,19.588
4815,19.589
4816,19.592
4817,19.593
4818,19.599
4819,19.602
4820,19.606
4821,19.609
4822,19.613
4823,19.616
4824,19.621
4825,19.624
4826,19.625
4827,19.630
4828,19.631
4829,19.631
4830,19.632
4831,19.633
4832,19.633
4833,19.634
4834,19.634
4835,19.635
4836,19.638
4837,19.639
4838,19.640
4839,19.643
4840,19.649
4841,19.652
4842,19.655
4843,19.656
4844,19.656
4845,19.657
4846,19.658
4847,19.658
4848,19.662
4849,19.665
4850,19.668
4851,19.671
4852,19.672
4853,19.672
4854,19.673
4855,19.676
4856,19.683
4857,19.686
4858,19.691
4859,19.694
4860,19.698
4861,19.701
4862,19.706
4863,19.706
4864,19.707
4865,19.711
4866,19.712
4867,19.713
4868,19.714
4869,19.717
4870,19.717
4871,19.719
4872,19.722
4873,19.722
4874,19.723
4875,19.728
4876,19.731
4877,19.736
4878,19.739
4879,19.743
4880,19.746
4881,19.752
4882,19.755
4883,19.755
4884,19.760
4885,19.761
4886,19.761
4887,19.762
4888,19.763
4889,19.764
4890,19.764
4891,19.765
4892,19.766
4893,19.769
4894,19.770
4895,19.773
4896,19.779
4897,19.782
4898,19.786
4899,19.787
4900,19.787
4901,19.788
4902,19.788
4903,19.789
4904,19.793
4905,19.796
4906,19.799
4907,19.802
4908,19.803
4909,19.804
4910,19.807
4911,19.807
4912,19.811
4913,19.814
4914,19.815
4915,19.820
4916,19.822
4917,19.827
4918,19.830
4919,19.842
4920,19.854
4921,19.855
4922,19.856
4923,19.857
4924,19.858
4925,19.859
4926,19.860
4927,19.861
4928,19.862
4929,19.863
4930,19.865
4931,19.866
4932,19.867
4933,19.869
4934,19.870
4935,19.877
4936,19.878
4937,19.879
4938,19.882
4939,19.883
4940,19.884
4941,19.885
4942,19.888
4943,19.889
4944,19.890
4945,19.898
4946,19.899
4947,19.899
4948,19.900
4949,19.901
4950,19.908
4951,19.919
4952,19.920
4953,19.921
4954,19.931
4955,19.940
4956,19.940
4957,19.947
4958,19.958
4959,19.966
4960,19.970
4961,19.980
4962,19.988
4963,19.996
4964,20.004
4965,20.013
4966,20.017
4967,20.025
4968,20.034
4969,20.043
4970,20.050
4971,20.059
4972,20.063
4973,20.071
4974,20.080
4975,20.089
4976,20.097
4977,20.106
4978,20.109
4979,20.118
4980,20.126
4981,20.135
4982,20.143
4983,20.144
4984,20.144
4985,20.145
4986,20.145
4987,20.153
4988,20.161
4989,20.169
4990,20.170
4991,20.170
4992,20.174
4993,20.182
4994,20.186
4995,20.194
4996,20.195
4997,20.198
4998,20.207
4999,20.210
5000,20.219
5001,20.226
5002,20.234
5003,20.242
5004,20.250
5005,20.253
5006,20.261
5007,20.269
5008,20.278
5009,20.285
5010,20.293
5011,20.297
5012,20.305
5013,20.312
5014,20.319
5015,20.326
5016,20.333
5017,20.337
5018,20.345
5019,20.357
5020,20.371
5021,20.382
5022,20.384
5023,20.385
5024,20.386
5025,20.387
5026,20.388
5027,20.389
5028,20.393
5029,20.406
5030,20.419
5031,20.420
5032,20.421
5033,20.434
5034,20.447
5035,20.451
5036,20.453
5037,20.454
5038,20.455
5039,20.467
5040,20.481
5041,20.482
5042,20.483
5043,20.495
5044,20.497
5045,20.497
5046,20.502
5047,20.514
5048,20.515
5049,20.526
5050,20.547
5051,20.558
5052,20.558
5053,20.570
5054,20.571
5055,20.572
5056,20.573
5057,20.574
5058,20.578
5059,20.580
5060,20.581
5061,20.582
5062,20.583
5063,20.583
5064,20.596
5065,20.609
5066,20.610
5067,20.622
5068,20.623
5069,20.624
5070,20.625
5071,20.626
5072,20.630
5073,20.642
5074,20.647
5075,20.659
5076,20.660
5077,20.666
5078,20.678
5079,20.679
5080,20.684
5081,20.695
5082,20.696
5083,20.701
5084,20.702
5085,20.703
5086,20.704
5087,20.705
5088,20.706
5089,20.710
5090,20.725
5091,20.727
5092,20.728
5093,20.743
5094,20.768
5095,20.782
5096,20.796
5097,20.806
5098,20.807
5099,20.815
5100,20.824
5101,20.825
5102,20.825
5103,20.826
5104,20.830
5105,20.838
5106,20.839
5107,20.842
5108,20.851
5109,20.852
5110,20.856
5111,20.866
5112,20.877
5113,20.887
5114,20.888
5115,20.896
5116,20.905
5117,20.906
5118,20.906
5119,20.907
5120,20.910
5121,20.919
5122,20.920
5123,20.924
5124,20.932
5125,20.933
5126,20.937
5127,20.945
5128,20.949
5129,20.957
5130,20.965
5131,20.974
5132,20.981
5133,20.990
5134,20.997
5135,21.005
5136,21.013
5137,21.021
5138,21.025
5139,21.033
5140,21.041
5141,21.049
5142,21.057
5143,21.065
5144,21.069
5145,21.077
5146,21.085
5147,21.093
5148,21.101
5149,21.109
5150,21.112
5151,21.120
5152,21.128
5153,21.137
5154,21.146
5155,21.149
5156,21.150
5157,21.151
5158,21.152
5159,21.153
5160,21.154
5161,21.160
5162,21.170
5163,21.170
5164,21.171
5165,21.172
5166,21.175
5167,21.175
5168,21.176
5169,21.180
5170,21.192
5171,21.193
5172,21.193
5173,21.194
5174,21.195
5175,21.199
5176,21.208
5177,21.208
5178,21.209
5179,21.210
5180,21.211
5181,21.213
5182,21.215
5183,21.216
5184,21.217
5185,21.221
5186,21.226
5187,21.229
5188,21.232
5189,21.241
5190,21.242
5191,21.243
5192,21.244
5193,21.248
5194,21.257
5195,21.257
5196,21.258
5197,21.259
5198,21.261
5199,21.262
5200,21.264
5201,21.264
5202,21.265
5203,21.266
5204,21.267
5205,21.269
5206,21.273
5207,21.274
5208,21.276
5209,21.277
5210,21.277
5211,21.278
5212,21.278
5213,21.280
5214,21.284
5215,21.285
5216,21.285
5217,21.291
5218,21.294
5219,21.295
5220,21.298
5221,21.300
5222,21.301
5223,21.303
5224,21.303
5225,21.308
5226,21.310
5227,21.316
5228,21.320
5229,21.351
5230,21.356
5231,21.357
5232,21.358
5233,21.358
5234,21.359
5235,21.360
5236,21.361
5237,21.361
5238,21.385
5239,21.408
5240,21.413
5241,21.414
5242,21.415
5243,21.420
5244,21.423
5245,21.427
5246,21.433
5247,21.437
5248,21.440
5249,21.442
5250,21.442
5251,21.443
5252,21.444
5253,21.447
5254,21.448
5255,21.449
5256,21.454
5257,21.455
5258,21.463
5259,21.472
5260,21.476
5261,21.477
5262,21.477
5263,21.482
5264,21.484
5265,21.491
5266,21.497
5267,21.497
5268,21.498
5269,21.499
5270,21.501
5271,21.513
5272,21.514
5273,21.514
5274,21.515
5275,21.521
5276,21.532
5277,21.550
5278,21.563
5279,21.564
5280,21.565
5281,21.566
5282,21.567
5283,21.568
5284,21.569
5285,21.571
5286,21.572
5287,21.573
5288,21.574
5289,21.576
5290,21.577
5291,21.579
5292,21.580
5293,21.587
5294,21.588
5295,21.589
5296,21.593
5297,21.594
5298,21.595
5299,21.596
5300,21.600
5301,21.601
5302,21.601
5303,21.610
5304,21.611
5305,21.612
5306,21.612
5307,21.613
5308,21.625
5309,21.640
5310,21.650
5311,21.650
5312,21.651
5313,21.655
5314,21.663
5315,21.671
5316,21.679
5317,21.687
5318,21.696
5319,21.699
5320,21.708
5321,21.716
5322,21.725
5323,21.733
5324,21.741
5325,21.745
5326,21.754
5327,21.762
5328,21.770
5329,21.777
5330,21.784
5331,21.787
5332,21.794
5333,21.807
5334,21.820
5335,21.831
5336,21.833
5337,21.834
5338,21.834
5339,21.835
5340,21.847
5341,21.859
5342,21.871
5343,21.872
5344,21.873
5345,21.878
5346,21.890
5347,21.895
5348,21.907
5349,21.908
5350,21.909
5351,21.921
5352,21.932
5353,21.944
5354,21.955
5355,21.960
5356,21.972
5357,21.982
5358,21.993
5359,22.004
5360,22.015
5361,22.019
5362,22.031
5363,22.042
5364,22.054
5365,22.064
5366,22.076
5367,22.081
5368,22.092
5369,22.103
5370,22.114
5371,22.125
5372,22.136
5373,22.141
5374,22.152
5375,22.163
5376,22.174
5377,22.189
5378,22.190
5379,22.191
5380,22.192
5381,22.193
5382,22.195
5383,22.196
5384,22.197
5385,22.198
5386,22.199
5387,22.205
5388,22.218
5389,22.233
5390,22.234
5391,22.235
5392,22.245
5393,22.246
5394,22.247
5395,22.248
5396,22.248
5397,22.252
5398,22.253
5399,22.254
5400,22.254
5401,22.255
5402,22.256
5403,22.266
5404,22.275
5405,22.276
5406,22.284
5407,22.285
5408,22.286
5409,22.287
5410,22.290
5411,22.299
5412,22.310
5413,22.311
5414,22.311
5415,22.312
5416,22.313
5417,22.313
5418,22.324
5419,22.332
5420,22.332
5421,22.333
5422,22.338
5423,22.347
5424,22.348
5425,22.352
5426,22.360
5427,22.364
5428,22.365
5429,22.365
5430,22.366
5431,22.367
5432,22.371
5433,22.380
5434,22.390
5435,22.399
5436,22.400
5437,22.401
5438,22.409
5439,22.410
5440,22.414
5441,22.415
5442,22.424
5443,22.425
5444,22.429
5445,22.430
5446,22.431
5447,22.435
5448,22.443
5449,22.444
5450,22.445
5451,22.446
5452,22.450
5453,22.458
5454,22.469
5455,22.478
5456,22.479
5457,22.480
5458,22.490
5459,22.491
5460,22.492
5461,22.496
5462,22.504
5463,22.505
5464,22.505
5465,22.506
5466,22.511
5467,22.512
5468,22.512
5469,22.513
5470,22.514
5471,22.515
5472,22.519
5473,22.527
5474,22.537
5475,22.546
5476,22.547
5477,22.548
5478,22.556
5479,22.557
5480,22.558
5481,22.561
5482,22.570
5483,22.571
5484,22.580
5485,22.597
5486,22.605
5487,22.606
5488,22.616
5489,22.616
5490,22.617
5491,22.618
5492,22.619
5493,22.622
5494,22.623
5495,22.624
5496,22.625
5497,22.629
5498,22.637
5499,22.641
5500,22.650
5501,22.650
5502,22.661
5503,22.671
5504,22.672
5505,22.681
5506,22.700
5507,22.709
5508,22.710
5509,22.719
5510,22.728
5511,22.733
5512,22.743
5513,22.743
5514,22.747
5515,22.756
5516,22.760
5517,22.762
5518,22.762
5519,22.763
5520,22.764
5521,22.768
5522,22.778
5523,22.789
5524,22.799
5525,22.801
5526,22.811
5527,22.822
5528,22.823
5529,22.824
5530,22.824
5531,22.829
5532,22.839
5533,22.851
5534,22.862
5535,22.863
5536,22.873
5537,22.883
5538,22.884
5539,22.885
5540,22.885
5541,22.890
5542,22.899
5543,22.903
5544,22.913
5545,22.922
5546,22.932
5547,22.941
5548,22.950
5549,22.959
5550,22.968
5551,22.977
5552,22.986
5553,22.990
5554,23.000
5555,23.009
5556,23.019
5557,23.028
5558,23.037
5559,23.041
5560,23.051
5561,23.060
5562,23.070
5563,23.079
5564,23.088
5565,23.092
5566,23.102
5567,23.110
5568,23.119
5569,23.157
5570,23.162
5571,23.163
5572,23.164
5573,23.164
5574,23.165
5575,23.166
5576,23.167
5577,23.168
5578,23.169
5579,23.170
5580,23.195
5581,23.221
5582,23.227
5583,23.228
5584,23.229
5585,23.230
5586,23.231
5587,23.232
5588,23.232
5589,23.234
5590,23.234
5591,23.235
5592,23.241
5593,23.242
5594,23.243
5595,23.243
5596,23.244
5597,23.250
5598,23.253
5599,23.255
5600,23.255
5601,23.256
5602,23.256
5603,23.257
5604,23.258
5605,23.259
5606,23.260
5607,23.260
5608,23.261
5609,23.264
5610,23.265
5611,23.266
5612,23.267
5613,23.268
5614,23.272
5615,23.275
5616,23.276
5617,23.279
5618,23.286
5619,23.290
5620,23.291
5621,23.295
5622,23.301
5623,23.302
5624,23.318
5625,23.336
5626,23.337
5627,23.338
5628,23.340
5629,23.341
5630,23.342
5631,23.344
5632,23.345
5633,23.346
5634,23.348
5635,23.349
5636,23.351
5637,23.353
5638,23.354
5639,23.356
5640,23.367
5641,23.368
5642,23.369
5643,23.382
5644,23.395
5645,23.416
5646,23.429
5647,23.430
5648,23.441
5649,23.442
5650,23.443
5651,23.444
5652,23.457
5653,23.459
5654,23.460
5655,23.461
5656,23.473
5657,23.486
5658,23.500
5659,23.502
5660,23.503
5661,23.504
5662,23.515
5663,23.529
5664,23.541
5665,23.543
5666,23.544
5667,23.545
5668,23.556
5669,23.568
5670,23.573
5671,23.575
5672,23.576
5673,23.577
5674,23.588
5675,23.601
5676,23.618
5677,23.631
5678,23.632
5679,23.633
5680,23.644
5681,23.646
5682,23.647
5683,23.647
5684,23.659
5685,23.671
5686,23.683
5687,23.685
5688,23.686
5689,23.687
5690,23.698
5691,23.710
5692,23.722
5693,23.723
5694,23.724
5695,23.725
5696,23.738
5697,23.752
5698,23.765
5699,23.767
5700,23.769
5701,23.770
5702,23.780
5703,23.791
5704,23.796
5705,23.797
5706,23.798
5707,23.798
5708,23.799
5709,23.803
5710,23.813
5711,23.823
5712,23.824
5713,23.824
5714,23.834
5715,23.835
5716,23.836
5717,23.837
5718,23.848
5719,23.859
5720,23.860
5721,23.871
5722,23.880
5723,23.880
5724,23.884
5725,23.885
5726,23.886
5727,23.887
5728,23.899
5729,23.916
5730,23.917
5731,23.918
5732,23.918
5733,23.929
5734,23.939
5735,23.940
5736,23.950
5737,23.958
5738,23.959
5739,23.960
5740,23.961
5741,23.965
5742,23.966
5743,23.967
5744,23.967
5745,23.979
5746,23.989
5747,23.990
5748,24.000
5749,24.009
5750,24.010
5751,24.011
5752,24.011
5753,24.021
5754,24.022
5755,24.022
5756,24.023
5757,24.032
5758,24.041
5759,24.049
5760,24.051
5761,24.051
5762,24.052
5763,24.061
5764,24.062
5765,24.063
5766,24.064
5767,24.072
5768,24.081
5769,24.089
5770,24.090
5771,24.091
5772,24.092
5773,24.100
5774,24.110
5775,24.118
5776,24.119
5777,24.120
5778,24.121
5779,24.128
5780,24.137
5781,24.151
5782,24.152
5783,24.153
5784,24.154
5785,24.155
5786,24.160
5787,24.161
5788,24.162
5789,24.167
5790,24.178
5791,24.181
5792,24.181
5793,24.182
5794,24.187
5795,24.200
5796,24.201
5797,24.202
5798,24.202
5799,24.203
5800,24.208
5801,24.217
5802,24.218
5803,24.219
5804,24.220
5805,24.221
5806,24.226
5807,24.227
5808,24.228
5809,24.228
5810,24.229
5811,24.230
5812,24.230
5813,24.231
5814,24.236
5815,24.247
5816,24.256
5817,24.257
5818,24.258
5819,24.263
5820,24.272
5821,24.273
5822,24.274
5823,24.276
5824,24.277
5825,24.279
5826,24.279
5827,24.289
5828,24.293
5829,24.298
5830,24.301
5831,24.310
5832,24.319
5833,24.319
5834,24.320
5835,24.322
5836,24.322
5837,24.328
5838,24.331
5839,24.342
5840,24.345
5841,24.350
5842,24.352
5843,24.361
5844,24.369
5845,24.370
5846,24.372
5847,24.372
5848,24.373
5849,24.374
5850,24.380
5851,24.389
5852,24.393
5853,24.404
5854,24.407
5855,24.412
5856,24.426
5857,24.429
5858,24.430
5859,24.431
5860,24.435
5861,24.439
5862,24.445
5863,24.454
5864,24.459
5865,24.461
5866,24.469
5867,24.478
5868,24.486
5869,24.488
5870,24.490
5871,24.491
5872,24.492
5873,24.496
5874,24.497
5875,24.497
5876,24.498
5877,24.503
5878,24.505
5879,24.516
5880,24.519
5881,24.520
5882,24.524
5883,24.533
5884,24.535
5885,24.537
5886,24.547
5887,24.547
5888,24.548
5889,24.549
5890,24.555
5891,24.557
5892,24.567
5893,24.568
5894,24.568
5895,24.569
5896,24.574
5897,24.578
5898,24.579
5899,24.580
5900,24.581
5901,24.586
5902,24.601
5903,24.611
5904,24.611
5905,24.612
5906,24.614
5907,24.616
5908,24.618
5909,24.620
5910,24.621
5911,24.622
5912,24.623
5913,24.623
5914,24.624
5915,24.625
5916,24.626
5917,24.628
5918,24.633
5919,24.642
5920,24.643
5921,24.644
5922,24.650
5923,24.652
5924,24.666
5925,24.675
5926,24.676
5927,24.677
5928,24.690
5929,24.701
5930,24.703
5931,24.704
5932,24.719
5933,24.730
5934,24.732
5935,24.734
5936,24.742
5937,24.751
5938,24.752
5939,24.753
5940,24.754
5941,24.754
5942,24.756
5943,24.756
5944,24.757
5945,24.758
5946,24.758
5947,24.759
5948,24.761
5949,24.765
5950,24.766
5951,24.779
5952,24.791
5953,24.792
5954,24.794
5955,24.795
5956,24.796
5957,24.797
5958,24.798
5959,24.799
5960,24.800
5961,24.801
5962,24.802
5963,24.803
5964,24.805
5965,24.806
5966,24.807
5967,24.808
5968,24.816
5969,24.817
5970,24.818
5971,24.818
5972,24.819
5973,24.827
5974,24.828
5975,24.829
5976,24.829
5977,24.830
5978,24.836
5979,24.839
5980,24.846
5981,24.847
5982,24.848
5983,24.849
5984,24.850
5985,24.857
5986,24.862
5987,24.873
5988,24.874
5989,24.875
5990,24.877
5991,24.878
5992,24.888
5993,24.892
5994,24.893
5995,24.897
5996,24.898
5997,24.900
5998,24.901
5999,24.911
6000,24.915
6001,24.939
6002,24.954
6003,24.965
6004,24.966
6005,24.967
6006,24.968
6007,24.970
6008,24.979
6009,24.982
6010,24.992
6011,24.993
6012,24.994
6013,24.995
6014,24.997
6015,25.005
6016,25.009
6017,25.019
6018,25.020
6019,25.021
6020,25.022
6021,25.023
6022,25.032
6023,25.036
6024,25.046
6025,25.048
6026,25.049
6027,25.050
6028,25.051
6029,25.060
6030,25.065
6031,25.066
6032,25.068
6033,25.069
6034,25.070
6035,25.071
6036,25.072
6037,25.077
6038,25.087
6039,25.088
6040,25.089
6041,25.100
6042,25.101
6043,25.102
6044,25.103
6045,25.104
6046,25.116
6047,25.123
6048,25.124
6049,25.133
6050,25.136
6051,25.138
6052,25.142
6053,25.143
6054,25.144
6055,25.145
6056,25.146
6057,25.147
6058,25.167
6059,25.183
6060,25.192
6061,25.193
6062,25.194
6063,25.196
6064,25.197
6065,25.209
6066,25.215
6067,25.217
6068,25.226
6069,25.231
6070,25.232
6071,25.233
6072,25.234
6073,25.235
6074,25.236
6075,25.237
6076,25.238
6077,25.240
6078,25.252
6079,25.258
6080,25.259
6081,25.269
6082,25.273
6083,25.274
6084,25.275
6085,25.276
6086,25.286
6087,25.287
6088,25.288
6089,25.290
6090,25.291
6091,25.299
6092,25.304
6093,25.314
6094,25.316
6095,25.317
6096,25.318
6097,25.319
6098,25.330
6099,25.331
6100,25.333
6101,25.334
6102,25.335
6103,25.345
6104,25.350
6105,25.361
6106,25.362
6107,25.363
6108,25.364
6109,25.365
6110,25.372
6111,25.375
6112,25.381
6113,25.382
6114,25.383
6115,25.384
6116,25.385
6117,25.391
6118,25.394
6119,25.395
6120,25.396
6121,25.396
6122,25.397
6123,25.398
6124,25.399
6125,25.400
6126,25.403
6127,25.406
6128,25.407
6129,25.408
6130,25.409
6131,25.417
6132,25.428
6133,25.433
6134,25.434
6135,25.440
6136,25.443
6137,25.444
6138,25.447
6139,25.449
6140,25.453
6141,25.454
6142,25.455
6143,25.462
6144,25.464
6145,25.473
6146,25.476
6147,25.488
6148,25.492
6149,25.493
6150,25.494
6151,25.505
6152,25.509
6153,25.509
6154,25.510
6155,25.511
6156,25.516
6157,25.520
6158,25.521
6159,25.522
6160,25.522
6161,25.523
6162,25.524
6163,25.525
6164,25.525
6165,25.526
6166,25.527
6167,25.528
6168,25.531
6169,25.531
6170,25.532
6171,25.535
6172,25.536
6173,25.536
6174,25.537
6175,25.538
6176,25.541
6177,25.545
6178,25.555
6179,25.562
6180,25.573
6181,25.583
6182,25.592
6183,25.603
6184,25.604
6185,25.604
6186,25.605
6187,25.606
6188,25.612
6189,25.621
6190,25.625
6191,25.627
6192,25.629
6193,25.631
6194,25.634
6195,25.634
6196,25.635
6197,25.636
6198,25.637
6199,25.638
6200,25.638
6201,25.639
6202,25.640
6203,25.642
6204,25.647
6205,25.648
6206,25.651
6207,25.653
6208,25.655
6209,25.656
6210,25.657
6211,25.659
6212,25.660
6213,25.662
6214,25.666
6215,25.675
6216,25.678
6217,25.679
6218,25.680
6219,25.681
6220,25.688
6221,25.691
6222,25.696
6223,25.705
6224,25.709
6225,25.718
6226,25.722
6227,25.723
6228,25.724
6229,25.725
6230,25.725
6231,25.733
6232,25.733
6233,25.735
6234,25.740
6235,25.741
6236,25.746
6237,25.747
6238,25.748
6239,25.755
6240,25.757
6241,25.758
6242,25.760
6243,25.761
6244,25.762
6245,25.762
6246,25.768
6247,25.770
6248,25.782
6249,25.785
6250,25.786
6251,25.798
6252,25.801
6253,25.811
6254,25.812
6255,25.812
6256,25.819
6257,25.820
6258,25.821
6259,25.822
6260,25.823
6261,25.824
6262,25.831
6263,25.833
6264,25.842
6265,25.843
6266,25.843
6267,25.844
6268,25.860
6269,25.861
6270,25.862
6271,25.863
6272,25.864
6273,25.870
6274,25.870
6275,25.871
6276,25.872
6277,25.873
6278,25.873
6279,25.874
6280,25.874
6281,25.875
6282,25.876
6283,25.880
6284,25.882
6285,25.883
6286,25.883
6287,25.884
6288,25.896
6289,25.896
6290,25.901
6291,25.906
6292,25.906
6293,25.908
6294,25.913
6295,25.927
6296,25.928
6297,25.929
6298,25.930
6299,25.931
6300,25.936
6301,25.945
6302,25.946
6303,25.947
6304,25.949
6305,25.951
6306,25.954
6307,25.958
6308,25.959
6309,25.965
6310,25.976
6311,25.986
6312,25.987
6313,25.988
6314,25.990
6315,25.991
6316,25.992
6317,25.993
6318,25.994
6319,25.995
6320,26.006
6321,26.010
6322,26.018
6323,26.027
6324,26.028
6325,26.029
6326,26.031
6327,26.032
6328,26.042
6329,26.046
6330,26.055
6331,26.064
6332,26.065
6333,26.066
6334,26.069
6335,26.070
6336,26.075
6337,26.076
6338,26.076
6339,26.078
6340,26.081
6341,26.083
6342,26.089
6343,26.098
6344,26.111
6345,26.112
6346,26.112
6347,26.113
6348,26.115
6349,26.120
6350,26.121
6351,26.123
6352,26.124
6353,26.125
6354,26.127
6355,26.139
6356,26.144
6357,26.145
6358,26.153
6359,26.154
6360,26.154
6361,26.156
6362,26.161
6363,26.162
6364,26.164
6365,26.165
6366,26.166
6367,26.176
6368,26.186
6369,26.191
6370,26.192
6371,26.192
6372,26.193
6373,26.195
6374,26.200
6375,26.201
6376,26.203
6377,26.204
6378,26.205
6379,26.206
6380,26.208
6381,26.213
6382,26.216
6383,26.221
6384,26.222
6385,26.228
6386,26.238
6387,26.242
6388,26.243
6389,26.244
6390,26.250
6391,26.252
6392,26.260
6393,26.266
6394,26.267
6395,26.270
6396,26.278
6397,26.284
6398,26.289
6399,26.299
6400,26.309
6401,26.312
6402,26.314
6403,26.316
6404,26.317
6405,26.321
6406,26.322
6407,26.323
6408,26.323
6409,26.324
6410,26.326
6411,26.331
6412,26.335
6413,26.346
6414,26.354
6415,26.358
6416,26.359
6417,26.360
6418,26.364
6419,26.365
6420,26.367
6421,26.377
6422,26.379
6423,26.384
6424,26.397
6425,26.398
6426,26.400
6427,26.401
6428,26.409
6429,26.414
6430,26.424
6431,26.425
6432,26.427
6433,26.428
6434,26.436
6435,26.445
6436,26.447
6437,26.448
6438,26.450
6439,26.452
6440,26.458
6441,26.476
6442,26.485
6443,26.486
6444,26.488
6445,26.491
6446,26.493
6447,26.497
6448,26.499
6449,26.502
6450,26.505
6451,26.510
6452,26.512
6453,26.515
6454,26.517
6455,26.521
6456,26.522
6457,26.531
6458,26.546
6459,26.547
6460,26.568
6461,26.583
6462,26.585
6463,26.586
6464,26.599
6465,26.614
6466,26.623
6467,26.637
6468,26.638
6469,26.639
6470,26.640
6471,26.641
6472,26.644
6473,26.648
6474,26.649
6475,26.650
6476,26.652
6477,26.652
6478,26.653
6479,26.654
6480,26.657
6481,26.664
6482,26.666
6483,26.668
6484,26.675
6485,26.677
6486,26.678
6487,26.679
6488,26.680
6489,26.686
6490,26.695
6491,26.697
6492,26.698
6493,26.699
6494,26.701
6495,26.714
6496,26.735
6497,26.743
6498,26.744
6499,26.753
6500,26.758
6501,26.759
6502,26.763
6503,26.764
6504,26.768
6505,26.772
6506,26.774
6507,26.775
6508,26.776
6509,26.778
6510,26.783
6511,26.784
6512,26.785
6513,26.786
6514,26.787
6515,26.788
6516,26.789
6517,26.790
6518,26.791
6519,26.792
6520,26.793
6521,26.798
6522,26.804
6523,26.818
6524,26.826
6525,26.828
6526,26.830
6527,26.838
6528,26.841
6529,26.841
6530,26.842
6531,26.843
6532,26.844
6533,26.861
6534,26.868
6535,26.876
6536,26.880
6537,26.881
6538,26.882
6539,26.883
6540,26.883
6541,26.899
6542,26.907
6543,26.908
6544,26.910
6545,26.919
6546,26.925
6547,26.928
6548,26.929
6549,26.930
6550,26.931
6551,26.949
6552,26.954
6553,26.955
6554,26.962
6555,26.967
6556,26.969
6557,26.977
6558,26.993
6559,27.003
6560,27.003
6561,27.014
6562,27.024
6563,27.025
6564,27.036
6565,27.044
6566,27.045
6567,27.057
6568,27.060
6569,27.061
6570,27.067
6571,27.070
6572,27.073
6573,27.078
6574,27.090
6575,27.099
6576,27.099
6577,27.111
6578,27.121
6579,27.122
6580,27.133
6581,27.142
6582,27.143
6583,27.146
6584,27.154
6585,27.159
6586,27.160
6587,27.162
6588,27.163
6589,27.164
6590,27.165
6591,27.165
6592,27.166
6593,27.171
6594,27.175
6595,27.176
6596,27.177
6597,27.182
6598,27.183
6599,27.184
6600,27.185
6601,27.186
6602,27.190
6603,27.196
6604,27.200
6605,27.204
6606,27.217
6607,27.229
6608,27.230
6609,27.240
6610,27.248
6611,27.255
6612,27.267
6613,27.268
6614,27.269
6615,27.270
6616,27.271
6617,27.280
6618,27.293
6619,27.300
6620,27.304
6621,27.308
6622,27.312
6623,27.317
6624,27.318
6625,27.321
6626,27.325
6627,27.329
6628,27.332
6629,27.337
6630,27.341
6631,27.342
6632,27.347
6633,27.350
6634,27.351
6635,27.355
6636,27.360
6637,27.371
6638,27.374
6639,27.376
6640,27.377
6641,27.378
6642,27.387
6643,27.389
6644,27.395
6645,27.404
6646,27.408
6647,27.418
6648,27.423
6649,27.424
6650,27.424
6651,27.425
6652,27.426
6653,27.434
6654,27.435
6655,27.436
6656,27.441
6657,27.457
6658,27.458
6659,27.459
6660,27.465
6661,27.468
6662,27.469
6663,27.472
6664,27.473
6665,27.474
6666,27.475
6667,27.477
6668,27.491
6669,27.495
6670,27.496
6671,27.508
6672,27.512
6673,27.524
6674,27.524
6675,27.525
6676,27.534
6677,27.535
6678,27.536
6679,27.537
6680,27.538
6681,27.540
6682,27.549
6683,27.552
6684,27.561
6685,27.562
6686,27.563
6687,27.564
6688,27.577
6689,27.589
6690,27.590
6691,27.594
6692,27.594
6693,27.594
6694,27.594
6695,27.595
6696,27.596
6697,27.597
6698,27.599
6699,27.600
6700,27.601
6701,27.602
6702,27.604
6703,27.605
6704,27.614
6705,27.615
6706,27.616
6707,27.620
6708,27.622
6709,27.622
6710,27.623
6711,27.628
6712,27.629
6713,27.630
6714,27.640
6715,27.641
6716,27.642
6717,27.643
6718,27.644
6719,27.658
6720,27.674
6721,27.684
6722,27.685
6723,27.685
6724,27.697
6725,27.706
6726,27.716
6727,27.726
6728,27.735
6729,27.743
6730,27.753
6731,27.762
6732,27.772
6733,27.781
6734,27.791
6735,27.800
6736,27.809
6737,27.818
6738,27.822
6739,27.831
6740,27.832
6741,27.832
6742,27.833
6743,27.842
6744,27.851
6745,27.859
6746,27.860
6747,27.861
6748,27.870
6749,27.879
6750,27.887
6751,27.896
6752,27.905
6753,27.914
6754,27.922
6755,27.931
6756,27.939
6757,27.948
6758,27.955
6759,27.964
6760,27.973
6761,27.982
6762,27.990
6763,27.998
6764,28.003
6765,28.013
6766,28.013
6767,28.014
6768,28.018
6769,28.026
6770,28.036
6771,28.037
6772,28.037
6773,28.046
6774,28.047
6775,28.048
6776,28.049
6777,28.058
6778,28.066
6779,28.067
6780,28.075
6781,28.085
6782,28.086
6783,28.086
6784,28.087
6785,28.088
6786,28.092
6787,28.094
6788,28.095
6789,28.096
6790,28.097
6791,28.104
6792,28.116
6793,28.117
6794,28.133
6795,28.147
6796,28.149
6797,28.173
6798,28.174
6799,28.175
6800,28.176
6801,28.178
6802,28.179
6803,28.193
6804,28.206
6805,28.207
6806,28.222
6807,28.235
6808,28.236
6809,28.249
6810,28.262
6811,28.263
6812,28.264
6813,28.265
6814,28.266
6815,28.272
6816,28.273
6817,28.274
6818,28.280
6819,28.292
6820,28.293
6821,28.298
6822,28.309
6823,28.310
6824,28.315
6825,28.316
6826,28.317
6827,28.318
6828,28.334
6829,28.357
6830,28.369
6831,28.370
6832,28.371
6833,28.372
6834,28.387
6835,28.399
6836,28.400
6837,28.413
6838,28.424
6839,28.425
6840,28.426
6841,28.427
6842,28.442
6843,28.454
6844,28.456
6845,28.468
6846,28.480
6847,28.491
6848,28.504
6849,28.518
6850,28.532
6851,28.546
6852,28.556
6853,28.565
6854,28.574
6855,28.584
6856,28.594
6857,28.603
6858,28.612
6859,28.622
6860,28.631
6861,28.641
6862,28.649
6863,28.688
6864,28.692
6865,28.693
6866,28.693
6867,28.719
6868,28.745
6869,28.751
6870,28.752
6871,28.753
6872,28.754
6873,28.755
6874,28.755
6875,28.762
6876,28.763
6877,28.763
6878,28.764
6879,28.770
6880,28.771
6881,28.771
6882,28.773
6883,28.776
6884,28.814
6885,28.817
6886,28.818
6887,28.819
6888,28.819
6889,28.845
6890,28.871
6891,28.877
6892,28.878
6893,28.879
6894,28.885
6895,28.886
6896,28.886
6897,28.888
6898,28.891
6899,28.926
6900,28.930
6901,28.931
6902,28.932
6903,28.932
6904,28.933
6905,28.957
6906,28.982
6907,28.989
6908,28.997
6909,29.006
6910,29.015
6911,29.018
6912,29.029
6913,29.032
6914,29.033
6915,29.034
6916,29.035
6917,29.036
6918,29.037
6919,29.043
6920,29.046
6921,29.046
6922,29.047
6923,29.052
6924,29.064
6925,29.065
6926,29.065
6927,29.066
6928,29.071
6929,29.080
6930,29.081
6931,29.082
6932,29.083
6933,29.084
6934,29.085
6935,29.088
6936,29.088
6937,29.089
6938,29.094
6939,29.106
6940,29.115
6941,29.115
6942,29.116
6943,29.121
6944,29.130
6945,29.145
6946,29.155
6947,29.156
6948,29.157
6949,29.158
6950,29.158
6951,29.159
6952,29.160
6953,29.161
6954,29.162
6955,29.163
6956,29.164
6957,29.164
6958,29.165
6959,29.166
6960,29.167
6961,29.169
6962,29.179
6963,29.187
6964,29.188
6965,29.199
6966,29.209
6967,29.210
6968,29.216
6969,29.219
6970,29.229
6971,29.239
6972,29.240
6973,29.246
6974,29.249
6975,29.259
6976,29.268
6977,29.269
6978,29.275
6979,29.278
6980,29.291
6981,29.300
6982,29.301
6983,29.302
6984,29.303
6985,29.309
6986,29.312
6987,29.321
6988,29.330
6989,29.331
6990,29.331
6991,29.339
6992,29.342
6993,29.356
6994,29.365
6995,29.365
6996,29.366
6997,29.367
6998,29.372
6999,29.375
7000,29.381
7001,29.383
7002,29.392
7003,29.400
7004,29.401
7005,29.402
7006,29.412
7007,29.420
7008,29.421
7009,29.427
7010,29.429
7011,29.441
7012,29.450
7013,29.451
7014,29.452
7015,29.452
7016,29.457
7017,29.459
7018,29.465
7019,29.467
7020,29.477
7021,29.486
7022,29.487
7023,29.492
7024,29.495
7025,29.510
7026,29.511
7027,29.512
7028,29.513
7029,29.514
7030,29.515
7031,29.516
7032,29.517
7033,29.523
7034,29.525
7035,29.526
7036,29.527
7037,29.531
7038,29.542
7039,29.543
7040,29.543
7041,29.555
7042,29.560
7043,29.561
7044,29.570
7045,29.581
7046,29.585
7047,29.586
7048,29.596
7049,29.599
7050,29.600
7051,29.600
7052,29.618
7053,29.632
7054,29.633
7055,29.641
7056,29.646
7057,29.658
7058,29.669
7059,29.669
7060,29.682
7061,29.695
7062,29.696
7063,29.702
7064,29.706
7065,29.719
7066,29.731
7067,29.732
7068,29.739
7069,29.742
7070,29.754
7071,29.766
7072,29.767
7073,29.773
7074,29.777
7075,29.793
7076,29.805
7077,29.806
7078,29.807
7079,29.808
7080,29.809
7081,29.810
7082,29.811
7083,29.812
7084,29.813
7085,29.814
7086,29.815
7087,29.816
7088,29.817
7089,29.818
7090,29.819
7091,29.821
7092,29.827
7093,29.838
7094,29.853
7095,29.864
7096,29.871
7097,29.875
7098,29.875
7099,29.883
7100,29.887
7101,29.895
7102,29.898
7103,29.899
7104,29.901
7105,29.904
7106,29.909
7107,29.921
7108,29.922
7109,29.923
7110,29.939
7111,29.942
7112,29.943
7113,29.950
7114,29.954
7115,29.964
7116,29.969
7117,29.981
7118,29.984
7119,29.985
7120,29.994
7121,29.998
7122,29.999
7123,30.000
7124,30.002
7125,30.003
7126,30.013
7127,30.015
7128,30.016
7129,30.022
7130,30.024
7131,30.025
7132,30.026
7133,30.029
7134,30.033
7135,30.042
7136,30.043
7137,30.044
7138,30.057
7139,30.060
7140,30.060
7141,30.067
7142,30.069
7143,30.076
7144,30.079
7145,30.088
7146,30.091
7147,30.092
7148,30.099
7149,30.102
7150,30.103
7151,30.104
7152,30.106
7153,30.107
7154,30.114
7155,30.117
7156,30.118
7157,30.124
7158,30.126
7159,30.127
7160,30.127
7161,30.130
7162,30.131
7163,30.132
7164,30.133
7165,30.144
7166,30.147
7167,30.147
7168,30.154
7169,30.157
7170,30.163
7171,30.165
7172,30.166
7173,30.172
7174,30.175
7175,30.175
7176,30.181
7177,30.184
7178,30.185
7179,30.191
7180,30.193
7181,30.194
7182,30.199
7183,30.201
7184,30.202
7185,30.204
7186,30.205
7187,30.206
7188,30.208
7189,30.209
7190,30.210
7191,30.211
7192,30.222
7193,30.225
7194,30.225
7195,30.233
7196,30.236
7197,30.242
7198,30.245
7199,30.246
7200,30.251
7201,30.254
7202,30.255
7203,30.260
7204,30.263
7205,30.264
7206,30.269
7207,30.272
7208,30.273
7209,30.275
7210,30.276
7211,30.277
7212,30.279
7213,30.280
7214,30.283
7215,30.283
7216,30.296
7217,30.298
7218,30.299
7219,30.304
7220,30.307
7221,30.307
7222,30.314
7223,30.316
7224,30.317
7225,30.326
7226,30.334
7227,30.336
7228,30.337
7229,30.338
7230,30.340
7231,30.341
7232,30.342
7233,30.349
7234,30.351
7235,30.352
7236,30.359
7237,30.362
7238,30.368
7239,30.371
7240,30.371
7241,30.378
7242,30.380
7243,30.381
7244,30.389
7245,30.392
7246,30.393
7247,30.399
7248,30.402
7249,30.403
7250,30.405
7251,30.405
7252,30.406
7253,30.409
7254,30.410
7255,30.412
7256,30.412
7257,30.424
7258,30.427
7259,30.427
7260,30.432
7261,30.435
7262,30.436
7263,30.443
7264,30.445
7265,30.446
7266,30.455
7267,30.463
7268,30.464
7269,30.465
7270,30.466
7271,30.467
7272,30.468
7273,30.469
7274,30.476
7275,30.478
7276,30.479
7277,30.487
7278,30.489
7279,30.496
7280,30.499
7281,30.499
7282,30.506
7283,30.509
7284,30.509
7285,30.514
7286,30.517
7287,30.517
7288,30.522
7289,30.525
7290,30.525
7291,30.526
7292,30.528
7293,30.529
7294,30.531
7295,30.532
7296,30.542
7297,30.545
7298,30.546
7299,30.553
7300,30.555
7301,30.562
7302,30.564
7303,30.565
7304,30.571
7305,30.574
7306,30.574
7307,30.580
7308,30.583
7309,30.583
7310,30.588
7311,30.591
7312,30.596
7313,30.599
7314,30.600
7315,30.604
7316,30.607
7317,30.608
7318,30.613
7319,30.613
7320,30.615
7321,30.621
7322,30.625
7323,30.636
7324,30.640
7325,30.647
7326,30.655
7327,30.657
7328,30.657
7329,30.658
7330,30.660
7331,30.664
7332,30.702
7333,30.704
7334,30.705
7335,30.706
7336,30.706
7337,30.707
7338,30.707
7339,30.734
7340,30.761
7341,30.769
7342,30.777
7343,30.781
7344,30.782
7345,30.785
7346,30.786
7347,30.788
7348,30.798
7349,30.802
7350,30.810
7351,30.819
7352,30.822
7353,30.827
7354,30.828
7355,30.830
7356,30.831
7357,30.837
7358,30.842
7359,30.850
7360,30.864
7361,30.867
7362,30.868
7363,30.869
7364,30.870
7365,30.871
7366,30.872
7367,30.878
7368,30.881
7369,30.882
7370,30.882
7371,30.887
7372,30.899
7373,30.900
7374,30.901
7375,30.901
7376,30.907
7377,30.916
7378,30.917
7379,30.918
7380,30.918
7381,30.920
7382,30.921
7383,30.923
7384,30.923
7385,30.929
7386,30.940
7387,30.949
7388,30.949
7389,30.950
7390,30.955
7391,30.964
7392,30.979
7393,30.990
7394,30.990
7395,30.991
7396,30.992
7397,30.993
7398,30.994
7399,30.994
7400,30.995
7401,30.996
7402,30.997
7403,30.998
7404,30.999
7405,31.000
7406,31.001
7407,31.002
7408,31.004
7409,31.014
7410,31.022
7411,31.023
7412,31.034
7413,31.043
7414,31.044
7415,31.050
7416,31.053
7417,31.064
7418,31.072
7419,31.073
7420,31.079
7421,31.081
7422,31.091
7423,31.103
7424,31.105
7425,31.113
7426,31.117
7427,31.137
7428,31.150
7429,31.151
7430,31.152
7431,31.153
7432,31.161
7433,31.166
7434,31.180
7435,31.193
7436,31.193
7437,31.194
7438,31.203
7439,31.208
7440,31.228
7441,31.242
7442,31.243
7443,31.244
7444,31.245
7445,31.251
7446,31.254
7447,31.262
7448,31.265
7449,31.279
7450,31.291
7451,31.292
7452,31.299
7453,31.303
7454,31.323
7455,31.336
7456,31.337
7457,31.339
7458,31.341
7459,31.348
7460,31.351
7461,31.359
7462,31.362
7463,31.375
7464,31.387
7465,31.388
7466,31.389
7467,31.404
7468,31.416
7469,31.417
7470,31.425
7471,31.430
7472,31.455
7473,31.456
7474,31.457
7475,31.459
7476,31.460
7477,31.461
7478,31.463
7479,31.464
7480,31.472
7481,31.477
7482,31.478
7483,31.480
7484,31.484
7485,31.496
7486,31.497
7487,31.498
7488,31.509
7489,31.514
7490,31.516
7491,31.525
7492,31.538
7493,31.543
7494,31.544
7495,31.554
7496,31.558
7497,31.558
7498,31.559
7499,31.573
7500,31.583
7501,31.583
7502,31.590
7503,31.594
7504,31.602
7505,31.611
7506,31.611
7507,31.621
7508,31.630
7509,31.631
7510,31.637
7511,31.639
7512,31.650
7513,31.660
7514,31.661
7515,31.666
7516,31.669
7517,31.678
7518,31.687
7519,31.688
7520,31.693
7521,31.695
7522,31.697
7523,31.700
7524,31.701
7525,31.702
7526,31.708
7527,31.712
7528,31.723
7529,31.726
7530,31.732
7531,31.740
7532,31.741
7533,31.742
7534,31.742
7535,31.744
7536,31.747
7537,31.783
7538,31.785
7539,31.786
7540,31.786
7541,31.787
7542,31.787
7543,31.788
7544,31.812
7545,31.837
7546,31.844
7547,31.851
7548,31.858
7549,31.862
7550,31.863
7551,31.864
7552,31.874
7553,31.878
7554,31.886
7555,31.894
7556,31.900
7557,31.907
7558,31.914
7559,31.929
7560,31.940
7561,31.941
7562,31.942
7563,31.943
7564,31.944
7565,31.945
7566,31.946
7567,31.947
7568,31.948
7569,31.949
7570,31.950
7571,31.951
7572,31.953
7573,31.954
7574,31.955
7575,31.965
7576,31.973
7577,31.983
7578,31.991
7579,31.992
7580,31.996
7581,32.004
7582,32.008
7583,32.016
7584,32.017
7585,32.032
7586,32.041
7587,32.042
7588,32.053
7589,32.062
7590,32.062
7591,32.063
7592,32.072
7593,32.081
7594,32.082
7595,32.091
7596,32.101
7597,32.101
7598,32.113
7599,32.124
7600,32.125
7601,32.135
7602,32.144
7603,32.145
7604,32.155
7605,32.164
7606,32.164
7607,32.168
7608,32.176
7609,32.181
7610,32.189
7611,32.189
7612,32.204
7613,32.214
7614,32.215
7615,32.226
7616,32.235
7617,32.236
7618,32.237
7619,32.246
7620,32.254
7621,32.255
7622,32.265
7623,32.275
7624,32.276
7625,32.288
7626,32.299
7627,32.300
7628,32.310
7629,32.320
7630,32.321
7631,32.331
7632,32.339
7633,32.340
7634,32.344
7635,32.353
7636,32.356
7637,32.365
7638,32.366
7639,32.381
7640,32.391
7641,32.391
7642,32.403
7643,32.413
7644,32.423
7645,32.432
7646,32.433
7647,32.442
7648,32.451
7649,32.460
7650,32.469
7651,32.477
7652,32.485
7653,32.490
7654,32.498
7655,32.499
7656,32.503
7657,32.511
7658,32.515
7659,32.523
7660,32.523
7661,32.532
7662,32.540
7663,32.549
7664,32.556
7665,32.557
7666,32.569
7667,32.581
7668,32.602
7669,32.616
7670,32.617
7671,32.635
7672,32.651
7673,32.666
7674,32.678
7675,32.679
7676,32.691
7677,32.703
7678,32.715
7679,32.726
7680,32.732
7681,32.745
7682,32.746
7683,32.751
7684,32.762
7685,32.768
7686,32.780
7687,32.781
7688,32.794
7689,32.806
7690,32.819
7691,32.832
7692,32.832
7693,32.847
7694,32.859
7695,32.872
7696,32.884
7697,32.897
7698,32.909
7699,32.923
7700,32.947
7701,32.950
7702,32.951
7703,32.952
7704,32.953
7705,32.959
7706,32.974
7707,32.975
7708,32.990
7709,33.006
7710,33.007
7711,33.018
7712,33.027
7713,33.028
7714,33.044
7715,33.054
7716,33.055
7717,33.056
7718,33.066
7719,33.075
7720,33.076
7721,33.076
7722,33.089
7723,33.099
7724,33.100
7725,33.115
7726,33.126
7727,33.142
7728,33.152
7729,33.153
7730,33.154
7731,33.164
7732,33.173
7733,33.173
7734,33.185
7735,33.195
7736,33.204
7737,33.213
7738,33.217
7739,33.227
7740,33.227
7741,33.231
7742,33.240
7743,33.244
7744,33.253
7745,33.254
7746,33.264
7747,33.273
7748,33.283
7749,33.292
7750,33.292
7751,33.304
7752,33.314
7753,33.325
7754,33.333
7755,33.334
7756,33.344
7757,33.353
7758,33.354
7759,33.364
7760,33.372
7761,33.373
7762,33.389
7763,33.399
7764,33.400
7765,33.400
7766,33.410
7767,33.419
7768,33.420
7769,33.420
7770,33.431
7771,33.440
7772,33.441
7773,33.453
7774,33.463
7775,33.479
7776,33.489
7777,33.490
7778,33.491
7779,33.505
7780,33.515
7781,33.516
7782,33.526
7783,33.536
7784,33.546
7785,33.555
7786,33.556
7787,33.560
7788,33.570
7789,33.574
7790,33.583
7791,33.584
7792,33.600
7793,33.611
7794,33.612
7795,33.624
7796,33.635
7797,33.651
7798,33.661
7799,33.662
7800,33.672
7801,33.682
7802,33.691
7803,33.699
7804,33.709
7805,33.719
7806,33.728
7807,33.737
7808,33.742
7809,33.750
7810,33.756
7811,33.760
7812,33.761
7813,33.762
7814,33.770
7815,33.779
7816,33.782
7817,33.783
7818,33.783
7819,33.784
7820,33.784
7821,33.785
7822,33.786
7823,33.786
7824,33.793
7825,33.801
7826,33.803
7827,33.804
7828,33.810
7829,33.823
7830,33.830
7831,33.834
7832,33.835
7833,33.840
7834,33.849
7835,33.855
7836,33.857
7837,33.859
7838,33.861
7839,33.864
7840,33.867
7841,33.873
7842,33.875
7843,33.883
7844,33.886
7845,33.887
7846,33.898
7847,33.907
7848,33.909
7849,33.909
7850,33.910
7851,33.910
7852,33.917
7853,33.920
7854,33.921
7855,33.928
7856,33.931
7857,33.937
7858,33.940
7859,33.941
7860,33.946
7861,33.955
7862,33.962
7863,33.963
7864,33.964
7865,33.964
7866,33.965
7867,33.965
7868,33.969
7869,33.977
7870,33.985
7871,33.996
7872,34.003
7873,34.003
7874,34.009
7875,34.017
7876,34.021
7877,34.029
7878,34.032
7879,34.045
7880,34.055
7881,34.056
7882,34.057
7883,34.058
7884,34.059
7885,34.063
7886,34.073
7887,34.086
7888,34.094
7889,34.096
7890,34.097
7891,34.098
7892,34.100
7893,34.104
7894,34.105
7895,34.116
7896,34.131
7897,34.132
7898,34.133
7899,34.138
7900,34.141
7901,34.142
7902,34.148
7903,34.160
7904,34.161
7905,34.166
7906,34.178
7907,34.185
7908,34.197
7909,34.198
7910,34.199
7911,34.213
7912,34.237
7913,34.249
7914,34.250
7915,34.265
7916,34.293
7917,34.326
7918,34.340
7919,34.341
7920,34.342
7921,34.343
7922,34.344
7923,34.345
7924,34.347
7925,34.348
7926,34.349
7927,34.350
7928,34.351
7929,34.353
7930,34.354
7931,34.355
7932,34.357
7933,34.371
7934,34.383
7935,34.396
7936,34.398
7937,34.399
7938,34.400
7939,34.413
7940,34.425
7941,34.440
7942,34.455
7943,34.480
7944,34.491
7945,34.491
7946,34.500
7947,34.509
7948,34.509
7949,34.513
7950,34.522
7951,34.525
7952,34.534
7953,34.535
7954,34.548
7955,34.558
7956,34.559
7957,34.571
7958,34.589
7959,34.598
7960,34.599
7961,34.609
7962,34.618
7963,34.619
7964,34.629
7965,34.630
7966,34.631
7967,34.632
7968,34.647
7969,34.665
7970,34.675
7971,34.686
7972,34.694
7973,34.695
7974,34.696
7975,34.696
7976,34.709
7977,34.719
7978,34.720
7979,34.731
7980,34.731
7981,34.732
7982,34.736
7983,34.745
7984,34.745
7985,34.746
7986,34.747
7987,34.759
7988,34.769
7989,34.770
7990,34.780
7991,34.781
7992,34.782
7993,34.793
7994,34.803
7995,34.813
7996,34.822
7997,34.833
7998,34.843
7999,34.853
8000,34.862
8001,34.873
8002,34.882
8003,34.892
8004,34.901
8005,34.911
8006,34.920
8007,34.929
8008,34.938
8009,34.948
8010,34.957
8011,34.968
8012,34.976
8013,34.986
8014,34.995
8015,35.005
8016,35.014
8017,35.024
8018,35.034
8019,35.044
8020,35.053
8021,35.063
8022,35.073
8023,35.083
8024,35.092
8025,35.102
8026,35.110
8027,35.121
8028,35.130
8029,35.141
8030,35.149
8031,35.160
8032,35.169
8033,35.179
8034,35.188
8035,35.198
8036,35.207
8037,35.218
8038,35.226
8039,35.240
8040,35.252
8041,35.253
8042,35.254
8043,35.255
8044,35.256
8045,35.257
8046,35.258
8047,35.259
8048,35.260
8049,35.261
8050,35.262
8051,35.263
8052,35.264
8053,35.265
8054,35.267
8055,35.280
8056,35.289
8057,35.300
8058,35.310
8059,35.321
8060,35.330
8061,35.341
8062,35.350
8063,35.361
8064,35.370
8065,35.381
8066,35.390
8067,35.400
8068,35.409
8069,35.424
8070,35.434
8071,35.435
8072,35.436
8073,35.447
8074,35.456
8075,35.466
8076,35.475
8077,35.476
8078,35.487
8079,35.496
8080,35.512
8081,35.525
8082,35.527
8083,35.528
8084,35.542
8085,35.556
8086,35.573
8087,35.588
8088,35.604
8089,35.618
8090,35.619
8091,35.636
8092,35.650
8093,35.664
8094,35.676
8095,35.698
8096,35.711
8097,35.712
8098,35.713
8099,35.727
8100,35.739
8101,35.754
8102,35.768
8103,35.783
8104,35.800
8105,35.814
8106,35.827
8107,35.855
8108,35.857
8109,35.858
8110,35.860
8111,35.861
8112,35.862
8113,35.864
8114,35.880
8115,35.893
8116,35.900
8117,35.913
8118,35.920
8119,35.936
8120,35.937
8121,35.957
8122,35.973
8123,35.975
8124,35.993
8125,36.024
8126,36.035
8127,36.036
8128,36.048
8129,36.049
8130,36.050
8131,36.051
8132,36.065
8133,36.075
8134,36.086
8135,36.096
8136,36.107
8137,36.118
8138,36.131
8139,36.142
8140,36.152
8141,36.161
8142,36.172
8143,36.182
8144,36.192
8145,36.201
8146,36.212
8147,36.222
8148,36.232
8149,36.241
8150,36.250
8151,36.254
8152,36.255
8153,36.257
8154,36.264
8155,36.274
8156,36.279
8157,36.288
8158,36.296
8159,36.300
8160,36.301
8161,36.303
8162,36.311
8163,36.321
8164,36.321
8165,36.326
8166,36.340
8167,36.351
8168,36.356
8169,36.366
8170,36.367
8171,36.368
8172,36.372
8173,36.381
8174,36.385
8175,36.395
8176,36.399
8177,36.410
8178,36.415
8179,36.425
8180,36.434
8181,36.437
8182,36.439
8183,36.440
8184,36.448
8185,36.458
8186,36.459
8187,36.464
8188,36.478
8189,36.489
8190,36.493
8191,36.506
8192,36.516
8193,36.517
8194,36.523
8195,36.532
8196,36.540
8197,36.541
8198,36.542
8199,36.547
8200,36.557
8201,36.561
8202,36.575
8203,36.576
8204,36.583
8205,36.584
8206,36.584
8207,36.585
8208,36.592
8209,36.593
8210,36.594
8211,36.599
8212,36.610
8213,36.622
8214,36.623
8215,36.636
8216,36.636
8217,36.637
8218,36.638
8219,36.639
8220,36.644
8221,36.655
8222,36.660
8223,36.669
8224,36.675
8225,36.676
8226,36.683
8227,36.684
8228,36.685
8229,36.686
8230,36.693
8231,36.694
8232,36.695
8233,36.700
8234,36.711
8235,36.725
8236,36.726
8237,36.738
8238,36.739
8239,36.740
8240,36.741
8241,36.741
8242,36.749
8243,36.750
8244,36.751
8245,36.757
8246,36.768
8247,36.776
8248,36.776
8249,36.777
8250,36.783
8251,36.794
8252,36.806
8253,36.807
8254,36.820
8255,36.821
8256,36.821
8257,36.822
8258,36.823
8259,36.824
8260,36.824
8261,36.826
8262,36.829
8263,36.831
8264,36.832
8265,36.842
8266,36.844
8267,36.847
8268,36.849
8269,36.859
8270,36.863
8271,36.872
8272,36.885
8273,36.897
8274,36.900
8275,36.901
8276,36.905
8277,36.908
8278,36.917
8279,36.920
8280,36.931
8281,36.941
8282,36.942
8283,36.946
8284,36.947
8285,36.955
8286,36.972
8287,36.973
8288,36.980
8289,36.990
8290,36.990
8291,36.991
8292,36.992
8293,37.000
8294,37.001
8295,37.002
8296,37.014
8297,37.036
8298,37.037
8299,37.038
8300,37.041
8301,37.043
8302,37.050
8303,37.053
8304,37.054
8305,37.055
8306,37.065
8307,37.077
8308,37.078
8309,37.079
8310,37.081
8311,37.085
8312,37.094
8313,37.098
8314,37.107
8315,37.115
8316,37.116
8317,37.116
8318,37.117
8319,37.119
8320,37.122
8321,37.127
8322,37.139
8323,37.141
8324,37.143
8325,37.147
8326,37.155
8327,37.157
8328,37.165
8329,37.171
8330,37.184
8331,37.199
8332,37.200
8333,37.201
8334,37.207
8335,37.209
8336,37.210
8337,37.217
8338,37.231
8339,37.232
8340,37.238
8341,37.252
8342,37.259
8343,37.272
8344,37.273
8345,37.290
8346,37.319
8347,37.333
8348,37.334
8349,37.351
8350,37.385
8351,37.424
8352,37.439
8353,37.440
8354,37.442
8355,37.443
8356,37.444
8357,37.446
8358,37.447
8359,37.448
8360,37.450
8361,37.451
8362,37.453
8363,37.454
8364,37.455
8365,37.457
8366,37.458
8367,37.476
8368,37.488
8369,37.506
8370,37.508
8371,37.509
8372,37.509
8373,37.526
8374,37.539
8375,37.556
8376,37.569
8377,37.599
8378,37.615
8379,37.617
8380,37.634
8381,37.643
8382,37.644
8383,37.648
8384,37.657
8385,37.662
8386,37.671
8387,37.686
8388,37.697
8389,37.698
8390,37.713
8391,37.737
8392,37.747
8393,37.748
8394,37.763
8395,37.773
8396,37.774
8397,37.788
8398,37.789
8399,37.790
8400,37.790
8401,37.809
8402,37.831
8403,37.841
8404,37.855
8405,37.864
8406,37.865
8407,37.865
8408,37.866
8409,37.882
8410,37.892
8411,37.893
8412,37.907
8413,37.908
8414,37.909
8415,37.913
8416,37.922
8417,37.923
8418,37.924
8419,37.924
8420,37.940
8421,37.950
8422,37.951
8423,37.964
8424,37.965
8425,37.966
8426,38.010
8427,38.010
8428,38.010
8429,38.011
8430,38.027
8431,38.038
8432,38.052
8433,38.061
8434,38.074
8435,38.084
8436,38.097
8437,38.106
8438,38.120
8439,38.129
8440,38.142
8441,38.151
8442,38.164
8443,38.174
8444,38.187
8445,38.196
8446,38.209
8447,38.218
8448,38.231
8449,38.241
8450,38.255
8451,38.265
8452,38.278
8453,38.288
8454,38.302
8455,38.312
8456,38.324
8457,38.334
8458,38.347
8459,38.357
8460,38.370
8461,38.380
8462,38.393
8463,38.402
8464,38.415
8465,38.424
8466,38.437
8467,38.446
8468,38.459
8469,38.469
8470,38.481
8471,38.491
8472,38.500
8473,38.503
8474,38.505
8475,38.507
8476,38.514
8477,38.524
8478,38.530
8479,38.540
8480,38.540
8481,38.543
8482,38.545
8483,38.545
8484,38.547
8485,38.550
8486,38.553
8487,38.554
8488,38.555
8489,38.555
8490,38.559
8491,38.562
8492,38.564
8493,38.565
8494,38.576
8495,38.577
8496,38.578
8497,38.579
8498,38.585
8499,38.586
8500,38.587
8501,38.588
8502,38.595
8503,38.596
8504,38.597
8505,38.605
8506,38.605
8507,38.606
8508,38.608
8509,38.609
8510,38.624
8511,38.624
8512,38.633
8513,38.636
8514,38.638
8515,38.639
8516,38.643
8517,38.646
8518,38.648
8519,38.649
8520,38.649
8521,38.658
8522,38.659
8523,38.660
8524,38.661
8525,38.668
8526,38.669
8527,38.670
8528,38.671
8529,38.672
8530,38.673
8531,38.688
8532,38.689
8533,38.704
8534,38.716
8535,38.717
8536,38.718
8537,38.719
8538,38.725
8539,38.726
8540,38.727
8541,38.733
8542,38.746
8543,38.755
8544,38.756
8545,38.764
8546,38.778
8547,38.788
8548,38.804
8549,38.805
8550,38.806
8551,38.808
8552,38.814
8553,38.828
8554,38.839
8555,38.840
8556,38.841
8557,38.842
8558,38.845
8559,38.851
8560,38.854
8561,38.856
8562,38.859
8563,38.871
8564,38.872
8565,38.873
8566,38.874
8567,38.877
8568,38.882
8569,38.885
8570,38.887
8571,38.890
8572,38.899
8573,38.932
8574,38.937
8575,38.941
8576,38.944
8577,38.963
8578,38.967
8579,38.968
8580,38.969
8581,38.971
8582,38.975
8583,38.992
8584,38.994
8585,39.010
8586,39.028
8587,39.047
8588,39.052
8589,39.053
8590,39.070
8591,39.093
8592,39.124
8593,39.143
8594,39.147
8595,39.148
8596,39.161
8597,39.162
8598,39.164
8599,39.169
8600,39.183
8601,39.193
8602,39.195
8603,39.196
8604,39.203
8605,39.216
8606,39.220
8607,39.229
8608,39.246
8609,39.250
8610,39.253
8611,39.255
8612,39.272
8613,39.283
8614,39.284
8615,39.285
8616,39.285
8617,39.291
8618,39.305
8619,39.307
8620,39.308
8621,39.313
8622,39.326
8623,39.336
8624,39.341
8625,39.351
8626,39.368
8627,39.392
8628,39.419
8629,39.423
8630,39.427
8631,39.428
8632,39.450
8633,39.463
8634,39.465
8635,39.466
8636,39.467
8637,39.468
8638,39.469
8639,39.470
8640,39.472
8641,39.473
8642,39.474
8643,39.476
8644,39.477
8645,39.478
8646,39.479
8647,39.481
8648,39.496
8649,39.521
8650,39.531
8651,39.548
8652,39.558
8653,39.574
8654,39.583
8655,39.600
8656,39.610
8657,39.626
8658,39.635
8659,39.652
8660,39.662
8661,39.678
8662,39.687
8663,39.691
8664,39.692
8665,39.693
8666,39.694
8667,39.695
8668,39.711
8669,39.720
8670,39.736
8671,39.761
8672,39.771
8673,39.794
8674,39.804
8675,39.805
8676,39.822
8677,39.832
8678,39.849
8679,39.858
8680,39.875
8681,39.886
8682,39.902
8683,39.911
8684,39.928
8685,39.938
8686,39.953
8687,39.963
8688,39.981
8689,39.991
8690,40.007
8691,40.016
8692,40.021
8693,40.031
8694,40.032
8695,40.036
8696,40.045
8697,40.050
8698,40.059
8699,40.079
8700,40.090
8701,40.091
8702,40.109
8703,40.135
8704,40.145
8705,40.145
8706,40.162
8707,40.172
8708,40.173
8709,40.190
8710,40.191
8711,40.192
8712,40.193
8713,40.215
8714,40.240
8715,40.249
8716,40.267
8717,40.276
8718,40.294
8719,40.303
8720,40.304
8721,40.319
8722,40.321
8723,40.322
8724,40.329
8725,40.343
8726,40.344
8727,40.345
8728,40.346
8729,40.354
8730,40.368
8731,40.395
8732,40.412
8733,40.413
8734,40.438
8735,40.440
8736,40.441
8737,40.448
8738,40.460
8739,40.461
8740,40.462
8741,40.463
8742,40.486
8743,40.499
8744,40.519
8745,40.531
8746,40.551
8747,40.564
8748,40.585
8749,40.597
8750,40.619
8751,40.632
8752,40.653
8753,40.666
8754,40.688
8755,40.700
8756,40.721
8757,40.733
8758,40.757
8759,40.770
8760,40.785
8761,40.786
8762,40.787
8763,40.788
8764,40.791
8765,40.797
8766,40.800
8767,40.802
8768,40.804
8769,40.813
8770,40.814
8771,40.815
8772,40.816
8773,40.822
8774,40.834
8775,40.835
8776,40.836
8777,40.838
8778,40.843
8779,40.851
8780,40.868
8781,40.871
8782,40.875
8783,40.877
8784,40.902
8785,40.914
8786,40.915
8787,40.917
8788,40.918
8789,40.919
8790,40.920
8791,40.922
8792,40.923
8793,40.924
8794,40.925
8795,40.927
8796,40.928
8797,40.929
8798,40.931
8799,40.932
8800,40.947
8801,40.973
8802,41.000
8803,41.027
8804,41.036
8805,41.054
8806,41.064
8807,41.080
8808,41.090
8809,41.107
8810,41.117
8811,41.133
8812,41.141
8813,41.158
8814,41.167
8815,41.183
8816,41.193
8817,41.213
8818,41.223
8819,41.224
8820,41.224
8821,41.241
8822,41.250
8823,41.265
8824,41.274
8825,41.275
8826,41.291
8827,41.300
8828,41.322
8829,41.331
8830,41.332
8831,41.333
8832,41.349
8833,41.358
8834,41.374
8835,41.383
8836,41.398
8837,41.407
8838,41.408
8839,41.424
8840,41.434
8841,41.449
8842,41.459
8843,41.482
8844,41.491
8845,41.493
8846,41.509
8847,41.518
8848,41.535
8849,41.545
8850,41.561
8851,41.570
8852,41.598
8853,41.599
8854,41.601
8855,41.602
8856,41.603
8857,41.604
8858,41.605
8859,41.624
8860,41.633
8861,41.637
8862,41.647
8863,41.651
8864,41.660
8865,41.661
8866,41.680
8867,41.692
8868,41.693
8869,41.710
8870,41.736
8871,41.745
8872,41.746
8873,41.764
8874,41.765
8875,41.766
8876,41.766
8877,41.784
8878,41.793
8879,41.809
8880,41.818
8881,41.835
8882,41.844
8883,41.860
8884,41.870
8885,41.885
8886,41.894
8887,41.911
8888,41.926
8889,41.949
8890,41.962
8891,41.986
8892,42.000
8893,42.023
8894,42.036
8895,42.047
8896,42.048
8897,42.049
8898,42.056
8899,42.061
8900,42.091
8901,42.107
8902,42.109
8903,42.110
8904,42.111
8905,42.113
8906,42.114
8907,42.115
8908,42.117
8909,42.118
8910,42.119
8911,42.121
8912,42.123
8913,42.124
8914,42.126
8915,42.127
8916,42.149
8917,42.162
8918,42.186
8919,42.199
8920,42.220
8921,42.232
8922,42.254
8923,42.267
8924,42.288
8925,42.300
8926,42.320
8927,42.333
8928,42.356
8929,42.370
8930,42.377
8931,42.390
8932,42.391
8933,42.391
8934,42.392
8935,42.408
8936,42.417
8937,42.434
8938,42.443
8939,42.444
8940,42.467
8941,42.496
8942,42.522
8943,42.531
8944,42.532
8945,42.533
8946,42.534
8947,42.538
8948,42.547
8949,42.562
8950,42.572
8951,42.572
8952,42.588
8953,42.598
8954,42.620
8955,42.650
8956,42.678
8957,42.688
8958,42.702
8959,42.711
8960,42.715
8961,42.724
8962,42.724
8963,42.725
8964,42.729
8965,42.737
8966,42.751
8967,42.760
8968,42.780
8969,42.806
8970,42.835
8971,42.844
8972,42.859
8973,42.867
8974,42.892
8975,42.893
8976,42.895
8977,42.896
8978,42.897
8979,42.912
8980,42.921
8981,42.924
8982,42.933
8983,42.937
8984,42.945
8985,42.964
8986,42.965
8987,42.966
8988,42.967
8989,42.984
8990,42.985
8991,42.986
8992,42.987
8993,43.003
8994,43.028
8995,43.029
8996,43.030
8997,43.030
8998,43.031
8999,43.047
9000,43.073
9001,43.082
9002,43.097
9003,43.106
9004,43.121
9005,43.130
9006,43.145
9007,43.155
9008,43.169
9009,43.178
9010,43.195
9011,43.204
9012,43.218
9013,43.227
9014,43.242
9015,43.252
9016,43.266
9017,43.276
9018,43.281
9019,43.291
9020,43.292
9021,43.293
9022,43.297
9023,43.298
9024,43.298
9025,43.303
9026,43.313
9027,43.314
9028,43.319
9029,43.328
9030,43.333
9031,43.342
9032,43.343
9033,43.359
9034,43.383
9035,43.392
9036,43.392
9037,43.411
9038,43.422
9039,43.423
9040,43.424
9041,43.425
9042,43.426
9043,43.427
9044,43.428
9045,43.429
9046,43.430
9047,43.431
9048,43.432
9049,43.433
9050,43.434
9051,43.435
9052,43.437
9053,43.451
9054,43.464
9055,43.487
9056,43.488
9057,43.489
9058,43.490
9059,43.512
9060,43.525
9061,43.549
9062,43.562
9063,43.591
9064,43.603
9065,43.604
9066,43.625
9067,43.637
9068,43.638
9069,43.643
9070,43.655
9071,43.659
9072,43.671
9073,43.695
9074,43.709
9075,43.710
9076,43.731
9077,43.743
9078,43.744
9079,43.766
9080,43.767
9081,43.768
9082,43.769
9083,43.798
9084,43.829
9085,43.841
9086,43.866
9087,43.879
9088,43.881
9089,43.882
9090,43.883
9091,43.905
9092,43.915
9093,43.916
9094,43.932
9095,43.933
9096,43.934
9097,43.939
9098,43.947
9099,43.948
9100,43.949
9101,43.950
9102,43.969
9103,43.980
9104,43.981
9105,43.997
9106,43.998
9107,43.999
9108,44.015
9109,44.024
9110,44.039
9111,44.048
9112,44.065
9113,44.074
9114,44.090
9115,44.098
9116,44.115
9117,44.123
9118,44.139
9119,44.147
9120,44.163
9121,44.171
9122,44.185
9123,44.194
9124,44.209
9125,44.218
9126,44.233
9127,44.241
9128,44.256
9129,44.265
9130,44.281
9131,44.289
9132,44.305
9133,44.315
9134,44.330
9135,44.338
9136,44.353
9137,44.362
9138,44.378
9139,44.386
9140,44.401
9141,44.409
9142,44.425
9143,44.434
9144,44.448
9145,44.457
9146,44.472
9147,44.481
9148,44.495
9149,44.504
9150,44.519
9151,44.528
9152,44.543
9153,44.551
9154,44.560
9155,44.564
9156,44.567
9157,44.568
9158,44.576
9159,44.586
9160,44.592
9161,44.601
9162,44.608
9163,44.613
9164,44.615
9165,44.617
9166,44.626
9167,44.636
9168,44.637
9169,44.642
9170,44.656
9171,44.666
9172,44.670
9173,44.680
9174,44.681
9175,44.682
9176,44.686
9177,44.694
9178,44.698
9179,44.707
9180,44.711
9181,44.721
9182,44.727
9183,44.735
9184,44.743
9185,44.748
9186,44.750
9187,44.752
9188,44.760
9189,44.769
9190,44.770
9191,44.775
9192,44.789
9193,44.798
9194,44.802
9195,44.815
9196,44.824
9197,44.824
9198,44.830
9199,44.839
9200,44.841
9201,44.846
9202,44.847
9203,44.848
9204,44.855
9205,44.864
9206,44.866
9207,44.871
9208,44.872
9209,44.873
9210,44.884
9211,44.885
9212,44.886
9213,44.891
9214,44.899
9215,44.904
9216,44.905
9217,44.905
9218,44.911
9219,44.911
9220,44.917
9221,44.919
9222,44.928
9223,44.929
9224,44.930
9225,44.931
9226,44.940
9227,44.941
9228,44.942
9229,44.949
9230,44.963
9231,44.986
9232,44.987
9233,45.009
9234,45.010
9235,45.011
9236,45.012
9237,45.013
9238,45.024
9239,45.025
9240,45.026
9241,45.028
9242,45.029
9243,45.036
9244,45.049
9245,45.057
9246,45.058
9247,45.059
9248,45.064
9249,45.083
9250,45.084
9251,45.085
9252,45.093
9253,45.094
9254,45.101
9255,45.113
9256,45.120
9257,45.131
9258,45.137
9259,45.152
9260,45.163
9261,45.164
9262,45.172
9263,45.173
9264,45.174
9265,45.179
9266,45.197
9267,45.198
9268,45.199
9269,45.207
9270,45.209
9271,45.210
9272,45.211
9273,45.212
9274,45.221
9275,45.222
9276,45.223
9277,45.231
9278,45.244
9279,45.249
9280,45.261
9281,45.270
9282,45.271
9283,45.272
9284,45.273
9285,45.279
9286,45.291
9287,45.299
9288,45.300
9289,45.308
9290,45.309
9291,45.317
9292,45.318
9293,45.319
9294,45.320
9295,45.328
9296,45.330
9297,45.331
9298,45.338
9299,45.353
9300,45.378
9301,45.379
9302,45.404
9303,45.405
9304,45.405
9305,45.406
9306,45.407
9307,45.415
9308,45.416
9309,45.417
9310,45.418
9311,45.419
9312,45.424
9313,45.435
9314,45.441
9315,45.442
9316,45.448
9317,45.449
9318,45.450
9319,45.456
9320,45.457
9321,45.464
9322,45.465
9323,45.466
9324,45.472
9325,45.482
9326,45.490
9327,45.491
9328,45.492
9329,45.498
9330,45.508
9331,45.525
9332,45.525
9333,45.542
9334,45.543
9335,45.543
9336,45.544
9337,45.545
9338,45.546
9339,45.546
9340,45.554
9341,45.555
9342,45.556
9343,45.562
9344,45.572
9345,45.578
9346,45.579
9347,45.580
9348,45.580
9349,45.582
9350,45.586
9351,45.587
9352,45.588
9353,45.593
9354,45.596
9355,45.598
9356,45.599
9357,45.614
9358,45.616
9359,45.637
9360,45.638
9361,45.647
9362,45.656
9363,45.657
9364,45.658
9365,45.659
9366,45.668
9367,45.669
9368,45.670
9369,45.687
9370,45.712
9371,45.713
9372,45.714
9373,45.718
9374,45.721
9375,45.721
9376,45.722
9377,45.723
9378,45.737
9379,45.739
9380,45.753
9381,45.755
9382,45.756
9383,45.757
9384,45.759
9385,45.760
9386,45.761
9387,45.763
9388,45.764
9389,45.766
9390,45.780
9391,45.783
9392,45.797
9393,45.800
9394,45.801
9395,45.802
9396,45.803
9397,45.818
9398,45.835
9399,45.850
9400,45.853
9401,45.860
9402,45.861
9403,45.862
9404,45.866
9405,45.870
9406,45.874
9407,45.875
9408,45.883
9409,45.894
9410,45.895
9411,45.896
9412,45.897
9413,45.901
9414,45.910
9415,45.914
9416,45.922
9417,45.927
9418,45.941
9419,45.944
9420,45.946
9421,45.947
9422,45.954
9423,45.957
9424,45.959
9425,45.964
9426,45.967
9427,45.974
9428,45.975
9429,45.976
9430,45.976
9431,45.980
9432,45.989
9433,45.995
9434,45.996
9435,45.997
9436,45.997
9437,46.002
9438,46.003
9439,46.003
9440,46.009
9441,46.010
9442,46.011
9443,46.011
9444,46.012
9445,46.027
9446,46.029
9447,46.051
9448,46.073
9449,46.089
9450,46.092
9451,46.093
9452,46.094
9453,46.095
9454,46.096
9455,46.097
9456,46.100
9457,46.101
9458,46.102
9459,46.105
9460,46.115
9461,46.116
9462,46.117
9463,46.118
9464,46.118
9465,46.119
9466,46.123
9467,46.132
9468,46.137
9469,46.141
9470,46.150
9471,46.151
9472,46.152
9473,46.159
9474,46.164
9475,46.167
9476,46.168
9477,46.177
9478,46.178
9479,46.179
9480,46.180
9481,46.186
9482,46.195
9483,46.212
9484,46.216
9485,46.234
9486,46.235
9487,46.236
9488,46.237
9489,46.243
9490,46.248
9491,46.249
9492,46.251
9493,46.254
9494,46.260
9495,46.269
9496,46.276
9497,46.276
9498,46.277
9499,46.278
9500,46.282
9501,46.290
9502,46.296
9503,46.297
9504,46.297
9505,46.301
9506,46.309
9507,46.313
9508,46.322
9509,46.330
9510,46.338
9511,46.338
9512,46.339
9513,46.340
9514,46.342
9515,46.346
9516,46.362
9517,46.366
9518,46.369
9519,46.371
9520,46.386
9521,46.387
9522,46.388
9523,46.409
9524,46.412
9525,46.412
9526,46.431
9527,46.434
9528,46.446
9529,46.448
9530,46.449
9531,46.450
9532,46.459
9533,46.472
9534,46.481
9535,46.484
9536,46.486
9537,46.490
9538,46.494
9539,46.496
9540,46.500
9541,46.501
9542,46.502
9543,46.503
9544,46.504
9545,46.557
9546,46.566
9547,46.572
9548,46.596
9549,46.602
9550,46.632
9551,46.634
9552,46.636
9553,46.637
9554,46.639
9555,46.663
9556,46.665
9557,46.667
9558,46.668
9559,46.696
9560,46.702
9561,46.703
9562,46.799
9563,46.804
9564,46.805
9565,46.807
9566,46.808
9567,46.809
9568,46.810
9569,46.811
9570,46.812
9571,46.868
9572,46.930
9573,46.947
9574,46.952
9575,46.957
9576,46.973
9577,46.991
9578,46.995
9579,46.999
9580,47.003
9581,47.004
9582,47.026
9583,47.030
9584,47.052
9585,47.057
9586,47.061
9587,47.061
9588,47.071
9589,47.081
9590,47.082
9591,47.083
9592,47.084
9593,47.085
9594,47.086
9595,47.086
9596,47.092
9597,47.105
9598,47.137
9599,47.167
9600,47.194
9601,47.203
9602,47.204
9603,47.205
9604,47.229
9605,47.230
9606,47.254
9607,47.265
9608,47.284
9609,47.293
9610,47.312
9611,47.325
9612,47.326
9613,47.328
9614,47.329
9615,47.352
9616,47.363
9617,47.364
9618,47.365
9619,47.367
9620,47.368
9621,47.369
9622,47.370
9623,47.371
9624,47.372
9625,47.373
9626,47.375
9627,47.376
9628,47.377
9629,47.378
9630,47.380
9631,47.400
9632,47.409
9633,47.430
9634,47.440
9635,47.459
9636,47.468
9637,47.488
9638,47.499
9639,47.517
9640,47.526
9641,47.546
9642,47.556
9643,47.575
9644,47.584
9645,47.589
9646,47.590
9647,47.591
9648,47.592
9649,47.593
9650,47.612
9651,47.622
9652,47.643
9653,47.652
9654,47.694
9655,47.694
9656,47.708
9657,47.718
9658,47.719
9659,47.741
9660,47.750
9661,47.775
9662,47.787
9663,47.809
9664,47.819
9665,47.837
9666,47.846
9667,47.866
9668,47.874
9669,47.895
9670,47.905
9671,47.928
9672,47.938
9673,47.957
9674,47.967
9675,47.971
9676,47.980
9677,47.981
9678,47.984
9679,47.992
9680,47.996
9681,48.009
9682,48.010
9683,48.011
9684,48.012
9685,48.041
9686,48.043
9687,48.044
9688,48.046
9689,48.079
9690,48.095
9691,48.133
9692,48.172
9693,48.185
9694,48.212
9695,48.213
9696,48.214
9697,48.221
9698,48.233
9699,48.234
9700,48.236
9701,48.237
9702,48.238
9703,48.239
9704,48.244
9705,48.246
9706,48.247
9707,48.254
9708,48.266
9709,48.267
9710,48.269
9711,48.270
9712,48.271
9713,48.298
9714,48.312
9715,48.337
9716,48.350
9717,48.374
9718,48.386
9719,48.412
9720,48.426
9721,48.455
9722,48.470
9723,48.490
9724,48.500
9725,48.519
9726,48.528
9727,48.549
9728,48.559
9729,48.578
9730,48.587
9731,48.611
9732,48.622
9733,48.624
9734,48.625
9735,48.626
9736,48.627
9737,48.628
9738,48.629
9739,48.630
9740,48.631
9741,48.632
9742,48.634
9743,48.635
9744,48.636
9745,48.637
9746,48.638
9747,48.658
9748,48.667
9749,48.689
9750,48.699
9751,48.719
9752,48.728
9753,48.749
9754,48.759
9755,48.778
9756,48.787
9757,48.807
9758,48.817
9759,48.836
9760,48.845
9761,48.849
9762,48.850
9763,48.851
9764,48.852
9765,48.853
9766,48.872
9767,48.881
9768,48.900
9769,48.909
9770,48.934
9771,48.943
9772,48.961
9773,48.970
9774,48.971
9775,48.976
9776,48.985
9777,48.986
9778,48.987
9779,48.991
9780,48.999
9781,49.019
9782,49.028
9783,49.048
9784,49.057
9785,49.077
9786,49.087
9787,49.108
9788,49.117
9789,49.139
9790,49.148
9791,49.168
9792,49.177
9793,49.198
9794,49.207
9795,49.227
9796,49.236
9797,49.255
9798,49.265
9799,49.291
9800,49.317
9801,49.327
9802,49.328
9803,49.352
9804,49.364
9805,49.384
9806,49.393
9807,49.413
9808,49.421
9809,49.422
9810,49.423
9811,49.424
9812,49.429
9813,49.438
9814,49.438
9815,49.439
9816,49.440
9817,49.441
9818,49.462
9819,49.472
9820,49.490
9821,49.499
9822,49.518
9823,49.526
9824,49.547
9825,49.560
9826,49.566
9827,49.579
9828,49.580
9829,49.581
9830,49.583
9831,49.612
9832,49.614
9833,49.615
9834,49.616
9835,49.648
9836,49.661
9837,49.662
9838,49.694
9839,49.710
9840,49.737
9841,49.749
9842,49.776
9843,49.777
9844,49.779
9845,49.780
9846,49.807
9847,49.819
9848,49.847
9849,49.859
9850,49.860
9851,49.861
9852,49.863
9853,49.864
9854,49.869
9855,49.871
9856,49.872
9857,49.878
9858,49.879
9859,49.880
9860,49.881
9861,49.910
9862,49.925
9863,49.926
9864,49.953
9865,49.968
9866,49.970
9867,49.971
9868,49.973
9869,50.005
9870,50.016
9871,50.017
9872,50.040
9873,50.050
9874,50.070
9875,50.080
9876,50.102
9877,50.111
9878,50.132
9879,50.142
9880,50.161
9881,50.170
9882,50.191
9883,50.200
9884,50.220
9885,50.229
9886,50.250
9887,50.259
9888,50.279
9889,50.287
9890,50.311
9891,50.322
9892,50.323
9893,50.324
9894,50.325
9895,50.326
9896,50.327
9897,50.328
9898,50.329
9899,50.330
9900,50.332
9901,50.333
9902,50.334
9903,50.335
9904,50.336
9905,50.338
9906,50.357
9907,50.366
9908,50.386
9909,50.396
9910,50.415
9911,50.424
9912,50.445
9913,50.454
9914,50.473
9915,50.482
9916,50.502
9917,50.512
9918,50.530
9919,50.539
9920,50.544
9921,50.545
9922,50.546
9923,50.547
9924,50.547
9925,50.567
9926,50.576
9927,50.595
9928,50.604
9929,50.629
9930,50.639
9931,50.657
9932,50.666
9933,50.667
9934,50.672
9935,50.681
9936,50.681
9937,50.682
9938,50.683
9939,50.687
9940,50.697
9941,50.716
9942,50.725
9943,50.744
9944,50.753
9945,50.758
9946,50.760
9947,50.760
9948,50.761
9949,50.782
9950,50.791
9951,50.817
9952,50.846
9953,50.855
9954,50.875
9955,50.884
9956,50.889
9957,50.898
9958,50.899
9959,50.903
9960,50.912
9961,50.917
9962,50.925
9963,50.926
9964,50.946
9965,50.955
9966,50.956
9967,50.975
9968,51.003
9969,51.012
9970,51.013
9971,51.014
9972,51.015
9973,51.033
9974,51.043
9975,51.066
9976,51.104
9977,51.118
9978,51.146
9979,51.160
9980,51.166
9981,51.179
9982,51.181
9983,51.187
9984,51.200
9985,51.205
9986,51.217
9987,51.223
9988,51.236
9989,51.237
9990,51.268
9991,51.290
9992,51.290
9993,51.323
9994,51.352
9995,51.363
9996,51.364
9997,51.399
9998,51.404
9999,51.405
10000,51.406
10001,51.408
10002,51.434
10003,51.436
10004,51.437
10005,51.438
10006,51.439
10007,51.465
10008,51.467
10009,51.468
10010,51.469
10011,51.516
10012,51.534
10013,51.535
10014,51.537
10015,51.538
10016,51.539
10017,51.560
10018,51.561
10019,51.562
10020,51.566
10021,51.568
10022,51.568
10023,51.569
10024,51.599
10025,51.611
10026,51.613
10027,51.614
10028,51.615
10029,51.639
10030,51.649
10031,51.668
10032,51.677
10033,51.696
10034,51.705
10035,51.725
10036,51.734
10037,51.753
10038,51.762
10039,51.781
10040,51.790
10041,51.809
10042,51.818
10043,51.837
10044,51.846
10045,51.864
10046,51.873
10047,51.896
10048,51.907
10049,51.909
10050,51.910
10051,51.911
10052,51.912
10053,51.913
10054,51.914
10055,51.915
10056,51.917
10057,51.918
10058,51.919
10059,51.920
10060,51.921
10061,51.923
10062,51.924
10063,51.943
10064,51.959
10065,51.995
10066,52.007
10067,52.029
10068,52.040
10069,52.061
10070,52.095
10071,52.126
10072,52.136
10073,52.137
10074,52.159
10075,52.170
10076,52.171
10077,52.192
10078,52.202
10079,52.226
10080,52.237
10081,52.238
10082,52.260
10083,52.270
10084,52.292
10085,52.303
10086,52.304
10087,52.326
10088,52.336
10089,52.341
10090,52.351
10091,52.352
10092,52.353
10093,52.354
10094,52.355
10095,52.377
10096,52.387
10097,52.409
10098,52.440
10099,52.441
10100,52.442
10101,52.443
10102,52.449
10103,52.459
10104,52.460
10105,52.461
10106,52.462
10107,52.463
10108,52.468
10109,52.478
10110,52.499
10111,52.509
10112,52.529
10113,52.531
10114,52.532
10115,52.533
10116,52.556
10117,52.567
10118,52.589
10119,52.601
10120,52.602
10121,52.623
10122,52.634
10123,52.639
10124,52.649
10125,52.650
10126,52.655
10127,52.664
10128,52.684
10129,52.699
10130,52.728
10131,52.742
10132,52.744
10133,52.745
10134,52.746
10135,52.747
10136,52.754
10137,52.768
10138,52.769
10139,52.771
10140,52.772
10141,52.773
10142,52.806
10143,52.821
10144,52.822
10145,52.850
10146,52.864
10147,52.871
10148,52.885
10149,52.887
10150,52.893
10151,52.906
10152,52.913
10153,52.926
10154,52.927
10155,52.928
10156,52.930
10157,52.961
10158,52.963
10159,52.964
10160,52.965
10161,52.996
10162,53.013
10163,53.014
10164,53.021
10165,53.034
10166,53.035
10167,53.036
10168,53.037
10169,53.070
10170,53.086
10171,53.087
10172,53.116
10173,53.131
10174,53.132
10175,53.140
10176,53.157
10177,53.159
10178,53.160
10179,53.162
10180,53.202
10181,53.214
10182,53.216
10183,53.239
10184,53.250
10185,53.251
10186,53.256
10187,53.266
10188,53.267
10189,53.272
10190,53.273
10191,53.274
10192,53.275
10193,53.280
10194,53.281
10195,53.282
10196,53.283
10197,53.288
10198,53.299
10199,53.300
10200,53.301
10201,53.302
10202,53.303
10203,53.309
10204,53.310
10205,53.311
10206,53.312
10207,53.317
10208,53.318
10209,53.319
10210,53.320
10211,53.344
10212,53.355
10213,53.357
10214,53.380
10215,53.391
10216,53.392
10217,53.393
10218,53.394
10219,53.418
10220,53.432
10221,53.433
10222,53.455
10223,53.465
10224,53.466
10225,53.486
10226,53.495
10227,53.515
10228,53.525
10229,53.526
10230,53.545
10231,53.554
10232,53.555
10233,53.556
10234,53.557
10235,53.562
10236,53.571
10237,53.591
10238,53.601
10239,53.621
10240,53.631
10241,53.632
10242,53.651
10243,53.661
10244,53.681
10245,53.691
10246,53.692
10247,53.712
10248,53.722
10249,53.747
10250,53.758
10251,53.760
10252,53.761
10253,53.762
10254,53.763
10255,53.765
10256,53.766
10257,53.767
10258,53.768
10259,53.770
10260,53.771
10261,53.772
10262,53.774
10263,53.775
10264,53.776
10265,53.803
10266,53.832
10267,53.845
10268,53.847
10269,53.868
10270,53.877
10271,53.878
10272,53.900
10273,53.910
10274,53.912
10275,53.916
10276,53.927
10277,53.932
10278,53.942
10279,53.943
10280,53.973
10281,53.984
10282,53.985
10283,53.986
10284,54.009
10285,54.020
10286,54.021
10287,54.022
10288,54.044
10289,54.054
10290,54.055
10291,54.077
10292,54.088
10293,54.089
10294,54.115
10295,54.128
10296,54.129
10297,54.152
10298,54.163
10299,54.164
10300,54.165
10301,54.166
10302,54.187
10303,54.197
10304,54.198
10305,54.203
10306,54.212
10307,54.217
10308,54.227
10309,54.228
10310,54.256
10311,54.267
10312,54.269
10313,54.270
10314,54.292
10315,54.303
10316,54.304
10317,54.305
10318,54.326
10319,54.335
10320,54.336
10321,54.357
10322,54.366
10323,54.367
10324,54.401
10325,54.420
10326,54.422
10327,54.458
10328,54.472
10329,54.474
10330,54.475
10331,54.477
10332,54.508
10333,54.521
10334,54.522
10335,54.528
10336,54.541
10337,54.547
10338,54.560
10339,54.562
10340,54.601
10341,54.614
10342,54.615
10343,54.616
10344,54.651
10345,54.667
10346,54.698
10347,54.712
10348,54.713
10349,54.715
10350,54.716
10351,54.745
10352,54.758
10353,54.760
10354,54.761
10355,54.790
10356,54.804
10357,54.805
10358,54.807
10359,54.837
10360,54.854
10361,54.863
10362,54.879
10363,54.880
10364,54.887
10365,54.897
10366,54.903
10367,54.913
10368,54.914
10369,54.937
10370,54.948
10371,54.970
10372,54.981
10373,54.982
10374,55.003
10375,55.013
10376,55.014
10377,55.042
10378,55.053
10379,55.054
10380,55.056
10381,55.083
10382,55.096
10383,55.119
10384,55.130
10385,55.131
10386,55.132
10387,55.133
10388,55.154
10389,55.164
10390,55.165
10391,55.166
10392,55.189
10393,55.199
10394,55.205
10395,55.215
10396,55.216
10397,55.221
10398,55.231
10399,55.236
10400,55.247
10401,55.248
10402,55.270
10403,55.280
10404,55.302
10405,55.312
10406,55.313
10407,55.335
10408,55.345
10409,55.346
10410,55.351
10411,55.361
10412,55.362
10413,55.386
10414,55.398
10415,55.400
10416,55.423
10417,55.434
10418,55.435
10419,55.466
10420,55.478
10421,55.480
10422,55.481
10423,55.482
10424,55.504
10425,55.514
10426,55.515
10427,55.516
10428,55.539
10429,55.550
10430,55.551
10431,55.578
10432,55.592
10433,55.624
10434,55.636
10435,55.638
10436,55.639
10437,55.641
10438,55.663
10439,55.675
10440,55.676
10441,55.677
10442,55.678
10443,55.703
10444,55.715
10445,55.716
10446,55.717
10447,55.739
10448,55.750
10449,55.755
10450,55.765
10451,55.766
10452,55.771
10453,55.782
10454,55.787
10455,55.797
10456,55.798
10457,55.820
10458,55.831
10459,55.853
10460,55.863
10461,55.864
10462,55.891
10463,55.903
10464,55.925
10465,55.936
10466,55.937
10467,55.959
10468,55.970
10469,55.971
10470,55.992
10471,56.002
10472,56.003
10473,56.031
10474,56.041
10475,56.043
10476,56.044
10477,56.045
10478,56.063
10479,56.072
10480,56.073
10481,56.074
10482,56.105
10483,56.121
10484,56.122
10485,56.161
10486,56.180
10487,56.224
10488,56.239
10489,56.240
10490,56.242
10491,56.243
10492,56.284
10493,56.297
10494,56.299
10495,56.300
10496,56.302
10497,56.329
10498,56.343
10499,56.345
10500,56.346
10501,56.373
10502,56.386
10503,56.388
10504,56.394
10505,56.408
10506,56.415
10507,56.429
10508,56.430
10509,56.469
10510,56.484
10511,56.485
10512,56.487
10513,56.522
10514,56.543
10515,56.590
10516,56.602
10517,56.603
10518,56.604
10519,56.605
10520,56.628
10521,56.639
10522,56.640
10523,56.642
10524,56.662
10525,56.673
10526,56.697
10527,56.707
10528,56.708
10529,56.709
10530,56.729
10531,56.739
10532,56.746
10533,56.756
10534,56.762
10535,56.772
10536,56.784
10537,56.797
10538,56.798
10539,56.799
10540,56.805
10541,56.842
10542,56.876
10543,56.906
10544,56.915
10545,56.916
10546,56.917
10547,56.942
10548,56.944
10549,56.970
10550,56.981
10551,57.002
10552,57.012
10553,57.033
10554,57.047
10555,57.057
10556,57.059
10557,57.064
10558,57.074
10559,57.081
10560,57.091
10561,57.092
10562,57.093
10563,57.094
10564,57.095
10565,57.096
10566,57.097
10567,57.098
10568,57.099
10569,57.105
10570,57.116
10571,57.122
10572,57.132
10573,57.136
10574,57.147
10575,57.152
10576,57.162
10577,57.188
10578,57.201
10579,57.202
10580,57.203
10581,57.205
10582,57.206
10583,57.207
10584,57.208
10585,57.209
10586,57.211
10587,57.212
10588,57.213
10589,57.215
10590,57.216
10591,57.218
10592,57.219
10593,57.241
10594,57.252
10595,57.275
10596,57.286
10597,57.307
10598,57.318
10599,57.343
10600,57.355
10601,57.378
10602,57.390
10603,57.414
10604,57.425
10605,57.448
10606,57.458
10607,57.465
10608,57.466
10609,57.467
10610,57.468
10611,57.469
10612,57.491
10613,57.503
10614,57.525
10615,57.536
10616,57.566
10617,57.576
10618,57.597
10619,57.607
10620,57.609
10621,57.631
10622,57.641
10623,57.662
10624,57.672
10625,57.695
10626,57.708
10627,57.733
10628,57.744
10629,57.767
10630,57.782
10631,57.814
10632,57.828
10633,57.861
10634,57.876
10635,57.907
10636,57.921
10637,57.929
10638,57.943
10639,57.945
10640,57.951
10641,57.965
10642,57.973
10643,57.987
10644,57.988
10645,57.990
10646,57.991
10647,58.021
10648,58.023
10649,58.024
10650,58.025
10651,58.061
10652,58.077
10653,58.119
10654,58.164
10655,58.179
10656,58.210
10657,58.212
10658,58.214
10659,58.225
10660,58.244
10661,58.246
10662,58.247
10663,58.249
10664,58.250
10665,58.252
10666,58.261
10667,58.264
10668,58.265
10669,58.277
10670,58.289
10671,58.290
10672,58.291
10673,58.292
10674,58.293
10675,58.317
10676,58.329
10677,58.352
10678,58.363
10679,58.388
10680,58.399
10681,58.421
10682,58.433
10683,58.454
10684,58.465
10685,58.486
10686,58.497
10687,58.520
10688,58.530
10689,58.551
10690,58.562
10691,58.583
10692,58.593
10693,58.621
10694,58.633
10695,58.634
10696,58.635
10697,58.636
10698,58.638
10699,58.639
10700,58.640
10701,58.641
10702,58.643
10703,58.644
10704,58.645
10705,58.647
10706,58.648
10707,58.649
10708,58.651
10709,58.673
10710,58.683
10711,58.707
10712,58.718
10713,58.739
10714,58.750
10715,58.775
10716,58.787
10717,58.809
10718,58.819
10719,58.842
10720,58.852
10721,58.875
10722,58.885
10723,58.891
10724,58.892
10725,58.893
10726,58.894
10727,58.895
10728,58.916
10729,58.927
10730,58.950
10731,58.960
10732,58.989
10733,59.000
10734,59.021
10735,59.031
10736,59.032
10737,59.037
10738,59.047
10739,59.048
10740,59.049
10741,59.054
10742,59.065
10743,59.086
10744,59.097
10745,59.122
10746,59.133
10747,59.155
10748,59.166
10749,59.188
10750,59.200
10751,59.223
10752,59.234
10753,59.257
10754,59.267
10755,59.290
10756,59.300
10757,59.322
10758,59.333
10759,59.355
10760,59.367
10761,59.393
10762,59.422
10763,59.431
10764,59.431
10765,59.461
10766,59.478
10767,59.509
10768,59.524
10769,59.554
10770,59.570
10771,59.571
10772,59.572
10773,59.574
10774,59.580
10775,59.593
10776,59.595
10777,59.596
10778,59.597
10779,59.602
10780,59.632
10781,59.646
10782,59.674
10783,59.688
10784,59.717
10785,59.731
10786,59.761
10787,59.775
10788,59.783
10789,59.796
10790,59.798
10791,59.799
10792,59.800
10793,59.829
10794,59.831
10795,59.832
10796,59.833
10797,59.862
10798,59.876
10799,59.877
10800,59.920
10801,59.937
10802,59.959
10803,59.969
10804,59.990
10805,59.991
10806,59.992
10807,59.993
10808,60.015
10809,60.026
10810,60.047
10811,60.056
10812,60.057
10813,60.058
10814,60.059
10815,60.060
10816,60.065
10817,60.066
10818,60.067
10819,60.071
10820,60.073
10821,60.073
10822,60.074
10823,60.098
10824,60.109
10825,60.110
10826,60.132
10827,60.144
10828,60.145
10829,60.146
10830,60.147
10831,60.171
10832,60.182
10833,60.183
10834,60.205
10835,60.215
10836,60.236
10837,60.246
10838,60.266
10839,60.276
10840,60.297
10841,60.307
10842,60.327
10843,60.336
10844,60.358
10845,60.368
10846,60.388
10847,60.398
10848,60.419
10849,60.430
10850,60.451
10851,60.461
10852,60.487
10853,60.499
10854,60.500
10855,60.501
10856,60.502
10857,60.504
10858,60.505
10859,60.506
10860,60.507
10861,60.508
10862,60.510
10863,60.511
10864,60.512
10865,60.513
10866,60.515
10867,60.516
10868,60.536
10869,60.545
10870,60.568
10871,60.579
10872,60.598
10873,60.609
10874,60.631
10875,60.642
10876,60.662
10877,60.672
10878,60.693
10879,60.703
10880,60.723
10881,60.733
10882,60.738
10883,60.740
10884,60.740
10885,60.741
10886,60.742
10887,60.763
10888,60.774
10889,60.795
10890,60.805
10891,60.831
10892,60.840
10893,60.858
10894,60.867
10895,60.869
10896,60.874
10897,60.883
10898,60.884
10899,60.885
10900,60.886
10901,60.892
10902,60.900
10903,60.920
10904,60.929
10905,60.948
10906,60.949
10907,60.950
10908,60.951
10909,60.971
10910,60.980
10911,61.003
10912,61.039
10913,61.055
10914,61.084
10915,61.098
10916,61.104
10917,61.118
10918,61.119
10919,61.125
10920,61.140
10921,61.146
10922,61.158
10923,61.159
10924,61.186
10925,61.201
10926,61.202
10927,61.228
10928,61.267
10929,61.280
10930,61.281
10931,61.282
10932,61.283
10933,61.310
10934,61.323
10935,61.357
10936,61.395
10937,61.408
10938,61.438
10939,61.453
10940,61.461
10941,61.473
10942,61.474
10943,61.479
10944,61.488
10945,61.493
10946,61.502
10947,61.508
10948,61.517
10949,61.518
10950,61.543
10951,61.555
10952,61.556
10953,61.580
10954,61.589
10955,61.610
10956,61.620
10957,61.621
10958,61.622
10959,61.623
10960,61.644
10961,61.645
10962,61.646
10963,61.646
10964,61.647
10965,61.669
10966,61.670
10967,61.671
10968,61.672
10969,61.703
10970,61.714
10971,61.715
10972,61.717
10973,61.718
10974,61.719
10975,61.739
10976,61.740
10977,61.741
10978,61.746
10979,61.747
10980,61.748
10981,61.749
10982,61.779
10983,61.789
10984,61.791
10985,61.792
10986,61.793
10987,61.814
10988,61.824
10989,61.844
10990,61.854
10991,61.874
10992,61.884
10993,61.904
10994,61.914
10995,61.934
10996,61.944
10997,61.965
10998,61.975
10999,61.995
11000,62.005
11001,62.026
11002,62.036
11003,62.055
11004,62.065
11005,62.091
11006,62.103
11007,62.105
11008,62.106
11009,62.107
11010,62.108
11011,62.109
11012,62.111
11013,62.112
11014,62.113
11015,62.114
11016,62.116
11017,62.117
11018,62.118
11019,62.120
11020,62.121
11021,62.141
11022,62.156
11023,62.190
11024,62.203
11025,62.224
11026,62.234
11027,62.255
11028,62.289
11029,62.319
11030,62.328
11031,62.329
11032,62.349
11033,62.362
11034,62.363
11035,62.365
11036,62.366
11037,62.372
11038,62.382
11039,62.404
11040,62.413
11041,62.444
11042,62.458
11043,62.460
11044,62.487
11045,62.500
11046,62.528
11047,62.541
11048,62.543
11049,62.568
11050,62.577
11051,62.581
11052,62.589
11053,62.590
11054,62.591
11055,62.592
11056,62.593
11057,62.621
11058,62.636
11059,62.666
11060,62.711
11061,62.713
11062,62.715
11063,62.716
11064,62.723
11065,62.738
11066,62.738
11067,62.739
11068,62.740
11069,62.741
11070,62.748
11071,62.761
11072,62.789
11073,62.804
11074,62.833
11075,62.835
11076,62.836
11077,62.838
11078,62.866
11079,62.880
11080,62.909
11081,62.923
11082,62.925
11083,62.953
11084,62.967
11085,62.978
11086,62.986
11087,62.988
11088,62.994
11089,63.006
11090,63.035
11091,63.052
11092,63.084
11093,63.093
11094,63.094
11095,63.095
11096,63.096
11097,63.097
11098,63.103
11099,63.113
11100,63.114
11101,63.115
11102,63.116
11103,63.117
11104,63.139
11105,63.150
11106,63.151
11107,63.173
11108,63.184
11109,63.189
11110,63.198
11111,63.199
11112,63.204
11113,63.213
11114,63.218
11115,63.228
11116,63.229
11117,63.230
11118,63.231
11119,63.251
11120,63.252
11121,63.254
11122,63.254
11123,63.275
11124,63.286
11125,63.287
11126,63.314
11127,63.324
11128,63.325
11129,63.327
11130,63.328
11131,63.349
11132,63.359
11133,63.360
11134,63.365
11135,63.366
11136,63.367
11137,63.368
11138,63.372
11139,63.374
11140,63.375
11141,63.375
11142,63.380
11143,63.390
11144,63.391
11145,63.392
11146,63.393
11147,63.394
11148,63.398
11149,63.400
11150,63.400
11151,63.401
11152,63.406
11153,63.407
11154,63.408
11155,63.409
11156,63.432
11157,63.443
11158,63.444
11159,63.464
11160,63.474
11161,63.475
11162,63.476
11163,63.477
11164,63.501
11165,63.513
11166,63.514
11167,63.535
11168,63.544
11169,63.545
11170,63.565
11171,63.574
11172,63.595
11173,63.604
11174,63.605
11175,63.625
11176,63.635
11177,63.636
11178,63.656
11179,63.666
11180,63.686
11181,63.696
11182,63.697
11183,63.717
11184,63.727
11185,63.747
11186,63.757
11187,63.758
11188,63.778
11189,63.788
11190,63.813
11191,63.824
11192,63.825
11193,63.827
11194,63.828
11195,63.829
11196,63.830
11197,63.831
11198,63.833
11199,63.834
11200,63.835
11201,63.837
11202,63.838
11203,63.840
11204,63.841
11205,63.842
11206,63.862
11207,63.876
11208,63.890
11209,63.891
11210,63.911
11211,63.921
11212,63.921
11213,63.942
11214,63.952
11215,63.953
11216,63.957
11217,63.966
11218,63.988
11219,63.999
11220,64.000
11221,64.001
11222,64.028
11223,64.040
11224,64.041
11225,64.042
11226,64.062
11227,64.071
11228,64.072
11229,64.073
11230,64.095
11231,64.104
11232,64.106
11233,64.130
11234,64.142
11235,64.143
11236,64.144
11237,64.164
11238,64.173
11239,64.174
11240,64.176
11241,64.177
11242,64.206
11243,64.221
11244,64.223
11245,64.230
11246,64.244
11247,64.277
11248,64.294
11249,64.295
11250,64.297
11251,64.336
11252,64.352
11253,64.353
11254,64.355
11255,64.384
11256,64.397
11257,64.398
11258,64.399
11259,64.430
11260,64.445
11261,64.446
11262,64.483
11263,64.499
11264,64.501
11265,64.502
11266,64.535
11267,64.550
11268,64.551
11269,64.553
11270,64.554
11271,64.580
11272,64.593
11273,64.594
11274,64.601
11275,64.615
11276,64.654
11277,64.667
11278,64.668
11279,64.697
11280,64.727
11281,64.737
11282,64.739
11283,64.740
11284,64.741
11285,64.762
11286,64.771
11287,64.772
11288,64.773
11289,64.774
11290,64.794
11291,64.804
11292,64.805
11293,64.806
11294,64.826
11295,64.836
11296,64.837
11297,64.838
11298,64.859
11299,64.869
11300,64.874
11301,64.884
11302,64.885
11303,64.889
11304,64.899
11305,64.924
11306,64.936
11307,64.937
11308,64.964
11309,64.993
11310,65.003
11311,65.004
11312,65.005
11313,65.006
11314,65.027
11315,65.037
11316,65.038
11317,65.039
11318,65.040
11319,65.063
11320,65.074
11321,65.075
11322,65.076
11323,65.098
11324,65.108
11325,65.113
11326,65.123
11327,65.124
11328,65.129
11329,65.139
11330,65.145
11331,65.155
11332,65.156
11333,65.180
11334,65.190
11335,65.213
11336,65.223
11337,65.224
11338,65.246
11339,65.256
11340,65.257
11341,65.262
11342,65.272
11343,65.273
11344,65.297
11345,65.308
11346,65.309
11347,65.332
11348,65.343
11349,65.344
11350,65.374
11351,65.387
11352,65.388
11353,65.390
11354,65.391
11355,65.422
11356,65.432
11357,65.433
11358,65.466
11359,65.478
11360,65.479
11361,65.481
11362,65.482
11363,65.504
11364,65.515
11365,65.516
11366,65.517
11367,65.518
11368,65.543
11369,65.554
11370,65.555
11371,65.556
11372,65.578
11373,65.589
11374,65.594
11375,65.604
11376,65.605
11377,65.609
11378,65.619
11379,65.624
11380,65.634
11381,65.635
11382,65.657
11383,65.658
11384,65.659
11385,65.681
11386,65.690
11387,65.691
11388,65.711
11389,65.721
11390,65.722
11391,65.741
11392,65.750
11393,65.752
11394,65.776
11395,65.777
11396,65.779
11397,65.780
11398,65.781
11399,65.782
11400,65.817
11401,65.834
11402,65.836
11403,65.877
11404,65.894
11405,65.895
11406,65.896
11407,65.898
11408,65.934
11409,65.949
11410,65.950
11411,65.952
11412,65.953
11413,65.980
11414,65.993
11415,65.995
11416,65.996
11417,66.023
11418,66.036
11419,66.038
11420,66.044
11421,66.056
11422,66.091
11423,66.106
11424,66.108
11425,66.147
11426,66.163
11427,66.164
11428,66.165
11429,66.204
11430,66.221
11431,66.222
11432,66.224
11433,66.226
11434,66.254
11435,66.263
11436,66.264
11437,66.265
11438,66.287
11439,66.297
11440,66.317
11441,66.328
11442,66.329
11443,66.330
11444,66.351
11445,66.361
11446,66.366
11447,66.376
11448,66.377
11449,66.378
11450,66.379
11451,66.379
11452,66.380
11453,66.381
11454,66.382
11455,66.387
11456,66.393
11457,66.394
11458,66.395
11459,66.398
11460,66.403
11461,66.404
11462,66.405
11463,66.406
11464,66.407
11465,66.407
11466,66.408
11467,66.409
11468,66.410
11469,66.412
11470,66.417
11471,66.422
11472,66.423
11473,66.425
11474,66.430
11475,66.432
11476,66.436
11477,66.454
11478,66.459
11479,66.477
11480,66.481
11481,66.484
11482,66.489
11483,66.492
11484,66.497
11485,66.499
11486,66.504
11487,66.506
11488,66.512
11489,66.514
11490,66.537
11491,66.542
11492,66.559
11493,66.587
11494,66.592
11495,66.594
11496,66.615
11497,66.634
11498,66.639
11499,66.640
11500,66.660
11501,66.666
11502,66.683
11503,66.688
11504,66.690
11505,66.708
11506,66.729
11507,66.751
11508,66.774
11509,66.780
11510,66.781
11511,66.785
11512,66.791
11513,66.793
11514,66.798
11515,66.799
11516,66.800
11517,66.822
11518,66.829
11519,66.847
11520,66.852
11521,66.853
11522,66.856
11523,66.861
11524,66.862
11525,66.863
11526,66.866
11527,66.871
11528,66.872
11529,66.875
11530,66.882
11531,66.883
11532,66.885
11533,66.890
11534,66.891
11535,66.893
11536,66.898
11537,66.899
11538,66.900
11539,66.901
11540,66.902
11541,66.905
11542,66.910
11543,66.911
11544,66.912
11545,66.913
11546,66.914
11547,66.915
11548,66.916
11549,66.917
11550,66.918
11551,66.920
11552,66.926
11553,66.932
11554,66.938
11555,66.944
11556,66.950
11557,66.956
11558,66.962
11559,66.968
11560,66.979
11561,66.980
11562,66.981
11563,66.999
11564,67.004
11565,67.028
11566,67.050
11567,67.057
11568,67.058
11569,67.066
11570,67.077
11571,67.083
11572,67.087
11573,67.114
11574,67.119
11575,67.121
11576,67.121
11577,67.124
11578,67.126
11579,67.127
11580,67.127
11581,67.128
11582,67.143
11583,67.149
11584,67.150
11585,67.152
11586,67.164
11587,67.165
11588,67.166
11589,67.167
11590,67.177
11591,67.178
11592,67.179
11593,67.179
11594,67.181
11595,67.182
11596,67.192
11597,67.194
11598,67.195
11599,67.214
11600,67.243
11601,67.244
11602,67.245
11603,67.250
11604,67.253
11605,67.262
11606,67.267
11607,67.268
11608,67.269
11609,67.272
11610,67.275
11611,67.283
11612,67.292
11613,67.297
11614,67.307
11615,67.313
11616,67.324
11617,67.330
11618,67.341
11619,67.347
11620,67.348
11621,67.349
11622,67.350
11623,67.356
11624,67.370
11625,67.378
11626,67.382
11627,67.391
11628,67.406
11629,67.422
11630,67.429
11631,67.444
11632,67.445
11633,67.447
11634,67.454
11635,67.497
11636,67.543
11637,67.587
11638,67.600
11639,67.601
11640,67.602
11641,67.610
11642,67.619
11643,67.620
11644,67.655
11645,67.668
11646,67.695
11647,67.697
11648,67.698
11649,67.703
11650,67.705
11651,67.706
11652,67.707
11653,67.745
11654,67.759
11655,67.786
11656,67.828
11657,67.842
11658,67.843
11659,67.882
11660,67.892
11661,67.914
11662,67.928
11663,67.940
11664,67.942
11665,67.947
11666,67.957
11667,67.963
11668,67.975
11669,67.976
11670,67.977
11671,67.983
11672,67.992
11673,67.997
11674,68.006
11675,68.007
11676,68.008
11677,68.009
11678,68.010
11679,68.015
11680,68.024
11681,68.028
11682,68.037
11683,68.042
11684,68.051
11685,68.051
11686,68.077
11687,68.088
11688,68.089
11689,68.091
11690,68.092
11691,68.093
11692,68.094
11693,68.095
11694,68.096
11695,68.098
11696,68.099
11697,68.100
11698,68.101
11699,68.103
11700,68.104
11701,68.105
11702,68.128
11703,68.138
11704,68.164
11705,68.175
11706,68.196
11707,68.206
11708,68.227
11709,68.239
11710,68.259
11711,68.268
11712,68.290
11713,68.300
11714,68.320
11715,68.329
11716,68.335
11717,68.336
11718,68.337
11719,68.338
11720,68.339
11721,68.360
11722,68.370
11723,68.392
11724,68.401
11725,68.430
11726,68.439
11727,68.459
11728,68.468
11729,68.469
11730,68.490
11731,68.499
11732,68.521
11733,68.530
11734,68.552
11735,68.562
11736,68.584
11737,68.594
11738,68.616
11739,68.626
11740,68.648
11741,68.658
11742,68.682
11743,68.692
11744,68.713
11745,68.723
11746,68.728
11747,68.738
11748,68.739
11749,68.744
11750,68.753
11751,68.758
11752,68.769
11753,68.770
11754,68.770
11755,68.771
11756,68.794
11757,68.795
11758,68.797
11759,68.797
11760,68.819
11761,68.820
11762,68.821
11763,68.846
11764,68.877
11765,68.887
11766,68.913
11767,68.924
11768,68.926
11769,68.927
11770,68.928
11771,68.929
11772,68.930
11773,68.951
11774,68.952
11775,68.953
11776,68.977
11777,68.988
11778,68.989
11779,68.991
11780,68.992
11781,68.993
11782,69.013
11783,69.022
11784,69.049
11785,69.062
11786,69.093
11787,69.107
11788,69.142
11789,69.154
11790,69.183
11791,69.196
11792,69.225
11793,69.240
11794,69.267
11795,69.280
11796,69.308
11797,69.322
11798,69.351
11799,69.366
11800,69.400
11801,69.415
11802,69.416
11803,69.418
11804,69.419
11805,69.421
11806,69.422
11807,69.424
11808,69.425
11809,69.427
11810,69.428
11811,69.430
11812,69.431
11813,69.433
11814,69.434
11815,69.436
11816,69.465
11817,69.479
11818,69.515
11819,69.531
11820,69.555
11821,69.565
11822,69.590
11823,69.601
11824,69.624
11825,69.636
11826,69.658
11827,69.668
11828,69.689
11829,69.699
11830,69.704
11831,69.705
11832,69.706
11833,69.707
11834,69.708
11835,69.730
11836,69.739
11837,69.762
11838,69.772
11839,69.800
11840,69.810
11841,69.830
11842,69.839
11843,69.840
11844,69.845
11845,69.854
11846,69.855
11847,69.856
11848,69.879
11849,69.879
11850,69.896
11851,69.909
11852,69.935
11853,69.945
11854,69.967
11855,69.976
11856,69.998
11857,70.009
11858,70.033
11859,70.043
11860,70.064
11861,70.074
11862,70.097
11863,70.107
11864,70.129
11865,70.140
11866,70.164
11867,70.173
11868,70.202
11869,70.235
11870,70.245
11871,70.246
11872,70.274
11873,70.286
11874,70.309
11875,70.320
11876,70.342
11877,70.352
11878,70.353
11879,70.354
11880,70.355
11881,70.360
11882,70.370
11883,70.371
11884,70.372
11885,70.373
11886,70.374
11887,70.398
11888,70.408
11889,70.431
11890,70.441
11891,70.463
11892,70.474
11893,70.496
11894,70.506
11895,70.511
11896,70.521
11897,70.522
11898,70.523
11899,70.524
11900,70.546
11901,70.548
11902,70.549
11903,70.550
11904,70.572
11905,70.583
11906,70.584
11907,70.611
11908,70.623
11909,70.645
11910,70.655
11911,70.675
11912,70.677
11913,70.677
11914,70.678
11915,70.706
11916,70.720
11917,70.757
11918,70.774
11919,70.775
11920,70.777
11921,70.778
11922,70.780
11923,70.781
11924,70.812
11925,70.814
11926,70.815
11927,70.822
11928,70.823
11929,70.824
11930,70.826
11931,70.859
11932,70.874
11933,70.876
11934,70.877
11935,70.879
11936,70.880
11937,70.911
11938,70.924
11939,70.953
11940,70.966
11941,70.996
11942,71.010
11943,71.040
11944,71.053
11945,71.081
11946,71.094
11947,71.123
11948,71.139
11949,71.171
11950,71.183
11951,71.206
11952,71.217
11953,71.238
11954,71.248
11955,71.275
11956,71.312
11957,71.324
11958,71.325
11959,71.326
11960,71.327
11961,71.329
11962,71.330
11963,71.331
11964,71.332
11965,71.334
11966,71.335
11967,71.336
11968,71.338
11969,71.339
11970,71.340
11971,71.342
11972,71.363
11973,71.372
11974,71.396
11975,71.406
11976,71.428
11977,71.438
11978,71.460
11979,71.470
11980,71.491
11981,71.500
11982,71.521
11983,71.531
11984,71.551
11985,71.560
11986,71.565
11987,71.574
11988,71.575
11989,71.576
11990,71.577
11991,71.598
11992,71.610
11993,71.629
11994,71.659
11995,71.660
11996,71.661
11997,71.662
11998,71.690
11999,71.718
12000,71.728
12001,71.729
12002,71.730
12003,71.731
12004,71.735
12005,71.744
12006,71.765
12007,71.774
12008,71.796
12009,71.797
12010,71.798
12011,71.799
12012,71.822
12013,71.833
12014,71.861
12015,71.892
12016,71.902
12017,71.923
12018,71.933
12019,71.938
12020,71.949
12021,71.951
12022,71.955
12023,71.965
12024,71.988
12025,71.998
12026,72.027
12027,72.056
12028,72.067
12029,72.068
12030,72.069
12031,72.070
12032,72.071
12033,72.076
12034,72.086
12035,72.087
12036,72.088
12037,72.089
12038,72.112
12039,72.123
12040,72.144
12041,72.154
12042,72.159
12043,72.169
12044,72.170
12045,72.174
12046,72.184
12047,72.188
12048,72.198
12049,72.203
12050,72.212
12051,72.213
12052,72.237
12053,72.248
12054,72.249
12055,72.272
12056,72.303
12057,72.313
12058,72.314
12059,72.336
12060,72.339
12061,72.340
12062,72.371
12063,72.413
12064,72.428
12065,72.429
12066,72.475
12067,72.490
12068,72.492
12069,72.494
12070,72.495
12071,72.497
12072,72.526
12073,72.538
12074,72.544
12075,72.557
12076,72.562
12077,72.564
12078,72.565
12079,72.566
12080,72.600
12081,72.616
12082,72.618
12083,72.619
12084,72.650
12085,72.652
12086,72.653
12087,72.685
12088,72.700
12089,72.730
12090,72.732
12091,72.733
12092,72.739
12093,72.751
12094,72.752
12095,72.753
12096,72.759
12097,72.760
12098,72.761
12099,72.762
12100,72.768
12101,72.770
12102,72.772
12103,72.773
12104,72.823
12105,72.838
12106,72.839
12107,72.841
12108,72.842
12109,72.865
12110,72.876
12111,72.896
12112,72.905
12113,72.928
12114,72.938
12115,72.959
12116,72.968
12117,72.989
12118,72.999
12119,73.019
12120,73.028
12121,73.051
12122,73.063
12123,73.089
12124,73.098
12125,73.119
12126,73.129
12127,73.154
12128,73.165
12129,73.167
12130,73.168
12131,73.169
12132,73.170
12133,73.172
12134,73.173
12135,73.174
12136,73.175
12137,73.177
12138,73.178
12139,73.179
12140,73.180
12141,73.182
12142,73.183
12143,73.204
12144,73.235
12145,73.268
12146,73.279
12147,73.280
12148,73.303
12149,73.314
12150,73.315
12151,73.319
12152,73.330
12153,73.334
12154,73.344
12155,73.345
12156,73.346
12157,73.375
12158,73.385
12159,73.387
12160,73.409
12161,73.421
12162,73.425
12163,73.434
12164,73.435
12165,73.456
12166,73.465
12167,73.466
12168,73.487
12169,73.496
12170,73.497
12171,73.498
12172,73.518
12173,73.527
12174,73.528
12175,73.532
12176,73.542
12177,73.546
12178,73.555
12179,73.556
12180,73.557
12181,73.586
12182,73.596
12183,73.597
12184,73.618
12185,73.627
12186,73.632
12187,73.641
12188,73.642
12189,73.664
12190,73.674
12191,73.675
12192,73.696
12193,73.707
12194,73.708
12195,73.709
12196,73.730
12197,73.739
12198,73.740
12199,73.745
12200,73.755
12201,73.760
12202,73.770
12203,73.771
12204,73.801
12205,73.812
12206,73.813
12207,73.840
12208,73.851
12209,73.875
12210,73.887
12211,73.888
12212,73.889
12213,73.911
12214,73.920
12215,73.922
12216,73.943
12217,73.953
12218,73.954
12219,73.972
12220,73.981
12221,73.988
12222,74.002
12223,74.003
12224,74.010
12225,74.024
12226,74.030
12227,74.044
12228,74.046
12229,74.086
12230,74.103
12231,74.104
12232,74.139
12233,74.156
12234,74.187
12235,74.200
12236,74.201
12237,74.203
12238,74.231
12239,74.245
12240,74.246
12241,74.273
12242,74.286
12243,74.292
12244,74.305
12245,74.306
12246,74.312
12247,74.325
12248,74.331
12249,74.344
12250,74.345
12251,74.351
12252,74.364
12253,74.365
12254,74.394
12255,74.408
12256,74.409
12257,74.455
12258,74.470
12259,74.471
12260,74.472
12261,74.494
12262,74.504
12263,74.505
12264,74.510
12265,74.520
12266,74.521
12267,74.543
12268,74.555
12269,74.556
12270,74.586
12271,74.597
12272,74.598
12273,74.599
12274,74.626
12275,74.637
12276,74.661
12277,74.671
12278,74.673
12279,74.673
12280,74.696
12281,74.707
12282,74.708
12283,74.729
12284,74.738
12285,74.739
12286,74.743
12287,74.753
12288,74.758
12289,74.768
12290,74.769
12291,74.773
12292,74.783
12293,74.783
12294,74.805
12295,74.815
12296,74.816
12297,74.843
12298,74.853
12299,74.854
12300,74.856
12301,74.875
12302,74.885
12303,74.886
12304,74.891
12305,74.902
12306,74.903
12307,74.924
12308,74.935
12309,74.936
12310,74.965
12311,74.975
12312,74.977
12313,74.978
12314,75.006
12315,75.018
12316,75.040
12317,75.050
12318,75.051
12319,75.052
12320,75.073
12321,75.082
12322,75.083
12323,75.106
12324,75.116
12325,75.118
12326,75.123
12327,75.133
12328,75.138
12329,75.149
12330,75.150
12331,75.179
12332,75.192
12333,75.194
12334,75.224
12335,75.237
12336,75.263
12337,75.275
12338,75.276
12339,75.277
12340,75.300
12341,75.311
12342,75.312
12343,75.333
12344,75.343
12345,75.366
12346,75.376
12347,75.377
12348,75.398
12349,75.408
12350,75.431
12351,75.437
12352,75.438
12353,75.439
12354,75.442
12355,75.443
12356,75.444
12357,75.465
12358,75.476
12359,75.479
12360,75.483
12361,75.484
12362,75.486
12363,75.503
12364,75.508
12365,75.532
12366,75.536
12367,75.558
12368,75.577
12369,75.580
12370,75.580
12371,75.581
12372,75.583
12373,75.588
12374,75.670
12375,75.674
12376,75.675
12377,75.676
12378,75.677
12379,75.678
12380,75.679
12381,75.744
12382,75.809
12383,75.839
12384,75.866
12385,75.872
12386,75.873
12387,75.878
12388,75.879
12389,75.881
12390,75.912
12391,75.917
12392,75.940
12393,75.953
12394,75.956
12395,75.964
12396,75.965
12397,75.968
12398,75.969
12399,75.990
12400,75.998
12401,76.025
12402,76.060
12403,76.070
12404,76.073
12405,76.077
12406,76.113
12407,76.126
12408,76.127
12409,76.128
12410,76.129
12411,76.130
12412,76.131
12413,76.133
12414,76.134
12415,76.135
12416,76.136
12417,76.137
12418,76.139
12419,76.140
12420,76.142
12421,76.143
12422,76.165
12423,76.198
12424,76.229
12425,76.239
12426,76.261
12427,76.272
12428,76.294
12429,76.304
12430,76.327
12431,76.338
12432,76.359
12433,76.369
12434,76.392
12435,76.403
12436,76.425
12437,76.435
12438,76.442
12439,76.451
12440,76.473
12441,76.483
12442,76.503
12443,76.512
12444,76.513
12445,76.520
12446,76.529
12447,76.536
12448,76.545
12449,76.573
12450,76.585
12451,76.608
12452,76.618
12453,76.641
12454,76.672
12455,76.674
12456,76.675
12457,76.676
12458,76.704
12459,76.732
12460,76.742
12461,76.743
12462,76.744
12463,76.745
12464,76.752
12465,76.762
12466,76.769
12467,76.779
12468,76.801
12469,76.810
12470,76.832
12471,76.841
12472,76.863
12473,76.873
12474,76.874
12475,76.881
12476,76.890
12477,76.897
12478,76.907
12479,76.930
12480,76.940
12481,76.962
12482,76.963
12483,76.964
12484,76.965
12485,76.993
12486,77.005
12487,77.034
12488,77.064
12489,77.074
12490,77.075
12491,77.076
12492,77.077
12493,77.100
12494,77.111
12495,77.133
12496,77.143
12497,77.150
12498,77.160
12499,77.167
12500,77.177
12501,77.198
12502,77.208
12503,77.228
12504,77.237
12505,77.238
12506,77.245
12507,77.253
12508,77.260
12509,77.273
12510,77.312
12511,77.332
12512,77.376
12513,77.421
12514,77.435
12515,77.436
12516,77.443
12517,77.456
12518,77.457
12519,77.459
12520,77.460
12521,77.466
12522,77.479
12523,77.480
12524,77.486
12525,77.499
12526,77.500
12527,77.501
12528,77.503
12529,77.533
12530,77.547
12531,77.576
12532,77.590
12533,77.599
12534,77.612
12535,77.621
12536,77.634
12537,77.640
12538,77.653
12539,77.659
12540,77.672
12541,77.709
12542,77.727
12543,77.763
12544,77.774
12545,77.798
12546,77.810
12547,77.836
12548,77.838
12549,77.839
12550,77.840
12551,77.845
12552,77.846
12553,77.847
12554,77.848
12555,77.853
12556,77.854
12557,77.855
12558,77.856
12559,77.857
12560,77.862
12561,77.873
12562,77.878
12563,77.888
12564,77.915
12565,77.928
12566,77.929
12567,77.930
12568,77.931
12569,77.957
12570,77.969
12571,77.996
12572,78.008
12573,78.033
12574,78.034
12575,78.035
12576,78.036
12577,78.059
12578,78.069
12579,78.070
12580,78.094
12581,78.095
12582,78.096
12583,78.097
12584,78.120
12585,78.131
12586,78.132
12587,78.136
12588,78.146
12589,78.174
12590,78.187
12591,78.211
12592,78.222
12593,78.244
12594,78.254
12595,78.255
12596,78.260
12597,78.270
12598,78.271
12599,78.294
12600,78.304
12601,78.305
12602,78.306
12603,78.333
12604,78.345
12605,78.347
12606,78.370
12607,78.380
12608,78.381
12609,78.404
12610,78.415
12611,78.416
12612,78.417
12613,78.445
12614,78.457
12615,78.459
12616,78.483
12617,78.494
12618,78.495
12619,78.500
12620,78.510
12621,78.511
12622,78.516
12623,78.517
12624,78.518
12625,78.519
12626,78.524
12627,78.525
12628,78.526
12629,78.527
12630,78.535
12631,78.544
12632,78.552
12633,78.562
12634,78.567
12635,78.577
12636,78.578
12637,78.583
12638,78.584
12639,78.585
12640,78.586
12641,78.591
12642,78.592
12643,78.594
12644,78.595
12645,78.624
12646,78.636
12647,78.638
12648,78.662
12649,78.673
12650,78.674
12651,78.675
12652,78.676
12653,78.677
12654,78.708
12655,78.719
12656,78.739
12657,78.750
12658,78.755
12659,78.766
12660,78.771
12661,78.782
12662,78.783
12663,78.808
12664,78.820
12665,78.821
12666,78.847
12667,78.858
12668,78.859
12669,78.860
12670,78.883
12671,78.894
12672,78.917
12673,78.927
12674,78.950
12675,78.960
12676,78.980
12677,78.996
12678,79.026
12679,79.042
12680,79.074
12681,79.089
12682,79.121
12683,79.134
12684,79.164
12685,79.179
12686,79.210
12687,79.224
12688,79.233
12689,79.247
12690,79.257
12691,79.258
12692,79.259
12693,79.260
12694,79.261
12695,79.268
12696,79.280
12697,79.286
12698,79.299
12699,79.309
12700,79.322
12701,79.340
12702,79.353
12703,79.359
12704,79.372
12705,79.378
12706,79.392
12707,79.401
12708,79.403
12709,79.404
12710,79.405
12711,79.406
12712,79.414
12713,79.426
12714,79.441
12715,79.453
12716,79.455
12717,79.457
12718,79.458
12719,79.476
12720,79.491
12721,79.492
12722,79.503
12723,79.504
12724,79.505
12725,79.506
12726,79.512
12727,79.519
12728,79.525
12729,79.526
12730,79.528
12731,79.535
12732,79.539
12733,79.541
12734,79.543
12735,79.554
12736,79.555
12737,79.556
12738,79.557
12739,79.565
12740,79.566
12741,79.567
12742,79.575
12743,79.575
12744,79.576
12745,79.577
12746,79.584
12747,79.585
12748,79.586
12749,79.593
12750,79.594
12751,79.595
12752,79.601
12753,79.612
12754,79.613
12755,79.614
12756,79.636
12757,79.640
12758,79.662
12759,79.663
12760,79.664
12761,79.665
12762,79.666
12763,79.667
12764,79.667
12765,79.673
12766,79.685
12767,79.686
12768,79.687
12769,79.688
12770,79.689
12771,79.695
12772,79.705
12773,79.710
12774,79.719
12775,79.725
12776,79.731
12777,79.736
12778,79.738
12779,79.748
12780,79.749
12781,79.750
12782,79.751
12783,79.752
12784,79.757
12785,79.766
12786,79.771
12787,79.780
12788,79.786
12789,79.795
12790,79.805
12791,79.809
12792,79.811
12793,79.812
12794,79.815
12795,79.816
12796,79.817
12797,79.820
12798,79.822
12799,79.823
12800,79.826
12801,79.829
12802,79.830
12803,79.833
12804,79.836
12805,79.847
12806,79.847
12807,79.849
12808,79.850
12809,79.851
12810,79.852
12811,79.853
12812,79.854
12813,79.859
12814,79.869
12815,79.870
12816,79.871
12817,79.876
12818,79.887
12819,79.893
12820,79.894
12821,79.895
12822,79.900
12823,79.910
12824,79.916
12825,79.920
12826,79.922
12827,79.923
12828,79.925
12829,79.933
12830,79.942
12831,79.948
12832,79.951
12833,79.952
12834,79.955
12835,79.956
12836,79.959
12837,79.960
12838,79.963
12839,79.965
12840,79.969
12841,79.972
12842,79.973
12843,79.974
12844,79.978
12845,79.980
12846,79.981
12847,79.985
12848,79.987
12849,79.988
12850,79.998
12851,79.998
12852,79.999
12853,80.006
12854,80.009
12855,80.018
12856,80.019
12857,80.020
12858,80.021
12859,80.027
12860,80.030
12861,80.031
12862,80.034
12863,80.037
12864,80.038
12865,80.039
12866,80.040
12867,80.059
12868,80.060
12869,80.061
12870,80.079
12871,80.083
12872,80.085
12873,80.086
12874,80.087
12875,80.087
12876,80.089
12877,80.092
12878,80.116
12879,80.120
12880,80.137
12881,80.141
12882,80.142
12883,80.152
12884,80.156
12885,80.160
12886,80.161
12887,80.167
12888,80.170
12889,80.177
12890,80.187
12891,80.194
12892,80.199
12893,80.203
12894,80.205
12895,80.211
12896,80.214
12897,80.221
12898,80.232
12899,80.240
12900,80.242
12901,80.243
12902,80.246
12903,80.250
12904,80.251
12905,80.255
12906,80.281
12907,80.285
12908,80.312
12909,80.313
12910,80.314
12911,80.317
12912,80.320
12913,80.321
12914,80.324
12915,80.330
12916,80.333
12917,80.340
12918,80.352
12919,80.362
12920,80.363
12921,80.364
12922,80.369
12923,80.379
12924,80.380
12925,80.388
12926,80.399
12927,80.404
12928,80.420
12929,80.421
12930,80.422
12931,80.427
12932,80.438
12933,80.448
12934,80.467
12935,80.481
12936,80.486
12937,80.498
12938,80.505
12939,80.517
12940,80.523
12941,80.540
12942,80.542
12943,80.543
12944,80.544
12945,80.544
12946,80.545
12947,80.556
12948,80.557
12949,80.558
12950,80.560
12951,80.561
12952,80.568
12953,80.569
12954,80.570
12955,80.575
12956,80.585
12957,80.590
12958,80.606
12959,80.617
12960,80.628
12961,80.642
12962,80.651
12963,80.667
12964,80.677
12965,80.678
12966,80.680
12967,80.681
12968,80.682
12969,80.691
12970,80.692
12971,80.693
12972,80.727
12973,80.734
12974,80.770
12975,80.816
12976,80.837
12977,80.839
12978,80.840
12979,80.841
12980,80.843
12981,80.844
12982,80.846
12983,80.847
12984,80.849
12985,80.851
12986,80.852
12987,80.854
12988,80.856
12989,80.858
12990,80.860
12991,80.889
12992,80.891
12993,80.892
12994,80.924
12995,80.926
12996,80.927
12997,80.960
12998,80.961
12999,80.963
13000,81.000
13001,81.041
13002,81.053
13003,81.100
13004,81.117
13005,81.138
13006,81.148
13007,81.152
13008,81.162
13009,81.168
13010,81.183
13011,81.193
13012,81.194
13013,81.199
13014,81.209
13015,81.214
13016,81.215
13017,81.216
13018,81.217
13019,81.218
13020,81.222
13021,81.231
13022,81.238
13023,81.248
13024,81.249
13025,81.250
13026,81.251
13027,81.257
13028,81.269
13029,81.278
13030,81.285
13031,81.294
13032,81.295
13033,81.301
13034,81.311
13035,81.315
13036,81.324
13037,81.325
13038,81.352
13039,81.362
13040,81.363
13041,81.364
13042,81.365
13043,81.390
13044,81.399
13045,81.400
13046,81.425
13047,81.435
13048,81.436
13049,81.461
13050,81.471
13051,81.472
13052,81.494
13053,81.503
13054,81.526
13055,81.537
13056,81.538
13057,81.542
13058,81.551
13059,81.574
13060,81.585
13061,81.608
13062,81.618
13063,81.619
13064,81.624
13065,81.633
13066,81.658
13067,81.670
13068,81.691
13069,81.701
13070,81.702
13071,81.706
13072,81.715
13073,81.740
13074,81.749
13075,81.774
13076,81.785
13077,81.786
13078,81.787
13079,81.788
13080,81.793
13081,81.794
13082,81.795
13083,81.820
13084,81.822
13085,81.823
13086,81.847
13087,81.857
13088,81.881
13089,81.891
13090,81.915
13091,81.924
13092,81.925
13093,81.926
13094,81.932
13095,81.941
13096,81.942
13097,81.943
13098,81.948
13099,81.957
13100,81.965
13101,81.975
13102,81.976
13103,81.977
13104,82.003
13105,82.004
13106,82.005
13107,82.029
13108,82.039
13109,82.040
13110,82.044
13111,82.046
13112,82.047
13113,82.047
13114,82.048
13115,82.049
13116,82.051
13117,82.055
13118,82.057
13119,82.058
13120,82.065
13121,82.074
13122,82.081
13123,82.091
13124,82.092
13125,82.097
13126,82.106
13127,82.107
13128,82.108
13129,82.113
13130,82.122
13131,82.123
13132,82.127
13133,82.137
13134,82.159
13135,82.168
13136,82.191
13137,82.202
13138,82.203
13139,82.207
13140,82.216
13141,82.237
13142,82.245
13143,82.274
13144,82.288
13145,82.289
13146,82.295
13147,82.309
13148,82.342
13149,82.357
13150,82.390
13151,82.405
13152,82.406
13153,82.412
13154,82.424
13155,82.457
13156,82.470
13157,82.501
13158,82.502
13159,82.503
13160,82.504
13161,82.505
13162,82.507
13163,82.508
13164,82.513
13165,82.525
13166,82.557
13167,82.559
13168,82.560
13169,82.592
13170,82.605
13171,82.636
13172,82.649
13173,82.651
13174,82.683
13175,82.685
13176,82.687
13177,82.728
13178,82.743
13179,82.744
13180,82.745
13181,82.771
13182,82.805
13183,82.816
13184,82.817
13185,82.818
13186,82.819
13187,82.846
13188,82.847
13189,82.848
13190,82.849
13191,82.850
13192,82.877
13193,82.888
13194,82.889
13195,82.916
13196,82.927
13197,82.929
13198,82.930
13199,82.953
13200,82.955
13201,82.956
13202,82.957
13203,82.957
13204,82.962
13205,82.972
13206,82.976
13207,82.986
13208,82.987
13209,82.988
13210,82.992
13211,82.993
13212,82.994
13213,82.995
13214,82.996
13215,83.001
13216,83.010
13217,83.019
13218,83.028
13219,83.029
13220,83.031
13221,83.056
13222,83.057
13223,83.058
13224,83.059
13225,83.083
13226,83.084
13227,83.085
13228,83.086
13229,83.091
13230,83.092
13231,83.093
13232,83.094
13233,83.095
13234,83.096
13235,83.097
13236,83.104
13237,83.113
13238,83.120
13239,83.129
13240,83.130
13241,83.135
13242,83.144
13243,83.146
13244,83.147
13245,83.151
13246,83.161
13247,83.162
13248,83.166
13249,83.175
13250,83.202
13251,83.213
13252,83.236
13253,83.237
13254,83.239
13255,83.240
13256,83.241
13257,83.245
13258,83.246
13259,83.247
13260,83.248
13261,83.249
13262,83.254
13263,83.264
13264,83.265
13265,83.269
13266,83.278
13267,83.302
13268,83.311
13269,83.334
13270,83.344
13271,83.345
13272,83.368
13273,83.378
13274,83.401
13275,83.411
13276,83.412
13277,83.417
13278,83.426
13279,83.450
13280,83.459
13281,83.484
13282,83.495
13283,83.496
13284,83.500
13285,83.510
13286,83.534
13287,83.544
13288,83.568
13289,83.579
13290,83.580
13291,83.584
13292,83.594
13293,83.617
13294,83.628
13295,83.660
13296,83.674
13297,83.675
13298,83.677
13299,83.678
13300,83.679
13301,83.680
13302,83.681
13303,83.683
13304,83.684
13305,83.686
13306,83.687
13307,83.688
13308,83.690
13309,83.691
13310,83.693
13311,83.714
13312,83.715
13313,83.716
13314,83.740
13315,83.741
13316,83.742
13317,83.765
13318,83.766
13319,83.767
13320,83.796
13321,83.825
13322,83.836
13323,83.864
13324,83.872
13325,83.893
13326,83.906
13327,83.915
13328,83.927
13329,83.936
13330,83.949
13331,83.954
13332,83.956
13333,83.957
13334,83.959
13335,83.960
13336,83.965
13337,83.978
13338,83.987
13339,84.008
13340,84.022
13341,84.023
13342,84.028
13343,84.042
13344,84.047
13345,84.049
13346,84.050
13347,84.051
13348,84.052
13349,84.057
13350,84.070
13351,84.075
13352,84.089
13353,84.090
13354,84.091
13355,84.096
13356,84.113
13357,84.125
13358,84.134
13359,84.146
13360,84.147
13361,84.148
13362,84.156
13363,84.168
13364,84.173
13365,84.185
13366,84.186
13367,84.222
13368,84.236
13369,84.237
13370,84.238
13371,84.239
13372,84.272
13373,84.285
13374,84.286
13375,84.321
13376,84.336
13377,84.337
13378,84.376
13379,84.387
13380,84.388
13381,84.413
13382,84.423
13383,84.447
13384,84.459
13385,84.460
13386,84.464
13387,84.474
13388,84.499
13389,84.509
13390,84.533
13391,84.543
13392,84.544
13393,84.548
13394,84.557
13395,84.581
13396,84.592
13397,84.615
13398,84.625
13399,84.626
13400,84.630
13401,84.640
13402,84.664
13403,84.673
13404,84.695
13405,84.705
13406,84.706
13407,84.707
13408,84.708
13409,84.712
13410,84.713
13411,84.714
13412,84.737
13413,84.738
13414,84.739
13415,84.762
13416,84.770
13417,84.793
13418,84.803
13419,84.826
13420,84.836
13421,84.837
13422,84.838
13423,84.842
13424,84.851
13425,84.852
13426,84.852
13427,84.857
13428,84.866
13429,84.873
13430,84.882
13431,84.883
13432,84.884
13433,84.909
13434,84.910
13435,84.911
13436,84.936
13437,84.945
13438,84.946
13439,84.951
13440,84.953
13441,84.953
13442,84.954
13443,84.955
13444,84.956
13445,84.957
13446,84.961
13447,84.962
13448,84.963
13449,84.971
13450,84.980
13451,84.987
13452,84.997
13453,84.997
13454,85.002
13455,85.011
13456,85.012
13457,85.013
13458,85.018
13459,85.029
13460,85.030
13461,85.036
13462,85.045
13463,85.069
13464,85.079
13465,85.104
13466,85.115
13467,85.116
13468,85.120
13469,85.129
13470,85.156
13471,85.166
13472,85.190
13473,85.200
13474,85.202
13475,85.206
13476,85.216
13477,85.240
13478,85.251
13479,85.275
13480,85.286
13481,85.287
13482,85.292
13483,85.301
13484,85.327
13485,85.337
13486,85.361
13487,85.362
13488,85.363
13489,85.364
13490,85.365
13491,85.366
13492,85.367
13493,85.371
13494,85.381
13495,85.405
13496,85.406
13497,85.407
13498,85.431
13499,85.441
13500,85.445
13501,85.454
13502,85.455
13503,85.456
13504,85.461
13505,85.471
13506,85.472
13507,85.473
13508,85.474
13509,85.498
13510,85.499
13511,85.500
13512,85.500
13513,85.501
13514,85.531
13515,85.546
13516,85.548
13517,85.591
13518,85.608
13519,85.610
13520,85.611
13521,85.645
13522,85.647
13523,85.648
13524,85.650
13525,85.651
13526,85.656
13527,85.669
13528,85.674
13529,85.686
13530,85.688
13531,85.689
13532,85.695
13533,85.697
13534,85.698
13535,85.699
13536,85.700
13537,85.706
13538,85.718
13539,85.729
13540,85.742
13541,85.743
13542,85.744
13543,85.777
13544,85.779
13545,85.780
13546,85.781
13547,85.816
13548,85.817
13549,85.819
13550,85.820
13551,85.827
13552,85.828
13553,85.829
13554,85.830
13555,85.832
13556,85.833
13557,85.834
13558,85.845
13559,85.857
13560,85.867
13561,85.880
13562,85.881
13563,85.887
13564,85.900
13565,85.901
13566,85.903
13567,85.909
13568,85.922
13569,85.926
13570,85.929
13571,85.930
13572,85.931
13573,85.932
13574,85.938
13575,85.951
13576,85.953
13577,85.957
13578,85.972
13579,86.009
13580,86.024
13581,86.048
13582,86.059
13583,86.060
13584,86.083
13585,86.092
13586,86.118
13587,86.128
13588,86.129
13589,86.133
13590,86.142
13591,86.166
13592,86.175
13593,86.198
13594,86.208
13595,86.209
13596,86.213
13597,86.223
13598,86.247
13599,86.256
13600,86.280
13601,86.290
13602,86.291
13603,86.295
13604,86.304
13605,86.327
13606,86.336
13607,86.358
13608,86.363
13609,86.389
13610,86.415
13611,86.419
13612,86.446
13613,86.477
13614,86.489
13615,86.490
13616,86.491
13617,86.492
13618,86.493
13619,86.494
13620,86.495
13621,86.496
13622,86.498
13623,86.499
13624,86.500
13625,86.501
13626,86.502
13627,86.504
13628,86.505
13629,86.526
13630,86.527
13631,86.528
13632,86.551
13633,86.552
13634,86.553
13635,86.585
13636,86.614
13637,86.623
13638,86.624
13639,86.653
13640,86.685
13641,86.717
13642,86.727
13643,86.752
13644,86.762
13645,86.763
13646,86.788
13647,86.799
13648,86.800
13649,86.823
13650,86.833
13651,86.859
13652,86.869
13653,86.871
13654,86.894
13655,86.903
13656,86.928
13657,86.937
13658,86.938
13659,86.962
13660,86.974
13661,86.979
13662,86.990
13663,86.992
13664,86.993
13665,87.018
13666,87.028
13667,87.053
13668,87.054
13669,87.055
13670,87.056
13671,87.057
13672,87.061
13673,87.071
13674,87.072
13675,87.076
13676,87.085
13677,87.109
13678,87.118
13679,87.140
13680,87.141
13681,87.142
13682,87.143
13683,87.143
13684,87.147
13685,87.149
13686,87.149
13687,87.150
13688,87.151
13689,87.152
13690,87.177
13691,87.192
13692,87.194
13693,87.226
13694,87.239
13695,87.246
13696,87.259
13697,87.260
13698,87.262
13699,87.268
13700,87.282
13701,87.314
13702,87.328
13703,87.359
13704,87.361
13705,87.362
13706,87.363
13707,87.364
13708,87.396
13709,87.409
13710,87.411
13711,87.440
13712,87.453
13713,87.458
13714,87.470
13715,87.471
13716,87.476
13717,87.489
13718,87.519
13719,87.521
13720,87.522
13721,87.554
13722,87.566
13723,87.572
13724,87.574
13725,87.575
13726,87.576
13727,87.577
13728,87.578
13729,87.579
13730,87.618
13731,87.635
13732,87.636
13733,87.671
13734,87.673
13735,87.674
13736,87.676
13737,87.677
13738,87.678
13739,87.680
13740,87.713
13741,87.725
13742,87.753
13743,87.755
13744,87.757
13745,87.764
13746,87.765
13747,87.767
13748,87.768
13749,87.769
13750,87.770
13751,87.775
13752,87.786
13753,87.788
13754,87.794
13755,87.803
13756,87.804
13757,87.805
13758,87.806
13759,87.811
13760,87.821
13761,87.822
13762,87.827
13763,87.838
13764,87.839
13765,87.839
13766,87.840
13767,87.841
13768,87.865
13769,87.875
13770,87.876
13771,87.900
13772,87.911
13773,87.936
13774,87.947
13775,87.947
13776,87.971
13777,87.980
13778,87.981
13779,88.004
13780,88.013
13781,88.035
13782,88.045
13783,88.046
13784,88.068
13785,88.078
13786,88.100
13787,88.109
13788,88.110
13789,88.132
13790,88.140
13791,88.151
13792,88.156
13793,88.159
13794,88.160
13795,88.170
13796,88.182
13797,88.183
13798,88.184
13799,88.185
13800,88.190
13801,88.227
13802,88.228
13803,88.229
13804,88.252
13805,88.262
13806,88.264
13807,88.269
13808,88.280
13809,88.284
13810,88.297
13811,88.313
13812,88.324
13813,88.330
13814,88.331
13815,88.342
13816,88.355
13817,88.366
13818,88.389
13819,88.401
13820,88.408
13821,88.424
13822,88.442
13823,88.462
13824,88.464
13825,88.465
13826,88.466
13827,88.493
13828,88.495
13829,88.520
13830,88.522
13831,88.523
13832,88.524
13833,88.525
13834,88.534
13835,88.535
13836,88.536
13837,88.537
13838,88.543
13839,88.548
13840,88.550
13841,88.552
13842,88.554
13843,88.555
13844,88.557
13845,88.558
13846,88.564
13847,88.567
13848,88.573
13849,88.576
13850,88.581
13851,88.584
13852,88.585
13853,88.588
13854,88.588
13855,88.589
13856,88.591
13857,88.592
13858,88.605
13859,88.614
13860,88.615
13861,88.617
13862,88.643
13863,88.645
13864,88.646
13865,88.669
13866,88.672
13867,88.673
13868,88.694
13869,88.702
13870,88.709
13871,88.721
13872,88.722
13873,88.728
13874,88.743
13875,88.753
13876,88.758
13877,88.767
13878,88.773
13879,88.775
13880,88.776
13881,88.778
13882,88.811
13883,88.826
13884,88.827
13885,88.829
13886,88.830
13887,88.832
13888,88.833
13889,88.834
13890,88.836
13891,88.837
13892,88.839
13893,88.840
13894,88.842
13895,88.843
13896,88.845
13897,88.847
13898,88.871
13899,88.880
13900,88.920
13901,88.935
13902,88.970
13903,88.985
13904,89.026
13905,89.041
13906,89.075
13907,89.091
13908,89.126
13909,89.140
13910,89.175
13911,89.189
13912,89.196
13913,89.198
13914,89.199
13915,89.200
13916,89.237
13917,89.251
13918,89.288
13919,89.302
13920,89.350
13921,89.368
13922,89.370
13923,89.404
13924,89.415
13925,89.416
13926,89.417
13927,89.422
13928,89.435
13929,89.461
13930,89.472
13931,89.500
13932,89.512
13933,89.539
13934,89.550
13935,89.576
13936,89.587
13937,89.615
13938,89.627
13939,89.654
13940,89.664
13941,89.692
13942,89.702
13943,89.703
13944,89.729
13945,89.740
13946,89.764
13947,89.774
13948,89.799
13949,89.811
13950,89.836
13951,89.846
13952,89.851
13953,89.861
13954,89.862
13955,89.863
13956,89.864
13957,89.890
13958,89.900
13959,89.933
13960,89.946
13961,89.981
13962,90.021
13963,90.033
13964,90.059
13965,90.070
13966,90.076
13967,90.086
13968,90.087
13969,90.092
13970,90.102
13971,90.107
13972,90.118
13973,90.123
13974,90.132
13975,90.134
13976,90.139
13977,90.140
13978,90.141
13979,90.174
13980,90.186
13981,90.188
13982,90.189
13983,90.215
13984,90.216
13985,90.217
13986,90.245
13987,90.246
13988,90.248
13989,90.249
13990,90.275
13991,90.285
13992,90.321
13993,90.359
13994,90.369
13995,90.371
13996,90.406
13997,90.418
13998,90.419
13999,90.445
14000,90.447
14001,90.448
14002,90.454
14003,90.464
14004,90.465
14005,90.470
14006,90.470
14007,90.472
14008,90.482
14009,90.514
14010,90.525
14011,90.527
14012,90.528
14013,90.529
14014,90.530
14015,90.557
14016,90.568
14017,90.593
14018,90.594
14019,90.595
14020,90.596
14021,90.632
14022,90.651
14023,90.690
14024,90.691
14025,90.693
14026,90.701
14027,90.703
14028,90.704
14029,90.705
14030,90.745
14031,90.761
14032,90.762
14033,90.806
14034,90.822
14035,90.824
14036,90.858
14037,90.860
14038,90.861
14039,90.868
14040,90.881
14041,90.882
14042,90.883
14043,90.885
14044,90.891
14045,90.904
14046,90.947
14047,90.963
14048,90.965
14049,90.966
14050,90.968
14051,91.004
14052,91.018
14053,91.055
14054,91.057
14055,91.058
14056,91.059
14057,91.108
14058,91.130
14059,91.166
14060,91.178
14061,91.205
14062,91.216
14063,91.245
14064,91.257
14065,91.286
14066,91.296
14067,91.321
14068,91.332
14069,91.360
14070,91.371
14071,91.400
14072,91.412
14073,91.440
14074,91.451
14075,91.478
14076,91.490
14077,91.498
14078,91.509
14079,91.519
14080,91.529
14081,91.530
14082,91.533
14083,91.534
14084,91.535
14085,91.537
14086,91.559
14087,91.562
14088,91.584
14089,91.587
14090,91.588
14091,91.590
14092,91.593
14093,91.594
14094,91.595
14095,91.598
14096,91.599
14097,91.601
14098,91.622
14099,91.625
14100,91.647
14101,91.651
14102,91.652
14103,91.653
14104,91.654
14105,91.677
14106,91.702
14107,91.727
14108,91.730
14109,91.744
14110,91.750
14111,91.751
14112,91.758
14113,91.771
14114,91.781
14115,91.785
14116,91.795
14117,91.803
14118,91.814
14119,91.820
14120,91.830
14121,91.837
14122,91.838
14123,91.839
14124,91.840
14125,91.845
14126,91.854
14127,91.859
14128,91.869
14129,91.877
14130,91.896
14131,91.901
14132,91.902
14133,91.903
14134,91.905
14135,91.917
14136,91.918
14137,91.919
14138,91.920
14139,91.922
14140,91.923
14141,91.937
14142,91.938
14143,91.939
14144,91.940
14145,91.941
14146,91.942
14147,91.944
14148,91.945
14149,91.946
14150,91.953
14151,91.954
14152,91.955
14153,91.966
14154,91.967
14155,91.968
14156,91.969
14157,91.970
14158,91.978
14159,91.979
14160,91.987
14161,92.003
14162,92.009
14163,92.016
14164,92.023
14165,92.026
14166,92.028
14167,92.059
14168,92.090
14169,92.114
14170,92.117
14171,92.140
14172,92.142
14173,92.143
14174,92.143
14175,92.144
14176,92.152
14177,92.162
14178,92.168
14179,92.178
14180,92.186
14181,92.192
14182,92.195
14183,92.203
14184,92.217
14185,92.222
14186,92.229
14187,92.230
14188,92.231
14189,92.240
14190,92.249
14191,92.250
14192,92.251
14193,92.252
14194,92.253
14195,92.254
14196,92.255
14197,92.256
14198,92.278
14199,92.301
14200,92.304
14201,92.306
14202,92.319
14203,92.327
14204,92.339
14205,92.348
14206,92.351
14207,92.352
14208,92.353
14209,92.358
14210,92.360
14211,92.370
14212,92.371
14213,92.372
14214,92.373
14215,92.380
14216,92.395
14217,92.445
14218,92.462
14219,92.463
14220,92.465
14221,92.466
14222,92.468
14223,92.469
14224,92.471
14225,92.473
14226,92.474
14227,92.476
14228,92.478
14229,92.480
14230,92.481
14231,92.483
14232,92.485
14233,92.515
14234,92.561
14235,92.574
14236,92.608
14237,92.622
14238,92.657
14239,92.670
14240,92.704
14241,92.718
14242,92.751
14243,92.753
14244,92.754
14245,92.756
14246,92.757
14247,92.790
14248,92.808
14249,92.844
14250,92.879
14251,92.889
14252,92.925
14253,92.936
14254,92.938
14255,92.962
14256,92.972
14257,92.997
14258,93.007
14259,93.033
14260,93.043
14261,93.070
14262,93.081
14263,93.107
14264,93.108
14265,93.109
14266,93.110
14267,93.111
14268,93.112
14269,93.137
14270,93.147
14271,93.152
14272,93.161
14273,93.167
14274,93.176
14275,93.181
14276,93.182
14277,93.183
14278,93.213
14279,93.224
14280,93.225
14281,93.226
14282,93.253
14283,93.254
14284,93.255
14285,93.256
14286,93.284
14287,93.294
14288,93.333
14289,93.367
14290,93.377
14291,93.408
14292,93.419
14293,93.420
14294,93.447
14295,93.448
14296,93.449
14297,93.454
14298,93.464
14299,93.465
14300,93.466
14301,93.467
14302,93.472
14303,93.482
14304,93.488
14305,93.489
14306,93.490
14307,93.491
14308,93.522
14309,93.534
14310,93.535
14311,93.562
14312,93.563
14313,93.564
14314,93.569
14315,93.579
14316,93.580
14317,93.581
14318,93.582
14319,93.608
14320,93.619
14321,93.645
14322,93.655
14323,93.682
14324,93.693
14325,93.719
14326,93.730
14327,93.755
14328,93.766
14329,93.792
14330,93.793
14331,93.794
14332,93.795
14333,93.799
14334,93.810
14335,93.846
14336,93.859
14337,93.860
14338,93.862
14339,93.863
14340,93.864
14341,93.866
14342,93.867
14343,93.868
14344,93.870
14345,93.871
14346,93.873
14347,93.874
14348,93.876
14349,93.878
14350,93.880
14351,93.906
14352,93.945
14353,93.954
14354,93.982
14355,93.992
14356,94.018
14357,94.027
14358,94.055
14359,94.071
14360,94.106
14361,94.121
14362,94.161
14363,94.176
14364,94.211
14365,94.226
14366,94.234
14367,94.236
14368,94.237
14369,94.239
14370,94.240
14371,94.277
14372,94.291
14373,94.323
14374,94.371
14375,94.385
14376,94.431
14377,94.445
14378,94.447
14379,94.479
14380,94.492
14381,94.494
14382,94.495
14383,94.502
14384,94.517
14385,94.555
14386,94.566
14387,94.594
14388,94.604
14389,94.632
14390,94.642
14391,94.671
14392,94.681
14393,94.709
14394,94.720
14395,94.747
14396,94.757
14397,94.785
14398,94.795
14399,94.796
14400,94.823
14401,94.833
14402,94.859
14403,94.869
14404,94.895
14405,94.904
14406,94.929
14407,94.940
14408,94.966
14409,94.975
14410,94.980
14411,94.990
14412,94.991
14413,95.017
14414,95.027
14415,95.058
14416,95.071
14417,95.096
14418,95.139
14419,95.175
14420,95.186
14421,95.187
14422,95.188
14423,95.189
14424,95.194
14425,95.204
14426,95.205
14427,95.206
14428,95.207
14429,95.208
14430,95.209
14431,95.240
14432,95.251
14433,95.279
14434,95.290
14435,95.319
14436,95.320
14437,95.322
14438,95.323
14439,95.324
14440,95.325
14441,95.354
14442,95.364
14443,95.369
14444,95.380
14445,95.386
14446,95.397
14447,95.403
14448,95.404
14449,95.405
14450,95.438
14451,95.450
14452,95.452
14453,95.453
14454,95.480
14455,95.481
14456,95.482
14457,95.511
14458,95.512
14459,95.513
14460,95.514
14461,95.541
14462,95.552
14463,95.587
14464,95.620
14465,95.630
14466,95.631
14467,95.661
14468,95.672
14469,95.674
14470,95.699
14471,95.700
14472,95.701
14473,95.706
14474,95.716
14475,95.717
14476,95.718
14477,95.719
14478,95.725
14479,95.735
14480,95.740
14481,95.749
14482,95.782
14483,95.800
14484,95.801
14485,95.803
14486,95.804
14487,95.806
14488,95.844
14489,95.860
14490,95.898
14491,95.899
14492,95.901
14493,95.902
14494,95.946
14495,95.963
14496,95.999
14497,96.000
14498,96.002
14499,96.008
14500,96.009
14501,96.010
14502,96.011
14503,96.050
14504,96.064
14505,96.100
14506,96.114
14507,96.115
14508,96.121
14509,96.123
14510,96.124
14511,96.125
14512,96.166
14513,96.180
14514,96.182
14515,96.214
14516,96.216
14517,96.217
14518,96.224
14519,96.239
14520,96.241
14521,96.242
14522,96.243
14523,96.252
14524,96.267
14525,96.275
14526,96.288
14527,96.321
14528,96.333
14529,96.334
14530,96.336
14531,96.337
14532,96.338
14533,96.366
14534,96.375
14535,96.404
14536,96.406
14537,96.407
14538,96.408
14539,96.439
14540,96.451
14541,96.478
14542,96.479
14543,96.481
14544,96.486
14545,96.487
14546,96.488
14547,96.490
14548,96.518
14549,96.529
14550,96.557
14551,96.567
14552,96.594
14553,96.606
14554,96.633
14555,96.642
14556,96.669
14557,96.680
14558,96.708
14559,96.719
14560,96.749
14561,96.761
14562,96.789
14563,96.799
14564,96.829
14565,96.840
14566,96.867
14567,96.877
14568,96.888
14569,96.893
14570,96.897
14571,96.899
14572,96.909
14573,96.910
14574,96.912
14575,96.913
14576,96.914
14577,96.915
14578,96.924
14579,96.934
14580,96.959
14581,96.965
14582,97.007
14583,97.027
14584,97.028
14585,97.030
14586,97.032
14587,97.033
14588,97.035
14589,97.038
14590,97.040
14591,97.043
14592,97.045
14593,97.048
14594,97.050
14595,97.053
14596,97.056
14597,97.058
14598,97.086
14599,97.087
14600,97.116
14601,97.118
14602,97.119
14603,97.156
14604,97.193
14605,97.205
14606,97.207
14607,97.212
14608,97.223
14609,97.224
14610,97.229
14611,97.230
14612,97.231
14613,97.232
14614,97.264
14615,97.275
14616,97.309
14617,97.323
14618,97.350
14619,97.360
14620,97.392
14621,97.404
14622,97.431
14623,97.441
14624,97.471
14625,97.482
14626,97.508
14627,97.517
14628,97.522
14629,97.523
14630,97.524
14631,97.525
14632,97.526
14633,97.527
14634,97.561
14635,97.577
14636,97.615
14637,97.637
14638,97.653
14639,97.655
14640,97.656
14641,97.663
14642,97.683
14643,97.718
14644,97.735
14645,97.770
14646,97.784
14647,97.822
14648,97.836
14649,97.874
14650,97.888
14651,97.929
14652,97.943
14653,97.983
14654,97.998
14655,98.013
14656,98.034
14657,98.036
14658,98.039
14659,98.049
14660,98.065
14661,98.095
14662,98.106
14663,98.136
14664,98.146
14665,98.147
14666,98.148
14667,98.177
14668,98.187
14669,98.215
14670,98.224
14671,98.251
14672,98.262
14673,98.263
14674,98.292
14675,98.303
14676,98.330
14677,98.339
14678,98.370
14679,98.381
14680,98.383
14681,98.384
14682,98.411
14683,98.422
14684,98.451
14685,98.462
14686,98.463
14687,98.465
14688,98.466
14689,98.497
14690,98.508
14691,98.538
14692,98.550
14693,98.580
14694,98.592
14695,98.631
14696,98.678
14697,98.722
14698,98.733
14699,98.734
14700,98.736
14701,98.737
14702,98.767
14703,98.778
14704,98.810
14705,98.821
14706,98.851
14707,98.863
14708,98.901
14709,98.952
14710,98.997
14711,99.011
14712,99.012
14713,99.014
14714,99.019
14715,99.030
14716,99.061
14717,99.073
14718,99.103
14719,99.115
14720,99.116
14721,99.117
14722,99.151
14723,99.163
14724,99.191
14725,99.203
14726,99.204
14727,99.234
14728,99.246
14729,99.276
14730,99.287
14731,99.289
14732,99.320
14733,99.333
14734,99.360
14735,99.374
14736,99.378
14737,99.416
14738,99.433
14739,99.485
14740,99.502
14741,99.504
14742,99.506
14743,99.550
14744,99.565
14745,99.607
14746,99.625
14747,99.627
14748,99.629
14749,99.636
14750,99.652
14751,99.661
14752,99.676
14753,99.677
14754,99.679
14755,99.686
14756,99.687
14757,99.689
14758,99.690
14759,99.734
14760,99.749
14761,99.750
14762,99.752
14763,99.754
14764,99.790
14765,99.804
14766,99.805
14767,99.807
14768,99.814
14769,99.816
14770,99.817
14771,99.818
14772,99.820
14773,99.821
14774,99.866
14775,99.885
14776,99.928
14777,99.940
14778,99.987
14779,100.001
14780,100.003
14781,100.004
14782,100.036
14783,100.047
14784,100.052
14785,100.054
14786,100.055
14787,100.056
14788,100.089
14789,100.100
14790,100.101
14791,100.127
14792,100.128
14793,100.129
14794,100.134
14795,100.146
14796,100.147
14797,100.179
14798,100.190
14799,100.220
14800,100.231
14801,100.232
14802,100.265
14803,100.277
14804,100.278
14805,100.279
14806,100.308
14807,100.310
14808,100.311
14809,100.312
14810,100.342
14811,100.343
14812,100.344
14813,100.350
14814,100.361
14815,100.362
14816,100.368
14817,100.378
14818,100.380
14819,100.381
14820,100.382
14821,100.416
14822,100.428
14823,100.430
14824,100.459
14825,100.460
14826,100.462
14827,100.467
14828,100.477
14829,100.478
14830,100.479
14831,100.480
14832,100.515
14833,100.527
14834,100.528
14835,100.554
14836,100.555
14837,100.556
14838,100.599
14839,100.611
14840,100.612
14841,100.654
14842,100.666
14843,100.668
14844,100.699
14845,100.709
14846,100.737
14847,100.747
14848,100.778
14849,100.789
14850,100.820
14851,100.831
14852,100.860
14853,100.869
14854,100.902
14855,100.912
14856,100.941
14857,100.951
14858,100.983
14859,100.994
14860,101.023
14861,101.032
14862,101.042
14863,101.051
14864,101.058
14865,101.059
14866,101.060
14867,101.068
14868,101.077
14869,101.086
14870,101.088
14871,101.089
14872,101.090
14873,101.091
14874,101.092
14875,101.098
14876,101.101
14877,101.102
14878,101.104
14879,101.105
14880,101.107
14881,101.108
14882,101.110
14883,101.111
14884,101.115
14885,101.116
14886,101.117
14887,101.118
14888,101.118
14889,101.119
14890,101.120
14891,101.121
14892,101.142
14893,101.144
14894,101.145
14895,101.145
14896,101.181
14897,101.186
14898,101.214
14899,101.219
14900,101.220
14901,101.223
14902,101.227
14903,101.228
14904,101.230
14905,101.246
14906,101.256
14907,101.263
14908,101.265
14909,101.277
14910,101.287
14911,101.294
14912,101.296
14913,101.311
14914,101.324
14915,101.326
14916,101.337
14917,101.353
14918,101.354
14919,101.369
14920,101.378
14921,101.384
14922,101.386
14923,101.402
14924,101.417
14925,101.419
14926,101.420
14927,101.431
14928,101.446
14929,101.447
14930,101.463
14931,101.471
14932,101.477
14933,101.479
14934,101.489
14935,101.494
14936,101.504
14937,101.516
14938,101.525
14939,101.526
14940,101.527
14941,101.528
14942,101.529
14943,101.538
14944,101.539
14945,101.540
14946,101.550
14947,101.567
14948,101.569
14949,101.570
14950,101.571
14951,101.581
14952,101.583
14953,101.584
14954,101.585
14955,101.587
14956,101.588
14957,101.598
14958,101.599
14959,101.601
14960,101.610
14961,101.612
14962,101.613
14963,101.615
14964,101.623
14965,101.635
14966,101.636
14967,101.637
14968,101.638
14969,101.645
14970,101.652
14971,101.657
14972,101.658
14973,101.659
14974,101.667
14975,101.710
14976,101.710
14977,101.710
14978,101.710
14979,101.710
14980,101.710
14981,101.710
14982,101.710
14983,101.716
14984,101.720
14985,101.727
14986,101.743
14987,101.748
14988,101.756
14989,101.757
14990,101.758
14991,101.759
14992,101.782
14993,101.784
14994,101.785
14995,101.786
14996,101.821
14997,101.825
14998,101.846
14999,101.849
15000,101.851
15001,101.860
15002,101.874
15003,101.875
15004,101.876
15005,101.877
15006,101.879
15007,101.885
15008,101.900
15009,101.901
15010,101.902
15011,101.904
15012,101.929
15013,101.931
15014,101.932
15015,101.932
15016,101.968
15017,101.978
15018,101.979
15019,102.003
15020,102.004
15021,102.005
15022,102.010
15023,102.011
15024,102.012
15025,102.013
15026,102.018
15027,102.028
15028,102.030
15029,102.035
15030,102.046
15031,102.047
15032,102.052
15033,102.061
15034,102.098
15035,102.109
15036,102.111
15037,102.136
15038,102.147
15039,102.153
15040,102.163
15041,102.164
15042,102.169
15043,102.178
15044,102.183
15045,102.193
15046,102.194
15047,102.199
15048,102.208
15049,102.210
15050,102.214
15051,102.228
15052,102.229
15053,102.230
15054,102.231
15055,102.232
15056,102.233
15057,102.240
15058,102.241
15059,102.242
15060,102.243
15061,102.244
15062,102.249
15063,102.259
15064,102.264
15065,102.265
15066,102.266
15067,102.267
15068,102.268
15069,102.269
15070,102.275
15071,102.285
15072,102.286
15073,102.290
15074,102.301
15075,102.302
15076,102.307
15077,102.308
15078,102.309
15079,102.314
15080,102.324
15081,102.325
15082,102.329
15083,102.344
15084,102.355
15085,102.356
15086,102.361
15087,102.371
15088,102.372
15089,102.377
15090,102.390
15091,102.392
15092,102.393
15093,102.394
15094,102.395
15095,102.397
15096,102.403
15097,102.412
15098,102.414
15099,102.415
15100,102.416
15101,102.417
15102,102.426
15103,102.436
15104,102.462
15105,102.468
15106,102.513
15107,102.536
15108,102.538
15109,102.539
15110,102.541
15111,102.543
15112,102.546
15113,102.548
15114,102.550
15115,102.553
15116,102.556
15117,102.559
15118,102.562
15119,102.564
15120,102.568
15121,102.570
15122,102.597
15123,102.599
15124,102.600
15125,102.605
15126,102.606
15127,102.608
15128,102.638
15129,102.639
15130,102.641
15131,102.642
15132,102.671
15133,102.673
15134,102.674
15135,102.712
15136,102.746
15137,102.755
15138,102.756
15139,102.760
15140,102.770
15141,102.771
15142,102.775
15143,102.776
15144,102.777
15145,102.778
15146,102.782
15147,102.783
15148,102.784
15149,102.788
15150,102.797
15151,102.824
15152,102.839
15153,102.883
15154,102.900
15155,102.936
15156,102.951
15157,102.989
15158,103.004
15159,103.039
15160,103.054
15161,103.092
15162,103.106
15163,103.143
15164,103.157
15165,103.164
15166,103.166
15167,103.167
15168,103.168
15169,103.169
15170,103.171
15171,103.207
15172,103.219
15173,103.251
15174,103.265
15175,103.267
15176,103.273
15177,103.287
15178,103.289
15179,103.300
15180,103.301
15181,103.303
15182,103.305
15183,103.306
15184,103.313
15185,103.325
15186,103.354
15187,103.365
15188,103.391
15189,103.401
15190,103.430
15191,103.440
15192,103.441
15193,103.442
15194,103.468
15195,103.478
15196,103.504
15197,103.514
15198,103.516
15199,103.544
15200,103.554
15201,103.579
15202,103.590
15203,103.591
15204,103.592
15205,103.596
15206,103.597
15207,103.598
15208,103.625
15209,103.626
15210,103.627
15211,103.628
15212,103.655
15213,103.656
15214,103.657
15215,103.658
15216,103.683
15217,103.692
15218,103.717
15219,103.727
15220,103.728
15221,103.729
15222,103.730
15223,103.762
15224,103.804
15225,103.843
15226,103.853
15227,103.854
15228,103.855
15229,103.856
15230,103.888
15231,103.928
15232,103.966
15233,103.975
15234,104.002
15235,104.013
15236,104.042
15237,104.055
15238,104.088
15239,104.100
15240,104.127
15241,104.137
15242,104.144
15243,104.155
15244,104.156
15245,104.158
15246,104.162
15247,104.171
15248,104.198
15249,104.207
15250,104.234
15251,104.244
15252,104.245
15253,104.246
15254,104.273
15255,104.282
15256,104.310
15257,104.319
15258,104.346
15259,104.355
15260,104.356
15261,104.383
15262,104.393
15263,104.420
15264,104.428
15265,104.457
15266,104.472
15267,104.473
15268,104.474
15269,104.512
15270,104.525
15271,104.564
15272,104.579
15273,104.617
15274,104.631
15275,104.669
15276,104.682
15277,104.718
15278,104.731
15279,104.732
15280,104.733
15281,104.734
15282,104.779
15283,104.834
15284,104.887
15285,104.901
15286,104.902
15287,104.904
15288,104.905
15289,104.947
15290,104.990
15291,105.032
15292,105.044
15293,105.045
15294,105.047
15295,105.052
15296,105.060
15297,105.087
15298,105.097
15299,105.125
15300,105.136
15301,105.137
15302,105.138
15303,105.167
15304,105.177
15305,105.204
15306,105.214
15307,105.215
15308,105.244
15309,105.254
15310,105.280
15311,105.291
15312,105.292
15313,105.319
15314,105.329
15315,105.355
15316,105.365
15317,105.366
15318,105.394
15319,105.404
15320,105.435
15321,105.445
15322,105.474
15323,105.485
15324,105.515
15325,105.516
15326,105.517
15327,105.519
15328,105.520
15329,105.522
15330,105.523
15331,105.524
15332,105.529
15333,105.539
15334,105.568
15335,105.569
15336,105.570
15337,105.600
15338,105.601
15339,105.602
15340,105.604
15341,105.605
15342,105.610
15343,105.611
15344,105.612
15345,105.613
15346,105.618
15347,105.619
15348,105.630
15349,105.635
15350,105.637
15351,105.638
15352,105.639
15353,105.640
15354,105.677
15355,105.688
15356,105.723
15357,105.734
15358,105.736
15359,105.764
15360,105.766
15361,105.767
15362,105.768
15363,105.769
15364,105.798
15365,105.808
15366,105.809
15367,105.811
15368,105.816
15369,105.827
15370,105.828
15371,105.829
15372,105.833
15373,105.835
15374,105.836
15375,105.869
15376,105.880
15377,105.881
15378,105.883
15379,105.884
15380,105.912
15381,105.922
15382,105.923
15383,105.924
15384,105.929
15385,105.930
15386,105.931
15387,105.932
15388,105.933
15389,105.965
15390,105.976
15391,106.003
15392,106.016
15393,106.018
15394,106.019
15395,106.053
15396,106.064
15397,106.066
15398,106.067
15399,106.116
15400,106.170
15401,106.172
15402,106.173
15403,106.175
15404,106.176
15405,106.177
15406,106.188
15407,106.204
15408,106.206
15409,106.213
15410,106.227
15411,106.274
15412,106.288
15413,106.289
15414,106.291
15415,106.328
15416,106.330
15417,106.331
15418,106.337
15419,106.350
15420,106.351
15421,106.390
15422,106.441
15423,106.454
15424,106.456
15425,106.494
15426,106.496
15427,106.497
15428,106.498
15429,106.539
15430,106.540
15431,106.542
15432,106.543
15433,106.545
15434,106.546
15435,106.587
15436,106.589
15437,106.591
15438,106.592
15439,106.594
15440,106.601
15441,106.603
15442,106.605
15443,106.606
15444,106.607
15445,106.649
15446,106.661
15447,106.662
15448,106.663
15449,106.700
15450,106.714
15451,106.715
15452,106.746
15453,106.747
15454,106.748
15455,106.749
15456,106.750
15457,106.755
15458,106.765
15459,106.770
15460,106.780
15461,106.781
15462,106.782
15463,106.783
15464,106.787
15465,106.797
15466,106.798
15467,106.827
15468,106.829
15469,106.830
15470,106.831
15471,106.832
15472,106.868
15473,106.880
15474,106.881
15475,106.910
15476,106.920
15477,106.925
15478,106.935
15479,106.936
15480,106.937
15481,106.938
15482,106.969
15483,106.979
15484,107.008
15485,107.018
15486,107.019
15487,107.024
15488,107.025
15489,107.027
15490,107.028
15491,107.029
15492,107.030
15493,107.064
15494,107.078
15495,107.105
15496,107.115
15497,107.120
15498,107.131
15499,107.132
15500,107.134
15501,107.135
15502,107.165
15503,107.175
15504,107.205
15505,107.206
15506,107.207
15507,107.208
15508,107.210
15509,107.211
15510,107.216
15511,107.217
15512,107.218
15513,107.219
15514,107.220
15515,107.221
15516,107.259
15517,107.272
15518,107.305
15519,107.316
15520,107.317
15521,107.318
15522,107.347
15523,107.348
15524,107.349
15525,107.350
15526,107.383
15527,107.394
15528,107.395
15529,107.424
15530,107.426
15531,107.430
15532,107.430
15533,107.430
15534,107.434
15535,107.444
15536,107.449
15537,107.459
15538,107.460
15539,107.461
15540,107.462
15541,107.466
15542,107.476
15543,107.477
15544,107.507
15545,107.508
15546,107.510
15547,107.511
15548,107.512
15549,107.545
15550,107.556
15551,107.558
15552,107.585
15553,107.595
15554,107.600
15555,107.610
15556,107.611
15557,107.612
15558,107.642
15559,107.651
15560,107.681
15561,107.683
15562,107.684
15563,107.685
15564,107.686
15565,107.687
15566,107.724
15567,107.737
15568,107.766
15569,107.776
15570,107.782
15571,107.791
15572,107.793
15573,107.794
15574,107.823
15575,107.832
15576,107.862
15577,107.864
15578,107.865
15579,107.867
15580,107.868
15581,107.869
15582,107.918
15583,107.936
15584,107.982
15585,107.999
15586,108.037
15587,108.051
15588,108.091
15589,108.106
15590,108.149
15591,108.163
15592,108.201
15593,108.214
15594,108.255
15595,108.269
15596,108.307
15597,108.322
15598,108.363
15599,108.373
15600,108.402
15601,108.411
15602,108.412
15603,108.413
15604,108.414
15605,108.414
15606,108.440
15607,108.477
15608,108.501
15609,108.505
15610,108.506
15611,108.508
15612,108.509
15613,108.510
15614,108.512
15615,108.513
15616,108.514
15617,108.537
15618,108.538
15619,108.539
15620,108.539
15621,108.540
15622,108.564
15623,108.568
15624,108.569
15625,108.571
15626,108.575
15627,108.576
15628,108.578
15629,108.579
15630,108.580
15631,108.581
15632,108.583
15633,108.584
15634,108.585
15635,108.624
15636,108.643
15637,108.644
15638,108.646
15639,108.647
15640,108.649
15641,108.651
15642,108.653
15643,108.655
15644,108.657
15645,108.659
15646,108.661
15647,108.663
15648,108.666
15649,108.668
15650,108.671
15651,108.693
15652,108.694
15653,108.695
15654,108.700
15655,108.701
15656,108.702
15657,108.706
15658,108.708
15659,108.708
15660,108.709
15661,108.734
15662,108.735
15663,108.736
15664,108.737
15665,108.762
15666,108.763
15667,108.764
15668,108.788
15669,108.789
15670,108.790
15671,108.791
15672,108.824
15673,108.856
15674,108.865
15675,108.866
15676,108.871
15677,108.880
15678,108.881
15679,108.885
15680,108.886
15681,108.887
15682,108.888
15683,108.892
15684,108.894
15685,108.895
15686,108.899
15687,108.908
15688,108.936
15689,108.946
15690,108.976
15691,108.987
15692,109.013
15693,109.023
15694,109.055
15695,109.066
15696,109.094
15697,109.104
15698,109.135
15699,109.145
15700,109.172
15701,109.181
15702,109.187
15703,109.188
15704,109.189
15705,109.190
15706,109.191
15707,109.192
15708,109.219
15709,109.228
15710,109.254
15711,109.264
15712,109.265
15713,109.270
15714,109.279
15715,109.280
15716,109.287
15717,109.288
15718,109.289
15719,109.291
15720,109.292
15721,109.296
15722,109.305
15723,109.331
15724,109.341
15725,109.366
15726,109.376
15727,109.402
15728,109.412
15729,109.413
15730,109.414
15731,109.441
15732,109.451
15733,109.477
15734,109.485
15735,109.486
15736,109.517
15737,109.530
15738,109.568
15739,109.581
15740,109.583
15741,109.584
15742,109.590
15743,109.592
15744,109.593
15745,109.633
15746,109.634
15747,109.635
15748,109.637
15749,109.673
15750,109.675
15751,109.676
15752,109.677
15753,109.713
15754,109.725
15755,109.759
15756,109.772
15757,109.773
15758,109.774
15759,109.775
15760,109.822
15761,109.874
15762,109.926
15763,109.940
15764,109.941
15765,109.943
15766,109.944
15767,109.988
15768,110.034
15769,110.077
15770,110.087
15771,110.114
15772,110.124
15773,110.155
15774,110.164
15775,110.196
15776,110.207
15777,110.233
15778,110.242
15779,110.248
15780,110.259
15781,110.260
15782,110.261
15783,110.266
15784,110.275
15785,110.301
15786,110.310
15787,110.334
15788,110.343
15789,110.345
15790,110.346
15791,110.372
15792,110.381
15793,110.408
15794,110.417
15795,110.443
15796,110.452
15797,110.453
15798,110.480
15799,110.489
15800,110.516
15801,110.525
15802,110.553
15803,110.563
15804,110.564
15805,110.565
15806,110.593
15807,110.602
15808,110.628
15809,110.637
15810,110.665
15811,110.674
15812,110.702
15813,110.711
15814,110.740
15815,110.750
15816,110.751
15817,110.752
15818,110.753
15819,110.789
15820,110.830
15821,110.868
15822,110.877
15823,110.878
15824,110.879
15825,110.880
15826,110.915
15827,110.956
15828,110.994
15829,111.005
15830,111.007
15831,111.008
15832,111.012
15833,111.021
15834,111.048
15835,111.057
15836,111.081
15837,111.089
15838,111.090
15839,111.091
15840,111.129
15841,111.142
15842,111.177
15843,111.192
15844,111.193
15845,111.233
15846,111.244
15847,111.281
15848,111.295
15849,111.296
15850,111.331
15851,111.344
15852,111.378
15853,111.392
15854,111.393
15855,111.429
15856,111.441
15857,111.479
15858,111.493
15859,111.534
15860,111.550
15861,111.583
15862,111.584
15863,111.586
15864,111.587
15865,111.588
15866,111.590
15867,111.591
15868,111.592
15869,111.597
15870,111.607
15871,111.636
15872,111.637
15873,111.638
15874,111.669
15875,111.671
15876,111.672
15877,111.673
15878,111.674
15879,111.678
15880,111.679
15881,111.680
15882,111.681
15883,111.682
15884,111.687
15885,111.696
15886,111.701
15887,111.710
15888,111.711
15889,111.712
15890,111.713
15891,111.718
15892,111.728
15893,111.729
15894,111.762
15895,111.774
15896,111.776
15897,111.804
15898,111.813
15899,111.843
15900,111.844
15901,111.845
15902,111.846
15903,111.847
15904,111.876
15905,111.885
15906,111.886
15907,111.888
15908,111.894
15909,111.904
15910,111.905
15911,111.906
15912,111.910
15913,111.919
15914,111.921
15915,111.925
15916,111.934
15917,111.935
15918,111.940
15919,111.949
15920,111.953
15921,111.955
15922,111.956
15923,111.960
15924,111.969
15925,111.970
15926,111.976
15927,111.986
15928,111.987
15929,111.988
15930,111.989
15931,111.991
15932,111.995
15933,112.005
15934,112.006
15935,112.011
15936,112.021
15937,112.023
15938,112.028
15939,112.038
15940,112.039
15941,112.040
15942,112.045
15943,112.047
15944,112.048
15945,112.049
15946,112.050
15947,112.087
15948,112.099
15949,112.127
15950,112.142
15951,112.153
15952,112.159
15953,112.171
15954,112.172
15955,112.226
15956,112.269
15957,112.271
15958,112.272
15959,112.273
15960,112.275
15961,112.276
15962,112.281
15963,112.283
15964,112.284
15965,112.285
15966,112.286
15967,112.287
15968,112.324
15969,112.336
15970,112.337
15971,112.370
15972,112.382
15973,112.383
15974,112.388
15975,112.390
15976,112.391
15977,112.392
15978,112.393
15979,112.398
15980,112.399
15981,112.400
15982,112.401
15983,112.402
15984,112.437
15985,112.448
15986,112.449
15987,112.451
15988,112.488
15989,112.500
15990,112.502
15991,112.532
15992,112.533
15993,112.534
15994,112.535
15995,112.537
15996,112.541
15997,112.551
15998,112.556
15999,112.566
16000,112.568
16001,112.569
16002,112.570
16003,112.575
16004,112.584
16005,112.585
16006,112.617
16007,112.618
16008,112.619
16009,112.620
16010,112.622
16011,112.661
16012,112.673
16013,112.675
16014,112.706
16015,112.717
16016,112.722
16017,112.733
16018,112.734
16019,112.735
16020,112.736
16021,112.767
16022,112.777
16023,112.804
16024,112.815
16025,112.817
16026,112.824
16027,112.825
16028,112.827
16029,112.828
16030,112.829
16031,112.831
16032,112.880
16033,112.897
16034,112.940
16035,112.954
16036,112.960
16037,112.974
16038,112.975
16039,112.976
16040,112.978
16041,113.018
16042,113.031
16043,113.069
16044,113.071
16045,113.072
16046,113.074
16047,113.075
16048,113.076
16049,113.083
16050,113.085
16051,113.086
16052,113.088
16053,113.089
16054,113.090
16055,113.139
16056,113.155
16057,113.200
16058,113.214
16059,113.216
16060,113.217
16061,113.257
16062,113.259
16063,113.261
16064,113.263
16065,113.316
16066,113.329
16067,113.330
16068,113.361
16069,113.363
16070,113.364
16071,113.365
16072,113.366
16073,113.371
16074,113.382
16075,113.387
16076,113.397
16077,113.399
16078,113.400
16079,113.401
16080,113.405
16081,113.415
16082,113.417
16083,113.448
16084,113.450
16085,113.452
16086,113.453
16087,113.454
16088,113.490
16089,113.501
16090,113.503
16091,113.531
16092,113.542
16093,113.547
16094,113.557
16095,113.558
16096,113.559
16097,113.590
16098,113.600
16099,113.631
16100,113.632
16101,113.633
16102,113.634
16103,113.635
16104,113.637
16105,113.673
16106,113.684
16107,113.713
16108,113.723
16109,113.728
16110,113.737
16111,113.738
16112,113.740
16113,113.768
16114,113.778
16115,113.807
16116,113.809
16117,113.810
16118,113.811
16119,113.812
16120,113.813
16121,113.848
16122,113.860
16123,113.895
16124,113.907
16125,113.935
16126,113.945
16127,113.976
16128,113.987
16129,114.020
16130,114.031
16131,114.060
16132,114.071
16133,114.105
16134,114.116
16135,114.146
16136,114.157
16137,114.190
16138,114.201
16139,114.231
16140,114.241
16141,114.242
16142,114.243
16143,114.244
16144,114.289
16145,114.290
16146,114.292
16147,114.293
16148,114.294
16149,114.317
16150,114.319
16151,114.320
16152,114.322
16153,114.322
16154,114.323
16155,114.325
16156,114.326
16157,114.326
16158,114.327
16159,114.352
16160,114.353
16161,114.354
16162,114.355
16163,114.383
16164,114.384
16165,114.393
16166,114.399
16167,114.400
16168,114.401
16169,114.408
16170,114.423
16171,114.425
16172,114.426
16173,114.427
16174,114.428
16175,114.433
16176,114.444
16177,114.445
16178,114.447
16179,114.449
16180,114.452
16181,114.454
16182,114.459
16183,114.460
16184,114.483
16185,114.512
16186,114.521
16187,114.523
16188,114.524
16189,114.526
16190,114.527
16191,114.528
16192,114.529
16193,114.530
16194,114.531
16195,114.571
16196,114.576
16197,114.613
16198,114.629
16199,114.630
16200,114.632
16201,114.636
16202,114.637
16203,114.690
16204,114.695
16205,114.730
16206,114.744
16207,114.745
16208,114.747
16209,114.751
16210,114.754
16211,114.760
16212,114.762
16213,114.763
16214,114.765
16215,114.769
16216,114.773
16217,114.781
16218,114.815
16219,114.856
16220,114.863
16221,114.865
16222,114.866
16223,114.868
16224,114.876
16225,114.878
16226,114.880
16227,114.888
16228,114.890
16229,114.892
16230,114.894
16231,114.896
16232,114.904
16233,114.905
16234,114.908
16235,114.918
16236,114.926
16237,114.927
16238,114.928
16239,114.929
16240,114.931
16241,114.933
16242,114.941
16243,114.949
16244,114.950
16245,114.952
16246,114.954
16247,114.955
16248,115.000
16249,115.041
16250,115.054
16251,115.056
16252,115.058
16253,115.060
16254,115.064
16255,115.076
16256,115.078
16257,115.082
16258,115.086
16259,115.088
16260,115.090
16261,115.094
16262,115.102
16263,115.105
16264,115.111
16265,115.112
16266,115.113
16267,115.114
16268,115.117
16269,115.127
16270,115.138
16271,115.143
16272,115.144
16273,115.145
16274,115.170
16275,115.176
16276,115.203
16277,115.211
16278,115.212
16279,115.215
16280,115.223
16281,115.230
16282,115.235
16283,115.245
16284,115.256
16285,115.263
16286,115.268
16287,115.270
16288,115.271
16289,115.279
16290,115.280
16291,115.281
16292,115.282
16293,115.284
16294,115.324
16295,115.329
16296,115.331
16297,115.354
16298,115.368
16299,115.374
16300,115.380
16301,115.395
16302,115.396
16303,115.398
16304,115.400
16305,115.408
16306,115.415
16307,115.430
16308,115.431
16309,115.433
16310,115.434
16311,115.447
16312,115.458
16313,115.459
16314,115.461
16315,115.463
16316,115.466
16317,115.473
16318,115.492
16319,115.504
16320,115.506
16321,115.508
16322,115.512
16323,115.515
16324,115.519
16325,115.522
16326,115.526
16327,115.531
16328,115.538
16329,115.540
16330,115.544
16331,115.553
16332,115.554
16333,115.555
16334,115.556
16335,115.557
16336,115.558
16337,115.561
16338,115.562
16339,115.563
16340,115.565
16341,115.566
16342,115.573
16343,115.584
16344,115.590
16345,115.601
16346,115.608
16347,115.620
16348,115.626
16349,115.637
16350,115.679
16351,115.691
16352,115.692
16353,115.694
16354,115.723
16355,115.734
16356,115.740
16357,115.751
16358,115.753
16359,115.754
16360,115.756
16361,115.757
16362,115.760
16363,115.765
16364,115.766
16365,115.767
16366,115.768
16367,115.769
16368,115.770
16369,115.771
16370,115.775
16371,115.780
16372,115.782
16373,115.784
16374,115.790
16375,115.791
16376,115.793
16377,115.794
16378,115.795
16379,115.800
16380,115.808
16381,115.809
16382,115.811
16383,115.812
16384,115.814
16385,115.845
16386,115.882
16387,115.889
16388,115.891
16389,115.919
16390,115.923
16391,115.925
16392,115.929
16393,115.931
16394,115.935
16395,115.939
16396,115.944
16397,115.948
16398,115.954
16399,115.956
16400,115.957
16401,115.959
16402,115.963
16403,115.965
16404,115.972
16405,115.975
16406,115.981
16407,115.984
16408,115.989
16409,115.991
16410,115.992
16411,115.996
16412,116.002
16413,116.016
16414,116.025
16415,116.027
16416,116.029
16417,116.031
16418,116.043
16419,116.050
16420,116.057
16421,116.068
16422,116.073
16423,116.084
16424,116.090
16425,116.091
16426,116.093
16427,116.094
16428,116.096
16429,116.108
16430,116.110
16431,116.112
16432,116.119
16433,116.137
16434,116.139
16435,116.140
16436,116.147
16437,116.155
16438,116.157
16439,116.160
16440,116.162
16441,116.164
16442,116.165
16443,116.168
16444,116.208
16445,116.213
16446,116.215
16447,116.252
16448,116.257
16449,116.285
16450,116.287
16451,116.288
16452,116.298
16453,116.300
16454,116.301
16455,116.304
16456,116.305
16457,116.308
16458,116.318
16459,116.324
16460,116.336
16461,116.337
16462,116.338
16463,116.340
16464,116.346
16465,116.347
16466,116.353
16467,116.354
16468,116.361
16469,116.366
16470,116.370
16471,116.372
16472,116.373
16473,116.383
16474,116.385
16475,116.386
16476,116.388
16477,116.389
16478,116.390
16479,116.397
16480,116.412
16481,116.413
16482,116.414
16483,116.416
16484,116.423
16485,116.443
16486,116.462
16487,116.464
16488,116.466
16489,116.473
16490,116.475
16491,116.477
16492,116.479
16493,116.527
16494,116.545
16495,116.546
16496,116.548
16497,116.549
16498,116.551
16499,116.552
16500,116.554
16501,116.556
16502,116.557
16503,116.559
16504,116.560
16505,116.562
16506,116.564
16507,116.566
16508,116.568
16509,116.605
16510,116.618
16511,116.656
16512,116.670
16513,116.709
16514,116.722
16515,116.760
16516,116.775
16517,116.810
16518,116.826
16519,116.870
16520,116.883
16521,116.909
16522,116.919
16523,116.925
16524,116.934
16525,116.935
16526,116.936
16527,116.962
16528,116.973
16529,116.998
16530,117.033
16531,117.035
16532,117.036
16533,117.037
16534,117.070
16535,117.104
16536,117.114
16537,117.115
16538,117.116
16539,117.120
16540,117.129
16541,117.155
16542,117.165
16543,117.190
16544,117.191
16545,117.192
16546,117.193
16547,117.220
16548,117.229
16549,117.263
16550,117.297
16551,117.307
16552,117.332
16553,117.341
16554,117.346
16555,117.355
16556,117.356
16557,117.360
16558,117.369
16559,117.374
16560,117.383
16561,117.384
16562,117.411
16563,117.421
16564,117.422
16565,117.447
16566,117.482
16567,117.491
16568,117.492
16569,117.493
16570,117.519
16571,117.529
16572,117.564
16573,117.601
16574,117.612
16575,117.639
16576,117.649
16577,117.654
16578,117.663
16579,117.664
16580,117.668
16581,117.678
16582,117.705
16583,117.707
16584,117.708
16585,117.736
16586,117.781
16587,117.814
16588,117.823
16589,117.827
16590,117.837
16591,117.838
16592,117.870
16593,117.881
16594,117.909
16595,117.918
16596,117.945
16597,117.954
16598,117.955
16599,117.979
16600,117.988
16601,117.989
16602,117.990
16603,117.992
16604,118.037
16605,118.053
16606,118.055
16607,118.093
16608,118.108
16609,118.115
16610,118.128
16611,118.129
16612,118.131
16613,118.132
16614,118.174
16615,118.189
16616,118.190
16617,118.224
16618,118.237
16619,118.273
16620,118.286
16621,118.320
16622,118.333
16623,118.367
16624,118.382
16625,118.418
16626,118.433
16627,118.470
16628,118.480
16629,118.507
16630,118.517
16631,118.543
16632,118.553
16633,118.580
16634,118.590
16635,118.614
16636,118.623
16637,118.658
16638,118.669
16639,118.670
16640,118.672
16641,118.673
16642,118.674
16643,118.675
16644,118.676
16645,118.677
16646,118.679
16647,118.680
16648,118.681
16649,118.683
16650,118.684
16651,118.685
16652,118.687
16653,118.722
16654,118.755
16655,118.767
16656,118.769
16657,118.795
16658,118.804
16659,118.805
16660,118.831
16661,118.840
16662,118.841
16663,118.846
16664,118.855
16665,118.859
16666,118.868
16667,118.869
16668,118.906
16669,118.916
16670,118.917
16671,118.918
16672,118.946
16673,118.956
16674,118.957
16675,118.958
16676,118.983
16677,118.992
16678,118.994
16679,119.022
16680,119.032
16681,119.033
16682,119.066
16683,119.078
16684,119.080
16685,119.109
16686,119.120
16687,119.121
16688,119.123
16689,119.124
16690,119.151
16691,119.161
16692,119.162
16693,119.166
16694,119.176
16695,119.181
16696,119.190
16697,119.191
16698,119.229
16699,119.240
16700,119.241
16701,119.243
16702,119.271
16703,119.282
16704,119.283
16705,119.284
16706,119.311
16707,119.321
16708,119.322
16709,119.351
16710,119.362
16711,119.363
16712,119.399
16713,119.412
16714,119.413
16715,119.442
16716,119.452
16717,119.454
16718,119.455
16719,119.456
16720,119.482
16721,119.491
16722,119.492
16723,119.497
16724,119.506
16725,119.510
16726,119.519
16727,119.520
16728,119.556
16729,119.567
16730,119.568
16731,119.570
16732,119.599
16733,119.614
16734,119.653
16735,119.668
16736,119.669
16737,119.670
16738,119.672
16739,119.712
16740,119.727
16741,119.729
16742,119.730
16743,119.767
16744,119.782
16745,119.783
16746,119.784
16747,119.822
16748,119.835
16749,119.842
16750,119.855
16751,119.856
16752,119.862
16753,119.874
16754,119.880
16755,119.894
16756,119.895
16757,119.931
16758,119.944
16759,119.993
16760,120.010
16761,120.011
16762,120.013
16763,120.061
16764,120.080
16765,120.115
16766,120.126
16767,120.127
16768,120.128
16769,120.129
16770,120.160
16771,120.171
16772,120.172
16773,120.173
16774,120.204
16775,120.215
16776,120.221
16777,120.231
16778,120.232
16779,120.237
16780,120.247
16781,120.253
16782,120.263
16783,120.264
16784,120.270
16785,120.280
16786,120.281
16787,120.310
16788,120.321
16789,120.322
16790,120.350
16791,120.360
16792,120.362
16793,120.402
16794,120.413
16795,120.415
16796,120.416
16797,120.418
16798,120.446
16799,120.457
16800,120.458
16801,120.459
16802,120.487
16803,120.498
16804,120.499
16805,120.532
16806,120.545
16807,120.584
16808,120.595
16809,120.597
16810,120.598
16811,120.600
16812,120.628
16813,120.639
16814,120.640
16815,120.641
16816,120.642
16817,120.676
16818,120.687
16819,120.689
16820,120.690
16821,120.716
16822,120.726
16823,120.731
16824,120.740
16825,120.742
16826,120.746
16827,120.756
16828,120.761
16829,120.771
16830,120.772
16831,120.799
16832,120.809
16833,120.837
16834,120.847
16835,120.848
16836,120.882
16837,120.895
16838,120.923
16839,120.933
16840,120.934
16841,120.964
16842,120.974
16843,120.975
16844,121.003
16845,121.013
16846,121.014
16847,121.053
16848,121.064
16849,121.065
16850,121.067
16851,121.068
16852,121.095
16853,121.105
16854,121.107
16855,121.108
16856,121.135
16857,121.145
16858,121.146
16859,121.180
16860,121.192
16861,121.231
16862,121.242
16863,121.243
16864,121.244
16865,121.246
16866,121.281
16867,121.291
16868,121.292
16869,121.293
16870,121.295
16871,121.332
16872,121.346
16873,121.347
16874,121.348
16875,121.387
16876,121.402
16877,121.403
16878,121.410
16879,121.424
16880,121.431
16881,121.444
16882,121.445
16883,121.497
16884,121.512
16885,121.514
16886,121.516
16887,121.560
16888,121.577
16889,121.619
16890,121.633
16891,121.635
16892,121.636
16893,121.638
16894,121.673
16895,121.687
16896,121.688
16897,121.690
16898,121.724
16899,121.738
16900,121.779
16901,121.794
16902,121.796
16903,121.797
16904,121.826
16905,121.837
16906,121.845
16907,121.855
16908,121.881
16909,121.887
16910,121.914
16911,121.915
16912,121.939
16913,121.943
16914,121.944
16915,121.972
16916,121.976
16917,121.999
16918,122.003
16919,122.027
16920,122.030
16921,122.063
16922,122.097
16923,122.112
16924,122.113
16925,122.114
16926,122.116
16927,122.117
16928,122.118
16929,122.124
16930,122.133
16931,122.140
16932,122.145
16933,122.150
16934,122.151
16935,122.157
16936,122.161
16937,122.162
16938,122.164
16939,122.177
16940,122.182
16941,122.186
16942,122.187
16943,122.194
16944,122.197
16945,122.198
16946,122.200
16947,122.204
16948,122.208
16949,122.208
16950,122.217
16951,122.227
16952,122.232
16953,122.242
16954,122.247
16955,122.256
16956,122.263
16957,122.274
16958,122.275
16959,122.276
16960,122.277
16961,122.282
16962,122.291
16963,122.297
16964,122.304
16965,122.310
16966,122.312
16967,122.321
16968,122.331
16969,122.338
16970,122.345
16971,122.351
16972,122.353
16973,122.363
16974,122.368
16975,122.370
16976,122.372
16977,122.375
16978,122.376
16979,122.379
16980,122.380
16981,122.381
16982,122.383
16983,122.384
16984,122.385
16985,122.388
16986,122.389
16987,122.399
16988,122.410
16989,122.419
16990,122.436
16991,122.443
16992,122.455
16993,122.461
16994,122.474
16995,122.481
16996,122.495
16997,122.501
16998,122.513
16999,122.520
17000,122.533
17001,122.540
17002,122.552
17003,122.566
17004,122.587
17005,122.598
17006,122.605
17007,122.606
17008,122.607
17009,122.608
17010,122.615
17011,122.616
17012,122.617
17013,122.618
17014,122.619
17015,122.620
17016,122.628
17017,122.629
17018,122.630
17019,122.631
17020,122.632
17021,122.633
17022,122.634
17023,122.640
17024,122.641
17025,122.642
17026,122.643
17027,122.648
17028,122.657
17029,122.664
17030,122.666
17031,122.667
17032,122.673
17033,122.680
17034,122.711
17035,122.717
17036,122.749
17037,122.750
17038,122.751
17039,122.752
17040,122.753
17041,122.757
17042,122.766
17043,122.771
17044,122.779
17045,122.786
17046,122.792
17047,122.802
17048,122.803
17049,122.804
17050,122.805
17051,122.812
17052,122.813
17053,122.814
17054,122.814
17055,122.821
17056,122.827
17057,122.837
17058,122.846
17059,122.852
17060,122.867
17061,122.872
17062,122.881
17063,122.889
17064,122.903
17065,122.934
17066,122.947
17067,122.962
17068,122.978
17069,123.020
17070,123.032
17071,123.034
17072,123.035
17073,123.040
17074,123.043
17075,123.044
17076,123.077
17077,123.081
17078,123.082
17079,123.084
17080,123.085
17081,123.086
17082,123.087
17083,123.096
17084,123.109
17085,123.111
17086,123.112
17087,123.118
17088,123.136
17089,123.138
17090,123.139
17091,123.146
17092,123.147
17093,123.149
17094,123.151
17095,123.157
17096,123.170
17097,123.177
17098,123.191
17099,123.192
17100,123.194
17101,123.201
17102,123.215
17103,123.221
17104,123.233
17105,123.235
17106,123.236
17107,123.242
17108,123.255
17109,123.261
17110,123.274
17111,123.275
17112,123.324
17113,123.342
17114,123.343
17115,123.345
17116,123.347
17117,123.348
17118,123.350
17119,123.352
17120,123.354
17121,123.355
17122,123.357
17123,123.359
17124,123.361
17125,123.363
17126,123.365
17127,123.367
17128,123.408
17129,123.418
17130,123.452
17131,123.462
17132,123.492
17133,123.503
17134,123.534
17135,123.545
17136,123.573
17137,123.583
17138,123.614
17139,123.624
17140,123.654
17141,123.663
17142,123.668
17143,123.677
17144,123.678
17145,123.679
17146,123.680
17147,123.710
17148,123.720
17149,123.749
17150,123.786
17151,123.787
17152,123.788
17153,123.789
17154,123.827
17155,123.863
17156,123.873
17157,123.874
17158,123.875
17159,123.876
17160,123.880
17161,123.889
17162,123.919
17163,123.928
17164,123.957
17165,123.959
17166,123.959
17167,123.960
17168,123.990
17169,123.999
17170,124.038
17171,124.077
17172,124.087
17173,124.116
17174,124.126
17175,124.131
17176,124.141
17177,124.142
17178,124.147
17179,124.156
17180,124.186
17181,124.196
17182,124.236
17183,124.273
17184,124.283
17185,124.284
17186,124.285
17187,124.286
17188,124.287
17189,124.292
17190,124.301
17191,124.302
17192,124.303
17193,124.304
17194,124.336
17195,124.346
17196,124.374
17197,124.384
17198,124.389
17199,124.399
17200,124.400
17201,124.405
17202,124.414
17203,124.443
17204,124.445
17205,124.446
17206,124.475
17207,124.485
17208,124.490
17209,124.500
17210,124.501
17211,124.532
17212,124.541
17213,124.583
17214,124.597
17215,124.640
17216,124.653
17217,124.654
17218,124.711
17219,124.761
17220,124.774
17221,124.776
17222,124.823
17223,124.836
17224,124.838
17225,124.878
17226,124.891
17227,124.897
17228,124.911
17229,124.917
17230,124.930
17231,124.931
17232,124.933
17233,124.940
17234,124.953
17235,124.960
17236,124.973
17237,124.975
17238,124.976
17239,124.977
17240,124.984
17241,124.999
17242,125.052
17243,125.063
17244,125.065
17245,125.096
17246,125.106
17247,125.111
17248,125.122
17249,125.123
17250,125.124
17251,125.156
17252,125.166
17253,125.194
17254,125.203
17255,125.231
17256,125.241
17257,125.270
17258,125.280
17259,125.309
17260,125.319
17261,125.348
17262,125.358
17263,125.387
17264,125.397
17265,125.425
17266,125.435
17267,125.463
17268,125.473
17269,125.510
17270,125.521
17271,125.523
17272,125.524
17273,125.525
17274,125.526
17275,125.528
17276,125.529
17277,125.530
17278,125.532
17279,125.533
17280,125.534
17281,125.535
17282,125.537
17283,125.538
17284,125.539
17285,125.569
17286,125.606
17287,125.644
17288,125.654
17289,125.655
17290,125.684
17291,125.694
17292,125.695
17293,125.699
17294,125.709
17295,125.714
17296,125.724
17297,125.725
17298,125.726
17299,125.768
17300,125.778
17301,125.780
17302,125.809
17303,125.819
17304,125.824
17305,125.834
17306,125.835
17307,125.866
17308,125.877
17309,125.878
17310,125.909
17311,125.920
17312,125.921
17313,125.922
17314,125.952
17315,125.962
17316,125.964
17317,125.968
17318,125.978
17319,125.983
17320,125.992
17321,125.994
17322,125.995
17323,126.037
17324,126.048
17325,126.049
17326,126.080
17327,126.090
17328,126.095
17329,126.105
17330,126.106
17331,126.137
17332,126.148
17333,126.149
17334,126.179
17335,126.189
17336,126.190
17337,126.191
17338,126.225
17339,126.239
17340,126.240
17341,126.246
17342,126.261
17343,126.267
17344,126.281
17345,126.283
17346,126.342
17347,126.356
17348,126.358
17349,126.406
17350,126.422
17351,126.463
17352,126.476
17353,126.478
17354,126.479
17355,126.519
17356,126.533
17357,126.535
17358,126.577
17359,126.590
17360,126.592
17361,126.630
17362,126.643
17363,126.651
17364,126.666
17365,126.668
17366,126.675
17367,126.690
17368,126.697
17369,126.710
17370,126.711
17371,126.756
17372,126.768
17373,126.769
17374,126.808
17375,126.821
17376,126.852
17377,126.862
17378,126.863
17379,126.864
17380,126.894
17381,126.904
17382,126.905
17383,126.934
17384,126.944
17385,126.950
17386,126.960
17387,126.961
17388,126.966
17389,126.977
17390,126.982
17391,126.993
17392,126.994
17393,126.999
17394,127.010
17395,127.011
17396,127.043
17397,127.054
17398,127.055
17399,127.096
17400,127.107
17401,127.109
17402,127.110
17403,127.138
17404,127.148
17405,127.149
17406,127.153
17407,127.164
17408,127.165
17409,127.166
17410,127.200
17411,127.211
17412,127.213
17413,127.256
17414,127.266
17415,127.268
17416,127.269
17417,127.306
17418,127.317
17419,127.349
17420,127.360
17421,127.361
17422,127.362
17423,127.394
17424,127.404
17425,127.406
17426,127.434
17427,127.443
17428,127.445
17429,127.449
17430,127.458
17431,127.463
17432,127.472
17433,127.474
17434,127.478
17435,127.488
17436,127.489
17437,127.518
17438,127.527
17439,127.529
17440,127.569
17441,127.580
17442,127.582
17443,127.583
17444,127.612
17445,127.623
17446,127.624
17447,127.628
17448,127.638
17449,127.639
17450,127.640
17451,127.672
17452,127.682
17453,127.683
17454,127.725
17455,127.736
17456,127.737
17457,127.738
17458,127.774
17459,127.786
17460,127.825
17461,127.835
17462,127.837
17463,127.838
17464,127.865
17465,127.874
17466,127.875
17467,127.905
17468,127.918
17469,127.920
17470,127.926
17471,127.939
17472,127.946
17473,127.959
17474,127.961
17475,128.019
17476,128.032
17477,128.034
17478,128.080
17479,128.096
17480,128.136
17481,128.148
17482,128.150
17483,128.151
17484,128.189
17485,128.202
17486,128.204
17487,128.240
17488,128.253
17489,128.292
17490,128.304
17491,128.306
17492,128.349
17493,128.363
17494,128.366
17495,128.372
17496,128.374
17497,128.376
17498,128.403
17499,128.408
17500,128.444
17501,128.450
17502,128.473
17503,128.477
17504,128.478
17505,128.479
17506,128.481
17507,128.485
17508,128.572
17509,128.576
17510,128.577
17511,128.578
17512,128.579
17513,128.580
17514,128.580
17515,128.633
17516,128.690
17517,128.715
17518,128.720
17519,128.722
17520,128.725
17521,128.726
17522,128.729
17523,128.762
17524,128.766
17525,128.792
17526,128.801
17527,128.804
17528,128.810
17529,128.811
17530,128.813
17531,128.814
17532,128.838
17533,128.844
17534,128.869
17535,128.875
17536,128.877
17537,128.903
17538,128.933
17539,128.934
17540,128.935
17541,128.942
17542,128.944
17543,128.947
17544,128.956
17545,128.961
17546,128.963
17547,128.973
17548,128.974
17549,128.979
17550,128.980
17551,128.986
17552,128.996
17553,129.001
17554,129.014
17555,129.023
17556,129.030
17557,129.031
17558,129.032
17559,129.033
17560,129.039
17561,129.050
17562,129.055
17563,129.069
17564,129.086
17565,129.087
17566,129.088
17567,129.089
17568,129.090
17569,129.095
17570,129.105
17571,129.110
17572,129.123
17573,129.132
17574,129.134
17575,129.138
17576,129.148
17577,129.153
17578,129.162
17579,129.167
17580,129.176
17581,129.181
17582,129.182
17583,129.183
17584,129.184
17585,129.186
17586,129.187
17587,129.194
17588,129.206
17589,129.207
17590,129.213
17591,129.223
17592,129.229
17593,129.239
17594,129.244
17595,129.254
17596,129.260
17597,129.270
17598,129.276
17599,129.287
17600,129.293
17601,129.303
17602,129.308
17603,129.318
17604,129.324
17605,129.334
17606,129.345
17607,129.356
17608,129.368
17609,129.379
17610,129.392
17611,129.401
17612,129.402
17613,129.413
17614,129.414
17615,129.416
17616,129.417
17617,129.419
17618,129.424
17619,129.433
17620,129.438
17621,129.449
17622,129.455
17623,129.465
17624,129.467
17625,129.468
17626,129.475
17627,129.476
17628,129.477
17629,129.478
17630,129.479
17631,129.480
17632,129.484
17633,129.498
17634,129.516
17635,129.538
17636,129.556
17637,129.558
17638,129.559
17639,129.567
17640,129.582
17641,129.589
17642,129.604
17643,129.605
17644,129.617
17645,129.621
17646,129.623
17647,129.625
17648,129.630
17649,129.643
17650,129.659
17651,129.661
17652,129.662
17653,129.663
17654,129.664
17655,129.671
17656,129.693
17657,129.701
17658,129.708
17659,129.722
17660,129.729
17661,129.742
17662,129.758
17663,129.766
17664,129.779
17665,129.780
17666,129.787
17667,129.801
17668,129.807
17669,129.820
17670,129.827
17671,129.841
17672,129.842
17673,129.843
17674,129.845
17675,129.851
17676,129.865
17677,129.871
17678,129.884
17679,129.886
17680,129.892
17681,129.905
17682,129.912
17683,129.924
17684,129.931
17685,129.946
17686,129.947
17687,129.949
17688,129.956
17689,130.009
17690,130.055
17691,130.098
17692,130.112
17693,130.113
17694,130.114
17695,130.115
17696,130.117
17697,130.118
17698,130.130
17699,130.141
17700,130.146
17701,130.195
17702,130.196
17703,130.197
17704,130.232
17705,130.248
17706,130.259
17707,130.260
17708,130.262
17709,130.267
17710,130.283
17711,130.294
17712,130.295
17713,130.301
17714,130.312
17715,130.356
17716,130.369
17717,130.371
17718,130.372
17719,130.374
17720,130.375
17721,130.376
17722,130.378
17723,130.379
17724,130.381
17725,130.382
17726,130.384
17727,130.385
17728,130.387
17729,130.388
17730,130.390
17731,130.422
17732,130.436
17733,130.437
17734,130.439
17735,130.504
17736,130.520
17737,130.554
17738,130.568
17739,130.570
17740,130.571
17741,130.577
17742,130.578
17743,130.580
17744,130.581
17745,130.588
17746,130.633
17747,130.684
17748,130.697
17749,130.731
17750,130.787
17751,130.834
17752,130.845
17753,130.846
17754,130.884
17755,130.896
17756,130.897
17757,130.935
17758,130.946
17759,130.984
17760,130.995
17761,130.996
17762,131.031
17763,131.042
17764,131.078
17765,131.089
17766,131.090
17767,131.123
17768,131.133
17769,131.138
17770,131.149
17771,131.150
17772,131.151
17773,131.152
17774,131.153
17775,131.187
17776,131.197
17777,131.231
17778,131.291
17779,131.294
17780,131.296
17781,131.297
17782,131.299
17783,131.306
17784,131.321
17785,131.323
17786,131.324
17787,131.326
17788,131.327
17789,131.334
17790,131.348
17791,131.392
17792,131.407
17793,131.451
17794,131.454
17795,131.455
17796,131.456
17797,131.458
17798,131.501
17799,131.515
17800,131.561
17801,131.574
17802,131.576
17803,131.620
17804,131.634
17805,131.640
17806,131.655
17807,131.656
17808,131.662
17809,131.677
17810,131.729
17811,131.740
17812,131.777
17813,131.788
17814,131.789
17815,131.791
17816,131.792
17817,131.793
17818,131.798
17819,131.808
17820,131.810
17821,131.811
17822,131.812
17823,131.813
17824,131.849
17825,131.861
17826,131.862
17827,131.894
17828,131.904
17829,131.910
17830,131.911
17831,131.912
17832,131.914
17833,131.915
17834,131.917
17835,131.922
17836,131.932
17837,131.967
17838,131.968
17839,131.969
17840,132.004
17841,132.015
17842,132.057
17843,132.069
17844,132.071
17845,132.105
17846,132.115
17847,132.116
17848,132.151
17849,132.195
17850,132.206
17851,132.207
17852,132.241
17853,132.252
17854,132.253
17855,132.258
17856,132.269
17857,132.270
17858,132.311
17859,132.323
17860,132.357
17861,132.368
17862,132.369
17863,132.405
17864,132.452
17865,132.463
17866,132.464
17867,132.500
17868,132.511
17869,132.512
17870,132.517
17871,132.528
17872,132.529
17873,132.534
17874,132.545
17875,132.546
17876,132.548
17877,132.549
17878,132.550
17879,132.551
17880,132.557
17881,132.567
17882,132.568
17883,132.573
17884,132.584
17885,132.585
17886,132.627
17887,132.640
17888,132.642
17889,132.678
17890,132.689
17891,132.691
17892,132.692
17893,132.693
17894,132.736
17895,132.749
17896,132.750
17897,132.786
17898,132.798
17899,132.799
17900,132.833
17901,132.843
17902,132.876
17903,132.887
17904,132.888
17905,132.922
17906,132.932
17907,132.933
17908,132.968
17909,132.983
17910,133.030
17911,133.046
17912,133.048
17913,133.096
17914,133.110
17915,133.154
17916,133.169
17917,133.170
17918,133.212
17919,133.226
17920,133.241
17921,133.251
17922,133.259
17923,133.261
17924,133.268
17925,133.282
17926,133.299
17927,133.313
17928,133.327
17929,133.336
17930,133.340
17931,133.380
17932,133.431
17933,133.437
17934,133.438
17935,133.440
17936,133.441
17937,133.443
17938,133.445
17939,133.446
17940,133.449
17941,133.450
17942,133.452
17943,133.455
17944,133.456
17945,133.459
17946,133.461
17947,133.464
17948,133.465
17949,133.466
17950,133.467
17951,133.500
17952,133.535
17953,133.567
17954,133.570
17955,133.573
17956,133.574
17957,133.576
17958,133.577
17959,133.580
17960,133.581
17961,133.584
17962,133.586
17963,133.588
17964,133.589
17965,133.591
17966,133.593
17967,133.595
17968,133.596
17969,133.597
17970,133.600
17971,133.601
17972,133.604
17973,133.605
17974,133.633
17975,133.663
17976,133.665
17977,133.666
17978,133.670
17979,133.675
17980,133.685
17981,133.686
17982,133.691
17983,133.705
17984,133.719
17985,133.729
17986,133.730
17987,133.735
17988,133.748
17989,133.758
17990,133.765
17991,133.776
17992,133.784
17993,133.795
17994,133.796
17995,133.797
17996,133.802
17997,133.811
17998,133.818
17999,133.828
18000,133.835
18001,133.836
18002,133.837
18003,133.870
18004,133.871
18005,133.872
18006,133.906
18007,133.917
18008,133.922
18009,133.931
18010,133.932
18011,133.937
18012,133.947
18013,133.948
18014,133.949
18015,133.955
18016,133.965
18017,133.966
18018,134.000
18019,134.002
18020,134.003
18021,134.037
18022,134.052
18023,134.064
18024,134.070
18025,134.080
18026,134.082
18027,134.083
18028,134.090
18029,134.099
18030,134.106
18031,134.116
18032,134.123
18033,134.134
18034,134.135
18035,134.140
18036,134.150
18037,134.151
18038,134.156
18039,134.167
18040,134.168
18041,134.170
18042,134.171
18043,134.176
18044,134.187
18045,134.189
18046,134.190
18047,134.191
18048,134.196
18049,134.206
18050,134.207
18051,134.214
18052,134.215
18053,134.216
18054,134.222
18055,134.238
18056,134.249
18057,134.254
18058,134.264
18059,134.265
18060,134.271
18061,134.282
18062,134.283
18063,134.284
18064,134.290
18065,134.301
18066,134.303
18067,134.308
18068,134.319
18069,134.325
18070,134.337
18071,134.339
18072,134.340
18073,134.346
18074,134.358
18075,134.363
18076,134.375
18077,134.380
18078,134.392
18079,134.393
18080,134.394
18081,134.395
18082,134.401
18083,134.412
18084,134.417
18085,134.431
18086,134.433
18087,134.438
18088,134.450
18089,134.451
18090,134.452
18091,134.454
18092,134.461
18093,134.471
18094,134.472
18095,134.507
18096,134.550
18097,134.560
18098,134.561
18099,134.567
18100,134.577
18101,134.584
18102,134.595
18103,134.601
18104,134.603
18105,134.604
18106,134.605
18107,134.606
18108,134.613
18109,134.628
18110,134.642
18111,134.651
18112,134.652
18113,134.653
18114,134.658
18115,134.673
18116,134.682
18117,134.684
18118,134.686
18119,134.687
18120,134.696
18121,134.719
18122,134.734
18123,134.736
18124,134.750
18125,134.765
18126,134.766
18127,134.783
18128,134.789
18129,134.807
18130,134.817
18131,134.820
18132,134.834
18133,134.844
18134,134.847
18135,134.863
18136,134.873
18137,134.881
18138,134.884
18139,134.891
18140,134.905
18141,134.924
18142,134.939
18143,134.953
18144,134.967
18145,134.974
18146,134.987
18147,134.993
18148,135.047
18149,135.048
18150,135.089
18151,135.107
18152,135.115
18153,135.130
18154,135.136
18155,135.147
18156,135.152
18157,135.164
18158,135.168
18159,135.178
18160,135.183
18161,135.194
18162,135.198
18163,135.208
18164,135.216
18165,135.217
18166,135.218
18167,135.219
18168,135.226
18169,135.227
18170,135.228
18171,135.230
18172,135.231
18173,135.232
18174,135.241
18175,135.244
18176,135.254
18177,135.255
18178,135.256
18179,135.265
18180,135.268
18181,135.269
18182,135.270
18183,135.273
18184,135.275
18185,135.277
18186,135.287
18187,135.294
18188,135.296
18189,135.297
18190,135.301
18191,135.302
18192,135.303
18193,135.304
18194,135.307
18195,135.311
18196,135.312
18197,135.315
18198,135.325
18199,135.333
18200,135.336
18201,135.338
18202,135.341
18203,135.353
18204,135.355
18205,135.356
18206,135.357
18207,135.358
18208,135.364
18209,135.375
18210,135.381
18211,135.395
18212,135.414
18213,135.417
18214,135.419
18215,135.420
18216,135.424
18217,135.427
18218,135.429
18219,135.432
18220,135.434
18221,135.437
18222,135.438
18223,135.440
18224,135.443
18225,135.446
18226,135.448
18227,135.451
18228,135.453
18229,135.455
18230,135.457
18231,135.460
18232,135.462
18233,135.465
18234,135.477
18235,135.484
18236,135.486
18237,135.487
18238,135.491
18239,135.500
18240,135.511
18241,135.512
18242,135.522
18243,135.528
18244,135.540
18245,135.547
18246,135.549
18247,135.558
18248,135.565
18249,135.567
18250,135.576
18251,135.586
18252,135.619
18253,135.621
18254,135.622
18255,135.656
18256,135.666
18257,135.674
18258,135.675
18259,135.677
18260,135.678
18261,135.679
18262,135.722
18263,135.734
18264,135.768
18265,135.779
18266,135.785
18267,135.796
18268,135.797
18269,135.799
18270,135.804
18271,135.816
18272,135.817
18273,135.823
18274,135.833
18275,135.838
18276,135.849
18277,135.854
18278,135.865
18279,135.866
18280,135.871
18281,135.882
18282,135.887
18283,135.898
18284,135.903
18285,135.914
18286,135.919
18287,135.931
18288,135.932
18289,135.933
18290,135.938
18291,135.947
18292,135.949
18293,135.954
18294,135.955
18295,135.957
18296,135.958
18297,135.960
18298,135.961
18299,135.966
18300,135.976
18301,135.977
18302,135.987
18303,135.988
18304,135.989
18305,135.990
18306,135.997
18307,136.007
18308,136.015
18309,136.016
18310,136.017
18311,136.029
18312,136.030
18313,136.031
18314,136.034
18315,136.037
18316,136.040
18317,136.045
18318,136.048
18319,136.049
18320,136.051
18321,136.053
18322,136.056
18323,136.058
18324,136.059
18325,136.060
18326,136.073
18327,136.074
18328,136.075
18329,136.084
18330,136.088
18331,136.089
18332,136.090
18333,136.093
18334,136.095
18335,136.098
18336,136.099
18337,136.103
18338,136.112
18339,136.113
18340,136.115
18341,136.118
18342,136.119
18343,136.122
18344,136.123
18345,136.159
18346,136.166
18347,136.205
18348,136.213
18349,136.246
18350,136.253
18351,136.255
18352,136.257
18353,136.260
18354,136.262
18355,136.269
18356,136.270
18357,136.271
18358,136.279
18359,136.282
18360,136.283
18361,136.285
18362,136.288
18363,136.289
18364,136.292
18365,136.293
18366,136.297
18367,136.305
18368,136.306
18369,136.307
18370,136.310
18371,136.311
18372,136.314
18373,136.315
18374,136.356
18375,136.369
18376,136.417
18377,136.430
18378,136.476
18379,136.486
18380,136.490
18381,136.491
18382,136.497
18383,136.500
18384,136.505
18385,136.519
18386,136.530
18387,136.543
18388,136.545
18389,136.548
18390,136.558
18391,136.576
18392,136.594
18393,136.612
18394,136.635
18395,136.656
18396,136.657
18397,136.659
18398,136.668
18399,136.670
18400,136.671
18401,136.672
18402,136.674
18403,136.675
18404,136.682
18405,136.696
18406,136.703
18407,136.717
18408,136.723
18409,136.737
18410,136.749
18411,136.761
18412,136.765
18413,136.767
18414,136.771
18415,136.787
18416,136.799
18417,136.803
18418,136.805
18419,136.809
18420,136.817
18421,136.818
18422,136.819
18423,136.821
18424,136.829
18425,136.840
18426,136.851
18427,136.856
18428,136.870
18429,136.884
18430,136.894
18431,136.904
18432,136.906
18433,136.907
18434,136.908
18435,136.909
18436,136.920
18437,136.921
18438,136.922
18439,136.923
18440,136.928
18441,136.941
18442,136.952
18443,136.953
18444,136.954
18445,136.959
18446,136.960
18447,136.961
18448,136.966
18449,136.981
18450,136.982
18451,136.983
18452,136.988
18453,137.003
18454,137.004
18455,137.005
18456,137.007
18457,137.013
18458,137.014
18459,137.020
18460,137.032
18461,137.037
18462,137.047
18463,137.057
18464,137.067
18465,137.083
18466,137.085
18467,137.086
18468,137.090
18469,137.092
18470,137.093
18471,137.094
18472,137.131
18473,137.141
18474,137.177
18475,137.178
18476,137.179
18477,137.181
18478,137.185
18479,137.197
18480,137.199
18481,137.200
18482,137.204
18483,137.214
18484,137.223
18485,137.233
18486,137.243
18487,137.252
18488,137.298
18489,137.309
18490,137.345
18491,137.347
18492,137.348
18493,137.349
18494,137.354
18495,137.364
18496,137.365
18497,137.367
18498,137.376
18499,137.387
18500,137.392
18501,137.411
18502,137.412
18503,137.417
18504,137.419
18505,137.427
18506,137.428
18507,137.429
18508,137.436
18509,137.444
18510,137.453
18511,137.470
18512,137.475
18513,137.481
18514,137.499
18515,137.504
18516,137.518
18517,137.529
18518,137.539
18519,137.551
18520,137.552
18521,137.553
18522,137.554
18523,137.568
18524,137.580
18525,137.581
18526,137.582
18527,137.583
18528,137.587
18529,137.600
18530,137.610
18531,137.620
18532,137.632
18533,137.638
18534,137.657
18535,137.663
18536,137.669
18537,137.687
18538,137.693
18539,137.707
18540,137.717
18541,137.728
18542,137.740
18543,137.742
18544,137.744
18545,137.758
18546,137.768
18547,137.770
18548,137.771
18549,137.773
18550,137.778
18551,137.791
18552,137.801
18553,137.811
18554,137.822
18555,137.863
18556,137.869
18557,137.870
18558,137.871
18559,137.872
18560,137.907
18561,137.909
18562,137.910
18563,137.978
18564,138.035
18565,138.039
18566,138.041
18567,138.087
18568,138.089
18569,138.090
18570,138.143
18571,138.151
18572,138.153
18573,138.154
18574,138.201
18575,138.204
18576,138.205
18577,138.252
18578,138.313
18579,138.364
18580,138.366
18581,138.368
18582,138.370
18583,138.424
18584,138.433
18585,138.471
18586,138.481
18587,138.490
18588,138.500
18589,138.508
18590,138.517
18591,138.522
18592,138.524
18593,138.532
18594,138.533
18595,138.534
18596,138.537
18597,138.538
18598,138.539
18599,138.540
18600,138.542
18601,138.581
18602,138.583
18603,138.584
18604,138.618
18605,138.619
18606,138.620
18607,138.622
18608,138.639
18609,138.643
18610,138.644
18611,138.690
18612,138.696
18613,138.698
18614,138.732
18615,138.742
18616,138.749
18617,138.757
18618,138.762
18619,138.764
18620,138.772
18621,138.773
18622,138.775
18623,138.777
18624,138.779
18625,138.780
18626,138.781
18627,138.783
18628,138.821
18629,138.822
18630,138.823
18631,138.857
18632,138.859
18633,138.860
18634,138.861
18635,138.877
18636,138.882
18637,138.883
18638,138.928
18639,138.934
18640,138.935
18641,138.969
18642,138.979
18643,138.986
18644,138.994
18645,138.999
18646,139.001
18647,139.010
18648,139.012
18649,139.013
18650,139.061
18651,139.065
18652,139.100
18653,139.111
18654,139.118
18655,139.127
18656,139.132
18657,139.134
18658,139.142
18659,139.144
18660,139.145
18661,139.148
18662,139.149
18663,139.151
18664,139.152
18665,139.154
18666,139.193
18667,139.195
18668,139.196
18669,139.233
18670,139.234
18671,139.235
18672,139.236
18673,139.254
18674,139.259
18675,139.260
18676,139.308
18677,139.314
18678,139.316
18679,139.351
18680,139.361
18681,139.371
18682,139.380
18683,139.386
18684,139.388
18685,139.396
18686,139.398
18687,139.399
18688,139.410
18689,139.424
18690,139.425
18691,139.427
18692,139.428
18693,139.430
18694,139.437
18695,139.485
18696,139.487
18697,139.488
18698,139.526
18699,139.527
18700,139.529
18701,139.534
18702,139.544
18703,139.548
18704,139.557
18705,139.558
18706,139.559
18707,139.581
18708,139.584
18709,139.585
18710,139.587
18711,139.617
18712,139.632
18713,139.635
18714,139.643
18715,139.645
18716,139.646
18717,139.654
18718,139.674
18719,139.684
18720,139.686
18721,139.688
18722,139.690
18723,139.692
18724,139.701
18725,139.717
18726,139.719
18727,139.720
18728,139.724
18729,139.730
18730,139.732
18731,139.733
18732,139.735
18733,139.744
18734,139.760
18735,139.762
18736,139.763
18737,139.765
18738,139.768
18739,139.775
18740,139.777
18741,139.778
18742,139.807
18743,139.847
18744,139.850
18745,139.851
18746,139.853
18747,139.854
18748,139.856
18749,139.857
18750,139.864
18751,139.883
18752,139.885
18753,139.887
18754,139.888
18755,139.890
18756,139.897
18757,139.912
18758,139.913
18759,139.920
18760,139.939
18761,139.952
18762,139.954
18763,139.961
18764,139.963
18765,139.965
18766,139.966
18767,139.968
18768,139.969
18769,139.978
18770,139.996
18771,139.998
18772,140.000
18773,140.001
18774,140.003
18775,140.009
18776,140.022
18777,140.024
18778,140.032
18779,140.056
18780,140.072
18781,140.083
18782,140.095
18783,140.096
18784,140.098
18785,140.103
18786,140.118
18787,140.129
18788,140.136
18789,140.148
18790,140.149
18791,140.151
18792,140.152
18793,140.158
18794,140.169
18795,140.175
18796,140.190
18797,140.200
18798,140.201
18799,140.206
18800,140.216
18801,140.217
18802,140.222
18803,140.233
18804,140.235
18805,140.236
18806,140.244
18807,140.254
18808,140.262
18809,140.270
18810,140.275
18811,140.276
18812,140.284
18813,140.286
18814,140.287
18815,140.295
18816,140.308
18817,140.309
18818,140.310
18819,140.312
18820,140.313
18821,140.320
18822,140.335
18823,140.345
18824,140.348
18825,140.353
18826,140.354
18827,140.355
18828,140.360
18829,140.372
18830,140.377
18831,140.387
18832,140.394
18833,140.404
18834,140.406
18835,140.410
18836,140.425
18837,140.437
18838,140.438
18839,140.439
18840,140.460
18841,140.507
18842,140.509
18843,140.510
18844,140.548
18845,140.557
18846,140.559
18847,140.560
18848,140.564
18849,140.574
18850,140.579
18851,140.581
18852,140.582
18853,140.583
18854,140.584
18855,140.606
18856,140.607
18857,140.608
18858,140.609
18859,140.630
18860,140.631
18861,140.633
18862,140.634
18863,140.635
18864,140.683
18865,140.727
18866,140.737
18867,140.787
18868,140.799
18869,140.835
18870,140.845
18871,140.847
18872,140.897
18873,140.909
18874,140.911
18875,140.912
18876,140.914
18877,140.951
18878,140.962
18879,140.963
18880,140.965
18881,140.969
18882,140.987
18883,140.996
18884,141.004
18885,141.012
18886,141.017
18887,141.019
18888,141.026
18889,141.028
18890,141.029
18891,141.031
18892,141.033
18893,141.034
18894,141.035
18895,141.036
18896,141.074
18897,141.075
18898,141.076
18899,141.110
18900,141.111
18901,141.113
18902,141.114
18903,141.130
18904,141.134
18905,141.136
18906,141.183
18907,141.187
18908,141.189
18909,141.190
18910,141.223
18911,141.237
18912,141.246
18913,141.259
18914,141.266
18915,141.270
18916,141.319
18917,141.321
18918,141.323
18919,141.368
18920,141.370
18921,141.371
18922,141.430
18923,141.435
18924,141.436
18925,141.478
18926,141.491
18927,141.500
18928,141.512
18929,141.519
18930,141.522
18931,141.533
18932,141.536
18933,141.537
18934,141.540
18935,141.542
18936,141.543
18937,141.545
18938,141.547
18939,141.597
18940,141.599
18941,141.600
18942,141.650
18943,141.652
18944,141.654
18945,141.656
18946,141.681
18947,141.687
18948,141.688
18949,141.736
18950,141.741
18951,141.743
18952,141.776
18953,141.786
18954,141.794
18955,141.801
18956,141.807
18957,141.808
18958,141.815
18959,141.817
18960,141.818
18961,141.821
18962,141.822
18963,141.823
18964,141.824
18965,141.826
18966,141.866
18967,141.867
18968,141.868
18969,141.904
18970,141.905
18971,141.907
18972,141.908
18973,141.926
18974,141.931
18975,141.932
18976,141.977
18977,141.982
18978,141.984
18979,142.021
18980,142.032
18981,142.044
18982,142.054
18983,142.069
18984,142.074
18985,142.080
18986,142.088
18987,142.090
18988,142.092
18989,142.094
18990,142.095
18991,142.096
18992,142.108
18993,142.115
18994,142.121
18995,142.122
18996,142.131
18997,142.136
18998,142.145
18999,142.155
19000,142.163
19001,142.171
19002,142.177
19003,142.178
19004,142.186
19005,142.188
19006,142.189
19007,142.191
19008,142.196
19009,142.197
19010,142.198
19011,142.199
19012,142.202
19013,142.208
19014,142.213
19015,142.215
19016,142.220
19017,142.222
19018,142.227
19019,142.229
19020,142.231
19021,142.232
19022,142.233
19023,142.234
19024,142.271
19025,142.273
19026,142.274
19027,142.312
19028,142.314
19029,142.315
19030,142.316
19031,142.335
19032,142.340
19033,142.341
19034,142.344
19035,142.349
19036,142.398
19037,142.404
19038,142.406
19039,142.407
19040,142.443
19041,142.454
19042,142.461
19043,142.470
19044,142.472
19045,142.474
19046,142.475
19047,142.476
19048,142.477
19049,142.481
19050,142.491
19051,142.493
19052,142.494
19053,142.495
19054,142.496
19055,142.497
19056,142.509
19057,142.511
19058,142.512
19059,142.517
19060,142.549
19061,142.581
19062,142.592
19063,142.601
19064,142.615
19065,142.621
19066,142.639
19067,142.646
19068,142.659
19069,142.660
19070,142.661
19071,142.663
19072,142.673
19073,142.690
19074,142.697
19075,142.708
19076,142.709
19077,142.711
19078,142.712
19079,142.720
19080,142.736
19081,142.742
19082,142.779
19083,142.782
19084,142.783
19085,142.785
19086,142.839
19087,142.841
19088,142.842
19089,142.851
19090,142.878
19091,142.889
19092,142.909
19093,142.935
19094,142.937
19095,142.938
19096,142.940
19097,142.947
19098,142.971
19099,142.979
19100,142.999
19101,143.001
19102,143.002
19103,143.004
19104,143.005
19105,143.021
19106,143.022
19107,143.023
19108,143.025
19109,143.026
19110,143.036
19111,143.037
19112,143.039
19113,143.040
19114,143.049
19115,143.050
19116,143.052
19117,143.053
19118,143.060
19119,143.083
19120,143.091
19121,143.111
19122,143.113
19123,143.115
19124,143.116
19125,143.117
19126,143.129
19127,143.141
19128,143.150
19129,143.151
19130,143.152
19131,143.154
19132,143.161
19133,143.177
19134,143.199
19135,143.201
19136,143.203
19137,143.204
19138,143.206
19139,143.220
19140,143.230
19141,143.246
19142,143.257
19143,143.258
19144,143.263
19145,143.273
19146,143.274
19147,143.286
19148,143.287
19149,143.288
19150,143.289
19151,143.291
19152,143.297
19153,143.298
19154,143.299
19155,143.305
19156,143.316
19157,143.325
19158,143.326
19159,143.327
19160,143.333
19161,143.343
19162,143.349
19163,143.367
19164,143.374
19165,143.380
19166,143.381
19167,143.382
19168,143.383
19169,143.384
19170,143.386
19171,143.393
19172,143.394
19173,143.395
19174,143.396
19175,143.398
19176,143.403
19177,143.420
19178,143.426
19179,143.437
19180,143.457
19181,143.458
19182,143.459
19183,143.460
19184,143.466
19185,143.482
19186,143.487
19187,143.499
19188,143.509
19189,143.510
19190,143.514
19191,143.516
19192,143.517
19193,143.518
19194,143.529
19195,143.530
19196,143.531
19197,143.532
19198,143.539
19199,143.541
19200,143.542
19201,143.543
19202,143.548
19203,143.564
19204,143.569
19205,143.577
19206,143.578
19207,143.579
19208,143.580
19209,143.592
19210,143.593
19211,143.594
19212,143.595
19213,143.596
19214,143.608
19215,143.617
19216,143.631
19217,143.641
19218,143.642
19219,143.646
19220,143.655
19221,143.656
19222,143.667
19223,143.668
19224,143.670
19225,143.671
19226,143.672
19227,143.679
19228,143.680
19229,143.681
19230,143.688
19231,143.689
19232,143.690
19233,143.691
19234,143.696
19235,143.712
19236,143.718
19237,143.723
19238,143.739
19239,143.745
19240,143.757
19241,143.759
19242,143.760
19243,143.761
19244,143.762
19245,143.763
19246,143.767
19247,143.769
19248,143.770
19249,143.771
19250,143.772
19251,143.782
19252,143.792
19253,143.799
19254,143.801
19255,143.802
19256,143.803
19257,143.812
19258,143.813
19259,143.814
19260,143.816
19261,143.824
19262,143.825
19263,143.827
19264,143.834
19265,143.853
19266,143.860
19267,143.872
19268,143.881
19269,143.883
19270,143.894
19271,143.895
19272,143.896
19273,143.903
19274,143.904
19275,143.906
19276,143.907
19277,143.909
19278,143.910
19279,143.920
19280,143.921
19281,143.922
19282,143.924
19283,143.938
19284,143.949
19285,143.954
19286,143.955
19287,143.956
19288,143.957
19289,143.959
19290,143.963
19291,143.974
19292,143.975
19293,143.979
19294,143.999
19295,144.001
19296,144.002
19297,144.003
19298,144.013
19299,144.014
19300,144.016
19301,144.017
19302,144.024
19303,144.043
19304,144.051
19305,144.063
19306,144.085
19307,144.086
19308,144.088
19309,144.089
19310,144.096
19311,144.113
19312,144.115
19313,144.121
19314,144.134
19315,144.144
19316,144.158
19317,144.159
19318,144.161
19319,144.162
19320,144.170
19321,144.172
19322,144.173
19323,144.178
19324,144.193
19325,144.201
19326,144.212
19327,144.214
19328,144.216
19329,144.217
19330,144.219
19331,144.230
19332,144.231
19333,144.232
19334,144.243
19335,144.244
19336,144.245
19337,144.247
19338,144.257
19339,144.259
19340,144.261
19341,144.262
19342,144.264
19343,144.284
19344,144.301
19345,144.309
19346,144.324
19347,144.326
19348,144.333
19349,144.346
19350,144.347
19351,144.352
19352,144.354
19353,144.356
19354,144.372
19355,144.373
19356,144.374
19357,144.402
19358,144.440
19359,144.463
19360,144.472
19361,144.482
19362,144.484
19363,144.485
19364,144.504
19365,144.520
19366,144.521
19367,144.528
19368,144.543
19369,144.549
19370,144.562
19371,144.563
19372,144.568
19373,144.570
19374,144.571
19375,144.573
19376,144.579
19377,144.580
19378,144.582
19379,144.584
19380,144.590
19381,144.602
19382,144.609
19383,144.623
19384,144.630
19385,144.643
19386,144.649
19387,144.663
19388,144.665
19389,144.671
19390,144.672
19391,144.673
19392,144.674
19393,144.678
19394,144.687
19395,144.689
19396,144.693
19397,144.704
19398,144.716
19399,144.718
19400,144.719
19401,144.732
19402,144.743
19403,144.748
19404,144.759
19405,144.771
19406,144.789
19407,144.796
19408,144.807
19409,144.809
19410,144.810
19411,144.814
19412,144.815
19413,144.816
19414,144.840
19415,144.874
19416,144.882
19417,144.885
19418,144.886
19419,144.889
19420,144.891
19421,144.892
19422,144.893
19423,144.894
19424,144.895
19425,144.896
19426,144.909
19427,144.919
19428,144.924
19429,144.926
19430,144.993
19431,144.997
19432,145.002
19433,145.007
19434,145.011
19435,145.013
19436,145.015
19437,145.052
19438,145.063
19439,145.071
19440,145.078
19441,145.084
19442,145.086
19443,145.123
19444,145.124
19445,145.126
19446,145.163
19447,145.165
19448,145.166
19449,145.167
19450,145.214
19451,145.218
19452,145.251
19453,145.254
19454,145.256
19455,145.265
19456,145.275
19457,145.282
19458,145.290
19459,145.296
19460,145.299
19461,145.337
19462,145.339
19463,145.340
19464,145.379
19465,145.381
19466,145.382
19467,145.383
19468,145.431
19469,145.436
19470,145.470
19471,145.473
19472,145.475
19473,145.485
19474,145.496
19475,145.525
19476,145.537
19477,145.566
19478,145.578
19479,145.607
19480,145.609
19481,145.611
19482,145.612
19483,145.614
19484,145.625
19485,145.665
19486,145.673
19487,145.675
19488,145.705
19489,145.714
19490,145.746
19491,145.756
19492,145.761
19493,145.771
19494,145.776
19495,145.785
19496,145.820
19497,145.822
19498,145.824
19499,145.859
19500,145.874
19501,145.911
19502,145.926
19503,145.964
19504,145.966
19505,145.967
19506,145.969
19507,145.974
19508,145.986
19509,145.996
19510,145.997
19511,145.999
19512,146.000
19513,146.002
19514,146.003
19515,146.005
19516,146.006
19517,146.046
19518,146.049
19519,146.050
19520,146.055
19521,146.057
19522,146.059
19523,146.064
19524,146.066
19525,146.068
19526,146.122
19527,146.124
19528,146.125
19529,146.127
19530,146.128
19531,146.181
19532,146.183
19533,146.185
19534,146.186
19535,146.188
19536,146.197
19537,146.199
19538,146.201
19539,146.202
19540,146.209
19541,146.234
19542,146.236
19543,146.245
19544,146.267
19545,146.269
19546,146.271
19547,146.277
19548,146.294
19549,146.308
19550,146.326
19551,146.329
19552,146.335
19553,146.343
19554,146.344
19555,146.346
19556,146.359
19557,146.360
19558,146.361
19559,146.363
19560,146.368
19561,146.378
19562,146.383
19563,146.394
19564,146.395
19565,146.407
19566,146.424
19567,146.426
19568,146.432
19569,146.439
19570,146.456
19571,146.464
19572,146.469
19573,146.480
19574,146.519
19575,146.528
19576,146.569
19577,146.580
19578,146.590
19579,146.601
19580,146.608
19581,146.609
19582,146.611
19583,146.616
19584,146.625
19585,146.632
19586,146.634
19587,146.635
19588,146.642
19589,146.650
19590,146.656
19591,146.657
19592,146.666
19593,146.667
19594,146.668
19595,146.671
19596,146.672
19597,146.674
19598,146.675
19599,146.677
19600,146.720
19601,146.721
19602,146.723
19603,146.761
19604,146.762
19605,146.763
19606,146.764
19607,146.785
19608,146.789
19609,146.790
19610,146.839
19611,146.846
19612,146.848
19613,146.886
19614,146.897
19615,146.905
19616,146.907
19617,146.908
19618,146.911
19619,146.916
19620,146.917
19621,146.920
19622,146.962
19623,146.966
19624,147.013
19625,147.014
19626,147.015
19627,147.018
19628,147.021
19629,147.022
19630,147.025
19631,147.030
19632,147.034
19633,147.040
19634,147.041
19635,147.043
19636,147.044
19637,147.045
19638,147.046
19639,147.060
19640,147.063
19641,147.064
19642,147.069
19643,147.089
19644,147.104
19645,147.114
19646,147.120
19647,147.132
19648,147.137
19649,147.156
19650,147.163
19651,147.177
19652,147.179
19653,147.181
19654,147.182
19655,147.192
19656,147.211
19657,147.217
19658,147.230
19659,147.231
19660,147.233
19661,147.235
19662,147.243
19663,147.261
19664,147.267
19665,147.312
19666,147.314
19667,147.315
19668,147.317
19669,147.359
19670,147.360
19671,147.362
19672,147.367
19673,147.383
19674,147.389
19675,147.406
19676,147.436
19677,147.439
19678,147.440
19679,147.442
19680,147.449
19681,147.476
19682,147.486
19683,147.509
19684,147.511
19685,147.513
19686,147.514
19687,147.516
19688,147.533
19689,147.534
19690,147.536
19691,147.537
19692,147.539
19693,147.550
19694,147.552
19695,147.553
19696,147.555
19697,147.564
19698,147.566
19699,147.567
19700,147.569
19701,147.575
19702,147.600
19703,147.609
19704,147.630
19705,147.632
19706,147.634
19707,147.635
19708,147.637
19709,147.650
19710,147.663
19711,147.673
19712,147.674
19713,147.676
19714,147.677
19715,147.684
19716,147.697
19717,147.716
19718,147.719
19719,147.720
19720,147.722
19721,147.723
19722,147.742
19723,147.755
19724,147.779
19725,147.795
19726,147.797
19727,147.804
19728,147.819
19729,147.821
19730,147.836
19731,147.837
19732,147.839
19733,147.840
19734,147.841
19735,147.848
19736,147.849
19737,147.850
19738,147.856
19739,147.869
19740,147.878
19741,147.880
19742,147.882
19743,147.887
19744,147.898
19745,147.904
19746,147.924
19747,147.931
19748,147.939
19749,147.941
19750,147.942
19751,147.943
19752,147.944
19753,147.945
19754,147.953
19755,147.954
19756,147.955
19757,147.957
19758,147.958
19759,147.963
19760,147.981
19761,147.988
19762,148.001
19763,148.021
19764,148.022
19765,148.023
19766,148.024
19767,148.030
19768,148.048
19769,148.054
19770,148.069
19771,148.079
19772,148.081
19773,148.085
19774,148.087
19775,148.088
19776,148.089
19777,148.101
19778,148.102
19779,148.103
19780,148.104
19781,148.112
19782,148.113
19783,148.114
19784,148.116
19785,148.121
19786,148.138
19787,148.144
19788,148.152
19789,148.153
19790,148.154
19791,148.155
19792,148.167
19793,148.169
19794,148.170
19795,148.171
19796,148.172
19797,148.186
19798,148.196
19799,148.212
19800,148.224
19801,148.225
19802,148.230
19803,148.239
19804,148.240
19805,148.252
19806,148.253
19807,148.254
19808,148.255
19809,148.256
19810,148.263
19811,148.264
19812,148.265
19813,148.273
19814,148.274
19815,148.275
19816,148.276
19817,148.282
19818,148.299
19819,148.304
19820,148.310
19821,148.328
19822,148.334
19823,148.347
19824,148.348
19825,148.350
19826,148.351
19827,148.352
19828,148.353
19829,148.357
19830,148.359
19831,148.360
19832,148.361
19833,148.362
19834,148.373
19835,148.383
19836,148.391
19837,148.392
19838,148.394
19839,148.395
19840,148.405
19841,148.406
19842,148.407
19843,148.408
19844,148.417
19845,148.418
19846,148.420
19847,148.427
19848,148.447
19849,148.455
19850,148.467
19851,148.477
19852,148.478
19853,148.490
19854,148.492
19855,148.493
19856,148.500
19857,148.501
19858,148.503
19859,148.504
19860,148.505
19861,148.507
19862,148.518
19863,148.520
19864,148.521
19865,148.522
19866,148.538
19867,148.549
19868,148.554
19869,148.555
19870,148.556
19871,148.557
19872,148.559
19873,148.564
19874,148.574
19875,148.575
19876,148.579
19877,148.600
19878,148.601
19879,148.603
19880,148.604
19881,148.614
19882,148.616
19883,148.617
19884,148.619
19885,148.625
19886,148.647
19887,148.655
19888,148.669
19889,148.692
19890,148.693
19891,148.695
19892,148.696
19893,148.703
19894,148.722
19895,148.724
19896,148.730
19897,148.744
19898,148.753
19899,148.767
19900,148.769
19901,148.771
19902,148.772
19903,148.781
19904,148.783
19905,148.784
19906,148.789
19907,148.809
19908,148.814
19909,148.821
19910,148.822
19911,148.824
19912,148.825
19913,148.826
19914,148.833
19915,148.835
19916,148.837
19917,148.845
19918,148.847
19919,148.849
19920,148.850
19921,148.863
19922,148.865
19923,148.867
19924,148.868
19925,148.870
19926,148.890
19927,148.906
19928,148.913
19929,148.929
19930,148.931
19931,148.938
19932,148.953
19933,148.954
19934,148.960
19935,148.962
19936,148.964
19937,148.981
19938,148.982
19939,148.984
19940,148.993
19941,149.014
19942,149.039
19943,149.047
19944,149.058
19945,149.059
19946,149.060
19947,149.080
19948,149.093
19949,149.095
19950,149.101
19951,149.116
19952,149.122
19953,149.137
19954,149.138
19955,149.144
19956,149.156
19957,149.162
19958,149.163
19959,149.165
19960,149.166
19961,149.173
19962,149.174
19963,149.176
19964,149.178
19965,149.186
19966,149.198
19967,149.204
19968,149.217
19969,149.223
19970,149.235
19971,149.240
19972,149.253
19973,149.255
19974,149.261
19975,149.263
19976,149.265
19977,149.266
19978,149.274
19979,149.287
19980,149.289
19981,149.296
19982,149.311
19983,149.322
19984,149.333
19985,149.347
19986,149.349
19987,149.350
19988,149.355
19989,149.365
19990,149.366
19991,149.377
19992,149.387
19993,149.392
19994,149.409
19995,149.410
19996,149.411
19997,149.416
19998,149.427
19999,149.439
20000,149.459
20001,149.471
20002,149.477
20003,149.487
20004,149.494
20005,149.505
20006,149.511
20007,149.528
20008,149.529
20009,149.530
20010,149.532
20011,149.533
20012,149.534
20013,149.548
20014,149.549
20015,149.550
20016,149.552
20017,149.553
20018,149.563
20019,149.564
20020,149.565
20021,149.570
20022,149.580
20023,149.585
20024,149.607
20025,149.617
20026,149.627
20027,149.637
20028,149.643
20029,149.655
20030,149.662
20031,149.663
20032,149.665
20033,149.666
20034,149.667
20035,149.673
20036,149.674
20037,149.675
20038,149.682
20039,149.683
20040,149.684
20041,149.696
20042,149.697
20043,149.698
20044,149.703
20045,149.712
20046,149.717
20047,149.727
20048,149.737
20049,149.755
20050,149.761
20051,149.769
20052,149.777
20053,149.783
20054,149.785
20055,149.794
20056,149.796
20057,149.797
20058,149.803
20059,149.812
20060,149.814
20061,149.819
20062,149.832
20063,149.833
20064,149.834
20065,149.839
20066,149.841
20067,149.843
20068,149.845
20069,149.886
20070,149.934
20071,149.945
20072,149.954
20073,149.965
20074,149.970
20075,149.973
20076,150.043
20077,150.047
20078,150.051
20079,150.057
20080,150.061
20081,150.063
20082,150.065
20083,150.108
20084,150.120
20085,150.127
20086,150.137
20087,150.143
20088,150.145
20089,150.196
20090,150.201
20091,150.240
20092,150.243
20093,150.281
20094,150.285
20095,150.287
20096,150.326
20097,150.329
20098,150.366
20099,150.367
20100,150.369
20101,150.370
20102,150.378
20103,150.391
20104,150.400
20105,150.414
20106,150.416
20107,150.431
20108,150.435
20109,150.445
20110,150.447
20111,150.448
20112,150.457
20113,150.459
20114,150.461
20115,150.462
20116,150.477
20117,150.481
20118,150.482
20119,150.484
20120,150.488
20121,150.489
20122,150.491
20123,150.492
20124,150.494
20125,150.496
20126,150.499
20127,150.575
20128,150.593
20129,150.595
20130,150.597
20131,150.599
20132,150.601
20133,150.603
20134,150.605
20135,150.607
20136,150.609
20137,150.611
20138,150.613
20139,150.615
20140,150.618
20141,150.620
20142,150.626
20143,150.677
20144,150.747
20145,150.760
20146,150.820
20147,150.836
20148,150.893
20149,150.904
20150,150.952
20151,150.962
20152,151.006
20153,151.015
20154,151.059
20155,151.072
20156,151.113
20157,151.123
20158,151.128
20159,151.130
20160,151.131
20161,151.132
20162,151.134
20163,151.177
20164,151.187
20165,151.230
20166,151.282
20167,151.292
20168,151.347
20169,151.358
20170,151.360
20171,151.401
20172,151.411
20173,151.452
20174,151.462
20175,151.505
20176,151.516
20177,151.559
20178,151.569
20179,151.613
20180,151.623
20181,151.666
20182,151.676
20183,151.721
20184,151.733
20185,151.777
20186,151.788
20187,151.794
20188,151.805
20189,151.806
20190,151.811
20191,151.821
20192,151.827
20193,151.828
20194,151.829
20195,151.831
20196,151.832
20197,151.837
20198,151.838
20199,151.839
20200,151.890
20201,151.902
20202,151.904
20203,151.905
20204,151.948
20205,151.958
20206,152.002
20207,152.004
20208,152.006
20209,152.062
20210,152.077
20211,152.079
20212,152.145
20213,152.146
20214,152.148
20215,152.150
20216,152.152
20217,152.153
20218,152.218
20219,152.221
20220,152.223
20221,152.224
20222,152.286
20223,152.301
20224,152.377
20225,152.446
20226,152.460
20227,152.532
20228,152.552
20229,152.554
20230,152.613
20231,152.615
20232,152.617
20233,152.622
20234,152.634
20235,152.635
20236,152.637
20237,152.638
20238,152.645
20239,152.657
20240,152.663
20241,152.665
20242,152.666
20243,152.668
20244,152.726
20245,152.739
20246,152.741
20247,152.803
20248,152.807
20249,152.809
20250,152.819
20251,152.838
20252,152.840
20253,152.841
20254,152.843
20255,152.906
20256,152.918
20257,152.964
20258,152.976
20259,153.024
20260,153.035
20261,153.084
20262,153.096
20263,153.139
20264,153.150
20265,153.193
20266,153.204
20267,153.246
20268,153.256
20269,153.300
20270,153.311
20271,153.354
20272,153.365
20273,153.371
20274,153.373
20275,153.374
20276,153.375
20277,153.377
20278,153.378
20279,153.383
20280,153.397
20281,153.407
20282,153.412
20283,153.426
20284,153.440
20285,153.454
20286,153.470
20287,153.481
20288,153.483
20289,153.484
20290,153.485
20291,153.487
20292,153.489
20293,153.494
20294,153.505
20295,153.553
20296,153.555
20297,153.556
20298,153.557
20299,153.618
20300,153.631
20301,153.633
20302,153.693
20303,153.705
20304,153.707
20305,153.709
20306,153.751
20307,153.766
20308,153.778
20309,153.780
20310,153.792
20311,153.793
20312,153.795
20313,153.796
20314,153.805
20315,153.808
20316,153.819
20317,153.838
20318,153.846
20319,153.856
20320,153.858
20321,153.860
20322,153.861
20323,153.903
20324,153.909
20325,153.991
20326,153.998
20327,154.055
20328,154.059
20329,154.061
20330,154.077
20331,154.091
20332,154.101
20333,154.115
20334,154.125
20335,154.129
20336,154.136
20337,154.149
20338,154.203
20339,154.217
20340,154.269
20341,154.271
20342,154.272
20343,154.280
20344,154.295
20345,154.298
20346,154.315
20347,154.331
20348,154.338
20349,154.343
20350,154.354
20351,154.371
20352,154.382
20353,154.385
20354,154.393
20355,154.403
20356,154.410
20357,154.413
20358,154.420
20359,154.422
20360,154.423
20361,154.424
20362,154.431
20363,154.441
20364,154.453
20365,154.454
20366,154.456
20367,154.457
20368,154.464
20369,154.465
20370,154.466
20371,154.467
20372,154.469
20373,154.475
20374,154.486
20375,154.491
20376,154.505
20377,154.521
20378,154.532
20379,154.579
20380,154.580
20381,154.625
20382,154.626
20383,154.628
20384,154.629
20385,154.630
20386,154.632
20387,154.639
20388,154.649
20389,154.656
20390,154.658
20391,154.702
20392,154.704
20393,154.705
20394,154.763
20395,154.767
20396,154.805
20397,154.808
20398,154.809
20399,154.812
20400,154.813
20401,154.814
20402,154.815
20403,154.825
20404,154.835
20405,154.839
20406,154.840
20407,154.841
20408,154.843
20409,154.851
20410,154.866
20411,154.878
20412,154.885
20413,154.901
20414,154.916
20415,154.927
20416,154.933
20417,154.944
20418,154.951
20419,154.967
20420,154.969
20421,154.970
20422,154.975
20423,154.987
20424,154.994
20425,155.007
20426,155.015
20427,155.016
20428,155.017
20429,155.018
20430,155.020
20431,155.026
20432,155.039
20433,155.041
20434,155.042
20435,155.071
20436,155.113
20437,155.115
20438,155.116
20439,155.121
20440,155.123
20441,155.124
20442,155.125
20443,155.137
20444,155.139
20445,155.140
20446,155.148
20447,155.149
20448,155.150
20449,155.166
20450,155.168
20451,155.169
20452,155.170
20453,155.217
20454,155.218
20455,155.220
20456,155.221
20457,155.282
20458,155.295
20459,155.340
20460,155.351
20461,155.353
20462,155.366
20463,155.379
20464,155.381
20465,155.382
20466,155.384
20467,155.398
20468,155.407
20469,155.413
20470,155.415
20471,155.416
20472,155.418
20473,155.419
20474,155.432
20475,155.433
20476,155.434
20477,155.440
20478,155.450
20479,155.455
20480,155.465
20481,155.470
20482,155.486
20483,155.488
20484,155.489
20485,155.503
20486,155.513
20487,155.519
20488,155.520
20489,155.521
20490,155.522
20491,155.568
20492,155.569
20493,155.570
20494,155.571
20495,155.659
20496,155.675
20497,155.677
20498,155.738
20499,155.752
20500,155.754
20501,155.770
20502,155.785
20503,155.786
20504,155.796
20505,155.797
20506,155.799
20507,155.800
20508,155.807
20509,155.821
20510,155.823
20511,155.832
20512,155.834
20513,155.835
20514,155.844
20515,155.858
20516,155.879
20517,155.894
20518,155.907
20519,155.909
20520,155.920
20521,155.936
20522,155.945
20523,155.961
20524,155.970
20525,155.985
20526,155.993
20527,156.011
20528,156.022
20529,156.024
20530,156.025
20531,156.035
20532,156.037
20533,156.039
20534,156.041
20535,156.052
20536,156.054
20537,156.067
20538,156.068
20539,156.070
20540,156.076
20541,156.088
20542,156.096
20543,156.110
20544,156.111
20545,156.113
20546,156.120
20547,156.132
20548,156.140
20549,156.141
20550,156.143
20551,156.145
20552,156.146
20553,156.148
20554,156.149
20555,156.156
20556,156.168
20557,156.169
20558,156.176
20559,156.189
20560,156.190
20561,156.197
20562,156.214
20563,156.227
20564,156.229
20565,156.230
20566,156.237
20567,156.251
20568,156.256
20569,156.258
20570,156.259
20571,156.266
20572,156.277
20573,156.284
20574,156.286
20575,156.287
20576,156.290
20577,156.292
20578,156.336
20579,156.338
20580,156.339
20581,156.340
20582,156.387
20583,156.400
20584,156.401
20585,156.457
20586,156.469
20587,156.471
20588,156.527
20589,156.539
20590,156.541
20591,156.580
20592,156.591
20593,156.593
20594,156.647
20595,156.661
20596,156.662
20597,156.704
20598,156.717
20599,156.724
20600,156.725
20601,156.727
20602,156.728
20603,156.729
20604,156.736
20605,156.747
20606,156.749
20607,156.755
20608,156.756
20609,156.758
20610,156.759
20611,156.760
20612,156.761
20613,156.768
20614,156.769
20615,156.771
20616,156.773
20617,156.774
20618,156.776
20619,156.777
20620,156.782
20621,156.784
20622,156.785
20623,156.787
20624,156.788
20625,156.793
20626,156.795
20627,156.796
20628,156.797
20629,156.799
20630,156.801
20631,156.802
20632,156.810
20633,156.821
20634,156.828
20635,156.830
20636,156.832
20637,156.833
20638,156.835
20639,156.843
20640,156.856
20641,156.858
20642,156.861
20643,156.871
20644,156.884
20645,156.886
20646,156.889
20647,156.897
20648,156.899
20649,156.900
20650,156.902
20651,156.904
20652,156.905
20653,156.913
20654,156.925
20655,156.934
20656,156.945
20657,156.947
20658,156.955
20659,156.957
20660,156.959
20661,156.961
20662,156.963
20663,156.965
20664,156.966
20665,156.974
20666,156.988
20667,156.996
20668,156.997
20669,157.000
20670,157.001
20671,157.003
20672,157.012
20673,157.014
20674,157.016
20675,157.018
20676,157.020
20677,157.025
20678,157.036
20679,157.042
20680,157.053
20681,157.061
20682,157.075
20683,157.077
20684,157.080
20685,157.087
20686,157.103
20687,157.123
20688,157.125
20689,157.128
20690,157.130
20691,157.132
20692,157.138
20693,157.139
20694,157.141
20695,157.143
20696,157.148
20697,157.165
20698,157.177
20699,157.179
20700,157.181
20701,157.188
20702,157.205
20703,157.223
20704,157.225
20705,157.227
20706,157.233
20707,157.248
20708,157.250
20709,157.252
20710,157.253
20711,157.255
20712,157.263
20713,157.265
20714,157.267
20715,157.269
20716,157.283
20717,157.285
20718,157.287
20719,157.298
20720,157.317
20721,157.325
20722,157.340
20723,157.342
20724,157.344
20725,157.350
20726,157.362
20727,157.364
20728,157.365
20729,157.409
20730,157.418
20731,157.505
20732,157.600
20733,157.668
20734,157.682
20735,157.689
20736,157.706
20737,157.716
20738,157.734
20739,157.757
20740,157.770
20741,157.772
20742,157.777
20743,157.780
20744,157.781
20745,157.782
20746,157.788
20747,157.790
20748,157.791
20749,157.870
20750,157.891
20751,157.893
20752,157.895
20753,157.898
20754,157.900
20755,157.902
20756,157.905
20757,157.907
20758,157.910
20759,157.913
20760,157.915
20761,157.918
20762,157.920
20763,157.923
20764,157.926
20765,157.982
20766,158.042
20767,158.054
20768,158.104
20769,158.117
20770,158.162
20771,158.174
20772,158.223
20773,158.236
20774,158.284
20775,158.296
20776,158.343
20777,158.355
20778,158.400
20779,158.412
20780,158.417
20781,158.419
20782,158.420
20783,158.422
20784,158.423
20785,158.467
20786,158.478
20787,158.523
20788,158.582
20789,158.593
20790,158.659
20791,158.671
20792,158.673
20793,158.720
20794,158.732
20795,158.778
20796,158.791
20797,158.839
20798,158.851
20799,158.900
20800,158.913
20801,158.962
20802,158.974
20803,159.019
20804,159.032
20805,159.083
20806,159.096
20807,159.141
20808,159.152
20809,159.158
20810,159.168
20811,159.169
20812,159.174
20813,159.185
20814,159.194
20815,159.197
20816,159.198
20817,159.200
20818,159.202
20819,159.209
20820,159.212
20821,159.213
20822,159.288
20823,159.310
20824,159.312
20825,159.314
20826,159.376
20827,159.379
20828,159.381
20829,159.382
20830,159.446
20831,159.447
20832,159.449
20833,159.531
20834,159.547
20835,159.549
20836,159.606
20837,159.608
20838,159.610
20839,159.612
20840,159.614
20841,159.615
20842,159.681
20843,159.683
20844,159.685
20845,159.687
20846,159.746
20847,159.759
20848,159.827
20849,159.886
20850,159.887
20851,159.889
20852,159.890
20853,159.938
20854,159.949
20855,160.003
20856,160.017
20857,160.019
20858,160.065
20859,160.067
20860,160.069
20861,160.074
20862,160.087
20863,160.088
20864,160.090
20865,160.091
20866,160.098
20867,160.109
20868,160.110
20869,160.111
20870,160.113
20871,160.119
20872,160.121
20873,160.122
20874,160.124
20875,160.176
20876,160.190
20877,160.192
20878,160.236
20879,160.238
20880,160.239
20881,160.245
20882,160.257
20883,160.258
20884,160.259
20885,160.261
20886,160.267
20887,160.283
20888,160.298
20889,160.353
20890,160.367
20891,160.412
20892,160.424
20893,160.469
20894,160.480
20895,160.527
20896,160.539
20897,160.583
20898,160.596
20899,160.641
20900,160.653
20901,160.703
20902,160.716
20903,160.761
20904,160.772
20905,160.817
20906,160.830
20907,160.835
20908,160.836
20909,160.838
20910,160.839
20911,160.840
20912,160.841
20913,160.846
20914,160.847
20915,160.848
20916,160.855
20917,160.856
20918,160.859
20919,160.860
20920,160.861
20921,160.867
20922,160.883
20923,160.895
20924,160.896
20925,160.902
20926,160.911
20927,160.916
20928,160.926
20929,160.928
20930,160.991
20931,160.994
20932,160.995
20933,160.997
20934,161.084
20935,161.101
20936,161.102
20937,161.158
20938,161.171
20939,161.173
20940,161.248
20941,161.319
20942,161.333
20943,161.335
20944,161.336
20945,161.342
20946,161.353
20947,161.355
20948,161.369
20949,161.398
20950,161.402
20951,161.413
20952,161.431
20953,161.441
20954,161.445
20955,161.455
20956,161.470
20957,161.472
20958,161.473
20959,161.475
20960,161.476
20961,161.489
20962,161.491
20963,161.492
20964,161.493
20965,161.498
20966,161.517
20967,161.534
20968,161.536
20969,161.542
20970,161.554
20971,161.567
20972,161.608
20973,161.609
20974,161.610
20975,161.637
20976,161.648
20977,161.692
20978,161.701
20979,161.744
20980,161.746
20981,161.747
20982,161.748
20983,161.776
20984,161.824
20985,161.872
20986,161.873
20987,161.875
20988,161.876
20989,161.883
20990,161.884
20991,161.885
20992,161.892
20993,161.893
20994,161.894
20995,161.895
20996,161.901
20997,161.911
20998,161.912
20999,161.914
21000,161.923
21001,161.966
21002,161.969
21003,161.970
21004,162.013
21005,162.016
21006,162.065
21007,162.068
21008,162.112
21009,162.116
21010,162.118
21011,162.121
21012,162.165
21013,162.167
21014,162.169
21015,162.170
21016,162.218
21017,162.228
21018,162.261
21019,162.271
21020,162.304
21021,162.306
21022,162.307
21023,162.308
21024,162.353
21025,162.355
21026,162.357
21027,162.358
21028,162.402
21029,162.407
21030,162.453
21031,162.456
21032,162.509
21033,162.514
21034,162.565
21035,162.569
21036,162.571
21037,162.617
21038,162.628
21039,162.629
21040,162.631
21041,162.635
21042,162.664
21043,162.673
21044,162.710
21045,162.724
21046,162.742
21047,162.744
21048,162.746
21049,162.747
21050,162.749
21051,162.770
21052,162.772
21053,162.774
21054,162.775
21055,162.818
21056,162.830
21057,162.867
21058,162.881
21059,162.883
21060,162.885
21061,162.887
21062,162.890
21063,162.897
21064,162.908
21065,162.910
21066,162.912
21067,162.913
21068,162.914
21069,162.916
21070,162.955
21071,162.968
21072,163.012
21073,163.025
21074,163.027
21075,163.028
21076,163.030
21077,163.063
21078,163.067
21079,163.069
21080,163.088
21081,163.089
21082,163.091
21083,163.092
21084,163.110
21085,163.112
21086,163.114
21087,163.116
21088,163.171
21089,163.184
21090,163.226
21091,163.237
21092,163.238
21093,163.240
21094,163.276
21095,163.279
21096,163.357
21097,163.357
21098,163.357
21099,163.357
21100,163.357
21101,163.375
21102,163.385
21103,163.422
21104,163.432
21105,163.475
21106,163.488
21107,163.497
21108,163.502
21109,163.503
21110,163.504
21111,163.505
21112,163.509
21113,163.518
21114,163.519
21115,163.524
21116,163.525
21117,163.526
21118,163.527
21119,163.532
21120,163.540
21121,163.541
21122,163.543
21123,163.547
21124,163.556
21125,163.558
21126,163.559
21127,163.560
21128,163.561
21129,163.563
21130,163.564
21131,163.568
21132,163.577
21133,163.579
21134,163.580
21135,163.581
21136,163.585
21137,163.594
21138,163.595
21139,163.596
21140,163.601
21141,163.609
21142,163.610
21143,163.615
21144,163.623
21145,163.624
21146,163.626
21147,163.627
21148,163.628
21149,163.629
21150,163.630
21151,163.632
21152,163.682
21153,163.725
21154,163.729
21155,163.735
21156,163.736
21157,163.737
21158,163.739
21159,163.741
21160,163.745
21161,163.747
21162,163.748
21163,163.749
21164,163.750
21165,163.751
21166,163.753
21167,163.757
21168,163.766
21169,163.767
21170,163.778
21171,163.779
21172,163.780
21173,163.785
21174,163.799
21175,163.808
21176,163.810
21177,163.812
21178,163.813
21179,163.814
21180,163.815
21181,163.816
21182,163.819
21183,163.831
21184,163.832
21185,163.833
21186,163.835
21187,163.848
21188,163.857
21189,163.859
21190,163.863
21191,163.872
21192,163.873
21193,163.874
21194,163.876
21195,163.906
21196,163.915
21197,163.946
21198,163.951
21199,163.952
21200,163.953
21201,163.954
21202,163.955
21203,163.957
21204,163.960
21205,164.011
21206,164.015
21207,164.058
21208,164.062
21209,164.127
21210,164.143
21211,164.144
21212,164.146
21213,164.148
21214,164.149
21215,164.151
21216,164.153
21217,164.155
21218,164.156
21219,164.158
21220,164.160
21221,164.163
21222,164.166
21223,164.168
21224,164.171
21225,164.229
21226,164.239
21227,164.286
21228,164.297
21229,164.299
21230,164.342
21231,164.352
21232,164.398
21233,164.408
21234,164.410
21235,164.411
21236,164.458
21237,164.474
21238,164.476
21239,164.482
21240,164.496
21241,164.585
21242,164.600
21243,164.602
21244,164.604
21245,164.606
21246,164.689
21247,164.706
21248,164.708
21249,164.776
21250,164.793
21251,164.854
21252,164.868
21253,164.870
21254,164.932
21255,164.950
21256,164.951
21257,164.958
21258,164.969
21259,165.019
21260,165.030
21261,165.032
21262,165.033
21263,165.081
21264,165.092
21265,165.093
21266,165.138
21267,165.148
21268,165.195
21269,165.205
21270,165.251
21271,165.260
21272,165.308
21273,165.319
21274,165.320
21275,165.366
21276,165.375
21277,165.380
21278,165.390
21279,165.391
21280,165.392
21281,165.437
21282,165.448
21283,165.496
21284,165.506
21285,165.556
21286,165.570
21287,165.582
21288,165.629
21289,165.639
21290,165.692
21291,165.705
21292,165.762
21293,165.774
21294,165.776
21295,165.826
21296,165.839
21297,165.845
21298,165.856
21299,165.857
21300,165.859
21301,165.909
21302,165.920
21303,165.971
21304,165.982
21305,166.036
21306,166.051
21307,166.062
21308,166.119
21309,166.133
21310,166.182
21311,166.193
21312,166.200
21313,166.211
21314,166.212
21315,166.217
21316,166.228
21317,166.234
21318,166.245
21319,166.247
21320,166.321
21321,166.338
21322,166.340
21323,166.415
21324,166.431
21325,166.433
21326,166.435
21327,166.499
21328,166.514
21329,166.516
21330,166.575
21331,166.589
21332,166.590
21333,166.653
21334,166.667
21335,166.669
21336,166.671
21337,166.736
21338,166.750
21339,166.751
21340,166.820
21341,166.834
21342,166.836
21343,166.890
21344,166.902
21345,166.903
21346,166.952
21347,166.962
21348,167.012
21349,167.023
21350,167.025
21351,167.073
21352,167.084
21353,167.089
21354,167.100
21355,167.101
21356,167.155
21357,167.166
21358,167.217
21359,167.227
21360,167.276
21361,167.287
21362,167.334
21363,167.345
21364,167.346
21365,167.392
21366,167.403
21367,167.451
21368,167.462
21369,167.463
21370,167.512
21371,167.523
21372,167.570
21373,167.580
21374,167.594
21375,167.595
21376,167.597
21377,167.598
21378,167.599
21379,167.601
21380,167.602
21381,167.603
21382,167.617
21383,167.627
21384,167.630
21385,167.635
21386,167.637
21387,167.640
21388,167.642
21389,167.647
21390,167.691
21391,167.695
21392,167.741
21393,167.745
21394,167.787
21395,167.791
21396,167.793
21397,167.796
21398,167.798
21399,167.800
21400,167.803
21401,167.804
21402,167.806
21403,167.809
21404,167.810
21405,167.813
21406,167.815
21407,167.817
21408,167.822
21409,167.967
21410,167.973
21411,167.975
21412,167.977
21413,167.978
21414,167.979
21415,167.981
21416,167.982
21417,168.061
21418,168.158
21419,168.215
21420,168.274
21421,168.280
21422,168.338
21423,168.344
21424,168.347
21425,168.356
21426,168.357
21427,168.362
21428,168.376
21429,168.391
21430,168.397
21431,168.399
21432,168.400
21433,168.451
21434,168.465
21435,168.523
21436,168.533
21437,168.534
21438,168.536
21439,168.540
21440,168.553
21441,168.629
21442,168.680
21443,168.691
21444,168.694
21445,168.696
21446,168.702
21447,168.714
21448,168.725
21449,168.727
21450,168.735
21451,168.745
21452,168.747
21453,168.793
21454,168.803
21455,168.851
21456,168.852
21457,168.854
21458,168.897
21459,168.901
21460,168.902
21461,168.947
21462,168.950
21463,168.994
21464,168.998
21465,169.000
21466,169.001
21467,169.002
21468,169.004
21469,169.005
21470,169.008
21471,169.058
21472,169.062
21473,169.063
21474,169.107
21475,169.151
21476,169.155
21477,169.157
21478,169.200
21479,169.244
21480,169.249
21481,169.291
21482,169.293
21483,169.295
21484,169.296
21485,169.297
21486,169.299
21487,169.346
21488,169.397
21489,169.402
21490,169.448
21491,169.454
21492,169.455
21493,169.457
21494,169.459
21495,169.465
21496,169.466
21497,169.522
21498,169.528
21499,169.575
21500,169.580
21501,169.582
21502,169.628
21503,169.632
21504,169.634
21505,169.681
21506,169.686
21507,169.688
21508,169.691
21509,169.695
21510,169.740
21511,169.745
21512,169.746
21513,169.748
21514,169.749
21515,169.811
21516,169.817
21517,169.859
21518,169.861
21519,169.863
21520,169.864
21521,169.866
21522,169.871
21523,169.923
21524,169.929
21525,169.990
21526,170.057
21527,170.059
21528,170.061
21529,170.062
21530,170.064
21531,170.065
21532,170.125
21533,170.131
21534,170.133
21535,170.192
21536,170.253
21537,170.259
21538,170.261
21539,170.320
21540,170.326
21541,170.390
21542,170.454
21543,170.461
21544,170.463
21545,170.465
21546,170.486
21547,170.488
21548,170.490
21549,170.492
21550,170.493
21551,170.495
21552,170.497
21553,170.498
21554,170.514
21555,170.525
21556,170.528
21557,170.533
21558,170.535
21559,170.538
21560,170.540
21561,170.545
21562,170.546
21563,170.549
21564,170.551
21565,170.553
21566,170.555
21567,170.598
21568,170.602
21569,170.603
21570,170.649
21571,170.652
21572,170.653
21573,170.656
21574,170.657
21575,170.659
21576,170.661
21577,170.668
21578,170.818
21579,170.824
21580,170.825
21581,170.827
21582,170.828
21583,170.829
21584,170.831
21585,170.832
21586,170.833
21587,170.834
21588,170.911
21589,170.987
21590,171.027
21591,171.069
21592,171.073
21593,171.114
21594,171.118
21595,171.121
21596,171.126
21597,171.168
21598,171.172
21599,171.173
21600,171.214
21601,171.216
21602,171.217
21603,171.260
21604,171.263
21605,171.305
21606,171.309
21607,171.310
21608,171.352
21609,171.355
21610,171.357
21611,171.360
21612,171.361
21613,171.371
21614,171.381
21615,171.386
21616,171.387
21617,171.388
21618,171.426
21619,171.436
21620,171.482
21621,171.489
21622,171.490
21623,171.491
21624,171.494
21625,171.503
21626,171.552
21627,171.559
21628,171.600
21629,171.610
21630,171.612
21631,171.614
21632,171.619
21633,171.632
21634,171.642
21635,171.644
21636,171.651
21637,171.660
21638,171.661
21639,171.706
21640,171.721
21641,171.784
21642,171.785
21643,171.787
21644,171.844
21645,171.850
21646,171.882
21647,171.887
21648,171.942
21649,171.945
21650,171.947
21651,172.005
21652,172.011
21653,172.014
21654,172.017
21655,172.019
21656,172.020
21657,172.022
21658,172.027
21659,172.099
21660,172.105
21661,172.159
21662,172.168
21663,172.171
21664,172.191
21665,172.205
21666,172.212
21667,172.214
21668,172.226
21669,172.231
21670,172.242
21671,172.254
21672,172.261
21673,172.271
21674,172.278
21675,172.280
21676,172.292
21677,172.296
21678,172.306
21679,172.316
21680,172.324
21681,172.325
21682,172.326
21683,172.329
21684,172.332
21685,172.334
21686,172.337
21687,172.386
21688,172.390
21689,172.441
21690,172.443
21691,172.445
21692,172.447
21693,172.450
21694,172.451
21695,172.453
21696,172.457
21697,172.460
21698,172.465
21699,172.476
21700,172.490
21701,172.501
21702,172.506
21703,172.516
21704,172.517
21705,172.528
21706,172.539
21707,172.544
21708,172.558
21709,172.560
21710,172.561
21711,172.567
21712,172.577
21713,172.592
21714,172.613
21715,172.624
21716,172.630
21717,172.640
21718,172.646
21719,172.657
21720,172.663
21721,172.679
21722,172.681
21723,172.682
21724,172.683
21725,172.685
21726,172.686
21727,172.700
21728,172.701
21729,172.702
21730,172.704
21731,172.706
21732,172.716
21733,172.717
21734,172.718
21735,172.723
21736,172.733
21737,172.738
21738,172.760
21739,172.770
21740,172.781
21741,172.791
21742,172.796
21743,172.807
21744,172.814
21745,172.815
21746,172.816
21747,172.818
21748,172.819
21749,172.827
21750,172.829
21751,172.830
21752,172.831
21753,172.832
21754,172.834
21755,172.835
21756,172.836
21757,172.846
21758,172.849
21759,172.851
21760,172.852
21761,172.853
21762,172.900
21763,172.904
21764,172.951
21765,172.952
21766,172.953
21767,172.955
21768,172.956
21769,172.957
21770,172.960
21771,173.023
21772,173.028
21773,173.071
21774,173.076
21775,173.077
21776,173.106
21777,173.111
21778,173.137
21779,173.142
21780,173.145
21781,173.151
21782,173.159
21783,173.171
21784,173.173
21785,173.175
21786,173.177
21787,173.183
21788,173.199
21789,173.211
21790,173.214
21791,173.221
21792,173.233
21793,173.240
21794,173.251
21795,173.257
21796,173.269
21797,173.274
21798,173.286
21799,173.288
21800,173.291
21801,173.297
21802,173.301
21803,173.308
21804,173.309
21805,173.311
21806,173.313
21807,173.375
21808,173.386
21809,173.448
21810,173.455
21811,173.503
21812,173.510
21813,173.570
21814,173.576
21815,173.577
21816,173.579
21817,173.616
21818,173.620
21819,173.656
21820,173.692
21821,173.698
21822,173.700
21823,173.702
21824,173.705
21825,173.707
21826,173.709
21827,173.711
21828,173.712
21829,173.714
21830,173.715
21831,173.717
21832,173.719
21833,173.726
21834,173.741
21835,173.742
21836,173.744
21837,173.746
21838,173.750
21839,173.752
21840,173.753
21841,173.755
21842,173.756
21843,173.758
21844,173.760
21845,173.761
21846,173.763
21847,173.767
21848,173.770
21849,173.778
21850,173.779
21851,173.782
21852,173.786
21853,173.790
21854,173.798
21855,173.800
21856,173.802
21857,173.804
21858,173.811
21859,173.814
21860,173.821
21861,173.822
21862,173.824
21863,173.827
21864,173.835
21865,173.837
21866,173.851
21867,173.864
21868,173.919
21869,173.932
21870,173.989
21871,174.006
21872,174.011
21873,174.014
21874,174.021
21875,174.034
21876,174.044
21877,174.047
21878,174.056
21879,174.066
21880,174.068
21881,174.116
21882,174.125
21883,174.171
21884,174.173
21885,174.175
21886,174.219
21887,174.221
21888,174.222
21889,174.224
21890,174.233
21891,174.237
21892,174.244
21893,174.255
21894,174.256
21895,174.257
21896,174.259
21897,174.264
21898,174.279
21899,174.290
21900,174.292
21901,174.297
21902,174.308
21903,174.313
21904,174.323
21905,174.329
21906,174.339
21907,174.344
21908,174.354
21909,174.356
21910,174.366
21911,174.377
21912,174.384
21913,174.393
21914,174.396
21915,174.398
21916,174.403
21917,174.404
21918,174.405
21919,174.408
21920,174.414
21921,174.473
21922,174.538
21923,174.547
21924,174.588
21925,174.593
21926,174.640
21927,174.641
21928,174.643
21929,174.689
21930,174.694
21931,174.697
21932,174.699
21933,174.701
21934,174.703
21935,174.704
21936,174.706
21937,174.709
21938,174.714
21939,174.743
21940,174.748
21941,174.778
21942,174.784
21943,174.811
21944,174.817
21945,174.820
21946,174.827
21947,174.828
21948,174.830
21949,174.832
21950,174.897
21951,174.911
21952,174.913
21953,174.915
21954,174.917
21955,174.919
21956,174.921
21957,174.923
21958,174.925
21959,174.927
21960,174.930
21961,174.932
21962,174.934
21963,174.936
21964,174.939
21965,174.941
21966,175.004
21967,175.064
21968,175.076
21969,175.128
21970,175.141
21971,175.191
21972,175.204
21973,175.250
21974,175.262
21975,175.308
21976,175.321
21977,175.387
21978,175.402
21979,175.469
21980,175.484
21981,175.545
21982,175.560
21983,175.566
21984,175.568
21985,175.569
21986,175.571
21987,175.572
21988,175.634
21989,175.649
21990,175.730
21991,175.743
21992,175.830
21993,175.890
21994,175.901
21995,175.903
21996,175.904
21997,175.909
21998,175.920
21999,175.921
22000,175.926
22001,175.936
22002,175.985
22003,175.995
22004,176.040
22005,176.051
22006,176.052
22007,176.054
22008,176.055
22009,176.060
22010,176.070
22011,176.071
22012,176.073
22013,176.121
22014,176.132
22015,176.179
22016,176.190
22017,176.195
22018,176.205
22019,176.207
22020,176.211
22021,176.221
22022,176.267
22023,176.277
22024,176.323
22025,176.333
22026,176.335
22027,176.336
22028,176.338
22029,176.343
22030,176.353
22031,176.354
22032,176.355
22033,176.404
22034,176.415
22035,176.460
22036,176.471
22037,176.476
22038,176.478
22039,176.479
22040,176.480
22041,176.482
22042,176.483
22043,176.488
22044,176.498
22045,176.554
22046,176.567
22047,176.615
22048,176.626
22049,176.690
22050,176.747
22051,176.758
22052,176.760
22053,176.819
22054,176.830
22055,176.832
22056,176.834
22057,176.835
22058,176.896
22059,176.908
22060,176.910
22061,176.960
22062,176.962
22063,176.964
22064,177.013
22065,177.015
22066,177.016
22067,177.072
22068,177.084
22069,177.086
22070,177.088
22071,177.142
22072,177.159
22073,177.161
22074,177.229
22075,177.246
22076,177.311
22077,177.325
22078,177.385
22079,177.399
22080,177.461
22081,177.475
22082,177.534
22083,177.547
22084,177.609
22085,177.625
22086,177.683
22087,177.695
22088,177.747
22089,177.758
22090,177.805
22091,177.815
22092,177.821
22093,177.831
22094,177.833
22095,177.838
22096,177.894
22097,177.904
22098,177.964
22099,178.027
22100,178.038
22101,178.040
22102,178.101
22103,178.113
22104,178.163
22105,178.173
22106,178.175
22107,178.221
22108,178.277
22109,178.289
22110,178.290
22111,178.292
22112,178.299
22113,178.311
22114,178.312
22115,178.314
22116,178.315
22117,178.320
22118,178.331
22119,178.336
22120,178.347
22121,178.353
22122,178.364
22123,178.367
22124,178.373
22125,178.384
22126,178.386
22127,178.391
22128,178.401
22129,178.406
22130,178.416
22131,178.418
22132,178.419
22133,178.424
22134,178.434
22135,178.439
22136,178.451
22137,178.452
22138,178.458
22139,178.469
22140,178.475
22141,178.485
22142,178.491
22143,178.502
22144,178.507
22145,178.518
22146,178.519
22147,178.585
22148,178.599
22149,178.601
22150,178.603
22151,178.604
22152,178.606
22153,178.608
22154,178.609
22155,178.611
22156,178.613
22157,178.614
22158,178.616
22159,178.618
22160,178.620
22161,178.622
22162,178.624
22163,178.692
22164,178.753
22165,178.764
22166,178.814
22167,178.824
22168,178.873
22169,178.885
22170,178.933
22171,178.943
22172,178.994
22173,179.010
22174,179.077
22175,179.093
22176,179.160
22177,179.176
22178,179.239
22179,179.254
22180,179.261
22181,179.263
22182,179.264
22183,179.266
22184,179.267
22185,179.331
22186,179.346
22187,179.429
22188,179.443
22189,179.532
22190,179.591
22191,179.602
22192,179.604
22193,179.605
22194,179.610
22195,179.620
22196,179.622
22197,179.623
22198,179.628
22199,179.639
22200,179.685
22201,179.696
22202,179.744
22203,179.754
22204,179.802
22205,179.813
22206,179.815
22207,179.863
22208,179.874
22209,179.922
22210,179.933
22211,179.938
22212,179.949
22213,179.950
22214,179.955
22215,179.965
22216,180.013
22217,180.024
22218,180.070
22219,180.081
22220,180.083
22221,180.084
22222,180.089
22223,180.099
22224,180.100
22225,180.102
22226,180.151
22227,180.162
22228,180.209
22229,180.220
22230,180.225
22231,180.227
22232,180.228
22233,180.230
22234,180.231
22235,180.232
22236,180.238
22237,180.248
22238,180.307
22239,180.321
22240,180.370
22241,180.381
22242,180.450
22243,180.505
22244,180.516
22245,180.517
22246,180.576
22247,180.587
22248,180.588
22249,180.590
22250,180.592
22251,180.649
22252,180.661
22253,180.662
22254,180.713
22255,180.715
22256,180.716
22257,180.765
22258,180.767
22259,180.768
22260,180.824
22261,180.840
22262,180.842
22263,180.845
22264,180.924
22265,180.941
22266,180.943
22267,181.010
22268,181.025
22269,181.087
22270,181.101
22271,181.162
22272,181.176
22273,181.238
22274,181.253
22275,181.315
22276,181.330
22277,181.389
22278,181.400
22279,181.449
22280,181.459
22281,181.506
22282,181.516
22283,181.562
22284,181.572
22285,181.637
22286,181.651
22287,181.652
22288,181.654
22289,181.655
22290,181.657
22291,181.659
22292,181.660
22293,181.662
22294,181.664
22295,181.666
22296,181.667
22297,181.669
22298,181.671
22299,181.673
22300,181.674
22301,181.740
22302,181.798
22303,181.808
22304,181.856
22305,181.867
22306,181.868
22307,181.873
22308,181.883
22309,181.888
22310,181.898
22311,181.899
22312,181.966
22313,181.977
22314,181.979
22315,182.027
22316,182.038
22317,182.085
22318,182.095
22319,182.097
22320,182.098
22321,182.146
22322,182.159
22323,182.160
22324,182.209
22325,182.220
22326,182.221
22327,182.226
22328,182.236
22329,182.242
22330,182.252
22331,182.253
22332,182.323
22333,182.335
22334,182.337
22335,182.387
22336,182.398
22337,182.448
22338,182.459
22339,182.461
22340,182.462
22341,182.511
22342,182.522
22343,182.524
22344,182.570
22345,182.581
22346,182.582
22347,182.587
22348,182.598
22349,182.602
22350,182.612
22351,182.613
22352,182.684
22353,182.701
22354,182.703
22355,182.767
22356,182.783
22357,182.849
22358,182.864
22359,182.866
22360,182.927
22361,182.942
22362,183.004
22363,183.017
22364,183.076
22365,183.090
22366,183.096
22367,183.109
22368,183.111
22369,183.116
22370,183.132
22371,183.139
22372,183.155
22373,183.156
22374,183.232
22375,183.245
22376,183.247
22377,183.295
22378,183.305
22379,183.351
22380,183.362
22381,183.363
22382,183.411
22383,183.421
22384,183.470
22385,183.482
22386,183.487
22387,183.499
22388,183.500
22389,183.506
22390,183.516
22391,183.521
22392,183.532
22393,183.534
22394,183.539
22395,183.549
22396,183.551
22397,183.604
22398,183.616
22399,183.617
22400,183.686
22401,183.698
22402,183.700
22403,183.701
22404,183.748
22405,183.758
22406,183.760
22407,183.765
22408,183.775
22409,183.776
22410,183.825
22411,183.836
22412,183.838
22413,183.908
22414,183.920
22415,183.922
22416,183.924
22417,183.977
22418,183.989
22419,184.043
22420,184.055
22421,184.056
22422,184.113
22423,184.126
22424,184.173
22425,184.184
22426,184.190
22427,184.200
22428,184.202
22429,184.207
22430,184.217
22431,184.222
22432,184.232
22433,184.234
22434,184.239
22435,184.249
22436,184.251
22437,184.301
22438,184.313
22439,184.314
22440,184.384
22441,184.396
22442,184.398
22443,184.400
22444,184.447
22445,184.459
22446,184.460
22447,184.465
22448,184.476
22449,184.477
22450,184.531
22451,184.546
22452,184.548
22453,184.644
22454,184.661
22455,184.663
22456,184.665
22457,184.730
22458,184.745
22459,184.810
22460,184.824
22461,184.826
22462,184.887
22463,184.901
22464,184.961
22465,184.976
22466,184.978
22467,184.985
22468,185.000
22469,185.008
22470,185.024
22471,185.026
22472,185.103
22473,185.118
22474,185.120
22475,185.169
22476,185.180
22477,185.229
22478,185.240
22479,185.242
22480,185.290
22481,185.301
22482,185.346
22483,185.357
22484,185.406
22485,185.416
22486,185.465
22487,185.476
22488,185.544
22489,185.557
22490,185.559
22491,185.561
22492,185.562
22493,185.564
22494,185.566
22495,185.567
22496,185.569
22497,185.571
22498,185.573
22499,185.574
22500,185.576
22501,185.578
22502,185.580
22503,185.582
22504,185.649
22505,185.708
22506,185.719
22507,185.772
22508,185.783
22509,185.840
22510,185.853
22511,185.905
22512,185.916
22513,185.969
22514,185.981
22515,186.029
22516,186.039
22517,186.091
22518,186.103
22519,186.151
22520,186.162
22521,186.168
22522,186.170
22523,186.171
22524,186.172
22525,186.174
22526,186.224
22527,186.236
22528,186.304
22529,186.315
22530,186.388
22531,186.457
22532,186.473
22533,186.474
22534,186.476
22535,186.483
22536,186.497
22537,186.499
22538,186.506
22539,186.521
22540,186.586
22541,186.600
22542,186.665
22543,186.680
22544,186.746
22545,186.761
22546,186.768
22547,186.781
22548,186.783
22549,186.784
22550,186.791
22551,186.804
22552,186.865
22553,186.879
22554,186.951
22555,186.964
22556,186.965
22557,187.019
22558,187.030
22559,187.079
22560,187.140
22561,187.152
22562,187.199
22563,187.210
22564,187.215
22565,187.217
22566,187.218
22567,187.220
22568,187.221
22569,187.223
22570,187.228
22571,187.238
22572,187.296
22573,187.309
22574,187.358
22575,187.370
22576,187.436
22577,187.490
22578,187.500
22579,187.502
22580,187.559
22581,187.570
22582,187.571
22583,187.573
22584,187.574
22585,187.631
22586,187.643
22587,187.645
22588,187.697
22589,187.699
22590,187.700
22591,187.751
22592,187.754
22593,187.755
22594,187.814
22595,187.825
22596,187.827
22597,187.829
22598,187.887
22599,187.899
22600,187.900
22601,187.950
22602,187.960
22603,188.008
22604,188.019
22605,188.066
22606,188.076
22607,188.126
22608,188.136
22609,188.181
22610,188.192
22611,188.239
22612,188.250
22613,188.307
22614,188.323
22615,188.393
22616,188.408
22617,188.470
22618,188.485
22619,188.505
22620,188.507
22621,188.508
22622,188.510
22623,188.512
22624,188.514
22625,188.516
22626,188.518
22627,188.531
22628,188.608
22629,188.678
22630,188.695
22631,188.696
22632,188.698
22633,188.700
22634,188.708
22635,188.728
22636,188.743
22637,188.751
22638,188.770
22639,188.772
22640,188.781
22641,188.795
22642,188.802
22643,188.813
22644,188.821
22645,188.833
22646,188.834
22647,188.836
22648,188.841
22649,188.852
22650,188.853
22651,188.855
22652,188.860
22653,188.870
22654,188.871
22655,188.873
22656,188.879
22657,188.890
22658,188.897
22659,188.908
22660,188.910
22661,188.911
22662,188.916
22663,188.926
22664,188.975
22665,189.035
22666,189.094
22667,189.106
22668,189.107
22669,189.109
22670,189.112
22671,189.119
22672,189.121
22673,189.124
22674,189.172
22675,189.178
22676,189.245
22677,189.251
22678,189.294
22679,189.298
22680,189.299
22681,189.301
22682,189.303
22683,189.309
22684,189.463
22685,189.467
22686,189.469
22687,189.470
22688,189.471
22689,189.472
22690,189.474
22691,189.561
22692,189.649
22693,189.696
22694,189.701
22695,189.704
22696,189.709
22697,189.711
22698,189.714
22699,189.780
22700,189.786
22701,189.832
22702,189.844
22703,189.850
22704,189.851
22705,189.853
22706,189.897
22707,189.907
22708,189.953
22709,189.960
22710,189.962
22711,189.965
22712,189.979
22713,189.989
22714,189.991
22715,190.002
22716,190.013
22717,190.014
22718,190.023
22719,190.031
22720,190.035
22721,190.098
22722,190.117
22723,190.183
22724,190.186
22725,190.188
22726,190.245
22727,190.260
22728,190.321
22729,190.323
22730,190.324
22731,190.399
22732,190.472
22733,190.491
22734,190.493
22735,190.495
22736,190.497
22737,190.506
22738,190.529
22739,190.546
22740,190.553
22741,190.573
22742,190.585
22743,190.587
22744,190.593
22745,190.607
22746,190.613
22747,190.626
22748,190.633
22749,190.646
22750,190.648
22751,190.654
22752,190.664
22753,190.666
22754,190.667
22755,190.673
22756,190.684
22757,190.685
22758,190.686
22759,190.688
22760,190.693
22761,190.703
22762,190.705
22763,190.706
22764,190.707
22765,190.713
22766,190.728
22767,190.742
22768,190.752
22769,190.757
22770,190.767
22771,190.769
22772,190.770
22773,190.777
22774,190.789
22775,190.790
22776,190.797
22777,190.808
22778,190.809
22779,190.813
22780,190.819
22781,190.823
22782,190.828
22783,190.829
22784,190.832
22785,190.837
22786,190.884
22787,190.891
22788,190.892
22789,190.937
22790,190.940
22791,190.996
22792,191.001
22793,191.048
22794,191.052
22795,191.053
22796,191.056
22797,191.062
22798,191.107
22799,191.113
22800,191.158
22801,191.162
22802,191.190
22803,191.196
22804,191.198
22805,191.202
22806,191.203
22807,191.263
22808,191.267
22809,191.269
22810,191.317
22811,191.321
22812,191.322
22813,191.326
22814,191.332
22815,191.335
22816,191.341
22817,191.344
22818,191.347
22819,191.349
22820,191.350
22821,191.352
22822,191.353
22823,191.357
22824,191.360
22825,191.362
22826,191.365
22827,191.366
22828,191.368
22829,191.371
22830,191.373
22831,191.376
22832,191.378
22833,191.382
22834,191.383
22835,191.384
22836,191.386
22837,191.389
22838,191.395
22839,191.553
22840,191.562
22841,191.564
22842,191.566
22843,191.567
22844,191.569
22845,191.570
22846,191.572
22847,191.574
22848,191.575
22849,191.662
22850,191.745
22851,191.791
22852,191.794
22853,191.836
22854,191.843
22855,191.850
22856,191.911
22857,191.916
22858,191.978
22859,191.985
22860,191.987
22861,191.991
22862,191.993
22863,191.996
22864,192.002
22865,192.005
22866,192.012
22867,192.014
22868,192.018
22869,192.033
22870,192.048
22871,192.054
22872,192.056
22873,192.057
22874,192.111
22875,192.124
22876,192.185
22877,192.196
22878,192.198
22879,192.200
22880,192.201
22881,192.203
22882,192.207
22883,192.219
22884,192.227
22885,192.232
22886,192.300
22887,192.366
22888,192.376
22889,192.378
22890,192.391
22891,192.402
22892,192.403
22893,192.412
22894,192.422
22895,192.423
22896,192.468
22897,192.478
22898,192.524
22899,192.525
22900,192.526
22901,192.571
22902,192.572
22903,192.574
22904,192.575
22905,192.577
22906,192.578
22907,192.580
22908,192.581
22909,192.584
22910,192.593
22911,192.601
22912,192.611
22913,192.612
22914,192.614
22915,192.624
22916,192.634
22917,192.635
22918,192.638
22919,192.653
22920,192.655
22921,192.656
22922,192.657
22923,192.658
22924,192.666
22925,192.667
22926,192.669
22927,192.670
22928,192.684
22929,192.685
22930,192.686
22931,192.687
22932,192.689
22933,192.690
22934,192.701
22935,192.703
22936,192.704
22937,192.746
22938,192.800
22939,192.802
22940,192.803
22941,192.813
22942,192.816
22943,192.827
22944,192.836
22945,192.838
22946,192.840
22947,192.843
22948,192.847
22949,192.857
22950,192.869
22951,192.874
22952,192.886
22953,192.893
22954,192.903
22955,192.911
22956,192.912
22957,192.913
22958,192.915
22959,192.921
22960,192.938
22961,192.948
22962,192.954
22963,192.965
22964,193.034
22965,193.048
22966,193.049
22967,193.051
22968,193.053
22969,193.055
22970,193.056
22971,193.058
22972,193.060
22973,193.061
22974,193.063
22975,193.065
22976,193.067
22977,193.069
22978,193.071
22979,193.074
22980,193.142
22981,193.201
22982,193.212
22983,193.283
22984,193.294
22985,193.343
22986,193.353
22987,193.404
22988,193.416
22989,193.463
22990,193.473
22991,193.520
22992,193.535
22993,193.600
22994,193.616
22995,193.684
22996,193.698
22997,193.762
22998,193.775
22999,193.782
23000,193.783
23001,193.785
23002,193.787
23003,193.789
23004,193.852
23005,193.866
23006,193.952
23007,193.967
23008,194.058
23009,194.116
23010,194.127
23011,194.128
23012,194.130
23013,194.135
23014,194.145
23015,194.146
23016,194.148
23017,194.152
23018,194.163
23019,194.211
23020,194.221
23021,194.269
23022,194.280
23023,194.327
23024,194.329
23025,194.330
23026,194.331
23027,194.380
23028,194.391
23029,194.441
23030,194.451
23031,194.456
23032,194.466
23033,194.468
23034,194.473
23035,194.483
23036,194.531
23037,194.542
23038,194.588
23039,194.598
23040,194.600
23041,194.601
23042,194.603
23043,194.607
23044,194.617
23045,194.618
23046,194.620
23047,194.669
23048,194.681
23049,194.727
23050,194.737
23051,194.743
23052,194.744
23053,194.746
23054,194.747
23055,194.749
23056,194.750
23057,194.755
23058,194.765
23059,194.825
23060,194.838
23061,194.887
23062,194.898
23063,194.965
23064,195.022
23065,195.033
23066,195.035
23067,195.094
23068,195.105
23069,195.106
23070,195.108
23071,195.110
23072,195.165
23073,195.177
23074,195.179
23075,195.229
23076,195.231
23077,195.232
23078,195.283
23079,195.285
23080,195.286
23081,195.341
23082,195.357
23083,195.359
23084,195.362
23085,195.441
23086,195.458
23087,195.460
23088,195.527
23089,195.545
23090,195.606
23091,195.620
23092,195.683
23093,195.697
23094,195.759
23095,195.774
23096,195.839
23097,195.855
23098,195.909
23099,195.920
23100,195.968
23101,195.980
23102,196.028
23103,196.038
23104,196.086
23105,196.097
23106,196.104
23107,196.116
23108,196.118
23109,196.119
23110,196.121
23111,196.126
23112,196.136
23113,196.142
23114,196.154
23115,196.160
23116,196.171
23117,196.176
23118,196.187
23119,196.193
23120,196.204
23121,196.206
23122,196.211
23123,196.221
23124,196.222
23125,196.224
23126,196.229
23127,196.240
23128,196.241
23129,196.243
23130,196.244
23131,196.245
23132,196.279
23133,196.351
23134,196.412
23135,196.414
23136,196.416
23137,196.417
23138,196.450
23139,196.491
23140,196.501
23141,196.507
23142,196.517
23143,196.522
23144,196.532
23145,196.540
23146,196.541
23147,196.542
23148,196.543
23149,196.549
23150,196.560
23151,196.565
23152,196.576
23153,196.622
23154,196.632
23155,196.677
23156,196.689
23157,196.738
23158,196.786
23159,196.806
23160,196.813
23161,196.822
23162,196.832
23163,196.838
23164,196.840
23165,196.854
23166,196.866
23167,196.873
23168,196.889
23169,196.905
23170,196.917
23171,196.918
23172,196.920
23173,196.930
23174,196.941
23175,196.945
23176,196.954
23177,196.961
23178,196.963
23179,196.964
23180,196.965
23181,196.967
23182,196.974
23183,196.975
23184,196.977
23185,196.978
23186,196.980
23187,196.989
23188,196.991
23189,196.993
23190,196.997
23191,197.004
23192,197.013
23193,197.016
23194,197.025
23195,197.034
23196,197.036
23197,197.049
23198,197.050
23199,197.051
23200,197.052
23201,197.062
23202,197.071
23203,197.085
23204,197.089
23205,197.100
23206,197.116
23207,197.121
23208,197.162
23209,197.216
23210,197.217
23211,197.219
23212,197.221
23213,197.222
23214,197.232
23215,197.233
23216,197.235
23217,197.236
23218,197.246
23219,197.260
23220,197.269
23221,197.295
23222,197.320
23223,197.322
23224,197.324
23225,197.325
23226,197.347
23227,197.349
23228,197.351
23229,197.352
23230,197.354
23231,197.356
23232,197.418
23233,197.422
23234,197.423
23235,197.489
23236,197.491
23237,197.493
23238,197.494
23239,197.502
23240,197.518
23241,197.593
23242,197.655
23243,197.665
23244,197.668
23245,197.673
23246,197.684
23247,197.698
23248,197.700
23249,197.702
23250,197.704
23251,197.713
23252,197.724
23253,197.726
23254,197.729
23255,197.730
23256,197.743
23257,197.755
23258,197.764
23259,197.774
23260,197.777
23261,197.811
23262,197.843
23263,197.847
23264,197.854
23265,197.864
23266,197.871
23267,197.881
23268,197.894
23269,197.914
23270,197.922
23271,197.937
23272,197.948
23273,197.953
23274,197.963
23275,197.965
23276,197.973
23277,197.985
23278,197.987
23279,197.988
23280,197.990
23281,197.991
23282,197.993
23283,198.041
23284,198.045
23285,198.092
23286,198.096
23287,198.145
23288,198.193
23289,198.194
23290,198.196
23291,198.197
23292,198.199
23293,198.200
23294,198.250
23295,198.252
23296,198.253
23297,198.304
23298,198.309
23299,198.358
23300,198.364
23301,198.365
23302,198.367
23303,198.370
23304,198.376
23305,198.434
23306,198.440
23307,198.491
23308,198.495
23309,198.497
23310,198.544
23311,198.549
23312,198.550
23313,198.598
23314,198.602
23315,198.604
23316,198.616
23317,198.626
23318,198.632
23319,198.635
23320,198.644
23321,198.646
23322,198.647
23323,198.651
23324,198.653
23325,198.654
23326,198.656
23327,198.658
23328,198.711
23329,198.713
23330,198.715
23331,198.766
23332,198.768
23333,198.769
23334,198.770
23335,198.800
23336,198.806
23337,198.807
23338,198.871
23339,198.876
23340,198.878
23341,198.940
23342,198.956
23343,198.968
23344,198.984
23345,198.995
23346,198.999
23347,199.017
23348,199.019
23349,199.021
23350,199.024
23351,199.027
23352,199.029
23353,199.030
23354,199.033
23355,199.106
23356,199.108
23357,199.110
23358,199.176
23359,199.179
23360,199.180
23361,199.182
23362,199.220
23363,199.226
23364,199.228
23365,199.315
23366,199.324
23367,199.327
23368,199.389
23369,199.408
23370,199.430
23371,199.444
23372,199.446
23373,199.447
23374,199.449
23375,199.455
23376,199.467
23377,199.473
23378,199.485
23379,199.487
23380,199.493
23381,199.504
23382,199.510
23383,199.521
23384,199.527
23385,199.538
23386,199.544
23387,199.555
23388,199.557
23389,199.628
23390,199.643
23391,199.645
23392,199.646
23393,199.648
23394,199.650
23395,199.651
23396,199.653
23397,199.655
23398,199.657
23399,199.658
23400,199.660
23401,199.662
23402,199.664
23403,199.666
23404,199.668
23405,199.740
23406,199.804
23407,199.815
23408,199.869
23409,199.880
23410,199.934
23411,199.945
23412,199.997
23413,200.008
23414,200.061
23415,200.072
23416,200.121
23417,200.131
23418,200.187
23419,200.198
23420,200.249
23421,200.260
23422,200.265
23423,200.267
23424,200.268
23425,200.270
23426,200.271
23427,200.322
23428,200.334
23429,200.408
23430,200.419
23431,200.491
23432,200.550
23433,200.561
23434,200.563
23435,200.564
23436,200.570
23437,200.580
23438,200.581
23439,200.587
23440,200.597
23441,200.648
23442,200.659
23443,200.709
23444,200.720
23445,200.721
23446,200.723
23447,200.728
23448,200.738
23449,200.739
23450,200.740
23451,200.797
23452,200.814
23453,200.883
23454,200.900
23455,200.907
23456,200.922
23457,200.924
23458,200.925
23459,200.931
23460,200.945
23461,201.011
23462,201.025
23463,201.090
23464,201.106
23465,201.169
23466,201.184
23467,201.185
23468,201.255
23469,201.273
23470,201.333
23471,201.344
23472,201.350
23473,201.352
23474,201.353
23475,201.355
23476,201.356
23477,201.357
23478,201.363
23479,201.373
23480,201.434
23481,201.446
23482,201.496
23483,201.506
23484,201.577
23485,201.636
23486,201.647
23487,201.649
23488,201.710
23489,201.721
23490,201.723
23491,201.725
23492,201.726
23493,201.785
23494,201.797
23495,201.799
23496,201.851
23497,201.853
23498,201.855
23499,201.907
23500,201.909
23501,201.910
23502,201.969
23503,201.980
23504,201.982
23505,201.984
23506,202.044
23507,202.056
23508,202.058
23509,202.112
23510,202.123
23511,202.173
23512,202.184
23513,202.235
23514,202.246
23515,202.297
23516,202.309
23517,202.360
23518,202.370
23519,202.422
23520,202.433
23521,202.482
23522,202.493
23523,202.542
23524,202.552
23525,202.599
23526,202.609
23527,202.623
23528,202.625
23529,202.626
23530,202.628
23531,202.630
23532,202.632
23533,202.634
23534,202.636
23535,202.717
23536,202.799
23537,202.815
23538,202.817
23539,202.819
23540,202.821
23541,202.828
23542,202.851
23543,202.865
23544,202.872
23545,202.887
23546,202.895
23547,202.910
23548,202.918
23549,202.933
23550,202.943
23551,202.958
23552,202.959
23553,202.961
23554,202.969
23555,202.982
23556,202.984
23557,202.986
23558,202.992
23559,203.006
23560,203.007
23561,203.009
23562,203.017
23563,203.033
23564,203.041
23565,203.056
23566,203.058
23567,203.059
23568,203.066
23569,203.079
23570,203.154
23571,203.220
23572,203.282
23573,203.294
23574,203.295
23575,203.297
23576,203.300
23577,203.306
23578,203.308
23579,203.312
23580,203.360
23581,203.365
23582,203.434
23583,203.441
23584,203.486
23585,203.490
23586,203.491
23587,203.493
23588,203.495
23589,203.500
23590,203.662
23591,203.667
23592,203.668
23593,203.669
23594,203.671
23595,203.672
23596,203.673
23597,203.760
23598,203.848
23599,203.896
23600,203.901
23601,203.903
23602,203.909
23603,203.910
23604,203.914
23605,203.984
23606,203.990
23607,204.037
23608,204.049
23609,204.054
23610,204.055
23611,204.057
23612,204.102
23613,204.112
23614,204.159
23615,204.167
23616,204.168
23617,204.171
23618,204.185
23619,204.196
23620,204.198
23621,204.210
23622,204.220
23623,204.221
23624,204.230
23625,204.241
23626,204.242
23627,204.292
23628,204.303
23629,204.355
23630,204.356
23631,204.358
23632,204.408
23633,204.424
23634,204.505
23635,204.586
23636,204.605
23637,204.607
23638,204.609
23639,204.611
23640,204.621
23641,204.641
23642,204.654
23643,204.661
23644,204.680
23645,204.697
23646,204.706
23647,204.722
23648,204.730
23649,204.746
23650,204.755
23651,204.771
23652,204.774
23653,204.781
23654,204.794
23655,204.796
23656,204.798
23657,204.805
23658,204.819
23659,204.820
23660,204.822
23661,204.823
23662,204.831
23663,204.844
23664,204.846
23665,204.847
23666,204.849
23667,204.856
23668,204.878
23669,204.900
23670,204.916
23671,204.923
23672,204.934
23673,204.936
23674,204.937
23675,204.945
23676,204.958
23677,204.959
23678,204.967
23679,204.980
23680,204.981
23681,204.985
23682,204.992
23683,204.995
23684,205.000
23685,205.002
23686,205.050
23687,205.057
23688,205.103
23689,205.107
23690,205.169
23691,205.173
23692,205.223
23693,205.227
23694,205.229
23695,205.279
23696,205.285
23697,205.337
23698,205.341
23699,205.372
23700,205.378
23701,205.380
23702,205.384
23703,205.385
23704,205.387
23705,205.391
23706,205.392
23707,205.395
23708,205.400
23709,205.403
23710,205.408
23711,205.411
23712,205.416
23713,205.419
23714,205.422
23715,205.424
23716,205.425
23717,205.426
23718,205.428
23719,205.431
23720,205.434
23721,205.436
23722,205.439
23723,205.440
23724,205.442
23725,205.445
23726,205.446
23727,205.449
23728,205.452
23729,205.455
23730,205.456
23731,205.458
23732,205.461
23733,205.466
23734,205.626
23735,205.633
23736,205.635
23737,205.637
23738,205.638
23739,205.640
23740,205.641
23741,205.643
23742,205.645
23743,205.737
23744,205.829
23745,205.878
23746,205.882
23747,205.884
23748,205.889
23749,205.894
23750,205.942
23751,205.946
23752,205.995
23753,205.999
23754,206.001
23755,206.004
23756,206.006
23757,206.009
23758,206.014
23759,206.025
23760,206.036
23761,206.041
23762,206.042
23763,206.044
23764,206.089
23765,206.099
23766,206.147
23767,206.155
23768,206.157
23769,206.158
23770,206.162
23771,206.171
23772,206.185
23773,206.193
23774,206.195
23775,206.216
23776,206.235
23777,206.237
23778,206.252
23779,206.270
23780,206.272
23781,206.344
23782,206.362
23783,206.429
23784,206.432
23785,206.433
23786,206.496
23787,206.498
23788,206.500
23789,206.502
23790,206.504
23791,206.506
23792,206.507
23793,206.509
23794,206.513
23795,206.530
23796,206.541
23797,206.557
23798,206.559
23799,206.562
23800,206.577
23801,206.593
23802,206.595
23803,206.599
23804,206.624
23805,206.626
23806,206.628
23807,206.629
23808,206.631
23809,206.645
23810,206.647
23811,206.649
23812,206.651
23813,206.676
23814,206.678
23815,206.680
23816,206.681
23817,206.684
23818,206.686
23819,206.700
23820,206.702
23821,206.703
23822,206.755
23823,206.815
23824,206.817
23825,206.818
23826,206.829
23827,206.832
23828,206.845
23829,206.856
23830,206.857
23831,206.859
23832,206.863
23833,206.866
23834,206.879
23835,206.890
23836,206.896
23837,206.908
23838,206.914
23839,206.926
23840,206.934
23841,206.935
23842,206.936
23843,206.938
23844,206.944
23845,206.958
23846,206.969
23847,206.975
23848,206.987
23849,206.993
23850,207.003
23851,207.008
23852,207.019
23853,207.024
23854,207.035
23855,207.042
23856,207.044
23857,207.045
23858,207.046
23859,207.052
23860,207.063
23861,207.069
23862,207.080
23863,207.155
23864,207.168
23865,207.170
23866,207.171
23867,207.173
23868,207.175
23869,207.176
23870,207.179
23871,207.181
23872,207.183
23873,207.184
23874,207.186
23875,207.188
23876,207.190
23877,207.192
23878,207.194
23879,207.266
23880,207.329
23881,207.340
23882,207.395
23883,207.406
23884,207.461
23885,207.472
23886,207.525
23887,207.536
23888,207.592
23889,207.604
23890,207.656
23891,207.667
23892,207.720
23893,207.734
23894,207.790
23895,207.801
23896,207.807
23897,207.808
23898,207.810
23899,207.811
23900,207.813
23901,207.866
23902,207.878
23903,207.954
23904,207.966
23905,208.042
23906,208.130
23907,208.147
23908,208.149
23909,208.151
23910,208.159
23911,208.174
23912,208.176
23913,208.178
23914,208.184
23915,208.197
23916,208.265
23917,208.280
23918,208.350
23919,208.366
23920,208.465
23921,208.466
23922,208.466
23923,208.528
23924,208.546
23925,208.608
23926,208.620
23927,208.626
23928,208.638
23929,208.640
23930,208.645
23931,208.656
23932,208.711
23933,208.722
23934,208.773
23935,208.784
23936,208.785
23937,208.787
23938,208.792
23939,208.803
23940,208.805
23941,208.806
23942,208.860
23943,208.872
23944,208.926
23945,208.937
23946,208.943
23947,208.944
23948,208.946
23949,208.947
23950,208.949
23951,208.950
23952,208.955
23953,208.966
23954,209.029
23955,209.041
23956,209.096
23957,209.107
23958,209.182
23959,209.241
23960,209.253
23961,209.254
23962,209.319
23963,209.332
23964,209.334
23965,209.336
23966,209.337
23967,209.404
23968,209.417
23969,209.419
23970,209.476
23971,209.478
23972,209.480
23973,209.535
23974,209.537
23975,209.539
23976,209.601
23977,209.613
23978,209.615
23979,209.617
23980,209.682
23981,209.694
23982,209.696
23983,209.749
23984,209.761
23985,209.812
23986,209.822
23987,209.873
23988,209.883
23989,209.934
23990,209.945
23991,210.017
23992,210.034
23993,210.110
23994,210.124
23995,210.196
23996,210.211
23997,210.277
23998,210.293
23999,210.359
24000,210.374
24001,210.395
24002,210.396
24003,210.398
24004,210.400
24005,210.401
24006,210.403
24007,210.405
24008,210.406
24009,210.491
24010,210.558
24011,210.571
24012,210.573
24013,210.574
24014,210.575
24015,210.581
24016,210.597
24017,210.608
24018,210.614
24019,210.624
24020,210.630
24021,210.641
24022,210.646
24023,210.657
24024,210.665
24025,210.676
24026,210.677
24027,210.679
24028,210.684
24029,210.693
24030,210.695
24031,210.696
24032,210.701
24033,210.711
24034,210.712
24035,210.713
24036,210.719
24037,210.729
24038,210.730
24039,210.736
24040,210.746
24041,210.748
24042,210.751
24043,210.757
24044,210.760
24045,210.764
24046,210.765
24047,210.812
24048,210.817
24049,210.889
24050,210.895
24051,210.940
24052,210.944
24053,210.946
24054,210.947
24055,210.993
24056,210.998
24057,211.047
24058,211.052
24059,211.083
24060,211.088
24061,211.090
24062,211.094
24063,211.095
24064,211.097
24065,211.102
24066,211.258
24067,211.262
24068,211.263
24069,211.265
24070,211.266
24071,211.267
24072,211.268
24073,211.356
24074,211.446
24075,211.494
24076,211.497
24077,211.500
24078,211.505
24079,211.507
24080,211.510
24081,211.579
24082,211.585
24083,211.630
24084,211.641
24085,211.646
24086,211.647
24087,211.649
24088,211.693
24089,211.702
24090,211.752
24091,211.765
24092,211.766
24093,211.771
24094,211.791
24095,211.808
24096,211.810
24097,211.829
24098,211.847
24099,211.849
24100,211.862
24101,211.878
24102,211.880
24103,211.944
24104,211.961
24105,212.028
24106,212.031
24107,212.033
24108,212.094
24109,212.110
24110,212.117
24111,212.121
24112,212.136
24113,212.141
24114,212.212
24115,212.216
24116,212.279
24117,212.334
24118,212.339
24119,212.340
24120,212.390
24121,212.398
24122,212.400
24123,212.402
24124,212.436
24125,212.441
24126,212.471
24127,212.476
24128,212.479
24129,212.484
24130,212.485
24131,212.553
24132,212.559
24133,212.561
24134,212.610
24135,212.612
24136,212.614
24137,212.615
24138,212.666
24139,212.672
24140,212.673
24141,212.731
24142,212.738
24143,212.790
24144,212.796
24145,212.797
24146,212.845
24147,212.851
24148,212.852
24149,212.854
24150,212.856
24151,212.858
24152,212.859
24153,212.861
24154,212.862
24155,212.913
24156,212.919
24157,212.995
24158,213.001
24159,213.050
24160,213.062
24161,213.069
24162,213.080
24163,213.143
24164,213.198
24165,213.209
24166,213.215
24167,213.226
24168,213.233
24169,213.234
24170,213.236
24171,213.237
24172,213.242
24173,213.252
24174,213.254
24175,213.266
24176,213.268
24177,213.269
24178,213.285
24179,213.286
24180,213.287
24181,213.289
24182,213.296
24183,213.297
24184,213.299
24185,213.301
24186,213.303
24187,213.315
24188,213.317
24189,213.319
24190,213.334
24191,213.336
24192,213.337
24193,213.338
24194,213.340
24195,213.341
24196,213.347
24197,213.357
24198,213.363
24199,213.374
24200,213.377
24201,213.387
24202,213.395
24203,213.407
24204,213.409
24205,213.410
24206,213.412
24207,213.417
24208,213.428
24209,213.434
24210,213.446
24211,213.452
24212,213.463
24213,213.470
24214,213.482
24215,213.488
24216,213.499
24217,213.501
24218,213.506
24219,213.516
24220,213.518
24221,213.519
24222,213.525
24223,213.535
24224,213.536
24225,213.538
24226,213.539
24227,213.545
24228,213.634
24229,213.727
24230,213.757
24231,213.771
24232,213.838
24233,213.906
24234,213.935
24235,213.945
24236,213.957
24237,213.974
24238,213.985
24239,213.987
24240,214.010
24241,214.028
24242,214.037
24243,214.064
24244,214.090
24245,214.103
24246,214.104
24247,214.116
24248,214.127
24249,214.132
24250,214.142
24251,214.150
24252,214.151
24253,214.153
24254,214.154
24255,214.165
24256,214.176
24257,214.186
24258,214.188
24259,214.196
24260,214.206
24261,214.208
24262,214.210
24263,214.224
24264,214.226
24265,214.227
24266,214.228
24267,214.230
24268,214.237
24269,214.238
24270,214.239
24271,214.240
24272,214.248
24273,214.259
24274,214.265
24275,214.282
24276,214.299
24277,214.301
24278,214.302
24279,214.303
24280,214.310
24281,214.321
24282,214.322
24283,214.333
24284,214.336
24285,214.388
24286,214.391
24287,214.445
24288,214.447
24289,214.448
24290,214.461
24291,214.466
24292,214.467
24293,214.470
24294,214.476
24295,214.478
24296,214.479
24297,214.515
24298,214.520
24299,214.552
24300,214.557
24301,214.628
24302,214.634
24303,214.637
24304,214.686
24305,214.688
24306,214.689
24307,214.691
24308,214.692
24309,214.703
24310,214.715
24311,214.722
24312,214.723
24313,214.725
24314,214.726
24315,214.729
24316,214.739
24317,214.741
24318,214.747
24319,214.748
24320,214.750
24321,214.751
24322,214.753
24323,214.755
24324,214.768
24325,214.770
24326,214.771
24327,214.773
24328,214.779
24329,214.791
24330,214.845
24331,214.907
24332,214.919
24333,214.921
24334,214.927
24335,214.937
24336,214.951
24337,214.952
24338,214.954
24339,214.956
24340,214.963
24341,214.975
24342,214.977
24343,214.981
24344,214.983
24345,214.997
24346,215.008
24347,215.010
24348,215.012
24349,215.017
24350,215.020
24351,215.027
24352,215.038
24353,215.044
24354,215.056
24355,215.070
24356,215.091
24357,215.093
24358,215.100
24359,215.116
24360,215.127
24361,215.132
24362,215.143
24363,215.150
24364,215.163
24365,215.165
24366,215.167
24367,215.168
24368,215.170
24369,215.183
24370,215.197
24371,215.203
24372,215.213
24373,215.219
24374,215.231
24375,215.246
24376,215.258
24377,215.272
24378,215.282
24379,215.288
24380,215.289
24381,215.311
24382,215.331
24383,215.340
24384,215.367
24385,215.387
24386,215.405
24387,215.421
24388,215.427
24389,215.441
24390,215.450
24391,215.452
24392,215.454
24393,215.455
24394,215.457
24395,215.464
24396,215.478
24397,215.481
24398,215.499
24399,215.509
24400,215.526
24401,215.545
24402,215.546
24403,215.548
24404,215.550
24405,215.551
24406,215.561
24407,215.563
24408,215.565
24409,215.567
24410,215.568
24411,215.585
24412,215.591
24413,215.606
24414,215.620
24415,215.627
24416,215.642
24417,215.645
24418,215.661
24419,215.664
24420,215.667
24421,215.674
24422,215.676
24423,215.679
24424,215.687
24425,215.690
24426,215.692
24427,215.699
24428,215.715
24429,215.734
24430,215.750
24431,215.761
24432,215.773
24433,215.775
24434,215.787
24435,215.789
24436,215.790
24437,215.802
24438,215.813
24439,215.819
24440,215.831
24441,215.839
24442,215.841
24443,215.842
24444,215.844
24445,215.845
24446,215.848
24447,215.860
24448,215.863
24449,215.866
24450,215.872
24451,215.873
24452,215.875
24453,215.876
24454,215.878
24455,215.889
24456,215.900
24457,215.907
24458,215.918
24459,215.933
24460,215.944
24461,215.949
24462,215.960
24463,215.969
24464,215.980
24465,215.982
24466,215.984
24467,215.987
24468,215.989
24469,215.992
24470,216.005
24471,216.007
24472,216.008
24473,216.010
24474,216.017
24475,216.018
24476,216.020
24477,216.021
24478,216.024
24479,216.025
24480,216.027
24481,216.033
24482,216.044
24483,216.056
24484,216.057
24485,216.059
24486,216.061
24487,216.070
24488,216.084
24489,216.086
24490,216.089
24491,216.093
24492,216.146
24493,216.148
24494,216.150
24495,216.152
24496,216.204
24497,216.216
24498,216.232
24499,216.243
24500,216.249
24501,216.260
24502,216.262
24503,216.276
24504,216.279
24505,216.280
24506,216.282
24507,216.284
24508,216.287
24509,216.298
24510,216.300
24511,216.304
24512,216.310
24513,216.312
24514,216.315
24515,216.319
24516,216.326
24517,216.328
24518,216.330
24519,216.333
24520,216.338
24521,216.350
24522,216.361
24523,216.370
24524,216.372
24525,216.374
24526,216.375
24527,216.383
24528,216.385
24529,216.387
24530,216.388
24531,216.397
24532,216.399
24533,216.400
24534,216.402
24535,216.404
24536,216.407
24537,216.418
24538,216.421
24539,216.423
24540,216.434
24541,216.446
24542,216.460
24543,216.474
24544,216.486
24545,216.488
24546,216.490
24547,216.543
24548,216.548
24549,216.605
24550,216.618
24551,216.627
24552,216.639
24553,216.647
24554,216.649
24555,216.666
24556,216.681
24557,216.684
24558,216.686
24559,216.688
24560,216.695
24561,216.711
24562,216.723
24563,216.731
24564,216.743
24565,216.750
24566,216.764
24567,216.771
24568,216.784
24569,216.791
24570,216.805
24571,216.807
24572,216.813
24573,216.824
24574,216.826
24575,216.828
24576,216.835
24577,216.848
24578,216.849
24579,216.851
24580,216.853
24581,216.855
24582,216.911
24583,216.992
24584,217.081
24585,217.084
24586,217.086
24587,217.088
24588,217.169
24589,217.252
24590,217.267
24591,217.272
24592,217.285
24593,217.295
24594,217.296
24595,217.298
24596,217.300
24597,217.301
24598,217.319
24599,217.326
24600,217.328
24601,217.331
24602,217.334
24603,217.335
24604,217.339
24605,217.341
24606,217.343
24607,217.344
24608,217.346
24609,217.348
24610,217.351
24611,217.427
24612,217.430
24613,217.432
24614,217.509
24615,217.517
24616,217.564
24617,217.571
24618,217.574
24619,217.657
24620,217.664
24621,217.666
24622,217.721
24623,217.723
24624,217.724
24625,217.726
24626,217.728
24627,217.782
24628,217.784
24629,217.785
24630,217.845
24631,217.850
24632,217.884
24633,217.889
24634,217.962
24635,217.969
24636,217.971
24637,218.022
24638,218.028
24639,218.030
24640,218.031
24641,218.034
24642,218.036
24643,218.037
24644,218.096
24645,218.177
24646,218.237
24647,218.239
24648,218.240
24649,218.296
24650,218.307
24651,218.319
24652,218.321
24653,218.322
24654,218.375
24655,218.377
24656,218.379
24657,218.433
24658,218.441
24659,218.445
24660,218.451
24661,218.453
24662,218.455
24663,218.456
24664,218.460
24665,218.466
24666,218.545
24667,218.558
24668,218.560
24669,218.614
24670,218.628
24671,218.629
24672,218.631
24673,218.633
24674,218.636
24675,218.642
24676,218.643
24677,218.705
24678,218.714
24679,218.775
24680,218.783
24681,218.785
24682,218.837
24683,218.844
24684,218.846
24685,218.848
24686,218.849
24687,218.851
24688,218.853
24689,218.854
24690,218.893
24691,218.898
24692,218.937
24693,218.942
24694,218.972
24695,218.976
24696,218.977
24697,218.980
24698,218.982
24699,218.985
24700,218.986
24701,218.988
24702,218.990
24703,218.992
24704,218.995
24705,219.000
24706,219.003
24707,219.007
24708,219.009
24709,219.012
24710,219.017
24711,219.022
24712,219.033
24713,219.035
24714,219.037
24715,219.041
24716,219.050
24717,219.055
24718,219.064
24719,219.066
24720,219.068
24721,219.070
24722,219.072
24723,219.075
24724,219.078
24725,219.086
24726,219.090
24727,219.100
24728,219.102
24729,219.104
24730,219.106
24731,219.111
24732,219.113
24733,219.119
24734,219.122
24735,219.129
24736,219.133
24737,219.141
24738,219.151
24739,219.169
24740,219.171
24741,219.173
24742,219.175
24743,219.184
24744,219.206
24745,219.220
24746,219.230
24747,219.246
24748,219.248
24749,219.256
24750,219.274
24751,219.283
24752,219.301
24753,219.311
24754,219.330
24755,219.332
24756,219.334
24757,219.342
24758,219.357
24759,219.359
24760,219.361
24761,219.368
24762,219.384
24763,219.386
24764,219.387
24765,219.389
24766,219.391
24767,219.463
24768,219.570
24769,219.643
24770,219.645
24771,219.647
24772,219.648
24773,219.707
24774,219.773
24775,219.786
24776,219.787
24777,219.789
24778,219.791
24779,219.850
24780,219.933
24781,220.005
24782,220.065
24783,220.067
24784,220.068
24785,220.117
24786,220.128
24787,220.181
24788,220.188
24789,220.190
24790,220.194
24791,220.211
24792,220.222
24793,220.226
24794,220.237
24795,220.239
24796,220.253
24797,220.264
24798,220.266
24799,220.276
24800,220.287
24801,220.289
24802,220.346
24803,220.357
24804,220.416
24805,220.418
24806,220.419
24807,220.474
24808,220.476
24809,220.477
24810,220.479
24811,220.481
24812,220.482
24813,220.484
24814,220.486
24815,220.502
24816,220.513
24817,220.525
24818,220.538
24819,220.545
24820,220.572
24821,220.582
24822,220.595
24823,220.608
24824,220.614
24825,220.630
24826,220.640
24827,220.651
24828,220.653
24829,220.655
24830,220.657
24831,220.661
24832,220.662
24833,220.663
24834,220.665
24835,220.669
24836,220.670
24837,220.671
24838,220.673
24839,220.675
24840,220.676
24841,220.678
24842,220.679
24843,220.681
24844,220.685
24845,220.687
24846,220.690
24847,220.693
24848,220.694
24849,220.696
24850,220.697
24851,220.699
24852,220.700
24853,220.702
24854,220.704
24855,220.707
24856,220.709
24857,220.713
24858,220.714
24859,220.716
24860,220.717
24861,220.718
24862,220.720
24863,220.721
24864,220.725
24865,220.727
24866,220.731
24867,220.732
24868,220.734
24869,220.735
24870,220.737
24871,220.738
24872,220.740
24873,220.744
24874,220.745
24875,220.748
24876,220.751
24877,220.753
24878,220.757
24879,220.758
24880,220.763
24881,220.775
24882,220.776
24883,220.778
24884,220.783
24885,220.803
24886,220.812
24887,220.817
24888,220.818
24889,220.820
24890,220.821
24891,220.824
24892,220.833
24893,220.837
24894,220.839
24895,220.859
24896,220.877
24897,220.903
24898,220.920
24899,220.928
24900,220.943
24901,220.945
24902,220.967
24903,220.985
24904,220.996
24905,221.015
24906,221.039
24907,221.056
24908,221.063
24909,221.078
24910,221.080
24911,221.097
24912,221.113
24913,221.115
24914,221.117
24915,221.126
24916,221.140
24917,221.165
24918,221.180
24919,221.187
24920,221.202
24921,221.204
24922,221.222
24923,221.236
24924,221.238
24925,221.240
24926,221.249
24927,221.251
24928,221.253
24929,221.254
24930,221.256
24931,221.258
24932,221.270
24933,221.272
24934,221.274
24935,221.276
24936,221.281
24937,221.298
24938,221.305
24939,221.323
24940,221.333
24941,221.339
24942,221.352
24943,221.355
24944,221.368
24945,221.391
24946,221.391
24947,221.391
24948,221.391
24949,221.391
24950,221.391
24951,221.443
24952,221.503
24953,221.505
24954,221.507
24955,221.508
24956,221.520
24957,221.524
24958,221.535
24959,221.550
24960,221.550
24961,221.559
24962,221.561
24963,221.562
24964,221.566
24965,221.568
24966,221.569
24967,221.571
24968,221.583
24969,221.594
24970,221.606
24971,221.608
24972,221.610
24973,221.611
24974,221.615
24975,221.616
24976,221.618
24977,221.619
24978,221.630
24979,221.641
24980,221.646
24981,221.656
24982,221.662
24983,221.664
24984,221.666
24985,221.667
24986,221.669
24987,221.675
24988,221.685
24989,221.693
24990,221.695
24991,221.696
24992,221.698
24993,221.700
24994,221.712
24995,221.714
24996,221.716
24997,221.719
24998,221.733
24999,221.744
25000,221.761
25001,221.771
25002,221.776
25003,221.787
25004,221.796
25005,221.807
25006,221.809
25007,221.811
25008,221.815
25009,221.817
25010,221.820
25011,221.833
25012,221.835
25013,221.836
25014,221.838
25015,221.846
25016,221.847
25017,221.848
25018,221.850
25019,221.853
25020,221.854
25021,221.856
25022,221.861
25023,221.872
25024,221.883
25025,221.885
25026,221.886
25027,221.888
25028,221.900
25029,221.901
25030,221.902
25031,221.904
25032,221.906
25033,221.917
25034,221.919
25035,221.921
25036,221.925
25037,221.978
25038,221.980
25039,221.981
25040,221.983
25041,222.036
25042,222.051
25043,222.071
25044,222.082
25045,222.088
25046,222.100
25047,222.101
25048,222.115
25049,222.117
25050,222.119
25051,222.120
25052,222.122
25053,222.125
25054,222.136
25055,222.138
25056,222.141
25057,222.146
25058,222.149
25059,222.161
25060,222.171
25061,222.180
25062,222.181
25063,222.183
25064,222.184
25065,222.192
25066,222.193
25067,222.195
25068,222.197
25069,222.205
25070,222.206
25071,222.208
25072,222.209
25073,222.211
25074,222.213
25075,222.225
25076,222.227
25077,222.229
25078,222.240
25079,222.252
25080,222.269
25081,222.280
25082,222.288
25083,222.290
25084,222.306
25085,222.318
25086,222.324
25087,222.343
25088,222.357
25089,222.369
25090,222.380
25091,222.385
25092,222.395
25093,222.404
25094,222.415
25095,222.427
25096,222.430
25097,222.447
25098,222.458
25099,222.460
25100,222.461
25101,222.463
25102,222.468
25103,222.487
25104,222.503
25105,222.512
25106,222.532
25107,222.540
25108,222.557
25109,222.565
25110,222.583
25111,222.591
25112,222.611
25113,222.613
25114,222.621
25115,222.635
25116,222.637
25117,222.639
25118,222.647
25119,222.662
25120,222.664
25121,222.666
25122,222.668
25123,222.743
25124,222.849
25125,222.942
25126,223.028
25127,223.040
25128,223.048
25129,223.050
25130,223.051
25131,223.052
25132,223.054
25133,223.137
25134,223.150
25135,223.152
25136,223.154
25137,223.155
25138,223.157
25139,223.159
25140,223.161
25141,223.162
25142,223.164
25143,223.166
25144,223.168
25145,223.169
25146,223.171
25147,223.173
25148,223.175
25149,223.233
25150,223.244
25151,223.303
25152,223.313
25153,223.373
25154,223.384
25155,223.441
25156,223.452
25157,223.510
25158,223.521
25159,223.574
25160,223.586
25161,223.643
25162,223.653
25163,223.708
25164,223.718
25165,223.773
25166,223.785
25167,223.842
25168,223.853
25169,223.907
25170,223.917
25171,223.974
25172,223.985
25173,224.040
25174,224.051
25175,224.107
25176,224.118
25177,224.172
25178,224.183
25179,224.241
25180,224.252
25181,224.308
25182,224.319
25183,224.324
25184,224.326
25185,224.328
25186,224.329
25187,224.331
25188,224.332
25189,224.337
25190,224.347
25191,224.421
25192,224.438
25193,224.514
25194,224.532
25195,224.634
25196,224.716
25197,224.733
25198,224.735
25199,224.818
25200,224.835
25201,224.837
25202,224.839
25203,224.841
25204,224.932
25205,224.944
25206,224.946
25207,225.008
25208,225.010
25209,225.011
25210,225.071
25211,225.072
25212,225.074
25213,225.139
25214,225.151
25215,225.154
25216,225.155
25217,225.221
25218,225.233
25219,225.236
25220,225.292
25221,225.303
25222,225.358
25223,225.369
25224,225.374
25225,225.384
25226,225.386
25227,225.442
25228,225.453
25229,225.509
25230,225.520
25231,225.574
25232,225.584
25233,225.639
25234,225.650
25235,225.706
25236,225.716
25237,225.770
25238,225.781
25239,225.836
25240,225.846
25241,225.859
25242,225.871
25243,225.884
25244,225.891
25245,225.893
25246,225.899
25247,225.901
25248,225.902
25249,225.953
25250,225.959
25251,226.010
25252,226.016
25253,226.070
25254,226.074
25255,226.108
25256,226.113
25257,226.115
25258,226.119
25259,226.121
25260,226.122
25261,226.126
25262,226.127
25263,226.180
25264,226.236
25265,226.242
25266,226.298
25267,226.306
25268,226.541
25269,226.546
25270,226.548
25271,226.549
25272,226.676
25273,226.797
25274,226.853
25275,226.859
25276,226.861
25277,226.864
25278,226.871
25279,226.884
25280,226.885
25281,226.887
25282,226.889
25283,226.895
25284,226.909
25285,226.920
25286,226.926
25287,226.939
25288,226.944
25289,226.957
25290,226.963
25291,226.975
25292,226.982
25293,226.993
25294,226.995
25295,226.997
25296,227.002
25297,227.012
25298,227.013
25299,227.015
25300,227.020
25301,227.030
25302,227.031
25303,227.033
25304,227.034
25305,227.093
25306,227.173
25307,227.242
25308,227.306
25309,227.317
25310,227.318
25311,227.404
25312,227.416
25313,227.474
25314,227.487
25315,227.488
25316,227.495
25317,227.507
25318,227.509
25319,227.559
25320,227.569
25321,227.622
25322,227.632
25323,227.636
25324,227.647
25325,227.649
25326,227.663
25327,227.674
25328,227.676
25329,227.686
25330,227.697
25331,227.699
25332,227.755
25333,227.766
25334,227.823
25335,227.825
25336,227.826
25337,227.878
25338,227.880
25339,227.881
25340,227.883
25341,227.885
25342,227.886
25343,227.888
25344,227.890
25345,227.897
25346,227.899
25347,227.900
25348,227.902
25349,227.905
25350,227.915
25351,227.917
25352,227.999
25353,228.065
25354,228.067
25355,228.069
25356,228.071
25357,228.072
25358,228.076
25359,228.095
25360,228.100
25361,228.103
25362,228.105
25363,228.107
25364,228.109
25365,228.110
25366,228.113
25367,228.117
25368,228.119
25369,228.195
25370,228.199
25371,228.201
25372,228.283
25373,228.285
25374,228.286
25375,228.288
25376,228.333
25377,228.334
25378,228.336
25379,228.338
25380,228.341
25381,228.348
25382,228.351
25383,228.358
25384,228.459
25385,228.466
25386,228.468
25387,228.533
25388,228.549
25389,228.567
25390,228.573
25391,228.650
25392,228.652
25393,228.653
25394,228.712
25395,228.723
25396,228.737
25397,228.746
25398,228.748
25399,228.751
25400,228.755
25401,228.761
25402,228.763
25403,228.766
25404,228.772
25405,228.776
25406,228.782
25407,228.784
25408,228.785
25409,228.787
25410,228.789
25411,228.791
25412,228.797
25413,228.800
25414,228.805
25415,228.807
25416,228.808
25417,228.811
25418,228.816
25419,228.819
25420,228.824
25421,228.831
25422,228.843
25423,228.845
25424,228.846
25425,228.848
25426,228.855
25427,228.869
25428,228.880
25429,228.886
25430,228.898
25431,228.904
25432,228.917
25433,228.923
25434,228.936
25435,228.942
25436,228.956
25437,228.957
25438,228.959
25439,228.965
25440,228.976
25441,228.977
25442,228.979
25443,228.984
25444,228.995
25445,228.996
25446,228.998
25447,229.000
25448,229.064
25449,229.146
25450,229.218
25451,229.285
25452,229.296
25453,229.298
25454,229.300
25455,229.306
25456,229.325
25457,229.327
25458,229.328
25459,229.376
25460,229.386
25461,229.440
25462,229.447
25463,229.449
25464,229.452
25465,229.469
25466,229.480
25467,229.484
25468,229.496
25469,229.498
25470,229.512
25471,229.523
25472,229.526
25473,229.536
25474,229.547
25475,229.549
25476,229.606
25477,229.617
25478,229.677
25479,229.679
25480,229.681
25481,229.736
25482,229.738
25483,229.740
25484,229.741
25485,229.743
25486,229.745
25487,229.747
25488,229.748
25489,229.754
25490,229.765
25491,229.770
25492,229.781
25493,229.787
25494,229.800
25495,229.806
25496,229.817
25497,229.824
25498,229.825
25499,229.826
25500,229.828
25501,229.829
25502,229.835
25503,229.846
25504,229.848
25505,229.854
25506,229.874
25507,229.881
25508,229.887
25509,229.936
25510,229.936
25511,229.947
25512,229.963
25513,229.965
25514,229.994
25515,230.009
25516,230.028
25517,230.059
25518,230.070
25519,230.088
25520,230.101
25521,230.119
25522,230.147
25523,230.158
25524,230.166
25525,230.196
25526,230.207
25527,230.230
25528,230.244
25529,230.251
25530,230.280
25531,230.281
25532,230.283
25533,230.285
25534,230.290
25535,230.302
25536,230.308
25537,230.322
25538,230.343
25539,230.350
25540,230.352
25541,230.356
25542,230.361
25543,230.363
25544,230.367
25545,230.375
25546,230.378
25547,230.381
25548,230.385
25549,230.387
25550,230.454
25551,230.517
25552,230.521
25553,230.578
25554,230.579
25555,230.581
25556,230.669
25557,230.682
25558,230.684
25559,230.686
25560,230.688
25561,230.690
25562,230.692
25563,230.694
25564,230.696
25565,230.698
25566,230.700
25567,230.702
25568,230.704
25569,230.706
25570,230.708
25571,230.710
25572,230.771
25573,230.783
25574,230.848
25575,230.860
25576,230.862
25577,230.919
25578,230.930
25579,230.992
25580,231.003
25581,231.065
25582,231.079
25583,231.136
25584,231.148
25585,231.154
25586,231.165
25587,231.166
25588,231.171
25589,231.182
25590,231.241
25591,231.253
25592,231.255
25593,231.257
25594,231.316
25595,231.327
25596,231.329
25597,231.387
25598,231.399
25599,231.457
25600,231.469
25601,231.526
25602,231.537
25603,231.594
25604,231.606
25605,231.665
25606,231.676
25607,231.734
25608,231.746
25609,231.806
25610,231.822
25611,231.906
25612,231.923
25613,232.002
25614,232.017
25615,232.107
25616,232.125
25617,232.200
25618,232.215
25619,232.293
25620,232.310
25621,232.381
25622,232.393
25623,232.452
25624,232.464
25625,232.522
25626,232.533
25627,232.535
25628,232.540
25629,232.550
25630,232.609
25631,232.620
25632,232.621
25633,232.623
25634,232.682
25635,232.694
25636,232.696
25637,232.755
25638,232.767
25639,232.769
25640,232.774
25641,232.784
25642,232.842
25643,232.853
25644,232.855
25645,232.857
25646,232.914
25647,232.925
25648,232.927
25649,232.985
25650,232.996
25651,233.053
25652,233.064
25653,233.147
25654,233.162
25655,233.164
25656,233.166
25657,233.168
25658,233.170
25659,233.172
25660,233.174
25661,233.176
25662,233.178
25663,233.180
25664,233.182
25665,233.184
25666,233.187
25667,233.189
25668,233.192
25669,233.252
25670,233.264
25671,233.326
25672,233.338
25673,233.340
25674,233.399
25675,233.410
25676,233.475
25677,233.484
25678,233.486
25679,233.546
25680,233.558
25681,233.615
25682,233.626
25683,233.632
25684,233.642
25685,233.644
25686,233.649
25687,233.659
25688,233.717
25689,233.727
25690,233.729
25691,233.808
25692,233.823
25693,233.825
25694,233.905
25695,233.918
25696,233.992
25697,234.006
25698,234.079
25699,234.093
25700,234.165
25701,234.178
25702,234.252
25703,234.269
25704,234.330
25705,234.340
25706,234.398
25707,234.409
25708,234.473
25709,234.484
25710,234.539
25711,234.549
25712,234.617
25713,234.629
25714,234.688
25715,234.699
25716,234.757
25717,234.767
25718,234.823
25719,234.833
25720,234.887
25721,234.898
25722,234.953
25723,234.963
25724,234.965
25725,234.970
25726,234.980
25727,235.038
25728,235.048
25729,235.050
25730,235.109
25731,235.119
25732,235.121
25733,235.178
25734,235.188
25735,235.189
25736,235.245
25737,235.255
25738,235.315
25739,235.325
25740,235.326
25741,235.386
25742,235.396
25743,235.451
25744,235.461
25745,235.474
25746,235.475
25747,235.477
25748,235.478
25749,235.493
25750,235.503
25751,235.505
25752,235.508
25753,235.513
25754,235.522
25755,235.524
25756,235.599
25757,235.604
25758,235.673
25759,235.681
25760,235.683
25761,235.687
25762,235.689
25763,235.763
25764,235.771
25765,235.837
25766,235.844
25767,235.916
25768,235.923
25769,236.155
25770,236.161
25771,236.255
25772,236.347
25773,236.404
25774,236.415
25775,236.466
25776,236.482
25777,236.533
25778,236.591
25779,236.602
25780,236.604
25781,236.606
25782,236.612
25783,236.614
25784,236.615
25785,236.695
25786,236.752
25787,236.762
25788,236.769
25789,236.771
25790,236.776
25791,236.785
25792,236.846
25793,236.853
25794,236.855
25795,236.933
25796,237.016
25797,237.072
25798,237.074
25799,237.075
25800,237.161
25801,237.180
25802,237.182
25803,237.184
25804,237.187
25805,237.189
25806,237.191
25807,237.194
25808,237.196
25809,237.199
25810,237.202
25811,237.204
25812,237.207
25813,237.210
25814,237.213
25815,237.216
25816,237.301
25817,237.362
25818,237.364
25819,237.365
25820,237.367
25821,237.421
25822,237.429
25823,237.507
25824,237.510
25825,237.512
25826,237.513
25827,237.520
25828,237.533
25829,237.615
25830,237.630
25831,237.706
25832,237.708
25833,237.710
25834,237.712
25835,237.718
25836,237.730
25837,237.806
25838,237.820
25839,237.896
25840,237.898
25841,237.900
25842,237.902
25843,237.907
25844,237.920
25845,238.002
25846,238.014
25847,238.076
25848,238.088
25849,238.090
25850,238.152
25851,238.162
25852,238.233
25853,238.243
25854,238.298
25855,238.300
25856,238.302
25857,238.304
25858,238.305
25859,238.307
25860,238.312
25861,238.322
25862,238.323
25863,238.324
25864,238.326
25865,238.331
25866,238.333
25867,238.334
25868,238.335
25869,238.340
25870,238.350
25871,238.352
25872,238.353
25873,238.354
25874,238.359
25875,238.361
25876,238.362
25877,238.364
25878,238.368
25879,238.378
25880,238.435
25881,238.445
25882,238.502
25883,238.503
25884,238.505
25885,238.507
25886,238.512
25887,238.521
25888,238.577
25889,238.588
25890,238.645
25891,238.647
25892,238.649
25893,238.650
25894,238.655
25895,238.664
25896,238.722
25897,238.733
25898,238.791
25899,238.793
25900,238.794
25901,238.796
25902,238.800
25903,238.811
25904,238.872
25905,238.883
25906,238.944
25907,238.955
25908,238.957
25909,238.962
25910,238.972
25911,239.055
25912,239.122
25913,239.134
25914,239.136
25915,239.138
25916,239.197
25917,239.199
25918,239.200
25919,239.202
25920,239.203
25921,239.262
25922,239.264
25923,239.265
25924,239.347
25925,239.357
25926,239.359
25927,239.437
25928,239.439
25929,239.441
25930,239.443
25931,239.445
25932,239.452
25933,239.454
25934,239.456
25935,239.458
25936,239.460
25937,239.461
25938,239.463
25939,239.470
25940,239.485
25941,239.487
25942,239.495
25943,239.497
25944,239.499
25945,239.500
25946,239.502
25947,239.504
25948,239.512
25949,239.514
25950,239.516
25951,239.518
25952,239.519
25953,239.521
25954,239.523
25955,239.530
25956,239.532
25957,239.533
25958,239.535
25959,239.541
25960,239.543
25961,239.544
25962,239.546
25963,239.552
25964,239.566
25965,239.567
25966,239.575
25967,239.577
25968,239.578
25969,239.580
25970,239.587
25971,239.589
25972,239.590
25973,239.592
25974,239.594
25975,239.596
25976,239.605
25977,239.620
25978,239.621
25979,239.729
25980,239.745
25981,239.747
25982,239.821
25983,239.823
25984,239.825
25985,239.826
25986,239.828
25987,239.835
25988,239.836
25989,239.838
25990,239.840
25991,239.841
25992,239.847
25993,239.863
25994,239.865
25995,239.873
25996,239.876
25997,239.877
25998,239.879
25999,239.886
26000,239.888
26001,239.890
26002,239.893
26003,239.894
26004,239.903
26005,239.906
26006,239.908
26007,239.910
26008,239.918
26009,239.930
26010,239.992
26011,240.004
26012,240.063
26013,240.066
26014,240.068
26015,240.070
26016,240.128
26017,240.139
26018,240.199
26019,240.202
26020,240.204
26021,240.206
26022,240.211
26023,240.221
26024,240.280
26025,240.291
26026,240.351
26027,240.353
26028,240.355
26029,240.357
26030,240.363
26031,240.374
26032,240.431
26033,240.442
26034,240.500
26035,240.502
26036,240.504
26037,240.506
26038,240.511
26039,240.522
26040,240.580
26041,240.590
26042,240.645
26043,240.656
26044,240.658
26045,240.718
26046,240.729
26047,240.787
26048,240.798
26049,240.801
26050,240.806
26051,240.817
26052,240.819
26053,240.824
26054,240.835
26055,240.836
26056,240.838
26057,240.903
26058,240.915
26059,240.973
26060,241.042
26061,241.053
26062,241.055
26063,241.148
26064,241.172
26065,241.175
26066,241.178
26067,241.181
26068,241.184
26069,241.187
26070,241.191
26071,241.194
26072,241.198
26073,241.202
26074,241.206
26075,241.210
26076,241.214
26077,241.218
26078,241.223
26079,241.305
26080,241.376
26081,241.468
26082,241.488
26083,241.568
26084,241.583
26085,241.585
26086,241.656
26087,241.670
26088,241.746
26089,241.762
26090,241.764
26091,241.847
26092,241.865
26093,241.867
26094,241.926
26095,241.937
26096,241.999
26097,242.011
26098,242.068
26099,242.081
26100,242.083
26101,242.088
26102,242.098
26103,242.157
26104,242.169
26105,242.170
26106,242.172
26107,242.234
26108,242.244
26109,242.246
26110,242.311
26111,242.324
26112,242.326
26113,242.384
26114,242.395
26115,242.451
26116,242.461
26117,242.521
26118,242.533
26119,242.535
26120,242.536
26121,242.538
26122,242.543
26123,242.545
26124,242.546
26125,242.548
26126,242.549
26127,242.611
26128,242.621
26129,242.683
26130,242.695
26131,242.697
26132,242.702
26133,242.704
26134,242.705
26135,242.707
26136,242.708
26137,242.799
26138,242.813
26139,242.815
26140,242.876
26141,242.888
26142,242.947
26143,242.957
26144,242.959
26145,243.022
26146,243.034
26147,243.036
26148,243.102
26149,243.114
26150,243.177
26151,243.188
26152,243.190
26153,243.249
26154,243.264
26155,243.266
26156,243.352
26157,243.368
26158,243.485
26159,243.502
26160,243.504
26161,243.580
26162,243.595
26163,243.673
26164,243.687
26165,243.689
26166,243.775
26167,243.793
26168,243.795
26169,243.861
26170,243.873
26171,243.937
26172,243.949
26173,243.951
26174,244.016
26175,244.027
26176,244.028
26177,244.093
26178,244.106
26179,244.168
26180,244.181
26181,244.183
26182,244.189
26183,244.200
26184,244.289
26185,244.372
26186,244.384
26187,244.445
26188,244.456
26189,244.529
26190,244.541
26191,244.601
26192,244.612
26193,244.614
26194,244.677
26195,244.689
26196,244.754
26197,244.765
26198,244.766
26199,244.830
26200,244.843
26201,244.845
26202,244.847
26203,244.853
26204,244.863
26205,244.865
26206,244.866
26207,244.873
26208,244.887
26209,244.889
26210,244.890
26211,244.892
26212,244.897
26213,244.899
26214,244.900
26215,244.902
26216,244.908
26217,244.922
26218,244.924
26219,244.930
26220,244.943
26221,244.944
26222,244.950
26223,244.961
26224,244.962
26225,244.964
26226,244.966
26227,245.028
26228,245.040
26229,245.042
26230,245.108
26231,245.119
26232,245.125
26233,245.136
26234,245.137
26235,245.197
26236,245.207
26237,245.292
26238,245.307
26239,245.408
26240,245.428
26241,245.513
26242,245.527
26243,245.604
26244,245.622
26245,245.702
26246,245.718
26247,245.720
26248,245.795
26249,245.806
26250,245.812
26251,245.823
26252,245.824
26253,245.887
26254,245.898
26255,245.958
26256,245.969
26257,246.043
26258,246.055
26259,246.123
26260,246.134
26261,246.199
26262,246.211
26263,246.212
26264,246.272
26265,246.283
26266,246.346
26267,246.356
26268,246.358
26269,246.421
26270,246.432
26271,246.491
26272,246.502
26273,246.597
26274,246.617
26275,246.620
26276,246.622
26277,246.624
26278,246.627
26279,246.630
26280,246.632
26281,246.635
26282,246.638
26283,246.641
26284,246.644
26285,246.647
26286,246.650
26287,246.653
26288,246.656
26289,246.745
26290,246.815
26291,246.894
26292,246.906
26293,246.975
26294,246.988
26295,246.989
26296,247.050
26297,247.061
26298,247.140
26299,247.154
26300,247.157
26301,247.224
26302,247.242
26303,247.245
26304,247.329
26305,247.348
26306,247.444
26307,247.462
26308,247.465
26309,247.550
26310,247.566
26311,247.569
26312,247.576
26313,247.593
26314,247.672
26315,247.689
26316,247.691
26317,247.693
26318,247.779
26319,247.795
26320,247.797
26321,247.890
26322,247.902
26323,247.905
26324,247.968
26325,247.978
26326,248.035
26327,248.046
26328,248.047
26329,248.055
26330,248.066
26331,248.068
26332,248.072
26333,248.083
26334,248.088
26335,248.099
26336,248.100
26337,248.102
26338,248.160
26339,248.170
26340,248.172
26341,248.233
26342,248.243
26343,248.245
26344,248.304
26345,248.315
26346,248.403
26347,248.415
26348,248.417
26349,248.505
26350,248.517
26351,248.519
26352,248.521
26353,248.578
26354,248.589
26355,248.647
26356,248.657
26357,248.659
26358,248.721
26359,248.732
26360,248.733
26361,248.794
26362,248.804
26363,248.895
26364,248.906
26365,248.908
26366,248.968
26367,248.979
26368,249.037
26369,249.047
26370,249.049
26371,249.109
26372,249.121
26373,249.123
26374,249.181
26375,249.196
26376,249.282
26377,249.299
26378,249.302
26379,249.384
26380,249.398
26381,249.400
26382,249.483
26383,249.502
26384,249.579
26385,249.594
26386,249.596
26387,249.602
26388,249.617
26389,249.735
26390,249.822
26391,249.834
26392,249.895
26393,249.906
26394,249.984
26395,249.997
26396,250.060
26397,250.072
26398,250.074
26399,250.148
26400,250.150
26401,250.216
26402,250.226
26403,250.228
26404,250.287
26405,250.289
26406,250.290
26407,250.296
26408,250.306
26409,250.307
26410,250.309
26411,250.311
26412,250.373
26413,250.384
26414,250.386
26415,250.443
26416,250.453
26417,250.458
26418,250.469
26419,250.470
26420,250.533
26421,250.545
26422,250.606
26423,250.616
26424,250.691
26425,250.704
26426,250.769
26427,250.779
26428,250.842
26429,250.854
26430,250.918
26431,250.930
26432,250.932
26433,250.989
26434,251.000
26435,251.005
26436,251.016
26437,251.017
26438,251.081
26439,251.093
26440,251.156
26441,251.172
26442,251.269
26443,251.288
26444,251.376
26445,251.390
26446,251.466
26447,251.482
26448,251.484
26449,251.559
26450,251.574
26451,251.652
26452,251.668
26453,251.670
26454,251.749
26455,251.763
26456,251.824
26457,251.835
26458,251.897
26459,251.909
26460,251.911
26461,251.913
26462,251.920
26463,251.922
26464,251.924
26465,251.984
26466,251.997
26467,252.000
26468,252.007
26469,252.010
26470,252.016
26471,252.018
26472,252.020
26473,252.021
26474,252.111
26475,252.118
26476,252.177
26477,252.182
26478,252.238
26479,252.240
26480,252.241
26481,252.243
26482,252.301
26483,252.306
26484,252.364
26485,252.603
26486,252.610
26487,252.731
26488,252.792
26489,252.804
26490,252.858
26491,252.956
26492,252.972
26493,252.974
26494,252.976
26495,252.978
26496,252.980
26497,252.983
26498,252.985
26499,252.987
26500,252.989
26501,252.992
26502,252.994
26503,252.997
26504,252.999
26505,253.002
26506,253.004
26507,253.062
26508,253.073
26509,253.146
26510,253.161
26511,253.254
26512,253.272
26513,253.274
26514,253.354
26515,253.370
26516,253.456
26517,253.473
26518,253.478
26519,253.562
26520,253.578
26521,253.580
26522,253.661
26523,253.679
26524,253.752
26525,253.766
26526,253.834
26527,253.846
26528,253.848
26529,253.854
26530,253.865
26531,253.932
26532,253.945
26533,253.946
26534,253.948
26535,254.017
26536,254.029
26537,254.031
26538,254.100
26539,254.112
26540,254.176
26541,254.188
26542,254.253
26543,254.265
26544,254.272
26545,254.285
26546,254.287
26547,254.292
26548,254.304
26549,254.310
26550,254.312
26551,254.313
26552,254.315
26553,254.382
26554,254.394
26555,254.396
26556,254.463
26557,254.475
26558,254.537
26559,254.549
26560,254.551
26561,254.619
26562,254.630
26563,254.693
26564,254.695
26565,254.697
26566,254.698
26567,254.700
26568,254.705
26569,254.716
26570,254.722
26571,254.733
26572,254.734
26573,254.797
26574,254.808
26575,254.810
26576,254.872
26577,254.884
26578,254.942
26579,254.953
26580,254.960
26581,254.972
26582,254.974
26583,254.979
26584,254.990
26585,254.997
26586,255.011
26587,255.013
26588,255.109
26589,255.182
26590,255.195
26591,255.197
26592,255.291
26593,255.307
26594,255.395
26595,255.410
26596,255.503
26597,255.552
26598,255.598
26599,255.612
26600,255.614
26601,255.616
26602,255.623
26603,255.638
26604,255.645
26605,255.647
26606,255.649
26607,255.651
26608,255.653
26609,255.655
26610,255.657
26611,255.745
26612,255.766
26613,255.768
26614,255.841
26615,255.854
26616,255.856
26617,255.858
26618,255.922
26619,255.933
26620,255.935
26621,255.937
26622,255.942
26623,255.952
26624,255.954
26625,255.959
26626,255.961
26627,255.963
26628,255.964
26629,255.966
26630,256.029
26631,256.041
26632,256.043
26633,256.045
26634,256.107
26635,256.118
26636,256.120
26637,256.189
26638,256.202
26639,256.204
26640,256.281
26641,256.295
26642,256.365
26643,256.376
26644,256.383
26645,256.395
26646,256.397
26647,256.402
26648,256.414
26649,256.420
26650,256.431
26651,256.433
26652,256.496
26653,256.507
26654,256.509
26655,256.571
26656,256.583
26657,256.643
26658,256.654
26659,256.656
26660,256.662
26661,256.664
26662,256.665
26663,256.667
26664,256.669
26665,256.670
26666,256.733
26667,256.746
26668,256.748
26669,256.814
26670,256.826
26671,256.828
26672,256.830
26673,256.892
26674,256.904
26675,256.905
26676,256.907
26677,256.913
26678,256.924
26679,256.925
26680,256.931
26681,256.933
26682,256.935
26683,256.936
26684,256.938
26685,257.004
26686,257.016
26687,257.018
26688,257.020
26689,257.082
26690,257.094
26691,257.096
26692,257.158
26693,257.171
26694,257.173
26695,257.231
26696,257.241
26697,257.328
26698,257.344
26699,257.346
26700,257.353
26701,257.369
26702,257.454
26703,257.471
26704,257.474
26705,257.478
26706,257.557
26707,257.574
26708,257.576
26709,257.656
26710,257.672
26711,257.757
26712,257.773
26713,257.851
26714,257.863
26715,257.926
26716,257.937
26717,257.951
26718,257.962
26719,257.964
26720,257.972
26721,257.983
26722,257.985
26723,257.987
26724,257.991
26725,258.139
26726,258.141
26727,258.144
26728,258.146
26729,258.148
26730,258.210
26731,258.214
26732,258.276
26733,258.278
26734,258.280
26735,258.282
26736,258.283
26737,258.387
26738,258.427
26739,258.432
26740,258.491
26741,258.496
26742,258.498
26743,258.558
26744,258.562
26745,258.564
26746,258.565
26747,258.570
26748,258.629
26749,258.633
26750,258.697
26751,258.701
26752,258.703
26753,258.711
26754,258.713
26755,258.715
26756,258.716
26757,258.718
26758,258.725
26759,258.741
26760,258.754
26761,258.819
26762,258.894
26763,258.906
26764,258.911
26765,258.924
26766,258.929
26767,258.932
26768,258.934
26769,259.002
26770,259.007
26771,259.097
26772,259.103
26773,259.106
26774,259.161
26775,259.163
26776,259.165
26777,259.167
26778,259.169
26779,259.181
26780,259.193
26781,259.200
26782,259.212
26783,259.229
26784,259.241
26785,259.243
26786,259.245
26787,259.252
26788,259.269
26789,259.281
26790,259.287
26791,259.299
26792,259.305
26793,259.315
26794,259.316
26795,259.322
26796,259.338
26797,259.346
26798,259.362
26799,259.451
26800,259.561
26801,259.578
26802,259.580
26803,259.582
26804,259.584
26805,259.705
26806,259.723
26807,259.726
26808,259.802
26809,259.805
26810,259.807
26811,259.808
26812,259.816
26813,259.818
26814,259.820
26815,259.822
26816,259.824
26817,259.826
26818,259.828
26819,259.834
26820,259.837
26821,259.838
26822,259.840
26823,259.842
26824,259.844
26825,259.848
26826,259.858
26827,259.860
26828,259.862
26829,259.864
26830,259.946
26831,260.051
26832,260.059
26833,260.115
26834,260.118
26835,260.120
26836,260.121
26837,260.124
26838,260.131
26839,260.132
26840,260.191
26841,260.286
26842,260.349
26843,260.352
26844,260.355
26845,260.357
26846,260.359
26847,260.421
26848,260.486
26849,260.549
26850,260.555
26851,260.569
26852,260.582
26853,260.584
26854,260.586
26855,260.588
26856,260.604
26857,260.605
26858,260.608
26859,260.610
26860,260.618
26861,260.634
26862,260.684
26863,260.684
26864,260.684
26865,260.684
26866,260.684
26867,260.688
26868,260.690
26869,260.692
26870,260.699
26871,260.717
26872,260.733
26873,260.736
26874,260.747
26875,260.755
26876,260.770
26877,260.772
26878,260.774
26879,260.780
26880,260.793
26881,260.798
26882,260.809
26883,260.904
26884,260.917
26885,260.920
26886,260.980
26887,260.992
26888,260.994
26889,260.999
26890,261.001
26891,261.003
26892,261.005
26893,261.006
26894,261.013
26895,261.025
26896,261.026
26897,261.031
26898,261.033
26899,261.035
26900,261.036
26901,261.038
26902,261.042
26903,261.049
26904,261.051
26905,261.113
26906,261.212
26907,261.219
26908,261.222
26909,261.277
26910,261.280
26911,261.281
26912,261.283
26913,261.286
26914,261.288
26915,261.289
26916,261.291
26917,261.293
26918,261.294
26919,261.354
26920,261.441
26921,261.569
26922,261.647
26923,261.650
26924,261.652
26925,261.654
26926,261.656
26927,261.731
26928,261.851
26929,261.935
26930,261.941
26931,261.943
26932,261.945
26933,261.946
26934,262.011
26935,262.078
26936,262.143
26937,262.150
26938,262.151
26939,262.153
26940,262.155
26941,262.157
26942,262.159
26943,262.161
26944,262.162
26945,262.164
26946,262.167
26947,262.173
26948,262.188
26949,262.202
26950,262.204
26951,262.206
26952,262.208
26953,262.221
26954,262.233
26955,262.239
26956,262.250
26957,262.255
26958,262.265
26959,262.271
26960,262.272
26961,262.274
26962,262.276
26963,262.278
26964,262.293
26965,262.295
26966,262.296
26967,262.303
26968,262.305
26969,262.312
26970,262.313
26971,262.315
26972,262.322
26973,262.334
26974,262.337
26975,262.340
26976,262.342
26977,262.343
26978,262.345
26979,262.346
26980,262.349
26981,262.443
26982,262.449
26983,262.512
26984,262.518
26985,262.574
26986,262.575
26987,262.577
26988,262.587
26989,262.589
26990,262.591
26991,262.593
26992,262.595
26993,262.598
26994,262.609
26995,262.621
26996,262.636
26997,262.637
26998,262.639
26999,262.640
27000,262.646
27001,262.657
27002,262.716
27003,262.729
27004,262.820
27005,262.835
27006,262.837
27007,262.839
27008,262.841
27009,262.843
27010,262.845
27011,262.847
27012,262.849
27013,262.852
27014,262.854
27015,262.856
27016,262.858
27017,262.860
27018,262.862
27019,262.864
27020,262.924
27021,262.935
27022,262.998
27023,263.010
27024,263.072
27025,263.084
27026,263.086
27027,263.150
27028,263.163
27029,263.166
27030,263.224
27031,263.236
27032,263.298
27033,263.314
27034,263.316
27035,263.396
27036,263.413
27037,263.499
27038,263.514
27039,263.516
27040,263.593
27041,263.607
27042,263.685
27043,263.700
27044,263.702
27045,263.777
27046,263.791
27047,263.793
27048,263.878
27049,263.889
27050,263.952
27051,263.963
27052,263.965
27053,264.025
27054,264.035
27055,264.096
27056,264.107
27057,264.109
27058,264.166
27059,264.177
27060,264.240
27061,264.252
27062,264.254
27063,264.314
27064,264.325
27065,264.331
27066,264.342
27067,264.343
27068,264.348
27069,264.359
27070,264.441
27071,264.452
27072,264.514
27073,264.525
27074,264.527
27075,264.531
27076,264.541
27077,264.543
27078,264.604
27079,264.615
27080,264.617
27081,264.674
27082,264.686
27083,264.692
27084,264.703
27085,264.704
27086,264.762
27087,264.773
27088,264.834
27089,264.845
27090,264.847
27091,264.907
27092,264.918
27093,264.978
27094,264.989
27095,264.991
27096,265.050
27097,265.061
27098,265.123
27099,265.134
27100,265.136
27101,265.194
27102,265.205
27103,265.217
27104,265.219
27105,265.220
27106,265.222
27107,265.226
27108,265.236
27109,265.237
27110,265.247
27111,265.320
27112,265.340
27113,265.344
27114,265.346
27115,265.357
27116,265.361
27117,265.362
27118,265.444
27119,265.459
27120,265.534
27121,265.539
27122,265.617
27123,265.630
27124,265.632
27125,265.743
27126,265.750
27127,265.828
27128,265.836
27129,265.838
27130,265.841
27131,265.900
27132,265.907
27133,266.108
27134,266.114
27135,266.218
27136,266.325
27137,266.425
27138,266.482
27139,266.493
27140,266.547
27141,266.559
27142,266.618
27143,266.619
27144,266.621
27145,266.622
27146,266.627
27147,266.637
27148,266.641
27149,266.651
27150,266.656
27151,266.666
27152,266.728
27153,266.731
27154,266.732
27155,266.795
27156,266.805
27157,266.818
27158,266.829
27159,266.831
27160,266.842
27161,266.853
27162,266.913
27163,266.925
27164,266.983
27165,266.985
27166,266.986
27167,266.988
27168,266.989
27169,266.994
27170,267.004
27171,267.011
27172,267.012
27173,267.014
27174,267.015
27175,267.020
27176,267.029
27177,267.031
27178,267.042
27179,267.044
27180,267.046
27181,267.049
27182,267.059
27183,267.069
27184,267.076
27185,267.078
27186,267.079
27187,267.080
27188,267.082
27189,267.093
27190,267.099
27191,267.101
27192,267.193
27193,267.316
27194,267.397
27195,267.406
27196,267.408
27197,267.410
27198,267.412
27199,267.522
27200,267.617
27201,267.627
27202,267.711
27203,267.714
27204,267.716
27205,267.720
27206,267.729
27207,267.731
27208,267.732
27209,267.806
27210,267.812
27211,267.874
27212,267.885
27213,267.887
27214,267.889
27215,267.953
27216,267.955
27217,267.956
27218,268.021
27219,268.033
27220,268.035
27221,268.041
27222,268.051
27223,268.053
27224,268.059
27225,268.069
27226,268.075
27227,268.077
27228,268.079
27229,268.080
27230,268.082
27231,268.087
27232,268.097
27233,268.162
27234,268.173
27235,268.234
27236,268.246
27237,268.247
27238,268.252
27239,268.264
27240,268.275
27241,268.285
27242,268.345
27243,268.348
27244,268.349
27245,268.408
27246,268.413
27247,268.415
27248,268.426
27249,268.438
27250,268.498
27251,268.510
27252,268.567
27253,268.568
27254,268.570
27255,268.572
27256,268.585
27257,268.591
27258,268.594
27259,268.600
27260,268.602
27261,268.603
27262,268.613
27263,268.626
27264,268.628
27265,268.641
27266,268.643
27267,268.644
27268,268.646
27269,268.659
27270,268.665
27271,268.667
27272,268.668
27273,268.670
27274,268.671
27275,268.674
27276,268.680
27277,268.681
27278,268.683
27279,268.693
27280,268.705
27281,268.707
27282,268.721
27283,268.723
27284,268.724
27285,268.725
27286,268.727
27287,268.743
27288,268.754
27289,268.759
27290,268.770
27291,268.772
27292,268.785
27293,268.797
27294,268.799
27295,268.812
27296,268.813
27297,268.814
27298,268.816
27299,268.817
27300,268.822
27301,268.831
27302,268.836
27303,268.845
27304,268.858
27305,268.861
27306,268.872
27307,268.882
27308,268.898
27309,268.907
27310,268.912
27311,268.921
27312,268.922
27313,268.924
27314,268.925
27315,268.926
27316,268.928
27317,268.929
27318,268.930
27319,268.935
27320,268.944
27321,268.949
27322,268.958
27323,268.959
27324,268.960
27325,268.965
27326,268.973
27327,268.975
27328,268.976
27329,268.977
27330,268.979
27331,268.983
27332,268.994
27333,268.996
27334,268.998
27335,269.000
27336,269.002
27337,269.009
27338,269.023
27339,269.025
27340,269.042
27341,269.057
27342,269.064
27343,269.079
27344,269.089
27345,269.092
27346,269.094
27347,269.096
27348,269.104
27349,269.117
27350,269.143
27351,269.146
27352,269.148
27353,269.150
27354,269.152
27355,269.154
27356,269.156
27357,269.158
27358,269.164
27359,269.179
27360,269.180
27361,269.187
27362,269.201
27363,269.203
27364,269.209
27365,269.221
27366,269.227
27367,269.240
27368,269.256
27369,269.269
27370,269.293
27371,269.302
27372,269.305
27373,269.417
27374,269.503
27375,269.506
27376,269.508
27377,269.605
27378,269.702
27379,269.761
27380,269.830
27381,269.831
27382,269.833
27383,269.835
27384,269.836
27385,269.917
27386,269.924
27387,269.983
27388,269.991
27389,269.992
27390,269.994
27391,269.996
27392,270.072
27393,270.079
27394,270.137
27395,270.139
27396,270.141
27397,270.144
27398,270.151
27399,270.152
27400,270.154
27401,270.157
27402,270.159
27403,270.160
27404,270.162
27405,270.164
27406,270.167
27407,270.173
27408,270.175
27409,270.176
27410,270.180
27411,270.182
27412,270.183
27413,270.185
27414,270.186
27415,270.193
27416,270.205
27417,270.207
27418,270.289
27419,270.369
27420,270.383
27421,270.385
27422,270.391
27423,270.402
27424,270.403
27425,270.409
27426,270.421
27427,270.423
27428,270.424
27429,270.506
27430,270.520
27431,270.584
27432,270.659
27433,270.670
27434,270.671
27435,270.731
27436,270.742
27437,270.745
27438,270.752
27439,270.764
27440,270.766
27441,270.768
27442,270.772
27443,270.788
27444,270.789
27445,270.791
27446,270.792
27447,270.794
27448,270.796
27449,270.809
27450,270.811
27451,270.812
27452,270.814
27453,270.816
27454,270.820
27455,270.880
27456,270.882
27457,270.884
27458,270.886
27459,270.946
27460,270.948
27461,270.950
27462,270.952
27463,270.953
27464,270.955
27465,271.029
27466,271.117
27467,271.123
27468,271.204
27469,271.210
27470,271.286
27471,271.291
27472,271.367
27473,271.372
27474,271.447
27475,271.451
27476,271.454
27477,271.532
27478,271.538
27479,271.541
27480,271.615
27481,271.625
27482,271.644
27483,271.654
27484,271.656
27485,271.661
27486,271.670
27487,271.677
27488,271.690
27489,271.692
27490,271.693
27491,271.695
27492,271.702
27493,271.718
27494,271.730
27495,271.794
27496,271.865
27497,271.867
27498,271.869
27499,271.875
27500,271.886
27501,271.892
27502,271.914
27503,271.926
27504,271.939
27505,271.952
27506,271.966
27507,271.978
27508,271.986
27509,271.988
27510,271.990
27511,272.007
27512,272.020
27513,272.022
27514,272.024
27515,272.031
27516,272.047
27517,272.059
27518,272.065
27519,272.077
27520,272.084
27521,272.095
27522,272.097
27523,272.103
27524,272.115
27525,272.120
27526,272.131
27527,272.193
27528,272.273
27529,272.286
27530,272.288
27531,272.290
27532,272.404
27533,272.419
27534,272.422
27535,272.490
27536,272.493
27537,272.495
27538,272.497
27539,272.504
27540,272.507
27541,272.509
27542,272.512
27543,272.514
27544,272.516
27545,272.518
27546,272.524
27547,272.526
27548,272.528
27549,272.530
27550,272.532
27551,272.535
27552,272.537
27553,272.600
27554,272.608
27555,272.610
27556,272.612
27557,272.677
27558,272.797
27559,272.807
27560,272.871
27561,272.873
27562,272.876
27563,272.878
27564,272.882
27565,272.884
27566,272.886
27567,272.888
27568,272.890
27569,272.892
27570,272.896
27571,272.903
27572,272.907
27573,272.909
27574,272.911
27575,272.915
27576,272.922
27577,272.924
27578,272.928
27579,272.936
27580,272.938
27581,272.940
27582,272.941
27583,272.943
27584,273.042
27585,273.132
27586,273.135
27587,273.138
27588,273.140
27589,273.152
27590,273.172
27591,273.174
27592,273.195
27593,273.197
27594,273.199
27595,273.201
27596,273.207
27597,273.226
27598,273.228
27599,273.248
27600,273.250
27601,273.252
27602,273.255
27603,273.257
27604,273.271
27605,273.273
27606,273.276
27607,273.278
27608,273.289
27609,273.307
27610,273.331
27611,273.333
27612,273.335
27613,273.338
27614,273.349
27615,273.352
27616,273.354
27617,273.380
27618,273.398
27619,273.401
27620,273.403
27621,273.413
27622,273.440
27623,273.458
27624,273.468
27625,273.483
27626,273.493
27627,273.507
27628,273.509
27629,273.512
27630,273.518
27631,273.531
27632,273.537
27633,273.548
27634,273.614
27635,273.740
27636,273.754
27637,273.756
27638,273.824
27639,273.837
27640,273.839
27641,273.845
27642,273.846
27643,273.848
27644,273.850
27645,273.852
27646,273.853
27647,273.860
27648,273.872
27649,273.874
27650,273.880
27651,273.882
27652,273.884
27653,273.885
27654,273.887
27655,273.889
27656,273.893
27657,273.901
27658,273.902
27659,273.966
27660,274.085
27661,274.094
27662,274.157
27663,274.159
27664,274.161
27665,274.163
27666,274.166
27667,274.168
27668,274.169
27669,274.173
27670,274.174
27671,274.176
27672,274.177
27673,274.179
27674,274.181
27675,274.184
27676,274.190
27677,274.192
27678,274.195
27679,274.202
27680,274.204
27681,274.205
27682,274.209
27683,274.217
27684,274.218
27685,274.220
27686,274.222
27687,274.225
27688,274.232
27689,274.234
27690,274.318
27691,274.386
27692,274.452
27693,274.459
27694,274.460
27695,274.462
27696,274.463
27697,274.524
27698,274.526
27699,274.527
27700,274.529
27701,274.531
27702,274.532
27703,274.535
27704,274.542
27705,274.601
27706,274.666
27707,274.668
27708,274.670
27709,274.672
27710,274.680
27711,274.692
27712,274.694
27713,274.707
27714,274.709
27715,274.710
27716,274.712
27717,274.716
27718,274.728
27719,274.729
27720,274.743
27721,274.744
27722,274.746
27723,274.748
27724,274.750
27725,274.756
27726,274.767
27727,274.772
27728,274.782
27729,274.787
27730,274.797
27731,274.802
27732,274.804
27733,274.805
27734,274.807
27735,274.808
27736,274.822
27737,274.834
27738,274.836
27739,274.841
27740,274.851
27741,274.853
27742,274.870
27743,274.889
27744,274.896
27745,274.906
27746,274.925
27747,274.930
27748,274.933
27749,274.936
27750,274.938
27751,274.940
27752,274.941
27753,274.944
27754,275.088
27755,275.097
27756,275.182
27757,275.259
27758,275.261
27759,275.263
27760,275.275
27761,275.277
27762,275.279
27763,275.282
27764,275.284
27765,275.287
27766,275.300
27767,275.317
27768,275.342
27769,275.345
27770,275.347
27771,275.349
27772,275.357
27773,275.370
27774,275.431
27775,275.444
27776,275.502
27777,275.512
27778,275.528
27779,275.529
27780,275.531
27781,275.540
27782,275.549
27783,275.553
27784,275.562
27785,275.572
27786,275.573
27787,275.575
27788,275.576
27789,275.584
27790,275.594
27791,275.608
27792,275.618
27793,275.630
27794,275.632
27795,275.634
27796,275.635
27797,275.636
27798,275.648
27799,275.652
27800,275.656
27801,275.667
27802,275.679
27803,275.682
27804,275.684
27805,275.688
27806,275.689
27807,275.704
27808,275.705
27809,275.706
27810,275.713
27811,275.715
27812,275.716
27813,275.723
27814,275.724
27815,275.726
27816,275.733
27817,275.735
27818,275.737
27819,275.743
27820,275.745
27821,275.746
27822,275.748
27823,275.755
27824,275.767
27825,275.773
27826,275.775
27827,275.789
27828,275.795
27829,275.798
27830,275.803
27831,275.804
27832,275.805
27833,275.890
27834,275.897
27835,275.899
27836,275.958
27837,275.964
27838,275.965
27839,276.023
27840,276.027
27841,276.028
27842,276.087
27843,276.099
27844,276.107
27845,276.109
27846,276.110
27847,276.112
27848,276.114
27849,276.116
27850,276.123
27851,276.125
27852,276.127
27853,276.134
27854,276.136
27855,276.138
27856,276.144
27857,276.156
27858,276.163
27859,276.175
27860,276.178
27861,276.180
27862,276.184
27863,276.186
27864,276.200
27865,276.201
27866,276.203
27867,276.205
27868,276.215
27869,276.227
27870,276.235
27871,276.237
27872,276.252
27873,276.258
27874,276.261
27875,276.268
27876,276.270
27877,276.271
27878,276.273
27879,276.278
27880,276.280
27881,276.340
27882,276.347
27883,276.349
27884,276.351
27885,276.411
27886,276.417
27887,276.420
27888,276.482
27889,276.483
27890,276.485
27891,276.544
27892,276.555
27893,276.563
27894,276.565
27895,276.567
27896,276.568
27897,276.570
27898,276.625
27899,276.633
27900,276.635
27901,276.636
27902,276.714
27903,276.719
27904,276.721
27905,276.729
27906,276.734
27907,276.735
27908,276.737
27909,276.745
27910,276.749
27911,276.751
27912,276.759
27913,276.765
27914,276.767
27915,276.769
27916,276.771
27917,276.773
27918,276.848
27919,276.853
27920,276.855
27921,276.856
27922,276.929
27923,276.935
27924,276.943
27925,276.947
27926,276.949
27927,276.957
27928,276.960
27929,276.962
27930,276.963
27931,276.965
27932,276.967
27933,276.974
27934,276.978
27935,276.980
27936,276.989
27937,276.995
27938,276.996
27939,276.998
27940,277.000
27941,277.002
27942,277.003
27943,277.026
27944,277.027
27945,277.029
27946,277.046
27947,277.051
27948,277.056
27949,277.071
27950,277.084
27951,277.092
27952,277.114
27953,277.119
27954,277.121
27955,277.147
27956,277.160
27957,277.168
27958,277.170
27959,277.187
27960,277.199
27961,277.202
27962,277.207
27963,277.208
27964,277.210
27965,277.212
27966,277.215
27967,277.218
27968,277.220
27969,277.221
27970,277.223
27971,277.227
27972,277.228
27973,277.230
27974,277.233
27975,277.235
27976,277.237
27977,277.299
27978,277.304
27979,277.306
27980,277.307
27981,277.395
27982,277.401
27983,277.403
27984,277.463
27985,277.466
27986,277.467
27987,277.528
27988,277.532
27989,277.535
27990,277.540
27991,277.541
27992,277.543
27993,277.631
27994,277.638
27995,277.640
27996,277.693
27997,277.697
27998,277.699
27999,277.701
28000,277.702
28001,277.704
28002,277.705
28003,277.706
28004,277.708
28005,277.715
28006,277.720
28007,277.721
28008,277.722
28009,277.724
28010,277.725
28011,277.732
28012,277.736
28013,277.743
28014,277.753
28015,277.758
28016,277.761
28017,277.764
28018,277.767
28019,277.771
28020,277.773
28021,277.776
28022,277.777
28023,277.780
28024,277.783
28025,277.788
28026,277.798
28027,277.804
28028,277.815
28029,277.816
28030,277.818
28031,277.820
28032,277.823
28033,277.824
28034,277.826
28035,277.829
28036,277.831
28037,277.836
28038,277.845
28039,277.847
28040,277.848
28041,277.850
28042,277.851
28043,277.855
28044,277.857
28045,277.862
28046,277.872
28047,277.873
28048,277.875
28049,277.880
28050,277.891
28051,277.892
28052,277.950
28053,278.012
28054,278.024
28055,278.084
28056,278.097
28057,278.154
28058,278.156
28059,278.158
28060,278.160
28061,278.162
28062,278.164
28063,278.171
28064,278.173
28065,278.175
28066,278.187
28067,278.191
28068,278.195
28069,278.206
28070,278.217
28071,278.224
28072,278.226
28073,278.227
28074,278.229
28075,278.236
28076,278.248
28077,278.251
28078,278.253
28079,278.268
28080,278.279
28081,278.282
28082,278.284
28083,278.288
28084,278.290
28085,278.304
28086,278.316
28087,278.323
28088,278.326
28089,278.341
28090,278.353
28091,278.357
28092,278.362
28093,278.364
28094,278.366
28095,278.368
28096,278.371
28097,278.375
28098,278.377
28099,278.378
28100,278.381
28101,278.385
28102,278.387
28103,278.445
28104,278.449
28105,278.450
28106,278.452
28107,278.518
28108,278.522
28109,278.527
28110,278.533
28111,278.535
28112,278.537
28113,278.656
28114,278.664
28115,278.666
28116,278.737
28117,278.741
28118,278.743
28119,278.745
28120,278.747
28121,278.748
28122,278.750
28123,278.752
28124,278.753
28125,278.762
28126,278.769
28127,278.771
28128,278.772
28129,278.774
28130,278.783
28131,278.787
28132,278.796
28133,278.809
28134,278.818
28135,278.821
28136,278.826
28137,278.829
28138,278.833
28139,278.836
28140,278.840
28141,278.842
28142,278.845
28143,278.850
28144,278.857
28145,278.870
28146,278.878
28147,278.895
28148,278.896
28149,278.898
28150,278.900
28151,278.904
28152,278.906
28153,278.912
28154,278.925
28155,278.927
28156,278.928
28157,278.930
28158,278.932
28159,278.937
28160,278.938
28161,278.945
28162,278.960
28163,278.962
28164,278.964
28165,278.971
28166,278.988
28167,278.990
28168,279.009
28169,279.020
28170,279.080
28171,279.092
28172,279.151
28173,279.152
28174,279.154
28175,279.155
28176,279.156
28177,279.157
28178,279.161
28179,279.162
28180,279.163
28181,279.166
28182,279.177
28183,279.189
28184,279.191
28185,279.192
28186,279.194
28187,279.195
28188,279.197
28189,279.208
28190,279.211
28191,279.214
28192,279.228
28193,279.229
28194,279.231
28195,279.232
28196,279.233
28197,279.244
28198,279.246
28199,279.248
28200,279.249
28201,279.262
28202,279.273
28203,279.280
28204,279.282
28205,279.295
28206,279.300
28207,279.363
28208,279.366
28209,279.368
28210,279.369
28211,279.461
28212,279.468
28213,279.470
28214,279.524
28215,279.529
28216,279.531
28217,279.538
28218,279.541
28219,279.543
28220,279.545
28221,279.546
28222,279.548
28223,279.549
28224,279.550
28225,279.552
28226,279.555
28227,279.557
28228,279.558
28229,279.561
28230,279.563
28231,279.565
28232,279.566
28233,279.567
28234,279.569
28235,279.570
28236,279.571
28237,279.582
28238,279.593
28239,279.597
28240,279.607
28241,279.613
28242,279.625
28243,279.627
28244,279.628
28245,279.632
28246,279.644
28247,279.645
28248,279.647
28249,279.648
28250,279.653
28251,279.662
28252,279.667
28253,279.678
28254,279.680
28255,279.687
28256,279.688
28257,279.690
28258,279.691
28259,279.693
28260,279.697
28261,279.707
28262,279.719
28263,279.725
28264,279.734
28265,279.746
28266,279.749
28267,279.751
28268,279.756
28269,279.765
28270,279.776
28271,279.779
28272,279.792
28273,279.794
28274,279.796
28275,279.798
28276,279.812
28277,279.825
28278,279.827
28279,279.829
28280,279.834
28281,279.845
28282,279.849
28283,279.855
28284,279.862
28285,279.864
28286,279.865
28287,279.867
28288,279.872
28289,279.882
28290,279.885
28291,279.891
28292,279.899
28293,279.912
28294,279.920
28295,279.922
28296,279.935
28297,279.941
28298,279.945
28299,279.950
28300,279.952
28301,279.954
28302,280.040
28303,280.048
28304,280.050
28305,280.104
28306,280.110
28307,280.169
28308,280.172
28309,280.173
28310,280.175
28311,280.244
28312,280.248
28313,280.250
28314,280.252
28315,280.254
28316,280.255
28317,280.258
28318,280.260
28319,280.261
28320,280.263
28321,280.265
28322,280.267
28323,280.269
28324,280.271
28325,280.273
28326,280.274
28327,280.276
28328,280.278
28329,280.283
28330,280.284
28331,280.287
28332,280.291
28333,280.293
28334,280.312
28335,280.328
28336,280.337
28337,280.340
28338,280.341
28339,280.351
28340,280.369
28341,280.382
28342,280.386
28343,280.405
28344,280.413
28345,280.415
28346,280.417
28347,280.419
28348,280.421
28349,280.422
28350,280.424
28351,280.534
28352,280.541
28353,280.544
28354,280.612
28355,280.616
28356,280.618
28357,280.628
28358,280.633
28359,280.654
28360,280.671
28361,280.683
28362,280.705
28363,280.712
28364,280.715
28365,280.729
28366,280.735
28367,280.737
28368,280.739
28369,280.741
28370,280.742
28371,280.837
28372,280.844
28373,280.899
28374,280.903
28375,280.905
28376,280.913
28377,280.917
28378,280.934
28379,280.944
28380,280.960
28381,280.970
28382,280.975
28383,280.985
28384,280.998
28385,280.999
28386,281.001
28387,281.008
28388,281.021
28389,281.029
28390,281.031
28391,281.045
28392,281.051
28393,281.112
28394,281.116
28395,281.118
28396,281.119
28397,281.121
28398,281.216
28399,281.222
28400,281.278
28401,281.282
28402,281.284
28403,281.293
28404,281.294
28405,281.295
28406,281.297
28407,281.305
28408,281.308
28409,281.310
28410,281.312
28411,281.313
28412,281.315
28413,281.316
28414,281.318
28415,281.321
28416,281.323
28417,281.325
28418,281.328
28419,281.330
28420,281.332
28421,281.333
28422,281.335
28423,281.336
28424,281.338
28425,281.403
28426,281.410
28427,281.412
28428,281.414
28429,281.416
28430,281.417
28431,281.475
28432,281.487
28433,281.504
28434,281.514
28435,281.528
28436,281.529
28437,281.531
28438,281.547
28439,281.557
28440,281.570
28441,281.581
28442,281.587
28443,281.597
28444,281.603
28445,281.613
28446,281.619
28447,281.630
28448,281.633
28449,281.645
28450,281.648
28451,281.650
28452,281.666
28453,281.668
28454,281.669
28455,281.671
28456,281.672
28457,281.674
28458,281.690
28459,281.692
28460,281.693
28461,281.696
28462,281.697
28463,281.711
28464,281.712
28465,281.714
28466,281.716
28467,281.728
28468,281.736
28469,281.747
28470,281.750
28471,281.753
28472,281.755
28473,281.761
28474,281.772
28475,281.774
28476,281.864
28477,281.870
28478,281.929
28479,281.940
28480,281.942
28481,281.945
28482,281.951
28483,281.954
28484,281.959
28485,281.960
28486,281.961
28487,282.015
28488,282.024
28489,282.102
28490,282.110
28491,282.191
28492,282.199
28493,282.463
28494,282.470
28495,282.603
28496,282.713
28497,282.775
28498,282.787
28499,282.844
28500,282.864
28501,282.924
28502,282.994
28503,283.007
28504,283.010
28505,283.011
28506,283.020
28507,283.022
28508,283.023
28509,283.120
28510,283.183
28511,283.195
28512,283.203
28513,283.205
28514,283.213
28515,283.215
28516,283.216
28517,283.228
28518,283.247
28519,283.249
28520,283.250
28521,283.271
28522,283.281
28523,283.295
28524,283.307
28525,283.314
28526,283.316
28527,283.331
28528,283.336
28529,283.345
28530,283.351
28531,283.353
28532,283.446
28533,283.453
28534,283.455
28535,283.512
28536,283.516
28537,283.518
28538,283.531
28539,283.542
28540,283.548
28541,283.559
28542,283.576
28543,283.586
28544,283.588
28545,283.590
28546,283.593
28547,283.601
28548,283.613
28549,283.616
28550,283.619
28551,283.623
28552,283.624
28553,283.626
28554,283.635
28555,283.647
28556,283.649
28557,283.651
28558,283.667
28559,283.668
28560,283.670
28561,283.671
28562,283.672
28563,283.674
28564,283.675
28565,283.683
28566,283.684
28567,283.686
28568,283.687
28569,283.688
28570,283.700
28571,283.713
28572,283.723
28573,283.731
28574,283.741
28575,283.748
28576,283.752
28577,283.841
28578,283.849
28579,283.929
28580,283.946
28581,283.955
28582,283.957
28583,283.960
28584,283.961
28585,283.972
28586,283.974
28587,283.976
28588,283.978
28589,283.980
28590,283.981
28591,283.988
28592,284.003
28593,284.014
28594,284.033
28595,284.045
28596,284.049
28597,284.069
28598,284.077
28599,284.088
28600,284.094
28601,284.212
28602,284.221
28603,284.223
28604,284.302
28605,284.308
28606,284.310
28607,284.329
28608,284.342
28609,284.348
28610,284.360
28611,284.378
28612,284.389
28613,284.391
28614,284.393
28615,284.396
28616,284.405
28617,284.419
28618,284.429
28619,284.441
28620,284.443
28621,284.446
28622,284.462
28623,284.464
28624,284.465
28625,284.467
28626,284.473
28627,284.475
28628,284.476
28629,284.478
28630,284.479
28631,284.481
28632,284.486
28633,284.497
28634,284.503
28635,284.514
28636,284.516
28637,284.529
28638,284.531
28639,284.533
28640,284.548
28641,284.549
28642,284.551
28643,284.552
28644,284.568
28645,284.574
28646,284.576
28647,284.673
28648,284.738
28649,284.744
28650,284.746
28651,284.748
28652,284.750
28653,284.815
28654,284.821
28655,284.886
28656,284.892
28657,284.894
28658,284.989
28659,285.057
28660,285.063
28661,285.066
28662,285.068
28663,285.070
28664,285.137
28665,285.144
28666,285.247
28667,285.263
28668,285.265
28669,285.268
28670,285.270
28671,285.272
28672,285.275
28673,285.277
28674,285.280
28675,285.282
28676,285.284
28677,285.287
28678,285.289
28679,285.291
28680,285.294
28681,285.297
28682,285.370
28683,285.383
28684,285.385
28685,285.454
28686,285.465
28687,285.534
28688,285.546
28689,285.548
28690,285.613
28691,285.625
28692,285.695
28693,285.707
28694,285.709
28695,285.711
28696,285.800
28697,285.816
28698,285.907
28699,285.921
28700,286.009
28701,286.028
28702,286.030
28703,286.114
28704,286.128
28705,286.135
28706,286.149
28707,286.151
28708,286.237
28709,286.259
28710,286.337
28711,286.349
28712,286.352
28713,286.354
28714,286.424
28715,286.436
28716,286.503
28717,286.515
28718,286.581
28719,286.592
28720,286.660
28721,286.673
28722,286.741
28723,286.753
28724,286.819
28725,286.832
28726,286.897
28727,286.909
28728,286.977
28729,286.990
28730,287.055
28731,287.067
28732,287.155
28733,287.169
28734,287.237
28735,287.248
28736,287.317
28737,287.331
28738,287.398
28739,287.409
28740,287.477
28741,287.489
28742,287.556
28743,287.569
28744,287.571
28745,287.636
28746,287.647
28747,287.653
28748,287.664
28749,287.666
28750,287.737
28751,287.758
28752,287.850
28753,287.867
28754,287.870
28755,287.958
28756,287.975
28757,287.978
28758,288.060
28759,288.075
28760,288.164
28761,288.182
28762,288.184
28763,288.187
28764,288.279
28765,288.300
28766,288.369
28767,288.381
28768,288.464
28769,288.471
28770,288.549
28771,288.636
28772,288.642
28773,288.723
28774,288.814
28775,288.819
28776,288.897
28777,288.915
28778,288.917
28779,288.919
28780,288.921
28781,288.922
28782,288.940
28783,288.951
28784,288.965
28785,288.978
28786,288.980
28787,288.993
28788,289.005
28789,289.072
28790,289.086
28791,289.148
28792,289.160
28793,289.165
28794,289.178
28795,289.184
28796,289.194
28797,289.201
28798,289.203
28799,289.205
28800,289.211
28801,289.222
28802,289.224
28803,289.231
28804,289.244
28805,289.247
28806,289.249
28807,289.253
28808,289.254
28809,289.268
28810,289.270
28811,289.272
28812,289.274
28813,289.286
28814,289.291
28815,289.293
28816,289.310
28817,289.312
28818,289.313
28819,289.315
28820,289.317
28821,289.325
28822,289.338
28823,289.346
28824,289.349
28825,289.364
28826,289.370
28827,289.383
28828,289.396
28829,289.402
28830,289.413
28831,289.430
28832,289.440
28833,289.442
28834,289.454
28835,289.456
28836,289.457
28837,289.459
28838,289.464
28839,289.477
28840,289.504
28841,289.520
28842,289.522
28843,289.544
28844,289.565
28845,289.580
28846,289.584
28847,289.608
28848,289.617
28849,289.620
28850,289.622
28851,289.642
28852,289.661
28853,289.683
28854,289.688
28855,289.700
28856,289.720
28857,289.725
28858,289.744
28859,289.746
28860,289.748
28861,289.756
28862,289.770
28863,289.772
28864,289.781
28865,289.799
28866,289.804
28867,289.806
28868,289.811
28869,289.813
28870,289.831
28871,289.833
28872,289.835
28873,289.837
28874,289.855
28875,289.864
28876,289.866
28877,289.892
28878,289.894
28879,289.896
28880,289.899
28881,289.901
28882,289.911
28883,289.927
28884,289.936
28885,289.939
28886,289.957
28887,289.963
28888,289.977
28889,289.991
28890,289.998
28891,290.008
28892,290.026
28893,290.037
28894,290.039
28895,290.054
28896,290.056
28897,290.058
28898,290.059
28899,290.065
28900,290.076
28901,290.093
28902,290.103
28903,290.105
28904,290.121
28905,290.134
28906,290.142
28907,290.145
28908,290.161
28909,290.167
28910,290.169
28911,290.171
28912,290.186
28913,290.199
28914,290.214
28915,290.219
28916,290.228
28917,290.240
28918,290.243
28919,290.256
28920,290.258
28921,290.259
28922,290.265
28923,290.275
28924,290.277
28925,290.284
28926,290.296
28927,290.299
28928,290.301
28929,290.305
28930,290.307
28931,290.320
28932,290.322
28933,290.324
28934,290.325
28935,290.337
28936,290.342
28937,290.344
28938,290.360
28939,290.361
28940,290.363
28941,290.364
28942,290.366
28943,290.374
28944,290.376
28945,290.377
28946,290.379
28947,290.395
28948,290.406
28949,290.408
28950,290.420
28951,290.431
28952,290.434
28953,290.447
28954,290.450
28955,290.452
28956,290.467
28957,290.478
28958,290.495
28959,290.507
28960,290.509
28961,290.523
28962,290.536
28963,290.539
28964,290.542
28965,290.546
28966,290.548
28967,290.551
28968,290.556
28969,290.566
28970,290.579
28971,290.582
28972,290.595
28973,290.606
28974,290.611
28975,290.622
28976,290.627
28977,290.638
28978,290.645
28979,290.657
28980,290.658
28981,290.660
28982,290.667
28983,290.678
28984,290.695
28985,290.706
28986,290.719
28987,290.730
28988,290.748
28989,290.760
28990,290.774
28991,290.786
28992,290.829
28993,290.829
28994,290.829
28995,290.829
28996,290.829
28997,290.829
28998,290.831
28999,290.837
29000,290.841
29001,290.843
29002,290.845
29003,290.851
29004,290.856
29005,290.858
29006,290.864
29007,290.868
29008,290.870
29009,290.876
29010,290.882
29011,290.884
29012,290.885
29013,290.887
29014,290.889
29015,290.893
29016,290.897
29017,290.899
29018,290.903
29019,290.905
29020,290.909
29021,290.911
29022,290.915
29023,290.988
29024,290.993
29025,291.082
29026,291.089
29027,291.091
29028,291.093
29029,291.095
29030,291.100
29031,291.106
29032,291.108
29033,291.114
29034,291.117
29035,291.123
29036,291.125
29037,291.131
29038,291.138
29039,291.148
29040,291.151
29041,291.153
29042,291.155
29043,291.157
29044,291.163
29045,291.169
29046,291.171
29047,291.176
29048,291.179
29049,291.184
29050,291.186
29051,291.191
29052,291.194
29053,291.199
29054,291.204
29055,291.209
29056,291.211
29057,291.217
29058,291.301
29059,291.310
29060,291.392
29061,291.401
29062,291.403
29063,291.406
29064,291.408
29065,291.410
29066,291.416
29067,291.421
29068,291.509
29069,291.601
29070,291.610
29071,291.613
29072,291.615
29073,291.617
29074,291.687
29075,291.760
29076,291.830
29077,291.838
29078,291.840
29079,291.842
29080,291.844
29081,291.846
29082,291.913
29083,291.988
29084,292.060
29085,292.068
29086,292.071
29087,292.074
29088,292.081
29089,292.084
29090,292.091
29091,292.099
29092,292.105
29093,292.107
29094,292.114
29095,292.121
29096,292.125
29097,292.134
29098,292.136
29099,292.140
29100,292.146
29101,292.148
29102,292.150
29103,292.152
29104,292.154
29105,292.156
29106,292.159
29107,292.166
29108,292.169
29109,292.176
29110,292.178
29111,292.182
29112,292.189
29113,292.191
29114,292.195
29115,292.201
29116,292.203
29117,292.207
29118,292.214
29119,292.216
29120,292.220
29121,292.226
29122,292.303
29123,292.311
29124,292.314
29125,292.318
29126,292.394
29127,292.401
29128,292.409
29129,292.416
29130,292.423
29131,292.431
29132,292.433
29133,292.501
29134,292.573
29135,292.644
29136,292.651
29137,292.719
29138,292.789
29139,292.859
29140,292.867
29141,292.871
29142,292.880
29143,292.882
29144,292.885
29145,292.956
29146,292.964
29147,292.966
29148,293.023
29149,293.029
29150,293.031
29151,293.121
29152,293.129
29153,293.217
29154,293.228
29155,293.231
29156,293.239
29157,293.247
29158,293.251
29159,293.260
29160,293.269
29161,293.277
29162,293.279
29163,293.288
29164,293.296
29165,293.301
29166,293.310
29167,293.313
29168,293.324
29169,293.332
29170,293.334
29171,293.336
29172,293.338
29173,293.340
29174,293.342
29175,293.350
29176,293.359
29177,293.361
29178,293.364
29179,293.373
29180,293.375
29181,293.379
29182,293.387
29183,293.389
29184,293.392
29185,293.401
29186,293.403
29187,293.407
29188,293.416
29189,293.418
29190,293.421
29191,293.431
29192,293.525
29193,293.535
29194,293.538
29195,293.541
29196,293.645
29197,293.653
29198,293.656
29199,293.659
29200,293.661
29201,293.734
29202,293.741
29203,293.747
29204,293.754
29205,293.756
29206,293.757
29207,293.759
29208,293.823
29209,293.893
29210,293.960
29211,293.967
29212,293.970
29213,293.977
29214,293.979
29215,293.980
29216,293.984
29217,293.989
29218,294.057
29219,294.064
29220,294.066
29221,294.141
29222,294.148
29223,294.151
29224,294.228
29225,294.235
29226,294.334
29227,294.405
29228,294.411
29229,294.471
29230,294.478
29231,294.481
29232,294.487
29233,294.489
29234,294.491
29235,294.492
29236,294.495
29237,294.501
29238,294.503
29239,294.504
29240,294.506
29241,294.509
29242,294.515
29243,294.517
29244,294.518
29245,294.520
29246,294.525
29247,294.531
29248,294.595
29249,294.665
29250,294.735
29251,294.743
29252,294.745
29253,294.749
29254,294.755
29255,294.757
29256,294.764
29257,294.771
29258,294.777
29259,294.779
29260,294.787
29261,294.795
29262,294.799
29263,294.809
29264,294.812
29265,294.817
29266,294.824
29267,294.826
29268,294.829
29269,294.832
29270,294.838
29271,294.842
29272,294.848
29273,294.850
29274,294.859
29275,294.866
29276,294.873
29277,294.880
29278,294.885
29279,294.893
29280,294.895
29281,294.958
29282,295.024
29283,295.030
29284,295.037
29285,295.044
29286,295.050
29287,295.057
29288,295.059
29289,295.116
29290,295.203
29291,295.210
29292,295.220
29293,295.228
29294,295.237
29295,295.247
29296,295.249
29297,295.251
29298,295.253
29299,295.336
29300,295.422
29301,295.509
29302,295.517
29303,295.597
29304,295.690
29305,295.760
29306,295.767
29307,295.773
29308,295.780
29309,295.847
29310,295.853
29311,295.855
29312,295.922
29313,295.928
29314,296.005
29315,296.011
29316,296.014
29317,296.093
29318,296.100
29319,296.204
29320,296.267
29321,296.273
29322,296.276
29323,296.283
29324,296.284
29325,296.286
29326,296.288
29327,296.291
29328,296.297
29329,296.300
29330,296.305
29331,296.311
29332,296.316
29333,296.322
29334,296.329
29335,296.331
29336,296.334
29337,296.340
29338,296.342
29339,296.348
29340,296.355
29341,296.362
29342,296.363
29343,296.370
29344,296.376
29345,296.380
29346,296.387
29347,296.389
29348,296.392
29349,296.399
29350,296.401
29351,296.403
29352,296.404
29353,296.406
29354,296.408
29355,296.410
29356,296.416
29357,296.417
29358,296.420
29359,296.426
29360,296.428
29361,296.431
29362,296.437
29363,296.439
29364,296.442
29365,296.447
29366,296.449
29367,296.452
29368,296.457
29369,296.459
29370,296.462
29371,296.468
29372,296.475
29373,296.482
29374,296.488
29375,296.494
29376,296.495
29377,296.558
29378,296.625
29379,296.630
29380,296.637
29381,296.643
29382,296.651
29383,296.660
29384,296.662
29385,296.729
29386,296.799
29387,296.869
29388,296.875
29389,296.940
29390,297.006
29391,297.013
29392,297.020
29393,297.026
29394,297.092
29395,297.098
29396,297.100
29397,297.164
29398,297.170
29399,297.270
29400,297.280
29401,297.284
29402,297.386
29403,297.394
29404,297.524
29405,297.609
29406,297.618
29407,297.622
29408,297.631
29409,297.633
29410,297.635
29411,297.637
29412,297.640
29413,297.649
29414,297.652
29415,297.661
29416,297.669
29417,297.681
29418,297.683
29419,297.772
29420,297.778
29421,297.847
29422,297.854
29423,297.921
29424,297.929
29425,297.932
29426,297.939
29427,297.945
29428,297.949
29429,297.955
29430,297.964
29431,297.970
29432,297.972
29433,297.979
29434,297.986
29435,297.990
29436,297.997
29437,297.999
29438,298.008
29439,298.016
29440,298.018
29441,298.020
29442,298.022
29443,298.024
29444,298.025
29445,298.032
29446,298.039
29447,298.041
29448,298.043
29449,298.049
29450,298.052
29451,298.055
29452,298.061
29453,298.063
29454,298.065
29455,298.072
29456,298.074
29457,298.076
29458,298.083
29459,298.085
29460,298.087
29461,298.094
29462,298.177
29463,298.185
29464,298.187
29465,298.189
29466,298.258
29467,298.265
29468,298.267
29469,298.345
29470,298.353
29471,298.356
29472,298.427
29473,298.434
29474,298.441
29475,298.451
29476,298.512
29477,298.519
29478,298.582
29479,298.589
29480,298.654
29481,298.661
29482,298.664
29483,298.667
29484,298.673
29485,298.676
29486,298.682
29487,298.691
29488,298.698
29489,298.699
29490,298.707
29491,298.714
29492,298.718
29493,298.726
29494,298.728
29495,298.732
29496,298.739
29497,298.740
29498,298.742
29499,298.744
29500,298.746
29501,298.747
29502,298.750
29503,298.757
29504,298.758
29505,298.761
29506,298.767
29507,298.769
29508,298.772
29509,298.778
29510,298.780
29511,298.783
29512,298.790
29513,298.791
29514,298.794
29515,298.800
29516,298.802
29517,298.805
29518,298.812
29519,298.821
29520,298.827
29521,298.834
29522,298.840
29523,298.847
29524,298.854
29525,298.856
29526,298.857
29527,298.859
29528,298.865
29529,298.872
29530,298.873
29531,298.956
29532,299.023
29533,299.029
29534,299.037
29535,299.043
29536,299.051
29537,299.060
29538,299.062
29539,299.124
29540,299.190
29541,299.268
29542,299.278
29543,299.376
29544,299.387
29545,299.468
29546,299.477
29547,299.479
29548,299.482
29549,299.561
29550,299.647
29551,299.654
29552,299.664
29553,299.674
29554,299.676
29555,299.760
29556,299.769
29557,299.846
29558,299.854
29559,299.922
29560,299.932
29561,299.934
29562,299.941
29563,299.948
29564,299.951
29565,299.958
29566,299.965
29567,299.972
29568,299.973
29569,299.981
29570,299.988
29571,299.992
29572,299.998
29573,300.000
29574,300.010
29575,300.016
29576,300.018
29577,300.019
29578,300.021
29579,300.023
29580,300.024
29581,300.031
29582,300.037
29583,300.039
29584,300.042
29585,300.048
29586,300.050
29587,300.053
29588,300.059
29589,300.061
29590,300.064
29591,300.071
29592,300.073
29593,300.075
29594,300.082
29595,300.084
29596,300.086
29597,300.093
29598,300.172
29599,300.180
29600,300.182
29601,300.184
29602,300.256
29603,300.263
29604,300.265
29605,300.268
29606,300.275
29607,300.277
29608,300.285
29609,300.292
29610,300.299
29611,300.308
29612,300.371
29613,300.378
29614,300.442
29615,300.449
29616,300.512
29617,300.519
29618,300.521
29619,300.524
29620,300.531
29621,300.534
29622,300.541
29623,300.549
29624,300.556
29625,300.558
29626,300.565
29627,300.572
29628,300.576
29629,300.584
29630,300.586
29631,300.590
29632,300.597
29633,300.599
29634,300.601
29635,300.603
29636,300.604
29637,300.606
29638,300.609
29639,300.616
29640,300.618
29641,300.621
29642,300.628
29643,300.630
29644,300.633
29645,300.640
29646,300.642
29647,300.645
29648,300.652
29649,300.654
29650,300.657
29651,300.664
29652,300.666
29653,300.669
29654,300.676
29655,300.684
29656,300.691
29657,300.698
29658,300.705
29659,300.711
29660,300.718
29661,300.719
29662,300.721
29663,300.723
29664,300.728
29665,300.735
29666,300.737
29667,300.800
29668,300.865
29669,300.871
29670,300.878
29671,300.885
29672,300.892
29673,300.898
29674,300.900
29675,300.902
29676,300.904
29677,300.968
29678,301.034
29679,301.101
29680,301.108
29681,301.179
29682,301.185
29683,301.247
29684,301.253
29685,301.255
29686,301.257
29687,301.262
29688,301.267
29689,301.352
29690,301.450
29691,301.544
29692,301.553
29693,301.556
29694,301.560
29695,301.568
29696,301.571
29697,301.579
29698,301.588
29699,301.596
29700,301.599
29701,301.608
29702,301.616
29703,301.621
29704,301.633
29705,301.635
29706,301.640
29707,301.649
29708,301.651
29709,301.654
29710,301.656
29711,301.659
29712,301.667
29713,301.670
29714,301.681
29715,301.683
29716,301.686
29717,301.698
29718,301.701
29719,301.711
29720,301.720
29721,301.728
29722,301.735
29723,301.743
29724,301.752
29725,301.754
29726,301.756
29727,301.757
29728,301.844
29729,301.923
29730,301.994
29731,302.000
29732,302.077
29733,302.083
29734,302.144
29735,302.151
29736,302.153
29737,302.155
29738,302.161
29739,302.167
29740,302.230
29741,302.299
29742,302.366
29743,302.372
29744,302.381
29745,302.389
29746,302.391
29747,302.398
29748,302.404
29749,302.407
29750,302.412
29751,302.420
29752,302.426
29753,302.428
29754,302.436
29755,302.442
29756,302.446
29757,302.453
29758,302.455
29759,302.464
29760,302.471
29761,302.474
29762,302.476
29763,302.478
29764,302.479
29765,302.481
29766,302.483
29767,302.490
29768,302.495
29769,302.498
29770,302.504
29771,302.506
29772,302.509
29773,302.515
29774,302.516
29775,302.519
29776,302.525
29777,302.527
29778,302.530
29779,302.535
29780,302.537
29781,302.545
29782,302.551
29783,302.557
29784,302.563
29785,302.564
29786,302.629
29787,302.696
29788,302.702
29789,302.709
29790,302.715
29791,302.812
29792,302.828
29793,302.831
29794,302.833
29795,302.835
29796,302.837
29797,302.840
29798,302.842
29799,302.845
29800,302.847
29801,302.850
29802,302.852
29803,302.855
29804,302.857
29805,302.860
29806,302.862
29807,302.866
29808,302.932
29809,302.947
29810,302.953
29811,302.959
29812,302.972
29813,302.974
29814,302.976
29815,302.983
29816,302.989
29817,302.996
29818,303.001
29819,303.008
29820,303.021
29821,303.023
29822,303.025
29823,303.029
29824,303.035
29825,303.038
29826,303.045
29827,303.052
29828,303.064
29829,303.066
29830,303.068
29831,303.075
29832,303.082
29833,303.088
29834,303.093
29835,303.099
29836,303.111
29837,303.113
29838,303.116
29839,303.119
29840,303.125
29841,303.131
29842,303.142
29843,303.145
29844,303.147
29845,303.150
29846,303.156
29847,303.158
29848,303.163
29849,303.169
29850,303.181
29851,303.183
29852,303.185
29853,303.192
29854,303.198
29855,303.204
29856,303.209
29857,303.215
29858,303.226
29859,303.229
29860,303.231
29861,303.234
29862,303.240
29863,303.243
29864,303.248
29865,303.254
29866,303.265
29867,303.268
29868,303.270
29869,303.274
29870,303.281
29871,303.284
29872,303.292
29873,303.299
29874,303.313
29875,303.315
29876,303.318
29877,303.321
29878,303.327
29879,303.331
29880,303.338
29881,303.344
29882,303.356
29883,303.358
29884,303.360
29885,303.364
29886,303.369
29887,303.372
29888,303.376
29889,303.382
29890,303.392
29891,303.394
29892,303.396
29893,303.398
29894,303.402
29895,303.407
29896,303.421
29897,303.423
29898,303.425
29899,303.434
29900,303.442
29901,303.449
29902,303.455
29903,303.462
29904,303.481
29905,303.483
29906,303.485
29907,303.494
29908,303.502
29909,303.508
29910,303.513
29911,303.521
29912,303.537
29913,303.539
29914,303.542
29915,303.545
29916,303.553
29917,303.556
29918,303.561
29919,303.569
29920,303.586
29921,303.588
29922,303.590
29923,303.593
29924,303.601
29925,303.608
29926,303.624
29927,303.627
29928,303.633
29929,303.642
29930,303.660
29931,303.667
29932,303.681
29933,303.767
29934,303.789
29935,303.792
29936,303.794
29937,303.874
29938,303.877
29939,303.879
29940,303.881
29941,303.896
29942,303.898
29943,303.900
29944,303.903
29945,303.905
29946,303.907
29947,303.998
29948,304.016
29949,304.082
29950,304.088
29951,304.102
29952,304.115
29953,304.123
29954,304.136
29955,304.139
29956,304.145
29957,304.156
29958,304.168
29959,304.180
29960,304.191
29961,304.200
29962,304.202
29963,304.204
29964,304.221
29965,304.232
