n,seconds
1,0.000
2,0.056
3,0.096
4,0.121
5,0.130
6,0.157
7,0.213
8,0.266
9,0.308
10,0.315
11,0.331
12,0.360
13,0.375
14,0.401
15,0.406
16,0.420
17,0.426
18,0.431
19,0.435
20,0.440
21,0.455
22,0.480
23,0.496
24,0.547
25,0.547
26,0.583
27,0.589
28,0.609
29,0.653
30,0.682
31,0.688
32,0.705
33,0.734
34,0.740
35,0.755
36,0.781
37,0.787
38,0.802
39,0.807
40,0.812
41,0.817
42,0.822
43,0.837
44,0.863
45,0.878
46,0.904
47,0.923
48,0.930
49,0.948
50,0.999
51,1.027
52,1.033
53,1.048
54,1.076
55,1.082
56,1.097
57,1.124
58,1.139
59,1.144
60,1.149
61,1.154
62,1.159
63,1.173
64,1.198
65,1.204
66,1.218
67,1.223
68,1.228
69,1.233
70,1.238
71,1.256
72,1.299
73,1.328
74,1.369
75,1.395
76,1.433
77,1.442
78,1.453
79,1.477
80,1.520
81,1.545
82,1.586
83,1.609
84,1.659
85,1.670
86,1.691
87,1.723
88,1.740
89,1.769
90,1.785
91,1.810
92,1.815
93,1.820
94,1.826
95,1.831
96,1.836
97,1.841
98,1.856
99,1.894
100,1.921
101,1.938
102,1.966
103,1.983
104,2.011
105,2.031
106,2.063
107,2.087
108,2.140
109,2.171
110,2.217
111,2.246
112,2.257
113,2.268
114,2.274
115,2.281
116,2.287
117,2.295
118,2.302
119,2.309
120,2.316
121,2.323
122,2.330
123,2.336
124,2.343
125,2.350
126,2.356
127,2.363
128,2.370
129,2.385
130,2.411
131,2.427
132,2.432
133,2.438
134,2.444
135,2.460
136,2.486
137,2.504
138,2.531
139,2.548
140,2.575
141,2.591
142,2.618
143,2.635
144,2.670
145,2.698
146,2.744
147,2.773
148,2.813
149,2.822
150,2.830
151,2.854
152,2.893
153,2.921
154,2.988
155,3.033
156,3.060
157,3.104
158,3.121
159,3.148
160,3.166
161,3.193
162,3.209
163,3.235
164,3.251
165,3.276
166,3.293
167,3.322
168,3.340
169,3.366
170,3.372
171,3.388
172,3.415
173,3.421
174,3.438
175,3.466
176,3.483
177,3.510
178,3.519
179,3.532
180,3.559
181,3.577
182,3.605
183,3.624
184,3.657
185,3.675
186,3.707
187,3.724
188,3.753
189,3.770
190,3.805
191,3.811
192,3.828
193,3.857
194,3.862
195,3.878
196,3.905
197,3.912
198,3.928
199,3.954
200,3.972
201,3.998
202,4.016
203,4.059
204,4.086
205,4.129
206,4.154
207,4.194
208,4.202
209,4.226
210,4.268
211,4.278
212,4.308
213,4.369
214,4.411
215,4.422
216,4.433
217,4.444
218,4.450
219,4.456
220,4.461
221,4.478
222,4.518
223,4.554
224,4.592
225,4.629
226,4.669
227,4.711
228,4.752
229,4.782
230,4.789
231,4.815
232,4.858
233,4.866
234,4.874
235,4.882
236,4.890
237,4.898
238,4.906
239,4.914
240,4.922
241,4.930
242,4.938
243,4.956
244,4.987
245,5.005
246,5.039
247,5.058
248,5.089
249,5.108
250,5.141
251,5.160
252,5.191
253,5.208
254,5.240
255,5.258
256,5.290
257,5.310
258,5.340
259,5.362
260,5.411
261,5.443
262,5.485
263,5.494
264,5.522
265,5.562
266,5.573
267,5.582
268,5.611
269,5.660
270,5.671
271,5.700
272,5.741
273,5.750
274,5.782
275,5.823
276,5.829
277,5.836
278,5.855
279,5.886
280,5.892
281,5.911
282,5.944
283,5.961
284,5.989
285,5.994
286,6.012
287,6.041
288,6.047
289,6.063
290,6.091
291,6.108
292,6.137
293,6.143
294,6.160
295,6.188
296,6.194
297,6.212
298,6.243
299,6.250
300,6.273
301,6.310
302,6.317
303,6.324
304,6.346
305,6.381
306,6.390
307,6.408
308,6.440
309,6.446
310,6.453
311,6.459
312,6.465
313,6.486
314,6.523
315,6.540
316,6.568
317,6.585
318,6.615
319,6.621
320,6.639
321,6.670
322,6.689
323,6.720
324,6.727
325,6.753
326,6.797
327,6.808
328,6.858
329,6.893
330,6.923
331,6.970
332,6.997
333,7.038
334,7.047
335,7.071
336,7.108
337,7.136
338,7.177
339,7.183
340,7.201
341,7.230
342,7.250
343,7.283
344,7.290
345,7.311
346,7.343
347,7.350
348,7.371
349,7.407
350,7.428
351,7.466
352,7.484
353,7.515
354,7.521
355,7.540
356,7.571
357,7.577
358,7.584
359,7.602
360,7.629
361,7.635
362,7.641
363,7.647
364,7.655
365,7.662
366,7.668
367,7.685
368,7.724
369,7.763
370,7.804
371,7.843
372,7.882
373,7.911
374,7.917
375,7.937
376,7.969
377,7.975
378,7.993
379,8.024
380,8.039
381,8.067
382,8.085
383,8.128
384,8.157
385,8.200
386,8.209
387,8.235
388,8.275
389,8.284
390,8.293
391,8.325
392,8.374
393,8.383
394,8.407
395,8.447
396,8.455
397,8.485
398,8.529
399,8.536
400,8.542
401,8.560
402,8.592
403,8.599
404,8.605
405,8.624
406,8.662
407,8.669
408,8.687
409,8.715
410,8.735
411,8.768
412,8.775
413,8.791
414,8.819
415,8.836
416,8.862
417,8.869
418,8.885
419,8.912
420,8.918
421,8.924
422,8.942
423,8.973
424,8.980
425,8.998
426,9.030
427,9.036
428,9.043
429,9.060
430,9.089
431,9.094
432,9.113
433,9.142
434,9.148
435,9.155
436,9.172
437,9.201
438,9.219
439,9.246
440,9.267
441,9.301
442,9.309
443,9.328
444,9.361
445,9.367
446,9.383
447,9.420
448,9.477
449,9.490
450,9.519
451,9.559
452,9.568
453,9.593
454,9.632
455,9.642
456,9.654
457,9.684
458,9.731
459,9.740
460,9.763
461,9.827
462,9.855
463,9.862
464,9.870
465,9.876
466,9.883
467,9.889
468,9.906
469,9.934
470,9.940
471,9.957
472,9.986
473,9.993
474,10.012
475,10.038
476,10.044
477,10.050
478,10.067
479,10.095
480,10.101
481,10.117
482,10.144
483,10.150
484,10.166
485,10.194
486,10.214
487,10.248
488,10.255
489,10.262
490,10.280
491,10.315
492,10.322
493,10.339
494,10.367
495,10.383
496,10.412
497,10.429
498,10.456
499,10.462
500,10.478
501,10.507
502,10.513
503,10.519
504,10.535
505,10.561
506,10.567
507,10.585
508,10.613
509,10.619
510,10.636
511,10.669
512,10.676
513,10.682
514,10.705
515,10.754
516,10.765
517,10.796
518,10.838
519,10.848
520,10.875
521,10.920
522,10.953
523,11.004
524,11.015
525,11.027
526,11.039
527,11.066
528,11.119
529,11.132
530,11.153
531,11.180
532,11.198
533,11.227
534,11.244
535,11.269
536,11.275
537,11.281
538,11.286
539,11.292
540,11.299
541,11.305
542,11.322
543,11.359
544,11.397
545,11.434
546,11.469
547,11.506
548,11.543
549,11.568
550,11.574
551,11.595
552,11.630
553,11.636
554,11.643
555,11.651
556,11.672
557,11.709
558,11.728
559,11.761
560,11.779
561,11.812
562,11.828
563,11.856
564,11.872
565,11.899
566,11.916
567,11.943
568,11.949
569,11.973
570,12.021
571,12.034
572,12.047
573,12.060
574,12.086
575,12.129
576,12.140
577,12.150
578,12.182
579,12.231
580,12.242
581,12.273
582,12.323
583,12.334
584,12.359
585,12.400
586,12.430
587,12.459
588,12.465
589,12.483
590,12.513
591,12.518
592,12.538
593,12.571
594,12.578
595,12.597
596,12.630
597,12.637
598,12.659
599,12.696
600,12.703
601,12.725
602,12.758
603,12.765
604,12.785
605,12.818
606,12.825
607,12.841
608,12.866
609,12.882
610,12.909
611,12.916
612,12.937
613,12.972
614,12.979
615,12.986
616,12.993
617,13.000
618,13.021
619,13.056
620,13.063
621,13.070
622,13.091
623,13.123
624,13.130
625,13.149
626,13.182
627,13.189
628,13.205
629,13.231
630,13.246
631,13.275
632,13.284
633,13.325
634,13.397
635,13.411
636,13.423
637,13.435
638,13.465
639,13.519
640,13.530
641,13.541
642,13.551
643,13.581
644,13.629
645,13.639
646,13.672
647,13.713
648,13.734
649,13.771
650,13.778
651,13.795
652,13.821
653,13.828
654,13.833
655,13.839
656,13.845
657,13.851
658,13.857
659,13.873
660,13.909
661,13.945
662,13.981
663,14.017
664,14.065
665,14.109
666,14.126
667,14.153
668,14.175
669,14.209
670,14.216
671,14.223
672,14.230
673,14.251
674,14.286
675,14.308
676,14.348
677,14.355
678,14.414
679,14.417
680,14.436
681,14.498
682,14.498
683,14.540
684,14.546
685,14.552
686,14.560
687,14.570
688,14.608
689,14.671
690,14.704
691,14.756
692,14.766
693,14.790
694,14.831
695,14.856
696,14.894
697,14.903
698,14.928
699,14.973
700,14.984
701,15.007
702,15.044
703,15.052
704,15.060
705,15.077
706,15.104
707,15.110
708,15.126
709,15.154
710,15.170
711,15.197
712,15.219
713,15.254
714,15.281
715,15.290
716,15.303
717,15.312
718,15.321
719,15.349
720,15.410
721,15.450
722,15.459
723,15.475
724,15.481
725,15.487
726,15.494
727,15.500
728,15.520
729,15.548
730,15.554
731,15.575
732,15.609
733,15.617
734,15.624
735,15.641
736,15.672
737,15.679
738,15.685
739,15.693
740,15.700
741,15.706
742,15.725
743,15.758
744,15.764
745,15.786
746,15.825
747,15.845
748,15.893
749,15.938
750,16.020
751,16.028
752,16.037
753,16.065
754,16.109
755,16.119
756,16.159
757,16.228
758,16.244
759,16.267
760,16.296
761,16.314
762,16.346
763,16.352
764,16.380
765,16.429
766,16.438
767,16.454
768,16.480
769,16.486
770,16.503
771,16.531
772,16.552
773,16.588
774,16.595
775,16.602
776,16.609
777,16.616
778,16.633
779,16.667
780,16.673
781,16.691
782,16.721
783,16.739
784,16.770
785,16.788
786,16.819
787,16.838
788,16.871
789,16.878
790,16.909
791,16.962
792,16.972
793,16.989
794,17.018
795,17.024
796,17.042
797,17.071
798,17.088
799,17.117
800,17.140
801,17.199
802,17.212
803,17.224
804,17.237
805,17.248
806,17.276
807,17.324
808,17.336
809,17.347
810,17.374
811,17.418
812,17.429
813,17.439
814,17.448
815,17.457
816,17.467
817,17.476
818,17.501
819,17.565
820,17.611
821,17.652
822,17.693
823,17.720
824,17.742
825,17.780
826,17.787
827,17.808
828,17.845
829,17.862
830,17.893
831,17.911
832,17.942
833,17.949
834,17.966
835,17.994
836,18.001
837,18.007
838,18.029
839,18.067
840,18.074
841,18.093
842,18.121
843,18.128
844,18.145
845,18.172
846,18.179
847,18.196
848,18.225
849,18.232
850,18.251
851,18.281
852,18.298
853,18.330
854,18.349
855,18.377
856,18.384
857,18.404
858,18.439
859,18.447
860,18.464
861,18.500
862,18.529
863,18.573
864,18.609
865,18.667
866,18.680
867,18.717
868,18.761
869,18.788
870,18.828
871,18.836
872,18.845
873,18.877
874,18.932
875,18.945
876,18.967
877,18.995
878,19.001
879,19.008
880,19.031
881,19.069
882,19.076
883,19.083
884,19.091
885,19.107
886,19.137
887,19.143
888,19.160
889,19.187
890,19.205
891,19.232
892,19.250
893,19.278
894,19.296
895,19.325
896,19.332
897,19.351
898,19.381
899,19.398
900,19.428
901,19.449
902,19.478
903,19.501
904,19.541
905,19.559
906,19.588
907,19.595
908,19.601
909,19.618
910,19.647
911,19.656
912,19.662
913,19.680
914,19.710
915,19.716
916,19.738
917,19.776
918,19.783
919,19.791
920,19.798
921,19.814
922,19.842
923,19.851
924,19.861
925,19.892
926,19.940
927,19.951
928,19.962
929,19.986
930,20.029
931,20.038
932,20.047
933,20.057
934,20.098
935,20.098
936,20.099
937,20.124
938,20.178
939,20.231
940,20.291
941,20.333
942,20.374
943,20.411
944,20.439
945,20.445
946,20.461
947,20.492
948,20.514
949,20.550
950,20.558
951,20.580
952,20.616
953,20.632
954,20.660
955,20.678
956,20.705
957,20.721
958,20.748
959,20.754
960,20.780
961,20.823
962,20.832
963,20.840
964,20.850
965,20.866
966,20.895
967,20.901
968,20.907
969,20.930
970,20.968
971,20.976
972,20.993
973,21.019
974,21.037
975,21.066
976,21.072
977,21.089
978,21.121
979,21.139
980,21.174
981,21.185
982,21.212
983,21.255
984,21.279
985,21.322
986,21.331
987,21.342
988,21.377
989,21.432
990,21.444
991,21.467
992,21.502
993,21.511
994,21.539
995,21.584
996,21.590
997,21.609
998,21.640
999,21.649
1000,21.670
1001,21.704
1002,21.723
1003,21.754
1004,21.760
1005,21.782
1006,21.818
1007,21.826
1008,21.841
1009,21.869
1010,21.886
1011,21.912
1012,21.919
1013,21.935
1014,21.961
1015,21.977
1016,22.002
1017,22.008
1018,22.013
1019,22.031
1020,22.057
1021,22.064
1022,22.082
1023,22.111
1024,22.118
1025,22.136
1026,22.167
1027,22.191
1028,22.241
1029,22.271
1030,22.277
1031,22.284
1032,22.306
1033,22.344
1034,22.352
1035,22.369
1036,22.395
1037,22.412
1038,22.442
1039,22.448
1040,22.488
1041,22.560
1042,22.572
1043,22.586
1044,22.600
1045,22.625
1046,22.671
1047,22.681
1048,22.691
1049,22.701
1050,22.736
1051,22.793
1052,22.805
1053,22.831
1054,22.878
1055,22.896
1056,22.927
1057,22.945
1058,22.974
1059,22.980
1060,22.986
1061,22.991
1062,22.997
1063,23.003
1064,23.008
1065,23.025
1066,23.062
1067,23.097
1068,23.132
1069,23.167
1070,23.192
1071,23.208
1072,23.234
1073,23.255
1074,23.293
1075,23.301
1076,23.324
1077,23.364
1078,23.380
1079,23.407
1080,23.426
1081,23.455
1082,23.462
1083,23.478
1084,23.506
1085,23.513
1086,23.519
1087,23.541
1088,23.580
1089,23.588
1090,23.604
1091,23.631
1092,23.637
1093,23.655
1094,23.685
1095,23.691
1096,23.708
1097,23.734
1098,23.744
1099,23.773
1100,23.822
1101,23.849
1102,23.890
1103,23.917
1104,23.961
1105,23.971
1106,24.004
1107,24.059
1108,24.069
1109,24.093
1110,24.133
1111,24.163
1112,24.192
1113,24.209
1114,24.240
1115,24.246
1116,24.253
1117,24.269
1118,24.295
1119,24.313
1120,24.341
1121,24.362
1122,24.400
1123,24.407
1124,24.414
1125,24.423
1126,24.441
1127,24.471
1128,24.477
1129,24.495
1130,24.525
1131,24.543
1132,24.573
1133,24.591
1134,24.620
1135,24.640
1136,24.680
1137,24.687
1138,24.694
1139,24.702
1140,24.721
1141,24.756
1142,24.776
1143,24.807
1144,24.825
1145,24.856
1146,24.882
1147,24.923
1148,24.931
1149,24.938
1150,24.946
1151,24.965
1152,24.994
1153,25.001
1154,25.007
1155,25.024
1156,25.052
1157,25.058
1158,25.076
1159,25.138
1160,25.201
1161,25.259
1162,25.317
1163,25.376
1164,25.434
1165,25.477
1166,25.488
1167,25.521
1168,25.552
1169,25.570
1170,25.602
1171,25.609
1172,25.615
1173,25.622
1174,25.629
1175,25.635
1176,25.641
1177,25.664
1178,25.695
1179,25.714
1180,25.743
1181,25.765
1182,25.796
1183,25.815
1184,25.848
1185,25.876
1186,25.921
1187,25.929
1188,25.953
1189,25.997
1190,26.006
1191,26.025
1192,26.056
1193,26.074
1194,26.104
1195,26.121
1196,26.151
1197,26.157
1198,26.175
1199,26.205
1200,26.211
1201,26.218
1202,26.224
1203,26.249
1204,26.294
1205,26.302
1206,26.327
1207,26.366
1208,26.385
1209,26.415
1210,26.435
1211,26.470
1212,26.481
1213,26.492
1214,26.538
1215,26.606
1216,26.618
1217,26.648
1218,26.696
1219,26.723
1220,26.774
1221,26.801
1222,26.841
1223,26.850
1224,26.876
1225,26.924
1226,26.948
1227,26.979
1228,26.986
1229,26.994
1230,27.021
1231,27.063
1232,27.071
1233,27.091
1234,27.125
1235,27.132
1236,27.139
1237,27.156
1238,27.184
1239,27.190
1240,27.209
1241,27.242
1242,27.248
1243,27.267
1244,27.297
1245,27.317
1246,27.350
1247,27.357
1248,27.382
1249,27.424
1250,27.433
1251,27.451
1252,27.484
1253,27.503
1254,27.536
1255,27.542
1256,27.560
1257,27.591
1258,27.608
1259,27.638
1260,27.644
1261,27.670
1262,27.711
1263,27.719
1264,27.735
1265,27.766
1266,27.773
1267,27.791
1268,27.820
1269,27.826
1270,27.832
1271,27.851
1272,27.898
1273,27.909
1274,27.920
1275,27.962
1276,28.024
1277,28.036
1278,28.060
1279,28.104
1280,28.132
1281,28.174
1282,28.183
1283,28.209
1284,28.252
1285,28.283
1286,28.316
1287,28.323
1288,28.330
1289,28.349
1290,28.381
1291,28.387
1292,28.407
1293,28.443
1294,28.451
1295,28.469
1296,28.501
1297,28.527
1298,28.578
1299,28.611
1300,28.618
1301,28.625
1302,28.632
1303,28.658
1304,28.702
1305,28.711
1306,28.728
1307,28.759
1308,28.777
1309,28.807
1310,28.814
1311,28.820
1312,28.826
1313,28.833
1314,28.840
1315,28.847
1316,28.865
1317,28.897
1318,28.917
1319,28.946
1320,28.971
1321,29.014
1322,29.022
1323,29.046
1324,29.090
1325,29.108
1326,29.141
1327,29.159
1328,29.188
1329,29.208
1330,29.255
1331,29.265
1332,29.318
1333,29.396
1334,29.410
1335,29.427
1336,29.441
1337,29.468
1338,29.511
1339,29.520
1340,29.529
1341,29.562
1342,29.630
1343,29.640
1344,29.658
1345,29.689
1346,29.707
1347,29.737
1348,29.754
1349,29.783
1350,29.789
1351,29.806
1352,29.833
1353,29.850
1354,29.880
1355,29.886
1356,29.892
1357,29.916
1358,29.956
1359,29.964
1360,29.981
1361,30.009
1362,30.015
1363,30.032
1364,30.063
1365,30.069
1366,30.089
1367,30.123
1368,30.130
1369,30.149
1370,30.181
1371,30.199
1372,30.232
1373,30.239
1374,30.265
1375,30.307
1376,30.316
1377,30.334
1378,30.367
1379,30.385
1380,30.413
1381,30.421
1382,30.439
1383,30.467
1384,30.484
1385,30.511
1386,30.517
1387,30.523
1388,30.545
1389,30.590
1390,30.600
1391,30.631
1392,30.679
1393,30.690
1394,30.716
1395,30.761
1396,30.797
1397,30.868
1398,30.913
1399,30.924
1400,30.934
1401,30.968
1402,31.007
1403,31.016
1404,31.034
1405,31.062
1406,31.078
1407,31.105
1408,31.111
1409,31.127
1410,31.154
1411,31.182
1412,31.233
1413,31.242
1414,31.252
1415,31.261
1416,31.279
1417,31.312
1418,31.319
1419,31.326
1420,31.333
1421,31.359
1422,31.402
1423,31.410
1424,31.430
1425,31.459
1426,31.477
1427,31.505
1428,31.512
1429,31.531
1430,31.574
1431,31.615
1432,31.656
1433,31.687
1434,31.706
1435,31.736
1436,31.743
1437,31.750
1438,31.756
1439,31.762
1440,31.769
1441,31.775
1442,31.801
1443,31.855
1444,31.884
1445,31.893
1446,31.904
1447,31.915
1448,31.960
1449,32.030
1450,32.044
1451,32.088
1452,32.158
1453,32.170
1454,32.197
1455,32.249
1456,32.266
1457,32.272
1458,32.279
1459,32.285
1460,32.321
1461,32.383
1462,32.394
1463,32.404
1464,32.430
1465,32.472
1466,32.489
1467,32.518
1468,32.544
1469,32.585
1470,32.593
1471,32.601
1472,32.609
1473,32.618
1474,32.645
1475,32.694
1476,32.704
1477,32.732
1478,32.742
1479,32.751
1480,32.760
1481,32.770
1482,32.779
1483,32.807
1484,32.854
1485,32.881
1486,32.929
1487,32.938
1488,32.962
1489,33.004
1490,33.031
1491,33.040
1492,33.049
1493,33.058
1494,33.075
1495,33.106
1496,33.135
1497,33.145
1498,33.156
1499,33.167
1500,33.178
1501,33.189
1502,33.231
1503,33.299
1504,33.337
1505,33.402
1506,33.439
1507,33.501
1508,33.529
1509,33.558
1510,33.577
1511,33.607
1512,33.614
1513,33.621
1514,33.628
1515,33.646
1516,33.682
1517,33.689
1518,33.696
1519,33.702
1520,33.736
1521,33.792
1522,33.804
1523,33.829
1524,33.877
1525,33.897
1526,33.940
1527,33.967
1528,33.973
1529,33.990
1530,34.043
1531,34.103
1532,34.115
1533,34.127
1534,34.144
1535,34.173
1536,34.179
1537,34.208
1538,34.257
1539,34.266
1540,34.302
1541,34.365
1542,34.384
1543,34.395
1544,34.405
1545,34.416
1546,34.447
1547,34.459
1548,34.469
1549,34.482
1550,34.493
1551,34.503
1552,34.530
1553,34.574
1554,34.584
1555,34.594
1556,34.604
1557,34.615
1558,34.642
1559,34.734
1560,34.827
1561,34.838
1562,34.851
1563,34.880
1564,34.930
1565,34.939
1566,34.959
1567,34.992
1568,35.026
1569,35.086
1570,35.105
1571,35.111
1572,35.118
1573,35.137
1574,35.168
1575,35.175
1576,35.208
1577,35.270
1578,35.282
1579,35.319
1580,35.394
1581,35.394
1582,35.424
1583,35.446
1584,35.467
1585,35.500
1586,35.509
1587,35.516
1588,35.534
1589,35.562
1590,35.579
1591,35.607
1592,35.614
1593,35.633
1594,35.666
1595,35.683
1596,35.720
1597,35.731
1598,35.761
1599,35.807
1600,35.818
1601,35.843
1602,35.886
1603,35.896
1604,35.922
1605,35.965
1606,35.976
1607,36.027
1608,36.125
1609,36.135
1610,36.147
1611,36.165
1612,36.195
1613,36.202
1614,36.220
1615,36.265
1616,36.276
1617,36.324
1618,36.383
1619,36.393
1620,36.404
1621,36.422
1622,36.453
1623,36.459
1624,36.476
1625,36.506
1626,36.524
1627,36.553
1628,36.570
1629,36.599
1630,36.616
1631,36.646
1632,36.653
1633,36.661
1634,36.678
1635,36.708
1636,36.727
1637,36.757
1638,36.763
1639,36.783
1640,36.811
1641,36.828
1642,36.856
1643,36.862
1644,36.881
1645,36.909
1646,36.916
1647,36.933
1648,36.962
1649,36.968
1650,36.987
1651,37.018
1652,37.042
1653,37.090
1654,37.101
1655,37.112
1656,37.165
1657,37.252
1658,37.268
1659,37.285
1660,37.311
1661,37.354
1662,37.363
1663,37.388
1664,37.443
1665,37.451
1666,37.458
1667,37.493
1668,37.558
1669,37.573
1670,37.581
1671,37.599
1672,37.630
1673,37.636
1674,37.656
1675,37.702
1676,37.709
1677,37.727
1678,37.755
1679,37.761
1680,37.767
1681,37.773
1682,37.780
1683,37.786
1684,37.795
1685,37.823
1686,37.872
1687,37.900
1688,37.951
1689,37.979
1690,38.043
1691,38.089
1692,38.098
1693,38.106
1694,38.114
1695,38.123
1696,38.152
1697,38.197
1698,38.224
1699,38.233
1700,38.241
1701,38.250
1702,38.258
1703,38.284
1704,38.342
1705,38.386
1706,38.457
1707,38.494
1708,38.557
1709,38.583
1710,38.623
1711,38.648
1712,38.693
1713,38.705
1714,38.734
1715,38.763
1716,38.770
1717,38.776
1718,38.782
1719,38.800
1720,38.828
1721,38.834
1722,38.860
1723,38.906
1724,38.925
1725,38.967
1726,38.996
1727,39.002
1728,39.027
1729,39.072
1730,39.081
1731,39.114
1732,39.172
1733,39.183
1734,39.199
1735,39.227
1736,39.245
1737,39.273
1738,39.280
1739,39.296
1740,39.327
1741,39.356
1742,39.400
1743,39.409
1744,39.429
1745,39.458
1746,39.474
1747,39.501
1748,39.507
1749,39.525
1750,39.551
1751,39.557
1752,39.575
1753,39.621
1754,39.632
1755,39.664
1756,39.711
1757,39.721
1758,39.775
1759,39.864
1760,39.880
1761,39.896
1762,39.920
1763,39.961
1764,39.973
1765,40.003
1766,40.033
1767,40.050
1768,40.083
1769,40.100
1770,40.128
1771,40.145
1772,40.173
1773,40.180
1774,40.197
1775,40.224
1776,40.239
1777,40.264
1778,40.289
1779,40.336
1780,40.346
1781,40.362
1782,40.389
1783,40.395
1784,40.402
1785,40.418
1786,40.450
1787,40.457
1788,40.476
1789,40.506
1790,40.514
1791,40.532
1792,40.564
1793,40.583
1794,40.619
1795,40.626
1796,40.632
1797,40.671
1798,40.733
1799,40.743
1800,40.754
1801,40.771
1802,40.799
1803,40.805
1804,40.821
1805,40.848
1806,40.854
1807,40.877
1808,40.921
1809,40.931
1810,40.960
1811,41.018
1812,41.075
1813,41.131
1814,41.185
1815,41.223
1816,41.232
1817,41.259
1818,41.299
1819,41.317
1820,41.346
1821,41.353
1822,41.360
1823,41.367
1824,41.373
1825,41.379
1826,41.385
1827,41.402
1828,41.429
1829,41.447
1830,41.474
1831,41.491
1832,41.520
1833,41.544
1834,41.585
1835,41.594
1836,41.619
1837,41.662
1838,41.671
1839,41.688
1840,41.717
1841,41.734
1842,41.764
1843,41.781
1844,41.808
1845,41.814
1846,41.830
1847,41.858
1848,41.864
1849,41.870
1850,41.895
1851,41.937
1852,41.946
1853,41.962
1854,41.990
1855,41.996
1856,42.013
1857,42.043
1858,42.049
1859,42.055
1860,42.079
1861,42.121
1862,42.128
1863,42.144
1864,42.188
1865,42.217
1866,42.263
1867,42.272
1868,42.298
1869,42.340
1870,42.367
1871,42.411
1872,42.421
1873,42.434
1874,42.473
1875,42.537
1876,42.552
1877,42.584
1878,42.619
1879,42.626
1880,42.633
1881,42.651
1882,42.685
1883,42.693
1884,42.712
1885,42.741
1886,42.760
1887,42.790
1888,42.796
1889,42.802
1890,42.809
1891,42.815
1892,42.834
1893,42.865
1894,42.871
1895,42.896
1896,42.939
1897,42.947
1898,42.964
1899,42.994
1900,43.010
1901,43.039
1902,43.046
1903,43.063
1904,43.092
1905,43.110
1906,43.182
1907,43.189
1908,43.216
1909,43.266
1910,43.275
1911,43.293
1912,43.327
1913,43.334
1914,43.352
1915,43.383
1916,43.389
1917,43.396
1918,43.414
1919,43.447
1920,43.454
1921,43.461
1922,43.486
1923,43.532
1924,43.541
1925,43.564
1926,43.610
1927,43.641
1928,43.691
1929,43.702
1930,43.730
1931,43.773
1932,43.799
1933,43.844
1934,43.853
1935,43.879
1936,43.922
1937,43.932
1938,43.960
1939,44.009
1940,44.029
1941,44.063
1942,44.070
1943,44.077
1944,44.085
1945,44.109
1946,44.152
1947,44.161
1948,44.178
1949,44.208
1950,44.226
1951,44.255
1952,44.261
1953,44.268
1954,44.274
1955,44.280
1956,44.287
1957,44.293
1958,44.312
1959,44.342
1960,44.360
1961,44.389
1962,44.414
1963,44.459
1964,44.468
1965,44.492
1966,44.540
1967,44.558
1968,44.590
1969,44.607
1970,44.637
1971,44.654
1972,44.689
1973,44.696
1974,44.726
1975,44.779
1976,44.788
1977,44.799
1978,44.810
1979,44.827
1980,44.858
1981,44.865
1982,44.870
1983,44.897
1984,44.969
1985,44.984
1986,45.011
1987,45.055
1988,45.081
1989,45.123
1990,45.133
1991,45.161
1992,45.203
1993,45.231
1994,45.275
1995,45.285
1996,45.298
1997,45.347
1998,45.393
1999,45.401
2000,45.420
2001,45.450
2002,45.456
2003,45.473
2004,45.500
2005,45.507
2006,45.528
2007,45.558
2008,45.575
2009,45.603
2010,45.609
2011,45.615
2012,45.622
2013,45.628
2014,45.646
2015,45.687
2016,45.694
2017,45.719
2018,45.765
2019,45.774
2020,45.791
2021,45.821
2022,45.839
2023,45.870
2024,45.877
2025,45.894
2026,45.925
2027,45.951
2028,46.001
2029,46.012
2030,46.039
2031,46.070
2032,46.077
2033,46.096
2034,46.129
2035,46.148
2036,46.181
2037,46.187
2038,46.194
2039,46.220
2040,46.268
2041,46.281
2042,46.300
2043,46.339
2044,46.367
2045,46.416
2046,46.428
2047,46.453
2048,46.497
2049,46.545
2050,46.624
2051,46.640
2052,46.654
2053,46.674
2054,46.701
2055,46.759
2056,46.766
2057,46.773
2058,46.781
2059,46.808
2060,46.855
2061,46.864
2062,46.883
2063,46.913
2064,46.931
2065,46.959
2066,46.965
2067,46.972
2068,46.978
2069,46.984
2070,46.990
2071,46.996
2072,47.013
2073,47.052
2074,47.093
2075,47.143
2076,47.189
2077,47.197
2078,47.214
2079,47.245
2080,47.263
2081,47.296
2082,47.321
2083,47.372
2084,47.385
2085,47.420
2086,47.439
2087,47.471
2088,47.490
2089,47.524
2090,47.541
2091,47.570
2092,47.576
2093,47.595
2094,47.624
2095,47.630
2096,47.637
2097,47.643
2098,47.649
2099,47.656
2100,47.663
2101,47.680
2102,47.735
2103,47.805
2104,47.866
2105,47.930
2106,47.989
2107,48.049
2108,48.090
2109,48.136
2110,48.193
2111,48.202
2112,48.211
2113,48.221
2114,48.250
2115,48.296
2116,48.325
2117,48.372
2118,48.400
2119,48.448
2120,48.466
2121,48.498
2122,48.517
2123,48.568
2124,48.568
2125,48.598
2126,48.605
2127,48.642
2128,48.713
2129,48.724
2130,48.736
2131,48.748
2132,48.771
2133,48.809
2134,48.817
2135,48.824
2136,48.852
2137,48.903
2138,48.912
2139,48.931
2140,48.969
2141,48.992
2142,49.022
2143,49.028
2144,49.048
2145,49.078
2146,49.084
2147,49.112
2148,49.182
2149,49.197
2150,49.239
2151,49.307
2152,49.320
2153,49.350
2154,49.399
2155,49.409
2156,49.452
2157,49.525
2158,49.542
2159,49.570
2160,49.618
2161,49.627
2162,49.645
2163,49.678
2164,49.697
2165,49.729
2166,49.737
2167,49.767
2168,49.816
2169,49.824
2170,49.833
2171,49.841
2172,49.850
2173,49.870
2174,49.904
2175,49.911
2176,49.918
2177,49.946
2178,49.991
2179,49.999
2180,50.026
2181,50.073
2182,50.095
2183,50.104
2184,50.135
2185,50.153
2186,50.181
2187,50.188
2188,50.222
2189,50.282
2190,50.292
2191,50.303
2192,50.317
2193,50.337
2194,50.370
2195,50.378
2196,50.386
2197,50.393
2198,50.419
2199,50.480
2200,50.494
2201,50.525
2202,50.567
2203,50.608
2204,50.677
2205,50.691
2206,50.718
2207,50.765
2208,50.774
2209,50.799
2210,50.847
2211,50.858
2212,50.871
2213,50.879
2214,50.886
2215,50.893
2216,50.899
2217,50.916
2218,50.958
2219,50.996
2220,51.035
2221,51.082
2222,51.127
2223,51.135
2224,51.160
2225,51.204
2226,51.221
2227,51.251
2228,51.269
2229,51.298
2230,51.318
2231,51.351
2232,51.369
2233,51.400
2234,51.407
2235,51.425
2236,51.456
2237,51.474
2238,51.505
2239,51.514
2240,51.520
2241,51.537
2242,51.564
2243,51.570
2244,51.589
2245,51.618
2246,51.644
2247,51.689
2248,51.736
2249,51.736
2250,51.751
2251,51.758
2252,51.796
2253,51.871
2254,51.886
2255,51.911
2256,51.955
2257,51.985
2258,52.026
2259,52.036
2260,52.063
2261,52.100
2262,52.139
2263,52.209
2264,52.217
2265,52.235
2266,52.265
2267,52.283
2268,52.313
2269,52.319
2270,52.326
2271,52.344
2272,52.372
2273,52.379
2274,52.396
2275,52.427
2276,52.431
2277,52.459
2278,52.507
2279,52.518
2280,52.534
2281,52.564
2282,52.581
2283,52.609
2284,52.615
2285,52.632
2286,52.663
2287,52.681
2288,52.712
2289,52.732
2290,52.770
2291,52.777
2292,52.785
2293,52.803
2294,52.833
2295,52.840
2296,52.846
2297,52.865
2298,52.899
2299,52.909
2300,52.935
2301,52.978
2302,52.987
2303,53.025
2304,53.094
2305,53.107
2306,53.132
2307,53.167
2308,53.178
2309,53.216
2310,53.266
2311,53.276
2312,53.287
2313,53.297
2314,53.308
2315,53.318
2316,53.330
2317,53.365
2318,53.436
2319,53.502
2320,53.569
2321,53.679
2322,53.760
2323,53.773
2324,53.816
2325,53.886
2326,53.913
2327,53.959
2328,53.985
2329,54.016
2330,54.034
2331,54.065
2332,54.087
2333,54.120
2334,54.139
2335,54.171
2336,54.188
2337,54.216
2338,54.222
2339,54.242
2340,54.275
2341,54.282
2342,54.288
2343,54.296
2344,54.303
2345,54.311
2346,54.319
2347,54.327
2348,54.334
2349,54.342
2350,54.349
2351,54.356
2352,54.364
2353,54.371
2354,54.379
2355,54.387
2356,54.405
2357,54.444
2358,54.471
2359,54.477
2360,54.484
2361,54.504
2362,54.534
2363,54.540
2364,54.545
2365,54.562
2366,54.589
2367,54.595
2368,54.601
2369,54.616
2370,54.643
2371,54.649
2372,54.655
2373,54.673
2374,54.714
2375,54.724
2376,54.734
2377,54.763
2378,54.806
2379,54.815
2380,54.825
2381,54.851
2382,54.892
2383,54.902
2384,54.911
2385,54.939
2386,54.978
2387,54.987
2388,54.997
2389,55.022
2390,55.066
2391,55.077
2392,55.090
2393,55.111
2394,55.137
2395,55.143
2396,55.150
2397,55.167
2398,55.194
2399,55.200
2400,55.206
2401,55.222
2402,55.249
2403,55.255
2404,55.261
2405,55.278
2406,55.305
2407,55.312
2408,55.319
2409,55.337
2410,55.365
2411,55.371
2412,55.378
2413,55.395
2414,55.422
2415,55.429
2416,55.437
2417,55.459
2418,55.464
2419,55.471
2420,55.477
2421,55.499
2422,55.536
2423,55.543
2424,55.551
2425,55.559
2426,55.566
2427,55.574
2428,55.583
2429,55.591
2430,55.599
2431,55.607
2432,55.615
2433,55.624
2434,55.632
2435,55.640
2436,55.648
2437,55.669
2438,55.701
2439,55.722
2440,55.755
2441,55.762
2442,55.779
2443,55.808
2444,55.827
2445,55.860
2446,55.867
2447,55.887
2448,55.921
2449,55.928
2450,55.945
2451,55.972
2452,55.998
2453,56.051
2454,56.063
2455,56.075
2456,56.104
2457,56.153
2458,56.162
2459,56.188
2460,56.230
2461,56.261
2462,56.309
2463,56.319
2464,56.329
2465,56.357
2466,56.410
2467,56.436
2468,56.468
2469,56.487
2470,56.519
2471,56.538
2472,56.570
2473,56.577
2474,56.595
2475,56.623
2476,56.642
2477,56.679
2478,56.686
2479,56.705
2480,56.736
2481,56.755
2482,56.786
2483,56.803
2484,56.831
2485,56.850
2486,56.884
2487,56.892
2488,56.912
2489,56.945
2490,56.966
2491,57.002
2492,57.010
2493,57.035
2494,57.074
2495,57.106
2496,57.159
2497,57.177
2498,57.217
2499,57.241
2500,57.284
2501,57.292
2502,57.315
2503,57.349
2504,57.366
2505,57.394
2506,57.403
2507,57.434
2508,57.488
2509,57.518
2510,57.562
2511,57.589
2512,57.640
2513,57.654
2514,57.693
2515,57.746
2516,57.786
2517,57.855
2518,57.870
2519,57.905
2520,57.939
2521,57.947
2522,57.967
2523,57.999
2524,58.006
2525,58.025
2526,58.060
2527,58.080
2528,58.111
2529,58.122
2530,58.151
2531,58.200
2532,58.226
2533,58.268
2534,58.289
2535,58.326
2536,58.334
2537,58.341
2538,58.349
2539,58.356
2540,58.365
2541,58.373
2542,58.382
2543,58.391
2544,58.399
2545,58.407
2546,58.414
2547,58.422
2548,58.430
2549,58.438
2550,58.455
2551,58.484
2552,58.504
2553,58.538
2554,58.545
2555,58.563
2556,58.592
2557,58.611
2558,58.643
2559,58.650
2560,58.671
2561,58.704
2562,58.720
2563,58.749
2564,58.768
2565,58.798
2566,58.805
2567,58.821
2568,58.853
2569,58.887
2570,58.943
2571,58.954
2572,58.965
2573,58.976
2574,59.006
2575,59.074
2576,59.119
2577,59.146
2578,59.191
2579,59.216
2580,59.267
2581,59.294
2582,59.328
2583,59.336
2584,59.356
2585,59.387
2586,59.409
2587,59.443
2588,59.450
2589,59.458
2590,59.479
2591,59.530
2592,59.563
2593,59.582
2594,59.613
2595,59.631
2596,59.676
2597,59.706
2598,59.757
2599,59.768
2600,59.796
2601,59.838
2602,59.861
2603,59.900
2604,59.909
2605,59.918
2606,59.941
2607,59.992
2608,60.030
2609,60.052
2610,60.090
2611,60.107
2612,60.136
2613,60.156
2614,60.187
2615,60.195
2616,60.212
2617,60.243
2618,60.260
2619,60.294
2620,60.305
2621,60.317
2622,60.350
2623,60.423
2624,60.471
2625,60.499
2626,60.546
2627,60.577
2628,60.626
2629,60.637
2630,60.664
2631,60.722
2632,60.745
2633,60.780
2634,60.787
2635,60.795
2636,60.818
2637,60.866
2638,60.898
2639,60.907
2640,60.927
2641,60.959
2642,60.979
2643,61.012
2644,61.019
2645,61.040
2646,61.074
2647,61.082
2648,61.103
2649,61.135
2650,61.153
2651,61.183
2652,61.206
2653,61.212
2654,61.219
2655,61.225
2656,61.231
2657,61.237
2658,61.243
2659,61.260
2660,61.290
2661,61.309
2662,61.343
2663,61.362
2664,61.395
2665,61.435
2666,61.468
2667,61.495
2668,61.522
2669,61.550
2670,61.567
2671,61.595
2672,61.612
2673,61.640
2674,61.669
2675,61.743
2676,61.754
2677,61.764
2678,61.773
2679,61.782
2680,61.791
2681,61.800
2682,61.826
2683,61.869
2684,61.897
2685,61.940
2686,61.966
2687,62.009
2688,62.075
2689,62.108
2690,62.140
2691,62.155
2692,62.184
2693,62.201
2694,62.230
2695,62.247
2696,62.293
2697,62.334
2698,62.342
2699,62.351
2700,62.359
2701,62.368
2702,62.377
2703,62.386
2704,62.396
2705,62.405
2706,62.414
2707,62.424
2708,62.433
2709,62.443
2710,62.453
2711,62.463
2712,62.481
2713,62.514
2714,62.534
2715,62.571
2716,62.578
2717,62.598
2718,62.629
2719,62.654
2720,62.700
2721,62.711
2722,62.734
2723,62.773
2724,62.782
2725,62.801
2726,62.834
2727,62.858
2728,62.895
2729,62.903
2730,62.923
2731,62.955
2732,62.962
2733,62.979
2734,63.009
2735,63.041
2736,63.096
2737,63.107
2738,63.120
2739,63.149
2740,63.198
2741,63.208
2742,63.257
2743,63.341
2744,63.356
2745,63.384
2746,63.438
2747,63.464
2748,63.495
2749,63.502
2750,63.545
2751,63.614
2752,63.624
2753,63.647
2754,63.683
2755,63.708
2756,63.743
2757,63.751
2758,63.772
2759,63.806
2760,63.814
2761,63.821
2762,63.841
2763,63.874
2764,63.895
2765,63.930
2766,63.938
2767,63.960
2768,64.002
2769,64.010
2770,64.032
2771,64.075
2772,64.089
2773,64.122
2774,64.177
2775,64.207
2776,64.241
2777,64.260
2778,64.293
2779,64.300
2780,64.335
2781,64.393
2782,64.404
2783,64.423
2784,64.454
2785,64.472
2786,64.515
2787,64.526
2788,64.559
2789,64.609
2790,64.636
2791,64.698
2792,64.745
2793,64.798
2794,64.888
2795,64.908
2796,64.921
2797,64.940
2798,64.973
2799,64.997
2800,65.033
2801,65.055
2802,65.091
2803,65.109
2804,65.141
2805,65.160
2806,65.191
2807,65.198
2808,65.216
2809,65.222
2810,65.229
2811,65.251
2812,65.287
2813,65.307
2814,65.342
2815,65.362
2816,65.397
2817,65.405
2818,65.447
2819,65.516
2820,65.529
2821,65.549
2822,65.582
2823,65.601
2824,65.632
2825,65.658
2826,65.702
2827,65.722
2828,65.754
2829,65.761
2830,65.783
2831,65.821
2832,65.841
2833,65.892
2834,65.904
2835,65.916
2836,65.951
2837,66.006
2838,66.018
2839,66.044
2840,66.092
2841,66.122
2842,66.167
2843,66.178
2844,66.209
2845,66.270
2846,66.293
2847,66.330
2848,66.354
2849,66.393
2850,66.413
2851,66.447
2852,66.469
2853,66.505
2854,66.528
2855,66.566
2856,66.574
2857,66.594
2858,66.627
2859,66.646
2860,66.682
2861,66.690
2862,66.711
2863,66.749
2864,66.769
2865,66.804
2866,66.825
2867,66.864
2868,66.885
2869,66.920
2870,66.942
2871,66.977
2872,66.985
2873,67.004
2874,67.037
2875,67.058
2876,67.094
2877,67.102
2878,67.124
2879,67.159
2880,67.179
2881,67.215
2882,67.250
2883,67.260
2884,67.272
2885,67.283
2886,67.293
2887,67.303
2888,67.314
2889,67.345
2890,67.392
2891,67.419
2892,67.466
2893,67.496
2894,67.543
2895,67.568
2896,67.614
2897,67.685
2898,67.720
2899,67.732
2900,67.743
2901,67.754
2902,67.764
2903,67.795
2904,67.824
2905,67.843
2906,67.875
2907,67.894
2908,67.923
2909,67.942
2910,67.974
2911,67.992
2912,68.022
2913,68.040
2914,68.069
2915,68.086
2916,68.115
2917,68.121
2918,68.140
2919,68.170
2920,68.190
2921,68.244
2922,68.289
2923,68.299
2924,68.309
2925,68.319
2926,68.329
2927,68.338
2928,68.347
2929,68.356
2930,68.365
2931,68.375
2932,68.386
2933,68.396
2934,68.406
2935,68.416
2936,68.426
2937,68.446
2938,68.477
2939,68.519
2940,68.536
2941,68.545
2942,68.563
2943,68.597
2944,68.632
2945,68.701
2946,68.713
2947,68.744
2948,68.796
2949,68.807
2950,68.834
2951,68.885
2952,68.916
2953,68.966
2954,68.978
2955,69.011
2956,69.059
2957,69.067
2958,69.087
2959,69.123
2960,69.144
2961,69.180
2962,69.189
2963,69.197
2964,69.219
2965,69.260
2966,69.267
2967,69.300
2968,69.360
2969,69.371
2970,69.392
2971,69.427
2972,69.450
2973,69.481
2974,69.489
2975,69.509
2976,69.543
2977,69.551
2978,69.570
2979,69.602
2980,69.634
2981,69.697
2982,69.708
2983,69.741
2984,69.801
2985,69.812
2986,69.845
2987,69.907
2988,69.918
2989,69.930
2990,69.950
2991,69.992
2992,70.026
2993,70.085
2994,70.097
2995,70.125
2996,70.174
2997,70.185
2998,70.216
2999,70.271
3000,70.298
3001,70.346
3002,70.404
3003,70.473
3004,70.485
3005,70.506
3006,70.538
3007,70.558
3008,70.592
3009,70.600
3010,70.635
3011,70.697
3012,70.708
3013,70.719
3014,70.738
3015,70.771
3016,70.793
3017,70.830
3018,70.854
3019,70.893
3020,70.915
3021,70.950
3022,70.970
3023,71.004
3024,71.013
3025,71.035
3026,71.044
3027,71.052
3028,71.080
3029,71.123
3030,71.142
3031,71.176
3032,71.196
3033,71.229
3034,71.236
3035,71.273
3036,71.336
3037,71.352
3038,71.382
3039,71.435
3040,71.468
3041,71.515
3042,71.551
3043,71.611
3044,71.640
3045,71.691
3046,71.701
3047,71.733
3048,71.799
3049,71.818
3050,71.851
3051,71.858
3052,71.865
3053,71.887
3054,71.923
3055,71.933
3056,71.952
3057,71.987
3058,72.006
3059,72.039
3060,72.046
3061,72.068
3062,72.104
3063,72.125
3064,72.162
3065,72.185
3066,72.225
3067,72.245
3068,72.281
3069,72.304
3070,72.343
3071,72.367
3072,72.406
3073,72.415
3074,72.437
3075,72.475
3076,72.497
3077,72.533
3078,72.541
3079,72.565
3080,72.603
3081,72.624
3082,72.661
3083,72.688
3084,72.727
3085,72.748
3086,72.801
3087,72.837
3088,72.892
3089,72.904
3090,72.935
3091,72.984
3092,73.017
3093,73.068
3094,73.080
3095,73.111
3096,73.167
3097,73.198
3098,73.233
3099,73.263
3100,73.307
3101,73.318
3102,73.328
3103,73.338
3104,73.347
3105,73.357
3106,73.367
3107,73.376
3108,73.387
3109,73.397
3110,73.407
3111,73.417
3112,73.428
3113,73.439
3114,73.450
3115,73.468
3116,73.499
3117,73.518
3118,73.554
3119,73.562
3120,73.580
3121,73.611
3122,73.634
3123,73.677
3124,73.688
3125,73.712
3126,73.753
3127,73.762
3128,73.782
3129,73.816
3130,73.839
3131,73.877
3132,73.886
3133,73.906
3134,73.940
3135,73.947
3136,73.966
3137,73.996
3138,74.017
3139,74.051
3140,74.058
3141,74.066
3142,74.087
3143,74.121
3144,74.128
3145,74.182
3146,74.267
3147,74.282
3148,74.312
3149,74.362
3150,74.390
3151,74.433
3152,74.443
3153,74.491
3154,74.570
3155,74.582
3156,74.601
3157,74.640
3158,74.655
3159,74.665
3160,74.674
3161,74.709
3162,74.768
3163,74.779
3164,74.791
3165,74.809
3166,74.839
3167,74.861
3168,74.869
3169,74.876
3170,74.895
3171,74.927
3172,74.935
3173,74.955
3174,74.989
3175,75.008
3176,75.040
3177,75.073
3178,75.131
3179,75.142
3180,75.161
3181,75.193
3182,75.212
3183,75.244
3184,75.252
3185,75.272
3186,75.307
3187,75.328
3188,75.373
3189,75.408
3190,75.429
3191,75.478
3192,75.492
3193,75.521
3194,75.572
3195,75.606
3196,75.656
3197,75.670
3198,75.703
3199,75.753
3200,75.766
3201,75.818
3202,75.903
3203,75.916
3204,75.928
3205,75.949
3206,75.983
3207,75.990
3208,76.012
3209,76.048
3210,76.056
3211,76.077
3212,76.114
3213,76.132
3214,76.163
3215,76.182
3216,76.212
3217,76.219
3218,76.226
3219,76.246
3220,76.253
3221,76.259
3222,76.278
3223,76.310
3224,76.335
3225,76.371
3226,76.378
3227,76.405
3228,76.446
3229,76.455
3230,76.479
3231,76.520
3232,76.532
3233,76.568
3234,76.630
3235,76.641
3236,76.653
3237,76.693
3238,76.756
3239,76.769
3240,76.783
3241,76.813
3242,76.866
3243,76.952
3244,77.024
3245,77.042
3246,77.075
3247,77.128
3248,77.156
3249,77.212
3250,77.238
3251,77.272
3252,77.280
3253,77.320
3254,77.388
3255,77.401
3256,77.420
3257,77.455
3258,77.476
3259,77.511
3260,77.537
3261,77.578
3262,77.597
3263,77.633
3264,77.637
3265,77.658
3266,77.696
3267,77.721
3268,77.759
3269,77.767
3270,77.791
3271,77.831
3272,77.841
3273,77.862
3274,77.897
3275,77.916
3276,77.950
3277,77.960
3278,77.983
3279,78.019
3280,78.039
3281,78.073
3282,78.094
3283,78.132
3284,78.152
3285,78.205
3286,78.241
3287,78.293
3288,78.331
3289,78.389
3290,78.399
3291,78.432
3292,78.484
3293,78.514
3294,78.568
3295,78.581
3296,78.611
3297,78.647
3298,78.671
3299,78.707
3300,78.728
3301,78.766
3302,78.788
3303,78.821
3304,78.842
3305,78.877
3306,78.888
3307,78.908
3308,78.939
3309,78.959
3310,78.994
3311,79.002
3312,79.023
3313,79.059
3314,79.081
3315,79.116
3316,79.142
3317,79.186
3318,79.195
3319,79.203
3320,79.212
3321,79.221
3322,79.230
3323,79.240
3324,79.249
3325,79.259
3326,79.269
3327,79.280
3328,79.290
3329,79.300
3330,79.311
3331,79.322
3332,79.342
3333,79.348
3334,79.357
3335,79.392
3336,79.451
3337,79.470
3338,79.477
3339,79.484
3340,79.491
3341,79.510
3342,79.561
3343,79.592
3344,79.639
3345,79.669
3346,79.680
3347,79.692
3348,79.702
3349,79.730
3350,79.776
3351,79.808
3352,79.858
3353,79.886
3354,79.937
3355,79.967
3356,79.974
3357,79.983
3358,79.990
3359,80.010
3360,80.047
3361,80.071
3362,80.109
3363,80.130
3364,80.177
3365,80.192
3366,80.199
3367,80.207
3368,80.216
3369,80.235
3370,80.267
3371,80.288
3372,80.324
3373,80.343
3374,80.374
3375,80.398
3376,80.406
3377,80.413
3378,80.420
3379,80.427
3380,80.446
3381,80.453
3382,80.461
3383,80.467
3384,80.487
3385,80.494
3386,80.502
3387,80.542
3388,80.610
3389,80.622
3390,80.634
3391,80.647
3392,80.667
3393,80.675
3394,80.684
3395,80.691
3396,80.712
3397,80.719
3398,80.727
3399,80.734
3400,80.755
3401,80.763
3402,80.770
3403,80.810
3404,80.880
3405,80.893
3406,80.911
3407,80.934
3408,80.969
3409,81.024
3410,81.055
3411,81.066
3412,81.076
3413,81.087
3414,81.115
3415,81.162
3416,81.193
3417,81.243
3418,81.270
3419,81.336
3420,81.367
3421,81.373
3422,81.402
3423,81.402
3424,81.417
3425,81.453
3426,81.474
3427,81.509
3428,81.530
3429,81.564
3430,81.585
3431,81.593
3432,81.601
3433,81.609
3434,81.628
3435,81.661
3436,81.685
3437,81.721
3438,81.741
3439,81.776
3440,81.795
3441,81.803
3442,81.810
3443,81.818
3444,81.837
3445,81.871
3446,81.895
3447,81.934
3448,81.956
3449,81.993
3450,82.016
3451,82.058
3452,82.065
3453,82.074
3454,82.093
3455,82.127
3456,82.147
3457,82.155
3458,82.162
3459,82.171
3460,82.179
3461,82.200
3462,82.241
3463,82.266
3464,82.305
3465,82.324
3466,82.373
3467,82.385
3468,82.427
3469,82.490
3470,82.504
3471,82.530
3472,82.541
3473,82.551
3474,82.562
3475,82.590
3476,82.637
3477,82.647
3478,82.678
3479,82.728
3480,82.742
3481,82.772
3482,82.819
3483,82.868
3484,82.903
3485,82.911
3486,82.932
3487,82.966
3488,82.973
3489,82.991
3490,83.038
3491,83.045
3492,83.052
3493,83.059
3494,83.066
3495,83.085
3496,83.092
3497,83.098
3498,83.105
3499,83.124
3500,83.156
3501,83.175
3502,83.182
3503,83.188
3504,83.195
3505,83.215
3506,83.222
3507,83.231
3508,83.250
3509,83.257
3510,83.264
3511,83.271
3512,83.278
3513,83.296
3514,83.303
3515,83.309
3516,83.316
3517,83.341
3518,83.384
3519,83.393
3520,83.403
3521,83.448
3522,83.523
3523,83.538
3524,83.552
3525,83.590
3526,83.602
3527,83.615
3528,83.627
3529,83.641
3530,83.661
3531,83.697
3532,83.753
3533,83.765
3534,83.777
3535,83.810
3536,83.862
3537,83.895
3538,83.944
3539,83.974
3540,84.022
3541,84.064
3542,84.077
3543,84.086
3544,84.095
3545,84.116
3546,84.123
3547,84.131
3548,84.138
3549,84.160
3550,84.197
3551,84.206
3552,84.227
3553,84.237
3554,84.245
3555,84.266
3556,84.299
3557,84.319
3558,84.328
3559,84.334
3560,84.343
3561,84.364
3562,84.398
3563,84.435
3564,84.536
3565,84.545
3566,84.554
3567,84.563
3568,84.571
3569,84.580
3570,84.608
3571,84.653
3572,84.663
3573,84.690
3574,84.730
3575,84.738
3576,84.747
3577,84.756
3578,84.784
3579,84.828
3580,84.838
3581,84.859
3582,84.866
3583,84.874
3584,84.881
3585,84.903
3586,84.938
3587,84.961
3588,85.000
3589,85.020
3590,85.068
3591,85.103
3592,85.115
3593,85.126
3594,85.139
3595,85.171
3596,85.222
3597,85.254
3598,85.304
3599,85.335
3600,85.346
3601,85.357
3602,85.369
3603,85.397
3604,85.452
3605,85.486
3606,85.522
3607,85.544
3608,85.578
3609,85.599
3610,85.607
3611,85.615
3612,85.622
3613,85.643
3614,85.677
3615,85.701
3616,85.738
3617,85.760
3618,85.794
3619,85.815
3620,85.824
3621,85.832
3622,85.841
3623,85.863
3624,85.900
3625,85.921
3626,85.957
3627,85.981
3628,86.018
3629,86.048
3630,86.096
3631,86.105
3632,86.115
3633,86.126
3634,86.136
3635,86.146
3636,86.156
3637,86.165
3638,86.175
3639,86.185
3640,86.195
3641,86.205
3642,86.216
3643,86.227
3644,86.238
3645,86.256
3646,86.262
3647,86.269
3648,86.287
3649,86.294
3650,86.302
3651,86.308
3652,86.342
3653,86.406
3654,86.424
3655,86.459
3656,86.510
3657,86.538
3658,86.589
3659,86.616
3660,86.664
3661,86.701
3662,86.742
3663,86.775
3664,86.834
3665,86.857
3666,86.892
3667,86.913
3668,86.948
3669,86.970
3670,87.007
3671,87.027
3672,87.062
3673,87.085
3674,87.123
3675,87.143
3676,87.179
3677,87.200
3678,87.236
3679,87.256
3680,87.293
3681,87.312
3682,87.319
3683,87.326
3684,87.363
3685,87.437
3686,87.475
3687,87.483
3688,87.491
3689,87.499
3690,87.525
3691,87.563
3692,87.584
3693,87.619
3694,87.641
3695,87.682
3696,87.704
3697,87.739
3698,87.761
3699,87.796
3700,87.819
3701,87.879
3702,87.913
3703,87.963
3704,87.993
3705,88.044
3706,88.084
3707,88.137
3708,88.168
3709,88.223
3710,88.261
3711,88.305
3712,88.328
3713,88.376
3714,88.399
3715,88.442
3716,88.451
3717,88.460
3718,88.481
3719,88.517
3720,88.540
3721,88.548
3722,88.557
3723,88.565
3724,88.574
3725,88.596
3726,88.633
3727,88.657
3728,88.697
3729,88.719
3730,88.757
3731,88.765
3732,88.792
3733,88.838
3734,88.848
3735,88.872
3736,88.881
3737,88.891
3738,88.901
3739,88.925
3740,88.965
3741,88.973
3742,88.996
3743,89.036
3744,89.045
3745,89.069
3746,89.121
3747,89.170
3748,89.207
3749,89.215
3750,89.238
3751,89.298
3752,89.312
3753,89.352
3754,89.433
3755,89.446
3756,89.458
3757,89.471
3758,89.486
3759,89.524
3760,89.537
3761,89.550
3762,89.562
3763,89.595
3764,89.647
3765,89.691
3766,89.705
3767,89.716
3768,89.724
3769,89.748
3770,89.758
3771,89.767
3772,89.776
3773,89.804
3774,89.849
3775,89.858
3776,89.868
3777,89.897
3778,89.942
3779,89.951
3780,89.960
3781,90.001
3782,90.014
3783,90.028
3784,90.042
3785,90.056
3786,90.070
3787,90.094
3788,90.131
3789,90.140
3790,90.148
3791,90.171
3792,90.209
3793,90.231
3794,90.269
3795,90.295
3796,90.335
3797,90.347
3798,90.373
3799,90.382
3800,90.391
3801,90.416
3802,90.458
3803,90.482
3804,90.490
3805,90.500
3806,90.508
3807,90.531
3808,90.571
3809,90.610
3810,90.710
3811,90.771
3812,90.813
3813,90.881
3814,90.897
3815,90.932
3816,90.991
3817,91.004
3818,91.016
3819,91.029
3820,91.045
3821,91.101
3822,91.150
3823,91.180
3824,91.232
3825,91.244
3826,91.269
3827,91.309
3828,91.318
3829,91.328
3830,91.337
3831,91.362
3832,91.402
3833,91.426
3834,91.463
3835,91.488
3836,91.526
3837,91.549
3838,91.586
3839,91.610
3840,91.647
3841,91.672
3842,91.714
3843,91.738
3844,91.782
3845,91.807
3846,91.850
3847,91.874
3848,91.916
3849,91.941
3850,91.979
3851,92.007
3852,92.051
3853,92.075
3854,92.113
3855,92.140
3856,92.200
3857,92.236
3858,92.293
3859,92.371
3860,92.438
3861,92.457
3862,92.479
3863,92.506
3864,92.569
3865,92.609
3866,92.668
3867,92.668
3868,92.668
3869,92.668
3870,92.688
3871,92.725
3872,92.761
3873,92.821
3874,92.842
3875,92.849
3876,92.856
3877,92.863
3878,92.883
3879,92.890
3880,92.898
3881,92.905
3882,92.924
3883,92.931
3884,92.939
3885,92.959
3886,92.966
3887,92.973
3888,92.992
3889,92.999
3890,93.007
3891,93.026
3892,93.033
3893,93.040
3894,93.048
3895,93.055
3896,93.073
3897,93.108
3898,93.144
3899,93.209
3900,93.236
3901,93.244
3902,93.255
3903,93.286
3904,93.323
3905,93.346
3906,93.354
3907,93.362
3908,93.389
3909,93.435
3910,93.445
3911,93.465
3912,93.472
3913,93.480
3914,93.505
3915,93.545
3916,93.586
3917,93.712
3918,93.744
3919,93.807
3920,93.813
3921,93.842
3922,93.854
3923,93.865
3924,93.899
3925,93.948
3926,93.978
3927,94.026
3928,94.041
3929,94.074
3930,94.087
3931,94.117
3932,94.169
3933,94.179
3934,94.190
3935,94.201
3936,94.211
3937,94.222
3938,94.233
3939,94.245
3940,94.257
3941,94.269
3942,94.281
3943,94.294
3944,94.305
3945,94.318
3946,94.330
3947,94.354
3948,94.389
3949,94.429
3950,94.493
3951,94.516
3952,94.553
3953,94.573
3954,94.607
3955,94.629
3956,94.665
3957,94.692
3958,94.733
3959,94.757
3960,94.796
3961,94.817
3962,94.857
3963,94.883
3964,94.925
3965,94.947
3966,94.984
3967,95.004
3968,95.040
3969,95.063
3970,95.104
3971,95.137
3972,95.197
3973,95.232
3974,95.292
3975,95.351
3976,95.446
3977,95.464
3978,95.481
3979,95.517
3980,95.574
3981,95.596
3982,95.633
3983,95.658
3984,95.699
3985,95.722
3986,95.763
3987,95.787
3988,95.825
3989,95.849
3990,95.890
3991,95.913
3992,95.954
3993,95.981
3994,96.020
3995,96.044
3996,96.085
3997,96.110
3998,96.150
3999,96.174
4000,96.214
4001,96.241
4002,96.288
4003,96.315
4004,96.365
4005,96.375
4006,96.402
4007,96.442
4008,96.468
4009,96.524
4010,96.558
4011,96.609
4012,96.643
4013,96.656
4014,96.674
4015,96.747
4016,96.824
4017,96.840
4018,96.856
4019,96.890
4020,96.902
4021,96.915
4022,96.948
4023,97.024
4024,97.078
4025,97.091
4026,97.133
4027,97.151
4028,97.161
4029,97.171
4030,97.196
4031,97.206
4032,97.215
4033,97.257
4034,97.334
4035,97.381
4036,97.409
4037,97.458
4038,97.469
4039,97.492
4040,97.531
4041,97.540
4042,97.551
4043,97.560
4044,97.583
4045,97.623
4046,97.652
4047,97.705
4048,97.716
4049,97.741
4050,97.784
4051,97.793
4052,97.802
4053,97.811
4054,97.837
4055,97.846
4056,97.855
4057,97.883
4058,97.892
4059,97.901
4060,97.927
4061,97.937
4062,97.947
4063,97.971
4064,98.009
4065,98.033
4066,98.073
4067,98.098
4068,98.138
4069,98.162
4070,98.222
4071,98.265
4072,98.327
4073,98.368
4074,98.422
4075,98.456
4076,98.510
4077,98.542
4078,98.601
4079,98.636
4080,98.679
4081,98.703
4082,98.743
4083,98.769
4084,98.808
4085,98.847
4086,98.855
4087,98.864
4088,98.872
4089,98.881
4090,98.902
4091,98.949
4092,98.987
4093,98.995
4094,99.003
4095,99.024
4096,99.072
4097,99.106
4098,99.114
4099,99.134
4100,99.169
4101,99.192
4102,99.200
4103,99.208
4104,99.216
4105,99.223
4106,99.230
4107,99.238
4108,99.246
4109,99.266
4110,99.302
4111,99.310
4112,99.332
4113,99.373
4114,99.382
4115,99.403
4116,99.439
4117,99.479
4118,99.545
4119,99.558
4120,99.581
4121,99.633
4122,99.669
4123,99.729
4124,99.739
4125,99.770
4126,99.819
4127,99.831
4128,99.864
4129,99.916
4130,99.973
4131,100.066
4132,100.079
4133,100.102
4134,100.139
4135,100.147
4136,100.167
4137,100.202
4138,100.222
4139,100.229
4140,100.236
4141,100.244
4142,100.264
4143,100.314
4144,100.350
4145,100.389
4146,100.458
4147,100.479
4148,100.544
4149,100.608
4150,100.620
4151,100.633
4152,100.654
4153,100.694
4154,100.707
4155,100.711
4156,100.717
4157,100.737
4158,100.774
4159,100.795
4160,100.831
4161,100.862
4162,100.870
4163,100.895
4164,100.931
4165,100.961
4166,100.969
4167,100.977
4168,100.985
4169,100.993
4170,101.026
4171,101.039
4172,101.053
4173,101.067
4174,101.106
4175,101.160
4176,101.222
4177,101.320
4178,101.338
4179,101.374
4180,101.467
4181,101.476
4182,101.499
4183,101.567
4184,101.576
4185,101.584
4186,101.593
4187,101.624
4188,101.632
4189,101.666
4190,101.677
4191,101.687
4192,101.695
4193,101.722
4194,101.767
4195,101.777
4196,101.787
4197,101.796
4198,101.821
4199,101.878
4200,101.918
4201,101.927
4202,101.951
4203,101.992
4204,102.018
4205,102.062
4206,102.092
4207,102.140
4208,102.167
4209,102.212
4210,102.237
4211,102.280
4212,102.289
4213,102.315
4214,102.360
4215,102.372
4216,102.399
4217,102.445
4218,102.491
4219,102.602
4220,102.625
4221,102.645
4222,102.684
4223,102.744
4224,102.785
4225,102.854
4226,102.895
4227,102.908
4228,102.921
4229,102.934
4230,102.981
4231,103.037
4232,103.047
4233,103.056
4234,103.083
4235,103.093
4236,103.103
4237,103.112
4238,103.138
4239,103.180
4240,103.190
4241,103.237
4242,103.314
4243,103.330
4244,103.349
4245,103.375
4246,103.435
4247,103.445
4248,103.455
4249,103.464
4250,103.473
4251,103.499
4252,103.545
4253,103.555
4254,103.564
4255,103.589
4256,103.648
4257,103.694
4258,103.703
4259,103.712
4260,103.721
4261,103.730
4262,103.757
4263,103.802
4264,103.826
4265,103.865
4266,103.897
4267,103.954
4268,103.977
4269,104.023
4270,104.061
4271,104.076
4272,104.091
4273,104.106
4274,104.122
4275,104.135
4276,104.169
4277,104.226
4278,104.265
4279,104.329
4280,104.394
4281,104.497
4282,104.511
4283,104.528
4284,104.573
4285,104.649
4286,104.664
4287,104.679
4288,104.695
4289,104.744
4290,104.767
4291,104.794
4292,104.794
4293,104.797
4294,104.821
4295,104.862
4296,104.887
4297,104.896
4298,104.905
4299,104.914
4300,104.938
4301,104.996
4302,105.040
4303,105.051
4304,105.078
4305,105.142
4306,105.151
4307,105.161
4308,105.171
4309,105.180
4310,105.205
4311,105.214
4312,105.222
4313,105.231
4314,105.240
4315,105.250
4316,105.259
4317,105.268
4318,105.277
4319,105.300
4320,105.340
4321,105.377
4322,105.387
4323,105.397
4324,105.407
4325,105.418
4326,105.453
4327,105.461
4328,105.495
4329,105.557
4330,105.595
4331,105.654
4332,105.692
4333,105.704
4334,105.716
4335,105.729
4336,105.741
4337,105.789
4338,105.799
4339,105.810
4340,105.844
4341,105.855
4342,105.888
4343,105.897
4344,105.910
4345,105.963
4346,105.972
4347,105.981
4348,106.006
4349,106.014
4350,106.023
4351,106.033
4352,106.057
4353,106.097
4354,106.139
4355,106.210
4356,106.223
4357,106.265
4358,106.339
4359,106.373
4360,106.381
4361,106.389
4362,106.423
4363,106.431
4364,106.439
4365,106.448
4366,106.456
4367,106.479
4368,106.540
4369,106.549
4370,106.580
4371,106.587
4372,106.595
4373,106.603
4374,106.627
4375,106.635
4376,106.644
4377,106.652
4378,106.662
4379,106.701
4380,106.710
4381,106.720
4382,106.729
4383,106.737
4384,106.745
4385,106.756
4386,106.777
4387,106.852
4388,106.852
4389,106.852
4390,106.890
4391,106.927
4392,106.927
4393,106.958
4394,106.969
4395,106.978
4396,106.999
4397,107.076
4398,107.131
4399,107.143
4400,107.157
4401,107.188
4402,107.199
4403,107.210
4404,107.241
4405,107.293
4406,107.324
4407,107.380
4408,107.392
4409,107.430
4410,107.486
4411,107.517
4412,107.568
4413,107.579
4414,107.590
4415,107.600
4416,107.610
4417,107.621
4418,107.631
4419,107.642
4420,107.653
4421,107.664
4422,107.675
4423,107.689
4424,107.700
4425,107.711
4426,107.722
4427,107.733
4428,107.758
4429,107.815
4430,107.873
4431,107.910
4432,107.932
4433,107.971
4434,107.980
4435,108.002
4436,108.053
4437,108.091
4438,108.100
4439,108.125
4440,108.169
4441,108.178
4442,108.202
4443,108.237
4444,108.261
4445,108.300
4446,108.309
4447,108.330
4448,108.366
4449,108.390
4450,108.430
4451,108.440
4452,108.466
4453,108.513
4454,108.551
4455,108.564
4456,108.579
4457,108.593
4458,108.605
4459,108.618
4460,108.630
4461,108.663
4462,108.720
4463,108.753
4464,108.806
4465,108.859
4466,108.950
4467,108.962
4468,108.983
4469,109.019
4470,109.028
4471,109.063
4472,109.131
4473,109.144
4474,109.168
4475,109.204
4476,109.225
4477,109.233
4478,109.242
4479,109.251
4480,109.259
4481,109.285
4482,109.326
4483,109.335
4484,109.360
4485,109.399
4486,109.423
4487,109.459
4488,109.468
4489,109.491
4490,109.529
4491,109.553
4492,109.593
4493,109.602
4494,109.623
4495,109.674
4496,109.714
4497,109.722
4498,109.744
4499,109.781
4500,109.803
4501,109.811
4502,109.820
4503,109.828
4504,109.836
4505,109.845
4506,109.877
4507,109.935
4508,109.951
4509,109.986
4510,110.036
4511,110.068
4512,110.120
4513,110.175
4514,110.274
4515,110.309
4516,110.346
4517,110.358
4518,110.382
4519,110.419
4520,110.428
4521,110.436
4522,110.459
4523,110.496
4524,110.504
4525,110.527
4526,110.564
4527,110.572
4528,110.580
4529,110.588
4530,110.611
4531,110.646
4532,110.655
4533,110.676
4534,110.714
4535,110.737
4536,110.774
4537,110.783
4538,110.805
4539,110.846
4540,110.871
4541,110.915
4542,110.960
4543,111.030
4544,111.052
4545,111.088
4546,111.097
4547,111.119
4548,111.158
4549,111.166
4550,111.175
4551,111.198
4552,111.234
4553,111.243
4554,111.264
4555,111.314
4556,111.330
4557,111.344
4558,111.361
4559,111.401
4560,111.461
4561,111.476
4562,111.508
4563,111.562
4564,111.624
4565,111.645
4566,111.668
4567,111.697
4568,111.725
4569,111.741
4570,111.758
4571,111.784
4572,111.823
4573,111.845
4574,111.882
4575,111.904
4576,111.940
4577,111.948
4578,111.957
4579,111.980
4580,111.989
4581,111.998
4582,112.021
4583,112.058
4584,112.066
4585,112.092
4586,112.135
4587,112.146
4588,112.157
4589,112.179
4590,112.217
4591,112.239
4592,112.247
4593,112.257
4594,112.267
4595,112.291
4596,112.331
4597,112.341
4598,112.353
4599,112.378
4600,112.388
4601,112.397
4602,112.407
4603,112.432
4604,112.470
4605,112.494
4606,112.503
4607,112.512
4608,112.537
4609,112.597
4610,112.642
4611,112.665
4612,112.674
4613,112.684
4614,112.694
4615,112.720
4616,112.786
4617,112.800
4618,112.839
4619,112.897
4620,112.933
4621,112.991
4622,113.004
4623,113.041
4624,113.097
4625,113.109
4626,113.145
4627,113.199
4628,113.222
4629,113.262
4630,113.272
4631,113.294
4632,113.335
4633,113.361
4634,113.401
4635,113.410
4636,113.433
4637,113.474
4638,113.496
4639,113.531
4640,113.540
4641,113.564
4642,113.612
4643,113.662
4644,113.703
4645,113.727
4646,113.770
4647,113.794
4648,113.852
4649,113.895
4650,113.905
4651,113.930
4652,113.972
4653,113.981
4654,114.004
4655,114.041
4656,114.050
4657,114.058
4658,114.080
4659,114.131
4660,114.180
4661,114.218
4662,114.254
4663,114.312
4664,114.343
4665,114.397
4666,114.426
4667,114.477
4668,114.508
4669,114.560
4670,114.592
4671,114.653
4672,114.664
4673,114.690
4674,114.726
4675,114.747
4676,114.782
4677,114.789
4678,114.811
4679,114.850
4680,114.871
4681,114.909
4682,114.956
4683,114.996
4684,115.009
4685,115.022
4686,115.036
4687,115.049
4688,115.063
4689,115.076
4690,115.089
4691,115.125
4692,115.161
4693,115.182
4694,115.219
4695,115.240
4696,115.290
4697,115.326
4698,115.347
4699,115.387
4700,115.407
4701,115.415
4702,115.440
4703,115.481
4704,115.502
4705,115.536
4706,115.559
4707,115.596
4708,115.604
4709,115.627
4710,115.637
4711,115.673
4712,115.737
4713,115.749
4714,115.763
4715,115.795
4716,115.873
4717,115.884
4718,115.899
4719,115.932
4720,116.009
4721,116.101
4722,116.110
4723,116.118
4724,116.140
4725,116.192
4726,116.201
4727,116.209
4728,116.231
4729,116.267
4730,116.292
4731,116.347
4732,116.388
4733,116.409
4734,116.448
4735,116.456
4736,116.478
4737,116.514
4738,116.522
4739,116.542
4740,116.553
4741,116.583
4742,116.592
4743,116.601
4744,116.622
4745,116.660
4746,116.668
4747,116.695
4748,116.746
4749,116.780
4750,116.818
4751,116.832
4752,116.860
4753,116.912
4754,116.920
4755,116.943
4756,116.984
4757,117.007
4758,117.043
4759,117.063
4760,117.098
4761,117.121
4762,117.160
4763,117.168
4764,117.196
4765,117.209
4766,117.221
4767,117.234
4768,117.267
4769,117.280
4770,117.292
4771,117.302
4772,117.332
4773,117.385
4774,117.415
4775,117.469
4776,117.499
4777,117.511
4778,117.522
4779,117.533
4780,117.544
4781,117.556
4782,117.597
4783,117.652
4784,117.674
4785,117.715
4786,117.723
4787,117.731
4788,117.751
4789,117.801
4790,117.848
4791,117.883
4792,117.904
4793,117.940
4794,117.961
4795,118.010
4796,118.047
4797,118.068
4798,118.077
4799,118.084
4800,118.105
4801,118.140
4802,118.162
4803,118.169
4804,118.177
4805,118.199
4806,118.207
4807,118.216
4808,118.224
4809,118.232
4810,118.255
4811,118.291
4812,118.312
4813,118.350
4814,118.360
4815,118.382
4816,118.420
4817,118.430
4818,118.455
4819,118.495
4820,118.517
4821,118.556
4822,118.578
4823,118.613
4824,118.644
4825,118.715
4826,118.731
4827,118.770
4828,118.783
4829,118.797
4830,118.808
4831,118.840
4832,118.850
4833,118.862
4834,118.874
4835,118.907
4836,118.960
4837,118.971
4838,119.005
4839,119.055
4840,119.120
4841,119.188
4842,119.210
4843,119.218
4844,119.226
4845,119.234
4846,119.242
4847,119.250
4848,119.276
4849,119.321
4850,119.342
4851,119.382
4852,119.390
4853,119.398
4854,119.418
4855,119.467
4856,119.514
4857,119.551
4858,119.577
4859,119.613
4860,119.634
4861,119.670
4862,119.695
4863,119.705
4864,119.713
4865,119.736
4866,119.744
4867,119.752
4868,119.777
4869,119.816
4870,119.824
4871,119.847
4872,119.886
4873,119.895
4874,119.905
4875,119.929
4876,119.968
4877,119.989
4878,120.024
4879,120.045
4880,120.080
4881,120.104
4882,120.164
4883,120.178
4884,120.213
4885,120.227
4886,120.239
4887,120.250
4888,120.281
4889,120.291
4890,120.302
4891,120.313
4892,120.343
4893,120.396
4894,120.431
4895,120.483
4896,120.551
4897,120.632
4898,120.655
4899,120.663
4900,120.671
4901,120.680
4902,120.689
4903,120.698
4904,120.723
4905,120.767
4906,120.789
4907,120.826
4908,120.834
4909,120.856
4910,120.897
4911,120.905
4912,120.929
4913,120.971
4914,120.980
4915,121.005
4916,121.043
4917,121.065
4918,121.102
4919,121.133
4920,121.184
4921,121.195
4922,121.206
4923,121.217
4924,121.228
4925,121.239
4926,121.249
4927,121.259
4928,121.270
4929,121.281
4930,121.293
4931,121.305
4932,121.317
4933,121.329
4934,121.341
4935,121.364
4936,121.372
4937,121.381
4938,121.406
4939,121.414
4940,121.425
4941,121.433
4942,121.457
4943,121.465
4944,121.473
4945,121.494
4946,121.503
4947,121.511
4948,121.519
4949,121.527
4950,121.549
4951,121.625
4952,121.637
4953,121.650
4954,121.708
4955,121.806
4956,121.825
4957,121.868
4958,121.941
4959,122.004
4960,122.031
4961,122.067
4962,122.090
4963,122.126
4964,122.148
4965,122.184
4966,122.207
4967,122.242
4968,122.267
4969,122.308
4970,122.330
4971,122.381
4972,122.404
4973,122.445
4974,122.473
4975,122.515
4976,122.537
4977,122.577
4978,122.601
4979,122.644
4980,122.667
4981,122.709
4982,122.734
4983,122.744
4984,122.753
4985,122.762
4986,122.771
4987,122.795
4988,122.837
4989,122.868
4990,122.880
4991,122.894
4992,122.935
4993,122.962
4994,122.989
4995,123.032
4996,123.041
4997,123.077
4998,123.139
4999,123.173
5000,123.232
5001,123.267
5002,123.326
5003,123.363
5004,123.417
5005,123.452
5006,123.513
5007,123.538
5008,123.577
5009,123.600
5010,123.638
5011,123.661
5012,123.701
5013,123.727
5014,123.770
5015,123.794
5016,123.832
5017,123.857
5018,123.902
5019,123.931
5020,123.977
5021,124.004
5022,124.014
5023,124.023
5024,124.034
5025,124.045
5026,124.056
5027,124.066
5028,124.088
5029,124.131
5030,124.156
5031,124.166
5032,124.176
5033,124.199
5034,124.239
5035,124.262
5036,124.271
5037,124.280
5038,124.289
5039,124.316
5040,124.363
5041,124.375
5042,124.388
5043,124.409
5044,124.417
5045,124.426
5046,124.451
5047,124.492
5048,124.506
5049,124.542
5050,124.628
5051,124.688
5052,124.702
5053,124.740
5054,124.753
5055,124.769
5056,124.782
5057,124.795
5058,124.828
5059,124.842
5060,124.856
5061,124.870
5062,124.885
5063,124.901
5064,124.944
5065,124.993
5066,125.005
5067,125.030
5068,125.040
5069,125.050
5070,125.080
5071,125.080
5072,125.098
5073,125.139
5074,125.163
5075,125.203
5076,125.212
5077,125.238
5078,125.278
5079,125.288
5080,125.310
5081,125.349
5082,125.359
5083,125.382
5084,125.391
5085,125.400
5086,125.409
5087,125.418
5088,125.428
5089,125.452
5090,125.507
5091,125.516
5092,125.526
5093,125.567
5094,125.661
5095,125.706
5096,125.734
5097,125.785
5098,125.797
5099,125.823
5100,125.863
5101,125.873
5102,125.882
5103,125.892
5104,125.917
5105,125.980
5106,125.995
5107,126.035
5108,126.096
5109,126.110
5110,126.145
5111,126.206
5112,126.251
5113,126.325
5114,126.344
5115,126.381
5116,126.426
5117,126.436
5118,126.446
5119,126.456
5120,126.481
5121,126.520
5122,126.529
5123,126.554
5124,126.595
5125,126.605
5126,126.628
5127,126.668
5128,126.694
5129,126.733
5130,126.759
5131,126.805
5132,126.830
5133,126.871
5134,126.897
5135,126.939
5136,126.965
5137,127.008
5138,127.034
5139,127.075
5140,127.105
5141,127.150
5142,127.175
5143,127.218
5144,127.241
5145,127.282
5146,127.308
5147,127.351
5148,127.378
5149,127.446
5150,127.490
5151,127.552
5152,127.591
5153,127.660
5154,127.715
5155,127.727
5156,127.739
5157,127.752
5158,127.764
5159,127.775
5160,127.787
5161,127.822
5162,127.894
5163,127.902
5164,127.911
5165,127.935
5166,127.973
5167,127.982
5168,127.991
5169,128.014
5170,128.064
5171,128.072
5172,128.081
5173,128.091
5174,128.101
5175,128.125
5176,128.160
5177,128.169
5178,128.178
5179,128.200
5180,128.237
5181,128.261
5182,128.302
5183,128.312
5184,128.321
5185,128.344
5186,128.399
5187,128.443
5188,128.469
5189,128.510
5190,128.534
5191,128.576
5192,128.586
5193,128.611
5194,128.651
5195,128.660
5196,128.670
5197,128.696
5198,128.737
5199,128.761
5200,128.802
5201,128.817
5202,128.826
5203,128.853
5204,128.909
5205,128.945
5206,129.003
5207,129.038
5208,129.093
5209,129.127
5210,129.139
5211,129.152
5212,129.165
5213,129.198
5214,129.251
5215,129.261
5216,129.277
5217,129.319
5218,129.376
5219,129.386
5220,129.409
5221,129.448
5222,129.470
5223,129.508
5224,129.517
5225,129.540
5226,129.580
5227,129.605
5228,129.642
5229,129.693
5230,129.736
5231,129.750
5232,129.764
5233,129.777
5234,129.791
5235,129.804
5236,129.818
5237,129.832
5238,129.868
5239,129.904
5240,129.926
5241,129.934
5242,129.942
5243,129.964
5244,130.002
5245,130.023
5246,130.073
5247,130.109
5248,130.129
5249,130.137
5250,130.146
5251,130.154
5252,130.175
5253,130.212
5254,130.220
5255,130.228
5256,130.258
5257,130.318
5258,130.349
5259,130.402
5260,130.442
5261,130.452
5262,130.463
5263,130.497
5264,130.508
5265,130.542
5266,130.593
5267,130.604
5268,130.617
5269,130.630
5270,130.667
5271,130.722
5272,130.731
5273,130.739
5274,130.748
5275,130.769
5276,130.817
5277,130.875
5278,130.927
5279,130.941
5280,130.952
5281,130.962
5282,130.973
5283,130.984
5284,130.996
5285,131.007
5286,131.018
5287,131.029
5288,131.040
5289,131.052
5290,131.064
5291,131.076
5292,131.088
5293,131.109
5294,131.117
5295,131.125
5296,131.147
5297,131.155
5298,131.164
5299,131.172
5300,131.194
5301,131.202
5302,131.211
5303,131.235
5304,131.243
5305,131.252
5306,131.260
5307,131.268
5308,131.310
5309,131.391
5310,131.431
5311,131.439
5312,131.447
5313,131.469
5314,131.509
5315,131.529
5316,131.564
5317,131.586
5318,131.639
5319,131.673
5320,131.728
5321,131.764
5322,131.822
5323,131.856
5324,131.907
5325,131.939
5326,131.997
5327,132.030
5328,132.072
5329,132.095
5330,132.131
5331,132.153
5332,132.188
5333,132.210
5334,132.246
5335,132.268
5336,132.276
5337,132.285
5338,132.296
5339,132.305
5340,132.328
5341,132.368
5342,132.390
5343,132.398
5344,132.407
5345,132.430
5346,132.467
5347,132.491
5348,132.530
5349,132.539
5350,132.548
5351,132.571
5352,132.609
5353,132.630
5354,132.668
5355,132.699
5356,132.756
5357,132.793
5358,132.835
5359,132.857
5360,132.897
5361,132.920
5362,132.958
5363,132.987
5364,133.052
5365,133.088
5366,133.143
5367,133.176
5368,133.229
5369,133.267
5370,133.325
5371,133.360
5372,133.432
5373,133.449
5374,133.492
5375,133.517
5376,133.564
5377,133.591
5378,133.601
5379,133.612
5380,133.623
5381,133.633
5382,133.643
5383,133.654
5384,133.664
5385,133.674
5386,133.686
5387,133.713
5388,133.755
5389,133.783
5390,133.793
5391,133.802
5392,133.827
5393,133.837
5394,133.846
5395,133.856
5396,133.866
5397,133.891
5398,133.900
5399,133.910
5400,133.921
5401,133.931
5402,133.941
5403,133.974
5404,134.029
5405,134.041
5406,134.068
5407,134.077
5408,134.088
5409,134.099
5410,134.126
5411,134.171
5412,134.201
5413,134.211
5414,134.221
5415,134.232
5416,134.241
5417,134.251
5418,134.276
5419,134.316
5420,134.325
5421,134.334
5422,134.361
5423,134.412
5424,134.427
5425,134.463
5426,134.523
5427,134.558
5428,134.572
5429,134.585
5430,134.598
5431,134.611
5432,134.649
5433,134.707
5434,134.749
5435,134.828
5436,134.838
5437,134.849
5438,134.874
5439,134.884
5440,134.894
5441,134.919
5442,134.958
5443,134.967
5444,134.991
5445,134.999
5446,135.009
5447,135.033
5448,135.072
5449,135.081
5450,135.090
5451,135.099
5452,135.123
5453,135.164
5454,135.194
5455,135.243
5456,135.254
5457,135.265
5458,135.289
5459,135.298
5460,135.308
5461,135.333
5462,135.375
5463,135.385
5464,135.395
5465,135.405
5466,135.430
5467,135.440
5468,135.450
5469,135.460
5470,135.470
5471,135.480
5472,135.505
5473,135.544
5474,135.573
5475,135.622
5476,135.632
5477,135.643
5478,135.666
5479,135.675
5480,135.684
5481,135.709
5482,135.755
5483,135.770
5484,135.810
5485,135.894
5486,135.952
5487,135.965
5488,136.002
5489,136.014
5490,136.027
5491,136.039
5492,136.053
5493,136.089
5494,136.102
5495,136.116
5496,136.131
5497,136.167
5498,136.208
5499,136.234
5500,136.273
5501,136.282
5502,136.311
5503,136.360
5504,136.371
5505,136.396
5506,136.449
5507,136.487
5508,136.497
5509,136.520
5510,136.558
5511,136.584
5512,136.628
5513,136.638
5514,136.663
5515,136.707
5516,136.733
5517,136.742
5518,136.752
5519,136.762
5520,136.773
5521,136.800
5522,136.846
5523,136.877
5524,136.928
5525,136.939
5526,136.963
5527,137.005
5528,137.015
5529,137.025
5530,137.035
5531,137.060
5532,137.113
5533,137.164
5534,137.239
5535,137.256
5536,137.292
5537,137.353
5538,137.368
5539,137.383
5540,137.396
5541,137.430
5542,137.493
5543,137.525
5544,137.567
5545,137.595
5546,137.637
5547,137.662
5548,137.704
5549,137.729
5550,137.771
5551,137.796
5552,137.837
5553,137.860
5554,137.901
5555,137.928
5556,137.970
5557,137.996
5558,138.037
5559,138.063
5560,138.107
5561,138.133
5562,138.178
5563,138.203
5564,138.247
5565,138.273
5566,138.314
5567,138.340
5568,138.383
5569,138.434
5570,138.500
5571,138.521
5572,138.569
5573,138.570
5574,138.593
5575,138.616
5576,138.636
5577,138.656
5578,138.677
5579,138.701
5580,138.757
5581,138.815
5582,138.850
5583,138.866
5584,138.878
5585,138.901
5586,138.910
5587,138.920
5588,138.929
5589,138.951
5590,138.960
5591,138.969
5592,138.994
5593,139.002
5594,139.011
5595,139.020
5596,139.028
5597,139.050
5598,139.087
5599,139.109
5600,139.117
5601,139.125
5602,139.133
5603,139.141
5604,139.162
5605,139.170
5606,139.178
5607,139.186
5608,139.207
5609,139.241
5610,139.261
5611,139.269
5612,139.277
5613,139.298
5614,139.349
5615,139.390
5616,139.414
5617,139.455
5618,139.498
5619,139.569
5620,139.584
5621,139.606
5622,139.644
5623,139.653
5624,139.711
5625,139.740
5626,139.751
5627,139.763
5628,139.775
5629,139.786
5630,139.797
5631,139.808
5632,139.824
5633,139.841
5634,139.858
5635,139.876
5636,139.894
5637,139.912
5638,139.930
5639,139.946
5640,139.978
5641,139.990
5642,140.002
5643,140.034
5644,140.088
5645,140.146
5646,140.244
5647,140.258
5648,140.281
5649,140.289
5650,140.298
5651,140.307
5652,140.332
5653,140.341
5654,140.350
5655,140.361
5656,140.384
5657,140.422
5658,140.447
5659,140.456
5660,140.466
5661,140.476
5662,140.498
5663,140.535
5664,140.559
5665,140.568
5666,140.577
5667,140.586
5668,140.609
5669,140.644
5670,140.667
5671,140.675
5672,140.684
5673,140.692
5674,140.719
5675,140.761
5676,140.803
5677,140.874
5678,140.888
5679,140.901
5680,140.927
5681,140.937
5682,140.946
5683,140.955
5684,140.977
5685,141.015
5686,141.039
5687,141.048
5688,141.057
5689,141.066
5690,141.087
5691,141.125
5692,141.149
5693,141.163
5694,141.177
5695,141.191
5696,141.232
5697,141.288
5698,141.326
5699,141.340
5700,141.375
5701,141.375
5702,141.416
5703,141.464
5704,141.495
5705,141.508
5706,141.521
5707,141.535
5708,141.550
5709,141.587
5710,141.628
5711,141.653
5712,141.663
5713,141.672
5714,141.696
5715,141.705
5716,141.715
5717,141.726
5718,141.754
5719,141.806
5720,141.818
5721,141.843
5722,141.882
5723,141.892
5724,141.918
5725,141.927
5726,141.936
5727,141.945
5728,141.987
5729,142.067
5730,142.077
5731,142.086
5732,142.096
5733,142.127
5734,142.179
5735,142.191
5736,142.216
5737,142.258
5738,142.267
5739,142.276
5740,142.285
5741,142.309
5742,142.319
5743,142.328
5744,142.337
5745,142.367
5746,142.418
5747,142.430
5748,142.454
5749,142.493
5750,142.502
5751,142.511
5752,142.519
5753,142.559
5754,142.573
5755,142.589
5756,142.605
5757,142.640
5758,142.696
5759,142.735
5760,142.748
5761,142.760
5762,142.775
5763,142.816
5764,142.832
5765,142.846
5766,142.860
5767,142.892
5768,142.957
5769,142.982
5770,142.992
5771,143.001
5772,143.010
5773,143.033
5774,143.072
5775,143.096
5776,143.105
5777,143.114
5778,143.122
5779,143.145
5780,143.182
5781,143.226
5782,143.236
5783,143.245
5784,143.254
5785,143.264
5786,143.286
5787,143.294
5788,143.302
5789,143.324
5790,143.376
5791,143.417
5792,143.427
5793,143.436
5794,143.460
5795,143.513
5796,143.521
5797,143.530
5798,143.538
5799,143.547
5800,143.570
5801,143.612
5802,143.620
5803,143.630
5804,143.651
5805,143.689
5806,143.713
5807,143.725
5808,143.734
5809,143.743
5810,143.752
5811,143.761
5812,143.770
5813,143.779
5814,143.802
5815,143.857
5816,143.903
5817,143.916
5818,143.930
5819,143.968
5820,144.024
5821,144.038
5822,144.070
5823,144.125
5824,144.161
5825,144.215
5826,144.227
5827,144.293
5828,144.366
5829,144.389
5830,144.430
5831,144.454
5832,144.495
5833,144.504
5834,144.527
5835,144.564
5836,144.572
5837,144.596
5838,144.633
5839,144.671
5840,144.740
5841,144.765
5842,144.804
5843,144.828
5844,144.868
5845,144.877
5846,144.901
5847,144.909
5848,144.918
5849,144.927
5850,144.950
5851,145.001
5852,145.039
5853,145.079
5854,145.147
5855,145.172
5856,145.272
5857,145.377
5858,145.398
5859,145.418
5860,145.452
5861,145.506
5862,145.536
5863,145.596
5864,145.635
5865,145.643
5866,145.669
5867,145.708
5868,145.743
5869,145.751
5870,145.759
5871,145.768
5872,145.775
5873,145.798
5874,145.806
5875,145.815
5876,145.823
5877,145.845
5878,145.883
5879,145.925
5880,145.995
5881,146.009
5882,146.032
5883,146.094
5884,146.103
5885,146.126
5886,146.193
5887,146.203
5888,146.212
5889,146.222
5890,146.256
5891,146.265
5892,146.301
5893,146.309
5894,146.318
5895,146.326
5896,146.354
5897,146.400
5898,146.412
5899,146.422
5900,146.433
5901,146.459
5902,146.517
5903,146.558
5904,146.570
5905,146.610
5906,146.675
5907,146.714
5908,146.779
5909,146.821
5910,146.835
5911,146.850
5912,146.864
5913,146.880
5914,146.895
5915,146.910
5916,146.944
5917,147.012
5918,147.039
5919,147.083
5920,147.094
5921,147.104
5922,147.129
5923,147.170
5924,147.216
5925,147.292
5926,147.307
5927,147.322
5928,147.369
5929,147.450
5930,147.467
5931,147.484
5932,147.534
5933,147.619
5934,147.636
5935,147.653
5936,147.680
5937,147.729
5938,147.755
5939,147.766
5940,147.778
5941,147.788
5942,147.814
5943,147.823
5944,147.834
5945,147.844
5946,147.854
5947,147.864
5948,147.891
5949,147.936
5950,147.950
5951,148.008
5952,148.099
5953,148.117
5954,148.135
5955,148.153
5956,148.171
5957,148.191
5958,148.211
5959,148.230
5960,148.248
5961,148.267
5962,148.285
5963,148.303
5964,148.321
5965,148.343
5966,148.368
5967,148.389
5968,148.417
5969,148.427
5970,148.437
5971,148.447
5972,148.465
5973,148.493
5974,148.505
5975,148.516
5976,148.527
5977,148.539
5978,148.566
5979,148.616
5980,148.646
5981,148.659
5982,148.671
5983,148.682
5984,148.695
5985,148.723
5986,148.769
5987,148.801
5988,148.811
5989,148.822
5990,148.835
5991,148.845
5992,148.874
5993,148.919
5994,148.946
5995,148.993
5996,149.003
5997,149.015
5998,149.026
5999,149.057
6000,149.109
6001,149.159
6002,149.244
6003,149.274
6004,149.285
6005,149.297
6006,149.308
6007,149.319
6008,149.346
6009,149.410
6010,149.460
6011,149.478
6012,149.494
6013,149.510
6014,149.527
6015,149.566
6016,149.635
6017,149.676
6018,149.691
6019,149.706
6020,149.723
6021,149.738
6022,149.784
6023,149.837
6024,149.867
6025,149.880
6026,149.890
6027,149.902
6028,149.915
6029,149.941
6030,149.987
6031,150.014
6032,150.024
6033,150.035
6034,150.045
6035,150.055
6036,150.080
6037,150.123
6038,150.150
6039,150.160
6040,150.170
6041,150.198
6042,150.208
6043,150.218
6044,150.229
6045,150.239
6046,150.272
6047,150.331
6048,150.345
6049,150.374
6050,150.424
6051,150.454
6052,150.503
6053,150.514
6054,150.542
6055,150.552
6056,150.562
6057,150.573
6058,150.622
6059,150.708
6060,150.738
6061,150.754
6062,150.771
6063,150.790
6064,150.806
6065,150.861
6066,150.945
6067,150.962
6068,151.002
6069,151.070
6070,151.086
6071,151.101
6072,151.116
6073,151.161
6074,151.180
6075,151.194
6076,151.206
6077,151.217
6078,151.252
6079,151.310
6080,151.323
6081,151.349
6082,151.397
6083,151.408
6084,151.418
6085,151.429
6086,151.459
6087,151.470
6088,151.482
6089,151.493
6090,151.504
6091,151.530
6092,151.579
6093,151.609
6094,151.619
6095,151.629
6096,151.641
6097,151.656
6098,151.685
6099,151.696
6100,151.706
6101,151.718
6102,151.730
6103,151.759
6104,151.806
6105,151.835
6106,151.846
6107,151.856
6108,151.868
6109,151.880
6110,151.909
6111,151.955
6112,151.983
6113,151.995
6114,152.005
6115,152.016
6116,152.027
6117,152.058
6118,152.104
6119,152.129
6120,152.138
6121,152.151
6122,152.165
6123,152.181
6124,152.198
6125,152.214
6126,152.256
6127,152.316
6128,152.331
6129,152.345
6130,152.359
6131,152.406
6132,152.499
6133,152.569
6134,152.582
6135,152.608
6136,152.651
6137,152.679
6138,152.728
6139,152.756
6140,152.803
6141,152.814
6142,152.824
6143,152.850
6144,152.891
6145,152.918
6146,152.962
6147,153.007
6148,153.089
6149,153.106
6150,153.124
6151,153.174
6152,153.258
6153,153.274
6154,153.289
6155,153.306
6156,153.332
6157,153.376
6158,153.407
6159,153.416
6160,153.426
6161,153.436
6162,153.462
6163,153.475
6164,153.482
6165,153.492
6166,153.502
6167,153.528
6168,153.598
6169,153.615
6170,153.630
6171,153.667
6172,153.684
6173,153.700
6174,153.714
6175,153.730
6176,153.770
6177,153.839
6178,153.876
6179,153.945
6180,153.988
6181,154.046
6182,154.074
6183,154.121
6184,154.131
6185,154.141
6186,154.151
6187,154.162
6188,154.187
6189,154.248
6190,154.291
6191,154.317
6192,154.358
6193,154.387
6194,154.432
6195,154.444
6196,154.454
6197,154.480
6198,154.490
6199,154.500
6200,154.510
6201,154.520
6202,154.530
6203,154.555
6204,154.599
6205,154.627
6206,154.672
6207,154.700
6208,154.752
6209,154.763
6210,154.793
6211,154.842
6212,154.853
6213,154.880
6214,154.921
6215,154.970
6216,154.985
6217,155.001
6218,155.017
6219,155.033
6220,155.079
6221,155.091
6222,155.125
6223,155.182
6224,155.218
6225,155.273
6226,155.307
6227,155.321
6228,155.337
6229,155.354
6230,155.368
6231,155.403
6232,155.413
6233,155.425
6234,155.457
6235,155.465
6236,155.490
6237,155.499
6238,155.507
6239,155.540
6240,155.548
6241,155.557
6242,155.581
6243,155.590
6244,155.598
6245,155.607
6246,155.630
6247,155.668
6248,155.710
6249,155.785
6250,155.799
6251,155.842
6252,155.918
6253,155.953
6254,155.962
6255,155.970
6256,156.005
6257,156.014
6258,156.023
6259,156.032
6260,156.041
6261,156.067
6262,156.137
6263,156.145
6264,156.177
6265,156.185
6266,156.193
6267,156.202
6268,156.254
6269,156.263
6270,156.274
6271,156.284
6272,156.294
6273,156.320
6274,156.330
6275,156.339
6276,156.370
6277,156.384
6278,156.400
6279,156.415
6280,156.455
6281,156.467
6282,156.480
6283,156.514
6284,156.528
6285,156.540
6286,156.553
6287,156.566
6288,156.611
6289,156.623
6290,156.662
6291,156.726
6292,156.744
6293,156.761
6294,156.800
6295,156.859
6296,156.869
6297,156.879
6298,156.889
6299,156.899
6300,156.926
6301,156.967
6302,156.976
6303,156.986
6304,157.009
6305,157.048
6306,157.076
6307,157.122
6308,157.132
6309,157.157
6310,157.215
6311,157.258
6312,157.267
6313,157.275
6314,157.304
6315,157.315
6316,157.325
6317,157.336
6318,157.346
6319,157.417
6320,157.451
6321,157.535
6322,157.561
6323,157.607
6324,157.617
6325,157.643
6326,157.684
6327,157.693
6328,157.742
6329,157.853
6330,157.894
6331,157.957
6332,157.972
6333,158.013
6334,158.097
6335,158.139
6336,158.207
6337,158.225
6338,158.243
6339,158.271
6340,158.321
6341,158.352
6342,158.397
6343,158.426
6344,158.489
6345,158.499
6346,158.509
6347,158.519
6348,158.544
6349,158.587
6350,158.597
6351,158.621
6352,158.631
6353,158.640
6354,158.663
6355,158.727
6356,158.779
6357,158.791
6358,158.818
6359,158.828
6360,158.838
6361,158.864
6362,158.911
6363,158.921
6364,158.947
6365,158.958
6366,158.968
6367,159.017
6368,159.105
6369,159.148
6370,159.160
6371,159.169
6372,159.179
6373,159.205
6374,159.251
6375,159.266
6376,159.309
6377,159.323
6378,159.339
6379,159.354
6380,159.391
6381,159.454
6382,159.490
6383,159.553
6384,159.566
6385,159.600
6386,159.660
6387,159.708
6388,159.717
6389,159.728
6390,159.756
6391,159.766
6392,159.796
6393,159.838
6394,159.847
6395,159.872
6396,159.932
6397,159.977
6398,160.004
6399,160.047
6400,160.082
6401,160.092
6402,160.101
6403,160.112
6404,160.122
6405,160.146
6406,160.156
6407,160.165
6408,160.175
6409,160.185
6410,160.210
6411,160.267
6412,160.311
6413,160.360
6414,160.457
6415,160.505
6416,160.515
6417,160.543
6418,160.589
6419,160.599
6420,160.625
6421,160.697
6422,160.710
6423,160.754
6424,160.876
6425,160.892
6426,160.906
6427,160.923
6428,160.980
6429,160.994
6430,161.055
6431,161.069
6432,161.083
6433,161.099
6434,161.158
6435,161.221
6436,161.234
6437,161.246
6438,161.259
6439,161.272
6440,161.301
6441,161.367
6442,161.412
6443,161.425
6444,161.453
6445,161.499
6446,161.529
6447,161.576
6448,161.607
6449,161.659
6450,161.697
6451,161.763
6452,161.796
6453,161.845
6454,161.876
6455,161.926
6456,161.936
6457,161.966
6458,162.015
6459,162.027
6460,162.074
6461,162.188
6462,162.215
6463,162.239
6464,162.281
6465,162.354
6466,162.397
6467,162.475
6468,162.522
6469,162.540
6470,162.556
6471,162.567
6472,162.600
6473,162.652
6474,162.663
6475,162.674
6476,162.704
6477,162.715
6478,162.731
6479,162.742
6480,162.775
6481,162.829
6482,162.841
6483,162.871
6484,162.944
6485,162.956
6486,162.967
6487,162.979
6488,162.991
6489,163.024
6490,163.081
6491,163.092
6492,163.104
6493,163.117
6494,163.129
6495,163.159
6496,163.227
6497,163.301
6498,163.301
6499,163.321
6500,163.368
6501,163.397
6502,163.449
6503,163.481
6504,163.554
6505,163.615
6506,163.635
6507,163.656
6508,163.675
6509,163.725
6510,163.837
6511,163.853
6512,163.870
6513,163.886
6514,163.937
6515,164.010
6516,164.022
6517,164.054
6518,164.067
6519,164.078
6520,164.090
6521,164.122
6522,164.176
6523,164.219
6524,164.284
6525,164.298
6526,164.312
6527,164.344
6528,164.356
6529,164.367
6530,164.398
6531,164.409
6532,164.421
6533,164.477
6534,164.575
6535,164.609
6536,164.664
6537,164.676
6538,164.687
6539,164.700
6540,164.712
6541,164.778
6542,164.872
6543,164.893
6544,164.912
6545,164.944
6546,165.011
6547,165.062
6548,165.080
6549,165.131
6550,165.131
6551,165.209
6552,165.346
6553,165.373
6554,165.418
6555,165.498
6556,165.532
6557,165.589
6558,165.626
6559,165.688
6560,165.702
6561,165.739
6562,165.797
6563,165.809
6564,165.839
6565,165.892
6566,165.904
6567,165.960
6568,166.070
6569,166.089
6570,166.120
6571,166.173
6572,166.205
6573,166.259
6574,166.298
6575,166.359
6576,166.373
6577,166.406
6578,166.465
6579,166.477
6580,166.518
6581,166.600
6582,166.620
6583,166.668
6584,166.789
6585,166.871
6586,166.890
6587,166.913
6588,166.962
6589,166.974
6590,166.988
6591,167.000
6592,167.013
6593,167.048
6594,167.103
6595,167.116
6596,167.128
6597,167.162
6598,167.175
6599,167.187
6600,167.199
6601,167.212
6602,167.243
6603,167.295
6604,167.325
6605,167.379
6606,167.417
6607,167.489
6608,167.504
6609,167.539
6610,167.606
6611,167.649
6612,167.708
6613,167.724
6614,167.743
6615,167.756
6616,167.779
6617,167.806
6618,167.882
6619,167.938
6620,167.971
6621,168.054
6622,168.119
6623,168.205
6624,168.223
6625,168.278
6626,168.362
6627,168.412
6628,168.489
6629,168.524
6630,168.581
6631,168.594
6632,168.628
6633,168.686
6634,168.698
6635,168.727
6636,168.777
6637,168.819
6638,168.830
6639,168.841
6640,168.851
6641,168.862
6642,168.899
6643,168.909
6644,168.935
6645,168.980
6646,169.009
6647,169.053
6648,169.080
6649,169.090
6650,169.100
6651,169.110
6652,169.120
6653,169.161
6654,169.169
6655,169.178
6656,169.205
6657,169.268
6658,169.278
6659,169.286
6660,169.322
6661,169.333
6662,169.343
6663,169.371
6664,169.380
6665,169.391
6666,169.401
6667,169.429
6668,169.550
6669,169.690
6670,169.697
6671,169.770
6672,169.896
6673,169.934
6674,169.944
6675,169.954
6676,169.994
6677,170.004
6678,170.013
6679,170.022
6680,170.032
6681,170.061
6682,170.132
6683,170.141
6684,170.179
6685,170.189
6686,170.199
6687,170.209
6688,170.275
6689,170.368
6690,170.369
6691,170.369
6692,170.369
6693,170.389
6694,170.402
6695,170.415
6696,170.429
6697,170.442
6698,170.455
6699,170.468
6700,170.482
6701,170.497
6702,170.512
6703,170.526
6704,170.553
6705,170.563
6706,170.573
6707,170.604
6708,170.611
6709,170.621
6710,170.631
6711,170.656
6712,170.665
6713,170.674
6714,170.701
6715,170.710
6716,170.719
6717,170.728
6718,170.737
6719,170.781
6720,170.861
6721,170.904
6722,170.913
6723,170.923
6724,170.949
6725,171.013
6726,171.054
6727,171.121
6728,171.157
6729,171.218
6730,171.259
6731,171.330
6732,171.378
6733,171.435
6734,171.462
6735,171.506
6736,171.529
6737,171.568
6738,171.593
6739,171.633
6740,171.642
6741,171.652
6742,171.661
6743,171.687
6744,171.728
6745,171.754
6746,171.763
6747,171.773
6748,171.798
6749,171.840
6750,171.865
6751,171.906
6752,171.948
6753,171.989
6754,172.011
6755,172.057
6756,172.084
6757,172.129
6758,172.154
6759,172.198
6760,172.228
6761,172.274
6762,172.299
6763,172.342
6764,172.371
6765,172.425
6766,172.443
6767,172.462
6768,172.506
6769,172.568
6770,172.607
6771,172.621
6772,172.636
6773,172.675
6774,172.692
6775,172.708
6776,172.722
6777,172.773
6778,172.863
6779,172.877
6780,172.905
6781,172.964
6782,172.974
6783,172.984
6784,172.993
6785,173.003
6786,173.029
6787,173.039
6788,173.049
6789,173.059
6790,173.068
6791,173.094
6792,173.137
6793,173.146
6794,173.177
6795,173.228
6796,173.239
6797,173.285
6798,173.301
6799,173.317
6800,173.333
6801,173.349
6802,173.366
6803,173.395
6804,173.445
6805,173.456
6806,173.489
6807,173.546
6808,173.559
6809,173.591
6810,173.638
6811,173.648
6812,173.658
6813,173.668
6814,173.678
6815,173.705
6816,173.715
6817,173.726
6818,173.756
6819,173.803
6820,173.813
6821,173.849
6822,173.918
6823,173.934
6824,173.974
6825,173.988
6826,174.002
6827,174.016
6828,174.080
6829,174.200
6830,174.263
6831,174.273
6832,174.284
6833,174.294
6834,174.325
6835,174.375
6836,174.387
6837,174.413
6838,174.459
6839,174.469
6840,174.479
6841,174.489
6842,174.520
6843,174.572
6844,174.585
6845,174.613
6846,174.658
6847,174.683
6848,174.723
6849,174.750
6850,174.797
6851,174.822
6852,174.868
6853,174.894
6854,174.935
6855,174.962
6856,175.004
6857,175.029
6858,175.071
6859,175.096
6860,175.138
6861,175.163
6862,175.209
6863,175.300
6864,175.367
6865,175.391
6866,175.412
6867,175.476
6868,175.535
6869,175.572
6870,175.589
6871,175.605
6872,175.631
6873,175.641
6874,175.650
6875,175.672
6876,175.681
6877,175.690
6878,175.699
6879,175.721
6880,175.730
6881,175.739
6882,175.767
6883,175.808
6884,175.864
6885,175.907
6886,175.922
6887,175.936
6888,175.951
6889,175.991
6890,176.033
6891,176.057
6892,176.066
6893,176.075
6894,176.099
6895,176.109
6896,176.118
6897,176.143
6898,176.183
6899,176.241
6900,176.290
6901,176.308
6902,176.323
6903,176.339
6904,176.354
6905,176.394
6906,176.438
6907,176.461
6908,176.515
6909,176.594
6910,176.676
6911,176.732
6912,176.783
6913,176.798
6914,176.813
6915,176.827
6916,176.841
6917,176.853
6918,176.865
6919,176.901
6920,176.968
6921,176.978
6922,176.989
6923,177.014
6924,177.069
6925,177.078
6926,177.086
6927,177.095
6928,177.119
6929,177.157
6930,177.165
6931,177.175
6932,177.198
6933,177.240
6934,177.267
6935,177.324
6936,177.339
6937,177.351
6938,177.376
6939,177.431
6940,177.474
6941,177.484
6942,177.494
6943,177.518
6944,177.576
6945,177.646
6946,177.697
6947,177.709
6948,177.722
6949,177.734
6950,177.746
6951,177.761
6952,177.774
6953,177.787
6954,177.800
6955,177.813
6956,177.826
6957,177.839
6958,177.853
6959,177.865
6960,177.878
6961,177.892
6962,177.919
6963,177.973
6964,177.989
6965,178.035
6966,178.103
6967,178.119
6968,178.154
6969,178.213
6970,178.253
6971,178.314
6972,178.332
6973,178.371
6974,178.412
6975,178.441
6976,178.489
6977,178.500
6978,178.524
6979,178.565
6980,178.616
6981,178.688
6982,178.702
6983,178.719
6984,178.736
6985,178.766
6986,178.810
6987,178.835
6988,178.881
6989,178.891
6990,178.902
6991,178.928
6992,178.973
6993,179.022
6994,179.106
6995,179.121
6996,179.138
6997,179.153
6998,179.177
6999,179.216
7000,179.242
7001,179.283
7002,179.307
7003,179.372
7004,179.388
7005,179.404
7006,179.444
7007,179.509
7008,179.525
7009,179.560
7010,179.621
7011,179.687
7012,179.786
7013,179.804
7014,179.822
7015,179.837
7016,179.863
7017,179.905
7018,179.930
7019,179.971
7020,179.998
7021,180.044
7022,180.055
7023,180.083
7024,180.123
7025,180.176
7026,180.195
7027,180.213
7028,180.232
7029,180.252
7030,180.272
7031,180.291
7032,180.310
7033,180.336
7034,180.380
7035,180.406
7036,180.450
7037,180.476
7038,180.518
7039,180.529
7040,180.539
7041,180.571
7042,180.623
7043,180.636
7044,180.660
7045,180.745
7046,180.812
7047,180.826
7048,180.865
7049,180.878
7050,180.893
7051,180.909
7052,180.950
7053,181.015
7054,181.030
7055,181.069
7056,181.130
7057,181.157
7058,181.199
7059,181.209
7060,181.235
7061,181.277
7062,181.288
7063,181.314
7064,181.354
7065,181.380
7066,181.422
7067,181.433
7068,181.458
7069,181.499
7070,181.525
7071,181.567
7072,181.577
7073,181.604
7074,181.646
7075,181.679
7076,181.732
7077,181.745
7078,181.761
7079,181.774
7080,181.786
7081,181.799
7082,181.813
7083,181.826
7084,181.839
7085,181.852
7086,181.865
7087,181.878
7088,181.890
7089,181.902
7090,181.914
7091,181.927
7092,181.951
7093,182.007
7094,182.065
7095,182.130
7096,182.170
7097,182.230
7098,182.245
7099,182.281
7100,182.343
7101,182.377
7102,182.437
7103,182.454
7104,182.498
7105,182.541
7106,182.569
7107,182.611
7108,182.622
7109,182.632
7110,182.676
7111,182.756
7112,182.773
7113,182.799
7114,182.841
7115,182.869
7116,182.917
7117,182.945
7118,182.993
7119,183.005
7120,183.030
7121,183.073
7122,183.083
7123,183.108
7124,183.151
7125,183.161
7126,183.189
7127,183.237
7128,183.247
7129,183.272
7130,183.313
7131,183.324
7132,183.350
7133,183.395
7134,183.423
7135,183.473
7136,183.490
7137,183.506
7138,183.585
7139,183.718
7140,183.742
7141,183.784
7142,183.849
7143,183.897
7144,183.961
7145,183.991
7146,184.041
7147,184.052
7148,184.079
7149,184.125
7150,184.135
7151,184.160
7152,184.203
7153,184.213
7154,184.240
7155,184.289
7156,184.301
7157,184.329
7158,184.370
7159,184.380
7160,184.407
7161,184.453
7162,184.484
7163,184.531
7164,184.541
7165,184.589
7166,184.674
7167,184.692
7168,184.725
7169,184.780
7170,184.808
7171,184.851
7172,184.862
7173,184.891
7174,184.948
7175,184.969
7176,185.021
7177,185.089
7178,185.103
7179,185.145
7180,185.214
7181,185.230
7182,185.265
7183,185.323
7184,185.363
7185,185.418
7186,185.430
7187,185.456
7188,185.500
7189,185.525
7190,185.567
7191,185.577
7192,185.622
7193,185.698
7194,185.714
7195,185.742
7196,185.797
7197,185.828
7198,185.879
7199,185.891
7200,185.924
7201,185.974
7202,185.985
7203,186.013
7204,186.057
7205,186.067
7206,186.092
7207,186.135
7208,186.162
7209,186.204
7210,186.215
7211,186.240
7212,186.284
7213,186.312
7214,186.355
7215,186.368
7216,186.450
7217,186.571
7218,186.596
7219,186.636
7220,186.697
7221,186.712
7222,186.756
7223,186.832
7224,186.844
7225,186.872
7226,186.918
7227,186.929
7228,186.940
7229,186.968
7230,187.018
7231,187.029
7232,187.039
7233,187.068
7234,187.114
7235,187.126
7236,187.155
7237,187.203
7238,187.229
7239,187.271
7240,187.281
7241,187.310
7242,187.358
7243,187.370
7244,187.403
7245,187.459
7246,187.473
7247,187.500
7248,187.546
7249,187.575
7250,187.623
7251,187.634
7252,187.660
7253,187.704
7254,187.731
7255,187.779
7256,187.791
7257,187.862
7258,187.985
7259,188.010
7260,188.051
7261,188.115
7262,188.130
7263,188.171
7264,188.245
7265,188.260
7266,188.288
7267,188.332
7268,188.344
7269,188.354
7270,188.382
7271,188.426
7272,188.438
7273,188.449
7274,188.478
7275,188.527
7276,188.540
7277,188.569
7278,188.621
7279,188.649
7280,188.692
7281,188.705
7282,188.736
7283,188.791
7284,188.802
7285,188.830
7286,188.875
7287,188.886
7288,188.916
7289,188.965
7290,188.976
7291,189.003
7292,189.047
7293,189.077
7294,189.121
7295,189.132
7296,189.181
7297,189.262
7298,189.289
7299,189.335
7300,189.412
7301,189.453
7302,189.516
7303,189.531
7304,189.573
7305,189.638
7306,189.656
7307,189.702
7308,189.754
7309,189.768
7310,189.798
7311,189.842
7312,189.870
7313,189.915
7314,189.926
7315,189.954
7316,190.002
7317,190.029
7318,190.073
7319,190.098
7320,190.139
7321,190.165
7322,190.210
7323,190.259
7324,190.340
7325,190.373
7326,190.444
7327,190.492
7328,190.503
7329,190.514
7330,190.544
7331,190.591
7332,190.651
7333,190.699
7334,190.716
7335,190.742
7336,190.770
7337,190.797
7338,190.823
7339,190.890
7340,190.953
7341,190.998
7342,191.085
7343,191.145
7344,191.182
7345,191.225
7346,191.252
7347,191.294
7348,191.339
7349,191.416
7350,191.441
7351,191.482
7352,191.506
7353,191.545
7354,191.569
7355,191.610
7356,191.619
7357,191.643
7358,191.685
7359,191.714
7360,191.788
7361,191.799
7362,191.809
7363,191.819
7364,191.829
7365,191.838
7366,191.847
7367,191.871
7368,191.914
7369,191.924
7370,191.934
7371,191.960
7372,192.017
7373,192.027
7374,192.037
7375,192.047
7376,192.072
7377,192.115
7378,192.125
7379,192.138
7380,192.179
7381,192.245
7382,192.282
7383,192.341
7384,192.356
7385,192.394
7386,192.479
7387,192.543
7388,192.562
7389,192.578
7390,192.606
7391,192.671
7392,192.741
7393,192.799
7394,192.811
7395,192.824
7396,192.836
7397,192.848
7398,192.861
7399,192.874
7400,192.887
7401,192.900
7402,192.913
7403,192.926
7404,192.938
7405,192.951
7406,192.964
7407,192.977
7408,192.990
7409,193.018
7410,193.061
7411,193.072
7412,193.101
7413,193.151
7414,193.162
7415,193.187
7416,193.232
7417,193.259
7418,193.308
7419,193.321
7420,193.346
7421,193.392
7422,193.419
7423,193.467
7424,193.477
7425,193.505
7426,193.546
7427,193.615
7428,193.736
7429,193.761
7430,193.789
7431,193.813
7432,193.855
7433,193.921
7434,193.963
7435,194.024
7436,194.036
7437,194.047
7438,194.076
7439,194.123
7440,194.172
7441,194.254
7442,194.273
7443,194.297
7444,194.319
7445,194.351
7446,194.409
7447,194.450
7448,194.517
7449,194.558
7450,194.622
7451,194.633
7452,194.661
7453,194.707
7454,194.761
7455,194.847
7456,194.865
7457,194.885
7458,194.904
7459,194.932
7460,194.978
7461,195.008
7462,195.056
7463,195.085
7464,195.154
7465,195.172
7466,195.191
7467,195.242
7468,195.317
7469,195.334
7470,195.375
7471,195.442
7472,195.531
7473,195.577
7474,195.613
7475,195.641
7476,195.670
7477,195.692
7478,195.713
7479,195.733
7480,195.763
7481,195.810
7482,195.839
7483,195.886
7484,195.914
7485,195.961
7486,195.973
7487,195.984
7488,196.018
7489,196.078
7490,196.092
7491,196.122
7492,196.198
7493,196.247
7494,196.259
7495,196.290
7496,196.301
7497,196.312
7498,196.324
7499,196.397
7500,196.416
7501,196.490
7502,196.490
7503,196.523
7504,196.553
7505,196.604
7506,196.615
7507,196.648
7508,196.699
7509,196.714
7510,196.760
7511,196.840
7512,196.883
7513,196.957
7514,196.974
7515,197.018
7516,197.089
7517,197.131
7518,197.211
7519,197.225
7520,197.255
7521,197.303
7522,197.331
7523,197.379
7524,197.410
7525,197.462
7526,197.491
7527,197.543
7528,197.596
7529,197.697
7530,197.717
7531,197.793
7532,197.845
7533,197.856
7534,197.866
7535,197.896
7536,197.946
7537,198.009
7538,198.062
7539,198.081
7540,198.098
7541,198.117
7542,198.134
7543,198.151
7544,198.196
7545,198.243
7546,198.284
7547,198.392
7548,198.484
7549,198.554
7550,198.601
7551,198.663
7552,198.740
7553,198.827
7554,198.850
7555,198.892
7556,198.918
7557,198.960
7558,198.987
7559,199.058
7560,199.117
7561,199.129
7562,199.142
7563,199.154
7564,199.167
7565,199.180
7566,199.193
7567,199.207
7568,199.220
7569,199.233
7570,199.248
7571,199.262
7572,199.275
7573,199.289
7574,199.304
7575,199.331
7576,199.379
7577,199.407
7578,199.454
7579,199.465
7580,199.491
7581,199.539
7582,199.568
7583,199.648
7584,199.649
7585,199.678
7586,199.774
7587,199.806
7588,199.854
7589,199.926
7590,199.943
7591,199.960
7592,200.000
7593,200.069
7594,200.084
7595,200.126
7596,200.207
7597,200.223
7598,200.255
7599,200.307
7600,200.321
7601,200.351
7602,200.399
7603,200.411
7604,200.441
7605,200.486
7606,200.500
7607,200.528
7608,200.572
7609,200.600
7610,200.645
7611,200.655
7612,200.704
7613,200.793
7614,200.811
7615,200.843
7616,200.900
7617,200.912
7618,200.924
7619,200.952
7620,201.000
7621,201.011
7622,201.043
7623,201.095
7624,201.108
7625,201.139
7626,201.189
7627,201.202
7628,201.232
7629,201.309
7630,201.329
7631,201.369
7632,201.440
7633,201.454
7634,201.505
7635,201.583
7636,201.621
7637,201.692
7638,201.711
7639,201.768
7640,201.852
7641,201.870
7642,201.902
7643,201.953
7644,201.982
7645,202.028
7646,202.039
7647,202.064
7648,202.113
7649,202.140
7650,202.188
7651,202.215
7652,202.261
7653,202.291
7654,202.337
7655,202.348
7656,202.378
7657,202.424
7658,202.452
7659,202.503
7660,202.516
7661,202.550
7662,202.606
7663,202.634
7664,202.685
7665,202.695
7666,202.723
7667,202.782
7668,202.866
7669,202.991
7670,203.013
7671,203.062
7672,203.135
7673,203.180
7674,203.241
7675,203.253
7676,203.285
7677,203.332
7678,203.360
7679,203.408
7680,203.438
7681,203.484
7682,203.499
7683,203.528
7684,203.576
7685,203.607
7686,203.656
7687,203.669
7688,203.701
7689,203.751
7690,203.784
7691,203.830
7692,203.841
7693,203.873
7694,203.924
7695,203.953
7696,204.004
7697,204.031
7698,204.076
7699,204.105
7700,204.168
7701,204.179
7702,204.190
7703,204.201
7704,204.212
7705,204.247
7706,204.321
7707,204.339
7708,204.384
7709,204.459
7710,204.476
7711,204.521
7712,204.582
7713,204.598
7714,204.680
7715,204.767
7716,204.784
7717,204.802
7718,204.829
7719,204.875
7720,204.886
7721,204.897
7722,204.927
7723,204.976
7724,204.988
7725,205.021
7726,205.074
7727,205.123
7728,205.211
7729,205.230
7730,205.248
7731,205.279
7732,205.333
7733,205.344
7734,205.378
7735,205.439
7736,205.467
7737,205.519
7738,205.549
7739,205.595
7740,205.606
7741,205.634
7742,205.684
7743,205.729
7744,205.806
7745,205.823
7746,205.865
7747,205.933
7748,205.974
7749,206.039
7750,206.054
7751,206.106
7752,206.170
7753,206.198
7754,206.245
7755,206.255
7756,206.287
7757,206.340
7758,206.352
7759,206.390
7760,206.439
7761,206.450
7762,206.502
7763,206.589
7764,206.607
7765,206.625
7766,206.653
7767,206.700
7768,206.711
7769,206.723
7770,206.759
7771,206.814
7772,206.827
7773,206.861
7774,206.918
7775,206.972
7776,207.062
7777,207.080
7778,207.099
7779,207.151
7780,207.286
7781,207.312
7782,207.353
7783,207.420
7784,207.462
7785,207.531
7786,207.547
7787,207.595
7788,207.654
7789,207.685
7790,207.736
7791,207.748
7792,207.805
7793,207.909
7794,207.930
7795,207.964
7796,208.022
7797,208.075
7798,208.172
7799,208.192
7800,208.226
7801,208.280
7802,208.313
7803,208.366
7804,208.397
7805,208.450
7806,208.480
7807,208.536
7808,208.563
7809,208.612
7810,208.651
7811,208.661
7812,208.671
7813,208.681
7814,208.709
7815,208.806
7816,208.882
7817,208.898
7818,208.914
7819,208.929
7820,208.944
7821,208.959
7822,208.976
7823,208.992
7824,209.037
7825,209.131
7826,209.205
7827,209.218
7828,209.251
7829,209.341
7830,209.433
7831,209.477
7832,209.488
7833,209.519
7834,209.566
7835,209.605
7836,209.616
7837,209.626
7838,209.636
7839,209.664
7840,209.709
7841,209.741
7842,209.801
7843,209.834
7844,209.891
7845,209.904
7846,209.955
7847,210.051
7848,210.099
7849,210.109
7850,210.120
7851,210.131
7852,210.159
7853,210.207
7854,210.218
7855,210.253
7856,210.333
7857,210.377
7858,210.445
7859,210.460
7860,210.498
7861,210.561
7862,210.612
7863,210.624
7864,210.638
7865,210.650
7866,210.667
7867,210.682
7868,210.720
7869,210.765
7870,210.797
7871,210.863
7872,210.907
7873,210.917
7874,210.944
7875,210.988
7876,211.012
7877,211.056
7878,211.083
7879,211.126
7880,211.161
7881,211.172
7882,211.183
7883,211.193
7884,211.203
7885,211.229
7886,211.292
7887,211.339
7888,211.377
7889,211.387
7890,211.397
7891,211.434
7892,211.445
7893,211.456
7894,211.485
7895,211.558
7896,211.615
7897,211.629
7898,211.639
7899,211.667
7900,211.678
7901,211.689
7902,211.719
7903,211.783
7904,211.802
7905,211.847
7906,211.914
7907,211.956
7908,212.025
7909,212.041
7910,212.057
7911,212.096
7912,212.195
7913,212.243
7914,212.254
7915,212.284
7916,212.356
7917,212.440
7918,212.503
7919,212.517
7920,212.531
7921,212.545
7922,212.559
7923,212.573
7924,212.588
7925,212.605
7926,212.620
7927,212.634
7928,212.649
7929,212.664
7930,212.679
7931,212.694
7932,212.710
7933,212.739
7934,212.797
7935,212.833
7936,212.844
7937,212.856
7938,212.868
7939,212.898
7940,212.950
7941,212.979
7942,213.028
7943,213.078
7944,213.161
7945,213.181
7946,213.209
7947,213.283
7948,213.303
7949,213.349
7950,213.420
7951,213.463
7952,213.535
7953,213.551
7954,213.610
7955,213.701
7956,213.716
7957,213.746
7958,213.819
7959,213.868
7960,213.880
7961,213.913
7962,213.964
7963,213.977
7964,214.008
7965,214.020
7966,214.032
7967,214.044
7968,214.094
7969,214.190
7970,214.240
7971,214.269
7972,214.319
7973,214.331
7974,214.342
7975,214.354
7976,214.392
7977,214.460
7978,214.475
7979,214.506
7980,214.518
7981,214.529
7982,214.559
7983,214.610
7984,214.622
7985,214.633
7986,214.645
7987,214.681
7988,214.778
7989,214.802
7990,214.844
7991,214.861
7992,214.877
7993,214.921
7994,214.994
7995,215.033
7996,215.104
7997,215.147
7998,215.200
7999,215.229
8000,215.275
8001,215.305
8002,215.356
8003,215.384
8004,215.436
8005,215.466
8006,215.517
8007,215.547
8008,215.596
8009,215.629
8010,215.684
8011,215.715
8012,215.768
8013,215.802
8014,215.855
8015,215.887
8016,215.935
8017,215.967
8018,216.021
8019,216.050
8020,216.100
8021,216.134
8022,216.214
8023,216.260
8024,216.329
8025,216.370
8026,216.446
8027,216.490
8028,216.571
8029,216.602
8030,216.653
8031,216.683
8032,216.731
8033,216.761
8034,216.811
8035,216.841
8036,216.891
8037,216.920
8038,216.967
8039,217.004
8040,217.066
8041,217.081
8042,217.096
8043,217.111
8044,217.126
8045,217.141
8046,217.155
8047,217.171
8048,217.187
8049,217.203
8050,217.219
8051,217.235
8052,217.250
8053,217.265
8054,217.280
8055,217.311
8056,217.365
8057,217.398
8058,217.459
8059,217.489
8060,217.540
8061,217.571
8062,217.650
8063,217.694
8064,217.760
8065,217.808
8066,217.885
8067,217.924
8068,217.995
8069,218.057
8070,218.136
8071,218.153
8072,218.170
8073,218.199
8074,218.249
8075,218.279
8076,218.324
8077,218.336
8078,218.364
8079,218.412
8080,218.461
8081,218.543
8082,218.560
8083,218.577
8084,218.606
8085,218.654
8086,218.684
8087,218.732
8088,218.760
8089,218.811
8090,218.822
8091,218.852
8092,218.905
8093,218.933
8094,218.995
8095,219.074
8096,219.198
8097,219.224
8098,219.248
8099,219.287
8100,219.359
8101,219.400
8102,219.453
8103,219.486
8104,219.539
8105,219.567
8106,219.613
8107,219.668
8108,219.687
8109,219.706
8110,219.754
8111,219.754
8112,219.776
8113,219.799
8114,219.827
8115,219.874
8116,219.905
8117,219.952
8118,219.982
8119,220.062
8120,220.062
8121,220.094
8122,220.154
8123,220.173
8124,220.208
8125,220.277
8126,220.325
8127,220.336
8128,220.363
8129,220.374
8130,220.391
8131,220.411
8132,220.465
8133,220.544
8134,220.584
8135,220.654
8136,220.697
8137,220.765
8138,220.821
8139,220.880
8140,220.912
8141,220.960
8142,220.992
8143,221.045
8144,221.075
8145,221.126
8146,221.156
8147,221.209
8148,221.238
8149,221.284
8150,221.321
8151,221.331
8152,221.341
8153,221.351
8154,221.380
8155,221.431
8156,221.459
8157,221.509
8158,221.548
8159,221.560
8160,221.569
8161,221.579
8162,221.610
8163,221.660
8164,221.671
8165,221.700
8166,221.765
8167,221.818
8168,221.864
8169,221.935
8170,221.951
8171,221.970
8172,222.013
8173,222.085
8174,222.132
8175,222.202
8176,222.253
8177,222.310
8178,222.340
8179,222.388
8180,222.430
8181,222.443
8182,222.454
8183,222.466
8184,222.497
8185,222.550
8186,222.562
8187,222.592
8188,222.662
8189,222.712
8190,222.742
8191,222.815
8192,222.865
8193,222.877
8194,222.908
8195,222.958
8196,223.004
8197,223.015
8198,223.028
8199,223.062
8200,223.124
8201,223.157
8202,223.248
8203,223.260
8204,223.301
8205,223.312
8206,223.324
8207,223.340
8208,223.406
8209,223.423
8210,223.441
8211,223.490
8212,223.565
8213,223.635
8214,223.650
8215,223.714
8216,223.731
8217,223.747
8218,223.765
8219,223.785
8220,223.863
8221,223.950
8222,224.000
8223,224.059
8224,224.108
8225,224.125
8226,224.185
8227,224.197
8228,224.209
8229,224.221
8230,224.287
8231,224.287
8232,224.287
8233,224.333
8234,224.375
8235,224.418
8236,224.429
8237,224.471
8238,224.481
8239,224.492
8240,224.504
8241,224.516
8242,224.558
8243,224.569
8244,224.581
8245,224.615
8246,224.670
8247,224.714
8248,224.726
8249,224.738
8250,224.774
8251,224.831
8252,224.872
8253,224.883
8254,224.928
8255,224.940
8256,224.952
8257,224.963
8258,224.975
8259,224.988
8260,225.000
8261,225.043
8262,225.061
8263,225.080
8264,225.134
8265,225.254
8266,225.269
8267,225.286
8268,225.304
8269,225.349
8270,225.420
8271,225.467
8272,225.565
8273,225.644
8274,225.696
8275,225.729
8276,225.804
8277,225.856
8278,225.893
8279,225.953
8280,225.985
8281,226.038
8282,226.082
8283,226.095
8284,226.107
8285,226.141
8286,226.227
8287,226.240
8288,226.274
8289,226.354
8290,226.375
8291,226.393
8292,226.413
8293,226.462
8294,226.475
8295,226.489
8296,226.529
8297,226.615
8298,226.631
8299,226.649
8300,226.706
8301,226.790
8302,226.852
8303,226.869
8304,226.888
8305,226.940
8306,227.053
8307,227.131
8308,227.144
8309,227.157
8310,227.171
8311,227.204
8312,227.259
8313,227.293
8314,227.354
8315,227.401
8316,227.415
8317,227.429
8318,227.443
8319,227.478
8320,227.535
8321,227.570
8322,227.630
8323,227.642
8324,227.655
8325,227.688
8326,227.742
8327,227.779
8328,227.836
8329,227.850
8330,227.886
8331,227.942
8332,227.957
8333,227.971
8334,228.005
8335,228.019
8336,228.034
8337,228.068
8338,228.123
8339,228.141
8340,228.191
8341,228.274
8342,228.322
8343,228.400
8344,228.420
8345,228.468
8346,228.587
8347,228.645
8348,228.659
8349,228.694
8350,228.779
8351,228.874
8352,228.959
8353,228.972
8354,228.989
8355,229.008
8356,229.026
8357,229.043
8358,229.060
8359,229.079
8360,229.096
8361,229.114
8362,229.131
8363,229.148
8364,229.166
8365,229.184
8366,229.202
8367,229.237
8368,229.295
8369,229.329
8370,229.343
8371,229.357
8372,229.371
8373,229.408
8374,229.470
8375,229.510
8376,229.569
8377,229.631
8378,229.773
8379,229.806
8380,229.854
8381,229.938
8382,229.962
8383,230.011
8384,230.096
8385,230.132
8386,230.188
8387,230.231
8388,230.301
8389,230.318
8390,230.351
8391,230.427
8392,230.487
8393,230.501
8394,230.536
8395,230.591
8396,230.607
8397,230.641
8398,230.654
8399,230.668
8400,230.681
8401,230.736
8402,230.847
8403,230.904
8404,230.937
8405,230.991
8406,231.005
8407,231.019
8408,231.033
8409,231.085
8410,231.192
8411,231.216
8412,231.263
8413,231.281
8414,231.301
8415,231.352
8416,231.430
8417,231.452
8418,231.474
8419,231.498
8420,231.545
8421,231.617
8422,231.633
8423,231.668
8424,231.681
8425,231.696
8426,231.734
8427,231.797
8428,231.832
8429,231.889
8430,231.928
8431,231.992
8432,232.028
8433,232.086
8434,232.127
8435,232.191
8436,232.226
8437,232.285
8438,232.324
8439,232.387
8440,232.422
8441,232.482
8442,232.519
8443,232.607
8444,232.661
8445,232.741
8446,232.796
8447,232.881
8448,232.930
8449,233.005
8450,233.046
8451,233.107
8452,233.142
8453,233.201
8454,233.239
8455,233.299
8456,233.335
8457,233.392
8458,233.431
8459,233.496
8460,233.541
8461,233.607
8462,233.646
8463,233.709
8464,233.751
8465,233.817
8466,233.856
8467,233.915
8468,233.952
8469,234.016
8470,234.070
8471,234.162
8472,234.231
8473,234.249
8474,234.267
8475,234.286
8476,234.340
8477,234.421
8478,234.478
8479,234.551
8480,234.598
8481,234.611
8482,234.625
8483,234.660
8484,234.717
8485,234.761
8486,234.776
8487,234.790
8488,234.825
8489,234.837
8490,234.884
8491,234.898
8492,234.912
8493,234.946
8494,235.040
8495,235.055
8496,235.070
8497,235.085
8498,235.137
8499,235.152
8500,235.167
8501,235.183
8502,235.234
8503,235.249
8504,235.263
8505,235.317
8506,235.332
8507,235.348
8508,235.364
8509,235.380
8510,235.436
8511,235.453
8512,235.508
8513,235.525
8514,235.541
8515,235.578
8516,235.710
8517,235.732
8518,235.753
8519,235.813
8520,235.834
8521,235.914
8522,235.934
8523,235.953
8524,235.971
8525,236.045
8526,236.069
8527,236.095
8528,236.119
8529,236.136
8530,236.153
8531,236.211
8532,236.229
8533,236.273
8534,236.347
8535,236.365
8536,236.382
8537,236.400
8538,236.454
8539,236.471
8540,236.487
8541,236.530
8542,236.595
8543,236.648
8544,236.664
8545,236.707
8546,236.779
8547,236.825
8548,236.901
8549,236.917
8550,236.935
8551,236.952
8552,236.997
8553,237.067
8554,237.126
8555,237.141
8556,237.158
8557,237.173
8558,237.230
8559,237.247
8560,237.270
8561,237.338
8562,237.442
8563,237.523
8564,237.543
8565,237.567
8566,237.587
8567,237.664
8568,237.689
8569,237.718
8570,237.772
8571,237.849
8572,237.893
8573,238.000
8574,238.016
8575,238.033
8576,238.049
8577,238.094
8578,238.161
8579,238.179
8580,238.196
8581,238.237
8582,238.304
8583,238.348
8584,238.416
8585,238.459
8586,238.556
8587,238.655
8588,238.728
8589,238.746
8590,238.791
8591,238.930
8592,239.111
8593,239.291
8594,239.363
8595,239.380
8596,239.435
8597,239.452
8598,239.468
8599,239.514
8600,239.582
8601,239.637
8602,239.653
8603,239.668
8604,239.710
8605,239.782
8606,239.826
8607,239.894
8608,239.954
8609,239.972
8610,239.989
8611,240.005
8612,240.052
8613,240.128
8614,240.146
8615,240.163
8616,240.181
8617,240.224
8618,240.320
8619,240.337
8620,240.354
8621,240.417
8622,240.557
8623,240.654
8624,240.717
8625,240.822
8626,240.864
8627,240.962
8628,241.072
8629,241.090
8630,241.106
8631,241.122
8632,241.179
8633,241.268
8634,241.290
8635,241.312
8636,241.337
8637,241.359
8638,241.383
8639,241.407
8640,241.433
8641,241.458
8642,241.482
8643,241.508
8644,241.532
8645,241.555
8646,241.578
8647,241.601
8648,241.643
8649,241.746
8650,241.827
8651,241.873
8652,241.971
8653,242.034
8654,242.135
8655,242.200
8656,242.306
8657,242.373
8658,242.445
8659,242.492
8660,242.569
8661,242.617
8662,242.693
8663,242.739
8664,242.757
8665,242.779
8666,242.798
8667,242.818
8668,242.863
8669,242.940
8670,242.990
8671,243.103
8672,243.185
8673,243.260
8674,243.377
8675,243.403
8676,243.448
8677,243.550
8678,243.616
8679,243.718
8680,243.785
8681,243.890
8682,243.954
8683,244.030
8684,244.074
8685,244.148
8686,244.193
8687,244.263
8688,244.309
8689,244.382
8690,244.424
8691,244.493
8692,244.540
8693,244.613
8694,244.630
8695,244.674
8696,244.751
8697,244.802
8698,244.879
8699,244.935
8700,245.051
8701,245.118
8702,245.157
8703,245.300
8704,245.404
8705,245.435
8706,245.500
8707,245.579
8708,245.598
8709,245.646
8710,245.665
8711,245.684
8712,245.703
8713,245.781
8714,245.933
8715,246.007
8716,246.052
8717,246.157
8718,246.222
8719,246.313
8720,246.338
8721,246.384
8722,246.404
8723,246.425
8724,246.472
8725,246.548
8726,246.567
8727,246.586
8728,246.606
8729,246.676
8730,246.785
8731,246.859
8732,246.981
8733,247.014
8734,247.078
8735,247.097
8736,247.117
8737,247.163
8738,247.240
8739,247.260
8740,247.278
8741,247.296
8742,247.343
8743,247.418
8744,247.463
8745,247.537
8746,247.582
8747,247.659
8748,247.709
8749,247.795
8750,247.844
8751,247.922
8752,247.971
8753,248.051
8754,248.096
8755,248.185
8756,248.259
8757,248.370
8758,248.434
8759,248.546
8760,248.634
8761,248.651
8762,248.669
8763,248.686
8764,248.743
8765,248.760
8766,248.779
8767,248.826
8768,248.899
8769,248.963
8770,248.981
8771,248.999
8772,249.017
8773,249.063
8774,249.139
8775,249.157
8776,249.175
8777,249.193
8778,249.235
8779,249.307
8780,249.368
8781,249.385
8782,249.403
8783,249.422
8784,249.488
8785,249.593
8786,249.618
8787,249.643
8788,249.666
8789,249.690
8790,249.713
8791,249.737
8792,249.760
8793,249.796
8794,249.834
8795,249.872
8796,249.912
8797,249.946
8798,249.981
8799,250.015
8800,250.077
8801,250.219
8802,250.352
8803,250.457
8804,250.536
8805,250.585
8806,250.661
8807,250.706
8808,250.784
8809,250.855
8810,250.937
8811,250.983
8812,251.055
8813,251.104
8814,251.184
8815,251.228
8816,251.302
8817,251.374
8818,251.548
8819,251.583
8820,251.617
8821,251.683
8822,251.793
8823,251.863
8824,251.938
8825,251.957
8826,252.004
8827,252.078
8828,252.149
8829,252.263
8830,252.290
8831,252.316
8832,252.360
8833,252.433
8834,252.479
8835,252.554
8836,252.598
8837,252.672
8838,252.690
8839,252.735
8840,252.808
8841,252.850
8842,252.935
8843,253.041
8844,253.196
8845,253.230
8846,253.290
8847,253.383
8848,253.431
8849,253.506
8850,253.550
8851,253.621
8852,253.693
8853,253.722
8854,253.748
8855,253.776
8856,253.804
8857,253.832
8858,253.861
8859,253.906
8860,253.977
8861,254.020
8862,254.091
8863,254.136
8864,254.210
8865,254.228
8866,254.283
8867,254.367
8868,254.398
8869,254.471
8870,254.616
8871,254.717
8872,254.742
8873,254.812
8874,254.843
8875,254.862
8876,254.881
8877,254.928
8878,255.000
8879,255.045
8880,255.118
8881,255.163
8882,255.234
8883,255.278
8884,255.352
8885,255.396
8886,255.471
8887,255.518
8888,255.597
8889,255.645
8890,255.717
8891,255.760
8892,255.835
8893,255.886
8894,255.995
8895,256.077
8896,256.098
8897,256.118
8898,256.196
8899,256.219
8900,256.301
8901,256.404
8902,256.427
8903,256.448
8904,256.469
8905,256.490
8906,256.513
8907,256.538
8908,256.561
8909,256.582
8910,256.603
8911,256.625
8912,256.647
8913,256.669
8914,256.691
8915,256.713
8916,256.753
8917,256.824
8918,256.867
8919,256.940
8920,256.981
8921,257.052
8922,257.096
8923,257.171
8924,257.214
8925,257.282
8926,257.326
8927,257.406
8928,257.472
8929,257.574
8930,257.631
8931,257.728
8932,257.752
8933,257.775
8934,257.801
8935,257.867
8936,257.940
8937,257.983
8938,258.052
8939,258.070
8940,258.138
8941,258.267
8942,258.363
8943,258.430
8944,258.448
8945,258.465
8946,258.483
8947,258.526
8948,258.594
8949,258.639
8950,258.709
8951,258.726
8952,258.768
8953,258.838
8954,258.918
8955,259.107
8956,259.251
8957,259.347
8958,259.391
8959,259.458
8960,259.500
8961,259.569
8962,259.586
8963,259.603
8964,259.645
8965,259.711
8966,259.754
8967,259.834
8968,259.899
8969,260.032
8970,260.141
8971,260.221
8972,260.266
8973,260.336
8974,260.445
8975,260.483
8976,260.522
8977,260.559
8978,260.598
8979,260.659
8980,260.754
8981,260.817
8982,260.910
8983,260.952
8984,261.019
8985,261.069
8986,261.089
8987,261.109
8988,261.129
8989,261.171
8990,261.190
8991,261.208
8992,261.226
8993,261.269
8994,261.361
8995,261.378
8996,261.396
8997,261.414
8998,261.433
8999,261.479
9000,261.578
9001,261.655
9002,261.699
9003,261.765
9004,261.807
9005,261.882
9006,261.951
9007,262.053
9008,262.109
9009,262.201
9010,262.265
9011,262.347
9012,262.387
9013,262.455
9014,262.498
9015,262.568
9016,262.608
9017,262.679
9018,262.720
9019,262.788
9020,262.805
9021,262.824
9022,262.866
9023,262.883
9024,262.899
9025,262.939
9026,263.005
9027,263.023
9028,263.064
9029,263.134
9030,263.177
9031,263.247
9032,263.265
9033,263.311
9034,263.456
9035,263.553
9036,263.577
9037,263.656
9038,263.780
9039,263.803
9040,263.827
9041,263.851
9042,263.873
9043,263.896
9044,263.918
9045,263.972
9046,263.972
9047,264.003
9048,264.018
9049,264.043
9050,264.065
9051,264.088
9052,264.111
9053,264.153
9054,264.223
9055,264.263
9056,264.279
9057,264.296
9058,264.313
9059,264.354
9060,264.425
9061,264.469
9062,264.542
9063,264.613
9064,264.752
9065,264.754
9066,264.805
9067,264.909
9068,264.937
9069,265.008
9070,265.106
9071,265.168
9072,265.273
9073,265.334
9074,265.415
9075,265.436
9076,265.480
9077,265.553
9078,265.571
9079,265.617
9080,265.635
9081,265.652
9082,265.669
9083,265.732
9084,265.864
9085,265.939
9086,265.982
9087,266.051
9088,266.069
9089,266.088
9090,266.105
9091,266.161
9092,266.246
9093,266.266
9094,266.311
9095,266.329
9096,266.357
9097,266.425
9098,266.523
9099,266.547
9100,266.572
9101,266.598
9102,266.670
9103,266.785
9104,266.808
9105,266.853
9106,266.870
9107,266.888
9108,266.935
9109,267.008
9110,267.050
9111,267.116
9112,267.161
9113,267.232
9114,267.272
9115,267.340
9116,267.385
9117,267.458
9118,267.500
9119,267.572
9120,267.621
9121,267.692
9122,267.733
9123,267.819
9124,267.894
9125,267.996
9126,268.055
9127,268.147
9128,268.215
9129,268.286
9130,268.328
9131,268.395
9132,268.441
9133,268.516
9134,268.559
9135,268.626
9136,268.670
9137,268.743
9138,268.787
9139,268.859
9140,268.901
9141,268.971
9142,269.019
9143,269.092
9144,269.136
9145,269.212
9146,269.281
9147,269.386
9148,269.451
9149,269.551
9150,269.618
9151,269.707
9152,269.750
9153,269.821
9154,269.875
9155,269.891
9156,269.908
9157,269.924
9158,269.965
9159,270.033
9160,270.072
9161,270.135
9162,270.192
9163,270.210
9164,270.226
9165,270.242
9166,270.285
9167,270.357
9168,270.375
9169,270.421
9170,270.528
9171,270.599
9172,270.642
9173,270.721
9174,270.747
9175,270.775
9176,270.842
9177,270.942
9178,271.006
9179,271.107
9180,271.171
9181,271.242
9182,271.282
9183,271.349
9184,271.408
9185,271.427
9186,271.444
9187,271.462
9188,271.507
9189,271.581
9190,271.599
9191,271.644
9192,271.745
9193,271.834
9194,271.887
9195,271.987
9196,272.062
9197,272.082
9198,272.125
9199,272.200
9200,272.279
9201,272.312
9202,272.348
9203,272.415
9204,272.557
9205,272.653
9206,272.741
9207,272.761
9208,272.780
9209,272.830
9210,272.950
9211,272.967
9212,272.984
9213,273.034
9214,273.112
9215,273.170
9216,273.188
9217,273.203
9218,273.261
9219,273.278
9220,273.338
9221,273.354
9222,273.412
9223,273.432
9224,273.451
9225,273.470
9226,273.533
9227,273.553
9228,273.572
9229,273.622
9230,273.699
9231,273.763
9232,273.781
9233,273.845
9234,273.867
9235,273.892
9236,273.920
9237,273.948
9238,274.045
9239,274.070
9240,274.094
9241,274.118
9242,274.147
9243,274.215
9244,274.323
9245,274.402
9246,274.423
9247,274.442
9248,274.490
9249,274.613
9250,274.633
9251,274.652
9252,274.718
9253,274.735
9254,274.781
9255,274.867
9256,274.915
9257,274.989
9258,275.035
9259,275.142
9260,275.214
9261,275.231
9262,275.293
9263,275.312
9264,275.331
9265,275.379
9266,275.511
9267,275.540
9268,275.567
9269,275.662
9270,275.686
9271,275.710
9272,275.735
9273,275.760
9274,275.854
9275,275.877
9276,275.902
9277,275.976
9278,276.062
9279,276.109
9280,276.207
9281,276.290
9282,276.310
9283,276.328
9284,276.351
9285,276.400
9286,276.486
9287,276.558
9288,276.582
9289,276.671
9290,276.698
9291,276.781
9292,276.805
9293,276.824
9294,276.846
9295,276.916
9296,276.940
9297,276.958
9298,277.014
9299,277.114
9300,277.198
9301,277.221
9302,277.296
9303,277.322
9304,277.343
9305,277.365
9306,277.391
9307,277.496
9308,277.524
9309,277.553
9310,277.580
9311,277.605
9312,277.673
9313,277.791
9314,277.889
9315,277.906
9316,277.972
9317,277.991
9318,278.011
9319,278.094
9320,278.119
9321,278.185
9322,278.202
9323,278.219
9324,278.267
9325,278.347
9326,278.408
9327,278.426
9328,278.445
9329,278.494
9330,278.578
9331,278.644
9332,278.663
9333,278.724
9334,278.743
9335,278.762
9336,278.781
9337,278.800
9338,278.819
9339,278.839
9340,278.904
9341,278.924
9342,278.942
9343,278.991
9344,279.083
9345,279.178
9346,279.203
9347,279.226
9348,279.251
9349,279.338
9350,279.365
9351,279.394
9352,279.460
9353,279.612
9354,279.631
9355,279.651
9356,279.696
9357,279.799
9358,279.878
9359,279.941
9360,279.961
9361,280.011
9362,280.090
9363,280.109
9364,280.130
9365,280.152
9366,280.218
9367,280.239
9368,280.258
9369,280.305
9370,280.431
9371,280.451
9372,280.470
9373,280.518
9374,280.595
9375,280.616
9376,280.638
9377,280.660
9378,280.732
9379,280.853
9380,280.925
9381,281.034
9382,281.062
9383,281.142
9384,281.219
9385,281.240
9386,281.286
9387,281.367
9388,281.415
9389,281.487
9390,281.545
9391,281.624
9392,281.675
9393,281.753
9394,281.774
9395,281.796
9396,281.848
9397,281.956
9398,282.075
9399,282.194
9400,282.314
9401,282.404
9402,282.427
9403,282.453
9404,282.528
9405,282.702
9406,282.722
9407,282.742
9408,282.793
9409,282.880
9410,282.899
9411,282.918
9412,282.939
9413,282.986
9414,283.076
9415,283.126
9416,283.202
9417,283.251
9418,283.334
9419,283.354
9420,283.374
9421,283.423
9422,283.505
9423,283.527
9424,283.582
9425,283.666
9426,283.686
9427,283.752
9428,283.770
9429,283.790
9430,283.813
9431,283.892
9432,284.007
9433,284.094
9434,284.119
9435,284.147
9436,284.171
9437,284.235
9438,284.263
9439,284.294
9440,284.345
9441,284.367
9442,284.389
9443,284.409
9444,284.429
9445,284.477
9446,284.563
9447,284.635
9448,284.796
9449,284.942
9450,285.021
9451,285.042
9452,285.092
9453,285.171
9454,285.191
9455,285.241
9456,285.324
9457,285.348
9458,285.427
9459,285.543
9460,285.636
9461,285.658
9462,285.684
9463,285.708
9464,285.732
9465,285.756
9466,285.830
9467,285.906
9468,285.966
9469,285.986
9470,286.052
9471,286.070
9472,286.090
9473,286.153
9474,286.174
9475,286.194
9476,286.212
9477,286.264
9478,286.286
9479,286.305
9480,286.325
9481,286.374
9482,286.454
9483,286.529
9484,286.550
9485,286.613
9486,286.633
9487,286.652
9488,286.675
9489,286.745
9490,286.766
9491,286.786
9492,286.838
9493,286.917
9494,286.980
9495,287.092
9496,287.179
9497,287.202
9498,287.228
9499,287.253
9500,287.317
9501,287.432
9502,287.496
9503,287.515
9504,287.535
9505,287.581
9506,287.659
9507,287.706
9508,287.788
9509,287.845
9510,287.921
9511,287.941
9512,287.961
9513,288.019
9514,288.124
9515,288.231
9516,288.354
9517,288.375
9518,288.395
9519,288.417
9520,288.477
9521,288.526
9522,288.538
9523,288.652
9524,288.817
9525,288.856
9526,288.959
9527,289.075
9528,289.123
9529,289.144
9530,289.164
9531,289.186
9532,289.235
9533,289.313
9534,289.363
9535,289.443
9536,289.492
9537,289.604
9538,289.688
9539,289.739
9540,289.826
9541,289.877
9542,289.899
9543,289.919
9544,289.941
9545,290.008
9546,290.188
9547,290.300
9548,290.367
9549,290.479
9550,290.541
9551,290.567
9552,290.591
9553,290.618
9554,290.643
9555,290.698
9556,290.719
9557,290.741
9558,290.789
9559,290.903
9560,290.986
9561,291.010
9562,291.109
9563,291.188
9564,291.219
9565,291.251
9566,291.282
9567,291.313
9568,291.347
9569,291.378
9570,291.411
9571,291.485
9572,291.575
9573,291.654
9574,291.833
9575,291.955
9576,292.037
9577,292.159
9578,292.269
9579,292.385
9580,292.555
9581,292.586
9582,292.677
9583,292.826
9584,292.909
9585,292.934
9586,292.956
9587,292.977
9588,293.035
9589,293.167
9590,293.167
9591,293.183
9592,293.208
9593,293.231
9594,293.258
9595,293.280
9596,293.340
9597,293.513
9598,293.692
9599,293.850
9600,293.964
9601,294.049
9602,294.072
9603,294.095
9604,294.168
9605,294.200
9606,294.260
9607,294.355
9608,294.406
9609,294.492
9610,294.545
9611,294.661
9612,294.686
9613,294.710
9614,294.731
9615,294.799
9616,294.940
9617,294.980
9618,295.020
9619,295.057
9620,295.096
9621,295.133
9622,295.170
9623,295.207
9624,295.242
9625,295.278
9626,295.318
9627,295.359
9628,295.388
9629,295.416
9630,295.444
9631,295.495
9632,295.580
9633,295.634
9634,295.723
9635,295.772
9636,295.858
9637,295.914
9638,296.000
9639,296.054
9640,296.144
9641,296.198
9642,296.291
9643,296.347
9644,296.435
9645,296.515
9646,296.550
9647,296.579
9648,296.610
9649,296.640
9650,296.714
9651,296.829
9652,296.911
9653,296.997
9654,297.073
9655,297.194
9656,297.247
9657,297.334
9658,297.356
9659,297.409
9660,297.499
9661,297.556
9662,297.650
9663,297.707
9664,297.804
9665,297.863
9666,297.947
9667,298.019
9668,298.156
9669,298.228
9670,298.348
9671,298.438
9672,298.539
9673,298.589
9674,298.669
9675,298.721
9676,298.804
9677,298.826
9678,298.881
9679,298.961
9680,299.015
9681,299.098
9682,299.120
9683,299.141
9684,299.165
9685,299.217
9686,299.238
9687,299.261
9688,299.284
9689,299.347
9690,299.446
9691,299.548
9692,299.764
9693,299.891
9694,299.968
9695,299.993
9696,300.016
9697,300.071
9698,300.159
9699,300.185
9700,300.208
9701,300.232
9702,300.255
9703,300.278
9704,300.332
9705,300.355
9706,300.377
9707,300.433
9708,300.521
9709,300.548
9710,300.573
9711,300.597
9712,300.621
9713,300.677
9714,300.771
9715,300.826
9716,300.923
9717,300.977
9718,301.080
9719,301.175
9720,301.303
9721,301.378
9722,301.500
9723,301.565
9724,301.649
9725,301.703
9726,301.794
9727,301.860
9728,301.949
9729,302.004
9730,302.091
9731,302.160
9732,302.276
9733,302.305
9734,302.335
9735,302.365
9736,302.395
9737,302.427
9738,302.458
9739,302.488
9740,302.520
9741,302.553
9742,302.582
9743,302.611
9744,302.640
9745,302.670
9746,302.711
9747,302.801
9748,302.935
9749,303.019
9750,303.154
9751,303.211
9752,303.297
9753,303.354
9754,303.447
9755,303.500
9756,303.586
9757,303.642
9758,303.734
9759,303.795
9760,303.889
9761,303.946
9762,303.971
9763,303.995
9764,304.020
9765,304.044
9766,304.100
9767,304.194
9768,304.251
9769,304.380
9770,304.500
9771,304.679
9772,304.757
9773,304.848
9774,304.872
9775,304.926
9776,305.013
9777,305.036
9778,305.060
9779,305.139
9780,305.201
9781,305.255
9782,305.341
9783,305.397
9784,305.486
9785,305.545
9786,305.638
9787,305.697
9788,305.791
9789,305.864
9790,306.004
9791,306.089
9792,306.209
9793,306.289
9794,306.393
9795,306.449
9796,306.536
9797,306.597
9798,306.690
9799,306.769
9800,306.921
9801,307.007
9802,307.030
9803,307.092
9804,307.195
9805,307.250
9806,307.339
9807,307.398
9808,307.529
9809,307.564
9810,307.596
9811,307.630
9812,307.720
9813,307.858
9814,307.894
9815,307.922
9816,307.945
9817,307.969
9818,308.027
9819,308.137
9820,308.177
9821,308.264
9822,308.319
9823,308.403
9824,308.453
9825,308.537
9826,308.592
9827,308.686
9828,308.708
9829,308.730
9830,308.754
9831,308.806
9832,308.828
9833,308.858
9834,308.882
9835,308.937
9836,309.037
9837,309.073
9838,309.160
9839,309.300
9840,309.371
9841,309.484
9842,309.537
9843,309.557
9844,309.579
9845,309.602
9846,309.662
9847,309.748
9848,309.799
9849,309.889
9850,309.911
9851,309.934
9852,309.957
9853,309.979
9854,310.036
9855,310.060
9856,310.082
9857,310.136
9858,310.159
9859,310.182
9860,310.204
9861,310.265
9862,310.382
9863,310.408
9864,310.460
9865,310.566
9866,310.601
9867,310.637
9868,310.676
9869,310.763
9870,310.908
9871,310.944
9872,311.034
9873,311.132
9874,311.191
9875,311.273
9876,311.329
9877,311.417
9878,311.470
9879,311.561
9880,311.615
9881,311.708
9882,311.763
9883,311.854
9884,311.914
9885,311.999
9886,312.056
9887,312.172
9888,312.255
9889,312.375
9890,312.468
9891,312.614
9892,312.644
9893,312.673
9894,312.701
9895,312.729
9896,312.758
9897,312.790
9898,312.818
9899,312.852
9900,312.884
9901,312.913
9902,312.944
9903,312.972
9904,313.001
9905,313.031
9906,313.083
9907,313.169
9908,313.226
9909,313.315
9910,313.368
9911,313.451
9912,313.509
9913,313.602
9914,313.658
9915,313.770
9916,313.862
9917,313.991
9918,314.068
9919,314.192
9920,314.253
9921,314.276
9922,314.300
9923,314.323
9924,314.345
9925,314.398
9926,314.485
9927,314.544
9928,314.636
9929,314.710
9930,314.835
9931,314.897
9932,314.988
9933,315.011
9934,315.069
9935,315.155
9936,315.178
9937,315.201
9938,315.224
9939,315.278
9940,315.406
9941,315.488
9942,315.620
9943,315.698
9944,315.832
9945,315.892
9946,315.915
9947,315.938
9948,315.962
9949,316.021
9950,316.118
9951,316.196
9952,316.350
9953,316.445
9954,316.498
9955,316.586
9956,316.644
9957,316.731
9958,316.754
9959,316.808
9960,316.899
9961,316.982
9962,317.115
9963,317.145
9964,317.225
9965,317.349
9966,317.388
9967,317.449
9968,317.570
9969,317.660
9970,317.684
9971,317.708
9972,317.731
9973,317.786
9974,317.879
9975,317.957
9976,318.114
9977,318.211
9978,318.267
9979,318.356
9980,318.414
9981,318.509
9982,318.548
9983,318.627
9984,318.746
9985,318.820
9986,318.949
9987,319.007
9988,319.095
9989,319.121
9990,319.186
9991,319.292
9992,319.319
9993,319.380
9994,319.504
9995,319.602
9996,319.628
9997,319.689
9998,319.781
9999,319.806
10000,319.830
10001,319.860
10002,319.919
10003,319.945
10004,319.972
10005,319.997
10006,320.021
10007,320.079
10008,320.102
10009,320.135
10010,320.170
10011,320.304
10012,320.510
10013,320.562
10014,320.608
10015,320.644
10016,320.677
10017,320.730
10018,320.754
10019,320.778
10020,320.836
10021,320.866
10022,320.890
10023,320.919
10024,321.012
10025,321.161
10026,321.195
10027,321.230
10028,321.266
10029,321.323
10030,321.413
10031,321.472
10032,321.561
10033,321.620
10034,321.713
10035,321.803
10036,321.946
10037,322.023
10038,322.147
10039,322.233
10040,322.333
10041,322.381
10042,322.484
10043,322.553
10044,322.643
10045,322.698
10046,322.822
10047,322.879
10048,322.980
10049,323.008
10050,323.037
10051,323.067
10052,323.095
10053,323.124
10054,323.153
10055,323.181
10056,323.210
10057,323.239
10058,323.268
10059,323.296
10060,323.325
10061,323.355
10062,323.388
10063,323.476
10064,323.661
10065,323.852
10066,323.992
10067,324.040
10068,324.132
10069,324.188
10070,324.332
10071,324.485
10072,324.582
10073,324.608
10074,324.670
10075,324.766
10076,324.792
10077,324.853
10078,324.945
10079,325.005
10080,325.160
10081,325.195
10082,325.272
10083,325.397
10084,325.483
10085,325.591
10086,325.615
10087,325.669
10088,325.753
10089,325.808
10090,325.901
10091,325.924
10092,325.946
10093,325.969
10094,325.994
10095,326.053
10096,326.144
10097,326.199
10098,326.322
10099,326.345
10100,326.369
10101,326.393
10102,326.449
10103,326.539
10104,326.567
10105,326.590
10106,326.613
10107,326.640
10108,326.726
10109,326.859
10110,326.940
10111,327.072
10112,327.153
10113,327.176
10114,327.200
10115,327.224
10116,327.279
10117,327.371
10118,327.427
10119,327.523
10120,327.548
10121,327.603
10122,327.690
10123,327.745
10124,327.831
10125,327.858
10126,327.912
10127,327.996
10128,328.054
10129,328.144
10130,328.202
10131,328.316
10132,328.351
10133,328.387
10134,328.420
10135,328.459
10136,328.539
10137,328.667
10138,328.702
10139,328.739
10140,328.767
10141,328.791
10142,328.852
10143,328.945
10144,328.971
10145,329.026
10146,329.115
10147,329.168
10148,329.255
10149,329.278
10150,329.335
10151,329.425
10152,329.482
10153,329.574
10154,329.598
10155,329.622
10156,329.647
10157,329.699
10158,329.725
10159,329.752
10160,329.775
10161,329.830
10162,329.956
10163,329.994
10164,330.073
10165,330.199
10166,330.232
10167,330.264
10168,330.298
10169,330.380
10170,330.487
10171,330.514
10172,330.572
10173,330.657
10174,330.681
10175,330.737
10176,330.822
10177,330.852
10178,330.877
10179,330.901
10180,330.962
10181,331.066
10182,331.095
10183,331.153
10184,331.240
10185,331.264
10186,331.319
10187,331.407
10188,331.431
10189,331.511
10190,331.548
10191,331.582
10192,331.613
10193,331.689
10194,331.722
10195,331.754
10196,331.784
10197,331.866
10198,331.978
10199,332.003
10200,332.026
10201,332.049
10202,332.072
10203,332.126
10204,332.147
10205,332.170
10206,332.193
10207,332.245
10208,332.268
10209,332.291
10210,332.316
10211,332.377
10212,332.475
10213,332.501
10214,332.556
10215,332.642
10216,332.665
10217,332.688
10218,332.711
10219,332.773
10220,332.881
10221,332.909
10222,332.966
10223,333.090
10224,333.126
10225,333.203
10226,333.325
10227,333.397
10228,333.511
10229,333.533
10230,333.589
10231,333.670
10232,333.692
10233,333.715
10234,333.737
10235,333.790
10236,333.878
10237,333.933
10238,334.020
10239,334.075
10240,334.159
10241,334.182
10242,334.235
10243,334.319
10244,334.373
10245,334.461
10246,334.485
10247,334.551
10248,334.674
10249,334.765
10250,334.905
10251,334.946
10252,334.982
10253,335.009
10254,335.037
10255,335.065
10256,335.090
10257,335.116
10258,335.143
10259,335.169
10260,335.196
10261,335.223
10262,335.250
10263,335.278
10264,335.305
10265,335.375
10266,335.513
10267,335.625
10268,335.647
10269,335.698
10270,335.783
10271,335.804
10272,335.856
10273,335.941
10274,335.963
10275,336.017
10276,336.148
10277,336.221
10278,336.341
10279,336.370
10280,336.485
10281,336.614
10282,336.644
10283,336.673
10284,336.726
10285,336.813
10286,336.836
10287,336.866
10288,336.919
10289,337.005
10290,337.029
10291,337.083
10292,337.170
10293,337.194
10294,337.254
10295,337.354
10296,337.381
10297,337.435
10298,337.525
10299,337.558
10300,337.592
10301,337.628
10302,337.714
10303,337.833
10304,337.868
10305,337.939
10306,338.059
10307,338.112
10308,338.197
10309,338.221
10310,338.305
10311,338.433
10312,338.465
10313,338.497
10314,338.553
10315,338.642
10316,338.667
10317,338.692
10318,338.743
10319,338.825
10320,338.848
10321,338.905
10322,338.999
10323,339.024
10324,339.087
10325,339.238
10326,339.276
10327,339.355
10328,339.487
10329,339.519
10330,339.557
10331,339.608
10332,339.652
10333,339.734
10334,339.756
10335,339.809
10336,339.893
10337,339.947
10338,340.028
10339,340.053
10340,340.134
10341,340.261
10342,340.292
10343,340.322
10344,340.384
10345,340.487
10346,340.543
10347,340.635
10348,340.659
10349,340.691
10350,340.729
10351,340.811
10352,340.935
10353,340.967
10354,340.997
10355,341.069
10356,341.183
10357,341.207
10358,341.230
10359,341.280
10360,341.362
10361,341.415
10362,341.502
10363,341.525
10364,341.578
10365,341.661
10366,341.714
10367,341.797
10368,341.818
10369,341.875
10370,341.962
10371,342.013
10372,342.098
10373,342.121
10374,342.173
10375,342.298
10376,342.330
10377,342.443
10378,342.633
10379,342.675
10380,342.709
10381,342.772
10382,342.874
10383,342.928
10384,343.015
10385,343.039
10386,343.062
10387,343.085
10388,343.137
10389,343.222
10390,343.245
10391,343.267
10392,343.317
10393,343.401
10394,343.455
10395,343.542
10396,343.568
10397,343.622
10398,343.711
10399,343.790
10400,343.920
10401,343.951
10402,344.031
10403,344.159
10404,344.225
10405,344.309
10406,344.331
10407,344.381
10408,344.464
10409,344.487
10410,344.539
10411,344.623
10412,344.647
10413,344.703
10414,344.792
10415,344.816
10416,344.872
10417,344.957
10418,344.979
10419,345.062
10420,345.196
10421,345.228
10422,345.275
10423,345.323
10424,345.402
10425,345.523
10426,345.555
10427,345.586
10428,345.669
10429,345.775
10430,345.799
10431,345.862
10432,345.962
10433,346.040
10434,346.168
10435,346.200
10436,346.233
10437,346.264
10438,346.322
10439,346.416
10440,346.439
10441,346.462
10442,346.488
10443,346.549
10444,346.660
10445,346.692
10446,346.720
10447,346.773
10448,346.903
10449,346.983
10450,347.101
10451,347.131
10452,347.203
10453,347.309
10454,347.363
10455,347.448
10456,347.471
10457,347.527
10458,347.620
10459,347.674
10460,347.757
10461,347.779
10462,347.845
10463,347.949
10464,348.002
10465,348.088
10466,348.111
10467,348.170
10468,348.264
10469,348.288
10470,348.354
10471,348.486
10472,348.519
10473,348.634
10474,348.814
10475,348.845
10476,348.878
10477,348.908
10478,348.959
10479,349.059
10480,349.082
10481,349.104
10482,349.159
10483,349.244
10484,349.267
10485,349.328
10486,349.426
10487,349.504
10488,349.634
10489,349.668
10490,349.699
10491,349.732
10492,349.810
10493,349.993
10494,350.036
10495,350.079
10496,350.122
10497,350.196
10498,350.324
10499,350.348
10500,350.371
10501,350.421
10502,350.502
10503,350.524
10504,350.574
10505,350.655
10506,350.705
10507,350.786
10508,350.807
10509,350.883
10510,351.010
10511,351.041
10512,351.073
10513,351.139
10514,351.238
10515,351.316
10516,351.504
10517,351.545
10518,351.590
10519,351.633
10520,351.709
10521,351.827
10522,351.851
10523,351.876
10524,351.929
10525,352.011
10526,352.066
10527,352.152
10528,352.175
10529,352.198
10530,352.249
10531,352.331
10532,352.380
10533,352.459
10534,352.512
10535,352.596
10536,352.653
10537,352.745
10538,352.769
10539,352.792
10540,352.846
10541,353.047
10542,353.226
10543,353.386
10544,353.470
10545,353.494
10546,353.516
10547,353.594
10548,353.624
10549,353.687
10550,353.788
10551,353.840
10552,353.932
10553,353.986
10554,354.103
10555,354.187
10556,354.209
10557,354.261
10558,354.350
10559,354.405
10560,354.543
10561,354.577
10562,354.608
10563,354.638
10564,354.669
10565,354.701
10566,354.735
10567,354.768
10568,354.801
10569,354.891
10570,354.981
10571,355.034
10572,355.122
10573,355.174
10574,355.260
10575,355.315
10576,355.407
10577,355.482
10578,355.596
10579,355.624
10580,355.653
10581,355.681
10582,355.709
10583,355.737
10584,355.765
10585,355.794
10586,355.823
10587,355.854
10588,355.886
10589,355.916
10590,355.945
10591,355.977
10592,356.005
10593,356.086
10594,356.233
10595,356.319
10596,356.451
10597,356.531
10598,356.623
10599,356.682
10600,356.777
10601,356.833
10602,356.927
10603,356.987
10604,357.084
10605,357.143
10606,357.239
10607,357.297
10608,357.323
10609,357.346
10610,357.371
10611,357.394
10612,357.451
10613,357.548
10614,357.608
10615,357.755
10616,357.874
10617,358.069
10618,358.140
10619,358.233
10620,358.257
10621,358.316
10622,358.411
10623,358.470
10624,358.566
10625,358.625
10626,358.719
10627,358.777
10628,358.873
10629,358.931
10630,359.029
10631,359.089
10632,359.215
10633,359.261
10634,359.407
10635,359.488
10636,359.614
10637,359.702
10638,359.796
10639,359.820
10640,359.880
10641,359.971
10642,360.030
10643,360.122
10644,360.145
10645,360.169
10646,360.192
10647,360.248
10648,360.272
10649,360.298
10650,360.322
10651,360.391
10652,360.496
10653,360.576
10654,360.730
10655,360.848
10656,360.940
10657,360.975
10658,361.009
10659,361.094
10660,361.221
10661,361.261
10662,361.296
10663,361.320
10664,361.345
10665,361.369
10666,361.429
10667,361.453
10668,361.478
10669,361.537
10670,361.635
10671,361.657
10672,361.680
10673,361.704
10674,361.728
10675,361.786
10676,361.885
10677,361.945
10678,362.038
10679,362.096
10680,362.186
10681,362.246
10682,362.343
10683,362.409
10684,362.562
10685,362.653
10686,362.792
10687,362.884
10688,362.988
10689,363.045
10690,363.137
10691,363.198
10692,363.292
10693,363.363
10694,363.478
10695,363.509
10696,363.542
10697,363.576
10698,363.607
10699,363.636
10700,363.667
10701,363.698
10702,363.727
10703,363.757
10704,363.787
10705,363.815
10706,363.844
10707,363.877
10708,363.908
10709,363.970
10710,364.070
10711,364.162
10712,364.309
10713,364.394
10714,364.522
10715,364.606
10716,364.705
10717,364.762
10718,364.853
10719,364.913
10720,365.012
10721,365.068
10722,365.158
10723,365.212
10724,365.238
10725,365.263
10726,365.289
10727,365.312
10728,365.372
10729,365.463
10730,365.522
10731,365.613
10732,365.708
10733,365.909
10734,365.986
10735,366.118
10736,366.153
10737,366.216
10738,366.308
10739,366.333
10740,366.356
10741,366.410
10742,366.502
10743,366.561
10744,366.655
10745,366.712
10746,366.806
10747,366.869
10748,366.963
10749,367.025
10750,367.125
10751,367.188
10752,367.300
10753,367.389
10754,367.528
10755,367.617
10756,367.761
10757,367.831
10758,367.932
10759,367.992
10760,368.089
10761,368.169
10762,368.320
10763,368.406
10764,368.430
10765,368.498
10766,368.610
10767,368.669
10768,368.767
10769,368.826
10770,368.950
10771,368.986
10772,369.021
10773,369.056
10774,369.137
10775,369.270
10776,369.302
10777,369.339
10778,369.374
10779,369.399
10780,369.463
10781,369.561
10782,369.619
10783,369.713
10784,369.770
10785,369.860
10786,369.915
10787,370.008
10788,370.067
10789,370.157
10790,370.181
10791,370.204
10792,370.228
10793,370.283
10794,370.307
10795,370.333
10796,370.356
10797,370.414
10798,370.530
10799,370.566
10800,370.662
10801,370.812
10802,370.903
10803,371.020
10804,371.097
10805,371.112
10806,371.149
10807,371.162
10808,371.220
10809,371.315
10810,371.372
10811,371.464
10812,371.491
10813,371.515
10814,371.539
10815,371.563
10816,371.619
10817,371.645
10818,371.670
10819,371.728
10820,371.753
10821,371.776
10822,371.801
10823,371.876
10824,371.989
10825,372.018
10826,372.082
10827,372.236
10828,372.280
10829,372.322
10830,372.360
10831,372.458
10832,372.614
10833,372.647
10834,372.710
10835,372.808
10836,372.868
10837,372.973
10838,373.032
10839,373.127
10840,373.188
10841,373.290
10842,373.352
10843,373.449
10844,373.512
10845,373.608
10846,373.666
10847,373.765
10848,373.862
10849,374.003
10850,374.086
10851,374.224
10852,374.303
10853,374.418
10854,374.448
10855,374.480
10856,374.511
10857,374.549
10858,374.582
10859,374.613
10860,374.642
10861,374.673
10862,374.702
10863,374.733
10864,374.764
10865,374.794
10866,374.824
10867,374.861
10868,374.951
10869,375.095
10870,375.155
10871,375.256
10872,375.312
10873,375.408
10874,375.469
10875,375.613
10876,375.728
10877,375.862
10878,375.953
10879,376.090
10880,376.149
10881,376.244
10882,376.302
10883,376.326
10884,376.350
10885,376.377
10886,376.403
10887,376.462
10888,376.553
10889,376.614
10890,376.706
10891,376.789
10892,376.932
10893,376.995
10894,377.096
10895,377.124
10896,377.186
10897,377.342
10898,377.386
10899,377.422
10900,377.457
10901,377.544
10902,377.681
10903,377.758
10904,377.856
10905,377.916
10906,377.941
10907,377.967
10908,377.991
10909,378.049
10910,378.152
10911,378.238
10912,378.399
10913,378.498
10914,378.556
10915,378.653
10916,378.711
10917,378.806
10918,378.830
10919,378.916
10920,379.054
10921,379.137
10922,379.266
10923,379.306
10924,379.378
10925,379.472
10926,379.499
10927,379.557
10928,379.691
10929,379.788
10930,379.813
10931,379.837
10932,379.864
10933,379.927
10934,380.028
10935,380.115
10936,380.277
10937,380.378
10938,380.435
10939,380.571
10940,380.657
10941,380.785
10942,380.818
10943,380.902
10944,381.012
10945,381.069
10946,381.160
10947,381.215
10948,381.304
10949,381.327
10950,381.391
10951,381.497
10952,381.524
10953,381.585
10954,381.685
10955,381.742
10956,381.834
10957,381.858
10958,381.888
10959,381.911
10960,381.967
10961,381.991
10962,382.020
10963,382.049
10964,382.095
10965,382.192
10966,382.224
10967,382.258
10968,382.296
10969,382.447
10970,382.639
10971,382.676
10972,382.710
10973,382.747
10974,382.783
10975,382.843
10976,382.868
10977,382.895
10978,382.950
10979,382.973
10980,382.997
10981,383.020
10982,383.107
10983,383.267
10984,383.304
10985,383.342
10986,383.377
10987,383.435
10988,383.534
10989,383.600
10990,383.694
10991,383.778
10992,383.927
10993,384.012
10994,384.145
10995,384.229
10996,384.318
10997,384.373
10998,384.459
10999,384.515
11000,384.601
11001,384.657
11002,384.744
11003,384.796
11004,384.886
11005,384.953
11006,385.062
11007,385.089
11008,385.118
11009,385.148
11010,385.176
11011,385.205
11012,385.234
11013,385.264
11014,385.293
11015,385.336
11016,385.379
11017,385.421
11018,385.460
11019,385.501
11020,385.539
11021,385.615
11022,385.783
11023,385.913
11024,386.014
11025,386.068
11026,386.158
11027,386.212
11028,386.349
11029,386.501
11030,386.591
11031,386.615
11032,386.669
11033,386.757
11034,386.780
11035,386.803
11036,386.825
11037,386.910
11038,387.037
11039,387.119
11040,387.246
11041,387.321
11042,387.413
11043,387.438
11044,387.491
11045,387.578
11046,387.635
11047,387.724
11048,387.748
11049,387.803
11050,387.891
11051,387.944
11052,388.031
11053,388.053
11054,388.077
11055,388.099
11056,388.123
11057,388.178
11058,388.269
11059,388.323
11060,388.491
11061,388.523
11062,388.554
11063,388.587
11064,388.668
11065,388.801
11066,388.833
11067,388.856
11068,388.883
11069,388.907
11070,388.960
11071,389.049
11072,389.106
11073,389.201
11074,389.266
11075,389.292
11076,389.316
11077,389.339
11078,389.403
11079,389.504
11080,389.561
11081,389.654
11082,389.678
11083,389.732
11084,389.820
11085,389.880
11086,389.989
11087,390.025
11088,390.107
11089,390.232
11090,390.308
11091,390.427
11092,390.482
11093,390.570
11094,390.592
11095,390.615
11096,390.638
11097,390.662
11098,390.718
11099,390.805
11100,390.828
11101,390.852
11102,390.877
11103,390.901
11104,390.965
11105,391.070
11106,391.096
11107,391.158
11108,391.246
11109,391.304
11110,391.394
11111,391.417
11112,391.473
11113,391.612
11114,391.692
11115,391.819
11116,391.852
11117,391.887
11118,391.922
11119,392.001
11120,392.026
11121,392.051
11122,392.074
11123,392.130
11124,392.220
11125,392.245
11126,392.313
11127,392.420
11128,392.448
11129,392.476
11130,392.506
11131,392.564
11132,392.661
11133,392.686
11134,392.746
11135,392.770
11136,392.794
11137,392.818
11138,392.880
11139,392.905
11140,392.929
11141,392.954
11142,393.015
11143,393.150
11144,393.173
11145,393.211
11146,393.250
11147,393.288
11148,393.372
11149,393.405
11150,393.439
11151,393.475
11152,393.558
11153,393.596
11154,393.636
11155,393.667
11156,393.740
11157,393.851
11158,393.885
11159,393.944
11160,394.043
11161,394.067
11162,394.092
11163,394.118
11164,394.187
11165,394.295
11166,394.324
11167,394.385
11168,394.482
11169,394.509
11170,394.569
11171,394.665
11172,394.727
11173,394.831
11174,394.879
11175,394.977
11176,395.116
11177,395.151
11178,395.232
11179,395.353
11180,395.416
11181,395.510
11182,395.535
11183,395.591
11184,395.682
11185,395.739
11186,395.833
11187,395.858
11188,395.917
11189,396.008
11190,396.079
11191,396.196
11192,396.224
11193,396.256
11194,396.286
11195,396.317
11196,396.348
11197,396.378
11198,396.408
11199,396.437
11200,396.473
11201,396.518
11202,396.560
11203,396.606
11204,396.655
11205,396.717
11206,396.772
11207,396.956
11208,397.088
11209,397.112
11210,397.171
11211,397.269
11212,397.297
11213,397.354
11214,397.447
11215,397.473
11216,397.531
11217,397.623
11218,397.684
11219,397.777
11220,397.804
11221,397.831
11222,397.918
11223,398.062
11224,398.098
11225,398.151
11226,398.241
11227,398.368
11228,398.401
11229,398.432
11230,398.512
11231,398.632
11232,398.656
11233,398.720
11234,398.822
11235,398.849
11236,398.919
11237,398.964
11238,399.056
11239,399.079
11240,399.103
11241,399.127
11242,399.182
11243,399.271
11244,399.295
11245,399.346
11246,399.431
11247,399.491
11248,399.584
11249,399.609
11250,399.635
11251,399.772
11252,399.945
11253,399.992
11254,400.039
11255,400.113
11256,400.231
11257,400.255
11258,400.278
11259,400.335
11260,400.428
11261,400.452
11262,400.525
11263,400.635
11264,400.663
11265,400.694
11266,400.756
11267,400.847
11268,400.875
11269,400.901
11270,400.972
11271,400.992
11272,401.084
11273,401.108
11274,401.162
11275,401.251
11276,401.325
11277,401.488
11278,401.526
11279,401.641
11280,401.843
11281,401.939
11282,401.962
11283,401.986
11284,402.012
11285,402.067
11286,402.158
11287,402.182
11288,402.206
11289,402.230
11290,402.285
11291,402.370
11292,402.394
11293,402.417
11294,402.473
11295,402.565
11296,402.589
11297,402.612
11298,402.669
11299,402.760
11300,402.817
11301,402.933
11302,402.969
11303,403.054
11304,403.179
11305,403.264
11306,403.390
11307,403.418
11308,403.493
11309,403.641
11310,403.729
11311,403.751
11312,403.775
11313,403.799
11314,403.854
11315,403.944
11316,403.968
11317,403.993
11318,404.018
11319,404.075
11320,404.161
11321,404.184
11322,404.207
11323,404.260
11324,404.345
11325,404.420
11326,404.552
11327,404.587
11328,404.667
11329,404.790
11330,404.868
11331,404.959
11332,404.981
11333,405.041
11334,405.136
11335,405.192
11336,405.281
11337,405.305
11338,405.360
11339,405.447
11340,405.472
11341,405.527
11342,405.616
11343,405.639
11344,405.700
11345,405.795
11346,405.821
11347,405.879
11348,406.000
11349,406.038
11350,406.167
11351,406.367
11352,406.415
11353,406.450
11354,406.483
11355,406.547
11356,406.653
11357,406.682
11358,406.765
11359,406.901
11360,406.933
11361,406.968
11362,407.003
11363,407.061
11364,407.152
11365,407.177
11366,407.202
11367,407.227
11368,407.290
11369,407.396
11370,407.423
11371,407.450
11372,407.511
11373,407.650
11374,407.730
11375,407.860
11376,407.893
11377,407.981
11378,408.072
11379,408.128
11380,408.221
11381,408.248
11382,408.310
11383,408.336
11384,408.362
11385,408.417
11386,408.509
11387,408.533
11388,408.594
11389,408.690
11390,408.715
11391,408.774
11392,408.869
11393,408.894
11394,408.979
11395,409.017
11396,409.053
11397,409.089
11398,409.132
11399,409.182
11400,409.283
11401,409.436
11402,409.474
11403,409.600
11404,409.741
11405,409.774
11406,409.808
11407,409.842
11408,409.927
11409,410.074
11410,410.108
11411,410.140
11412,410.175
11413,410.228
11414,410.318
11415,410.341
11416,410.364
11417,410.418
11418,410.506
11419,410.529
11420,410.587
11421,410.677
11422,410.768
11423,410.931
11424,410.968
11425,411.086
11426,411.264
11427,411.298
11428,411.332
11429,411.411
11430,411.538
11431,411.573
11432,411.606
11433,411.636
11434,411.694
11435,411.787
11436,411.812
11437,411.838
11438,411.900
11439,411.996
11440,412.059
11441,412.152
11442,412.179
11443,412.204
11444,412.261
11445,412.385
11446,412.470
11447,412.600
11448,412.632
11449,412.667
11450,412.701
11451,412.734
11452,412.774
11453,412.812
11454,412.837
11455,412.901
11456,413.004
11457,413.029
11458,413.054
11459,413.113
11460,413.262
11461,413.262
11462,413.272
11463,413.296
11464,413.341
11465,413.365
11466,413.395
11467,413.421
11468,413.445
11469,413.504
11470,413.596
11471,413.654
11472,413.747
11473,413.806
11474,413.900
11475,413.956
11476,414.067
11477,414.157
11478,414.293
11479,414.380
11480,414.515
11481,414.573
11482,414.663
11483,414.719
11484,414.808
11485,414.864
11486,414.953
11487,415.008
11488,415.095
11489,415.150
11490,415.275
11491,415.367
11492,415.425
11493,415.575
11494,415.774
11495,415.819
11496,415.938
11497,416.141
11498,416.232
11499,416.256
11500,416.322
11501,416.432
11502,416.485
11503,416.570
11504,416.594
11505,416.648
11506,416.767
11507,416.893
11508,417.016
11509,417.108
11510,417.133
11511,417.213
11512,417.348
11513,417.428
11514,417.556
11515,417.589
11516,417.628
11517,417.707
11518,417.811
11519,417.867
11520,417.956
11521,417.979
11522,418.037
11523,418.126
11524,418.148
11525,418.172
11526,418.225
11527,418.312
11528,418.335
11529,418.392
11530,418.514
11531,418.537
11532,418.592
11533,418.684
11534,418.708
11535,418.778
11536,418.929
11537,418.961
11538,418.993
11539,419.027
11540,419.059
11541,419.142
11542,419.272
11543,419.297
11544,419.321
11545,419.343
11546,419.365
11547,419.387
11548,419.410
11549,419.437
11550,419.467
11551,419.529
11552,419.667
11553,419.785
11554,419.925
11555,420.070
11556,420.186
11557,420.310
11558,420.450
11559,420.672
11560,420.897
11561,420.933
11562,420.975
11563,421.076
11564,421.109
11565,421.207
11566,421.397
11567,421.500
11568,421.524
11569,421.580
11570,421.664
11571,421.719
11572,421.841
11573,421.995
11574,422.019
11575,422.044
11576,422.087
11577,422.095
11578,422.118
11579,422.141
11580,422.164
11581,422.189
11582,422.259
11583,422.283
11584,422.316
11585,422.405
11586,422.601
11587,422.628
11588,422.656
11589,422.686
11590,422.765
11591,422.797
11592,422.821
11593,422.845
11594,422.869
11595,422.892
11596,422.965
11597,422.987
11598,423.008
11599,423.060
11600,423.194
11601,423.214
11602,423.234
11603,423.318
11604,423.381
11605,423.454
11606,423.482
11607,423.506
11608,423.561
11609,423.686
11610,423.774
11611,423.832
11612,423.923
11613,424.002
11614,424.131
11615,424.208
11616,424.331
11617,424.411
11618,424.501
11619,424.577
11620,424.599
11621,424.621
11622,424.643
11623,424.702
11624,424.824
11625,424.915
11626,424.970
11627,425.062
11628,425.119
11629,425.210
11630,425.264
11631,425.352
11632,425.377
11633,425.400
11634,425.456
11635,425.617
11636,425.799
11637,426.006
11638,426.102
11639,426.124
11640,426.147
11641,426.198
11642,426.282
11643,426.304
11644,426.380
11645,426.504
11646,426.559
11647,426.584
11648,426.608
11649,426.661
11650,426.684
11651,426.707
11652,426.734
11653,426.824
11654,426.961
11655,427.016
11656,427.182
11657,427.311
11658,427.344
11659,427.423
11660,427.552
11661,427.616
11662,427.735
11663,427.823
11664,427.847
11665,427.905
11666,427.996
11667,428.053
11668,428.148
11669,428.181
11670,428.212
11671,428.268
11672,428.357
11673,428.415
11674,428.506
11675,428.528
11676,428.552
11677,428.577
11678,428.601
11679,428.655
11680,428.783
11681,428.862
11682,428.988
11683,429.066
11684,429.182
11685,429.206
11686,429.278
11687,429.388
11688,429.417
11689,429.445
11690,429.474
11691,429.504
11692,429.532
11693,429.561
11694,429.590
11695,429.618
11696,429.647
11697,429.677
11698,429.706
11699,429.735
11700,429.765
11701,429.795
11702,429.851
11703,429.944
11704,430.005
11705,430.105
11706,430.162
11707,430.251
11708,430.336
11709,430.489
11710,430.568
11711,430.697
11712,430.788
11713,430.886
11714,430.962
11715,431.063
11716,431.119
11717,431.143
11718,431.167
11719,431.190
11720,431.214
11721,431.271
11722,431.406
11723,431.426
11724,431.532
11725,431.613
11726,431.749
11727,431.806
11728,431.904
11729,431.941
11730,432.034
11731,432.171
11732,432.255
11733,432.394
11734,432.455
11735,432.554
11736,432.612
11737,432.708
11738,432.770
11739,432.869
11740,432.929
11741,433.021
11742,433.081
11743,433.182
11744,433.239
11745,433.332
11746,433.390
11747,433.485
11748,433.516
11749,433.616
11750,433.752
11751,433.840
11752,433.985
11753,434.027
11754,434.051
11755,434.074
11756,434.131
11757,434.154
11758,434.179
11759,434.204
11760,434.260
11761,434.284
11762,434.308
11763,434.389
11764,434.550
11765,434.650
11766,434.722
11767,434.831
11768,434.860
11769,434.887
11770,434.919
11771,434.947
11772,434.975
11773,435.033
11774,435.057
11775,435.081
11776,435.157
11777,435.318
11778,435.354
11779,435.391
11780,435.428
11781,435.465
11782,435.542
11783,435.669
11784,435.724
11785,435.809
11786,435.863
11787,435.953
11788,436.009
11789,436.099
11790,436.155
11791,436.243
11792,436.308
11793,436.397
11794,436.452
11795,436.539
11796,436.597
11797,436.705
11798,436.794
11799,436.935
11800,437.032
11801,437.183
11802,437.213
11803,437.242
11804,437.270
11805,437.299
11806,437.330
11807,437.361
11808,437.391
11809,437.419
11810,437.448
11811,437.478
11812,437.509
11813,437.537
11814,437.567
11815,437.597
11816,437.654
11817,437.749
11818,437.812
11819,437.912
11820,437.970
11821,438.069
11822,438.137
11823,438.241
11824,438.311
11825,438.456
11826,438.547
11827,438.689
11828,438.769
11829,438.892
11830,438.953
11831,438.978
11832,439.002
11833,439.025
11834,439.047
11835,439.103
11836,439.194
11837,439.248
11838,439.337
11839,439.420
11840,439.555
11841,439.615
11842,439.705
11843,439.728
11844,439.785
11845,439.877
11846,439.901
11847,439.936
11848,440.028
11849,440.161
11850,440.246
11851,440.385
11852,440.455
11853,440.549
11854,440.612
11855,440.702
11856,440.761
11857,440.855
11858,440.920
11859,441.018
11860,441.078
11861,441.174
11862,441.231
11863,441.322
11864,441.377
11865,441.472
11866,441.537
11867,441.682
11868,441.797
11869,442.016
11870,442.106
11871,442.131
11872,442.198
11873,442.305
11874,442.362
11875,442.456
11876,442.513
11877,442.623
11878,442.639
11879,442.665
11880,442.691
11881,442.751
11882,442.845
11883,442.872
11884,442.897
11885,442.926
11886,442.952
11887,443.019
11888,443.125
11889,443.213
11890,443.342
11891,443.427
11892,443.581
11893,443.675
11894,443.806
11895,443.888
11896,444.022
11897,444.057
11898,444.091
11899,444.125
11900,444.206
11901,444.239
11902,444.273
11903,444.307
11904,444.387
11905,444.521
11906,444.557
11907,444.627
11908,444.734
11909,444.792
11910,444.889
11911,444.949
11912,444.973
11913,445.000
11914,445.036
11915,445.127
11916,445.258
11917,445.351
11918,445.500
11919,445.529
11920,445.558
11921,445.587
11922,445.614
11923,445.642
11924,445.704
11925,445.728
11926,445.753
11927,445.810
11928,445.834
11929,445.858
11930,445.882
11931,445.954
11932,446.061
11933,446.089
11934,446.117
11935,446.146
11936,446.175
11937,446.237
11938,446.337
11939,446.396
11940,446.489
11941,446.548
11942,446.665
11943,446.764
11944,446.902
11945,447.010
11946,447.118
11947,447.180
11948,447.273
11949,447.329
11950,447.421
11951,447.482
11952,447.577
11953,447.637
11954,447.730
11955,447.796
11956,447.949
11957,448.065
11958,448.096
11959,448.127
11960,448.156
11961,448.188
11962,448.218
11963,448.254
11964,448.297
11965,448.341
11966,448.384
11967,448.428
11968,448.469
11969,448.510
11970,448.553
11971,448.595
11972,448.678
11973,448.800
11974,448.861
11975,448.957
11976,449.013
11977,449.102
11978,449.163
11979,449.264
11980,449.322
11981,449.411
11982,449.472
11983,449.567
11984,449.628
11985,449.726
11986,449.783
11987,449.870
11988,449.905
11989,449.942
11990,449.979
11991,450.067
11992,450.199
11993,450.276
11994,450.439
11995,450.465
11996,450.489
11997,450.515
11998,450.598
11999,450.759
12000,450.852
12001,450.877
12002,450.902
12003,450.929
12004,450.984
12005,451.075
12006,451.133
12007,451.235
12008,451.294
12009,451.318
12010,451.342
12011,451.369
12012,451.432
12013,451.546
12014,451.674
12015,451.926
12016,452.056
12017,452.117
12018,452.206
12019,452.261
12020,452.351
12021,452.376
12022,452.434
12023,452.523
12024,452.581
12025,452.674
12026,452.755
12027,452.913
12028,453.007
12029,453.032
12030,453.057
12031,453.081
12032,453.107
12033,453.194
12034,453.330
12035,453.364
12036,453.398
12037,453.434
12038,453.519
12039,453.651
12040,453.711
12041,453.806
12042,453.865
12043,453.956
12044,453.981
12045,454.037
12046,454.128
12047,454.186
12048,454.280
12049,454.339
12050,454.430
12051,454.456
12052,454.526
12053,454.639
12054,454.667
12055,454.726
12056,454.920
12057,455.054
12058,455.088
12059,455.166
12060,455.204
12061,455.236
12062,455.296
12063,455.417
12064,455.508
12065,455.534
12066,455.625
12067,455.766
12068,455.801
12069,455.837
12070,455.871
12071,455.907
12072,455.964
12073,456.055
12074,456.108
12075,456.200
12076,456.256
12077,456.280
12078,456.303
12079,456.332
12080,456.436
12081,456.585
12082,456.623
12083,456.659
12084,456.734
12085,456.771
12086,456.799
12087,456.857
12088,456.949
12089,457.004
12090,457.030
12091,457.052
12092,457.107
12093,457.194
12094,457.218
12095,457.241
12096,457.294
12097,457.318
12098,457.343
12099,457.366
12100,457.428
12101,457.460
12102,457.494
12103,457.521
12104,457.610
12105,457.761
12106,457.798
12107,457.832
12108,457.869
12109,457.942
12110,458.092
12111,458.168
12112,458.293
12113,458.378
12114,458.470
12115,458.528
12116,458.618
12117,458.674
12118,458.768
12119,458.827
12120,458.920
12121,458.977
12122,459.070
12123,459.131
12124,459.225
12125,459.282
12126,459.375
12127,459.446
12128,459.610
12129,459.661
12130,459.705
12131,459.746
12132,459.788
12133,459.829
12134,459.871
12135,459.911
12136,459.953
12137,460.002
12138,460.040
12139,460.072
12140,460.104
12141,460.135
12142,460.164
12143,460.224
12144,460.350
12145,460.474
12146,460.565
12147,460.590
12148,460.646
12149,460.758
12150,460.782
12151,460.839
12152,460.943
12153,461.006
12154,461.101
12155,461.126
12156,461.155
12157,461.279
12158,461.478
12159,461.522
12160,461.601
12161,461.718
12162,461.774
12163,461.887
12164,461.911
12165,461.971
12166,462.065
12167,462.089
12168,462.146
12169,462.239
12170,462.264
12171,462.289
12172,462.343
12173,462.429
12174,462.453
12175,462.508
12176,462.600
12177,462.657
12178,462.748
12179,462.778
12180,462.814
12181,462.948
12182,463.146
12183,463.194
12184,463.279
12185,463.372
12186,463.430
12187,463.523
12188,463.547
12189,463.610
12190,463.708
12191,463.732
12192,463.793
12193,463.892
12194,463.922
12195,463.952
12196,464.012
12197,464.106
12198,464.132
12199,464.192
12200,464.286
12201,464.345
12202,464.459
12203,464.500
12204,464.635
12205,464.828
12206,464.879
12207,464.961
12208,465.071
12209,465.133
12210,465.238
12211,465.265
12212,465.292
12213,465.351
12214,465.444
12215,465.467
12216,465.526
12217,465.622
12218,465.646
12219,465.702
12220,465.795
12221,465.853
12222,465.950
12223,465.974
12224,466.035
12225,466.173
12226,466.258
12227,466.396
12228,466.428
12229,466.562
12230,466.703
12231,466.739
12232,466.806
12233,466.915
12234,466.971
12235,467.061
12236,467.086
12237,467.111
12238,467.168
12239,467.271
12240,467.297
12241,467.353
12242,467.444
12243,467.503
12244,467.596
12245,467.620
12246,467.686
12247,467.824
12248,467.901
12249,468.031
12250,468.063
12251,468.152
12252,468.243
12253,468.266
12254,468.326
12255,468.420
12256,468.446
12257,468.533
12258,468.670
12259,468.705
12260,468.739
12261,468.795
12262,468.887
12263,468.912
12264,468.970
12265,469.063
12266,469.088
12267,469.150
12268,469.252
12269,469.291
12270,469.421
12271,469.615
12272,469.664
12273,469.718
12274,469.792
12275,469.901
12276,469.962
12277,470.054
12278,470.079
12279,470.104
12280,470.163
12281,470.260
12282,470.286
12283,470.341
12284,470.428
12285,470.451
12286,470.506
12287,470.597
12288,470.652
12289,470.742
12290,470.766
12291,470.834
12292,470.973
12293,471.005
12294,471.088
12295,471.224
12296,471.264
12297,471.350
12298,471.480
12299,471.514
12300,471.548
12301,471.605
12302,471.693
12303,471.718
12304,471.771
12305,471.859
12306,471.882
12307,471.940
12308,472.034
12309,472.058
12310,472.138
12311,472.268
12312,472.300
12313,472.335
12314,472.435
12315,472.584
12316,472.667
12317,472.803
12318,472.829
12319,472.855
12320,472.912
12321,472.998
12322,473.020
12323,473.077
12324,473.165
12325,473.189
12326,473.244
12327,473.330
12328,473.384
12329,473.477
12330,473.502
12331,473.583
12332,473.717
12333,473.752
12334,473.819
12335,473.968
12336,474.053
12337,474.184
12338,474.217
12339,474.248
12340,474.334
12341,474.427
12342,474.449
12343,474.504
12344,474.590
12345,474.645
12346,474.735
12347,474.759
12348,474.812
12349,474.895
12350,474.967
12351,474.991
12352,475.013
12353,475.036
12354,475.057
12355,475.078
12356,475.098
12357,475.148
12358,475.233
12359,475.285
12360,475.374
12361,475.455
12362,475.583
12363,475.664
12364,475.791
12365,475.889
12366,476.016
12367,476.077
12368,476.203
12369,476.288
12370,476.311
12371,476.332
12372,476.385
12373,476.477
12374,476.573
12375,476.651
12376,476.684
12377,476.716
12378,476.750
12379,476.782
12380,476.814
12381,476.899
12382,477.014
12383,477.101
12384,477.282
12385,477.383
12386,477.443
12387,477.530
12388,477.583
12389,477.668
12390,477.745
12391,477.869
12392,477.921
12393,478.004
12394,478.054
12395,478.140
12396,478.193
12397,478.276
12398,478.298
12399,478.350
12400,478.479
12401,478.572
12402,478.781
12403,478.818
12404,478.847
12405,478.876
12406,478.949
12407,479.057
12408,479.090
12409,479.120
12410,479.149
12411,479.181
12412,479.213
12413,479.245
12414,479.275
12415,479.306
12416,479.336
12417,479.365
12418,479.394
12419,479.423
12420,479.453
12421,479.482
12422,479.538
12423,479.658
12424,479.776
12425,479.868
12426,479.930
12427,480.044
12428,480.129
12429,480.255
12430,480.337
12431,480.468
12432,480.524
12433,480.612
12434,480.667
12435,480.757
12436,480.810
12437,480.900
12438,480.957
12439,481.044
12440,481.101
12441,481.194
12442,481.248
12443,481.336
12444,481.360
12445,481.417
12446,481.514
12447,481.603
12448,481.738
12449,481.832
12450,481.988
12451,482.047
12452,482.137
12453,482.194
12454,482.315
12455,482.339
12456,482.364
12457,482.388
12458,482.467
12459,482.627
12460,482.725
12461,482.750
12462,482.776
12463,482.802
12464,482.859
12465,482.952
12466,483.014
12467,483.134
12468,483.226
12469,483.361
12470,483.451
12471,483.588
12472,483.646
12473,483.737
12474,483.761
12475,483.817
12476,483.906
12477,483.968
12478,484.057
12479,484.112
12480,484.201
12481,484.256
12482,484.279
12483,484.302
12484,484.325
12485,484.392
12486,484.500
12487,484.581
12488,484.807
12489,484.932
12490,484.965
12491,484.997
12492,485.031
12493,485.126
12494,485.221
12495,485.280
12496,485.372
12497,485.429
12498,485.519
12499,485.574
12500,485.663
12501,485.719
12502,485.811
12503,485.870
12504,485.961
12505,485.986
12506,486.042
12507,486.134
12508,486.192
12509,486.336
12510,486.437
12511,486.590
12512,486.709
12513,486.865
12514,486.956
12515,486.980
12516,487.039
12517,487.125
12518,487.148
12519,487.175
12520,487.197
12521,487.253
12522,487.343
12523,487.367
12524,487.424
12525,487.513
12526,487.538
12527,487.562
12528,487.585
12529,487.647
12530,487.750
12531,487.832
12532,487.973
12533,488.057
12534,488.185
12535,488.271
12536,488.404
12537,488.462
12538,488.557
12539,488.615
12540,488.706
12541,488.780
12542,488.892
12543,488.953
12544,489.046
12545,489.103
12546,489.199
12547,489.256
12548,489.281
12549,489.305
12550,489.330
12551,489.389
12552,489.413
12553,489.446
12554,489.481
12555,489.573
12556,489.608
12557,489.642
12558,489.676
12559,489.709
12560,489.789
12561,489.916
12562,489.973
12563,490.061
12564,490.128
12565,490.234
12566,490.264
12567,490.292
12568,490.321
12569,490.385
12570,490.491
12571,490.557
12572,490.663
12573,490.716
12574,490.739
12575,490.763
12576,490.786
12577,490.846
12578,490.943
12579,490.967
12580,491.029
12581,491.063
12582,491.100
12583,491.136
12584,491.221
12585,491.347
12586,491.378
12587,491.460
12588,491.565
12589,491.636
12590,491.738
12591,491.794
12592,491.885
12593,491.939
12594,492.027
12595,492.050
12596,492.106
12597,492.199
12598,492.225
12599,492.284
12600,492.376
12601,492.401
12602,492.426
12603,492.494
12604,492.618
12605,492.659
12606,492.749
12607,492.880
12608,492.914
12609,492.995
12610,493.121
12611,493.146
12612,493.171
12613,493.237
12614,493.342
12615,493.369
12616,493.427
12617,493.517
12618,493.541
12619,493.600
12620,493.694
12621,493.718
12622,493.778
12623,493.804
12624,493.828
12625,493.853
12626,493.911
12627,493.938
12628,493.972
12629,493.992
12630,494.052
12631,494.147
12632,494.207
12633,494.349
12634,494.434
12635,494.566
12636,494.601
12637,494.690
12638,494.719
12639,494.744
12640,494.769
12641,494.827
12642,494.850
12643,494.875
12644,494.899
12645,494.965
12646,495.071
12647,495.099
12648,495.160
12649,495.254
12650,495.280
12651,495.305
12652,495.329
12653,495.355
12654,495.437
12655,495.569
12656,495.629
12657,495.719
12658,495.775
12659,495.913
12660,495.999
12661,496.130
12662,496.165
12663,496.261
12664,496.378
12665,496.405
12666,496.470
12667,496.583
12668,496.611
12669,496.636
12670,496.698
12671,496.794
12672,496.854
12673,496.942
12674,497.000
12675,497.089
12676,497.150
12677,497.244
12678,497.300
12679,497.389
12680,497.472
12681,497.612
12682,497.692
12683,497.824
12684,497.908
12685,498.001
12686,498.056
12687,498.143
12688,498.195
12689,498.278
12690,498.346
12691,498.366
12692,498.387
12693,498.408
12694,498.429
12695,498.483
