n,seconds
1,0.000
2,0.004
3,0.007
4,0.011
5,0.013
6,0.017
7,0.020
8,0.025
9,0.028
10,0.029
11,0.032
12,0.035
13,0.039
14,0.042
15,0.043
16,0.044
17,0.045
18,0.045
19,0.046
20,0.047
21,0.048
22,0.051
23,0.053
24,0.056
25,0.059
26,0.064
27,0.066
28,0.069
29,0.073
30,0.076
31,0.077
32,0.078
33,0.080
34,0.081
35,0.082
36,0.084
37,0.085
38,0.086
39,0.086
40,0.087
41,0.088
42,0.088
43,0.089
44,0.093
45,0.094
46,0.097
47,0.099
48,0.101
49,0.103
50,0.108
51,0.111
52,0.112
53,0.112
54,0.115
55,0.116
56,0.119
57,0.123
58,0.126
59,0.128
60,0.129
61,0.129
62,0.130
63,0.131
64,0.134
65,0.135
66,0.136
67,0.136
68,0.137
69,0.137
70,0.138
71,0.139
72,0.143
73,0.144
74,0.147
75,0.149
76,0.153
77,0.154
78,0.155
79,0.159
80,0.163
81,0.167
82,0.171
83,0.174
84,0.178
85,0.179
86,0.183
87,0.186
88,0.189
89,0.193
90,0.194
91,0.197
92,0.198
93,0.199
94,0.199
95,0.200
96,0.200
97,0.201
98,0.202
99,0.208
100,0.210
101,0.213
102,0.216
103,0.219
104,0.221
105,0.224
106,0.227
107,0.230
108,0.232
109,0.235
110,0.237
111,0.244
112,0.245
113,0.246
114,0.247
115,0.247
116,0.248
117,0.249
118,0.249
119,0.250
120,0.251
121,0.251
122,0.252
123,0.253
124,0.254
125,0.254
126,0.255
127,0.256
128,0.257
129,0.261
130,0.263
131,0.266
132,0.267
133,0.267
134,0.268
135,0.270
136,0.272
137,0.275
138,0.276
139,0.279
140,0.280
141,0.283
142,0.284
143,0.287
144,0.289
145,0.290
146,0.291
147,0.292
148,0.294
149,0.294
150,0.295
151,0.295
152,0.296
153,0.299
154,0.304
155,0.305
156,0.308
157,0.310
158,0.313
159,0.314
160,0.317
161,0.318
162,0.319
163,0.320
164,0.321
165,0.322
166,0.323
167,0.324
168,0.324
169,0.325
170,0.326
171,0.326
172,0.327
173,0.328
174,0.329
175,0.330
176,0.331
177,0.332
178,0.333
179,0.333
180,0.334
181,0.335
182,0.336
183,0.336
184,0.338
185,0.338
186,0.340
187,0.340
188,0.341
189,0.342
190,0.343
191,0.343
192,0.344
193,0.345
194,0.346
195,0.346
196,0.348
197,0.348
198,0.349
199,0.351
200,0.352
201,0.353
202,0.354
203,0.355
204,0.356
205,0.357
206,0.358
207,0.359
208,0.359
209,0.360
210,0.362
211,0.362
212,0.367
213,0.374
214,0.378
215,0.379
216,0.379
217,0.380
218,0.380
219,0.381
220,0.382
221,0.385
222,0.391
223,0.397
224,0.403
225,0.409
226,0.414
227,0.420
228,0.426
229,0.429
230,0.430
231,0.437
232,0.444
233,0.445
234,0.446
235,0.447
236,0.448
237,0.449
238,0.450
239,0.452
240,0.453
241,0.454
242,0.455
243,0.460
244,0.463
245,0.466
246,0.470
247,0.472
248,0.476
249,0.479
250,0.482
251,0.487
252,0.490
253,0.495
254,0.498
255,0.503
256,0.506
257,0.510
258,0.513
259,0.517
260,0.520
261,0.522
262,0.526
263,0.527
264,0.528
265,0.531
266,0.532
267,0.533
268,0.535
269,0.539
270,0.540
271,0.542
272,0.545
273,0.546
274,0.547
275,0.550
276,0.551
277,0.552
278,0.553
279,0.556
280,0.557
281,0.562
282,0.565
283,0.569
284,0.572
285,0.573
286,0.577
287,0.581
288,0.581
289,0.585
290,0.588
291,0.590
292,0.594
293,0.595
294,0.596
295,0.599
296,0.600
297,0.603
298,0.606
299,0.607
300,0.612
301,0.616
302,0.617
303,0.618
304,0.622
305,0.626
306,0.627
307,0.629
308,0.633
309,0.633
310,0.634
311,0.635
312,0.635
313,0.640
314,0.644
315,0.647
316,0.651
317,0.653
318,0.656
319,0.657
320,0.658
321,0.662
322,0.664
323,0.668
324,0.669
325,0.671
326,0.675
327,0.676
328,0.681
329,0.685
330,0.689
331,0.693
332,0.697
333,0.701
334,0.702
335,0.705
336,0.709
337,0.711
338,0.715
339,0.715
340,0.716
341,0.720
342,0.723
343,0.727
344,0.728
345,0.730
346,0.734
347,0.735
348,0.739
349,0.743
350,0.748
351,0.752
352,0.756
353,0.759
354,0.760
355,0.764
356,0.768
357,0.769
358,0.770
359,0.774
360,0.778
361,0.778
362,0.779
363,0.780
364,0.780
365,0.781
366,0.782
367,0.785
368,0.792
369,0.798
370,0.806
371,0.812
372,0.819
373,0.822
374,0.823
375,0.826
376,0.831
377,0.832
378,0.836
379,0.840
380,0.843
381,0.847
382,0.851
383,0.854
384,0.856
385,0.860
386,0.860
387,0.862
388,0.866
389,0.867
390,0.867
391,0.870
392,0.874
393,0.875
394,0.877
395,0.881
396,0.882
397,0.883
398,0.887
399,0.888
400,0.888
401,0.890
402,0.894
403,0.895
404,0.896
405,0.898
406,0.903
407,0.903
408,0.906
409,0.909
410,0.914
411,0.918
412,0.919
413,0.922
414,0.926
415,0.928
416,0.932
417,0.932
418,0.934
419,0.938
420,0.939
421,0.939
422,0.942
423,0.946
424,0.947
425,0.952
426,0.956
427,0.957
428,0.957
429,0.961
430,0.965
431,0.965
432,0.970
433,0.974
434,0.975
435,0.976
436,0.980
437,0.983
438,0.985
439,0.989
440,0.993
441,0.998
442,0.999
443,1.003
444,1.007
445,1.008
446,1.010
447,1.013
448,1.015
449,1.019
450,1.021
451,1.024
452,1.025
453,1.027
454,1.030
455,1.031
456,1.032
457,1.035
458,1.039
459,1.040
460,1.042
461,1.046
462,1.050
463,1.051
464,1.052
465,1.052
466,1.053
467,1.053
468,1.055
469,1.059
470,1.060
471,1.062
472,1.066
473,1.066
474,1.068
475,1.072
476,1.073
477,1.073
478,1.075
479,1.079
480,1.080
481,1.082
482,1.085
483,1.086
484,1.088
485,1.092
486,1.096
487,1.101
488,1.101
489,1.103
490,1.107
491,1.111
492,1.111
493,1.114
494,1.117
495,1.119
496,1.123
497,1.125
498,1.128
499,1.129
500,1.131
501,1.135
502,1.135
503,1.136
504,1.138
505,1.142
506,1.142
507,1.144
508,1.148
509,1.149
510,1.151
511,1.154
512,1.155
513,1.156
514,1.158
515,1.162
516,1.162
517,1.164
518,1.168
519,1.169
520,1.171
521,1.174
522,1.179
523,1.184
524,1.185
525,1.186
526,1.187
527,1.191
528,1.195
529,1.196
530,1.198
531,1.202
532,1.203
533,1.206
534,1.208
535,1.211
536,1.212
537,1.212
538,1.213
539,1.214
540,1.214
541,1.215
542,1.218
543,1.223
544,1.228
545,1.234
546,1.239
547,1.244
548,1.249
549,1.252
550,1.253
551,1.256
552,1.260
553,1.261
554,1.262
555,1.263
556,1.267
557,1.270
558,1.275
559,1.278
560,1.283
561,1.286
562,1.289
563,1.292
564,1.296
565,1.299
566,1.301
567,1.304
568,1.304
569,1.310
570,1.316
571,1.317
572,1.318
573,1.319
574,1.323
575,1.327
576,1.327
577,1.328
578,1.332
579,1.336
580,1.336
581,1.341
582,1.345
583,1.346
584,1.349
585,1.353
586,1.355
587,1.359
588,1.359
589,1.361
590,1.364
591,1.364
592,1.368
593,1.371
594,1.372
595,1.375
596,1.379
597,1.380
598,1.384
599,1.388
600,1.389
601,1.394
602,1.397
603,1.398
604,1.401
605,1.405
606,1.406
607,1.408
608,1.410
609,1.412
610,1.415
611,1.416
612,1.419
613,1.423
614,1.424
615,1.424
616,1.425
617,1.426
618,1.430
619,1.434
620,1.435
621,1.436
622,1.441
623,1.444
624,1.445
625,1.448
626,1.452
627,1.453
628,1.455
629,1.458
630,1.460
631,1.463
632,1.464
633,1.470
634,1.474
635,1.475
636,1.476
637,1.477
638,1.482
639,1.487
640,1.488
641,1.489
642,1.490
643,1.496
644,1.500
645,1.501
646,1.503
647,1.507
648,1.512
649,1.517
650,1.518
651,1.520
652,1.524
653,1.525
654,1.526
655,1.526
656,1.527
657,1.528
658,1.528
659,1.532
660,1.539
661,1.546
662,1.554
663,1.562
664,1.576
665,1.581
666,1.586
667,1.590
668,1.595
669,1.600
670,1.601
671,1.601
672,1.602
673,1.609
674,1.613
675,1.621
676,1.625
677,1.626
678,1.634
679,1.638
680,1.643
681,1.647
682,1.654
683,1.661
684,1.663
685,1.663
686,1.664
687,1.664
688,1.672
689,1.677
690,1.683
691,1.687
692,1.688
693,1.693
694,1.696
695,1.698
696,1.703
697,1.704
698,1.705
699,1.709
700,1.710
701,1.714
702,1.718
703,1.719
704,1.720
705,1.722
706,1.726
707,1.727
708,1.732
709,1.736
710,1.741
711,1.745
712,1.752
713,1.756
714,1.766
715,1.767
716,1.768
717,1.769
718,1.770
719,1.780
720,1.792
721,1.796
722,1.797
723,1.802
724,1.803
725,1.804
726,1.805
727,1.806
728,1.808
729,1.811
730,1.812
731,1.817
732,1.821
733,1.822
734,1.823
735,1.828
736,1.833
737,1.833
738,1.834
739,1.835
740,1.836
741,1.837
742,1.843
743,1.847
744,1.848
745,1.855
746,1.860
747,1.864
748,1.868
749,1.878
750,1.887
751,1.888
752,1.889
753,1.891
754,1.895
755,1.896
756,1.908
757,1.914
758,1.915
759,1.921
760,1.926
761,1.929
762,1.934
763,1.935
764,1.947
765,1.954
766,1.955
767,1.960
768,1.964
769,1.964
770,1.965
771,1.968
772,1.972
773,1.975
774,1.976
775,1.977
776,1.978
777,1.979
778,1.983
779,1.986
780,1.987
781,1.991
782,1.994
783,1.996
784,1.999
785,2.001
786,2.004
787,2.006
788,2.009
789,2.010
790,2.018
791,2.022
792,2.023
793,2.027
794,2.031
795,2.031
796,2.032
797,2.036
798,2.037
799,2.040
800,2.044
801,2.047
802,2.048
803,2.049
804,2.050
805,2.051
806,2.056
807,2.059
808,2.060
809,2.061
810,2.064
811,2.068
812,2.068
813,2.069
814,2.070
815,2.070
816,2.071
817,2.071
818,2.074
819,2.079
820,2.083
821,2.088
822,2.093
823,2.096
824,2.099
825,2.104
826,2.104
827,2.109
828,2.112
829,2.116
830,2.119
831,2.121
832,2.124
833,2.124
834,2.126
835,2.129
836,2.130
837,2.130
838,2.133
839,2.137
840,2.137
841,2.139
842,2.142
843,2.143
844,2.144
845,2.147
846,2.148
847,2.149
848,2.152
849,2.152
850,2.154
851,2.157
852,2.159
853,2.162
854,2.164
855,2.167
856,2.168
857,2.171
858,2.174
859,2.175
860,2.177
861,2.180
862,2.182
863,2.185
864,2.187
865,2.190
866,2.191
867,2.192
868,2.195
869,2.196
870,2.199
871,2.200
872,2.200
873,2.204
874,2.207
875,2.208
876,2.210
877,2.213
878,2.213
879,2.214
880,2.217
881,2.221
882,2.222
883,2.222
884,2.223
885,2.227
886,2.230
887,2.231
888,2.234
889,2.237
890,2.239
891,2.242
892,2.244
893,2.246
894,2.248
895,2.251
896,2.251
897,2.252
898,2.255
899,2.256
900,2.259
901,2.260
902,2.263
903,2.266
904,2.269
905,2.271
906,2.274
907,2.274
908,2.275
909,2.276
910,2.279
911,2.279
912,2.280
913,2.281
914,2.284
915,2.284
916,2.287
917,2.291
918,2.291
919,2.292
920,2.293
921,2.295
922,2.334
923,2.335
924,2.337
925,2.342
926,2.345
927,2.346
928,2.347
929,2.357
930,2.368
931,2.369
932,2.369
933,2.370
934,2.371
935,2.372
936,2.372
937,2.385
938,2.390
939,2.395
940,2.401
941,2.406
942,2.411
943,2.417
944,2.420
945,2.421
946,2.424
947,2.427
948,2.433
949,2.437
950,2.438
951,2.443
952,2.447
953,2.451
954,2.454
955,2.457
956,2.461
957,2.463
958,2.466
959,2.467
960,2.473
961,2.478
962,2.479
963,2.480
964,2.481
965,2.485
966,2.488
967,2.489
968,2.490
969,2.493
970,2.497
971,2.497
972,2.500
973,2.502
974,2.505
975,2.508
976,2.509
977,2.511
978,2.514
979,2.516
980,2.519
981,2.520
982,2.521
983,2.524
984,2.526
985,2.529
986,2.530
987,2.531
988,2.534
989,2.538
990,2.539
991,2.541
992,2.544
993,2.545
994,2.546
995,2.549
996,2.550
997,2.554
998,2.558
999,2.559
1000,2.563
1001,2.567
1002,2.569
1003,2.572
1004,2.573
1005,2.576
1006,2.580
1007,2.581
1008,2.583
1009,2.587
1010,2.589
1011,2.592
1012,2.592
1013,2.594
1014,2.597
1015,2.601
1016,2.604
1017,2.605
1018,2.605
1019,2.609
1020,2.612
1021,2.613
1022,2.617
1023,2.621
1024,2.622
1025,2.626
1026,2.629
1027,2.633
1028,2.638
1029,2.641
1030,2.642
1031,2.643
1032,2.646
1033,2.650
1034,2.651
1035,2.653
1036,2.657
1037,2.659
1038,2.662
1039,2.663
1040,2.669
1041,2.674
1042,2.675
1043,2.676
1044,2.677
1045,2.682
1046,2.686
1047,2.686
1048,2.687
1049,2.688
1050,2.691
1051,2.695
1052,2.696
1053,2.698
1054,2.701
1055,2.703
1056,2.706
1057,2.708
1058,2.711
1059,2.711
1060,2.712
1061,2.713
1062,2.713
1063,2.714
1064,2.715
1065,2.717
1066,2.722
1067,2.727
1068,2.731
1069,2.737
1070,2.741
1071,2.746
1072,2.750
1073,2.755
1074,2.759
1075,2.760
1076,2.766
1077,2.769
1078,2.773
1079,2.776
1080,2.778
1081,2.782
1082,2.783
1083,2.784
1084,2.787
1085,2.788
1086,2.789
1087,2.792
1088,2.795
1089,2.796
1090,2.798
1091,2.801
1092,2.802
1093,2.803
1094,2.806
1095,2.806
1096,2.808
1097,2.810
1098,2.811
1099,2.813
1100,2.817
1101,2.819
1102,2.822
1103,2.824
1104,2.827
1105,2.828
1106,2.831
1107,2.834
1108,2.835
1109,2.837
1110,2.841
1111,2.843
1112,2.846
1113,2.848
1114,2.851
1115,2.851
1116,2.852
1117,2.853
1118,2.856
1119,2.857
1120,2.860
1121,2.864
1122,2.868
1123,2.869
1124,2.870
1125,2.871
1126,2.873
1127,2.876
1128,2.877
1129,2.879
1130,2.882
1131,2.884
1132,2.887
1133,2.889
1134,2.892
1135,2.895
1136,2.898
1137,2.898
1138,2.899
1139,2.900
1140,2.902
1141,2.905
1142,2.906
1143,2.909
1144,2.910
1145,2.913
1146,2.917
1147,2.921
1148,2.922
1149,2.923
1150,2.924
1151,2.926
1152,2.929
1153,2.930
1154,2.931
1155,2.933
1156,2.936
1157,2.937
1158,2.940
1159,2.946
1160,2.951
1161,2.957
1162,2.962
1163,2.968
1164,2.974
1165,2.977
1166,2.978
1167,2.981
1168,2.985
1169,2.989
1170,2.992
1171,2.993
1172,2.994
1173,2.994
1174,2.995
1175,2.996
1176,2.996
1177,2.999
1178,3.003
1179,3.006
1180,3.010
1181,3.013
1182,3.017
1183,3.020
1184,3.023
1185,3.028
1186,3.033
1187,3.034
1188,3.040
1189,3.044
1190,3.045
1191,3.049
1192,3.053
1193,3.057
1194,3.060
1195,3.063
1196,3.067
1197,3.067
1198,3.069
1199,3.073
1200,3.074
1201,3.075
1202,3.075
1203,3.079
1204,3.083
1205,3.084
1206,3.087
1207,3.091
1208,3.092
1209,3.095
1210,3.098
1211,3.102
1212,3.103
1213,3.103
1214,3.107
1215,3.111
1216,3.112
1217,3.114
1218,3.119
1219,3.121
1220,3.124
1221,3.127
1222,3.130
1223,3.131
1224,3.133
1225,3.136
1226,3.138
1227,3.142
1228,3.143
1229,3.144
1230,3.148
1231,3.152
1232,3.153
1233,3.158
1234,3.162
1235,3.163
1236,3.164
1237,3.168
1238,3.172
1239,3.172
1240,3.177
1241,3.182
1242,3.182
1243,3.186
1244,3.191
1245,3.193
1246,3.197
1247,3.198
1248,3.202
1249,3.205
1250,3.206
1251,3.209
1252,3.212
1253,3.215
1254,3.219
1255,3.220
1256,3.222
1257,3.225
1258,3.227
1259,3.230
1260,3.231
1261,3.235
1262,3.239
1263,3.240
1264,3.242
1265,3.246
1266,3.247
1267,3.248
1268,3.251
1269,3.251
1270,3.252
1271,3.254
1272,3.257
1273,3.258
1274,3.258
1275,3.261
1276,3.265
1277,3.265
1278,3.268
1279,3.271
1280,3.273
1281,3.279
1282,3.280
1283,3.281
1284,3.286
1285,3.291
1286,3.297
1287,3.298
1288,3.299
1289,3.304
1290,3.310
1291,3.311
1292,3.318
1293,3.324
1294,3.325
1295,3.330
1296,3.336
1297,3.343
1298,3.350
1299,3.356
1300,3.357
1301,3.357
1302,3.358
1303,3.365
1304,3.371
1305,3.371
1306,3.375
1307,3.382
1308,3.385
1309,3.391
1310,3.391
1311,3.392
1312,3.393
1313,3.393
1314,3.394
1315,3.395
1316,3.399
1317,3.403
1318,3.407
1319,3.412
1320,3.418
1321,3.424
1322,3.424
1323,3.433
1324,3.438
1325,3.443
1326,3.449
1327,3.454
1328,3.459
1329,3.461
1330,3.467
1331,3.467
1332,3.477
1333,3.484
1334,3.485
1335,3.485
1336,3.486
1337,3.492
1338,3.497
1339,3.498
1340,3.499
1341,3.504
1342,3.509
1343,3.510
1344,3.513
1345,3.519
1346,3.521
1347,3.527
1348,3.529
1349,3.534
1350,3.535
1351,3.537
1352,3.541
1353,3.543
1354,3.549
1355,3.550
1356,3.550
1357,3.556
1358,3.560
1359,3.561
1360,3.564
1361,3.570
1362,3.571
1363,3.572
1364,3.577
1365,3.577
1366,3.584
1367,3.590
1368,3.591
1369,3.596
1370,3.602
1371,3.605
1372,3.610
1373,3.611
1374,3.617
1375,3.621
1376,3.622
1377,3.625
1378,3.630
1379,3.633
1380,3.640
1381,3.641
1382,3.642
1383,3.647
1384,3.651
1385,3.657
1386,3.658
1387,3.659
1388,3.663
1389,3.669
1390,3.670
1391,3.677
1392,3.682
1393,3.683
1394,3.688
1395,3.694
1396,3.701
1397,3.708
1398,3.715
1399,3.716
1400,3.717
1401,3.724
1402,3.729
1403,3.731
1404,3.733
1405,3.740
1406,3.743
1407,3.751
1408,3.752
1409,3.753
1410,3.759
1411,3.768
1412,3.773
1413,3.774
1414,3.775
1415,3.776
1416,3.781
1417,3.786
1418,3.787
1419,3.787
1420,3.788
1421,3.793
1422,3.797
1423,3.798
1424,3.801
1425,3.806
1426,3.808
1427,3.812
1428,3.812
1429,3.817
1430,3.824
1431,3.832
1432,3.839
1433,3.844
1434,3.846
1435,3.851
1436,3.851
1437,3.852
1438,3.853
1439,3.853
1440,3.854
1441,3.855
1442,3.862
1443,3.867
1444,3.871
1445,3.872
1446,3.873
1447,3.873
1448,3.880
1449,3.886
1450,3.887
1451,3.894
1452,3.899
1453,3.900
1454,3.905
1455,3.909
1456,3.913
1457,3.914
1458,3.915
1459,3.915
1460,3.924
1461,3.930
1462,3.931
1463,3.931
1464,3.938
1465,3.942
1466,3.944
1467,3.948
1468,3.953
1469,3.958
1470,3.959
1471,3.960
1472,3.961
1473,3.962
1474,3.968
1475,3.973
1476,3.974
1477,3.981
1478,3.982
1479,3.983
1480,3.984
1481,3.985
1482,3.986
1483,3.993
1484,3.998
1485,4.005
1486,4.009
1487,4.010
1488,4.017
1489,4.021
1490,4.028
1491,4.029
1492,4.030
1493,4.031
1494,4.035
1495,4.039
1496,4.041
1497,4.043
1498,4.043
1499,4.044
1500,4.045
1501,4.045
1502,4.052
1503,4.057
1504,4.063
1505,4.068
1506,4.074
1507,4.078
1508,4.081
1509,4.085
1510,4.088
1511,4.093
1512,4.094
1513,4.094
1514,4.095
1515,4.100
1516,4.104
1517,4.105
1518,4.106
1519,4.106
1520,4.116
1521,4.121
1522,4.122
1523,4.130
1524,4.135
1525,4.140
1526,4.149
1527,4.153
1528,4.154
1529,4.155
1530,4.168
1531,4.173
1532,4.174
1533,4.175
1534,4.180
1535,4.185
1536,4.185
1537,4.193
1538,4.197
1539,4.198
1540,4.207
1541,4.212
1542,4.216
1543,4.218
1544,4.219
1545,4.219
1546,4.224
1547,4.225
1548,4.226
1549,4.226
1550,4.227
1551,4.228
1552,4.233
1553,4.237
1554,4.237
1555,4.238
1556,4.239
1557,4.240
1558,4.243
1559,4.256
1560,4.261
1561,4.262
1562,4.264
1563,4.271
1564,4.275
1565,4.276
1566,4.282
1567,4.286
1568,4.295
1569,4.300
1570,4.305
1571,4.306
1572,4.307
1573,4.310
1574,4.315
1575,4.315
1576,4.325
1577,4.331
1578,4.332
1579,4.342
1580,4.348
1581,4.349
1582,4.353
1583,4.358
1584,4.361
1585,4.366
1586,4.367
1587,4.368
1588,4.370
1589,4.375
1590,4.377
1591,4.381
1592,4.382
1593,4.385
1594,4.389
1595,4.391
1596,4.395
1597,4.396
1598,4.401
1599,4.408
1600,4.409
1601,4.413
1602,4.418
1603,4.418
1604,4.423
1605,4.427
1606,4.428
1607,4.438
1608,4.444
1609,4.445
1610,4.446
1611,4.451
1612,4.455
1613,4.456
1614,4.458
1615,4.462
1616,4.463
1617,4.473
1618,4.478
1619,4.479
1620,4.480
1621,4.485
1622,4.489
1623,4.490
1624,4.492
1625,4.497
1626,4.499
1627,4.503
1628,4.505
1629,4.509
1630,4.512
1631,4.517
1632,4.517
1633,4.518
1634,4.520
1635,4.525
1636,4.527
1637,4.531
1638,4.532
1639,4.533
1640,4.538
1641,4.540
1642,4.544
1643,4.545
1644,4.549
1645,4.554
1646,4.554
1647,4.558
1648,4.563
1649,4.564
1650,4.568
1651,4.572
1652,4.576
1653,4.580
1654,4.581
1655,4.582
1656,4.591
1657,4.597
1658,4.598
1659,4.600
1660,4.604
1661,4.609
1662,4.609
1663,4.612
1664,4.616
1665,4.617
1666,4.618
1667,4.627
1668,4.633
1669,4.634
1670,4.636
1671,4.641
1672,4.645
1673,4.646
1674,4.648
1675,4.652
1676,4.653
1677,4.655
1678,4.659
1679,4.660
1680,4.661
1681,4.662
1682,4.662
1683,4.663
1684,4.663
1685,4.671
1686,4.676
1687,4.683
1688,4.689
1689,4.696
1690,4.708
1691,4.713
1692,4.714
1693,4.715
1694,4.715
1695,4.716
1696,4.723
1697,4.728
1698,4.735
1699,4.736
1700,4.737
1701,4.739
1702,4.739
1703,4.747
1704,4.751
1705,4.759
1706,4.763
1707,4.770
1708,4.774
1709,4.779
1710,4.783
1711,4.786
1712,4.790
1713,4.791
1714,4.795
1715,4.799
1716,4.800
1717,4.801
1718,4.802
1719,4.806
1720,4.810
1721,4.810
1722,4.817
1723,4.821
1724,4.826
1725,4.834
1726,4.837
1727,4.837
1728,4.843
1729,4.847
1730,4.848
1731,4.856
1732,4.860
1733,4.861
1734,4.867
1735,4.873
1736,4.876
1737,4.882
1738,4.883
1739,4.888
1740,4.894
1741,4.905
1742,4.911
1743,4.912
1744,4.918
1745,4.924
1746,4.927
1747,4.933
1748,4.934
1749,4.940
1750,4.947
1751,4.948
1752,4.953
1753,4.960
1754,4.961
1755,4.967
1756,4.974
1757,4.974
1758,4.988
1759,4.995
1760,4.996
1761,4.997
1762,5.002
1763,5.009
1764,5.009
1765,5.012
1766,5.018
1767,5.021
1768,5.026
1769,5.028
1770,5.034
1771,5.037
1772,5.043
1773,5.043
1774,5.048
1775,5.054
1776,5.059
1777,5.064
1778,5.074
1779,5.079
1780,5.080
1781,5.085
1782,5.091
1783,5.092
1784,5.093
1785,5.098
1786,5.104
1787,5.105
1788,5.110
1789,5.116
1790,5.117
1791,5.122
1792,5.128
1793,5.132
1794,5.138
1795,5.139
1796,5.139
1797,5.153
1798,5.160
1799,5.161
1800,5.162
1801,5.168
1802,5.174
1803,5.175
1804,5.177
1805,5.183
1806,5.184
1807,5.186
1808,5.190
1809,5.191
1810,5.194
1811,5.201
1812,5.209
1813,5.215
1814,5.222
1815,5.227
1816,5.228
1817,5.232
1818,5.236
1819,5.241
1820,5.246
1821,5.247
1822,5.247
1823,5.248
1824,5.249
1825,5.249
1826,5.250
1827,5.254
1828,5.258
1829,5.261
1830,5.266
1831,5.269
1832,5.274
1833,5.281
1834,5.286
1835,5.287
1836,5.295
1837,5.300
1838,5.301
1839,5.306
1840,5.313
1841,5.319
1842,5.324
1843,5.326
1844,5.333
1845,5.334
1846,5.336
1847,5.341
1848,5.341
1849,5.342
1850,5.349
1851,5.356
1852,5.357
1853,5.360
1854,5.366
1855,5.366
1856,5.369
1857,5.372
1858,5.373
1859,5.373
1860,5.378
1861,5.382
1862,5.383
1863,5.385
1864,5.389
1865,5.391
1866,5.395
1867,5.395
1868,5.396
1869,5.400
1870,5.402
1871,5.406
1872,5.406
1873,5.407
1874,5.411
1875,5.416
1876,5.416
1877,5.422
1878,5.426
1879,5.426
1880,5.427
1881,5.431
1882,5.435
1883,5.436
1884,5.439
1885,5.443
1886,5.445
1887,5.449
1888,5.449
1889,5.450
1890,5.451
1891,5.451
1892,5.454
1893,5.458
1894,5.458
1895,5.463
1896,5.468
1897,5.469
1898,5.471
1899,5.475
1900,5.477
1901,5.481
1902,5.481
1903,5.483
1904,5.486
1905,5.487
1906,5.491
1907,5.491
1908,5.496
1909,5.500
1910,5.500
1911,5.503
1912,5.506
1913,5.507
1914,5.508
1915,5.512
1916,5.512
1917,5.513
1918,5.516
1919,5.520
1920,5.520
1921,5.521
1922,5.526
1923,5.529
1924,5.530
1925,5.532
1926,5.536
1927,5.538
1928,5.541
1929,5.542
1930,5.543
1931,5.547
1932,5.548
1933,5.551
1934,5.552
1935,5.553
1936,5.557
1937,5.557
1938,5.560
1939,5.563
1940,5.566
1941,5.569
1942,5.570
1943,5.571
1944,5.571
1945,5.576
1946,5.579
1947,5.580
1948,5.583
1949,5.586
1950,5.588
1951,5.592
1952,5.592
1953,5.593
1954,5.593
1955,5.594
1956,5.594
1957,5.595
1958,5.598
1959,5.601
1960,5.604
1961,5.608
1962,5.613
1963,5.617
1964,5.618
1965,5.624
1966,5.628
1967,5.632
1968,5.636
1969,5.640
1970,5.644
1971,5.646
1972,5.650
1973,5.650
1974,5.658
1975,5.663
1976,5.664
1977,5.664
1978,5.665
1979,5.670
1980,5.674
1981,5.674
1982,5.675
1983,5.680
1984,5.683
1985,5.684
1986,5.686
1987,5.690
1988,5.692
1989,5.696
1990,5.697
1991,5.698
1992,5.701
1993,5.703
1994,5.707
1995,5.708
1996,5.708
1997,5.713
1998,5.717
1999,5.717
2000,5.720
2001,5.723
2002,5.724
2003,5.725
2004,5.728
2005,5.729
2006,5.731
2007,5.735
2008,5.737
2009,5.740
2010,5.741
2011,5.742
2012,5.742
2013,5.743
2014,5.745
2015,5.749
2016,5.750
2017,5.754
2018,5.758
2019,5.759
2020,5.761
2021,5.765
2022,5.768
2023,5.771
2024,5.772
2025,5.773
2026,5.776
2027,5.778
2028,5.781
2029,5.782
2030,5.783
2031,5.787
2032,5.787
2033,5.790
2034,5.793
2035,5.796
2036,5.801
2037,5.802
2038,5.802
2039,5.807
2040,5.811
2041,5.811
2042,5.814
2043,5.817
2044,5.820
2045,5.823
2046,5.823
2047,5.825
2048,5.828
2049,5.836
2050,5.841
2051,5.842
2052,5.843
2053,5.843
2054,5.848
2055,5.852
2056,5.853
2057,5.853
2058,5.854
2059,5.859
2060,5.862
2061,5.863
2062,5.866
2063,5.869
2064,5.871
2065,5.874
2066,5.874
2067,5.875
2068,5.875
2069,5.876
2070,5.876
2071,5.877
2072,5.879
2073,5.883
2074,5.888
2075,5.895
2076,5.898
2077,5.899
2078,5.902
2079,5.905
2080,5.909
2081,5.912
2082,5.916
2083,5.919
2084,5.921
2085,5.924
2086,5.926
2087,5.929
2088,5.931
2089,5.934
2090,5.936
2091,5.938
2092,5.939
2093,5.941
2094,5.945
2095,5.945
2096,5.946
2097,5.947
2098,5.947
2099,5.948
2100,5.948
2101,5.950
2102,5.956
2103,5.961
2104,5.966
2105,5.972
2106,5.977
2107,5.983
2108,5.986
2109,5.993
2110,5.997
2111,5.998
2112,5.998
2113,5.999
2114,6.005
2115,6.009
2116,6.016
2117,6.020
2118,6.026
2119,6.029
2120,6.033
2121,6.037
2122,6.041
2123,6.044
2124,6.046
2125,6.050
2126,6.050
2127,6.059
2128,6.063
2129,6.064
2130,6.065
2131,6.066
2132,6.070
2133,6.074
2134,6.074
2135,6.075
2136,6.080
2137,6.083
2138,6.084
2139,6.086
2140,6.090
2141,6.092
2142,6.096
2143,6.096
2144,6.097
2145,6.101
2146,6.101
2147,6.106
2148,6.110
2149,6.111
2150,6.115
2151,6.119
2152,6.120
2153,6.123
2154,6.126
2155,6.126
2156,6.131
2157,6.135
2158,6.136
2159,6.141
2160,6.145
2161,6.145
2162,6.147
2163,6.151
2164,6.153
2165,6.157
2166,6.157
2167,6.162
2168,6.165
2169,6.166
2170,6.167
2171,6.168
2172,6.168
2173,6.171
2174,6.174
2175,6.175
2176,6.175
2177,6.180
2178,6.184
2179,6.185
2180,6.189
2181,6.193
2182,6.193
2183,6.196
2184,6.199
2185,6.201
2186,6.205
2187,6.205
2188,6.214
2189,6.218
2190,6.219
2191,6.220
2192,6.220
2193,6.225
2194,6.229
2195,6.230
2196,6.230
2197,6.231
2198,6.236
2199,6.239
2200,6.240
2201,6.242
2202,6.245
2203,6.250
2204,6.254
2205,6.255
2206,6.257
2207,6.260
2208,6.261
2209,6.263
2210,6.266
2211,6.267
2212,6.267
2213,6.268
2214,6.268
2215,6.269
2216,6.269
2217,6.272
2218,6.276
2219,6.281
2220,6.286
2221,6.293
2222,6.297
2223,6.298
2224,6.305
2225,6.308
2226,6.312
2227,6.315
2228,6.319
2229,6.323
2230,6.325
2231,6.328
2232,6.330
2233,6.334
2234,6.334
2235,6.336
2236,6.339
2237,6.340
2238,6.343
2239,6.344
2240,6.344
2241,6.348
2242,6.351
2243,6.352
2244,6.356
2245,6.359
2246,6.364
2247,6.367
2248,6.368
2249,6.370
2250,6.373
2251,6.374
2252,6.378
2253,6.382
2254,6.382
2255,6.385
2256,6.388
2257,6.390
2258,6.393
2259,6.393
2260,6.394
2261,6.397
2262,6.402
2263,6.406
2264,6.406
2265,6.409
2266,6.412
2267,6.414
2268,6.417
2269,6.417
2270,6.418
2271,6.421
2272,6.424
2273,6.425
2274,6.429
2275,6.432
2276,6.432
2277,6.437
2278,6.440
2279,6.441
2280,6.443
2281,6.447
2282,6.449
2283,6.451
2284,6.452
2285,6.453
2286,6.456
2287,6.457
2288,6.461
2289,6.464
2290,6.467
2291,6.468
2292,6.468
2293,6.471
2294,6.474
2295,6.475
2296,6.476
2297,6.479
2298,6.482
2299,6.483
2300,6.486
2301,6.489
2302,6.490
2303,6.495
2304,6.498
2305,6.499
2306,6.501
2307,6.504
2308,6.504
2309,6.506
2310,6.509
2311,6.510
2312,6.510
2313,6.511
2314,6.511
2315,6.512
2316,6.512
2317,6.514
2318,6.518
2319,6.523
2320,6.527
2321,6.533
2322,6.536
2323,6.537
2324,6.541
2325,6.544
2326,6.547
2327,6.550
2328,6.554
2329,6.557
2330,6.560
2331,6.565
2332,6.567
2333,6.572
2334,6.575
2335,6.579
2336,6.581
2337,6.586
2338,6.587
2339,6.597
2340,6.612
2341,6.614
2342,6.615
2343,6.616
2344,6.616
2345,6.618
2346,6.619
2347,6.620
2348,6.621
2349,6.622
2350,6.623
2351,6.624
2352,6.625
2353,6.627
2354,6.628
2355,6.629
2356,6.637
2357,6.653
2358,6.667
2359,6.668
2360,6.668
2361,6.673
2362,6.687
2363,6.688
2364,6.689
2365,6.694
2366,6.706
2367,6.707
2368,6.708
2369,6.712
2370,6.724
2371,6.725
2372,6.726
2373,6.730
2374,6.742
2375,6.743
2376,6.744
2377,6.748
2378,6.761
2379,6.761
2380,6.762
2381,6.767
2382,6.779
2383,6.779
2384,6.780
2385,6.785
2386,6.796
2387,6.797
2388,6.798
2389,6.802
2390,6.815
2391,6.815
2392,6.816
2393,6.821
2394,6.832
2395,6.833
2396,6.834
2397,6.839
2398,6.851
2399,6.852
2400,6.852
2401,6.857
2402,6.870
2403,6.871
2404,6.871
2405,6.876
2406,6.888
2407,6.889
2408,6.890
2409,6.894
2410,6.906
2411,6.907
2412,6.908
2413,6.912
2414,6.924
2415,6.925
2416,6.925
2417,6.935
2418,6.936
2419,6.939
2420,6.940
2421,6.950
2422,6.966
2423,6.967
2424,6.968
2425,6.969
2426,6.970
2427,6.971
2428,6.972
2429,6.973
2430,6.975
2431,6.976
2432,6.977
2433,6.978
2434,6.980
2435,6.981
2436,6.982
2437,6.991
2438,7.003
2439,7.015
2440,7.029
2441,7.031
2442,7.040
2443,7.055
2444,7.064
2445,7.074
2446,7.074
2447,7.082
2448,7.092
2449,7.092
2450,7.099
2451,7.108
2452,7.116
2453,7.126
2454,7.127
2455,7.127
2456,7.136
2457,7.147
2458,7.148
2459,7.155
2460,7.164
2461,7.170
2462,7.179
2463,7.180
2464,7.180
2465,7.187
2466,7.196
2467,7.202
2468,7.211
2469,7.217
2470,7.225
2471,7.232
2472,7.240
2473,7.241
2474,7.247
2475,7.255
2476,7.264
2477,7.275
2478,7.275
2479,7.283
2480,7.291
2481,7.298
2482,7.307
2483,7.312
2484,7.321
2485,7.327
2486,7.337
2487,7.337
2488,7.343
2489,7.351
2490,7.360
2491,7.370
2492,7.371
2493,7.379
2494,7.388
2495,7.395
2496,7.405
2497,7.412
2498,7.421
2499,7.428
2500,7.438
2501,7.438
2502,7.444
2503,7.454
2504,7.461
2505,7.470
2506,7.471
2507,7.478
2508,7.487
2509,7.493
2510,7.501
2511,7.508
2512,7.516
2513,7.517
2514,7.521
2515,7.529
2516,7.536
2517,7.545
2518,7.546
2519,7.553
2520,7.562
2521,7.563
2522,7.569
2523,7.578
2524,7.579
2525,7.585
2526,7.593
2527,7.601
2528,7.611
2529,7.611
2530,7.619
2531,7.628
2532,7.634
2533,7.643
2534,7.652
2535,7.663
2536,7.664
2537,7.665
2538,7.666
2539,7.667
2540,7.668
2541,7.669
2542,7.670
2543,7.671
2544,7.672
2545,7.673
2546,7.674
2547,7.675
2548,7.676
2549,7.678
2550,7.685
2551,7.694
2552,7.702
2553,7.712
2554,7.713
2555,7.720
2556,7.729
2557,7.737
2558,7.746
2559,7.747
2560,7.755
2561,7.765
2562,7.771
2563,7.780
2564,7.788
2565,7.797
2566,7.798
2567,7.805
2568,7.814
2569,7.822
2570,7.833
2571,7.834
2572,7.835
2573,7.835
2574,7.842
2575,7.856
2576,7.865
2577,7.872
2578,7.881
2579,7.887
2580,7.895
2581,7.902
2582,7.911
2583,7.912
2584,7.918
2585,7.926
2586,7.935
2587,7.945
2588,7.946
2589,7.947
2590,7.954
2591,7.968
2592,7.977
2593,7.983
2594,7.992
2595,7.998
2596,8.006
2597,8.013
2598,8.023
2599,8.023
2600,8.029
2601,8.038
2602,8.047
2603,8.057
2604,8.058
2605,8.058
2606,8.066
2607,8.080
2608,8.089
2609,8.096
2610,8.105
2611,8.111
2612,8.119
2613,8.126
2614,8.139
2615,8.139
2616,8.148
2617,8.161
2618,8.171
2619,8.184
2620,8.185
2621,8.186
2622,8.197
2623,8.219
2624,8.233
2625,8.240
2626,8.253
2627,8.261
2628,8.274
2629,8.275
2630,8.283
2631,8.295
2632,8.305
2633,8.317
2634,8.318
2635,8.319
2636,8.329
2637,8.347
2638,8.359
2639,8.360
2640,8.364
2641,8.376
2642,8.385
2643,8.397
2644,8.397
2645,8.406
2646,8.418
2647,8.419
2648,8.428
2649,8.439
2650,8.447
2651,8.458
2652,8.470
2653,8.472
2654,8.474
2655,8.475
2656,8.477
2657,8.479
2658,8.479
2659,8.489
2660,8.500
2661,8.502
2662,8.506
2663,8.511
2664,8.517
2665,8.556
2666,8.559
2667,8.588
2668,8.609
2669,8.629
2670,8.637
2671,8.647
2672,8.652
2673,8.659
2674,8.662
2675,8.673
2676,8.675
2677,8.676
2678,8.677
2679,8.678
2680,8.679
2681,8.680
2682,8.687
2683,8.696
2684,8.697
2685,8.700
2686,8.704
2687,8.707
2688,8.734
2689,8.736
2690,8.754
2691,8.762
2692,8.772
2693,8.776
2694,8.782
2695,8.785
2696,8.797
2697,8.810
2698,8.811
2699,8.812
2700,8.813
2701,8.814
2702,8.815
2703,8.816
2704,8.817
2705,8.818
2706,8.820
2707,8.821
2708,8.822
2709,8.824
2710,8.825
2711,8.826
2712,8.834
2713,8.842
2714,8.850
2715,8.860
2716,8.861
2717,8.867
2718,8.876
2719,8.886
2720,8.897
2721,8.898
2722,8.907
2723,8.916
2724,8.917
2725,8.924
2726,8.932
2727,8.940
2728,8.950
2729,8.951
2730,8.958
2731,8.967
2732,8.968
2733,8.972
2734,8.981
2735,8.989
2736,8.998
2737,8.999
2738,9.000
2739,9.007
2740,9.017
2741,9.018
2742,9.028
2743,9.038
2744,9.039
2745,9.046
2746,9.055
2747,9.062
2748,9.070
2749,9.071
2750,9.081
2751,9.090
2752,9.091
2753,9.097
2754,9.106
2755,9.113
2756,9.123
2757,9.123
2758,9.131
2759,9.141
2760,9.142
2761,9.143
2762,9.147
2763,9.156
2764,9.164
2765,9.174
2766,9.174
2767,9.181
2768,9.191
2769,9.191
2770,9.199
2771,9.209
2772,9.210
2773,9.218
2774,9.227
2775,9.235
2776,9.245
2777,9.253
2778,9.262
2779,9.263
2780,9.273
2781,9.283
2782,9.284
2783,9.291
2784,9.300
2785,9.304
2786,9.313
2787,9.314
2788,9.321
2789,9.330
2790,9.338
2791,9.353
2792,9.362
2793,9.374
2794,9.384
2795,9.385
2796,9.386
2797,9.392
2798,9.401
2799,9.409
2800,9.418
2801,9.426
2802,9.435
2803,9.443
2804,9.452
2805,9.460
2806,9.469
2807,9.470
2808,9.474
2809,9.475
2810,9.476
2811,9.483
2812,9.492
2813,9.501
2814,9.511
2815,9.518
2816,9.527
2817,9.528
2818,9.540
2819,9.550
2820,9.551
2821,9.559
2822,9.568
2823,9.572
2824,9.580
2825,9.589
2826,9.599
2827,9.606
2828,9.614
2829,9.614
2830,9.623
2831,9.634
2832,9.642
2833,9.654
2834,9.655
2835,9.656
2836,9.668
2837,9.681
2838,9.682
2839,9.692
2840,9.704
2841,9.710
2842,9.724
2843,9.725
2844,9.735
2845,9.749
2846,9.761
2847,9.773
2848,9.785
2849,9.799
2850,9.811
2851,9.823
2852,9.832
2853,9.845
2854,9.854
2855,9.867
2856,9.867
2857,9.876
2858,9.888
2859,9.893
2860,9.906
2861,9.907
2862,9.917
2863,9.929
2864,9.940
2865,9.952
2866,9.964
2867,9.978
2868,9.989
2869,10.001
2870,10.010
2871,10.023
2872,10.024
2873,10.033
2874,10.044
2875,10.056
2876,10.070
2877,10.071
2878,10.084
2879,10.099
2880,10.110
2881,10.122
2882,10.131
2883,10.133
2884,10.135
2885,10.135
2886,10.136
2887,10.138
2888,10.139
2889,10.146
2890,10.156
2891,10.158
2892,10.161
2893,10.165
2894,10.168
2895,10.172
2896,10.176
2897,10.207
2898,10.210
2899,10.211
2900,10.212
2901,10.213
2902,10.213
2903,10.233
2904,10.253
2905,10.257
2906,10.261
2907,10.265
2908,10.268
2909,10.271
2910,10.274
2911,10.281
2912,10.290
2913,10.293
2914,10.299
2915,10.300
2916,10.301
2917,10.302
2918,10.306
2919,10.312
2920,10.315
2921,10.328
2922,10.342
2923,10.343
2924,10.344
2925,10.345
2926,10.346
2927,10.347
2928,10.348
2929,10.349
2930,10.350
2931,10.352
2932,10.353
2933,10.354
2934,10.356
2935,10.357
2936,10.359
2937,10.367
2938,10.376
2939,10.385
2940,10.394
2941,10.395
2942,10.402
2943,10.410
2944,10.421
2945,10.432
2946,10.434
2947,10.442
2948,10.452
2949,10.453
2950,10.460
2951,10.469
2952,10.477
2953,10.486
2954,10.487
2955,10.495
2956,10.504
2957,10.505
2958,10.509
2959,10.518
2960,10.526
2961,10.535
2962,10.536
2963,10.537
2964,10.545
2965,10.554
2966,10.555
2967,10.566
2968,10.575
2969,10.576
2970,10.583
2971,10.592
2972,10.599
2973,10.607
2974,10.608
2975,10.612
2976,10.622
2977,10.623
2978,10.627
2979,10.635
2980,10.645
2981,10.655
2982,10.656
2983,10.666
2984,10.676
2985,10.677
2986,10.688
2987,10.699
2988,10.700
2989,10.701
2990,10.708
2991,10.717
2992,10.725
2993,10.735
2994,10.736
2995,10.743
2996,10.753
2997,10.754
2998,10.762
2999,10.771
3000,10.780
3001,10.789
3002,10.802
3003,10.812
3004,10.813
3005,10.820
3006,10.829
3007,10.836
3008,10.846
3009,10.846
3010,10.858
3011,10.868
3012,10.869
3013,10.870
3014,10.877
3015,10.886
3016,10.894
3017,10.903
3018,10.911
3019,10.921
3020,10.929
3021,10.938
3022,10.947
3023,10.956
3024,10.957
3025,10.961
3026,10.962
3027,10.963
3028,10.971
3029,10.980
3030,10.988
3031,10.997
3032,11.005
3033,11.014
3034,11.015
3035,11.028
3036,11.040
3037,11.041
3038,11.049
3039,11.058
3040,11.062
3041,11.071
3042,11.080
3043,11.090
3044,11.097
3045,11.106
3046,11.107
3047,11.118
3048,11.129
3049,11.138
3050,11.147
3051,11.148
3052,11.149
3053,11.157
3054,11.166
3055,11.167
3056,11.173
3057,11.181
3058,11.185
3059,11.194
3060,11.195
3061,11.205
3062,11.218
3063,11.230
3064,11.243
3065,11.256
3066,11.272
3067,11.284
3068,11.298
3069,11.309
3070,11.322
3071,11.333
3072,11.348
3073,11.349
3074,11.359
3075,11.371
3076,11.376
3077,11.390
3078,11.391
3079,11.401
3080,11.414
3081,11.424
3082,11.438
3083,11.451
3084,11.466
3085,11.477
3086,11.490
3087,11.500
3088,11.512
3089,11.513
3090,11.522
3091,11.533
3092,11.544
3093,11.557
3094,11.558
3095,11.569
3096,11.580
3097,11.590
3098,11.601
3099,11.617
3100,11.637
3101,11.638
3102,11.640
3103,11.641
3104,11.643
3105,11.644
3106,11.646
3107,11.647
3108,11.649
3109,11.651
3110,11.653
3111,11.654
3112,11.656
3113,11.658
3114,11.660
3115,11.673
3116,11.687
3117,11.696
3118,11.707
3119,11.708
3120,11.715
3121,11.725
3122,11.736
3123,11.749
3124,11.750
3125,11.762
3126,11.774
3127,11.775
3128,11.783
3129,11.792
3130,11.800
3131,11.809
3132,11.810
3133,11.818
3134,11.828
3135,11.828
3136,11.832
3137,11.841
3138,11.849
3139,11.859
3140,11.860
3141,11.860
3142,11.868
3143,11.878
3144,11.879
3145,11.890
3146,11.900
3147,11.901
3148,11.908
3149,11.917
3150,11.924
3151,11.933
3152,11.934
3153,11.944
3154,11.955
3155,11.956
3156,11.963
3157,11.973
3158,11.981
3159,11.982
3160,11.983
3161,11.994
3162,12.005
3163,12.006
3164,12.007
3165,12.014
3166,12.024
3167,12.032
3168,12.033
3169,12.034
3170,12.042
3171,12.051
3172,12.052
3173,12.060
3174,12.069
3175,12.077
3176,12.086
3177,12.097
3178,12.107
3179,12.107
3180,12.116
3181,12.124
3182,12.129
3183,12.138
3184,12.138
3185,12.146
3186,12.156
3187,12.163
3188,12.179
3189,12.187
3190,12.192
3191,12.202
3192,12.203
3193,12.207
3194,12.216
3195,12.221
3196,12.230
3197,12.231
3198,12.236
3199,12.246
3200,12.247
3201,12.258
3202,12.268
3203,12.269
3204,12.270
3205,12.277
3206,12.286
3207,12.287
3208,12.295
3209,12.305
3210,12.306
3211,12.315
3212,12.324
3213,12.332
3214,12.341
3215,12.346
3216,12.355
3217,12.356
3218,12.356
3219,12.360
3220,12.361
3221,12.362
3222,12.366
3223,12.375
3224,12.379
3225,12.389
3226,12.390
3227,12.398
3228,12.407
3229,12.408
3230,12.418
3231,12.430
3232,12.431
3233,12.443
3234,12.454
3235,12.455
3236,12.456
3237,12.467
3238,12.477
3239,12.478
3240,12.479
3241,12.487
3242,12.495
3243,12.507
3244,12.517
3245,12.517
3246,12.526
3247,12.536
3248,12.544
3249,12.554
3250,12.563
3251,12.572
3252,12.573
3253,12.587
3254,12.597
3255,12.599
3256,12.609
3257,12.618
3258,12.622
3259,12.631
3260,12.640
3261,12.651
3262,12.659
3263,12.668
3264,12.668
3265,12.676
3266,12.686
3267,12.694
3268,12.703
3269,12.703
3270,12.713
3271,12.722
3272,12.723
3273,12.730
3274,12.738
3275,12.742
3276,12.752
3277,12.752
3278,12.759
3279,12.767
3280,12.774
3281,12.786
3282,12.800
3283,12.815
3284,12.827
3285,12.840
3286,12.850
3287,12.864
3288,12.876
3289,12.890
3290,12.891
3291,12.900
3292,12.911
3293,12.916
3294,12.929
3295,12.930
3296,12.940
3297,12.953
3298,12.964
3299,12.976
3300,12.988
3301,13.002
3302,13.014
3303,13.026
3304,13.036
3305,13.049
3306,13.050
3307,13.060
3308,13.072
3309,13.083
3310,13.096
3311,13.097
3312,13.108
3313,13.122
3314,13.133
3315,13.145
3316,13.160
3317,13.177
3318,13.178
3319,13.179
3320,13.181
3321,13.182
3322,13.183
3323,13.184
3324,13.186
3325,13.187
3326,13.188
3327,13.190
3328,13.191
3329,13.192
3330,13.194
3331,13.195
3332,13.207
3333,13.208
3334,13.209
3335,13.226
3336,13.241
3337,13.251
3338,13.252
3339,13.253
3340,13.254
3341,13.265
3342,13.274
3343,13.281
3344,13.290
3345,13.295
3346,13.296
3347,13.297
3348,13.297
3349,13.301
3350,13.310
3351,13.319
3352,13.329
3353,13.338
3354,13.348
3355,13.353
3356,13.354
3357,13.358
3358,13.358
3359,13.360
3360,13.369
3361,13.378
3362,13.388
3363,13.396
3364,13.405
3365,13.410
3366,13.412
3367,13.413
3368,13.413
3369,13.418
3370,13.427
3371,13.435
3372,13.445
3373,13.452
3374,13.461
3375,13.466
3376,13.467
3377,13.468
3378,13.468
3379,13.469
3380,13.474
3381,13.476
3382,13.476
3383,13.477
3384,13.481
3385,13.482
3386,13.483
3387,13.496
3388,13.506
3389,13.507
3390,13.508
3391,13.508
3392,13.517
3393,13.518
3394,13.518
3395,13.519
3396,13.523
3397,13.524
3398,13.525
3399,13.525
3400,13.529
3401,13.531
3402,13.531
3403,13.544
3404,13.554
3405,13.555
3406,13.556
3407,13.556
3408,13.564
3409,13.573
3410,13.581
3411,13.582
3412,13.582
3413,13.583
3414,13.587
3415,13.596
3416,13.603
3417,13.613
3418,13.620
3419,13.630
3420,13.634
3421,13.635
3422,13.636
3423,13.637
3424,13.641
3425,13.651
3426,13.658
3427,13.667
3428,13.675
3429,13.684
3430,13.688
3431,13.689
3432,13.690
3433,13.691
3434,13.695
3435,13.704
3436,13.711
3437,13.721
3438,13.728
3439,13.737
3440,13.741
3441,13.743
3442,13.744
3443,13.744
3444,13.749
3445,13.758
3446,13.766
3447,13.776
3448,13.784
3449,13.793
3450,13.798
3451,13.807
3452,13.808
3453,13.809
3454,13.813
3455,13.822
3456,13.828
3457,13.829
3458,13.829
3459,13.830
3460,13.831
3461,13.835
3462,13.845
3463,13.849
3464,13.859
3465,13.863
3466,13.873
3467,13.873
3468,13.883
3469,13.895
3470,13.896
3471,13.904
3472,13.905
3473,13.906
3474,13.906
3475,13.911
3476,13.920
3477,13.921
3478,13.929
3479,13.939
3480,13.940
3481,13.948
3482,13.961
3483,13.980
3484,13.989
3485,13.990
3486,13.999
3487,14.010
3488,14.011
3489,14.015
3490,14.028
3491,14.030
3492,14.030
3493,14.031
3494,14.032
3495,14.037
3496,14.038
3497,14.039
3498,14.040
3499,14.045
3500,14.055
3501,14.059
3502,14.060
3503,14.061
3504,14.061
3505,14.070
3506,14.071
3507,14.072
3508,14.082
3509,14.083
3510,14.084
3511,14.085
3512,14.085
3513,14.090
3514,14.091
3515,14.092
3516,14.092
3517,14.103
3518,14.114
3519,14.115
3520,14.116
3521,14.131
3522,14.143
3523,14.144
3524,14.145
3525,14.159
3526,14.160
3527,14.161
3528,14.161
3529,14.162
3530,14.163
3531,14.173
3532,14.182
3533,14.183
3534,14.184
3535,14.188
3536,14.198
3537,14.202
3538,14.211
3539,14.216
3540,14.225
3541,14.229
3542,14.230
3543,14.231
3544,14.232
3545,14.236
3546,14.237
3547,14.238
3548,14.238
3549,14.243
3550,14.253
3551,14.253
3552,14.262
3553,14.263
3554,14.264
3555,14.273
3556,14.282
3557,14.286
3558,14.287
3559,14.287
3560,14.288
3561,14.292
3562,14.301
3563,14.311
3564,14.326
3565,14.336
3566,14.337
3567,14.337
3568,14.338
3569,14.339
3570,14.348
3571,14.359
3572,14.360
3573,14.368
3574,14.378
3575,14.378
3576,14.379
3577,14.380
3578,14.390
3579,14.406
3580,14.407
3581,14.419
3582,14.420
3583,14.421
3584,14.422
3585,14.427
3586,14.441
3587,14.452
3588,14.466
3589,14.476
3590,14.490
3591,14.496
3592,14.498
3593,14.499
3594,14.500
3595,14.511
3596,14.523
3597,14.532
3598,14.544
3599,14.549
3600,14.551
3601,14.552
3602,14.553
3603,14.558
3604,14.571
3605,14.581
3606,14.594
3607,14.604
3608,14.615
3609,14.620
3610,14.622
3611,14.623
3612,14.624
3613,14.629
3614,14.642
3615,14.652
3616,14.664
3617,14.675
3618,14.687
3619,14.692
3620,14.695
3621,14.696
3622,14.696
3623,14.702
3624,14.714
3625,14.723
3626,14.735
3627,14.745
3628,14.757
3629,14.772
3630,14.793
3631,14.794
3632,14.796
3633,14.797
3634,14.798
3635,14.800
3636,14.801
3637,14.802
3638,14.804
3639,14.806
3640,14.807
3641,14.809
3642,14.810
3643,14.812
3644,14.814
3645,14.822
3646,14.824
3647,14.824
3648,14.836
3649,14.838
3650,14.839
3651,14.840
3652,14.859
3653,14.875
3654,14.876
3655,14.886
3656,14.896
3657,14.905
3658,14.915
3659,14.925
3660,14.934
3661,14.938
3662,14.947
3663,14.956
3664,14.967
3665,14.976
3666,14.985
3667,14.989
3668,14.999
3669,15.008
3670,15.017
3671,15.025
3672,15.034
3673,15.038
3674,15.047
3675,15.055
3676,15.064
3677,15.072
3678,15.081
3679,15.089
3680,15.099
3681,15.106
3682,15.107
3683,15.108
3684,15.118
3685,15.135
3686,15.144
3687,15.144
3688,15.145
3689,15.146
3690,15.150
3691,15.160
3692,15.164
3693,15.173
3694,15.181
3695,15.190
3696,15.198
3697,15.207
3698,15.211
3699,15.220
3700,15.228
3701,15.238
3702,15.246
3703,15.255
3704,15.259
3705,15.268
3706,15.276
3707,15.286
3708,15.294
3709,15.303
3710,15.307
3711,15.317
3712,15.325
3713,15.335
3714,15.344
3715,15.355
3716,15.356
3717,15.357
3718,15.361
3719,15.370
3720,15.375
3721,15.376
3722,15.377
3723,15.377
3724,15.378
3725,15.383
3726,15.392
3727,15.396
3728,15.405
3729,15.409
3730,15.419
3731,15.419
3732,15.429
3733,15.440
3734,15.441
3735,15.449
3736,15.450
3737,15.451
3738,15.452
3739,15.456
3740,15.465
3741,15.466
3742,15.475
3743,15.484
3744,15.485
3745,15.493
3746,15.506
3747,15.523
3748,15.532
3749,15.533
3750,15.542
3751,15.551
3752,15.552
3753,15.556
3754,15.569
3755,15.571
3756,15.571
3757,15.572
3758,15.573
3759,15.577
3760,15.578
3761,15.579
3762,15.580
3763,15.584
3764,15.595
3765,15.599
3766,15.600
3767,15.601
3768,15.602
3769,15.606
3770,15.607
3771,15.608
3772,15.608
3773,15.618
3774,15.628
3775,15.630
3776,15.631
3777,15.641
3778,15.653
3779,15.654
3780,15.655
3781,15.669
3782,15.670
3783,15.671
3784,15.672
3785,15.673
3786,15.674
3787,15.684
3788,15.693
3789,15.693
3790,15.694
3791,15.699
3792,15.709
3793,15.713
3794,15.723
3795,15.729
3796,15.739
3797,15.740
3798,15.750
3799,15.751
3800,15.751
3801,15.760
3802,15.770
3803,15.774
3804,15.775
3805,15.776
3806,15.776
3807,15.781
3808,15.790
3809,15.800
3810,15.816
3811,15.825
3812,15.836
3813,15.846
3814,15.847
3815,15.856
3816,15.865
3817,15.866
3818,15.867
3819,15.867
3820,15.868
3821,15.873
3822,15.882
3823,15.892
3824,15.903
3825,15.904
3826,15.912
3827,15.923
3828,15.924
3829,15.924
3830,15.925
3831,15.930
3832,15.939
3833,15.943
3834,15.952
3835,15.960
3836,15.969
3837,15.976
3838,15.984
3839,15.990
3840,16.001
3841,16.011
3842,16.024
3843,16.029
3844,16.043
3845,16.054
3846,16.068
3847,16.079
3848,16.093
3849,16.098
3850,16.112
3851,16.124
3852,16.136
3853,16.147
3854,16.160
3855,16.165
3856,16.178
3857,16.189
3858,16.201
3859,16.249
3860,16.253
3861,16.254
3862,16.255
3863,16.256
3864,16.290
3865,16.323
3866,16.332
3867,16.333
3868,16.334
3869,16.334
3870,16.340
3871,16.345
3872,16.356
3873,16.361
3874,16.364
3875,16.365
3876,16.366
3877,16.367
3878,16.368
3879,16.369
3880,16.370
3881,16.370
3882,16.372
3883,16.372
3884,16.373
3885,16.379
3886,16.381
3887,16.381
3888,16.387
3889,16.388
3890,16.389
3891,16.395
3892,16.397
3893,16.398
3894,16.399
3895,16.400
3896,16.406
3897,16.411
3898,16.426
3899,16.431
3900,16.436
3901,16.437
3902,16.438
3903,16.439
3904,16.443
3905,16.445
3906,16.445
3907,16.446
3908,16.451
3909,16.456
3910,16.457
3911,16.461
3912,16.462
3913,16.462
3914,16.467
3915,16.470
3916,16.479
3917,16.482
3918,16.490
3919,16.499
3920,16.500
3921,16.504
3922,16.505
3923,16.506
3924,16.511
3925,16.521
3926,16.526
3927,16.537
3928,16.538
3929,16.542
3930,16.543
3931,16.556
3932,16.570
3933,16.571
3934,16.572
3935,16.573
3936,16.574
3937,16.575
3938,16.576
3939,16.577
3940,16.578
3941,16.579
3942,16.581
3943,16.582
3944,16.583
3945,16.585
3946,16.586
3947,16.595
3948,16.605
3949,16.617
3950,16.627
3951,16.636
3952,16.645
3953,16.652
3954,16.661
3955,16.665
3956,16.675
3957,16.683
3958,16.693
3959,16.701
3960,16.710
3961,16.714
3962,16.723
3963,16.732
3964,16.742
3965,16.751
3966,16.759
3967,16.763
3968,16.772
3969,16.780
3970,16.790
3971,16.797
3972,16.806
3973,16.814
3974,16.822
3975,16.834
3976,16.843
3977,16.844
3978,16.844
3979,16.851
3980,16.859
3981,16.863
3982,16.872
3983,16.879
3984,16.889
3985,16.896
3986,16.905
3987,16.909
3988,16.918
3989,16.926
3990,16.935
3991,16.942
3992,16.952
3993,16.956
3994,16.964
3995,16.972
3996,16.982
3997,16.989
3998,16.999
3999,17.003
4000,17.014
4001,17.022
4002,17.032
4003,17.041
4004,17.051
4005,17.052
4006,17.056
4007,17.066
4008,17.070
4009,17.079
4010,17.083
4011,17.093
4012,17.097
4013,17.098
4014,17.099
4015,17.109
4016,17.120
4017,17.121
4018,17.122
4019,17.130
4020,17.131
4021,17.132
4022,17.141
4023,17.159
4024,17.168
4025,17.169
4026,17.178
4027,17.179
4028,17.180
4029,17.181
4030,17.189
4031,17.190
4032,17.191
4033,17.202
4034,17.217
4035,17.227
4036,17.237
4037,17.249
4038,17.250
4039,17.259
4040,17.268
4041,17.269
4042,17.269
4043,17.270
4044,17.274
4045,17.283
4046,17.293
4047,17.305
4048,17.306
4049,17.315
4050,17.324
4051,17.325
4052,17.325
4053,17.326
4054,17.330
4055,17.332
4056,17.332
4057,17.336
4058,17.337
4059,17.338
4060,17.346
4061,17.347
4062,17.347
4063,17.355
4064,17.364
4065,17.372
4066,17.381
4067,17.389
4068,17.399
4069,17.402
4070,17.412
4071,17.420
4072,17.430
4073,17.438
4074,17.447
4075,17.452
4076,17.460
4077,17.468
4078,17.477
4079,17.485
4080,17.494
4081,17.498
4082,17.507
4083,17.514
4084,17.523
4085,17.534
4086,17.535
4087,17.536
4088,17.537
4089,17.538
4090,17.543
4091,17.558
4092,17.562
4093,17.563
4094,17.564
4095,17.571
4096,17.590
4097,17.604
4098,17.605
4099,17.606
4100,17.608
4101,17.616
4102,17.617
4103,17.618
4104,17.619
4105,17.620
4106,17.620
4107,17.621
4108,17.622
4109,17.624
4110,17.626
4111,17.627
4112,17.633
4113,17.647
4114,17.649
4115,17.650
4116,17.652
4117,17.663
4118,17.667
4119,17.669
4120,17.674
4121,17.678
4122,17.689
4123,17.702
4124,17.703
4125,17.704
4126,17.706
4127,17.707
4128,17.712
4129,17.716
4130,17.730
4131,17.735
4132,17.736
4133,17.745
4134,17.757
4135,17.758
4136,17.763
4137,17.766
4138,17.773
4139,17.775
4140,17.776
4141,17.776
4142,17.784
4143,17.796
4144,17.802
4145,17.815
4146,17.820
4147,17.826
4148,17.844
4149,17.849
4150,17.850
4151,17.851
4152,17.856
4153,17.862
4154,17.863
4155,17.864
4156,17.865
4157,17.867
4158,17.871
4159,17.878
4160,17.890
4161,17.898
4162,17.900
4163,17.911
4164,17.922
4165,17.932
4166,17.935
4167,17.938
4168,17.940
4169,17.941
4170,17.946
4171,17.948
4172,17.948
4173,17.949
4174,17.955
4175,17.958
4176,17.972
4177,17.977
4178,17.978
4179,17.984
4180,17.999
4181,18.002
4182,18.008
4183,18.024
4184,18.025
4185,18.027
4186,18.028
4187,18.035
4188,18.038
4189,18.047
4190,18.048
4191,18.049
4192,18.050
4193,18.055
4194,18.060
4195,18.061
4196,18.062
4197,18.063
4198,18.068
4199,18.084
4200,18.094
4201,18.094
4202,18.096
4203,18.098
4204,18.099
4205,18.101
4206,18.104
4207,18.108
4208,18.109
4209,18.111
4210,18.113
4211,18.116
4212,18.116
4213,18.122
4214,18.132
4215,18.133
4216,18.138
4217,18.140
4218,18.154
4219,18.163
4220,18.164
4221,18.165
4222,18.172
4223,18.182
4224,18.187
4225,18.196
4226,18.196
4227,18.197
4228,18.198
4229,18.198
4230,18.200
4231,18.202
4232,18.203
4233,18.204
4234,18.205
4235,18.205
4236,18.206
4237,18.206
4238,18.208
4239,18.211
4240,18.212
4241,18.225
4242,18.238
4243,18.240
4244,18.242
4245,18.246
4246,18.249
4247,18.250
4248,18.251
4249,18.251
4250,18.252
4251,18.254
4252,18.257
4253,18.258
4254,18.259
4255,18.266
4256,18.279
4257,18.289
4258,18.290
4259,18.291
4260,18.291
4261,18.292
4262,18.294
4263,18.298
4264,18.300
4265,18.303
4266,18.314
4267,18.324
4268,18.328
4269,18.331
4270,18.333
4271,18.334
4272,18.334
4273,18.335
4274,18.336
4275,18.337
4276,18.341
4277,18.344
4278,18.350
4279,18.354
4280,18.364
4281,18.368
4282,18.369
4283,18.370
4284,18.379
4285,18.383
4286,18.384
4287,18.385
4288,18.385
4289,18.389
4290,18.391
4291,18.392
4292,18.392
4293,18.393
4294,18.395
4295,18.399
4296,18.401
4297,18.401
4298,18.402
4299,18.403
4300,18.404
4301,18.408
4302,18.411
4303,18.411
4304,18.412
4305,18.415
4306,18.415
4307,18.416
4308,18.417
4309,18.418
4310,18.420
4311,18.421
4312,18.422
4313,18.422
4314,18.423
4315,18.424
4316,18.425
4317,18.425
4318,18.426
4319,18.428
4320,18.433
4321,18.442
4322,18.445
4323,18.446
4324,18.447
4325,18.448
4326,18.455
4327,18.457
4328,18.462
4329,18.471
4330,18.475
4331,18.484
4332,18.488
4333,18.489
4334,18.490
4335,18.491
4336,18.491
4337,18.499
4338,18.499
4339,18.500
4340,18.505
4341,18.506
4342,18.510
4343,18.511
4344,18.512
4345,18.518
4346,18.521
4347,18.522
4348,18.524
4349,18.525
4350,18.525
4351,18.526
4352,18.530
4353,18.532
4354,18.542
4355,18.545
4356,18.546
4357,18.554
4358,18.558
4359,18.567
4360,18.568
4361,18.569
4362,18.576
4363,18.577
4364,18.578
4365,18.579
4366,18.580
4367,18.581
4368,18.588
4369,18.591
4370,18.599
4371,18.600
4372,18.600
4373,18.601
4374,18.605
4375,18.606
4376,18.607
4377,18.607
4378,18.608
4379,18.617
4380,18.620
4381,18.621
4382,18.622
4383,18.623
4384,18.624
4385,18.625
4386,18.630
4387,18.637
4388,18.639
4389,18.644
4390,18.654
4391,18.655
4392,18.660
4393,18.662
4394,18.663
4395,18.664
4396,18.668
4397,18.681
4398,18.691
4399,18.692
4400,18.692
4401,18.696
4402,18.697
4403,18.698
4404,18.699
4405,18.701
4406,18.702
4407,18.703
4408,18.704
4409,18.708
4410,18.711
4411,18.723
4412,18.734
4413,18.735
4414,18.736
4415,18.736
4416,18.737
4417,18.738
4418,18.739
4419,18.740
4420,18.741
4421,18.742
4422,18.743
4423,18.744
4424,18.745
4425,18.746
4426,18.747
4427,18.749
4428,18.752
4429,18.759
4430,18.765
4431,18.768
4432,18.776
4433,18.785
4434,18.786
4435,18.790
4436,18.797
4437,18.799
4438,18.800
4439,18.805
4440,18.808
4441,18.809
4442,18.813
4443,18.816
4444,18.823
4445,18.825
4446,18.826
4447,18.831
4448,18.833
4449,18.838
4450,18.841
4451,18.842
4452,18.846
4453,18.848
4454,18.849
4455,18.850
4456,18.850
4457,18.851
4458,18.852
4459,18.852
4460,18.853
4461,18.857
4462,18.860
4463,18.864
4464,18.867
4465,18.880
4466,18.890
4467,18.891
4468,18.894
4469,18.897
4470,18.897
4471,18.908
4472,18.918
4473,18.919
4474,18.923
4475,18.925
4476,18.926
4477,18.926
4478,18.927
4479,18.927
4480,18.928
4481,18.934
4482,18.936
4483,18.937
4484,18.942
4485,18.944
4486,18.949
4487,18.951
4488,18.952
4489,18.956
4490,18.959
4491,18.963
4492,18.965
4493,18.966
4494,18.970
4495,18.976
4496,18.985
4497,18.986
4498,18.987
4499,18.989
4500,18.993
4501,18.995
4502,18.996
4503,18.996
4504,18.997
4505,18.998
4506,19.002
4507,19.004
4508,19.005
4509,19.006
4510,19.007
4511,19.011
4512,19.013
4513,19.025
4514,19.035
4515,19.038
4516,19.041
4517,19.042
4518,19.042
4519,19.044
4520,19.045
4521,19.045
4522,19.046
4523,19.048
4524,19.048
4525,19.049
4526,19.051
4527,19.052
4528,19.052
4529,19.053
4530,19.057
4531,19.060
4532,19.060
4533,19.064
4534,19.067
4535,19.068
4536,19.069
4537,19.070
4538,19.071
4539,19.072
4540,19.077
4541,19.079
4542,19.091
4543,19.101
4544,19.104
4545,19.107
4546,19.108
4547,19.108
4548,19.110
4549,19.111
4550,19.111
4551,19.112
4552,19.114
4553,19.114
4554,19.115
4555,19.117
4556,19.117
4557,19.118
4558,19.119
4559,19.124
4560,19.127
4561,19.127
4562,19.131
4563,19.135
4564,19.145
4565,19.146
4566,19.147
4567,19.148
4568,19.148
4569,19.149
4570,19.150
4571,19.155
4572,19.157
4573,19.158
4574,19.160
4575,19.160
4576,19.162
4577,19.162
4578,19.163
4579,19.164
4580,19.164
4581,19.165
4582,19.169
4583,19.178
4584,19.179
4585,19.188
4586,19.192
4587,19.193
4588,19.194
4589,19.207
4590,19.221
4591,19.227
4592,19.230
4593,19.231
4594,19.231
4595,19.237
4596,19.241
4597,19.242
4598,19.243
4599,19.244
4600,19.245
4601,19.246
4602,19.247
4603,19.253
4604,19.257
4605,19.270
4606,19.272
4607,19.273
4608,19.274
4609,19.284
4610,19.289
4611,19.296
4612,19.298
4613,19.299
4614,19.300
4615,19.308
4616,19.312
4617,19.313
4618,19.318
4619,19.321
4620,19.325
4621,19.328
4622,19.329
4623,19.334
4624,19.338
4625,19.339
4626,19.343
4627,19.347
4628,19.351
4629,19.355
4630,19.355
4631,19.360
4632,19.363
4633,19.368
4634,19.371
4635,19.372
4636,19.376
4637,19.379
4638,19.384
4639,19.396
4640,19.397
4641,19.398
4642,19.401
4643,19.407
4644,19.410
4645,19.415
4646,19.419
4647,19.419
4648,19.426
4649,19.429
4650,19.430
4651,19.435
4652,19.438
4653,19.439
4654,19.440
4655,19.442
4656,19.443
4657,19.444
4658,19.444
4659,19.447
4660,19.454
4661,19.457
4662,19.462
4663,19.466
4664,19.473
4665,19.478
4666,19.479
4667,19.481
4668,19.483
4669,19.487
4670,19.495
4671,19.500
4672,19.501
4673,19.505
4674,19.508
4675,19.508
4676,19.510
4677,19.511
4678,19.517
4679,19.520
4680,19.527
4681,19.532
4682,19.577
4683,19.583
4684,19.584
4685,19.585
4686,19.586
4687,19.587
4688,19.588
4689,19.589
4690,19.590
4691,19.623
4692,19.662
4693,19.669
4694,19.673
4695,19.677
4696,19.684
4697,19.687
4698,19.692
4699,19.695
4700,19.695
4701,19.696
4702,19.700
4703,19.703
4704,19.711
4705,19.720
4706,19.723
4707,19.731
4708,19.733
4709,19.739
4710,19.741
4711,19.746
4712,19.749
4713,19.750
4714,19.751
4715,19.752
4716,19.759
4717,19.761
4718,19.762
4719,19.767
4720,19.774
4721,19.786
4722,19.786
4723,19.787
4724,19.790
4725,19.804
4726,19.804
4727,19.805
4728,19.809
4729,19.811
4730,19.816
4731,19.821
4732,19.823
4733,19.827
4734,19.830
4735,19.830
4736,19.831
4737,19.833
4738,19.833
4739,19.834
4740,19.834
4741,19.836
4742,19.839
4743,19.840
4744,19.845
4745,19.848
4746,19.849
4747,19.854
4748,19.857
4749,19.861
4750,19.865
4751,19.865
4752,19.867
4753,19.870
4754,19.870
4755,19.877
4756,19.881
4757,19.886
4758,19.889
4759,19.893
4760,19.896
4761,19.902
4762,19.906
4763,19.906
4764,19.911
4765,19.912
4766,19.913
4767,19.914
4768,19.915
4769,19.915
4770,19.916
4771,19.916
4772,19.917
4773,19.920
4774,19.921
4775,19.924
4776,19.925
4777,19.926
4778,19.927
4779,19.928
4780,19.928
4781,19.929
4782,19.933
4783,19.936
4784,19.939
4785,19.942
4786,19.943
4787,19.943
4788,19.945
4789,19.948
4790,19.955
4791,19.958
4792,19.963
4793,19.966
4794,19.971
4795,19.978
4796,19.981
4797,19.986
4798,19.987
4799,19.987
4800,19.989
4801,19.992
4802,19.993
4803,19.993
4804,19.994
4805,19.999
4806,20.000
4807,20.000
4808,20.001
4809,20.002
4810,20.006
4811,20.009
4812,20.010
4813,20.013
4814,20.014
4815,20.015
4816,20.018
4817,20.019
4818,20.026
4819,20.029
4820,20.034
4821,20.037
4822,20.042
4823,20.045
4824,20.051
4825,20.054
4826,20.055
4827,20.060
4828,20.061
4829,20.062
4830,20.063
4831,20.064
4832,20.064
4833,20.065
4834,20.066
4835,20.067
4836,20.070
4837,20.070
4838,20.071
4839,20.074
4840,20.081
4841,20.085
4842,20.089
4843,20.090
4844,20.091
4845,20.091
4846,20.092
4847,20.092
4848,20.097
4849,20.100
4850,20.104
4851,20.107
4852,20.107
4853,20.108
4854,20.109
4855,20.113
4856,20.120
4857,20.124
4858,20.129
4859,20.133
4860,20.138
4861,20.141
4862,20.146
4863,20.147
4864,20.148
4865,20.153
4866,20.154
4867,20.154
4868,20.156
4869,20.159
4870,20.159
4871,20.161
4872,20.164
4873,20.165
4874,20.165
4875,20.172
4876,20.175
4877,20.181
4878,20.183
4879,20.189
4880,20.192
4881,20.198
4882,20.202
4883,20.203
4884,20.208
4885,20.209
4886,20.210
4887,20.210
4888,20.211
4889,20.212
4890,20.213
4891,20.213
4892,20.214
4893,20.217
4894,20.219
4895,20.222
4896,20.229
4897,20.233
4898,20.236
4899,20.238
4900,20.238
4901,20.239
4902,20.239
4903,20.240
4904,20.244
4905,20.248
4906,20.252
4907,20.255
4908,20.256
4909,20.257
4910,20.260
4911,20.261
4912,20.265
4913,20.268
4914,20.269
4915,20.275
4916,20.278
4917,20.284
4918,20.287
4919,20.301
4920,20.315
4921,20.316
4922,20.317
4923,20.319
4924,20.320
4925,20.321
4926,20.322
4927,20.323
4928,20.325
4929,20.326
4930,20.328
4931,20.329
4932,20.331
4933,20.332
4934,20.334
4935,20.342
4936,20.343
4937,20.343
4938,20.348
4939,20.350
4940,20.350
4941,20.351
4942,20.355
4943,20.356
4944,20.357
4945,20.366
4946,20.367
4947,20.368
4948,20.369
4949,20.369
4950,20.378
4951,20.391
4952,20.392
4953,20.393
4954,20.405
4955,20.416
4956,20.417
4957,20.424
4958,20.437
4959,20.446
4960,20.451
4961,20.460
4962,20.470
4963,20.479
4964,20.488
4965,20.497
4966,20.502
4967,20.511
4968,20.521
4969,20.531
4970,20.540
4971,20.549
4972,20.553
4973,20.563
4974,20.572
4975,20.582
4976,20.591
4977,20.601
4978,20.605
4979,20.614
4980,20.622
4981,20.632
4982,20.640
4983,20.641
4984,20.642
4985,20.643
4986,20.643
4987,20.652
4988,20.661
4989,20.669
4990,20.670
4991,20.671
4992,20.675
4993,20.684
4994,20.688
4995,20.697
4996,20.698
4997,20.702
4998,20.711
4999,20.715
5000,20.724
5001,20.733
5002,20.742
5003,20.750
5004,20.759
5005,20.763
5006,20.771
5007,20.779
5008,20.787
5009,20.794
5010,20.802
5011,20.806
5012,20.816
5013,20.828
5014,20.841
5015,20.853
5016,20.867
5017,20.872
5018,20.886
5019,20.899
5020,20.914
5021,20.927
5022,20.928
5023,20.929
5024,20.931
5025,20.932
5026,20.933
5027,20.934
5028,20.939
5029,20.951
5030,20.963
5031,20.964
5032,20.965
5033,20.978
5034,20.991
5035,20.996
5036,20.997
5037,20.998
5038,20.999
5039,21.012
5040,21.026
5041,21.027
5042,21.028
5043,21.040
5044,21.041
5045,21.042
5046,21.048
5047,21.060
5048,21.061
5049,21.073
5050,21.097
5051,21.110
5052,21.111
5053,21.123
5054,21.125
5055,21.125
5056,21.126
5057,21.127
5058,21.132
5059,21.134
5060,21.135
5061,21.136
5062,21.137
5063,21.137
5064,21.151
5065,21.165
5066,21.166
5067,21.177
5068,21.179
5069,21.180
5070,21.180
5071,21.181
5072,21.186
5073,21.198
5074,21.203
5075,21.215
5076,21.216
5077,21.222
5078,21.236
5079,21.237
5080,21.242
5081,21.257
5082,21.258
5083,21.265
5084,21.267
5085,21.268
5086,21.269
5087,21.270
5088,21.271
5089,21.277
5090,21.297
5091,21.298
5092,21.299
5093,21.311
5094,21.328
5095,21.337
5096,21.348
5097,21.359
5098,21.360
5099,21.370
5100,21.380
5101,21.381
5102,21.382
5103,21.383
5104,21.387
5105,21.398
5106,21.399
5107,21.402
5108,21.411
5109,21.412
5110,21.417
5111,21.425
5112,21.436
5113,21.446
5114,21.447
5115,21.457
5116,21.466
5117,21.467
5118,21.468
5119,21.468
5120,21.473
5121,21.482
5122,21.482
5123,21.487
5124,21.495
5125,21.496
5126,21.500
5127,21.510
5128,21.514
5129,21.523
5130,21.532
5131,21.541
5132,21.550
5133,21.559
5134,21.567
5135,21.576
5136,21.584
5137,21.593
5138,21.597
5139,21.606
5140,21.615
5141,21.624
5142,21.633
5143,21.642
5144,21.646
5145,21.655
5146,21.664
5147,21.673
5148,21.681
5149,21.690
5150,21.694
5151,21.703
5152,21.712
5153,21.721
5154,21.732
5155,21.735
5156,21.736
5157,21.737
5158,21.738
5159,21.740
5160,21.740
5161,21.747
5162,21.758
5163,21.759
5164,21.760
5165,21.761
5166,21.764
5167,21.765
5168,21.765
5169,21.770
5170,21.782
5171,21.783
5172,21.784
5173,21.785
5174,21.786
5175,21.790
5176,21.800
5177,21.801
5178,21.802
5179,21.803
5180,21.804
5181,21.805
5182,21.808
5183,21.809
5184,21.810
5185,21.815
5186,21.821
5187,21.824
5188,21.828
5189,21.837
5190,21.838
5191,21.839
5192,21.840
5193,21.845
5194,21.855
5195,21.856
5196,21.856
5197,21.858
5198,21.859
5199,21.860
5200,21.862
5201,21.863
5202,21.863
5203,21.864
5204,21.866
5205,21.868
5206,21.872
5207,21.873
5208,21.875
5209,21.876
5210,21.876
5211,21.877
5212,21.877
5213,21.879
5214,21.884
5215,21.884
5216,21.885
5217,21.890
5218,21.894
5219,21.895
5220,21.898
5221,21.901
5222,21.902
5223,21.903
5224,21.904
5225,21.910
5226,21.911
5227,21.918
5228,21.921
5229,21.955
5230,21.960
5231,21.961
5232,21.961
5233,21.962
5234,21.963
5235,21.964
5236,21.965
5237,21.965
5238,21.990
5239,22.015
5240,22.020
5241,22.022
5242,22.023
5243,22.028
5244,22.031
5245,22.036
5246,22.043
5247,22.046
5248,22.051
5249,22.052
5250,22.053
5251,22.054
5252,22.055
5253,22.058
5254,22.059
5255,22.060
5256,22.065
5257,22.067
5258,22.076
5259,22.086
5260,22.090
5261,22.091
5262,22.091
5263,22.097
5264,22.099
5265,22.105
5266,22.112
5267,22.113
5268,22.113
5269,22.114
5270,22.117
5271,22.130
5272,22.131
5273,22.131
5274,22.132
5275,22.139
5276,22.151
5277,22.171
5278,22.185
5279,22.186
5280,22.187
5281,22.188
5282,22.190
5283,22.191
5284,22.192
5285,22.193
5286,22.195
5287,22.196
5288,22.197
5289,22.199
5290,22.200
5291,22.202
5292,22.204
5293,22.212
5294,22.213
5295,22.213
5296,22.217
5297,22.219
5298,22.219
5299,22.220
5300,22.224
5301,22.225
5302,22.226
5303,22.235
5304,22.236
5305,22.237
5306,22.238
5307,22.238
5308,22.251
5309,22.267
5310,22.276
5311,22.277
5312,22.277
5313,22.282
5314,22.290
5315,22.299
5316,22.308
5317,22.317
5318,22.326
5319,22.331
5320,22.340
5321,22.350
5322,22.358
5323,22.366
5324,22.374
5325,22.378
5326,22.386
5327,22.399
5328,22.414
5329,22.427
5330,22.440
5331,22.445
5332,22.459
5333,22.472
5334,22.488
5335,22.501
5336,22.502
5337,22.503
5338,22.504
5339,22.505
5340,22.516
5341,22.527
5342,22.538
5343,22.539
5344,22.540
5345,22.545
5346,22.557
5347,22.562
5348,22.574
5349,22.575
5350,22.576
5351,22.588
5352,22.599
5353,22.611
5354,22.622
5355,22.627
5356,22.639
5357,22.650
5358,22.662
5359,22.674
5360,22.686
5361,22.690
5362,22.702
5363,22.713
5364,22.724
5365,22.735
5366,22.747
5367,22.751
5368,22.763
5369,22.774
5370,22.785
5371,22.798
5372,22.812
5373,22.818
5374,22.832
5375,22.846
5376,22.856
5377,22.866
5378,22.867
5379,22.867
5380,22.868
5381,22.869
5382,22.870
5383,22.871
5384,22.872
5385,22.873
5386,22.874
5387,22.878
5388,22.887
5389,22.897
5390,22.898
5391,22.898
5392,22.908
5393,22.909
5394,22.910
5395,22.910
5396,22.911
5397,22.916
5398,22.917
5399,22.918
5400,22.918
5401,22.919
5402,22.920
5403,22.932
5404,22.942
5405,22.943
5406,22.951
5407,22.952
5408,22.953
5409,22.954
5410,22.958
5411,22.966
5412,22.977
5413,22.977
5414,22.978
5415,22.979
5416,22.980
5417,22.980
5418,22.990
5419,22.999
5420,22.999
5421,23.000
5422,23.005
5423,23.015
5424,23.016
5425,23.019
5426,23.028
5427,23.032
5428,23.033
5429,23.034
5430,23.035
5431,23.035
5432,23.040
5433,23.049
5434,23.060
5435,23.071
5436,23.072
5437,23.073
5438,23.081
5439,23.082
5440,23.083
5441,23.087
5442,23.096
5443,23.097
5444,23.101
5445,23.102
5446,23.103
5447,23.107
5448,23.118
5449,23.119
5450,23.120
5451,23.120
5452,23.125
5453,23.134
5454,23.146
5455,23.156
5456,23.157
5457,23.158
5458,23.167
5459,23.168
5460,23.169
5461,23.173
5462,23.182
5463,23.183
5464,23.184
5465,23.184
5466,23.189
5467,23.190
5468,23.191
5469,23.192
5470,23.193
5471,23.193
5472,23.198
5473,23.206
5474,23.217
5475,23.227
5476,23.228
5477,23.228
5478,23.237
5479,23.238
5480,23.239
5481,23.243
5482,23.252
5483,23.253
5484,23.262
5485,23.280
5486,23.289
5487,23.289
5488,23.299
5489,23.300
5490,23.300
5491,23.301
5492,23.302
5493,23.306
5494,23.307
5495,23.308
5496,23.308
5497,23.312
5498,23.321
5499,23.325
5500,23.335
5501,23.336
5502,23.346
5503,23.356
5504,23.357
5505,23.366
5506,23.384
5507,23.392
5508,23.393
5509,23.402
5510,23.411
5511,23.417
5512,23.427
5513,23.428
5514,23.433
5515,23.443
5516,23.447
5517,23.448
5518,23.449
5519,23.450
5520,23.451
5521,23.455
5522,23.464
5523,23.476
5524,23.487
5525,23.488
5526,23.499
5527,23.508
5528,23.509
5529,23.510
5530,23.511
5531,23.516
5532,23.525
5533,23.537
5534,23.548
5535,23.549
5536,23.559
5537,23.569
5538,23.570
5539,23.570
5540,23.571
5541,23.576
5542,23.585
5543,23.589
5544,23.599
5545,23.608
5546,23.618
5547,23.627
5548,23.636
5549,23.645
5550,23.653
5551,23.662
5552,23.671
5553,23.675
5554,23.684
5555,23.694
5556,23.703
5557,23.713
5558,23.722
5559,23.726
5560,23.734
5561,23.743
5562,23.751
5563,23.760
5564,23.770
5565,23.773
5566,23.782
5567,23.791
5568,23.799
5569,23.835
5570,23.839
5571,23.840
5572,23.841
5573,23.842
5574,23.843
5575,23.843
5576,23.844
5577,23.845
5578,23.846
5579,23.847
5580,23.871
5581,23.893
5582,23.899
5583,23.899
5584,23.900
5585,23.901
5586,23.902
5587,23.902
5588,23.903
5589,23.904
5590,23.905
5591,23.905
5592,23.913
5593,23.914
5594,23.915
5595,23.916
5596,23.917
5597,23.924
5598,23.930
5599,23.932
5600,23.934
5601,23.934
5602,23.935
5603,23.936
5604,23.938
5605,23.939
5606,23.939
5607,23.940
5608,23.942
5609,23.946
5610,23.948
5611,23.949
5612,23.949
5613,23.951
5614,23.956
5615,23.960
5616,23.962
5617,23.966
5618,23.980
5619,23.985
5620,23.987
5621,23.992
5622,23.998
5623,23.999
5624,24.015
5625,24.034
5626,24.035
5627,24.037
5628,24.038
5629,24.039
5630,24.040
5631,24.042
5632,24.043
5633,24.044
5634,24.046
5635,24.047
5636,24.049
5637,24.050
5638,24.051
5639,24.053
5640,24.063
5641,24.064
5642,24.065
5643,24.077
5644,24.089
5645,24.107
5646,24.119
5647,24.120
5648,24.132
5649,24.133
5650,24.133
5651,24.134
5652,24.147
5653,24.149
5654,24.149
5655,24.151
5656,24.163
5657,24.175
5658,24.188
5659,24.190
5660,24.191
5661,24.192
5662,24.203
5663,24.215
5664,24.226
5665,24.228
5666,24.229
5667,24.229
5668,24.240
5669,24.251
5670,24.256
5671,24.258
5672,24.259
5673,24.260
5674,24.271
5675,24.283
5676,24.300
5677,24.312
5678,24.313
5679,24.314
5680,24.325
5681,24.327
5682,24.328
5683,24.329
5684,24.342
5685,24.357
5686,24.371
5687,24.373
5688,24.374
5689,24.375
5690,24.388
5691,24.398
5692,24.406
5693,24.407
5694,24.408
5695,24.409
5696,24.417
5697,24.426
5698,24.435
5699,24.436
5700,24.436
5701,24.437
5702,24.446
5703,24.454
5704,24.460
5705,24.461
5706,24.461
5707,24.462
5708,24.463
5709,24.467
5710,24.477
5711,24.488
5712,24.489
5713,24.490
5714,24.499
5715,24.500
5716,24.500
5717,24.501
5718,24.511
5719,24.521
5720,24.522
5721,24.531
5722,24.540
5723,24.541
5724,24.544
5725,24.545
5726,24.546
5727,24.547
5728,24.558
5729,24.574
5730,24.575
5731,24.576
5732,24.577
5733,24.588
5734,24.598
5735,24.599
5736,24.607
5737,24.616
5738,24.617
5739,24.617
5740,24.618
5741,24.622
5742,24.623
5743,24.624
5744,24.624
5745,24.635
5746,24.645
5747,24.646
5748,24.655
5749,24.664
5750,24.664
5751,24.665
5752,24.666
5753,24.675
5754,24.676
5755,24.677
5756,24.677
5757,24.685
5758,24.694
5759,24.702
5760,24.703
5761,24.704
5762,24.705
5763,24.713
5764,24.714
5765,24.715
5766,24.716
5767,24.724
5768,24.732
5769,24.741
5770,24.742
5771,24.743
5772,24.743
5773,24.751
5774,24.760
5775,24.769
5776,24.770
5777,24.770
5778,24.771
5779,24.779
5780,24.787
5781,24.801
5782,24.802
5783,24.803
5784,24.804
5785,24.805
5786,24.810
5787,24.811
5788,24.811
5789,24.816
5790,24.827
5791,24.830
5792,24.830
5793,24.831
5794,24.836
5795,24.848
5796,24.849
5797,24.850
5798,24.851
5799,24.851
5800,24.855
5801,24.864
5802,24.865
5803,24.866
5804,24.867
5805,24.869
5806,24.873
5807,24.874
5808,24.875
5809,24.875
5810,24.876
5811,24.876
5812,24.877
5813,24.878
5814,24.883
5815,24.893
5816,24.902
5817,24.903
5818,24.904
5819,24.908
5820,24.917
5821,24.918
5822,24.919
5823,24.921
5824,24.922
5825,24.923
5826,24.924
5827,24.933
5828,24.937
5829,24.942
5830,24.944
5831,24.954
5832,24.964
5833,24.965
5834,24.966
5835,24.967
5836,24.968
5837,24.973
5838,24.976
5839,24.987
5840,24.991
5841,24.996
5842,24.998
5843,25.007
5844,25.015
5845,25.016
5846,25.018
5847,25.018
5848,25.019
5849,25.020
5850,25.026
5851,25.036
5852,25.039
5853,25.049
5854,25.053
5855,25.058
5856,25.072
5857,25.076
5858,25.077
5859,25.078
5860,25.082
5861,25.086
5862,25.091
5863,25.100
5864,25.106
5865,25.108
5866,25.116
5867,25.125
5868,25.132
5869,25.134
5870,25.136
5871,25.138
5872,25.138
5873,25.142
5874,25.143
5875,25.144
5876,25.145
5877,25.150
5878,25.152
5879,25.163
5880,25.166
5881,25.167
5882,25.171
5883,25.181
5884,25.183
5885,25.186
5886,25.195
5887,25.196
5888,25.196
5889,25.197
5890,25.204
5891,25.206
5892,25.215
5893,25.216
5894,25.217
5895,25.218
5896,25.223
5897,25.227
5898,25.228
5899,25.229
5900,25.230
5901,25.236
5902,25.249
5903,25.258
5904,25.259
5905,25.260
5906,25.262
5907,25.263
5908,25.265
5909,25.267
5910,25.268
5911,25.269
5912,25.270
5913,25.271
5914,25.271
5915,25.272
5916,25.274
5917,25.275
5918,25.281
5919,25.290
5920,25.291
5921,25.291
5922,25.297
5923,25.299
5924,25.313
5925,25.322
5926,25.323
5927,25.324
5928,25.338
5929,25.349
5930,25.351
5931,25.352
5932,25.367
5933,25.378
5934,25.380
5935,25.381
5936,25.389
5937,25.397
5938,25.399
5939,25.400
5940,25.400
5941,25.401
5942,25.402
5943,25.403
5944,25.403
5945,25.404
5946,25.405
5947,25.405
5948,25.407
5949,25.410
5950,25.411
5951,25.422
5952,25.433
5953,25.434
5954,25.435
5955,25.436
5956,25.437
5957,25.438
5958,25.439
5959,25.440
5960,25.441
5961,25.442
5962,25.443
5963,25.444
5964,25.446
5965,25.448
5966,25.449
5967,25.451
5968,25.462
5969,25.463
5970,25.464
5971,25.465
5972,25.466
5973,25.478
5974,25.479
5975,25.480
5976,25.481
5977,25.482
5978,25.492
5979,25.497
5980,25.509
5981,25.510
5982,25.512
5983,25.513
5984,25.514
5985,25.524
5986,25.529
5987,25.541
5988,25.542
5989,25.543
5990,25.545
5991,25.546
5992,25.555
5993,25.559
5994,25.561
5995,25.564
5996,25.566
5997,25.567
5998,25.568
5999,25.578
6000,25.581
6001,25.601
6002,25.615
6003,25.624
6004,25.625
6005,25.626
6006,25.627
6007,25.628
6008,25.637
6009,25.640
6010,25.649
6011,25.650
6012,25.651
6013,25.652
6014,25.653
6015,25.662
6016,25.665
6017,25.674
6018,25.675
6019,25.676
6020,25.677
6021,25.678
6022,25.687
6023,25.690
6024,25.699
6025,25.701
6026,25.702
6027,25.703
6028,25.704
6029,25.713
6030,25.717
6031,25.719
6032,25.720
6033,25.721
6034,25.722
6035,25.723
6036,25.724
6037,25.729
6038,25.739
6039,25.740
6040,25.741
6041,25.752
6042,25.753
6043,25.754
6044,25.755
6045,25.756
6046,25.768
6047,25.774
6048,25.775
6049,25.784
6050,25.787
6051,25.789
6052,25.792
6053,25.793
6054,25.794
6055,25.795
6056,25.796
6057,25.797
6058,25.816
6059,25.830
6060,25.838
6061,25.840
6062,25.841
6063,25.842
6064,25.843
6065,25.855
6066,25.861
6067,25.862
6068,25.873
6069,25.878
6070,25.879
6071,25.880
6072,25.881
6073,25.883
6074,25.885
6075,25.886
6076,25.887
6077,25.888
6078,25.902
6079,25.909
6080,25.911
6081,25.922
6082,25.926
6083,25.928
6084,25.929
6085,25.930
6086,25.941
6087,25.942
6088,25.943
6089,25.944
6090,25.945
6091,25.951
6092,25.954
6093,25.961
6094,25.962
6095,25.963
6096,25.963
6097,25.964
6098,25.971
6099,25.972
6100,25.973
6101,25.974
6102,25.975
6103,25.981
6104,25.984
6105,25.991
6106,25.991
6107,25.993
6108,25.993
6109,25.994
6110,26.001
6111,26.003
6112,26.010
6113,26.011
6114,26.012
6115,26.013
6116,26.014
6117,26.021
6118,26.024
6119,26.026
6120,26.027
6121,26.028
6122,26.028
6123,26.029
6124,26.030
6125,26.031
6126,26.034
6127,26.037
6128,26.038
6129,26.039
6130,26.040
6131,26.048
6132,26.059
6133,26.063
6134,26.064
6135,26.070
6136,26.072
6137,26.073
6138,26.075
6139,26.077
6140,26.080
6141,26.081
6142,26.082
6143,26.087
6144,26.089
6145,26.097
6146,26.100
6147,26.112
6148,26.117
6149,26.118
6150,26.119
6151,26.129
6152,26.133
6153,26.133
6154,26.134
6155,26.135
6156,26.140
6157,26.144
6158,26.145
6159,26.146
6160,26.146
6161,26.147
6162,26.148
6163,26.148
6164,26.149
6165,26.150
6166,26.150
6167,26.152
6168,26.154
6169,26.155
6170,26.156
6171,26.158
6172,26.159
6173,26.160
6174,26.161
6175,26.161
6176,26.164
6177,26.168
6178,26.178
6179,26.185
6180,26.196
6181,26.205
6182,26.214
6183,26.223
6184,26.224
6185,26.225
6186,26.226
6187,26.227
6188,26.232
6189,26.241
6190,26.244
6191,26.246
6192,26.248
6193,26.250
6194,26.253
6195,26.253
6196,26.254
6197,26.255
6198,26.256
6199,26.256
6200,26.257
6201,26.258
6202,26.259
6203,26.261
6204,26.265
6205,26.267
6206,26.269
6207,26.271
6208,26.273
6209,26.274
6210,26.275
6211,26.277
6212,26.278
6213,26.280
6214,26.283
6215,26.292
6216,26.295
6217,26.296
6218,26.297
6219,26.297
6220,26.304
6221,26.307
6222,26.311
6223,26.320
6224,26.324
6225,26.332
6226,26.337
6227,26.337
6228,26.338
6229,26.339
6230,26.340
6231,26.347
6232,26.348
6233,26.349
6234,26.354
6235,26.354
6236,26.359
6237,26.360
6238,26.361
6239,26.367
6240,26.369
6241,26.370
6242,26.372
6243,26.373
6244,26.373
6245,26.374
6246,26.379
6247,26.381
6248,26.392
6249,26.395
6250,26.396
6251,26.406
6252,26.409
6253,26.419
6254,26.420
6255,26.421
6256,26.428
6257,26.429
6258,26.429
6259,26.430
6260,26.431
6261,26.432
6262,26.440
6263,26.442
6264,26.450
6265,26.451
6266,26.452
6267,26.452
6268,26.467
6269,26.468
6270,26.469
6271,26.470
6272,26.471
6273,26.477
6274,26.477
6275,26.478
6276,26.479
6277,26.479
6278,26.480
6279,26.480
6280,26.481
6281,26.482
6282,26.482
6283,26.487
6284,26.488
6285,26.489
6286,26.490
6287,26.490
6288,26.501
6289,26.502
6290,26.507
6291,26.511
6292,26.512
6293,26.513
6294,26.519
6295,26.535
6296,26.536
6297,26.538
6298,26.538
6299,26.539
6300,26.544
6301,26.554
6302,26.555
6303,26.556
6304,26.557
6305,26.560
6306,26.562
6307,26.567
6308,26.568
6309,26.573
6310,26.586
6311,26.595
6312,26.596
6313,26.596
6314,26.599
6315,26.600
6316,26.601
6317,26.602
6318,26.603
6319,26.603
6320,26.614
6321,26.618
6322,26.627
6323,26.637
6324,26.637
6325,26.638
6326,26.640
6327,26.641
6328,26.651
6329,26.655
6330,26.664
6331,26.674
6332,26.675
6333,26.677
6334,26.679
6335,26.681
6336,26.685
6337,26.686
6338,26.687
6339,26.688
6340,26.691
6341,26.694
6342,26.699
6343,26.708
6344,26.720
6345,26.721
6346,26.722
6347,26.723
6348,26.725
6349,26.729
6350,26.730
6351,26.732
6352,26.733
6353,26.733
6354,26.735
6355,26.747
6356,26.753
6357,26.754
6358,26.760
6359,26.761
6360,26.762
6361,26.764
6362,26.769
6363,26.770
6364,26.772
6365,26.773
6366,26.773
6367,26.784
6368,26.794
6369,26.799
6370,26.799
6371,26.800
6372,26.801
6373,26.803
6374,26.808
6375,26.808
6376,26.810
6377,26.811
6378,26.812
6379,26.813
6380,26.816
6381,26.821
6382,26.824
6383,26.828
6384,26.829
6385,26.835
6386,26.844
6387,26.849
6388,26.849
6389,26.850
6390,26.856
6391,26.858
6392,26.865
6393,26.872
6394,26.873
6395,26.876
6396,26.884
6397,26.889
6398,26.894
6399,26.939
6400,26.939
6401,26.939
6402,26.939
6403,26.939
6404,26.939
6405,26.939
6406,26.939
6407,26.939
6408,26.939
6409,26.939
6410,26.939
6411,26.940
6412,26.940
6413,26.949
6414,26.958
6415,26.971
6416,26.972
6417,26.974
6418,26.978
6419,26.979
6420,26.981
6421,26.991
6422,26.993
6423,26.997
6424,27.011
6425,27.012
6426,27.014
6427,27.015
6428,27.022
6429,27.024
6430,27.036
6431,27.037
6432,27.038
6433,27.039
6434,27.047
6435,27.055
6436,27.056
6437,27.057
6438,27.059
6439,27.060
6440,27.066
6441,27.090
6442,27.105
6443,27.106
6444,27.108
6445,27.113
6446,27.115
6447,27.119
6448,27.121
6449,27.127
6450,27.132
6451,27.141
6452,27.144
6453,27.148
6454,27.150
6455,27.154
6456,27.155
6457,27.164
6458,27.180
6459,27.181
6460,27.202
6461,27.216
6462,27.217
6463,27.218
6464,27.231
6465,27.245
6466,27.253
6467,27.265
6468,27.266
6469,27.267
6470,27.268
6471,27.269
6472,27.272
6473,27.276
6474,27.277
6475,27.278
6476,27.279
6477,27.280
6478,27.281
6479,27.282
6480,27.285
6481,27.292
6482,27.293
6483,27.295
6484,27.301
6485,27.303
6486,27.304
6487,27.305
6488,27.306
6489,27.312
6490,27.321
6491,27.322
6492,27.324
6493,27.325
6494,27.327
6495,27.340
6496,27.362
6497,27.370
6498,27.371
6499,27.381
6500,27.387
6501,27.388
6502,27.392
6503,27.394
6504,27.398
6505,27.402
6506,27.404
6507,27.405
6508,27.406
6509,27.408
6510,27.414
6511,27.415
6512,27.416
6513,27.416
6514,27.418
6515,27.419
6516,27.420
6517,27.421
6518,27.422
6519,27.423
6520,27.424
6521,27.429
6522,27.436
6523,27.451
6524,27.459
6525,27.460
6526,27.462
6527,27.470
6528,27.472
6529,27.473
6530,27.475
6531,27.475
6532,27.476
6533,27.494
6534,27.501
6535,27.509
6536,27.515
6537,27.516
6538,27.517
6539,27.518
6540,27.519
6541,27.542
6542,27.553
6543,27.554
6544,27.556
6545,27.567
6546,27.574
6547,27.576
6548,27.578
6549,27.579
6550,27.579
6551,27.594
6552,27.598
6553,27.599
6554,27.604
6555,27.607
6556,27.610
6557,27.615
6558,27.626
6559,27.633
6560,27.634
6561,27.646
6562,27.657
6563,27.658
6564,27.671
6565,27.681
6566,27.681
6567,27.693
6568,27.697
6569,27.698
6570,27.703
6571,27.706
6572,27.708
6573,27.713
6574,27.725
6575,27.732
6576,27.733
6577,27.745
6578,27.755
6579,27.756
6580,27.767
6581,27.778
6582,27.779
6583,27.782
6584,27.791
6585,27.796
6586,27.798
6587,27.799
6588,27.801
6589,27.801
6590,27.802
6591,27.803
6592,27.804
6593,27.808
6594,27.812
6595,27.813
6596,27.814
6597,27.819
6598,27.821
6599,27.822
6600,27.823
6601,27.824
6602,27.829
6603,27.835
6604,27.839
6605,27.842
6606,27.856
6607,27.868
6608,27.869
6609,27.881
6610,27.890
6611,27.896
6612,27.908
6613,27.909
6614,27.910
6615,27.911
6616,27.913
6617,27.922
6618,27.934
6619,27.941
6620,27.945
6621,27.949
6622,27.953
6623,27.959
6624,27.960
6625,27.962
6626,27.966
6627,27.970
6628,27.974
6629,27.979
6630,27.983
6631,27.984
6632,27.988
6633,27.992
6634,27.993
6635,27.997
6636,28.002
6637,28.014
6638,28.017
6639,28.019
6640,28.020
6641,28.021
6642,28.031
6643,28.033
6644,28.040
6645,28.049
6646,28.054
6647,28.064
6648,28.069
6649,28.070
6650,28.071
6651,28.072
6652,28.072
6653,28.081
6654,28.082
6655,28.082
6656,28.088
6657,28.103
6658,28.104
6659,28.105
6660,28.112
6661,28.116
6662,28.117
6663,28.119
6664,28.120
6665,28.121
6666,28.122
6667,28.124
6668,28.139
6669,28.143
6670,28.144
6671,28.155
6672,28.159
6673,28.171
6674,28.172
6675,28.173
6676,28.182
6677,28.183
6678,28.184
6679,28.185
6680,28.186
6681,28.188
6682,28.197
6683,28.200
6684,28.210
6685,28.211
6686,28.211
6687,28.212
6688,28.227
6689,28.239
6690,28.240
6691,28.241
6692,28.242
6693,28.243
6694,28.244
6695,28.245
6696,28.247
6697,28.248
6698,28.249
6699,28.250
6700,28.251
6701,28.253
6702,28.254
6703,28.256
6704,28.264
6705,28.265
6706,28.266
6707,28.270
6708,28.271
6709,28.272
6710,28.273
6711,28.277
6712,28.278
6713,28.279
6714,28.289
6715,28.290
6716,28.291
6717,28.291
6718,28.292
6719,28.307
6720,28.324
6721,28.334
6722,28.335
6723,28.335
6724,28.345
6725,28.354
6726,28.366
6727,28.376
6728,28.386
6729,28.395
6730,28.406
6731,28.417
6732,28.427
6733,28.437
6734,28.448
6735,28.458
6736,28.468
6737,28.477
6738,28.482
6739,28.491
6740,28.492
6741,28.493
6742,28.494
6743,28.503
6744,28.513
6745,28.522
6746,28.523
6747,28.524
6748,28.533
6749,28.545
6750,28.555
6751,28.565
6752,28.576
6753,28.586
6754,28.596
6755,28.606
6756,28.616
6757,28.626
6758,28.636
6759,28.645
6760,28.656
6761,28.665
6762,28.674
6763,28.683
6764,28.688
6765,28.697
6766,28.698
6767,28.698
6768,28.702
6769,28.710
6770,28.720
6771,28.720
6772,28.721
6773,28.732
6774,28.733
6775,28.734
6776,28.735
6777,28.752
6778,28.766
6779,28.768
6780,28.782
6781,28.802
6782,28.804
6783,28.805
6784,28.806
6785,28.807
6786,28.813
6787,28.815
6788,28.816
6789,28.817
6790,28.819
6791,28.825
6792,28.839
6793,28.840
6794,28.857
6795,28.871
6796,28.872
6797,28.897
6798,28.898
6799,28.899
6800,28.901
6801,28.902
6802,28.903
6803,28.918
6804,28.932
6805,28.933
6806,28.949
6807,28.963
6808,28.964
6809,28.978
6810,28.993
6811,28.994
6812,28.995
6813,28.996
6814,28.997
6815,29.003
6816,29.005
6817,29.006
6818,29.013
6819,29.027
6820,29.028
6821,29.034
6822,29.048
6823,29.049
6824,29.054
6825,29.056
6826,29.057
6827,29.058
6828,29.077
6829,29.101
6830,29.114
6831,29.115
6832,29.116
6833,29.117
6834,29.133
6835,29.147
6836,29.149
6837,29.162
6838,29.175
6839,29.176
6840,29.177
6841,29.178
6842,29.197
6843,29.214
6844,29.216
6845,29.232
6846,29.244
6847,29.254
6848,29.265
6849,29.275
6850,29.286
6851,29.297
6852,29.307
6853,29.320
6854,29.332
6855,29.343
6856,29.354
6857,29.365
6858,29.375
6859,29.385
6860,29.395
6861,29.404
6862,29.413
6863,29.455
6864,29.459
6865,29.460
6866,29.461
6867,29.490
6868,29.519
6869,29.526
6870,29.528
6871,29.528
6872,29.530
6873,29.530
6874,29.532
6875,29.539
6876,29.539
6877,29.540
6878,29.541
6879,29.547
6880,29.549
6881,29.549
6882,29.551
6883,29.554
6884,29.595
6885,29.599
6886,29.600
6887,29.601
6888,29.601
6889,29.631
6890,29.659
6891,29.667
6892,29.668
6893,29.669
6894,29.676
6895,29.677
6896,29.678
6897,29.679
6898,29.682
6899,29.721
6900,29.726
6901,29.727
6902,29.727
6903,29.728
6904,29.729
6905,29.756
6906,29.784
6907,29.793
6908,29.803
6909,29.813
6910,29.823
6911,29.828
6912,29.841
6913,29.844
6914,29.845
6915,29.846
6916,29.848
6917,29.850
6918,29.851
6919,29.859
6920,29.862
6921,29.863
6922,29.864
6923,29.869
6924,29.884
6925,29.885
6926,29.885
6927,29.886
6928,29.891
6929,29.902
6930,29.903
6931,29.903
6932,29.904
6933,29.906
6934,29.908
6935,29.910
6936,29.910
6937,29.911
6938,29.918
6939,29.931
6940,29.940
6941,29.941
6942,29.942
6943,29.948
6944,29.957
6945,29.974
6946,29.986
6947,29.987
6948,29.988
6949,29.989
6950,29.990
6951,29.991
6952,29.992
6953,29.993
6954,29.994
6955,29.995
6956,29.996
6957,29.997
6958,29.998
6959,29.999
6960,30.000
6961,30.002
6962,30.013
6963,30.023
6964,30.024
6965,30.037
6966,30.047
6967,30.048
6968,30.056
6969,30.058
6970,30.071
6971,30.082
6972,30.083
6973,30.090
6974,30.093
6975,30.105
6976,30.116
6977,30.117
6978,30.124
6979,30.127
6980,30.142
6981,30.152
6982,30.153
6983,30.154
6984,30.155
6985,30.162
6986,30.165
6987,30.175
6988,30.185
6989,30.186
6990,30.186
6991,30.193
6992,30.197
6993,30.213
6994,30.224
6995,30.225
6996,30.226
6997,30.227
6998,30.233
6999,30.236
7000,30.243
7001,30.245
7002,30.255
7003,30.265
7004,30.266
7005,30.267
7006,30.278
7007,30.288
7008,30.289
7009,30.295
7010,30.298
7011,30.313
7012,30.322
7013,30.323
7014,30.324
7015,30.325
7016,30.329
7017,30.332
7018,30.338
7019,30.340
7020,30.350
7021,30.359
7022,30.360
7023,30.370
7024,30.374
7025,30.403
7026,30.405
7027,30.407
7028,30.408
7029,30.410
7030,30.412
7031,30.413
7032,30.415
7033,30.425
7034,30.430
7035,30.431
7036,30.433
7037,30.439
7038,30.453
7039,30.454
7040,30.456
7041,30.469
7042,30.474
7043,30.476
7044,30.486
7045,30.499
7046,30.503
7047,30.504
7048,30.514
7049,30.516
7050,30.517
7051,30.518
7052,30.535
7053,30.549
7054,30.550
7055,30.558
7056,30.563
7057,30.576
7058,30.588
7059,30.590
7060,30.603
7061,30.617
7062,30.618
7063,30.625
7064,30.629
7065,30.643
7066,30.674
7067,30.674
7068,30.674
7069,30.674
7070,30.684
7071,30.698
7072,30.700
7073,30.706
7074,30.710
7075,30.726
7076,30.740
7077,30.741
7078,30.742
7079,30.743
7080,30.744
7081,30.745
7082,30.746
7083,30.747
7084,30.748
7085,30.749
7086,30.750
7087,30.751
7088,30.752
7089,30.753
7090,30.755
7091,30.756
7092,30.763
7093,30.774
7094,30.789
7095,30.803
7096,30.811
7097,30.814
7098,30.815
7099,30.824
7100,30.829
7101,30.839
7102,30.844
7103,30.845
7104,30.846
7105,30.849
7106,30.856
7107,30.872
7108,30.873
7109,30.874
7110,30.892
7111,30.895
7112,30.895
7113,30.902
7114,30.904
7115,30.912
7116,30.915
7117,30.923
7118,30.926
7119,30.927
7120,30.933
7121,30.936
7122,30.936
7123,30.937
7124,30.939
7125,30.940
7126,30.948
7127,30.950
7128,30.951
7129,30.957
7130,30.960
7131,30.960
7132,30.962
7133,30.964
7134,30.969
7135,30.979
7136,30.980
7137,30.981
7138,30.996
7139,30.999
7140,30.999
7141,31.006
7142,31.008
7143,31.016
7144,31.019
7145,31.027
7146,31.031
7147,31.031
7148,31.038
7149,31.040
7150,31.041
7151,31.042
7152,31.043
7153,31.044
7154,31.053
7155,31.056
7156,31.056
7157,31.063
7158,31.065
7159,31.066
7160,31.067
7161,31.070
7162,31.071
7163,31.072
7164,31.073
7165,31.086
7166,31.089
7167,31.090
7168,31.099
7169,31.101
7170,31.109
7171,31.112
7172,31.113
7173,31.121
7174,31.124
7175,31.125
7176,31.132
7177,31.135
7178,31.136
7179,31.143
7180,31.146
7181,31.147
7182,31.153
7183,31.156
7184,31.158
7185,31.159
7186,31.160
7187,31.161
7188,31.164
7189,31.165
7190,31.166
7191,31.167
7192,31.180
7193,31.183
7194,31.183
7195,31.191
7196,31.194
7197,31.202
7198,31.204
7199,31.205
7200,31.211
7201,31.214
7202,31.215
7203,31.221
7204,31.224
7205,31.225
7206,31.231
7207,31.233
7208,31.235
7209,31.236
7210,31.237
7211,31.238
7212,31.241
7213,31.242
7214,31.244
7215,31.244
7216,31.257
7217,31.260
7218,31.261
7219,31.266
7220,31.269
7221,31.270
7222,31.277
7223,31.280
7224,31.280
7225,31.290
7226,31.299
7227,31.300
7228,31.300
7229,31.302
7230,31.303
7231,31.304
7232,31.305
7233,31.312
7234,31.315
7235,31.316
7236,31.323
7237,31.326
7238,31.333
7239,31.336
7240,31.337
7241,31.344
7242,31.346
7243,31.347
7244,31.357
7245,31.362
7246,31.362
7247,31.369
7248,31.372
7249,31.373
7250,31.375
7251,31.375
7252,31.376
7253,31.379
7254,31.380
7255,31.381
7256,31.382
7257,31.394
7258,31.396
7259,31.397
7260,31.402
7261,31.405
7262,31.406
7263,31.413
7264,31.416
7265,31.416
7266,31.426
7267,31.435
7268,31.436
7269,31.437
7270,31.438
7271,31.440
7272,31.440
7273,31.441
7274,31.448
7275,31.451
7276,31.452
7277,31.459
7278,31.462
7279,31.469
7280,31.472
7281,31.473
7282,31.480
7283,31.483
7284,31.483
7285,31.489
7286,31.491
7287,31.492
7288,31.497
7289,31.499
7290,31.500
7291,31.501
7292,31.503
7293,31.504
7294,31.506
7295,31.507
7296,31.518
7297,31.521
7298,31.522
7299,31.530
7300,31.533
7301,31.540
7302,31.543
7303,31.544
7304,31.550
7305,31.553
7306,31.554
7307,31.560
7308,31.563
7309,31.564
7310,31.569
7311,31.572
7312,31.578
7313,31.580
7314,31.581
7315,31.586
7316,31.589
7317,31.591
7318,31.596
7319,31.597
7320,31.599
7321,31.604
7322,31.608
7323,31.620
7324,31.624
7325,31.632
7326,31.640
7327,31.642
7328,31.643
7329,31.643
7330,31.645
7331,31.649
7332,31.689
7333,31.691
7334,31.692
7335,31.692
7336,31.693
7337,31.694
7338,31.694
7339,31.721
7340,31.750
7341,31.758
7342,31.767
7343,31.771
7344,31.772
7345,31.776
7346,31.777
7347,31.778
7348,31.789
7349,31.793
7350,31.802
7351,31.812
7352,31.815
7353,31.821
7354,31.822
7355,31.824
7356,31.825
7357,31.832
7358,31.838
7359,31.846
7360,31.860
7361,31.863
7362,31.864
7363,31.865
7364,31.866
7365,31.867
7366,31.868
7367,31.875
7368,31.878
7369,31.878
7370,31.879
7371,31.884
7372,31.896
7373,31.898
7374,31.898
7375,31.899
7376,31.904
7377,31.913
7378,31.913
7379,31.914
7380,31.915
7381,31.917
7382,31.918
7383,31.920
7384,31.921
7385,31.927
7386,31.939
7387,31.947
7388,31.948
7389,31.949
7390,31.954
7391,31.963
7392,31.979
7393,31.990
7394,31.991
7395,31.992
7396,31.993
7397,31.993
7398,31.994
7399,31.995
7400,31.996
7401,31.997
7402,31.998
7403,31.999
7404,31.999
7405,32.000
7406,32.001
7407,32.002
7408,32.004
7409,32.014
7410,32.023
7411,32.023
7412,32.033
7413,32.042
7414,32.043
7415,32.049
7416,32.053
7417,32.068
7418,32.083
7419,32.084
7420,32.093
7421,32.097
7422,32.114
7423,32.128
7424,32.129
7425,32.137
7426,32.141
7427,32.164
7428,32.176
7429,32.177
7430,32.178
7431,32.179
7432,32.187
7433,32.191
7434,32.204
7435,32.216
7436,32.217
7437,32.218
7438,32.226
7439,32.231
7440,32.251
7441,32.264
7442,32.265
7443,32.266
7444,32.267
7445,32.273
7446,32.277
7447,32.284
7448,32.287
7449,32.301
7450,32.313
7451,32.314
7452,32.322
7453,32.326
7454,32.347
7455,32.361
7456,32.362
7457,32.364
7458,32.365
7459,32.371
7460,32.375
7461,32.383
7462,32.386
7463,32.398
7464,32.409
7465,32.410
7466,32.411
7467,32.426
7468,32.439
7469,32.440
7470,32.447
7471,32.451
7472,32.479
7473,32.481
7474,32.483
7475,32.484
7476,32.486
7477,32.487
7478,32.489
7479,32.491
7480,32.501
7481,32.506
7482,32.507
7483,32.509
7484,32.515
7485,32.529
7486,32.530
7487,32.530
7488,32.540
7489,32.543
7490,32.544
7491,32.552
7492,32.561
7493,32.563
7494,32.564
7495,32.572
7496,32.573
7497,32.574
7498,32.574
7499,32.586
7500,32.597
7501,32.597
7502,32.604
7503,32.608
7504,32.619
7505,32.630
7506,32.630
7507,32.641
7508,32.650
7509,32.651
7510,32.657
7511,32.660
7512,32.670
7513,32.681
7514,32.681
7515,32.687
7516,32.690
7517,32.702
7518,32.712
7519,32.713
7520,32.719
7521,32.722
7522,32.724
7523,32.729
7524,32.730
7525,32.731
7526,32.738
7527,32.742
7528,32.755
7529,32.759
7530,32.766
7531,32.775
7532,32.777
7533,32.778
7534,32.779
7535,32.780
7536,32.784
7537,32.824
7538,32.826
7539,32.827
7540,32.828
7541,32.829
7542,32.829
7543,32.830
7544,32.856
7545,32.882
7546,32.891
7547,32.898
7548,32.906
7549,32.910
7550,32.911
7551,32.913
7552,32.924
7553,32.928
7554,32.937
7555,32.946
7556,32.952
7557,32.960
7558,32.968
7559,32.985
7560,32.997
7561,32.999
7562,33.000
7563,33.000
7564,33.002
7565,33.002
7566,33.003
7567,33.005
7568,33.006
7569,33.007
7570,33.008
7571,33.009
7572,33.011
7573,33.012
7574,33.014
7575,33.025
7576,33.035
7577,33.046
7578,33.056
7579,33.057
7580,33.061
7581,33.071
7582,33.076
7583,33.085
7584,33.086
7585,33.104
7586,33.115
7587,33.116
7588,33.128
7589,33.139
7590,33.140
7591,33.141
7592,33.152
7593,33.162
7594,33.163
7595,33.174
7596,33.185
7597,33.186
7598,33.199
7599,33.212
7600,33.213
7601,33.225
7602,33.236
7603,33.237
7604,33.249
7605,33.261
7606,33.262
7607,33.266
7608,33.277
7609,33.283
7610,33.293
7611,33.294
7612,33.312
7613,33.323
7614,33.325
7615,33.337
7616,33.349
7617,33.350
7618,33.351
7619,33.363
7620,33.373
7621,33.374
7622,33.385
7623,33.395
7624,33.396
7625,33.410
7626,33.421
7627,33.422
7628,33.434
7629,33.445
7630,33.446
7631,33.458
7632,33.469
7633,33.471
7634,33.475
7635,33.485
7636,33.489
7637,33.500
7638,33.501
7639,33.517
7640,33.529
7641,33.530
7642,33.544
7643,33.558
7644,33.569
7645,33.579
7646,33.580
7647,33.590
7648,33.600
7649,33.610
7650,33.619
7651,33.629
7652,33.638
7653,33.642
7654,33.651
7655,33.651
7656,33.655
7657,33.663
7658,33.666
7659,33.678
7660,33.679
7661,33.693
7662,33.708
7663,33.723
7664,33.736
7665,33.737
7666,33.752
7667,33.765
7668,33.790
7669,33.804
7670,33.805
7671,33.824
7672,33.840
7673,33.855
7674,33.868
7675,33.870
7676,33.883
7677,33.896
7678,33.909
7679,33.922
7680,33.929
7681,33.943
7682,33.944
7683,33.950
7684,33.962
7685,33.969
7686,33.982
7687,33.983
7688,33.998
7689,34.011
7690,34.025
7691,34.038
7692,34.039
7693,34.054
7694,34.067
7695,34.081
7696,34.094
7697,34.111
7698,34.126
7699,34.143
7700,34.168
7701,34.169
7702,34.170
7703,34.171
7704,34.171
7705,34.176
7706,34.186
7707,34.186
7708,34.197
7709,34.208
7710,34.209
7711,34.219
7712,34.228
7713,34.229
7714,34.248
7715,34.259
7716,34.261
7717,34.262
7718,34.272
7719,34.281
7720,34.282
7721,34.283
7722,34.293
7723,34.303
7724,34.304
7725,34.318
7726,34.330
7727,34.347
7728,34.357
7729,34.358
7730,34.362
7731,34.371
7732,34.381
7733,34.382
7734,34.395
7735,34.405
7736,34.415
7737,34.424
7738,34.429
7739,34.439
7740,34.440
7741,34.445
7742,34.455
7743,34.460
7744,34.470
7745,34.471
7746,34.481
7747,34.491
7748,34.501
7749,34.511
7750,34.512
7751,34.525
7752,34.536
7753,34.547
7754,34.557
7755,34.558
7756,34.570
7757,34.579
7758,34.580
7759,34.590
7760,34.599
7761,34.600
7762,34.615
7763,34.626
7764,34.627
7765,34.628
7766,34.638
7767,34.647
7768,34.648
7769,34.649
7770,34.660
7771,34.669
7772,34.670
7773,34.683
7774,34.694
7775,34.711
7776,34.721
7777,34.722
7778,34.723
7779,34.739
7780,34.749
7781,34.751
7782,34.760
7783,34.769
7784,34.779
7785,34.789
7786,34.789
7787,34.794
7788,34.803
7789,34.807
7790,34.817
7791,34.818
7792,34.834
7793,34.844
7794,34.845
7795,34.858
7796,34.870
7797,34.887
7798,34.897
7799,34.898
7800,34.909
7801,34.919
7802,34.929
7803,34.939
7804,34.949
7805,34.959
7806,34.969
7807,34.979
7808,34.984
7809,34.993
7810,35.000
7811,35.004
7812,35.005
7813,35.007
7814,35.016
7815,35.025
7816,35.029
7817,35.030
7818,35.030
7819,35.031
7820,35.032
7821,35.032
7822,35.033
7823,35.034
7824,35.042
7825,35.051
7826,35.053
7827,35.053
7828,35.059
7829,35.074
7830,35.082
7831,35.086
7832,35.086
7833,35.092
7834,35.102
7835,35.108
7836,35.111
7837,35.113
7838,35.114
7839,35.118
7840,35.121
7841,35.128
7842,35.131
7843,35.140
7844,35.143
7845,35.144
7846,35.154
7847,35.164
7848,35.166
7849,35.167
7850,35.168
7851,35.168
7852,35.175
7853,35.179
7854,35.180
7855,35.187
7856,35.189
7857,35.196
7858,35.200
7859,35.201
7860,35.206
7861,35.216
7862,35.223
7863,35.224
7864,35.224
7865,35.225
7866,35.226
7867,35.226
7868,35.230
7869,35.237
7870,35.245
7871,35.258
7872,35.270
7873,35.271
7874,35.281
7875,35.297
7876,35.304
7877,35.318
7878,35.324
7879,35.338
7880,35.349
7881,35.350
7882,35.351
7883,35.352
7884,35.353
7885,35.358
7886,35.369
7887,35.383
7888,35.391
7889,35.392
7890,35.393
7891,35.395
7892,35.397
7893,35.400
7894,35.402
7895,35.412
7896,35.427
7897,35.428
7898,35.429
7899,35.434
7900,35.436
7901,35.437
7902,35.443
7903,35.456
7904,35.457
7905,35.463
7906,35.475
7907,35.482
7908,35.494
7909,35.495
7910,35.496
7911,35.510
7912,35.536
7913,35.549
7914,35.550
7915,35.566
7916,35.595
7917,35.629
7918,35.644
7919,35.645
7920,35.646
7921,35.648
7922,35.649
7923,35.650
7924,35.651
7925,35.652
7926,35.654
7927,35.655
7928,35.656
7929,35.658
7930,35.659
7931,35.661
7932,35.662
7933,35.677
7934,35.692
7935,35.709
7936,35.712
7937,35.713
7938,35.714
7939,35.731
7940,35.746
7941,35.758
7942,35.767
7943,35.785
7944,35.795
7945,35.796
7946,35.806
7947,35.816
7948,35.817
7949,35.821
7950,35.831
7951,35.836
7952,35.845
7953,35.846
7954,35.859
7955,35.869
7956,35.870
7957,35.882
7958,35.902
7959,35.911
7960,35.912
7961,35.924
7962,35.933
7963,35.934
7964,35.946
7965,35.947
7966,35.948
7967,35.949
7968,35.966
7969,35.986
7970,35.996
7971,36.009
7972,36.018
7973,36.019
7974,36.019
7975,36.020
7976,36.034
7977,36.045
7978,36.046
7979,36.057
7980,36.058
7981,36.059
7982,36.063
7983,36.073
7984,36.073
7985,36.074
7986,36.075
7987,36.089
7988,36.100
7989,36.102
7990,36.113
7991,36.114
7992,36.115
7993,36.128
7994,36.138
7995,36.149
7996,36.158
7997,36.171
7998,36.181
7999,36.193
8000,36.202
8001,36.215
8002,36.225
8003,36.236
8004,36.246
8005,36.258
8006,36.268
8007,36.279
8008,36.289
8009,36.301
8010,36.311
8011,36.323
8012,36.333
8013,36.345
8014,36.355
8015,36.367
8016,36.377
8017,36.390
8018,36.401
8019,36.413
8020,36.423
8021,36.435
8022,36.447
8023,36.458
8024,36.468
8025,36.480
8026,36.490
8027,36.502
8028,36.512
8029,36.524
8030,36.534
8031,36.545
8032,36.555
8033,36.567
8034,36.577
8035,36.588
8036,36.598
8037,36.610
8038,36.619
8039,36.634
8040,36.647
8041,36.648
8042,36.649
8043,36.650
8044,36.651
8045,36.652
8046,36.653
8047,36.655
8048,36.656
8049,36.657
8050,36.658
8051,36.660
8052,36.661
8053,36.662
8054,36.664
8055,36.676
8056,36.686
8057,36.698
8058,36.708
8059,36.720
8060,36.730
8061,36.742
8062,36.753
8063,36.764
8064,36.774
8065,36.785
8066,36.795
8067,36.806
8068,36.815
8069,36.830
8070,36.840
8071,36.841
8072,36.841
8073,36.853
8074,36.861
8075,36.871
8076,36.880
8077,36.881
8078,36.898
8079,36.912
8080,36.937
8081,36.953
8082,36.954
8083,36.955
8084,36.971
8085,36.985
8086,37.001
8087,37.015
8088,37.030
8089,37.043
8090,37.044
8091,37.060
8092,37.074
8093,37.089
8094,37.101
8095,37.123
8096,37.136
8097,37.137
8098,37.138
8099,37.151
8100,37.164
8101,37.179
8102,37.193
8103,37.209
8104,37.222
8105,37.236
8106,37.248
8107,37.275
8108,37.277
8109,37.278
8110,37.279
8111,37.281
8112,37.282
8113,37.284
8114,37.299
8115,37.313
8116,37.319
8117,37.333
8118,37.338
8119,37.353
8120,37.354
8121,37.371
8122,37.382
8123,37.383
8124,37.395
8125,37.416
8126,37.427
8127,37.427
8128,37.441
8129,37.442
8130,37.443
8131,37.444
8132,37.461
8133,37.471
8134,37.482
8135,37.491
8136,37.502
8137,37.511
8138,37.523
8139,37.533
8140,37.545
8141,37.554
8142,37.566
8143,37.576
8144,37.587
8145,37.597
8146,37.608
8147,37.618
8148,37.629
8149,37.639
8150,37.648
8151,37.652
8152,37.653
8153,37.655
8154,37.663
8155,37.673
8156,37.679
8157,37.689
8158,37.697
8159,37.701
8160,37.702
8161,37.704
8162,37.712
8163,37.723
8164,37.724
8165,37.729
8166,37.744
8167,37.755
8168,37.760
8169,37.770
8170,37.771
8171,37.772
8172,37.776
8173,37.785
8174,37.790
8175,37.799
8176,37.803
8177,37.813
8178,37.819
8179,37.829
8180,37.836
8181,37.840
8182,37.841
8183,37.843
8184,37.851
8185,37.861
8186,37.862
8187,37.867
8188,37.882
8189,37.893
8190,37.897
8191,37.911
8192,37.921
8193,37.922
8194,37.928
8195,37.938
8196,37.946
8197,37.948
8198,37.949
8199,37.954
8200,37.964
8201,37.969
8202,37.983
8203,37.984
8204,37.990
8205,37.991
8206,37.992
8207,37.993
8208,38.000
8209,38.001
8210,38.001
8211,38.007
8212,38.017
8213,38.029
8214,38.030
8215,38.041
8216,38.042
8217,38.043
8218,38.044
8219,38.044
8220,38.050
8221,38.059
8222,38.064
8223,38.074
8224,38.080
8225,38.080
8226,38.087
8227,38.088
8228,38.089
8229,38.090
8230,38.097
8231,38.098
8232,38.098
8233,38.104
8234,38.115
8235,38.126
8236,38.127
8237,38.139
8238,38.139
8239,38.140
8240,38.141
8241,38.142
8242,38.149
8243,38.150
8244,38.151
8245,38.157
8246,38.168
8247,38.176
8248,38.177
8249,38.177
8250,38.183
8251,38.194
8252,38.206
8253,38.207
8254,38.219
8255,38.220
8256,38.221
8257,38.222
8258,38.222
8259,38.223
8260,38.224
8261,38.225
8262,38.229
8263,38.230
8264,38.231
8265,38.240
8266,38.242
8267,38.245
8268,38.247
8269,38.257
8270,38.261
8271,38.271
8272,38.284
8273,38.296
8274,38.299
8275,38.301
8276,38.304
8277,38.307
8278,38.315
8279,38.318
8280,38.328
8281,38.338
8282,38.339
8283,38.342
8284,38.344
8285,38.352
8286,38.368
8287,38.369
8288,38.376
8289,38.385
8290,38.386
8291,38.386
8292,38.387
8293,38.395
8294,38.396
8295,38.396
8296,38.408
8297,38.429
8298,38.430
8299,38.431
8300,38.434
8301,38.436
8302,38.443
8303,38.446
8304,38.447
8305,38.448
8306,38.458
8307,38.470
8308,38.471
8309,38.472
8310,38.474
8311,38.478
8312,38.485
8313,38.489
8314,38.499
8315,38.509
8316,38.510
8317,38.511
8318,38.512
8319,38.514
8320,38.518
8321,38.525
8322,38.544
8323,38.548
8324,38.551
8325,38.557
8326,38.569
8327,38.572
8328,38.580
8329,38.586
8330,38.600
8331,38.615
8332,38.616
8333,38.617
8334,38.623
8335,38.624
8336,38.625
8337,38.632
8338,38.644
8339,38.645
8340,38.651
8341,38.664
8342,38.671
8343,38.683
8344,38.684
8345,38.701
8346,38.730
8347,38.743
8348,38.744
8349,38.762
8350,38.795
8351,38.832
8352,38.847
8353,38.848
8354,38.849
8355,38.850
8356,38.852
8357,38.853
8358,38.854
8359,38.856
8360,38.857
8361,38.858
8362,38.859
8363,38.861
8364,38.862
8365,38.863
8366,38.865
8367,38.882
8368,38.894
8369,38.911
8370,38.913
8371,38.914
8372,38.915
8373,38.934
8374,38.950
8375,38.970
8376,38.982
8377,39.002
8378,39.013
8379,39.014
8380,39.026
8381,39.036
8382,39.037
8383,39.041
8384,39.051
8385,39.056
8386,39.066
8387,39.083
8388,39.094
8389,39.095
8390,39.109
8391,39.131
8392,39.140
8393,39.141
8394,39.155
8395,39.165
8396,39.166
8397,39.181
8398,39.182
8399,39.183
8400,39.184
8401,39.204
8402,39.226
8403,39.235
8404,39.249
8405,39.259
8406,39.260
8407,39.261
8408,39.262
8409,39.277
8410,39.288
8411,39.289
8412,39.302
8413,39.303
8414,39.304
8415,39.308
8416,39.317
8417,39.318
8418,39.319
8419,39.320
8420,39.337
8421,39.349
8422,39.350
8423,39.364
8424,39.365
8425,39.366
8426,39.383
8427,39.394
8428,39.408
8429,39.418
8430,39.434
8431,39.445
8432,39.458
8433,39.467
8434,39.482
8435,39.492
8436,39.505
8437,39.514
8438,39.527
8439,39.536
8440,39.549
8441,39.559
8442,39.573
8443,39.583
8444,39.597
8445,39.607
8446,39.621
8447,39.630
8448,39.644
8449,39.654
8450,39.669
8451,39.680
8452,39.693
8453,39.703
8454,39.717
8455,39.728
8456,39.741
8457,39.751
8458,39.765
8459,39.775
8460,39.789
8461,39.799
8462,39.813
8463,39.823
8464,39.836
8465,39.846
8466,39.859
8467,39.869
8468,39.883
8469,39.893
8470,39.906
8471,39.916
8472,39.925
8473,39.929
8474,39.931
8475,39.933
8476,39.941
8477,39.951
8478,39.957
8479,39.967
8480,39.968
8481,39.971
8482,39.973
8483,39.973
8484,39.975
8485,39.978
8486,39.981
8487,39.982
8488,39.983
8489,39.984
8490,39.988
8491,39.991
8492,39.993
8493,39.994
8494,40.005
8495,40.006
8496,40.007
8497,40.008
8498,40.016
8499,40.017
8500,40.018
8501,40.019
8502,40.026
8503,40.027
8504,40.028
8505,40.036
8506,40.037
8507,40.038
8508,40.039
8509,40.040
8510,40.055
8511,40.056
8512,40.066
8513,40.070
8514,40.071
8515,40.072
8516,40.077
8517,40.080
8518,40.081
8519,40.082
8520,40.082
8521,40.091
8522,40.092
8523,40.092
8524,40.093
8525,40.101
8526,40.101
8527,40.102
8528,40.103
8529,40.104
8530,40.105
8531,40.126
8532,40.128
8533,40.151
8534,40.172
8535,40.173
8536,40.174
8537,40.177
8538,40.187
8539,40.188
8540,40.189
8541,40.196
8542,40.210
8543,40.220
8544,40.221
8545,40.229
8546,40.244
8547,40.253
8548,40.268
8549,40.269
8550,40.270
8551,40.271
8552,40.277
8553,40.290
8554,40.299
8555,40.300
8556,40.302
8557,40.302
8558,40.305
8559,40.310
8560,40.313
8561,40.315
8562,40.317
8563,40.330
8564,40.331
8565,40.332
8566,40.333
8567,40.335
8568,40.340
8569,40.343
8570,40.345
8571,40.348
8572,40.356
8573,40.388
8574,40.393
8575,40.397
8576,40.401
8577,40.419
8578,40.423
8579,40.425
8580,40.425
8581,40.427
8582,40.431
8583,40.448
8584,40.450
8585,40.466
8586,40.484
8587,40.501
8588,40.505
8589,40.506
8590,40.523
8591,40.545
8592,40.583
8593,40.603
8594,40.607
8595,40.608
8596,40.616
8597,40.617
8598,40.618
8599,40.622
8600,40.631
8601,40.637
8602,40.639
8603,40.639
8604,40.645
8605,40.654
8606,40.658
8607,40.667
8608,40.685
8609,40.689
8610,40.693
8611,40.695
8612,40.713
8613,40.723
8614,40.724
8615,40.725
8616,40.726
8617,40.731
8618,40.744
8619,40.745
8620,40.746
8621,40.750
8622,40.763
8623,40.772
8624,40.778
8625,40.788
8626,40.804
8627,40.829
8628,40.855
8629,40.859
8630,40.862
8631,40.864
8632,40.887
8633,40.901
8634,40.902
8635,40.903
8636,40.904
8637,40.905
8638,40.907
8639,40.908
8640,40.909
8641,40.910
8642,40.912
8643,40.913
8644,40.914
8645,40.916
8646,40.917
8647,40.918
8648,40.934
8649,40.959
8650,40.969
8651,40.986
8652,40.996
8653,41.012
8654,41.022
8655,41.040
8656,41.050
8657,41.066
8658,41.075
8659,41.092
8660,41.101
8661,41.118
8662,41.127
8663,41.131
8664,41.133
8665,41.134
8666,41.134
8667,41.136
8668,41.152
8669,41.162
8670,41.178
8671,41.203
8672,41.213
8673,41.235
8674,41.245
8675,41.246
8676,41.263
8677,41.273
8678,41.289
8679,41.298
8680,41.315
8681,41.325
8682,41.341
8683,41.351
8684,41.367
8685,41.377
8686,41.393
8687,41.403
8688,41.420
8689,41.430
8690,41.447
8691,41.456
8692,41.461
8693,41.471
8694,41.472
8695,41.476
8696,41.485
8697,41.490
8698,41.499
8699,41.519
8700,41.529
8701,41.531
8702,41.547
8703,41.573
8704,41.582
8705,41.583
8706,41.600
8707,41.610
8708,41.611
8709,41.629
8710,41.630
8711,41.631
8712,41.632
8713,41.654
8714,41.680
8715,41.689
8716,41.704
8717,41.713
8718,41.740
8719,41.756
8720,41.757
8721,41.782
8722,41.784
8723,41.785
8724,41.792
8725,41.806
8726,41.807
8727,41.808
8728,41.809
8729,41.817
8730,41.832
8731,41.858
8732,41.872
8733,41.874
8734,41.897
8735,41.898
8736,41.899
8737,41.906
8738,41.918
8739,41.919
8740,41.920
8741,41.921
8742,41.944
8743,41.957
8744,41.978
8745,41.990
8746,42.012
8747,42.025
8748,42.047
8749,42.060
8750,42.081
8751,42.094
8752,42.116
8753,42.129
8754,42.151
8755,42.165
8756,42.191
8757,42.206
8758,42.222
8759,42.232
8760,42.241
8761,42.242
8762,42.243
8763,42.244
8764,42.245
8765,42.249
8766,42.251
8767,42.253
8768,42.255
8769,42.265
8770,42.266
8771,42.267
8772,42.268
8773,42.275
8774,42.287
8775,42.288
8776,42.289
8777,42.291
8778,42.297
8779,42.307
8780,42.323
8781,42.327
8782,42.331
8783,42.332
8784,42.355
8785,42.368
8786,42.369
8787,42.370
8788,42.371
8789,42.372
8790,42.373
8791,42.375
8792,42.376
8793,42.377
8794,42.379
8795,42.380
8796,42.381
8797,42.383
8798,42.384
8799,42.385
8800,42.401
8801,42.427
8802,42.456
8803,42.485
8804,42.495
8805,42.514
8806,42.524
8807,42.541
8808,42.551
8809,42.570
8810,42.580
8811,42.597
8812,42.606
8813,42.623
8814,42.633
8815,42.649
8816,42.659
8817,42.680
8818,42.690
8819,42.692
8820,42.693
8821,42.709
8822,42.719
8823,42.736
8824,42.745
8825,42.746
8826,42.764
8827,42.774
8828,42.798
8829,42.808
8830,42.809
8831,42.810
8832,42.826
8833,42.836
8834,42.855
8835,42.867
8836,42.886
8837,42.897
8838,42.898
8839,42.918
8840,42.929
8841,42.948
8842,42.960
8843,42.987
8844,42.998
8845,42.999
8846,43.016
8847,43.026
8848,43.046
8849,43.058
8850,43.075
8851,43.085
8852,43.113
8853,43.114
8854,43.115
8855,43.117
8856,43.118
8857,43.119
8858,43.120
8859,43.139
8860,43.149
8861,43.153
8862,43.163
8863,43.167
8864,43.177
8865,43.178
8866,43.198
8867,43.210
8868,43.211
8869,43.229
8870,43.256
8871,43.265
8872,43.266
8873,43.283
8874,43.284
8875,43.285
8876,43.286
8877,43.304
8878,43.314
8879,43.331
8880,43.342
8881,43.359
8882,43.368
8883,43.384
8884,43.399
8885,43.427
8886,43.443
8887,43.474
8888,43.494
8889,43.526
8890,43.546
8891,43.570
8892,43.583
8893,43.605
8894,43.617
8895,43.628
8896,43.629
8897,43.630
8898,43.637
8899,43.642
8900,43.671
8901,43.689
8902,43.690
8903,43.691
8904,43.692
8905,43.694
8906,43.695
8907,43.697
8908,43.698
8909,43.699
8910,43.701
8911,43.702
8912,43.704
8913,43.706
8914,43.707
8915,43.709
8916,43.732
8917,43.747
8918,43.771
8919,43.784
8920,43.808
8921,43.821
8922,43.844
8923,43.858
8924,43.883
8925,43.898
8926,43.925
8927,43.936
8928,43.954
8929,43.965
8930,43.970
8931,43.981
8932,43.982
8933,43.983
8934,43.984
8935,44.003
8936,44.014
8937,44.036
8938,44.047
8939,44.048
8940,44.070
8941,44.099
8942,44.129
8943,44.137
8944,44.138
8945,44.139
8946,44.140
8947,44.144
8948,44.154
8949,44.171
8950,44.180
8951,44.182
8952,44.198
8953,44.208
8954,44.230
8955,44.259
8956,44.289
8957,44.300
8958,44.316
8959,44.327
8960,44.332
8961,44.342
8962,44.343
8963,44.344
8964,44.348
8965,44.358
8966,44.378
8967,44.389
8968,44.412
8969,44.443
8970,44.472
8971,44.483
8972,44.499
8973,44.509
8974,44.537
8975,44.538
8976,44.540
8977,44.541
8978,44.542
8979,44.561
8980,44.570
8981,44.575
8982,44.584
8983,44.589
8984,44.598
8985,44.619
8986,44.620
8987,44.621
8988,44.622
8989,44.640
8990,44.642
8991,44.642
8992,44.643
8993,44.661
8994,44.688
8995,44.689
8996,44.690
8997,44.691
8998,44.692
8999,44.710
9000,44.738
9001,44.749
9002,44.765
9003,44.776
9004,44.793
9005,44.804
9006,44.822
9007,44.832
9008,44.848
9009,44.858
9010,44.875
9011,44.885
9012,44.902
9013,44.912
9014,44.929
9015,44.939
9016,44.955
9017,44.965
9018,44.971
9019,44.982
9020,44.983
9021,44.984
9022,44.989
9023,44.990
9024,44.991
9025,44.996
9026,45.006
9027,45.007
9028,45.012
9029,45.021
9030,45.027
9031,45.037
9032,45.038
9033,45.055
9034,45.081
9035,45.091
9036,45.092
9037,45.111
9038,45.129
9039,45.131
9040,45.132
9041,45.134
9042,45.135
9043,45.136
9044,45.138
9045,45.139
9046,45.141
9047,45.143
9048,45.144
9049,45.146
9050,45.148
9051,45.149
9052,45.152
9053,45.178
9054,45.193
9055,45.219
9056,45.221
9057,45.222
9058,45.223
9059,45.249
9060,45.263
9061,45.287
9062,45.302
9063,45.335
9064,45.348
9065,45.349
9066,45.370
9067,45.386
9068,45.387
9069,45.392
9070,45.405
9071,45.410
9072,45.424
9073,45.451
9074,45.466
9075,45.467
9076,45.489
9077,45.502
9078,45.503
9079,45.527
9080,45.528
9081,45.529
9082,45.530
9083,45.563
9084,45.605
9085,45.620
9086,45.639
9087,45.650
9088,45.651
9089,45.652
9090,45.653
9091,45.674
9092,45.686
9093,45.687
9094,45.706
9095,45.707
9096,45.708
9097,45.714
9098,45.725
9099,45.726
9100,45.727
9101,45.728
9102,45.748
9103,45.761
9104,45.762
9105,45.779
9106,45.780
9107,45.781
9108,45.801
9109,45.812
9110,45.829
9111,45.839
9112,45.859
9113,45.870
9114,45.887
9115,45.897
9116,45.916
9117,45.926
9118,45.943
9119,45.953
9120,45.970
9121,45.981
9122,45.998
9123,46.009
9124,46.027
9125,46.038
9126,46.055
9127,46.065
9128,46.083
9129,46.093
9130,46.110
9131,46.120
9132,46.139
9133,46.150
9134,46.167
9135,46.177
9136,46.195
9137,46.206
9138,46.223
9139,46.233
9140,46.250
9141,46.261
9142,46.280
9143,46.291
9144,46.309
9145,46.319
9146,46.338
9147,46.349
9148,46.366
9149,46.377
9150,46.396
9151,46.407
9152,46.425
9153,46.435
9154,46.446
9155,46.450
9156,46.454
9157,46.456
9158,46.465
9159,46.477
9160,46.485
9161,46.495
9162,46.504
9163,46.510
9164,46.512
9165,46.515
9166,46.524
9167,46.536
9168,46.537
9169,46.543
9170,46.559
9171,46.572
9172,46.579
9173,46.590
9174,46.591
9175,46.593
9176,46.598
9177,46.608
9178,46.613
9179,46.623
9180,46.628
9181,46.639
9182,46.647
9183,46.657
9184,46.666
9185,46.671
9186,46.674
9187,46.676
9188,46.686
9189,46.699
9190,46.700
9191,46.705
9192,46.723
9193,46.735
9194,46.740
9195,46.756
9196,46.768
9197,46.769
9198,46.777
9199,46.788
9200,46.791
9201,46.796
9202,46.797
9203,46.798
9204,46.808
9205,46.819
9206,46.822
9207,46.827
9208,46.828
9209,46.829
9210,46.842
9211,46.843
9212,46.845
9213,46.853
9214,46.869
9215,46.879
9216,46.881
9217,46.882
9218,46.891
9219,46.893
9220,46.901
9221,46.903
9222,46.913
9223,46.914
9224,46.915
9225,46.916
9226,46.927
9227,46.928
9228,46.929
9229,46.938
9230,46.956
9231,46.985
9232,46.986
9233,47.010
9234,47.011
9235,47.012
9236,47.014
9237,47.015
9238,47.027
9239,47.028
9240,47.030
9241,47.031
9242,47.033
9243,47.040
9244,47.055
9245,47.065
9246,47.066
9247,47.067
9248,47.073
9249,47.095
9250,47.096
9251,47.097
9252,47.106
9253,47.107
9254,47.115
9255,47.129
9256,47.137
9257,47.150
9258,47.157
9259,47.176
9260,47.190
9261,47.191
9262,47.200
9263,47.202
9264,47.203
9265,47.208
9266,47.228
9267,47.229
9268,47.230
9269,47.239
9270,47.240
9271,47.241
9272,47.243
9273,47.244
9274,47.254
9275,47.255
9276,47.257
9277,47.265
9278,47.279
9279,47.285
9280,47.299
9281,47.309
9282,47.310
9283,47.311
9284,47.312
9285,47.318
9286,47.332
9287,47.342
9288,47.344
9289,47.354
9290,47.355
9291,47.366
9292,47.368
9293,47.369
9294,47.370
9295,47.382
9296,47.383
9297,47.384
9298,47.395
9299,47.407
9300,47.426
9301,47.427
9302,47.447
9303,47.448
9304,47.449
9305,47.450
9306,47.450
9307,47.460
9308,47.461
9309,47.462
9310,47.463
9311,47.464
9312,47.470
9313,47.481
9314,47.488
9315,47.490
9316,47.499
9317,47.500
9318,47.502
9319,47.511
9320,47.512
9321,47.520
9322,47.521
9323,47.522
9324,47.529
9325,47.541
9326,47.550
9327,47.551
9328,47.552
9329,47.558
9330,47.570
9331,47.589
9332,47.590
9333,47.609
9334,47.610
9335,47.611
9336,47.612
9337,47.613
9338,47.613
9339,47.614
9340,47.622
9341,47.624
9342,47.625
9343,47.631
9344,47.643
9345,47.651
9346,47.651
9347,47.652
9348,47.653
9349,47.655
9350,47.659
9351,47.661
9352,47.662
9353,47.667
9354,47.671
9355,47.673
9356,47.674
9357,47.690
9358,47.693
9359,47.714
9360,47.715
9361,47.725
9362,47.734
9363,47.735
9364,47.736
9365,47.737
9366,47.746
9367,47.747
9368,47.748
9369,47.766
9370,47.794
9371,47.795
9372,47.796
9373,47.802
9374,47.806
9375,47.807
9376,47.808
9377,47.809
9378,47.824
9379,47.827
9380,47.843
9381,47.846
9382,47.847
9383,47.848
9384,47.850
9385,47.851
9386,47.853
9387,47.855
9388,47.856
9389,47.858
9390,47.874
9391,47.877
9392,47.892
9393,47.896
9394,47.897
9395,47.898
9396,47.899
9397,47.916
9398,47.935
9399,47.953
9400,47.956
9401,47.964
9402,47.965
9403,47.966
9404,47.970
9405,47.975
9406,47.979
9407,47.981
9408,47.990
9409,48.003
9410,48.004
9411,48.005
9412,48.006
9413,48.011
9414,48.020
9415,48.024
9416,48.033
9417,48.039
9418,48.055
9419,48.059
9420,48.061
9421,48.063
9422,48.070
9423,48.074
9424,48.075
9425,48.081
9426,48.084
9427,48.092
9428,48.093
9429,48.094
9430,48.095
9431,48.099
9432,48.108
9433,48.115
9434,48.116
9435,48.116
9436,48.117
9437,48.122
9438,48.123
9439,48.124
9440,48.129
9441,48.130
9442,48.131
9443,48.132
9444,48.133
9445,48.149
9446,48.152
9447,48.176
9448,48.202
9449,48.219
9450,48.223
9451,48.223
9452,48.224
9453,48.226
9454,48.227
9455,48.228
9456,48.232
9457,48.232
9458,48.234
9459,48.237
9460,48.248
9461,48.249
9462,48.250
9463,48.251
9464,48.252
9465,48.253
9466,48.257
9467,48.267
9468,48.274
9469,48.278
9470,48.288
9471,48.289
9472,48.290
9473,48.298
9474,48.302
9475,48.306
9476,48.308
9477,48.318
9478,48.319
9479,48.320
9480,48.321
9481,48.328
9482,48.339
9483,48.358
9484,48.363
9485,48.384
9486,48.385
9487,48.386
9488,48.387
9489,48.394
9490,48.399
9491,48.401
9492,48.402
9493,48.405
9494,48.412
9495,48.422
9496,48.429
9497,48.430
9498,48.431
9499,48.432
9500,48.436
9501,48.446
9502,48.452
9503,48.453
9504,48.453
9505,48.458
9506,48.467
9507,48.472
9508,48.481
9509,48.489
9510,48.498
9511,48.499
9512,48.500
9513,48.501
9514,48.503
9515,48.508
9516,48.526
9517,48.531
9518,48.534
9519,48.535
9520,48.552
9521,48.553
9522,48.554
9523,48.575
9524,48.578
9525,48.579
9526,48.611
9527,48.616
9528,48.637
9529,48.640
9530,48.641
9531,48.642
9532,48.652
9533,48.668
9534,48.678
9535,48.681
9536,48.683
9537,48.688
9538,48.693
9539,48.694
9540,48.699
9541,48.701
9542,48.702
9543,48.703
9544,48.704
9545,48.732
9546,48.759
9547,48.764
9548,48.786
9549,48.791
9550,48.819
9551,48.821
9552,48.822
9553,48.823
9554,48.824
9555,48.846
9556,48.848
9557,48.849
9558,48.850
9559,48.875
9560,48.880
9561,48.881
9562,48.976
9563,48.983
9564,48.984
9565,48.985
9566,48.987
9567,48.988
9568,48.989
9569,48.990
9570,48.992
9571,49.061
9572,49.112
9573,49.131
9574,49.137
9575,49.142
9576,49.161
9577,49.183
9578,49.188
9579,49.192
9580,49.196
9581,49.197
9582,49.219
9583,49.224
9584,49.250
9585,49.256
9586,49.260
9587,49.261
9588,49.272
9589,49.284
9590,49.285
9591,49.286
9592,49.287
9593,49.288
9594,49.289
9595,49.290
9596,49.297
9597,49.313
9598,49.349
9599,49.384
9600,49.414
9601,49.425
9602,49.426
9603,49.427
9604,49.452
9605,49.454
9606,49.481
9607,49.493
9608,49.515
9609,49.525
9610,49.547
9611,49.561
9612,49.563
9613,49.564
9614,49.566
9615,49.592
9616,49.605
9617,49.607
9618,49.608
9619,49.609
9620,49.610
9621,49.611
9622,49.613
9623,49.614
9624,49.615
9625,49.617
9626,49.618
9627,49.619
9628,49.621
9629,49.622
9630,49.624
9631,49.645
9632,49.655
9633,49.677
9634,49.689
9635,49.712
9636,49.723
9637,49.748
9638,49.759
9639,49.781
9640,49.792
9641,49.815
9642,49.827
9643,49.849
9644,49.859
9645,49.865
9646,49.866
9647,49.867
9648,49.868
9649,49.869
9650,49.891
9651,49.902
9652,49.926
9653,49.938
9654,49.968
9655,49.979
9656,50.000
9657,50.011
9658,50.012
9659,50.034
9660,50.044
9661,50.065
9662,50.076
9663,50.098
9664,50.109
9665,50.131
9666,50.142
9667,50.163
9668,50.173
9669,50.194
9670,50.205
9671,50.226
9672,50.237
9673,50.255
9674,50.266
9675,50.274
9676,50.288
9677,50.290
9678,50.296
9679,50.311
9680,50.318
9681,50.332
9682,50.334
9683,50.335
9684,50.336
9685,50.368
9686,50.371
9687,50.372
9688,50.373
9689,50.410
9690,50.425
9691,50.464
9692,50.505
9693,50.519
9694,50.548
9695,50.550
9696,50.551
9697,50.559
9698,50.573
9699,50.574
9700,50.575
9701,50.577
9702,50.578
9703,50.579
9704,50.586
9705,50.588
9706,50.589
9707,50.596
9708,50.610
9709,50.611
9710,50.612
9711,50.613
9712,50.615
9713,50.642
9714,50.657
9715,50.684
9716,50.698
9717,50.729
9718,50.745
9719,50.777
9720,50.787
9721,50.809
9722,50.820
9723,50.841
9724,50.852
9725,50.876
9726,50.886
9727,50.907
9728,50.918
9729,50.938
9730,50.948
9731,50.974
9732,50.987
9733,50.988
9734,50.989
9735,50.991
9736,50.992
9737,50.993
9738,50.994
9739,50.996
9740,50.997
9741,50.998
9742,50.999
9743,51.001
9744,51.002
9745,51.004
9746,51.005
9747,51.029
9748,51.040
9749,51.064
9750,51.075
9751,51.097
9752,51.107
9753,51.131
9754,51.142
9755,51.164
9756,51.175
9757,51.199
9758,51.210
9759,51.233
9760,51.244
9761,51.249
9762,51.251
9763,51.252
9764,51.253
9765,51.254
9766,51.277
9767,51.287
9768,51.310
9769,51.321
9770,51.350
9771,51.361
9772,51.382
9773,51.393
9774,51.394
9775,51.399
9776,51.410
9777,51.411
9778,51.412
9779,51.416
9780,51.427
9781,51.448
9782,51.459
9783,51.481
9784,51.492
9785,51.515
9786,51.525
9787,51.549
9788,51.560
9789,51.584
9790,51.595
9791,51.618
9792,51.629
9793,51.653
9794,51.663
9795,51.685
9796,51.696
9797,51.717
9798,51.727
9799,51.756
9800,51.787
9801,51.798
9802,51.799
9803,51.826
9804,51.840
9805,51.862
9806,51.872
9807,51.894
9808,51.904
9809,51.905
9810,51.906
9811,51.907
9812,51.912
9813,51.922
9814,51.923
9815,51.924
9816,51.925
9817,51.926
9818,51.949
9819,51.960
9820,51.979
9821,51.992
9822,52.023
9823,52.038
9824,52.070
9825,52.086
9826,52.094
9827,52.108
9828,52.110
9829,52.111
9830,52.112
9831,52.141
9832,52.143
9833,52.145
9834,52.146
9835,52.178
9836,52.191
9837,52.192
9838,52.227
9839,52.244
9840,52.274
9841,52.288
9842,52.318
9843,52.319
9844,52.321
9845,52.322
9846,52.353
9847,52.367
9848,52.397
9849,52.411
9850,52.413
9851,52.414
9852,52.415
9853,52.416
9854,52.422
9855,52.423
9856,52.425
9857,52.432
9858,52.434
9859,52.435
9860,52.436
9861,52.477
9862,52.496
9863,52.498
9864,52.521
9865,52.532
9866,52.533
9867,52.534
9868,52.536
9869,52.561
9870,52.574
9871,52.575
9872,52.602
9873,52.613
9874,52.635
9875,52.645
9876,52.668
9877,52.678
9878,52.702
9879,52.712
9880,52.735
9881,52.745
9882,52.769
9883,52.780
9884,52.802
9885,52.812
9886,52.835
9887,52.845
9888,52.867
9889,52.877
9890,52.903
9891,52.915
9892,52.916
9893,52.918
9894,52.919
9895,52.920
9896,52.921
9897,52.923
9898,52.924
9899,52.925
9900,52.927
9901,52.928
9902,52.929
9903,52.931
9904,52.932
9905,52.933
9906,52.955
9907,52.965
9908,52.989
9909,53.000
9910,53.021
9911,53.031
9912,53.054
9913,53.066
9914,53.087
9915,53.098
9916,53.122
9917,53.132
9918,53.155
9919,53.165
9920,53.171
9921,53.172
9922,53.173
9923,53.174
9924,53.175
9925,53.198
9926,53.209
9927,53.233
9928,53.245
9929,53.277
9930,53.289
9931,53.310
9932,53.320
9933,53.321
9934,53.327
9935,53.338
9936,53.339
9937,53.340
9938,53.341
9939,53.346
9940,53.356
9941,53.380
9942,53.392
9943,53.417
9944,53.429
9945,53.434
9946,53.435
9947,53.437
9948,53.438
9949,53.462
9950,53.474
9951,53.503
9952,53.557
9953,53.557
9954,53.571
9955,53.583
9956,53.588
9957,53.599
9958,53.600
9959,53.604
9960,53.615
9961,53.620
9962,53.629
9963,53.631
9964,53.653
9965,53.663
9966,53.665
9967,53.687
9968,53.716
9969,53.726
9970,53.727
9971,53.728
9972,53.729
9973,53.760
9974,53.775
9975,53.817
9976,53.864
9977,53.879
9978,53.906
9979,53.920
9980,53.927
9981,53.940
9982,53.941
9983,53.947
9984,53.960
9985,53.967
9986,53.980
9987,53.986
9988,54.000
9989,54.001
9990,54.035
9991,54.052
9992,54.053
9993,54.082
9994,54.126
9995,54.139
9996,54.141
9997,54.169
9998,54.185
9999,54.187
10000,54.188
10001,54.189
10002,54.223
10003,54.226
10004,54.228
10005,54.229
10006,54.231
10007,54.254
10008,54.256
10009,54.257
10010,54.258
10011,54.292
10012,54.304
10013,54.306
10014,54.307
10015,54.308
10016,54.309
10017,54.335
10018,54.336
10019,54.337
10020,54.342
10021,54.344
10022,54.344
10023,54.345
10024,54.378
10025,54.390
10026,54.391
10027,54.392
10028,54.394
10029,54.417
10030,54.428
10031,54.449
10032,54.460
10033,54.480
10034,54.491
10035,54.512
10036,54.523
10037,54.544
10038,54.554
10039,54.576
10040,54.586
10041,54.607
10042,54.618
10043,54.639
10044,54.650
10045,54.671
10046,54.682
10047,54.708
10048,54.721
10049,54.722
10050,54.723
10051,54.724
10052,54.726
10053,54.727
10054,54.728
10055,54.730
10056,54.731
10057,54.732
10058,54.734
10059,54.735
10060,54.736
10061,54.738
10062,54.739
10063,54.759
10064,54.774
10065,54.809
10066,54.822
10067,54.844
10068,54.853
10069,54.875
10070,54.910
10071,54.941
10072,54.951
10073,54.952
10074,54.975
10075,54.986
10076,54.987
10077,55.009
10078,55.019
10079,55.042
10080,55.054
10081,55.055
10082,55.078
10083,55.089
10084,55.112
10085,55.124
10086,55.125
10087,55.147
10088,55.157
10089,55.162
10090,55.172
10091,55.173
10092,55.174
10093,55.175
10094,55.176
10095,55.199
10096,55.209
10097,55.231
10098,55.261
10099,55.262
10100,55.263
10101,55.264
10102,55.270
10103,55.279
10104,55.281
10105,55.281
10106,55.282
10107,55.283
10108,55.288
10109,55.298
10110,55.319
10111,55.329
10112,55.349
10113,55.351
10114,55.352
10115,55.353
10116,55.374
10117,55.384
10118,55.405
10119,55.414
10120,55.415
10121,55.440
10122,55.454
10123,55.462
10124,55.476
10125,55.477
10126,55.483
10127,55.498
10128,55.527
10129,55.542
10130,55.572
10131,55.586
10132,55.587
10133,55.589
10134,55.590
10135,55.591
10136,55.598
10137,55.611
10138,55.613
10139,55.614
10140,55.615
10141,55.616
10142,55.647
10143,55.661
10144,55.662
10145,55.690
10146,55.704
10147,55.711
10148,55.724
10149,55.726
10150,55.732
10151,55.746
10152,55.753
10153,55.766
10154,55.768
10155,55.769
10156,55.770
10157,55.799
10158,55.802
10159,55.803
10160,55.804
10161,55.834
10162,55.849
10163,55.850
10164,55.857
10165,55.870
10166,55.871
10167,55.872
10168,55.874
10169,55.912
10170,55.931
10171,55.933
10172,55.956
10173,55.967
10174,55.968
10175,55.974
10176,55.984
10177,55.985
10178,55.987
10179,55.988
10180,56.013
10181,56.027
10182,56.028
10183,56.052
10184,56.063
10185,56.064
10186,56.069
10187,56.079
10188,56.080
10189,56.084
10190,56.086
10191,56.087
10192,56.088
10193,56.092
10194,56.094
10195,56.095
10196,56.096
10197,56.101
10198,56.111
10199,56.112
10200,56.113
10201,56.114
10202,56.115
10203,56.120
10204,56.121
10205,56.122
10206,56.123
10207,56.128
10208,56.129
10209,56.130
10210,56.131
10211,56.156
10212,56.169
10213,56.170
10214,56.193
10215,56.203
10216,56.204
10217,56.205
10218,56.206
10219,56.232
10220,56.245
10221,56.246
10222,56.270
10223,56.281
10224,56.282
10225,56.304
10226,56.314
10227,56.335
10228,56.345
10229,56.346
10230,56.367
10231,56.378
10232,56.379
10233,56.380
10234,56.381
10235,56.385
10236,56.395
10237,56.417
10238,56.428
10239,56.450
10240,56.460
10241,56.461
10242,56.482
10243,56.493
10244,56.514
10245,56.524
10246,56.525
10247,56.546
10248,56.556
10249,56.583
10250,56.595
10251,56.597
10252,56.598
10253,56.599
10254,56.601
10255,56.602
10256,56.603
10257,56.604
10258,56.606
10259,56.607
10260,56.608
10261,56.610
10262,56.611
10263,56.613
10264,56.614
10265,56.643
10266,56.673
10267,56.688
10268,56.689
10269,56.712
10270,56.723
10271,56.724
10272,56.747
10273,56.758
10274,56.759
10275,56.764
10276,56.774
10277,56.779
10278,56.789
10279,56.790
10280,56.821
10281,56.833
10282,56.834
10283,56.836
10284,56.862
10285,56.873
10286,56.874
10287,56.875
10288,56.898
10289,56.908
10290,56.909
10291,56.933
10292,56.945
10293,56.946
10294,56.973
10295,56.986
10296,56.987
10297,57.011
10298,57.022
10299,57.024
10300,57.025
10301,57.026
10302,57.047
10303,57.058
10304,57.059
10305,57.064
10306,57.074
10307,57.079
10308,57.089
10309,57.091
10310,57.122
10311,57.135
10312,57.136
10313,57.137
10314,57.159
10315,57.169
10316,57.171
10317,57.172
10318,57.202
10319,57.217
10320,57.218
10321,57.251
10322,57.268
10323,57.270
10324,57.308
10325,57.325
10326,57.326
10327,57.358
10328,57.372
10329,57.373
10330,57.374
10331,57.376
10332,57.403
10333,57.416
10334,57.417
10335,57.423
10336,57.436
10337,57.443
10338,57.456
10339,57.457
10340,57.496
10341,57.510
10342,57.511
10343,57.513
10344,57.548
10345,57.564
10346,57.594
10347,57.609
10348,57.610
10349,57.612
10350,57.613
10351,57.648
10352,57.664
10353,57.665
10354,57.667
10355,57.695
10356,57.706
10357,57.707
10358,57.708
10359,57.731
10360,57.742
10361,57.747
10362,57.758
10363,57.759
10364,57.764
10365,57.775
10366,57.780
10367,57.791
10368,57.792
10369,57.814
10370,57.825
10371,57.846
10372,57.856
10373,57.857
10374,57.880
10375,57.890
10376,57.891
10377,57.921
10378,57.932
10379,57.934
10380,57.935
10381,57.963
10382,57.975
10383,57.998
10384,58.009
10385,58.011
10386,58.012
10387,58.013
10388,58.035
10389,58.046
10390,58.047
10391,58.048
10392,58.068
10393,58.079
10394,58.084
10395,58.094
10396,58.095
10397,58.100
10398,58.111
10399,58.116
10400,58.126
10401,58.127
10402,58.150
10403,58.161
10404,58.182
10405,58.192
10406,58.193
10407,58.215
10408,58.225
10409,58.226
10410,58.231
10411,58.241
10412,58.242
10413,58.265
10414,58.276
10415,58.277
10416,58.298
10417,58.308
10418,58.309
10419,58.338
10420,58.350
10421,58.351
10422,58.353
10423,58.354
10424,58.375
10425,58.385
10426,58.386
10427,58.387
10428,58.410
10429,58.421
10430,58.422
10431,58.450
10432,58.463
10433,58.494
10434,58.506
10435,58.507
10436,58.509
10437,58.510
10438,58.533
10439,58.546
10440,58.547
10441,58.548
10442,58.549
10443,58.575
10444,58.587
10445,58.588
10446,58.590
10447,58.611
10448,58.621
10449,58.627
10450,58.637
10451,58.638
10452,58.642
10453,58.653
10454,58.659
10455,58.669
10456,58.670
10457,58.692
10458,58.703
10459,58.725
10460,58.735
10461,58.736
10462,58.762
10463,58.775
10464,58.797
10465,58.808
10466,58.809
10467,58.831
10468,58.841
10469,58.843
10470,58.861
10471,58.869
10472,58.870
10473,58.910
10474,58.925
10475,58.927
10476,58.929
10477,58.930
10478,58.960
10479,58.975
10480,58.976
10481,58.978
10482,59.010
10483,59.024
10484,59.025
10485,59.060
10486,59.078
10487,59.116
10488,59.131
10489,59.132
10490,59.134
10491,59.136
10492,59.174
10493,59.188
10494,59.189
10495,59.191
10496,59.193
10497,59.219
10498,59.232
10499,59.233
10500,59.235
10501,59.261
10502,59.273
10503,59.275
10504,59.281
10505,59.293
10506,59.300
10507,59.313
10508,59.314
10509,59.358
10510,59.374
10511,59.375
10512,59.377
10513,59.404
10514,59.418
10515,59.448
10516,59.460
10517,59.461
10518,59.463
10519,59.464
10520,59.487
10521,59.497
10522,59.498
10523,59.499
10524,59.520
10525,59.530
10526,59.551
10527,59.561
10528,59.563
10529,59.564
10530,59.584
10531,59.594
10532,59.602
10533,59.611
10534,59.617
10535,59.628
10536,59.640
10537,59.653
10538,59.654
10539,59.655
10540,59.662
10541,59.698
10542,59.731
10543,59.761
10544,59.771
10545,59.772
10546,59.773
10547,59.799
10548,59.800
10549,59.826
10550,59.838
10551,59.860
10552,59.870
10553,59.891
10554,59.905
10555,59.916
10556,59.917
10557,59.923
10558,59.933
10559,59.939
10560,59.950
10561,59.951
10562,59.952
10563,59.953
10564,59.954
10565,59.955
10566,59.956
10567,59.957
10568,59.958
10569,59.965
10570,59.977
10571,59.983
10572,59.993
10573,59.998
10574,60.009
10575,60.014
10576,60.025
10577,60.053
10578,60.066
10579,60.068
10580,60.069
10581,60.070
10582,60.071
10583,60.073
10584,60.074
10585,60.075
10586,60.077
10587,60.078
10588,60.080
10589,60.081
10590,60.082
10591,60.084
10592,60.085
10593,60.110
10594,60.121
10595,60.145
10596,60.156
10597,60.178
10598,60.190
10599,60.214
10600,60.225
10601,60.249
10602,60.260
10603,60.283
10604,60.295
10605,60.317
10606,60.328
10607,60.334
10608,60.336
10609,60.337
10610,60.338
10611,60.338
10612,60.360
10613,60.371
10614,60.393
10615,60.404
10616,60.432
10617,60.442
10618,60.463
10619,60.473
10620,60.474
10621,60.496
10622,60.507
10623,60.527
10624,60.536
10625,60.560
10626,60.576
10627,60.607
10628,60.622
10629,60.653
10630,60.669
10631,60.699
10632,60.712
10633,60.741
10634,60.755
10635,60.784
10636,60.798
10637,60.805
10638,60.820
10639,60.821
10640,60.827
10641,60.841
10642,60.849
10643,60.863
10644,60.865
10645,60.866
10646,60.868
10647,60.897
10648,60.899
10649,60.900
10650,60.901
10651,60.935
10652,60.949
10653,60.988
10654,61.036
10655,61.048
10656,61.072
10657,61.074
10658,61.075
10659,61.082
10660,61.094
10661,61.095
10662,61.096
10663,61.097
10664,61.098
10665,61.099
10666,61.106
10667,61.107
10668,61.108
10669,61.115
10670,61.128
10671,61.129
10672,61.130
10673,61.131
10674,61.132
10675,61.156
10676,61.167
10677,61.189
10678,61.199
10679,61.221
10680,61.231
10681,61.253
10682,61.265
10683,61.286
10684,61.296
10685,61.318
10686,61.330
10687,61.352
10688,61.363
10689,61.384
10690,61.394
10691,61.415
10692,61.426
10693,61.452
10694,61.465
10695,61.466
10696,61.468
10697,61.471
10698,61.471
10699,61.473
10700,61.475
10701,61.476
10702,61.478
10703,61.481
10704,61.481
10705,61.485
10706,61.485
10707,61.486
10708,61.488
10709,61.511
10710,61.522
10711,61.545
10712,61.556
10713,61.578
10714,61.588
10715,61.612
10716,61.623
10717,61.645
10718,61.655
10719,61.678
10720,61.688
10721,61.710
10722,61.721
10723,61.727
10724,61.728
10725,61.729
10726,61.730
10727,61.731
10728,61.753
10729,61.764
10730,61.785
10731,61.796
10732,61.825
10733,61.835
10734,61.856
10735,61.867
10736,61.868
10737,61.873
10738,61.883
10739,61.884
10740,61.885
10741,61.890
10742,61.900
10743,61.922
10744,61.933
10745,61.956
10746,61.966
10747,61.989
10748,62.000
10749,62.023
10750,62.034
10751,62.056
10752,62.067
10753,62.089
10754,62.100
10755,62.122
10756,62.132
10757,62.154
10758,62.165
10759,62.186
10760,62.195
10761,62.226
10762,62.270
10763,62.285
10764,62.287
10765,62.332
10766,62.349
10767,62.380
10768,62.395
10769,62.424
10770,62.439
10771,62.440
10772,62.442
10773,62.443
10774,62.450
10775,62.463
10776,62.465
10777,62.466
10778,62.467
10779,62.469
10780,62.502
10781,62.517
10782,62.548
10783,62.562
10784,62.591
10785,62.605
10786,62.634
10787,62.649
10788,62.657
10789,62.673
10790,62.674
10791,62.676
10792,62.678
10793,62.713
10794,62.716
10795,62.717
10796,62.719
10797,62.744
10798,62.756
10799,62.757
10800,62.785
10801,62.799
10802,62.825
10803,62.836
10804,62.858
10805,62.860
10806,62.861
10807,62.862
10808,62.885
10809,62.896
10810,62.919
10811,62.930
10812,62.931
10813,62.933
10814,62.934
10815,62.935
10816,62.940
10817,62.942
10818,62.943
10819,62.948
10820,62.949
10821,62.950
10822,62.951
10823,62.979
10824,62.991
10825,62.992
10826,63.015
10827,63.026
10828,63.028
10829,63.029
10830,63.030
10831,63.056
10832,63.068
10833,63.070
10834,63.094
10835,63.104
10836,63.127
10837,63.138
10838,63.161
10839,63.172
10840,63.196
10841,63.207
10842,63.230
10843,63.240
10844,63.263
10845,63.274
10846,63.296
10847,63.307
10848,63.331
10849,63.342
10850,63.364
10851,63.376
10852,63.406
10853,63.419
10854,63.421
10855,63.422
10856,63.423
10857,63.424
10858,63.426
10859,63.427
10860,63.429
10861,63.430
10862,63.432
10863,63.433
10864,63.435
10865,63.436
10866,63.438
10867,63.439
10868,63.464
10869,63.476
10870,63.501
10871,63.512
10872,63.538
10873,63.550
10874,63.578
10875,63.591
10876,63.615
10877,63.627
10878,63.650
10879,63.662
10880,63.685
10881,63.696
10882,63.702
10883,63.704
10884,63.705
10885,63.706
10886,63.707
10887,63.730
10888,63.741
10889,63.764
10890,63.775
10891,63.806
10892,63.817
10893,63.839
10894,63.850
10895,63.851
10896,63.857
10897,63.869
10898,63.870
10899,63.871
10900,63.872
10901,63.878
10902,63.887
10903,63.909
10904,63.920
10905,63.939
10906,63.940
10907,63.941
10908,63.942
10909,63.971
10910,63.988
10911,64.028
10912,64.074
10913,64.090
10914,64.119
10915,64.133
10916,64.140
10917,64.153
10918,64.155
10919,64.161
10920,64.173
10921,64.180
10922,64.194
10923,64.195
10924,64.224
10925,64.239
10926,64.241
10927,64.273
10928,64.314
10929,64.328
10930,64.329
10931,64.331
10932,64.332
10933,64.359
10934,64.373
10935,64.426
10936,64.478
10937,64.489
10938,64.514
10939,64.525
10940,64.530
10941,64.541
10942,64.542
10943,64.547
10944,64.562
10945,64.564
10946,64.574
10947,64.580
10948,64.590
10949,64.591
10950,64.616
10951,64.628
10952,64.629
10953,64.653
10954,64.664
10955,64.686
10956,64.697
10957,64.698
10958,64.699
10959,64.700
10960,64.723
10961,64.724
10962,64.725
10963,64.726
10964,64.727
10965,64.749
10966,64.750
10967,64.751
10968,64.752
10969,64.785
10970,64.797
10971,64.799
10972,64.800
10973,64.802
10974,64.803
10975,64.825
10976,64.826
10977,64.827
10978,64.832
10979,64.834
10980,64.835
10981,64.835
10982,64.869
10983,64.881
10984,64.882
10985,64.884
10986,64.885
10987,64.910
10988,64.920
10989,64.942
10990,64.953
10991,64.975
10992,64.986
10993,65.008
10994,65.020
10995,65.041
10996,65.052
10997,65.075
10998,65.086
10999,65.108
11000,65.119
11001,65.143
11002,65.154
11003,65.175
11004,65.186
11005,65.215
11006,65.229
11007,65.230
11008,65.232
11009,65.233
11010,65.234
11011,65.236
11012,65.237
11013,65.238
11014,65.240
11015,65.241
11016,65.243
11017,65.244
11018,65.246
11019,65.247
11020,65.249
11021,65.271
11022,65.289
11023,65.328
11024,65.342
11025,65.365
11026,65.377
11027,65.400
11028,65.438
11029,65.471
11030,65.482
11031,65.483
11032,65.505
11033,65.516
11034,65.518
11035,65.519
11036,65.520
11037,65.525
11038,65.535
11039,65.559
11040,65.570
11041,65.595
11042,65.607
11043,65.608
11044,65.629
11045,65.639
11046,65.662
11047,65.677
11048,65.679
11049,65.710
11050,65.725
11051,65.733
11052,65.748
11053,65.750
11054,65.751
11055,65.752
11056,65.753
11057,65.785
11058,65.802
11059,65.832
11060,65.877
11061,65.879
11062,65.880
11063,65.881
11064,65.889
11065,65.903
11066,65.904
11067,65.906
11068,65.907
11069,65.908
11070,65.916
11071,65.930
11072,65.960
11073,65.976
11074,66.006
11075,66.007
11076,66.009
11077,66.010
11078,66.040
11079,66.055
11080,66.083
11081,66.097
11082,66.099
11083,66.131
11084,66.146
11085,66.155
11086,66.172
11087,66.173
11088,66.179
11089,66.189
11090,66.213
11091,66.225
11092,66.247
11093,66.259
11094,66.260
11095,66.262
11096,66.263
11097,66.264
11098,66.271
11099,66.283
11100,66.284
11101,66.285
11102,66.286
11103,66.287
11104,66.313
11105,66.324
11106,66.326
11107,66.349
11108,66.361
11109,66.366
11110,66.377
11111,66.378
11112,66.383
11113,66.393
11114,66.400
11115,66.411
11116,66.412
11117,66.413
11118,66.414
11119,66.438
11120,66.439
11121,66.441
11122,66.442
11123,66.468
11124,66.480
11125,66.481
11126,66.511
11127,66.524
11128,66.526
11129,66.527
11130,66.528
11131,66.552
11132,66.564
11133,66.565
11134,66.571
11135,66.572
11136,66.573
11137,66.574
11138,66.579
11139,66.581
11140,66.582
11141,66.583
11142,66.588
11143,66.599
11144,66.601
11145,66.602
11146,66.603
11147,66.604
11148,66.609
11149,66.611
11150,66.612
11151,66.613
11152,66.618
11153,66.619
11154,66.620
11155,66.621
11156,66.647
11157,66.659
11158,66.661
11159,66.683
11160,66.695
11161,66.696
11162,66.697
11163,66.699
11164,66.725
11165,66.737
11166,66.739
11167,66.763
11168,66.774
11169,66.775
11170,66.797
11171,66.808
11172,66.831
11173,66.842
11174,66.843
11175,66.868
11176,66.880
11177,66.882
11178,66.906
11179,66.917
11180,66.941
11181,66.953
11182,66.954
11183,66.978
11184,66.990
11185,67.013
11186,67.025
11187,67.026
11188,67.050
11189,67.061
11190,67.091
11191,67.105
11192,67.107
11193,67.108
11194,67.109
11195,67.111
11196,67.112
11197,67.113
11198,67.115
11199,67.116
11200,67.118
11201,67.119
11202,67.120
11203,67.122
11204,67.123
11205,67.125
11206,67.147
11207,67.162
11208,67.178
11209,67.179
11210,67.202
11211,67.213
11212,67.214
11213,67.236
11214,67.247
11215,67.248
11216,67.253
11217,67.263
11218,67.287
11219,67.298
11220,67.299
11221,67.300
11222,67.331
11223,67.344
11224,67.345
11225,67.347
11226,67.369
11227,67.380
11228,67.381
11229,67.382
11230,67.405
11231,67.415
11232,67.416
11233,67.452
11234,67.470
11235,67.472
11236,67.473
11237,67.509
11238,67.525
11239,67.526
11240,67.528
11241,67.529
11242,67.562
11243,67.577
11244,67.578
11245,67.585
11246,67.598
11247,67.631
11248,67.648
11249,67.649
11250,67.650
11251,67.692
11252,67.708
11253,67.710
11254,67.712
11255,67.742
11256,67.758
11257,67.759
11258,67.761
11259,67.794
11260,67.809
11261,67.811
11262,67.847
11263,67.864
11264,67.866
11265,67.867
11266,67.904
11267,67.923
11268,67.925
11269,67.926
11270,67.928
11271,67.957
11272,67.969
11273,67.970
11274,67.975
11275,67.987
11276,68.015
11277,68.028
11278,68.029
11279,68.060
11280,68.093
11281,68.104
11282,68.105
11283,68.106
11284,68.107
11285,68.131
11286,68.142
11287,68.143
11288,68.144
11289,68.145
11290,68.168
11291,68.180
11292,68.181
11293,68.182
11294,68.206
11295,68.217
11296,68.218
11297,68.219
11298,68.242
11299,68.253
11300,68.258
11301,68.269
11302,68.270
11303,68.275
11304,68.286
11305,68.315
11306,68.328
11307,68.329
11308,68.360
11309,68.392
11310,68.404
11311,68.405
11312,68.406
11313,68.407
11314,68.430
11315,68.443
11316,68.444
11317,68.445
11318,68.446
11319,68.470
11320,68.482
11321,68.483
11322,68.484
11323,68.507
11324,68.518
11325,68.524
11326,68.535
11327,68.537
11328,68.542
11329,68.553
11330,68.558
11331,68.570
11332,68.571
11333,68.595
11334,68.606
11335,68.630
11336,68.642
11337,68.643
11338,68.667
11339,68.678
11340,68.679
11341,68.685
11342,68.696
11343,68.697
11344,68.721
11345,68.733
11346,68.735
11347,68.758
11348,68.770
11349,68.771
11350,68.804
11351,68.817
11352,68.819
11353,68.820
11354,68.822
11355,68.851
11356,68.865
11357,68.866
11358,68.899
11359,68.912
11360,68.913
11361,68.914
11362,68.915
11363,68.939
11364,68.951
11365,68.952
11366,68.954
11367,68.955
11368,68.982
11369,68.994
11370,68.996
11371,68.997
11372,69.019
11373,69.030
11374,69.036
11375,69.046
11376,69.048
11377,69.052
11378,69.062
11379,69.068
11380,69.079
11381,69.080
11382,69.103
11383,69.105
11384,69.106
11385,69.130
11386,69.141
11387,69.142
11388,69.163
11389,69.173
11390,69.174
11391,69.202
11392,69.217
11393,69.219
11394,69.262
11395,69.264
11396,69.266
11397,69.268
11398,69.269
11399,69.271
11400,69.313
11401,69.330
11402,69.332
11403,69.376
11404,69.393
11405,69.395
11406,69.396
11407,69.398
11408,69.436
11409,69.454
11410,69.456
11411,69.457
11412,69.459
11413,69.489
11414,69.505
11415,69.506
11416,69.507
11417,69.537
11418,69.553
11419,69.554
11420,69.561
11421,69.574
11422,69.611
11423,69.627
11424,69.629
11425,69.680
11426,69.700
11427,69.701
11428,69.703
11429,69.735
11430,69.748
11431,69.750
11432,69.751
11433,69.752
11434,69.776
11435,69.789
11436,69.790
11437,69.792
11438,69.817
11439,69.829
11440,69.852
11441,69.864
11442,69.865
11443,69.867
11444,69.890
11445,69.902
11446,69.908
11447,69.920
11448,69.921
11449,69.922
11450,69.923
11451,69.924
11452,69.925
11453,69.926
11454,69.927
11455,69.932
11456,69.940
11457,69.941
11458,69.942
11459,69.946
11460,69.952
11461,69.953
11462,69.954
11463,69.955
11464,69.956
11465,69.957
11466,69.957
11467,69.958
11468,69.959
11469,69.962
11470,69.967
11471,69.970
11472,69.975
11473,69.978
11474,69.983
11475,69.986
11476,69.991
11477,70.011
11478,70.016
11479,70.036
11480,70.041
11481,70.045
11482,70.051
11483,70.054
11484,70.060
11485,70.062
11486,70.067
11487,70.070
11488,70.076
11489,70.079
11490,70.104
11491,70.110
11492,70.128
11493,70.159
11494,70.164
11495,70.166
11496,70.192
11497,70.214
11498,70.219
11499,70.220
11500,70.244
11501,70.250
11502,70.270
11503,70.276
11504,70.277
11505,70.296
11506,70.319
11507,70.343
11508,70.369
11509,70.376
11510,70.377
11511,70.380
11512,70.386
11513,70.388
11514,70.394
11515,70.395
11516,70.396
11517,70.420
11518,70.427
11519,70.449
11520,70.456
11521,70.457
11522,70.461
11523,70.466
11524,70.467
11525,70.468
11526,70.471
11527,70.476
11528,70.477
11529,70.480
11530,70.487
11531,70.488
11532,70.490
11533,70.495
11534,70.496
11535,70.498
11536,70.504
11537,70.505
11538,70.506
11539,70.507
11540,70.507
11541,70.511
11542,70.516
11543,70.517
11544,70.518
11545,70.519
11546,70.520
11547,70.521
11548,70.522
11549,70.523
11550,70.524
11551,70.526
11552,70.533
11553,70.539
11554,70.546
11555,70.552
11556,70.559
11557,70.566
11558,70.572
11559,70.579
11560,70.589
11561,70.591
11562,70.591
11563,70.610
11564,70.616
11565,70.642
11566,70.668
11567,70.676
11568,70.677
11569,70.685
11570,70.695
11571,70.702
11572,70.706
11573,70.732
11574,70.737
11575,70.739
11576,70.740
11577,70.743
11578,70.745
11579,70.746
11580,70.747
11581,70.748
11582,70.764
11583,70.769
11584,70.771
11585,70.772
11586,70.785
11587,70.786
11588,70.787
11589,70.788
11590,70.797
11591,70.799
11592,70.799
11593,70.800
11594,70.802
11595,70.803
11596,70.813
11597,70.814
11598,70.815
11599,70.835
11600,70.865
11601,70.866
11602,70.867
11603,70.872
11604,70.874
11605,70.884
11606,70.890
11607,70.891
11608,70.892
11609,70.894
11610,70.897
11611,70.905
11612,70.915
11613,70.921
11614,70.929
11615,70.935
11616,70.944
11617,70.950
11618,70.966
11619,70.976
11620,70.978
11621,70.979
11622,70.980
11623,70.988
11624,71.008
11625,71.022
11626,71.030
11627,71.045
11628,71.062
11629,71.078
11630,71.086
11631,71.101
11632,71.102
11633,71.104
11634,71.110
11635,71.154
11636,71.203
11637,71.246
11638,71.259
11639,71.261
11640,71.262
11641,71.268
11642,71.281
11643,71.282
11644,71.318
11645,71.331
11646,71.356
11647,71.358
11648,71.359
11649,71.364
11650,71.366
11651,71.367
11652,71.368
11653,71.406
11654,71.421
11655,71.454
11656,71.488
11657,71.499
11658,71.500
11659,71.522
11660,71.532
11661,71.555
11662,71.569
11663,71.580
11664,71.581
11665,71.586
11666,71.596
11667,71.601
11668,71.613
11669,71.614
11670,71.615
11671,71.620
11672,71.629
11673,71.635
11674,71.645
11675,71.646
11676,71.647
11677,71.648
11678,71.648
11679,71.653
11680,71.663
11681,71.668
11682,71.677
11683,71.682
11684,71.692
11685,71.693
11686,71.721
11687,71.732
11688,71.734
11689,71.735
11690,71.736
11691,71.737
11692,71.738
11693,71.740
11694,71.741
11695,71.742
11696,71.743
11697,71.745
11698,71.746
11699,71.747
11700,71.749
11701,71.750
11702,71.773
11703,71.783
11704,71.807
11705,71.817
11706,71.840
11707,71.849
11708,71.873
11709,71.884
11710,71.906
11711,71.916
11712,71.938
11713,71.948
11714,71.969
11715,71.979
11716,71.984
11717,71.985
11718,71.986
11719,71.987
11720,71.988
11721,72.009
11722,72.019
11723,72.041
11724,72.052
11725,72.084
11726,72.095
11727,72.117
11728,72.127
11729,72.128
11730,72.151
11731,72.161
11732,72.185
11733,72.195
11734,72.218
11735,72.228
11736,72.248
11737,72.258
11738,72.281
11739,72.292
11740,72.313
11741,72.323
11742,72.348
11743,72.359
11744,72.380
11745,72.392
11746,72.398
11747,72.409
11748,72.410
11749,72.416
11750,72.426
11751,72.576
11752,72.576
11753,72.576
11754,72.576
11755,72.576
11756,72.576
11757,72.576
11758,72.576
11759,72.576
11760,72.576
11761,72.576
11762,72.576
11763,72.576
11764,72.576
11765,72.576
11766,72.603
11767,72.616
11768,72.617
11769,72.619
11770,72.620
11771,72.621
11772,72.622
11773,72.644
11774,72.646
11775,72.647
11776,72.677
11777,72.695
11778,72.697
11779,72.699
11780,72.701
11781,72.703
11782,72.739
11783,72.754
11784,72.785
11785,72.800
11786,72.829
11787,72.843
11788,72.872
11789,72.886
11790,72.913
11791,72.927
11792,72.959
11793,72.973
11794,73.002
11795,73.015
11796,73.043
11797,73.056
11798,73.083
11799,73.096
11800,73.131
11801,73.149
11802,73.150
11803,73.152
11804,73.153
11805,73.155
11806,73.157
11807,73.158
11808,73.160
11809,73.161
11810,73.163
11811,73.165
11812,73.166
11813,73.168
11814,73.169
11815,73.171
11816,73.200
11817,73.210
11818,73.235
11819,73.246
11820,73.269
11821,73.280
11822,73.304
11823,73.315
11824,73.337
11825,73.347
11826,73.371
11827,73.383
11828,73.405
11829,73.415
11830,73.421
11831,73.422
11832,73.423
11833,73.424
11834,73.425
11835,73.451
11836,73.461
11837,73.484
11838,73.494
11839,73.522
11840,73.532
11841,73.553
11842,73.563
11843,73.564
11844,73.569
11845,73.580
11846,73.581
11847,73.582
11848,73.587
11849,73.596
11850,73.617
11851,73.627
11852,73.650
11853,73.661
11854,73.684
11855,73.694
11856,73.717
11857,73.728
11858,73.752
11859,73.762
11860,73.785
11861,73.795
11862,73.818
11863,73.828
11864,73.851
11865,73.861
11866,73.884
11867,73.894
11868,73.923
11869,73.953
11870,73.963
11871,73.964
11872,73.993
11873,74.005
11874,74.029
11875,74.040
11876,74.063
11877,74.074
11878,74.075
11879,74.075
11880,74.076
11881,74.081
11882,74.091
11883,74.092
11884,74.093
11885,74.094
11886,74.095
11887,74.118
11888,74.128
11889,74.150
11890,74.159
11891,74.182
11892,74.191
11893,74.213
11894,74.222
11895,74.227
11896,74.236
11897,74.237
11898,74.238
11899,74.239
11900,74.261
11901,74.262
11902,74.263
11903,74.264
11904,74.287
11905,74.297
11906,74.298
11907,74.322
11908,74.332
11909,74.357
11910,74.372
11911,74.403
11912,74.405
11913,74.406
11914,74.407
11915,74.439
11916,74.455
11917,74.492
11918,74.507
11919,74.508
11920,74.510
11921,74.511
11922,74.512
11923,74.514
11924,74.544
11925,74.545
11926,74.547
11927,74.553
11928,74.554
11929,74.555
11930,74.556
11931,74.592
11932,74.608
11933,74.609
11934,74.611
11935,74.612
11936,74.613
11937,74.645
11938,74.659
11939,74.689
11940,74.702
11941,74.734
11942,74.747
11943,74.778
11944,74.792
11945,74.826
11946,74.842
11947,74.871
11948,74.882
11949,74.908
11950,74.919
11951,74.947
11952,74.958
11953,74.981
11954,74.991
11955,75.017
11956,75.056
11957,75.068
11958,75.070
11959,75.071
11960,75.072
11961,75.073
11962,75.075
11963,75.076
11964,75.077
11965,75.078
11966,75.080
11967,75.081
11968,75.082
11969,75.083
11970,75.085
11971,75.086
11972,75.109
11973,75.119
11974,75.142
11975,75.153
11976,75.175
11977,75.185
11978,75.209
11979,75.219
11980,75.241
11981,75.250
11982,75.273
11983,75.283
11984,75.303
11985,75.313
11986,75.318
11987,75.328
11988,75.329
11989,75.330
11990,75.330
11991,75.352
11992,75.363
11993,75.385
11994,75.417
11995,75.418
11996,75.419
11997,75.420
11998,75.448
11999,75.479
12000,75.489
12001,75.490
12002,75.491
12003,75.492
12004,75.496
12005,75.506
12006,75.527
12007,75.537
12008,75.562
12009,75.563
12010,75.564
12011,75.565
12012,75.589
12013,75.599
12014,75.629
12015,75.660
12016,75.670
12017,75.693
12018,75.703
12019,75.708
12020,75.718
12021,75.719
12022,75.723
12023,75.733
12024,75.756
12025,75.766
12026,75.796
12027,75.826
12028,75.836
12029,75.837
12030,75.838
12031,75.839
12032,75.840
12033,75.845
12034,75.855
12035,75.856
12036,75.857
12037,75.858
12038,75.882
12039,75.892
12040,75.913
12041,75.924
12042,75.929
12043,75.940
12044,75.941
12045,75.945
12046,75.954
12047,75.959
12048,75.968
12049,75.973
12050,75.982
12051,75.983
12052,76.008
12053,76.020
12054,76.021
12055,76.042
12056,76.083
12057,76.099
12058,76.100
12059,76.132
12060,76.135
12061,76.136
12062,76.170
12063,76.213
12064,76.226
12065,76.228
12066,76.272
12067,76.287
12068,76.289
12069,76.291
12070,76.292
12071,76.293
12072,76.324
12073,76.337
12074,76.344
12075,76.357
12076,76.363
12077,76.365
12078,76.366
12079,76.367
12080,76.402
12081,76.418
12082,76.420
12083,76.421
12084,76.450
12085,76.451
12086,76.453
12087,76.482
12088,76.496
12089,76.530
12090,76.532
12091,76.533
12092,76.541
12093,76.556
12094,76.558
12095,76.559
12096,76.566
12097,76.567
12098,76.568
12099,76.569
12100,76.573
12101,76.575
12102,76.575
12103,76.576
12104,76.613
12105,76.626
12106,76.627
12107,76.629
12108,76.630
12109,76.655
12110,76.667
12111,76.688
12112,76.698
12113,76.719
12114,76.731
12115,76.753
12116,76.763
12117,76.784
12118,76.794
12119,76.816
12120,76.826
12121,76.848
12122,76.859
12123,76.882
12124,76.892
12125,76.913
12126,76.922
12127,76.948
12128,76.960
12129,76.961
12130,76.962
12131,76.963
12132,76.964
12133,76.965
12134,76.967
12135,76.968
12136,76.969
12137,76.970
12138,76.971
12139,76.972
12140,76.974
12141,76.975
12142,76.976
12143,76.998
12144,77.027
12145,77.058
12146,77.067
12147,77.068
12148,77.090
12149,77.100
12150,77.101
12151,77.106
12152,77.117
12153,77.122
12154,77.132
12155,77.133
12156,77.134
12157,77.164
12158,77.174
12159,77.176
12160,77.197
12161,77.207
12162,77.212
12163,77.222
12164,77.223
12165,77.248
12166,77.259
12167,77.260
12168,77.285
12169,77.296
12170,77.297
12171,77.298
12172,77.322
12173,77.332
12174,77.333
12175,77.338
12176,77.349
12177,77.353
12178,77.364
12179,77.365
12180,77.366
12181,77.400
12182,77.412
12183,77.413
12184,77.436
12185,77.447
12186,77.453
12187,77.463
12188,77.464
12189,77.488
12190,77.499
12191,77.500
12192,77.524
12193,77.535
12194,77.536
12195,77.538
12196,77.559
12197,77.569
12198,77.570
12199,77.574
12200,77.587
12201,77.592
12202,77.602
12203,77.603
12204,77.632
12205,77.644
12206,77.645
12207,77.672
12208,77.683
12209,77.707
12210,77.718
12211,77.719
12212,77.721
12213,77.743
12214,77.752
12215,77.753
12216,77.778
12217,77.793
12218,77.794
12219,77.825
12220,77.839
12221,77.846
12222,77.861
12223,77.863
12224,77.870
12225,77.885
12226,77.892
12227,77.906
12228,77.907
12229,77.945
12230,77.960
12231,77.962
12232,77.997
12233,78.013
12234,78.044
12235,78.058
12236,78.059
12237,78.060
12238,78.090
12239,78.104
12240,78.105
12241,78.133
12242,78.146
12243,78.152
12244,78.165
12245,78.166
12246,78.172
12247,78.185
12248,78.191
12249,78.205
12250,78.206
12251,78.213
12252,78.228
12253,78.230
12254,78.266
12255,78.276
12256,78.278
12257,78.309
12258,78.320
12259,78.321
12260,78.323
12261,78.344
12262,78.355
12263,78.356
12264,78.361
12265,78.372
12266,78.373
12267,78.396
12268,78.407
12269,78.408
12270,78.438
12271,78.450
12272,78.452
12273,78.453
12274,78.481
12275,78.493
12276,78.517
12277,78.527
12278,78.529
12279,78.530
12280,78.554
12281,78.565
12282,78.567
12283,78.591
12284,78.600
12285,78.601
12286,78.606
12287,78.616
12288,78.621
12289,78.631
12290,78.632
12291,78.637
12292,78.647
12293,78.648
12294,78.671
12295,78.681
12296,78.682
12297,78.712
12298,78.723
12299,78.724
12300,78.726
12301,78.748
12302,78.758
12303,78.760
12304,78.764
12305,78.775
12306,78.776
12307,78.799
12308,78.810
12309,78.811
12310,78.841
12311,78.852
12312,78.853
12313,78.855
12314,78.883
12315,78.895
12316,78.918
12317,78.930
12318,78.931
12319,78.932
12320,78.953
12321,78.963
12322,78.965
12323,78.985
12324,78.995
12325,78.996
12326,79.001
12327,79.011
12328,79.016
12329,79.026
12330,79.027
12331,79.057
12332,79.068
12333,79.069
12334,79.099
12335,79.112
12336,79.136
12337,79.147
12338,79.148
12339,79.149
12340,79.171
12341,79.181
12342,79.182
12343,79.203
12344,79.213
12345,79.235
12346,79.245
12347,79.246
12348,79.267
12349,79.277
12350,79.299
12351,79.305
12352,79.306
12353,79.307
12354,79.311
12355,79.312
12356,79.313
12357,79.334
12358,79.345
12359,79.348
12360,79.352
12361,79.353
12362,79.355
12363,79.372
12364,79.377
12365,79.402
12366,79.406
12367,79.427
12368,79.444
12369,79.446
12370,79.447
12371,79.448
12372,79.450
12373,79.455
12374,79.567
12375,79.572
12376,79.573
12377,79.574
12378,79.575
12379,79.576
12380,79.577
12381,79.643
12382,79.704
12383,79.736
12384,79.765
12385,79.771
12386,79.773
12387,79.778
12388,79.779
12389,79.781
12390,79.813
12391,79.818
12392,79.843
12393,79.857
12394,79.861
12395,79.869
12396,79.870
12397,79.872
12398,79.873
12399,79.899
12400,79.909
12401,79.946
12402,79.977
12403,79.983
12404,79.986
12405,79.988
12406,80.018
12407,80.031
12408,80.032
12409,80.033
12410,80.035
12411,80.036
12412,80.037
12413,80.038
12414,80.039
12415,80.041
12416,80.042
12417,80.044
12418,80.045
12419,80.047
12420,80.048
12421,80.050
12422,80.073
12423,80.105
12424,80.140
12425,80.151
12426,80.179
12427,80.191
12428,80.216
12429,80.226
12430,80.250
12431,80.261
12432,80.284
12433,80.294
12434,80.317
12435,80.328
12436,80.349
12437,80.359
12438,80.367
12439,80.376
12440,80.399
12441,80.409
12442,80.431
12443,80.442
12444,80.443
12445,80.450
12446,80.460
12447,80.467
12448,80.476
12449,80.505
12450,80.517
12451,80.541
12452,80.552
12453,80.574
12454,80.608
12455,80.610
12456,80.611
12457,80.612
12458,80.641
12459,80.673
12460,80.684
12461,80.685
12462,80.686
12463,80.687
12464,80.694
12465,80.705
12466,80.712
12467,80.722
12468,80.745
12469,80.756
12470,80.782
12471,80.793
12472,80.818
12473,80.829
12474,80.831
12475,80.838
12476,80.849
12477,80.857
12478,80.867
12479,80.891
12480,80.901
12481,80.925
12482,80.927
12483,80.928
12484,80.929
12485,80.959
12486,80.973
12487,81.002
12488,81.033
12489,81.043
12490,81.044
12491,81.045
12492,81.046
12493,81.070
12494,81.080
12495,81.102
12496,81.112
12497,81.120
12498,81.130
12499,81.137
12500,81.147
12501,81.168
12502,81.177
12503,81.206
12504,81.222
12505,81.223
12506,81.233
12507,81.247
12508,81.258
12509,81.272
12510,81.313
12511,81.330
12512,81.371
12513,81.411
12514,81.424
12515,81.426
12516,81.434
12517,81.447
12518,81.448
12519,81.449
12520,81.450
12521,81.457
12522,81.470
12523,81.471
12524,81.478
12525,81.492
12526,81.493
12527,81.494
12528,81.496
12529,81.526
12530,81.541
12531,81.569
12532,81.584
12533,81.594
12534,81.607
12535,81.616
12536,81.628
12537,81.635
12538,81.651
12539,81.658
12540,81.674
12541,81.709
12542,81.723
12543,81.749
12544,81.759
12545,81.783
12546,81.795
12547,81.819
12548,81.821
12549,81.822
12550,81.823
12551,81.827
12552,81.829
12553,81.829
12554,81.830
12555,81.835
12556,81.836
12557,81.837
12558,81.838
12559,81.839
12560,81.845
12561,81.856
12562,81.861
12563,81.871
12564,81.898
12565,81.910
12566,81.911
12567,81.912
12568,81.914
12569,81.940
12570,81.953
12571,81.978
12572,81.990
12573,82.012
12574,82.013
12575,82.014
12576,82.015
12577,82.038
12578,82.049
12579,82.050
12580,82.073
12581,82.075
12582,82.076
12583,82.077
12584,82.100
12585,82.110
12586,82.111
12587,82.115
12588,82.125
12589,82.154
12590,82.168
12591,82.192
12592,82.203
12593,82.227
12594,82.238
12595,82.239
12596,82.245
12597,82.255
12598,82.257
12599,82.280
12600,82.291
12601,82.292
12602,82.293
12603,82.321
12604,82.333
12605,82.335
12606,82.357
12607,82.369
12608,82.370
12609,82.394
12610,82.404
12611,82.405
12612,82.406
12613,82.434
12614,82.447
12615,82.448
12616,82.471
12617,82.483
12618,82.484
12619,82.490
12620,82.500
12621,82.501
12622,82.506
12623,82.507
12624,82.509
12625,82.510
12626,82.514
12627,82.516
12628,82.517
12629,82.518
12630,82.525
12631,82.535
12632,82.543
12633,82.553
12634,82.559
12635,82.569
12636,82.570
12637,82.575
12638,82.576
12639,82.577
12640,82.578
12641,82.585
12642,82.587
12643,82.588
12644,82.589
12645,82.616
12646,82.628
12647,82.629
12648,82.654
12649,82.665
12650,82.667
12651,82.668
12652,82.669
12653,82.670
12654,82.700
12655,82.711
12656,82.735
12657,82.746
12658,82.751
12659,82.761
12660,82.766
12661,82.776
12662,82.777
12663,82.803
12664,82.815
12665,82.816
12666,82.840
12667,82.851
12668,82.852
12669,82.853
12670,82.876
12671,82.887
12672,82.907
12673,82.916
12674,82.948
12675,82.963
12676,82.997
12677,83.011
12678,83.043
12679,83.058
12680,83.088
12681,83.103
12682,83.132
12683,83.146
12684,83.175
12685,83.189
12686,83.219
12687,83.234
12688,83.244
12689,83.258
12690,83.267
12691,83.269
12692,83.270
12693,83.271
12694,83.272
12695,83.278
12696,83.291
12697,83.297
12698,83.310
12699,83.319
12700,83.332
12701,83.350
12702,83.363
12703,83.371
12704,83.385
12705,83.392
12706,83.408
12707,83.419
12708,83.420
12709,83.422
12710,83.423
12711,83.424
12712,83.434
12713,83.443
12714,83.453
12715,83.462
12716,83.463
12717,83.465
12718,83.466
12719,83.477
12720,83.488
12721,83.490
12722,83.500
12723,83.501
12724,83.502
12725,83.503
12726,83.510
12727,83.517
12728,83.524
12729,83.525
12730,83.527
12731,83.534
12732,83.539
12733,83.540
12734,83.542
12735,83.553
12736,83.554
12737,83.555
12738,83.556
12739,83.563
12740,83.564
12741,83.565
12742,83.572
12743,83.573
12744,83.574
12745,83.575
12746,83.581
12747,83.582
12748,83.583
12749,83.591
12750,83.592
12751,83.593
12752,83.599
12753,83.611
12754,83.612
12755,83.613
12756,83.635
12757,83.640
12758,83.665
12759,83.666
12760,83.667
12761,83.667
12762,83.668
12763,83.669
12764,83.670
12765,83.676
12766,83.689
12767,83.690
12768,83.691
12769,83.692
12770,83.693
12771,83.699
12772,83.710
12773,83.715
12774,83.726
12775,83.733
12776,83.740
12777,83.745
12778,83.747
12779,83.758
12780,83.759
12781,83.760
12782,83.761
12783,83.762
12784,83.768
12785,83.777
12786,83.782
12787,83.792
12788,83.798
12789,83.808
12790,83.819
12791,83.824
12792,83.826
12793,83.827
12794,83.829
12795,83.830
12796,83.831
12797,83.834
12798,83.837
12799,83.838
12800,83.841
12801,83.843
12802,83.844
12803,83.848
12804,83.851
12805,83.863
12806,83.864
12807,83.865
12808,83.867
12809,83.868
12810,83.869
12811,83.869
12812,83.871
12813,83.876
12814,83.886
12815,83.887
12816,83.888
12817,83.893
12818,83.903
12819,83.911
12820,83.912
12821,83.913
12822,83.918
12823,83.928
12824,83.934
12825,83.939
12826,83.940
12827,83.941
12828,83.943
12829,83.951
12830,83.961
12831,83.967
12832,83.970
12833,83.971
12834,83.974
12835,83.975
12836,83.977
12837,83.978
12838,83.982
12839,83.985
12840,83.988
12841,83.991
12842,83.992
12843,83.993
12844,83.997
12845,83.999
12846,84.000
12847,84.003
12848,84.006
12849,84.007
12850,84.016
12851,84.017
12852,84.018
12853,84.024
12854,84.027
12855,84.037
12856,84.038
12857,84.039
12858,84.040
12859,84.046
12860,84.049
12861,84.050
12862,84.052
12863,84.055
12864,84.057
12865,84.058
12866,84.058
12867,84.079
12868,84.080
12869,84.081
12870,84.101
12871,84.106
12872,84.107
12873,84.108
12874,84.109
12875,84.110
12876,84.112
12877,84.115
12878,84.143
12879,84.146
12880,84.165
12881,84.169
12882,84.170
12883,84.181
12884,84.186
12885,84.190
12886,84.192
12887,84.198
12888,84.202
12889,84.210
12890,84.220
12891,84.227
12892,84.233
12893,84.237
12894,84.239
12895,84.246
12896,84.250
12897,84.258
12898,84.270
12899,84.280
12900,84.282
12901,84.283
12902,84.286
12903,84.291
12904,84.292
12905,84.295
12906,84.322
12907,84.326
12908,84.355
12909,84.357
12910,84.358
12911,84.360
12912,84.364
12913,84.365
12914,84.368
12915,84.374
12916,84.378
12917,84.385
12918,84.396
12919,84.408
12920,84.409
12921,84.410
12922,84.415
12923,84.425
12924,84.426
12925,84.434
12926,84.446
12927,84.451
12928,84.467
12929,84.468
12930,84.469
12931,84.475
12932,84.487
12933,84.497
12934,84.517
12935,84.530
12936,84.535
12937,84.547
12938,84.553
12939,84.565
12940,84.570
12941,84.589
12942,84.590
12943,84.591
12944,84.592
12945,84.593
12946,84.594
12947,84.602
12948,84.603
12949,84.604
12950,84.605
12951,84.606
12952,84.612
12953,84.613
12954,84.614
12955,84.621
12956,84.635
12957,84.642
12958,84.671
12959,84.685
12960,84.697
12961,84.711
12962,84.721
12963,84.739
12964,84.750
12965,84.751
12966,84.752
12967,84.753
12968,84.754
12969,84.762
12970,84.763
12971,84.764
12972,84.796
12973,84.802
12974,84.836
12975,84.882
12976,84.901
12977,84.902
12978,84.904
12979,84.905
12980,84.907
12981,84.908
12982,84.910
12983,84.911
12984,84.913
12985,84.914
12986,84.916
12987,84.918
12988,84.920
12989,84.922
12990,84.923
12991,84.952
12992,84.954
12993,84.955
12994,84.986
12995,84.987
12996,84.989
12997,85.018
12998,85.019
12999,85.020
13000,85.059
13001,85.107
13002,85.117
13003,85.147
13004,85.159
13005,85.180
13006,85.190
13007,85.195
13008,85.205
13009,85.211
13010,85.225
13011,85.234
13012,85.235
13013,85.239
13014,85.248
13015,85.252
13016,85.253
13017,85.254
13018,85.255
13019,85.256
13020,85.260
13021,85.269
13022,85.275
13023,85.285
13024,85.286
13025,85.287
13026,85.288
13027,85.295
13028,85.307
13029,85.316
13030,85.323
13031,85.332
13032,85.333
13033,85.339
13034,85.348
13035,85.353
13036,85.362
13037,85.363
13038,85.390
13039,85.400
13040,85.401
13041,85.402
13042,85.403
13043,85.428
13044,85.438
13045,85.439
13046,85.465
13047,85.476
13048,85.477
13049,85.504
13050,85.515
13051,85.516
13052,85.541
13053,85.551
13054,85.577
13055,85.589
13056,85.590
13057,85.595
13058,85.604
13059,85.631
13060,85.642
13061,85.666
13062,85.678
13063,85.680
13064,85.685
13065,85.694
13066,85.722
13067,85.733
13068,85.758
13069,85.770
13070,85.771
13071,85.775
13072,85.785
13073,85.811
13074,85.821
13075,85.848
13076,85.859
13077,85.860
13078,85.861
13079,85.862
13080,85.866
13081,85.867
13082,85.868
13083,85.893
13084,85.894
13085,85.895
13086,85.921
13087,85.931
13088,85.956
13089,85.967
13090,85.992
13091,86.003
13092,86.004
13093,86.006
13094,86.011
13095,86.021
13096,86.022
13097,86.023
13098,86.028
13099,86.039
13100,86.047
13101,86.058
13102,86.059
13103,86.060
13104,86.088
13105,86.089
13106,86.090
13107,86.116
13108,86.127
13109,86.128
13110,86.134
13111,86.136
13112,86.137
13113,86.138
13114,86.139
13115,86.140
13116,86.141
13117,86.146
13118,86.147
13119,86.148
13120,86.156
13121,86.167
13122,86.175
13123,86.187
13124,86.188
13125,86.193
13126,86.203
13127,86.204
13128,86.205
13129,86.211
13130,86.222
13131,86.223
13132,86.227
13133,86.239
13134,86.265
13135,86.276
13136,86.299
13137,86.311
13138,86.312
13139,86.316
13140,86.331
13141,86.368
13142,86.385
13143,86.422
13144,86.439
13145,86.441
13146,86.447
13147,86.463
13148,86.499
13149,86.518
13150,86.554
13151,86.575
13152,86.576
13153,86.583
13154,86.597
13155,86.632
13156,86.647
13157,86.682
13158,86.684
13159,86.685
13160,86.686
13161,86.688
13162,86.689
13163,86.690
13164,86.696
13165,86.709
13166,86.743
13167,86.745
13168,86.746
13169,86.781
13170,86.795
13171,86.839
13172,86.857
13173,86.859
13174,86.891
13175,86.892
13176,86.893
13177,86.927
13178,86.939
13179,86.940
13180,86.942
13181,86.972
13182,87.010
13183,87.022
13184,87.023
13185,87.024
13186,87.025
13187,87.051
13188,87.052
13189,87.053
13190,87.054
13191,87.055
13192,87.086
13193,87.098
13194,87.099
13195,87.130
13196,87.142
13197,87.143
13198,87.144
13199,87.170
13200,87.172
13201,87.173
13202,87.174
13203,87.175
13204,87.181
13205,87.191
13206,87.196
13207,87.207
13208,87.208
13209,87.209
13210,87.214
13211,87.215
13212,87.216
13213,87.217
13214,87.218
13215,87.223
13216,87.232
13217,87.241
13218,87.251
13219,87.252
13220,87.253
13221,87.280
13222,87.281
13223,87.282
13224,87.283
13225,87.309
13226,87.311
13227,87.312
13228,87.313
13229,87.319
13230,87.320
13231,87.321
13232,87.322
13233,87.323
13234,87.324
13235,87.325
13236,87.334
13237,87.344
13238,87.352
13239,87.363
13240,87.364
13241,87.369
13242,87.379
13243,87.381
13244,87.382
13245,87.387
13246,87.398
13247,87.399
13248,87.404
13249,87.414
13250,87.444
13251,87.456
13252,87.483
13253,87.484
13254,87.486
13255,87.487
13256,87.488
13257,87.493
13258,87.494
13259,87.495
13260,87.496
13261,87.497
13262,87.503
13263,87.514
13264,87.515
13265,87.520
13266,87.530
13267,87.556
13268,87.567
13269,87.594
13270,87.606
13271,87.607
13272,87.633
13273,87.644
13274,87.671
13275,87.683
13276,87.684
13277,87.689
13278,87.699
13279,87.725
13280,87.741
13281,87.766
13282,87.778
13283,87.780
13284,87.785
13285,87.794
13286,87.819
13287,87.829
13288,87.854
13289,87.865
13290,87.867
13291,87.871
13292,87.880
13293,87.905
13294,87.915
13295,87.946
13296,87.961
13297,87.963
13298,87.964
13299,87.965
13300,87.967
13301,87.968
13302,87.970
13303,87.971
13304,87.973
13305,87.975
13306,87.976
13307,87.978
13308,87.980
13309,87.982
13310,87.984
13311,88.008
13312,88.009
13313,88.010
13314,88.036
13315,88.037
13316,88.038
13317,88.064
13318,88.066
13319,88.067
13320,88.097
13321,88.125
13322,88.133
13323,88.177
13324,88.193
13325,88.225
13326,88.239
13327,88.248
13328,88.261
13329,88.271
13330,88.282
13331,88.288
13332,88.290
13333,88.291
13334,88.292
13335,88.293
13336,88.298
13337,88.311
13338,88.320
13339,88.339
13340,88.352
13341,88.353
13342,88.358
13343,88.371
13344,88.376
13345,88.378
13346,88.379
13347,88.380
13348,88.381
13349,88.386
13350,88.399
13351,88.404
13352,88.417
13353,88.418
13354,88.419
13355,88.425
13356,88.442
13357,88.455
13358,88.464
13359,88.476
13360,88.477
13361,88.478
13362,88.487
13363,88.498
13364,88.503
13365,88.516
13366,88.517
13367,88.552
13368,88.566
13369,88.567
13370,88.569
13371,88.570
13372,88.609
13373,88.625
13374,88.627
13375,88.656
13376,88.668
13377,88.669
13378,88.698
13379,88.709
13380,88.711
13381,88.737
13382,88.747
13383,88.773
13384,88.784
13385,88.786
13386,88.790
13387,88.800
13388,88.825
13389,88.836
13390,88.862
13391,88.873
13392,88.874
13393,88.878
13394,88.887
13395,88.912
13396,88.923
13397,88.946
13398,88.956
13399,88.957
13400,88.961
13401,88.970
13402,88.993
13403,89.002
13404,89.025
13405,89.038
13406,89.039
13407,89.040
13408,89.041
13409,89.045
13410,89.047
13411,89.047
13412,89.072
13413,89.073
13414,89.074
13415,89.097
13416,89.106
13417,89.130
13418,89.139
13419,89.163
13420,89.171
13421,89.172
13422,89.173
13423,89.177
13424,89.186
13425,89.187
13426,89.188
13427,89.192
13428,89.202
13429,89.209
13430,89.218
13431,89.219
13432,89.220
13433,89.245
13434,89.247
13435,89.248
13436,89.275
13437,89.284
13438,89.285
13439,89.290
13440,89.291
13441,89.292
13442,89.293
13443,89.294
13444,89.294
13445,89.295
13446,89.299
13447,89.301
13448,89.301
13449,89.309
13450,89.318
13451,89.325
13452,89.335
13453,89.336
13454,89.340
13455,89.350
13456,89.351
13457,89.352
13458,89.357
13459,89.367
13460,89.368
13461,89.373
13462,89.382
13463,89.406
13464,89.416
13465,89.443
13466,89.455
13467,89.456
13468,89.461
13469,89.470
13470,89.495
13471,89.505
13472,89.529
13473,89.539
13474,89.540
13475,89.545
13476,89.554
13477,89.578
13478,89.589
13479,89.614
13480,89.624
13481,89.625
13482,89.630
13483,89.639
13484,89.664
13485,89.675
13486,89.700
13487,89.701
13488,89.702
13489,89.703
13490,89.704
13491,89.705
13492,89.706
13493,89.710
13494,89.720
13495,89.746
13496,89.747
13497,89.748
13498,89.775
13499,89.785
13500,89.789
13501,89.797
13502,89.798
13503,89.799
13504,89.804
13505,89.815
13506,89.817
13507,89.818
13508,89.820
13509,89.854
13510,89.857
13511,89.858
13512,89.859
13513,89.860
13514,89.906
13515,89.923
13516,89.924
13517,89.968
13518,89.983
13519,89.985
13520,89.986
13521,90.018
13522,90.020
13523,90.021
13524,90.023
13525,90.024
13526,90.029
13527,90.041
13528,90.047
13529,90.059
13530,90.060
13531,90.061
13532,90.067
13533,90.069
13534,90.070
13535,90.071
13536,90.072
13537,90.078
13538,90.090
13539,90.101
13540,90.114
13541,90.116
13542,90.117
13543,90.152
13544,90.154
13545,90.155
13546,90.157
13547,90.190
13548,90.192
13549,90.193
13550,90.194
13551,90.201
13552,90.202
13553,90.203
13554,90.205
13555,90.206
13556,90.207
13557,90.208
13558,90.218
13559,90.230
13560,90.239
13561,90.251
13562,90.252
13563,90.259
13564,90.274
13565,90.276
13566,90.277
13567,90.285
13568,90.301
13569,90.306
13570,90.309
13571,90.310
13572,90.312
13573,90.313
13574,90.321
13575,90.331
13576,90.332
13577,90.336
13578,90.346
13579,90.372
13580,90.383
13581,90.408
13582,90.421
13583,90.422
13584,90.447
13585,90.457
13586,90.482
13587,90.493
13588,90.494
13589,90.499
13590,90.508
13591,90.533
13592,90.543
13593,90.569
13594,90.580
13595,90.581
13596,90.586
13597,90.595
13598,90.618
13599,90.628
13600,90.652
13601,90.663
13602,90.664
13603,90.668
13604,90.677
13605,90.702
13606,90.713
13607,90.737
13608,90.741
13609,90.771
13610,90.802
13611,90.807
13612,90.838
13613,90.874
13614,90.886
13615,90.887
13616,90.888
13617,90.889
13618,90.891
13619,90.892
13620,90.893
13621,90.894
13622,90.896
13623,90.897
13624,90.898
13625,90.900
13626,90.901
13627,90.902
13628,90.904
13629,90.926
13630,90.927
13631,90.928
13632,90.953
13633,90.954
13634,90.955
13635,90.989
13636,91.021
13637,91.031
13638,91.032
13639,91.065
13640,91.103
13641,91.141
13642,91.151
13643,91.178
13644,91.188
13645,91.189
13646,91.215
13647,91.225
13648,91.226
13649,91.250
13650,91.259
13651,91.285
13652,91.295
13653,91.296
13654,91.319
13655,91.329
13656,91.353
13657,91.362
13658,91.363
13659,91.387
13660,91.397
13661,91.401
13662,91.410
13663,91.411
13664,91.412
13665,91.435
13666,91.445
13667,91.469
13668,91.470
13669,91.471
13670,91.472
13671,91.473
13672,91.477
13673,91.486
13674,91.487
13675,91.491
13676,91.500
13677,91.521
13678,91.530
13679,91.562
13680,91.565
13681,91.566
13682,91.568
13683,91.569
13684,91.576
13685,91.577
13686,91.578
13687,91.579
13688,91.581
13689,91.582
13690,91.617
13691,91.632
13692,91.633
13693,91.668
13694,91.684
13695,91.690
13696,91.702
13697,91.704
13698,91.705
13699,91.710
13700,91.723
13701,91.755
13702,91.769
13703,91.800
13704,91.802
13705,91.804
13706,91.805
13707,91.806
13708,91.838
13709,91.853
13710,91.854
13711,91.887
13712,91.899
13713,91.906
13714,91.919
13715,91.920
13716,91.925
13717,91.938
13718,91.969
13719,91.971
13720,91.972
13721,92.007
13722,92.022
13723,92.029
13724,92.031
13725,92.032
13726,92.033
13727,92.035
13728,92.036
13729,92.037
13730,92.070
13731,92.081
13732,92.082
13733,92.107
13734,92.109
13735,92.110
13736,92.111
13737,92.112
13738,92.113
13739,92.114
13740,92.144
13741,92.155
13742,92.179
13743,92.181
13744,92.181
13745,92.186
13746,92.187
13747,92.188
13748,92.189
13749,92.190
13750,92.191
13751,92.195
13752,92.204
13753,92.205
13754,92.210
13755,92.219
13756,92.220
13757,92.221
13758,92.222
13759,92.227
13760,92.236
13761,92.237
13762,92.241
13763,92.251
13764,92.252
13765,92.253
13766,92.254
13767,92.255
13768,92.279
13769,92.290
13770,92.291
13771,92.315
13772,92.324
13773,92.348
13774,92.358
13775,92.359
13776,92.382
13777,92.391
13778,92.393
13779,92.416
13780,92.425
13781,92.449
13782,92.460
13783,92.461
13784,92.484
13785,92.493
13786,92.516
13787,92.525
13788,92.526
13789,92.549
13790,92.558
13791,92.569
13792,92.574
13793,92.577
13794,92.579
13795,92.590
13796,92.602
13797,92.603
13798,92.604
13799,92.605
13800,92.611
13801,92.648
13802,92.650
13803,92.651
13804,92.675
13805,92.688
13806,92.690
13807,92.695
13808,92.705
13809,92.709
13810,92.722
13811,92.739
13812,92.748
13813,92.754
13814,92.755
13815,92.765
13816,92.777
13817,92.788
13818,92.809
13819,92.820
13820,92.826
13821,92.842
13822,92.858
13823,92.877
13824,92.878
13825,92.880
13826,92.881
13827,92.907
13828,92.908
13829,92.934
13830,92.936
13831,92.937
13832,92.938
13833,92.939
13834,92.947
13835,92.948
13836,92.949
13837,92.951
13838,92.956
13839,92.961
13840,92.963
13841,92.965
13842,92.967
13843,92.968
13844,92.969
13845,92.970
13846,92.975
13847,92.978
13848,92.983
13849,92.986
13850,92.991
13851,92.993
13852,92.995
13853,92.996
13854,92.997
13855,92.998
13856,93.000
13857,93.001
13858,93.012
13859,93.018
13860,93.021
13861,93.023
13862,93.049
13863,93.050
13864,93.051
13865,93.072
13866,93.075
13867,93.076
13868,93.096
13869,93.103
13870,93.111
13871,93.121
13872,93.122
13873,93.127
13874,93.141
13875,93.151
13876,93.155
13877,93.165
13878,93.170
13879,93.172
13880,93.174
13881,93.175
13882,93.207
13883,93.220
13884,93.221
13885,93.223
13886,93.225
13887,93.226
13888,93.228
13889,93.229
13890,93.231
13891,93.233
13892,93.235
13893,93.236
13894,93.238
13895,93.240
13896,93.242
13897,93.244
13898,93.281
13899,93.295
13900,93.336
13901,93.352
13902,93.386
13903,93.400
13904,93.439
13905,93.454
13906,93.487
13907,93.501
13908,93.538
13909,93.552
13910,93.584
13911,93.597
13912,93.604
13913,93.605
13914,93.607
13915,93.608
13916,93.640
13917,93.653
13918,93.695
13919,93.711
13920,93.751
13921,93.762
13922,93.763
13923,93.788
13924,93.797
13925,93.799
13926,93.800
13927,93.805
13928,93.814
13929,93.840
13930,93.850
13931,93.875
13932,93.885
13933,93.912
13934,93.923
13935,93.950
13936,93.960
13937,93.989
13938,94.000
13939,94.027
13940,94.038
13941,94.064
13942,94.074
13943,94.076
13944,94.102
13945,94.112
13946,94.137
13947,94.148
13948,94.173
13949,94.184
13950,94.209
13951,94.221
13952,94.226
13953,94.236
13954,94.237
13955,94.239
13956,94.239
13957,94.267
13958,94.277
13959,94.311
13960,94.326
13961,94.362
13962,94.406
13963,94.418
13964,94.446
13965,94.458
13966,94.463
13967,94.474
13968,94.475
13969,94.480
13970,94.490
13971,94.495
13972,94.506
13973,94.512
13974,94.522
13975,94.523
13976,94.529
13977,94.530
13978,94.531
13979,94.565
13980,94.578
13981,94.579
13982,94.580
13983,94.609
13984,94.610
13985,94.612
13986,94.641
13987,94.642
13988,94.643
13989,94.644
13990,94.672
13991,94.682
13992,94.717
13993,94.753
13994,94.763
13995,94.764
13996,94.794
13997,94.805
13998,94.807
13999,94.831
14000,94.832
14001,94.834
14002,94.839
14003,94.849
14004,94.850
14005,94.851
14006,94.852
14007,94.857
14008,94.866
14009,94.897
14010,94.908
14011,94.909
14012,94.911
14013,94.912
14014,94.913
14015,94.937
14016,94.950
14017,94.986
14018,94.989
14019,94.990
14020,94.992
14021,95.037
14022,95.057
14023,95.097
14024,95.099
14025,95.101
14026,95.108
14027,95.110
14028,95.111
14029,95.112
14030,95.149
14031,95.163
14032,95.164
14033,95.202
14034,95.217
14035,95.218
14036,95.251
14037,95.253
14038,95.254
14039,95.261
14040,95.274
14041,95.275
14042,95.277
14043,95.278
14044,95.284
14045,95.297
14046,95.336
14047,95.350
14048,95.352
14049,95.353
14050,95.355
14051,95.389
14052,95.405
14053,95.444
14054,95.445
14055,95.447
14056,95.448
14057,95.481
14058,95.494
14059,95.523
14060,95.533
14061,95.560
14062,95.570
14063,95.596
14064,95.606
14065,95.633
14066,95.643
14067,95.668
14068,95.678
14069,95.706
14070,95.716
14071,95.742
14072,95.753
14073,95.781
14074,95.791
14075,95.817
14076,95.827
14077,95.835
14078,95.847
14079,95.857
14080,95.865
14081,95.867
14082,95.870
14083,95.871
14084,95.872
14085,95.873
14086,95.894
14087,95.897
14088,95.919
14089,95.922
14090,95.923
14091,95.924
14092,95.927
14093,95.928
14094,95.929
14095,95.932
14096,95.933
14097,95.935
14098,95.957
14099,95.960
14100,95.982
14101,95.986
14102,95.987
14103,95.988
14104,95.989
14105,96.014
14106,96.041
14107,96.065
14108,96.068
14109,96.081
14110,96.087
14111,96.089
14112,96.094
14113,96.106
14114,96.116
14115,96.120
14116,96.130
14117,96.139
14118,96.149
14119,96.155
14120,96.165
14121,96.173
14122,96.174
14123,96.175
14124,96.176
14125,96.180
14126,96.189
14127,96.194
14128,96.205
14129,96.213
14130,96.232
14131,96.236
14132,96.238
14133,96.239
14134,96.241
14135,96.252
14136,96.253
14137,96.254
14138,96.255
14139,96.256
14140,96.257
14141,96.269
14142,96.270
14143,96.271
14144,96.272
14145,96.273
14146,96.274
14147,96.276
14148,96.277
14149,96.278
14150,96.285
14151,96.286
14152,96.287
14153,96.297
14154,96.298
14155,96.299
14156,96.300
14157,96.301
14158,96.308
14159,96.310
14160,96.318
14161,96.334
14162,96.339
14163,96.347
14164,96.353
14165,96.357
14166,96.359
14167,96.391
14168,96.425
14169,96.449
14170,96.452
14171,96.475
14172,96.476
14173,96.477
14174,96.478
14175,96.479
14176,96.488
14177,96.498
14178,96.504
14179,96.514
14180,96.523
14181,96.529
14182,96.532
14183,96.540
14184,96.555
14185,96.559
14186,96.567
14187,96.568
14188,96.569
14189,96.579
14190,96.589
14191,96.590
14192,96.591
14193,96.592
14194,96.593
14195,96.594
14196,96.594
14197,96.595
14198,96.614
14199,96.648
14200,96.654
14201,96.657
14202,96.677
14203,96.692
14204,96.709
14205,96.719
14206,96.721
14207,96.722
14208,96.724
14209,96.730
14210,96.731
14211,96.743
14212,96.745
14213,96.747
14214,96.748
14215,96.757
14216,96.771
14217,96.821
14218,96.836
14219,96.838
14220,96.839
14221,96.841
14222,96.842
14223,96.844
14224,96.845
14225,96.847
14226,96.849
14227,96.850
14228,96.852
14229,96.853
14230,96.855
14231,96.857
14232,96.858
14233,96.891
14234,96.938
14235,96.952
14236,96.988
14237,97.002
14238,97.038
14239,97.052
14240,97.089
14241,97.107
14242,97.147
14243,97.149
14244,97.150
14245,97.152
14246,97.153
14247,97.184
14248,97.196
14249,97.222
14250,97.262
14251,97.273
14252,97.306
14253,97.317
14254,97.319
14255,97.343
14256,97.353
14257,97.380
14258,97.390
14259,97.417
14260,97.428
14261,97.456
14262,97.466
14263,97.492
14264,97.493
14265,97.494
14266,97.495
14267,97.496
14268,97.497
14269,97.522
14270,97.532
14271,97.537
14272,97.547
14273,97.552
14274,97.561
14275,97.567
14276,97.568
14277,97.569
14278,97.599
14279,97.611
14280,97.612
14281,97.614
14282,97.639
14283,97.640
14284,97.641
14285,97.642
14286,97.668
14287,97.678
14288,97.712
14289,97.747
14290,97.757
14291,97.789
14292,97.801
14293,97.802
14294,97.829
14295,97.830
14296,97.831
14297,97.837
14298,97.848
14299,97.849
14300,97.850
14301,97.851
14302,97.857
14303,97.867
14304,97.873
14305,97.874
14306,97.875
14307,97.876
14308,97.908
14309,97.920
14310,97.922
14311,97.948
14312,97.949
14313,97.951
14314,97.956
14315,97.966
14316,97.967
14317,97.968
14318,97.969
14319,97.997
14320,98.009
14321,98.034
14322,98.044
14323,98.071
14324,98.082
14325,98.107
14326,98.118
14327,98.144
14328,98.154
14329,98.180
14330,98.181
14331,98.182
14332,98.183
14333,98.188
14334,98.198
14335,98.234
14336,98.247
14337,98.248
14338,98.249
14339,98.251
14340,98.252
14341,98.253
14342,98.254
14343,98.256
14344,98.257
14345,98.259
14346,98.260
14347,98.261
14348,98.263
14349,98.264
14350,98.266
14351,98.290
14352,98.327
14353,98.336
14354,98.361
14355,98.377
14356,98.412
14357,98.427
14358,98.467
14359,98.483
14360,98.517
14361,98.531
14362,98.568
14363,98.582
14364,98.615
14365,98.629
14366,98.637
14367,98.638
14368,98.640
14369,98.641
14370,98.642
14371,98.678
14372,98.692
14373,98.723
14374,98.766
14375,98.780
14376,98.831
14377,98.847
14378,98.848
14379,98.873
14380,98.884
14381,98.885
14382,98.886
14383,98.891
14384,98.901
14385,98.926
14386,98.936
14387,98.965
14388,98.974
14389,98.999
14390,99.010
14391,99.035
14392,99.045
14393,99.073
14394,99.083
14395,99.108
14396,99.118
14397,99.145
14398,99.154
14399,99.156
14400,99.180
14401,99.190
14402,99.214
14403,99.223
14404,99.246
14405,99.256
14406,99.280
14407,99.290
14408,99.314
14409,99.323
14410,99.328
14411,99.338
14412,99.339
14413,99.365
14414,99.374
14415,99.405
14416,99.416
14417,99.441
14418,99.481
14419,99.514
14420,99.524
14421,99.525
14422,99.526
14423,99.527
14424,99.532
14425,99.542
14426,99.543
14427,99.544
14428,99.545
14429,99.546
14430,99.547
14431,99.574
14432,99.585
14433,99.609
14434,99.619
14435,99.646
14436,99.648
14437,99.649
14438,99.650
14439,99.651
14440,99.652
14441,99.677
14442,99.687
14443,99.692
14444,99.702
14445,99.707
14446,99.717
14447,99.722
14448,99.723
14449,99.725
14450,99.755
14451,99.766
14452,99.767
14453,99.768
14454,99.793
14455,99.795
14456,99.796
14457,99.821
14458,99.823
14459,99.824
14460,99.825
14461,99.850
14462,99.860
14463,99.893
14464,99.925
14465,99.935
14466,99.936
14467,99.965
14468,99.976
14469,99.977
14470,99.999
14471,100.001
14472,100.003
14473,100.010
14474,100.023
14475,100.024
14476,100.026
14477,100.027
14478,100.035
14479,100.048
14480,100.055
14481,100.069
14482,100.113
14483,100.129
14484,100.131
14485,100.133
14486,100.134
14487,100.135
14488,100.169
14489,100.182
14490,100.216
14491,100.218
14492,100.219
14493,100.220
14494,100.259
14495,100.275
14496,100.310
14497,100.311
14498,100.312
14499,100.318
14500,100.320
14501,100.321
14502,100.322
14503,100.355
14504,100.368
14505,100.400
14506,100.413
14507,100.414
14508,100.420
14509,100.422
14510,100.423
14511,100.424
14512,100.470
14513,100.486
14514,100.487
14515,100.512
14516,100.513
14517,100.515
14518,100.520
14519,100.529
14520,100.530
14521,100.531
14522,100.532
14523,100.538
14524,100.547
14525,100.552
14526,100.562
14527,100.594
14528,100.605
14529,100.606
14530,100.608
14531,100.609
14532,100.610
14533,100.636
14534,100.646
14535,100.671
14536,100.672
14537,100.673
14538,100.674
14539,100.705
14540,100.717
14541,100.744
14542,100.745
14543,100.746
14544,100.751
14545,100.752
14546,100.753
14547,100.754
14548,100.780
14549,100.790
14550,100.817
14551,100.828
14552,100.853
14553,100.863
14554,100.890
14555,100.899
14556,100.927
14557,100.937
14558,100.962
14559,100.972
14560,100.999
14561,101.009
14562,101.034
14563,101.044
14564,101.071
14565,101.080
14566,101.105
14567,101.115
14568,101.126
14569,101.132
14570,101.135
14571,101.137
14572,101.149
14573,101.150
14574,101.151
14575,101.152
14576,101.153
14577,101.154
14578,101.162
14579,101.173
14580,101.197
14581,101.203
14582,101.244
14583,101.264
14584,101.266
14585,101.267
14586,101.269
14587,101.270
14588,101.272
14589,101.274
14590,101.276
14591,101.278
14592,101.281
14593,101.283
14594,101.285
14595,101.288
14596,101.290
14597,101.293
14598,101.319
14599,101.320
14600,101.346
14601,101.347
14602,101.348
14603,101.382
14604,101.415
14605,101.424
14606,101.425
14607,101.430
14608,101.439
14609,101.440
14610,101.445
14611,101.446
14612,101.447
14613,101.448
14614,101.475
14615,101.485
14616,101.513
14617,101.524
14618,101.549
14619,101.558
14620,101.588
14621,101.599
14622,101.624
14623,101.633
14624,101.666
14625,101.681
14626,101.717
14627,101.731
14628,101.739
14629,101.740
14630,101.742
14631,101.743
14632,101.744
14633,101.745
14634,101.782
14635,101.795
14636,101.828
14637,101.846
14638,101.859
14639,101.860
14640,101.861
14641,101.867
14642,101.880
14643,101.913
14644,101.926
14645,101.961
14646,101.974
14647,102.008
14648,102.021
14649,102.054
14650,102.067
14651,102.109
14652,102.126
14653,102.156
14654,102.166
14655,102.174
14656,102.186
14657,102.187
14658,102.189
14659,102.194
14660,102.204
14661,102.230
14662,102.242
14663,102.267
14664,102.277
14665,102.278
14666,102.279
14667,102.305
14668,102.315
14669,102.343
14670,102.353
14671,102.381
14672,102.393
14673,102.394
14674,102.423
14675,102.434
14676,102.464
14677,102.474
14678,102.505
14679,102.517
14680,102.518
14681,102.519
14682,102.549
14683,102.561
14684,102.589
14685,102.599
14686,102.601
14687,102.602
14688,102.603
14689,102.633
14690,102.644
14691,102.675
14692,102.686
14693,102.713
14694,102.724
14695,102.759
14696,102.803
14697,102.842
14698,102.853
14699,102.854
14700,102.855
14701,102.856
14702,102.884
14703,102.895
14704,102.925
14705,102.936
14706,102.965
14707,102.975
14708,103.012
14709,103.057
14710,103.101
14711,103.115
14712,103.117
14713,103.118
14714,103.124
14715,103.135
14716,103.167
14717,103.179
14718,103.208
14719,103.219
14720,103.220
14721,103.221
14722,103.252
14723,103.263
14724,103.291
14725,103.302
14726,103.303
14727,103.331
14728,103.341
14729,103.368
14730,103.378
14731,103.380
14732,103.423
14733,103.439
14734,103.481
14735,103.497
14736,103.498
14737,103.539
14738,103.553
14739,103.599
14740,103.613
14741,103.615
14742,103.616
14743,103.657
14744,103.671
14745,103.711
14746,103.727
14747,103.729
14748,103.730
14749,103.737
14750,103.750
14751,103.757
14752,103.771
14753,103.772
14754,103.774
14755,103.780
14756,103.781
14757,103.782
14758,103.784
14759,103.826
14760,103.841
14761,103.842
14762,103.844
14763,103.846
14764,103.887
14765,103.905
14766,103.906
14767,103.907
14768,103.913
14769,103.915
14770,103.916
14771,103.917
14772,103.918
14773,103.919
14774,103.953
14775,103.965
14776,103.994
14777,104.006
14778,104.052
14779,104.065
14780,104.066
14781,104.068
14782,104.098
14783,104.109
14784,104.113
14785,104.115
14786,104.116
14787,104.117
14788,104.149
14789,104.166
14790,104.168
14791,104.197
14792,104.199
14793,104.200
14794,104.206
14795,104.216
14796,104.217
14797,104.246
14798,104.257
14799,104.287
14800,104.298
14801,104.299
14802,104.330
14803,104.342
14804,104.344
14805,104.345
14806,104.373
14807,104.375
14808,104.376
14809,104.377
14810,104.404
14811,104.406
14812,104.407
14813,104.412
14814,104.422
14815,104.423
14816,104.428
14817,104.439
14818,104.440
14819,104.441
14820,104.442
14821,104.476
14822,104.488
14823,104.489
14824,104.517
14825,104.519
14826,104.520
14827,104.525
14828,104.536
14829,104.537
14830,104.538
14831,104.539
14832,104.573
14833,104.585
14834,104.587
14835,104.616
14836,104.618
14837,104.619
14838,104.664
14839,104.677
14840,104.679
14841,104.724
14842,104.737
14843,104.739
14844,104.774
14845,104.786
14846,104.817
14847,104.829
14848,104.860
14849,104.871
14850,104.903
14851,104.915
14852,104.944
14853,104.955
14854,104.987
14855,104.998
14856,105.026
14857,105.036
14858,105.068
14859,105.079
14860,105.108
14861,105.119
14862,105.128
14863,105.138
14864,105.144
14865,105.145
14866,105.146
14867,105.155
14868,105.164
14869,105.172
14870,105.173
14871,105.175
14872,105.176
14873,105.177
14874,105.178
14875,105.187
14876,105.191
14877,105.192
14878,105.195
14879,105.196
14880,105.200
14881,105.201
14882,105.204
14883,105.206
14884,105.210
14885,105.212
14886,105.213
14887,105.215
14888,105.216
14889,105.217
14890,105.218
14891,105.220
14892,105.251
14893,105.255
14894,105.257
14895,105.258
14896,105.308
14897,105.314
14898,105.343
14899,105.347
14900,105.349
14901,105.352
14902,105.356
14903,105.357
14904,105.358
14905,105.375
14906,105.384
14907,105.391
14908,105.393
14909,105.405
14910,105.414
14911,105.421
14912,105.422
14913,105.438
14914,105.453
14915,105.455
14916,105.465
14917,105.482
14918,105.484
14919,105.500
14920,105.509
14921,105.516
14922,105.518
14923,105.534
14924,105.550
14925,105.552
14926,105.554
14927,105.565
14928,105.580
14929,105.582
14930,105.596
14931,105.604
14932,105.612
14933,105.615
14934,105.627
14935,105.633
14936,105.646
14937,105.662
14938,105.670
14939,105.671
14940,105.672
14941,105.673
14942,105.674
14943,105.681
14944,105.682
14945,105.683
14946,105.691
14947,105.704
14948,105.705
14949,105.707
14950,105.708
14951,105.715
14952,105.716
14953,105.717
14954,105.718
14955,105.719
14956,105.720
14957,105.727
14958,105.728
14959,105.729
14960,105.736
14961,105.737
14962,105.738
14963,105.738
14964,105.745
14965,105.759
14966,105.760
14967,105.761
14968,105.762
14969,105.770
14970,105.776
14971,105.781
14972,105.782
14973,105.783
14974,105.790
14975,105.802
14976,105.802
14977,105.803
14978,105.804
14979,105.810
14980,105.811
14981,105.812
14982,105.821
14983,105.835
14984,105.840
14985,105.846
14986,105.863
14987,105.869
14988,105.877
14989,105.878
14990,105.879
14991,105.880
14992,105.902
14993,105.904
14994,105.905
14995,105.906
14996,105.940
14997,105.944
14998,105.966
14999,105.969
15000,105.970
15001,105.979
15002,105.993
15003,105.994
15004,105.995
15005,105.996
15006,105.998
15007,106.004
15008,106.021
15009,106.023
15010,106.024
15011,106.025
15012,106.053
15013,106.054
15014,106.055
15015,106.057
15016,106.093
15017,106.104
15018,106.105
15019,106.130
15020,106.131
15021,106.132
15022,106.137
15023,106.138
15024,106.139
15025,106.140
15026,106.146
15027,106.156
15028,106.158
15029,106.164
15030,106.174
15031,106.176
15032,106.181
15033,106.191
15034,106.226
15035,106.238
15036,106.240
15037,106.268
15038,106.279
15039,106.286
15040,106.297
15041,106.298
15042,106.304
15043,106.314
15044,106.319
15045,106.329
15046,106.331
15047,106.336
15048,106.346
15049,106.348
15050,106.353
15051,106.368
15052,106.369
15053,106.370
15054,106.371
15055,106.372
15056,106.373
15057,106.381
15058,106.382
15059,106.383
15060,106.385
15061,106.386
15062,106.391
15063,106.402
15064,106.407
15065,106.408
15066,106.410
15067,106.411
15068,106.412
15069,106.413
15070,106.419
15071,106.430
15072,106.431
15073,106.435
15074,106.446
15075,106.447
15076,106.452
15077,106.453
15078,106.454
15079,106.459
15080,106.470
15081,106.471
15082,106.476
15083,106.492
15084,106.504
15085,106.505
15086,106.510
15087,106.521
15088,106.522
15089,106.527
15090,106.543
15091,106.545
15092,106.547
15093,106.548
15094,106.550
15095,106.551
15096,106.559
15097,106.570
15098,106.572
15099,106.573
15100,106.574
15101,106.575
15102,106.584
15103,106.595
15104,106.624
15105,106.631
15106,106.692
15107,106.722
15108,106.724
15109,106.727
15110,106.729
15111,106.732
15112,106.735
15113,106.738
15114,106.741
15115,106.744
15116,106.747
15117,106.751
15118,106.755
15119,106.758
15120,106.762
15121,106.766
15122,106.795
15123,106.797
15124,106.798
15125,106.804
15126,106.805
15127,106.806
15128,106.833
15129,106.834
15130,106.836
15131,106.837
15132,106.862
15133,106.864
15134,106.865
15135,106.901
15136,106.933
15137,106.942
15138,106.943
15139,106.949
15140,106.964
15141,106.965
15142,106.972
15143,106.973
15144,106.975
15145,106.976
15146,106.982
15147,106.984
15148,106.985
15149,106.992
15150,107.007
15151,107.049
15152,107.064
15153,107.106
15154,107.123
15155,107.159
15156,107.172
15157,107.212
15158,107.228
15159,107.264
15160,107.278
15161,107.317
15162,107.332
15163,107.367
15164,107.380
15165,107.387
15166,107.389
15167,107.390
15168,107.392
15169,107.393
15170,107.394
15171,107.438
15172,107.455
15173,107.482
15174,107.494
15175,107.495
15176,107.500
15177,107.510
15178,107.511
15179,107.518
15180,107.519
15181,107.521
15182,107.522
15183,107.523
15184,107.528
15185,107.538
15186,107.567
15187,107.577
15188,107.606
15189,107.616
15190,107.643
15191,107.654
15192,107.655
15193,107.656
15194,107.684
15195,107.695
15196,107.725
15197,107.735
15198,107.736
15199,107.765
15200,107.775
15201,107.805
15202,107.814
15203,107.815
15204,107.816
15205,107.821
15206,107.822
15207,107.823
15208,107.851
15209,107.853
15210,107.854
15211,107.855
15212,107.883
15213,107.885
15214,107.886
15215,107.887
15216,107.915
15217,107.925
15218,107.954
15219,107.965
15220,107.966
15221,107.967
15222,107.968
15223,108.003
15224,108.044
15225,108.083
15226,108.093
15227,108.094
15228,108.095
15229,108.096
15230,108.131
15231,108.177
15232,108.219
15233,108.229
15234,108.259
15235,108.269
15236,108.297
15237,108.310
15238,108.341
15239,108.352
15240,108.379
15241,108.390
15242,108.397
15243,108.410
15244,108.411
15245,108.412
15246,108.417
15247,108.427
15248,108.455
15249,108.465
15250,108.491
15251,108.502
15252,108.503
15253,108.504
15254,108.532
15255,108.543
15256,108.572
15257,108.582
15258,108.612
15259,108.623
15260,108.624
15261,108.650
15262,108.664
15263,108.706
15264,108.721
15265,108.765
15266,108.782
15267,108.783
15268,108.785
15269,108.824
15270,108.838
15271,108.875
15272,108.888
15273,108.928
15274,108.941
15275,108.981
15276,108.995
15277,109.032
15278,109.045
15279,109.047
15280,109.048
15281,109.049
15282,109.095
15283,109.160
15284,109.204
15285,109.215
15286,109.216
15287,109.217
15288,109.218
15289,109.255
15290,109.301
15291,109.343
15292,109.357
15293,109.358
15294,109.360
15295,109.365
15296,109.375
15297,109.405
15298,109.416
15299,109.444
15300,109.455
15301,109.457
15302,109.458
15303,109.488
15304,109.499
15305,109.527
15306,109.538
15307,109.539
15308,109.568
15309,109.579
15310,109.608
15311,109.619
15312,109.620
15313,109.653
15314,109.664
15315,109.692
15316,109.702
15317,109.703
15318,109.732
15319,109.743
15320,109.774
15321,109.785
15322,109.815
15323,109.827
15324,109.858
15325,109.859
15326,109.861
15327,109.862
15328,109.864
15329,109.865
15330,109.866
15331,109.868
15332,109.873
15333,109.883
15334,109.913
15335,109.914
15336,109.915
15337,109.945
15338,109.947
15339,109.948
15340,109.949
15341,109.950
15342,109.956
15343,109.957
15344,109.958
15345,109.959
15346,109.960
15347,109.965
15348,109.975
15349,109.980
15350,109.981
15351,109.982
15352,109.984
15353,109.985
15354,110.018
15355,110.030
15356,110.064
15357,110.075
15358,110.077
15359,110.106
15360,110.108
15361,110.109
15362,110.110
15363,110.111
15364,110.140
15365,110.151
15366,110.152
15367,110.153
15368,110.159
15369,110.170
15370,110.171
15371,110.172
15372,110.177
15373,110.178
15374,110.179
15375,110.213
15376,110.224
15377,110.225
15378,110.226
15379,110.227
15380,110.256
15381,110.266
15382,110.267
15383,110.268
15384,110.273
15385,110.274
15386,110.275
15387,110.276
15388,110.277
15389,110.309
15390,110.320
15391,110.348
15392,110.361
15393,110.362
15394,110.364
15395,110.393
15396,110.411
15397,110.413
15398,110.414
15399,110.489
15400,110.547
15401,110.549
15402,110.551
15403,110.552
15404,110.553
15405,110.555
15406,110.564
15407,110.580
15408,110.581
15409,110.588
15410,110.601
15411,110.645
15412,110.660
15413,110.661
15414,110.663
15415,110.700
15416,110.702
15417,110.703
15418,110.710
15419,110.724
15420,110.725
15421,110.765
15422,110.816
15423,110.829
15424,110.830
15425,110.874
15426,110.876
15427,110.878
15428,110.879
15429,110.921
15430,110.923
15431,110.925
15432,110.926
15433,110.927
15434,110.929
15435,110.960
15436,110.962
15437,110.963
15438,110.964
15439,110.965
15440,110.971
15441,110.972
15442,110.973
15443,110.974
15444,110.975
15445,111.010
15446,111.022
15447,111.024
15448,111.025
15449,111.059
15450,111.071
15451,111.073
15452,111.102
15453,111.104
15454,111.105
15455,111.106
15456,111.107
15457,111.112
15458,111.123
15459,111.129
15460,111.140
15461,111.141
15462,111.142
15463,111.143
15464,111.149
15465,111.160
15466,111.161
15467,111.192
15468,111.194
15469,111.195
15470,111.196
15471,111.198
15472,111.233
15473,111.246
15474,111.247
15475,111.276
15476,111.286
15477,111.291
15478,111.302
15479,111.303
15480,111.305
15481,111.306
15482,111.335
15483,111.345
15484,111.374
15485,111.385
15486,111.386
15487,111.391
15488,111.393
15489,111.394
15490,111.395
15491,111.396
15492,111.397
15493,111.432
15494,111.446
15495,111.476
15496,111.487
15497,111.492
15498,111.502
15499,111.504
15500,111.505
15501,111.506
15502,111.537
15503,111.547
15504,111.577
15505,111.579
15506,111.580
15507,111.581
15508,111.583
15509,111.584
15510,111.589
15511,111.591
15512,111.592
15513,111.593
15514,111.594
15515,111.595
15516,111.633
15517,111.646
15518,111.680
15519,111.693
15520,111.694
15521,111.695
15522,111.727
15523,111.729
15524,111.730
15525,111.731
15526,111.768
15527,111.780
15528,111.782
15529,111.812
15530,111.814
15531,111.815
15532,111.816
15533,111.818
15534,111.823
15535,111.834
15536,111.839
15537,111.850
15538,111.852
15539,111.853
15540,111.854
15541,111.859
15542,111.869
15543,111.870
15544,111.900
15545,111.901
15546,111.902
15547,111.903
15548,111.904
15549,111.939
15550,111.953
15551,111.954
15552,111.984
15553,111.994
15554,112.000
15555,112.010
15556,112.011
15557,112.012
15558,112.043
15559,112.053
15560,112.082
15561,112.083
15562,112.085
15563,112.086
15564,112.087
15565,112.088
15566,112.123
15567,112.135
15568,112.162
15569,112.172
15570,112.179
15571,112.193
15572,112.195
15573,112.196
15574,112.238
15575,112.253
15576,112.294
15577,112.296
15578,112.298
15579,112.299
15580,112.301
15581,112.302
15582,112.350
15583,112.369
15584,112.413
15585,112.430
15586,112.467
15587,112.482
15588,112.524
15589,112.538
15590,112.579
15591,112.594
15592,112.633
15593,112.649
15594,112.696
15595,112.708
15596,112.738
15597,112.749
15598,112.785
15599,112.797
15600,112.827
15601,112.838
15602,112.839
15603,112.840
15604,112.841
15605,112.841
15606,112.868
15607,112.908
15608,112.935
15609,112.941
15610,112.942
15611,112.944
15612,112.945
15613,112.946
15614,112.948
15615,112.949
15616,112.950
15617,112.976
15618,112.977
15619,112.978
15620,112.979
15621,112.980
15622,113.004
15623,113.009
15624,113.010
15625,113.012
15626,113.016
15627,113.018
15628,113.020
15629,113.021
15630,113.022
15631,113.023
15632,113.025
15633,113.026
15634,113.027
15635,113.068
15636,113.088
15637,113.090
15638,113.092
15639,113.094
15640,113.096
15641,113.097
15642,113.100
15643,113.102
15644,113.105
15645,113.107
15646,113.110
15647,113.112
15648,113.115
15649,113.118
15650,113.120
15651,113.147
15652,113.148
15653,113.149
15654,113.154
15655,113.155
15656,113.156
15657,113.162
15658,113.163
15659,113.164
15660,113.165
15661,113.193
15662,113.194
15663,113.195
15664,113.196
15665,113.224
15666,113.225
15667,113.226
15668,113.254
15669,113.255
15670,113.256
15671,113.257
15672,113.294
15673,113.331
15674,113.341
15675,113.342
15676,113.348
15677,113.359
15678,113.360
15679,113.365
15680,113.366
15681,113.367
15682,113.368
15683,113.373
15684,113.374
15685,113.375
15686,113.380
15687,113.390
15688,113.423
15689,113.436
15690,113.469
15691,113.481
15692,113.511
15693,113.522
15694,113.555
15695,113.567
15696,113.596
15697,113.609
15698,113.642
15699,113.653
15700,113.682
15701,113.693
15702,113.699
15703,113.700
15704,113.702
15705,113.703
15706,113.704
15707,113.705
15708,113.733
15709,113.744
15710,113.773
15711,113.784
15712,113.785
15713,113.790
15714,113.800
15715,113.801
15716,113.809
15717,113.810
15718,113.811
15719,113.813
15720,113.814
15721,113.819
15722,113.828
15723,113.856
15724,113.867
15725,113.895
15726,113.905
15727,113.933
15728,113.943
15729,113.944
15730,113.945
15731,113.985
15732,114.001
15733,114.044
15734,114.060
15735,114.062
15736,114.103
15737,114.117
15738,114.155
15739,114.169
15740,114.170
15741,114.171
15742,114.177
15743,114.179
15744,114.180
15745,114.218
15746,114.220
15747,114.221
15748,114.223
15749,114.260
15750,114.262
15751,114.263
15752,114.264
15753,114.302
15754,114.314
15755,114.349
15756,114.362
15757,114.363
15758,114.364
15759,114.365
15760,114.417
15761,114.478
15762,114.521
15763,114.531
15764,114.532
15765,114.533
15766,114.534
15767,114.571
15768,114.613
15769,114.653
15770,114.663
15771,114.692
15772,114.702
15773,114.733
15774,114.743
15775,114.773
15776,114.784
15777,114.812
15778,114.821
15779,114.828
15780,114.839
15781,114.841
15782,114.842
15783,114.847
15784,114.856
15785,114.883
15786,114.893
15787,114.920
15788,114.929
15789,114.930
15790,114.931
15791,114.960
15792,114.969
15793,114.998
15794,115.007
15795,115.034
15796,115.046
15797,115.047
15798,115.076
15799,115.085
15800,115.115
15801,115.125
15802,115.156
15803,115.168
15804,115.169
15805,115.170
15806,115.201
15807,115.211
15808,115.240
15809,115.250
15810,115.279
15811,115.289
15812,115.320
15813,115.330
15814,115.359
15815,115.369
15816,115.370
15817,115.371
15818,115.372
15819,115.410
15820,115.457
15821,115.499
15822,115.510
15823,115.511
15824,115.512
15825,115.513
15826,115.550
15827,115.595
15828,115.636
15829,115.647
15830,115.648
15831,115.649
15832,115.653
15833,115.667
15834,115.708
15835,115.722
15836,115.763
15837,115.779
15838,115.780
15839,115.782
15840,115.821
15841,115.835
15842,115.872
15843,115.887
15844,115.888
15845,115.926
15846,115.939
15847,115.979
15848,115.993
15849,115.995
15850,116.033
15851,116.047
15852,116.084
15853,116.098
15854,116.099
15855,116.143
15856,116.159
15857,116.195
15858,116.207
15859,116.240
15860,116.252
15861,116.283
15862,116.285
15863,116.286
15864,116.288
15865,116.289
15866,116.291
15867,116.292
15868,116.293
15869,116.298
15870,116.309
15871,116.337
15872,116.339
15873,116.340
15874,116.370
15875,116.372
15876,116.373
15877,116.374
15878,116.376
15879,116.381
15880,116.382
15881,116.383
15882,116.384
15883,116.385
15884,116.391
15885,116.401
15886,116.407
15887,116.417
15888,116.419
15889,116.420
15890,116.421
15891,116.426
15892,116.436
15893,116.437
15894,116.473
15895,116.485
15896,116.486
15897,116.515
15898,116.525
15899,116.555
15900,116.557
15901,116.558
15902,116.559
15903,116.561
15904,116.591
15905,116.603
15906,116.605
15907,116.606
15908,116.613
15909,116.624
15910,116.625
15911,116.626
15912,116.632
15913,116.641
15914,116.643
15915,116.647
15916,116.658
15917,116.659
15918,116.664
15919,116.674
15920,116.678
15921,116.680
15922,116.681
15923,116.686
15924,116.696
15925,116.697
15926,116.704
15927,116.715
15928,116.716
15929,116.718
15930,116.719
15931,116.720
15932,116.725
15933,116.735
15934,116.736
15935,116.743
15936,116.756
15937,116.758
15938,116.765
15939,116.778
15940,116.780
15941,116.781
15942,116.788
15943,116.790
15944,116.791
15945,116.793
15946,116.794
15947,116.840
15948,116.856
15949,116.888
15950,116.902
15951,116.912
15952,116.917
15953,116.928
15954,116.929
15955,116.983
15956,117.029
15957,117.031
15958,117.033
15959,117.034
15960,117.035
15961,117.036
15962,117.042
15963,117.044
15964,117.045
15965,117.046
15966,117.047
15967,117.048
15968,117.086
15969,117.098
15970,117.100
15971,117.134
15972,117.146
15973,117.148
15974,117.153
15975,117.154
15976,117.156
15977,117.157
15978,117.158
15979,117.163
15980,117.164
15981,117.165
15982,117.166
15983,117.167
15984,117.201
15985,117.212
15986,117.214
15987,117.215
15988,117.251
15989,117.263
15990,117.265
15991,117.295
15992,117.296
15993,117.297
15994,117.299
15995,117.300
15996,117.305
15997,117.315
15998,117.320
15999,117.330
16000,117.331
16001,117.332
16002,117.333
16003,117.338
16004,117.348
16005,117.349
16006,117.378
16007,117.380
16008,117.381
16009,117.382
16010,117.383
16011,117.419
16012,117.431
16013,117.432
16014,117.460
16015,117.469
16016,117.476
16017,117.492
16018,117.493
16019,117.495
16020,117.496
16021,117.541
16022,117.556
16023,117.604
16024,117.620
16025,117.621
16026,117.628
16027,117.630
16028,117.631
16029,117.633
16030,117.634
16031,117.635
16032,117.683
16033,117.699
16034,117.739
16035,117.753
16036,117.760
16037,117.775
16038,117.776
16039,117.778
16040,117.779
16041,117.820
16042,117.833
16043,117.872
16044,117.874
16045,117.875
16046,117.877
16047,117.878
16048,117.879
16049,117.886
16050,117.888
16051,117.889
16052,117.890
16053,117.891
16054,117.893
16055,117.941
16056,117.961
16057,118.009
16058,118.021
16059,118.023
16060,118.024
16061,118.058
16062,118.059
16063,118.061
16064,118.062
16065,118.101
16066,118.116
16067,118.117
16068,118.148
16069,118.149
16070,118.151
16071,118.152
16072,118.153
16073,118.158
16074,118.168
16075,118.173
16076,118.183
16077,118.185
16078,118.186
16079,118.187
16080,118.192
16081,118.202
16082,118.203
16083,118.233
16084,118.235
16085,118.236
16086,118.237
16087,118.238
16088,118.276
16089,118.288
16090,118.289
16091,118.321
16092,118.332
16093,118.337
16094,118.347
16095,118.348
16096,118.349
16097,118.381
16098,118.391
16099,118.421
16100,118.422
16101,118.424
16102,118.425
16103,118.426
16104,118.427
16105,118.463
16106,118.475
16107,118.506
16108,118.516
16109,118.521
16110,118.532
16111,118.533
16112,118.534
16113,118.566
16114,118.576
16115,118.606
16116,118.608
16117,118.609
16118,118.610
16119,118.611
16120,118.612
16121,118.649
16122,118.661
16123,118.696
16124,118.708
16125,118.739
16126,118.750
16127,118.785
16128,118.796
16129,118.831
16130,118.843
16131,118.873
16132,118.883
16133,118.915
16134,118.927
16135,118.958
16136,118.968
16137,119.000
16138,119.012
16139,119.042
16140,119.051
16141,119.053
16142,119.054
16143,119.054
16144,119.097
16145,119.099
16146,119.100
16147,119.101
16148,119.103
16149,119.125
16150,119.126
16151,119.127
16152,119.129
16153,119.129
16154,119.130
16155,119.131
16156,119.132
16157,119.133
16158,119.134
16159,119.159
16160,119.159
16161,119.159
16162,119.159
16163,119.184
16164,119.185
16165,119.193
16166,119.198
16167,119.199
16168,119.201
16169,119.207
16170,119.221
16171,119.222
16172,119.223
16173,119.224
16174,119.225
16175,119.229
16176,119.238
16177,119.239
16178,119.240
16179,119.242
16180,119.244
16181,119.247
16182,119.252
16183,119.254
16184,119.284
16185,119.326
16186,119.339
16187,119.341
16188,119.342
16189,119.346
16190,119.347
16191,119.349
16192,119.350
16193,119.352
16194,119.353
16195,119.402
16196,119.405
16197,119.438
16198,119.451
16199,119.452
16200,119.454
16201,119.457
16202,119.459
16203,119.500
16204,119.505
16205,119.538
16206,119.551
16207,119.552
16208,119.554
16209,119.558
16210,119.560
16211,119.567
16212,119.568
16213,119.569
16214,119.571
16215,119.575
16216,119.579
16217,119.586
16218,119.620
16219,119.659
16220,119.667
16221,119.668
16222,119.670
16223,119.672
16224,119.680
16225,119.681
16226,119.683
16227,119.690
16228,119.693
16229,119.695
16230,119.697
16231,119.699
16232,119.708
16233,119.710
16234,119.713
16235,119.725
16236,119.734
16237,119.735
16238,119.737
16239,119.738
16240,119.740
16241,119.743
16242,119.752
16243,119.761
16244,119.762
16245,119.765
16246,119.766
16247,119.767
16248,119.803
16249,119.832
16250,119.839
16251,119.840
16252,119.841
16253,119.842
16254,119.844
16255,119.850
16256,119.851
16257,119.853
16258,119.855
16259,119.856
16260,119.857
16261,119.860
16262,119.865
16263,119.869
16264,119.875
16265,119.876
16266,119.877
16267,119.878
16268,119.881
16269,119.889
16270,119.899
16271,119.903
16272,119.904
16273,119.905
16274,119.927
16275,119.933
16276,119.957
16277,119.964
16278,119.965
16279,119.968
16280,119.976
16281,119.982
16282,119.988
16283,119.997
16284,120.009
16285,120.015
16286,120.020
16287,120.021
16288,120.023
16289,120.031
16290,120.032
16291,120.033
16292,120.034
16293,120.036
16294,120.076
16295,120.081
16296,120.082
16297,120.105
16298,120.118
16299,120.124
16300,120.130
16301,120.144
16302,120.146
16303,120.147
16304,120.149
16305,120.157
16306,120.163
16307,120.178
16308,120.180
16309,120.181
16310,120.182
16311,120.195
16312,120.205
16313,120.206
16314,120.208
16315,120.210
16316,120.212
16317,120.219
16318,120.237
16319,120.249
16320,120.250
16321,120.253
16322,120.257
16323,120.259
16324,120.264
16325,120.267
16326,120.271
16327,120.275
16328,120.282
16329,120.284
16330,120.287
16331,120.295
16332,120.296
16333,120.298
16334,120.299
16335,120.300
16336,120.301
16337,120.303
16338,120.304
16339,120.306
16340,120.307
16341,120.308
16342,120.315
16343,120.325
16344,120.331
16345,120.342
16346,120.348
16347,120.358
16348,120.365
16349,120.375
16350,120.415
16351,120.426
16352,120.428
16353,120.430
16354,120.457
16355,120.468
16356,120.474
16357,120.485
16358,120.486
16359,120.487
16360,120.488
16361,120.489
16362,120.492
16363,120.496
16364,120.497
16365,120.499
16366,120.500
16367,120.501
16368,120.502
16369,120.503
16370,120.506
16371,120.512
16372,120.513
16373,120.515
16374,120.521
16375,120.522
16376,120.523
16377,120.525
16378,120.526
16379,120.531
16380,120.538
16381,120.539
16382,120.541
16383,120.542
16384,120.544
16385,120.573
16386,120.608
16387,120.616
16388,120.618
16389,120.645
16390,120.649
16391,120.651
16392,120.655
16393,120.657
16394,120.660
16395,120.664
16396,120.668
16397,120.672
16398,120.678
16399,120.679
16400,120.680
16401,120.682
16402,120.685
16403,120.687
16404,120.694
16405,120.696
16406,120.702
16407,120.705
16408,120.710
16409,120.711
16410,120.712
16411,120.716
16412,120.722
16413,120.737
16414,120.746
16415,120.748
16416,120.750
16417,120.752
16418,120.763
16419,120.770
16420,120.777
16421,120.787
16422,120.792
16423,120.802
16424,120.807
16425,120.809
16426,120.810
16427,120.811
16428,120.812
16429,120.824
16430,120.825
16431,120.826
16432,120.832
16433,120.849
16434,120.850
16435,120.852
16436,120.858
16437,120.865
16438,120.866
16439,120.869
16440,120.870
16441,120.871
16442,120.872
16443,120.875
16444,120.913
16445,120.918
16446,120.920
16447,120.954
16448,120.958
16449,120.982
16450,120.984
16451,120.986
16452,120.999
16453,121.001
16454,121.002
16455,121.004
16456,121.006
16457,121.009
16458,121.023
16459,121.033
16460,121.051
16461,121.054
16462,121.056
16463,121.057
16464,121.067
16465,121.068
16466,121.077
16467,121.078
16468,121.090
16469,121.101
16470,121.109
16471,121.111
16472,121.112
16473,121.121
16474,121.124
16475,121.125
16476,121.126
16477,121.128
16478,121.129
16479,121.136
16480,121.149
16481,121.151
16482,121.152
16483,121.153
16484,121.161
16485,121.180
16486,121.198
16487,121.200
16488,121.201
16489,121.208
16490,121.209
16491,121.211
16492,121.213
16493,121.261
16494,121.278
16495,121.280
16496,121.281
16497,121.283
16498,121.284
16499,121.286
16500,121.287
16501,121.289
16502,121.291
16503,121.292
16504,121.294
16505,121.296
16506,121.298
16507,121.299
16508,121.301
16509,121.340
16510,121.353
16511,121.393
16512,121.408
16513,121.449
16514,121.465
16515,121.506
16516,121.519
16517,121.549
16518,121.562
16519,121.594
16520,121.607
16521,121.638
16522,121.650
16523,121.656
16524,121.666
16525,121.667
16526,121.669
16527,121.698
16528,121.709
16529,121.740
16530,121.781
16531,121.782
16532,121.784
16533,121.784
16534,121.821
16535,121.859
16536,121.869
16537,121.870
16538,121.871
16539,121.876
16540,121.886
16541,121.914
16542,121.924
16543,121.952
16544,121.954
16545,121.955
16546,121.956
16547,121.985
16548,121.996
16549,122.041
16550,122.084
16551,122.094
16552,122.123
16553,122.133
16554,122.139
16555,122.149
16556,122.150
16557,122.155
16558,122.165
16559,122.170
16560,122.181
16561,122.182
16562,122.213
16563,122.224
16564,122.226
16565,122.260
16566,122.304
16567,122.316
16568,122.317
16569,122.319
16570,122.349
16571,122.361
16572,122.399
16573,122.441
16574,122.453
16575,122.484
16576,122.495
16577,122.501
16578,122.512
16579,122.513
16580,122.518
16581,122.528
16582,122.557
16583,122.559
16584,122.560
16585,122.587
16586,122.635
16587,122.672
16588,122.683
16589,122.688
16590,122.699
16591,122.700
16592,122.736
16593,122.747
16594,122.777
16595,122.792
16596,122.836
16597,122.851
16598,122.853
16599,122.896
16600,122.912
16601,122.914
16602,122.915
16603,122.917
16604,122.964
16605,122.980
16606,122.982
16607,123.024
16608,123.039
16609,123.047
16610,123.105
16611,123.105
16612,123.105
16613,123.105
16614,123.115
16615,123.151
16616,123.151
16617,123.172
16618,123.186
16619,123.225
16620,123.239
16621,123.281
16622,123.298
16623,123.333
16624,123.344
16625,123.374
16626,123.386
16627,123.416
16628,123.428
16629,123.456
16630,123.467
16631,123.494
16632,123.505
16633,123.534
16634,123.545
16635,123.573
16636,123.583
16637,123.622
16638,123.635
16639,123.637
16640,123.638
16641,123.639
16642,123.641
16643,123.642
16644,123.643
16645,123.645
16646,123.646
16647,123.648
16648,123.649
16649,123.651
16650,123.652
16651,123.654
16652,123.655
16653,123.695
16654,123.732
16655,123.746
16656,123.748
16657,123.777
16658,123.787
16659,123.788
16660,123.818
16661,123.829
16662,123.830
16663,123.835
16664,123.845
16665,123.850
16666,123.861
16667,123.862
16668,123.903
16669,123.915
16670,123.916
16671,123.918
16672,123.948
16673,123.959
16674,123.960
16675,123.962
16676,123.990
16677,124.000
16678,124.001
16679,124.033
16680,124.044
16681,124.045
16682,124.083
16683,124.095
16684,124.097
16685,124.129
16686,124.141
16687,124.142
16688,124.143
16689,124.145
16690,124.174
16691,124.185
16692,124.187
16693,124.192
16694,124.202
16695,124.208
16696,124.218
16697,124.219
16698,124.261
16699,124.273
16700,124.275
16701,124.276
16702,124.309
16703,124.321
16704,124.322
16705,124.324
16706,124.352
16707,124.363
16708,124.365
16709,124.395
16710,124.406
16711,124.407
16712,124.442
16713,124.455
16714,124.456
16715,124.487
16716,124.499
16717,124.500
16718,124.502
16719,124.503
16720,124.531
16721,124.541
16722,124.542
16723,124.546
16724,124.555
16725,124.559
16726,124.568
16727,124.570
16728,124.627
16729,124.644
16730,124.646
16731,124.648
16732,124.698
16733,124.719
16734,124.759
16735,124.773
16736,124.775
16737,124.776
16738,124.778
16739,124.815
16740,124.830
16741,124.831
16742,124.832
16743,124.871
16744,124.885
16745,124.887
16746,124.888
16747,124.925
16748,124.939
16749,124.946
16750,124.959
16751,124.960
16752,124.966
16753,124.979
16754,124.986
16755,124.999
16756,125.001
16757,125.040
16758,125.057
16759,125.110
16760,125.123
16761,125.125
16762,125.126
16763,125.163
16764,125.177
16765,125.210
16766,125.220
16767,125.222
16768,125.223
16769,125.224
16770,125.253
16771,125.264
16772,125.265
16773,125.266
16774,125.295
16775,125.305
16776,125.312
16777,125.323
16778,125.324
16779,125.329
16780,125.339
16781,125.345
16782,125.355
16783,125.357
16784,125.362
16785,125.372
16786,125.373
16787,125.403
16788,125.415
16789,125.416
16790,125.445
16791,125.456
16792,125.458
16793,125.499
16794,125.510
16795,125.512
16796,125.513
16797,125.515
16798,125.544
16799,125.554
16800,125.555
16801,125.556
16802,125.586
16803,125.598
16804,125.600
16805,125.637
16806,125.650
16807,125.695
16808,125.708
16809,125.709
16810,125.710
16811,125.712
16812,125.744
16813,125.756
16814,125.757
16815,125.758
16816,125.760
16817,125.797
16818,125.809
16819,125.811
16820,125.812
16821,125.842
16822,125.854
16823,125.860
16824,125.871
16825,125.872
16826,125.877
16827,125.887
16828,125.893
16829,125.904
16830,125.905
16831,125.936
16832,125.948
16833,125.978
16834,125.988
16835,125.989
16836,126.028
16837,126.043
16838,126.076
16839,126.088
16840,126.089
16841,126.123
16842,126.135
16843,126.136
16844,126.166
16845,126.178
16846,126.179
16847,126.219
16848,126.231
16849,126.232
16850,126.234
16851,126.235
16852,126.264
16853,126.275
16854,126.276
16855,126.278
16856,126.308
16857,126.320
16858,126.321
16859,126.357
16860,126.369
16861,126.421
16862,126.438
16863,126.439
16864,126.441
16865,126.443
16866,126.504
16867,126.521
16868,126.522
16869,126.524
16870,126.526
16871,126.564
16872,126.578
16873,126.580
16874,126.581
16875,126.619
16876,126.633
16877,126.635
16878,126.641
16879,126.654
16880,126.661
16881,126.674
16882,126.676
16883,126.732
16884,126.748
16885,126.750
16886,126.751
16887,126.797
16888,126.814
16889,126.855
16890,126.872
16891,126.874
16892,126.876
16893,126.877
16894,126.921
16895,126.933
16896,126.934
16897,126.935
16898,126.965
16899,126.976
16900,127.006
16901,127.017
16902,127.019
16903,127.020
16904,127.049
16905,127.061
16906,127.069
16907,127.080
16908,127.106
16909,127.112
16910,127.139
16911,127.140
16912,127.166
16913,127.171
16914,127.171
16915,127.201
16916,127.205
16917,127.230
16918,127.233
16919,127.259
16920,127.262
16921,127.296
16922,127.330
16923,127.346
16924,127.347
16925,127.348
16926,127.350
16927,127.351
16928,127.352
16929,127.357
16930,127.367
16931,127.375
16932,127.381
16933,127.385
16934,127.387
16935,127.394
16936,127.398
16937,127.399
16938,127.401
16939,127.415
16940,127.420
16941,127.425
16942,127.426
16943,127.433
16944,127.437
16945,127.438
16946,127.439
16947,127.444
16948,127.448
16949,127.449
16950,127.459
16951,127.469
16952,127.475
16953,127.486
16954,127.491
16955,127.501
16956,127.508
16957,127.521
16958,127.522
16959,127.523
16960,127.524
16961,127.529
16962,127.538
16963,127.545
16964,127.552
16965,127.559
16966,127.560
16967,127.570
16968,127.581
16969,127.588
16970,127.595
16971,127.601
16972,127.603
16973,127.614
16974,127.620
16975,127.622
16976,127.624
16977,127.627
16978,127.628
16979,127.631
16980,127.632
16981,127.633
16982,127.635
16983,127.636
16984,127.638
16985,127.640
16986,127.641
16987,127.652
16988,127.663
16989,127.672
16990,127.690
16991,127.696
16992,127.709
16993,127.716
16994,127.729
16995,127.736
16996,127.750
16997,127.757
16998,127.770
16999,127.777
17000,127.792
17001,127.799
17002,127.814
17003,127.829
17004,127.852
17005,127.863
17006,127.871
17007,127.872
17008,127.873
17009,127.873
17010,127.881
17011,127.882
17012,127.883
17013,127.884
17014,127.885
17015,127.886
17016,127.893
17017,127.894
17018,127.895
17019,127.896
17020,127.897
17021,127.898
17022,127.899
17023,127.906
17024,127.907
17025,127.908
17026,127.909
17027,127.913
17028,127.923
17029,127.929
17030,127.930
17031,127.931
17032,127.938
17033,127.944
17034,127.973
17035,127.978
17036,128.008
17037,128.009
17038,128.010
17039,128.011
17040,128.012
17041,128.016
17042,128.025
17043,128.029
17044,128.038
17045,128.045
17046,128.050
17047,128.063
17048,128.064
17049,128.065
17050,128.065
17051,128.072
17052,128.073
17053,128.073
17054,128.074
17055,128.080
17056,128.085
17057,128.096
17058,128.110
17059,128.118
17060,128.141
17061,128.149
17062,128.167
17063,128.180
17064,128.200
17065,128.230
17066,128.242
17067,128.256
17068,128.271
17069,128.309
17070,128.321
17071,128.322
17072,128.324
17073,128.329
17074,128.331
17075,128.333
17076,128.366
17077,128.369
17078,128.370
17079,128.372
17080,128.373
17081,128.374
17082,128.375
17083,128.384
17084,128.399
17085,128.401
17086,128.403
17087,128.412
17088,128.436
17089,128.439
17090,128.441
17091,128.450
17092,128.452
17093,128.455
17094,128.457
17095,128.466
17096,128.481
17097,128.488
17098,128.501
17099,128.502
17100,128.505
17101,128.512
17102,128.524
17103,128.532
17104,128.547
17105,128.548
17106,128.550
17107,128.557
17108,128.572
17109,128.579
17110,128.594
17111,128.595
17112,128.635
17113,128.648
17114,128.649
17115,128.650
17116,128.652
17117,128.653
17118,128.654
17119,128.656
17120,128.657
17121,128.659
17122,128.660
17123,128.661
17124,128.663
17125,128.664
17126,128.666
17127,128.667
17128,128.700
17129,128.711
17130,128.742
17131,128.754
17132,128.783
17133,128.793
17134,128.825
17135,128.836
17136,128.873
17137,128.884
17138,128.914
17139,128.925
17140,128.954
17141,128.965
17142,128.972
17143,128.986
17144,128.987
17145,128.988
17146,128.989
17147,129.017
17148,129.027
17149,129.056
17150,129.095
17151,129.096
17152,129.097
17153,129.098
17154,129.136
17155,129.176
17156,129.186
17157,129.188
17158,129.189
17159,129.190
17160,129.194
17161,129.203
17162,129.232
17163,129.243
17164,129.272
17165,129.274
17166,129.275
17167,129.276
17168,129.307
17169,129.318
17170,129.358
17171,129.397
17172,129.407
17173,129.436
17174,129.446
17175,129.451
17176,129.461
17177,129.463
17178,129.467
17179,129.477
17180,129.510
17181,129.521
17182,129.564
17183,129.603
17184,129.613
17185,129.614
17186,129.615
17187,129.616
17188,129.617
17189,129.622
17190,129.632
17191,129.633
17192,129.634
17193,129.635
17194,129.666
17195,129.677
17196,129.705
17197,129.716
17198,129.721
17199,129.731
17200,129.732
17201,129.736
17202,129.745
17203,129.777
17204,129.778
17205,129.779
17206,129.810
17207,129.824
17208,129.831
17209,129.846
17210,129.847
17211,129.899
17212,129.915
17213,129.958
17214,129.972
17215,130.013
17216,130.025
17217,130.027
17218,130.082
17219,130.135
17220,130.148
17221,130.150
17222,130.195
17223,130.209
17224,130.210
17225,130.250
17226,130.265
17227,130.272
17228,130.289
17229,130.296
17230,130.309
17231,130.310
17232,130.311
17233,130.317
17234,130.328
17235,130.334
17236,130.344
17237,130.346
17238,130.347
17239,130.348
17240,130.354
17241,130.364
17242,130.401
17243,130.412
17244,130.414
17245,130.444
17246,130.454
17247,130.459
17248,130.469
17249,130.470
17250,130.472
17251,130.501
17252,130.512
17253,130.541
17254,130.551
17255,130.581
17256,130.591
17257,130.623
17258,130.633
17259,130.662
17260,130.672
17261,130.701
17262,130.712
17263,130.741
17264,130.754
17265,130.784
17266,130.794
17267,130.823
17268,130.833
17269,130.870
17270,130.882
17271,130.883
17272,130.885
17273,130.886
17274,130.887
17275,130.888
17276,130.889
17277,130.891
17278,130.892
17279,130.893
17280,130.895
17281,130.896
17282,130.897
17283,130.899
17284,130.900
17285,130.930
17286,130.968
17287,131.007
17288,131.017
17289,131.018
17290,131.049
17291,131.059
17292,131.061
17293,131.066
17294,131.076
17295,131.080
17296,131.090
17297,131.091
17298,131.092
17299,131.134
17300,131.145
17301,131.146
17302,131.177
17303,131.187
17304,131.192
17305,131.203
17306,131.204
17307,131.238
17308,131.249
17309,131.251
17310,131.283
17311,131.293
17312,131.295
17313,131.296
17314,131.326
17315,131.335
17316,131.337
17317,131.341
17318,131.351
17319,131.356
17320,131.366
17321,131.367
17322,131.368
17323,131.410
17324,131.421
17325,131.423
17326,131.452
17327,131.462
17328,131.467
17329,131.476
17330,131.477
17331,131.511
17332,131.527
17333,131.529
17334,131.574
17335,131.591
17336,131.592
17337,131.594
17338,131.642
17339,131.657
17340,131.658
17341,131.664
17342,131.678
17343,131.684
17344,131.698
17345,131.699
17346,131.755
17347,131.770
17348,131.771
17349,131.819
17350,131.835
17351,131.875
17352,131.889
17353,131.890
17354,131.892
17355,131.930
17356,131.943
17357,131.945
17358,131.991
17359,132.005
17360,132.006
17361,132.037
17362,132.048
17363,132.054
17364,132.065
17365,132.067
17366,132.071
17367,132.081
17368,132.086
17369,132.097
17370,132.098
17371,132.141
17372,132.153
17373,132.154
17374,132.190
17375,132.202
17376,132.234
17377,132.244
17378,132.246
17379,132.247
17380,132.277
17381,132.287
17382,132.288
17383,132.318
17384,132.328
17385,132.333
17386,132.343
17387,132.344
17388,132.349
17389,132.359
17390,132.364
17391,132.374
17392,132.375
17393,132.380
17394,132.390
17395,132.391
17396,132.422
17397,132.433
17398,132.435
17399,132.477
17400,132.488
17401,132.490
17402,132.491
17403,132.520
17404,132.530
17405,132.531
17406,132.535
17407,132.545
17408,132.546
17409,132.547
17410,132.577
17411,132.588
17412,132.589
17413,132.632
17414,132.643
17415,132.645
17416,132.646
17417,132.686
17418,132.698
17419,132.732
17420,132.743
17421,132.744
17422,132.745
17423,132.782
17424,132.793
17425,132.794
17426,132.824
17427,132.834
17428,132.835
17429,132.840
17430,132.850
17431,132.854
17432,132.864
17433,132.866
17434,132.870
17435,132.880
17436,132.881
17437,132.913
17438,132.924
17439,132.925
17440,132.969
17441,132.981
17442,132.982
17443,132.984
17444,133.016
17445,133.027
17446,133.029
17447,133.034
17448,133.044
17449,133.045
17450,133.046
17451,133.078
17452,133.088
17453,133.090
17454,133.131
17455,133.143
17456,133.144
17457,133.145
17458,133.183
17459,133.194
17460,133.242
17461,133.257
17462,133.259
17463,133.260
17464,133.303
17465,133.317
17466,133.319
17467,133.361
17468,133.374
17469,133.376
17470,133.381
17471,133.395
17472,133.401
17473,133.418
17474,133.420
17475,133.479
17476,133.493
17477,133.495
17478,133.544
17479,133.561
17480,133.602
17481,133.615
17482,133.617
17483,133.618
17484,133.657
17485,133.671
17486,133.673
17487,133.717
17488,133.733
17489,133.765
17490,133.776
17491,133.777
17492,133.808
17493,133.818
17494,133.821
17495,133.825
17496,133.827
17497,133.830
17498,133.858
17499,133.863
17500,133.900
17501,133.905
17502,133.929
17503,133.932
17504,133.933
17505,133.934
17506,133.937
17507,133.941
17508,134.042
17509,134.045
17510,134.047
17511,134.047
17512,134.048
17513,134.049
17514,134.050
17515,134.108
17516,134.165
17517,134.193
17518,134.198
17519,134.200
17520,134.203
17521,134.205
17522,134.207
17523,134.243
17524,134.247
17525,134.274
17526,134.284
17527,134.287
17528,134.293
17529,134.295
17530,134.298
17531,134.298
17532,134.328
17533,134.336
17534,134.364
17535,134.370
17536,134.372
17537,134.398
17538,134.431
17539,134.432
17540,134.433
17541,134.440
17542,134.443
17543,134.445
17544,134.455
17545,134.461
17546,134.463
17547,134.472
17548,134.473
17549,134.479
17550,134.480
17551,134.485
17552,134.495
17553,134.499
17554,134.513
17555,134.522
17556,134.528
17557,134.529
17558,134.530
17559,134.531
17560,134.538
17561,134.549
17562,134.554
17563,134.568
17564,134.584
17565,134.585
17566,134.587
17567,134.588
17568,134.589
17569,134.594
17570,134.605
17571,134.610
17572,134.624
17573,134.634
17574,134.635
17575,134.640
17576,134.652
17577,134.657
17578,134.668
17579,134.674
17580,134.684
17581,134.690
17582,134.692
17583,134.693
17584,134.694
17585,134.696
17586,134.698
17587,134.706
17588,134.717
17589,134.719
17590,134.725
17591,134.736
17592,134.741
17593,134.753
17594,134.759
17595,134.769
17596,134.774
17597,134.784
17598,134.790
17599,134.800
17600,134.808
17601,134.818
17602,134.824
17603,134.833
17604,134.839
17605,134.849
17606,134.861
17607,134.871
17608,134.881
17609,134.892
17610,134.904
17611,134.912
17612,134.913
17613,134.929
17614,134.931
17615,134.934
17616,134.937
17617,134.939
17618,134.946
17619,134.961
17620,134.969
17621,134.985
17622,134.994
17623,135.011
17624,135.012
17625,135.014
17626,135.027
17627,135.028
17628,135.030
17629,135.031
17630,135.033
17631,135.035
17632,135.042
17633,135.064
17634,135.082
17635,135.101
17636,135.119
17637,135.120
17638,135.122
17639,135.129
17640,135.142
17641,135.149
17642,135.164
17643,135.166
17644,135.176
17645,135.179
17646,135.180
17647,135.183
17648,135.188
17649,135.201
17650,135.215
17651,135.217
17652,135.218
17653,135.220
17654,135.221
17655,135.228
17656,135.250
17657,135.258
17658,135.265
17659,135.277
17660,135.285
17661,135.300
17662,135.308
17663,135.328
17664,135.342
17665,135.344
17666,135.351
17667,135.365
17668,135.372
17669,135.388
17670,135.397
17671,135.415
17672,135.418
17673,135.420
17674,135.422
17675,135.430
17676,135.446
17677,135.451
17678,135.462
17679,135.464
17680,135.469
17681,135.480
17682,135.485
17683,135.496
17684,135.501
17685,135.511
17686,135.512
17687,135.514
17688,135.519
17689,135.562
17690,135.607
17691,135.651
17692,135.667
17693,135.668
17694,135.670
17695,135.671
17696,135.673
17697,135.674
17698,135.688
17699,135.700
17700,135.706
17701,135.763
17702,135.765
17703,135.766
17704,135.803
17705,135.822
17706,135.833
17707,135.834
17708,135.836
17709,135.842
17710,135.858
17711,135.869
17712,135.870
17713,135.876
17714,135.886
17715,135.937
17716,135.952
17717,135.954
17718,135.956
17719,135.957
17720,135.959
17721,135.960
17722,135.962
17723,135.964
17724,135.966
17725,135.968
17726,135.970
17727,135.971
17728,135.973
17729,135.975
17730,135.976
17731,136.011
17732,136.028
17733,136.030
17734,136.031
17735,136.109
17736,136.125
17737,136.162
17738,136.177
17739,136.179
17740,136.180
17741,136.186
17742,136.187
17743,136.189
17744,136.191
17745,136.197
17746,136.242
17747,136.295
17748,136.310
17749,136.347
17750,136.409
17751,136.465
17752,136.477
17753,136.478
17754,136.518
17755,136.530
17756,136.532
17757,136.570
17758,136.582
17759,136.623
17760,136.635
17761,136.637
17762,136.672
17763,136.683
17764,136.717
17765,136.728
17766,136.730
17767,136.764
17768,136.772
17769,136.778
17770,136.793
17771,136.795
17772,136.796
17773,136.798
17774,136.799
17775,136.848
17776,136.864
17777,136.912
17778,136.970
17779,136.974
17780,136.975
17781,136.977
17782,136.978
17783,136.985
17784,136.999
17785,137.001
17786,137.002
17787,137.004
17788,137.005
17789,137.011
17790,137.025
17791,137.071
17792,137.085
17793,137.129
17794,137.131
17795,137.132
17796,137.133
17797,137.135
17798,137.181
17799,137.195
17800,137.244
17801,137.260
17802,137.262
17803,137.309
17804,137.321
17805,137.327
17806,137.338
17807,137.340
17808,137.345
17809,137.356
17810,137.392
17811,137.403
17812,137.437
17813,137.449
17814,137.450
17815,137.451
17816,137.452
17817,137.454
17818,137.459
17819,137.469
17820,137.471
17821,137.472
17822,137.473
17823,137.474
17824,137.510
17825,137.523
17826,137.524
17827,137.559
17828,137.570
17829,137.575
17830,137.577
17831,137.578
17832,137.580
17833,137.581
17834,137.582
17835,137.587
17836,137.597
17837,137.634
17838,137.636
17839,137.637
17840,137.674
17841,137.685
17842,137.727
17843,137.739
17844,137.741
17845,137.776
17846,137.785
17847,137.787
17848,137.823
17849,137.869
17850,137.880
17851,137.881
17852,137.916
17853,137.928
17854,137.929
17855,137.934
17856,137.944
17857,137.946
17858,137.988
17859,138.000
17860,138.035
17861,138.046
17862,138.047
17863,138.085
17864,138.132
17865,138.142
17866,138.144
17867,138.180
17868,138.191
17869,138.193
17870,138.198
17871,138.209
17872,138.210
17873,138.216
17874,138.228
17875,138.229
17876,138.231
17877,138.232
17878,138.233
17879,138.234
17880,138.240
17881,138.251
17882,138.252
17883,138.257
17884,138.268
17885,138.270
17886,138.316
17887,138.329
17888,138.331
17889,138.365
17890,138.376
17891,138.377
17892,138.379
17893,138.380
17894,138.422
17895,138.435
17896,138.436
17897,138.471
17898,138.483
17899,138.485
17900,138.518
17901,138.528
17902,138.565
17903,138.580
17904,138.581
17905,138.634
17906,138.650
17907,138.652
17908,138.701
17909,138.716
17910,138.764
17911,138.779
17912,138.780
17913,138.825
17914,138.840
17915,138.887
17916,138.902
17917,138.904
17918,138.949
17919,138.964
17920,138.980
17921,138.991
17922,138.999
17923,139.001
17924,139.008
17925,139.026
17926,139.049
17927,139.065
17928,139.079
17929,139.087
17930,139.090
17931,139.124
17932,139.161
17933,139.165
17934,139.166
17935,139.167
17936,139.169
17937,139.171
17938,139.173
17939,139.174
17940,139.177
17941,139.179
17942,139.181
17943,139.184
17944,139.186
17945,139.189
17946,139.190
17947,139.193
17948,139.194
17949,139.195
17950,139.196
17951,139.228
17952,139.265
17953,139.298
17954,139.302
17955,139.306
17956,139.307
17957,139.308
17958,139.310
17959,139.313
17960,139.314
17961,139.317
17962,139.320
17963,139.321
17964,139.322
17965,139.325
17966,139.327
17967,139.329
17968,139.330
17969,139.332
17970,139.334
17971,139.336
17972,139.339
17973,139.340
17974,139.371
17975,139.404
17976,139.407
17977,139.409
17978,139.412
17979,139.419
17980,139.430
17981,139.431
17982,139.436
17983,139.451
17984,139.465
17985,139.476
17986,139.477
17987,139.482
17988,139.496
17989,139.506
17990,139.513
17991,139.523
17992,139.531
17993,139.543
17994,139.544
17995,139.546
17996,139.551
17997,139.561
17998,139.569
17999,139.579
18000,139.586
18001,139.588
18002,139.589
18003,139.625
18004,139.627
18005,139.628
18006,139.665
18007,139.677
18008,139.682
18009,139.693
18010,139.694
18011,139.699
18012,139.710
18013,139.711
18014,139.712
18015,139.718
18016,139.730
18017,139.731
18018,139.768
18019,139.769
18020,139.771
18021,139.809
18022,139.825
18023,139.836
18024,139.843
18025,139.855
18026,139.856
18027,139.858
18028,139.866
18029,139.877
18030,139.885
18031,139.896
18032,139.904
18033,139.943
18034,139.943
18035,139.943
18036,139.943
18037,139.943
18038,139.943
18039,139.952
18040,139.953
18041,139.955
18042,139.956
18043,139.962
18044,139.975
18045,139.976
18046,139.977
18047,139.979
18048,139.985
18049,139.997
18050,139.998
18051,140.005
18052,140.007
18053,140.008
18054,140.014
18055,140.030
18056,140.042
18057,140.048
18058,140.060
18059,140.061
18060,140.067
18061,140.079
18062,140.081
18063,140.083
18064,140.089
18065,140.102
18066,140.104
18067,140.109
18068,140.120
18069,140.127
18070,140.139
18071,140.141
18072,140.142
18073,140.148
18074,140.159
18075,140.165
18076,140.177
18077,140.182
18078,140.194
18079,140.195
18080,140.196
18081,140.197
18082,140.203
18083,140.214
18084,140.219
18085,140.230
18086,140.232
18087,140.238
18088,140.250
18089,140.251
18090,140.253
18091,140.255
18092,140.262
18093,140.273
18094,140.274
18095,140.312
18096,140.358
18097,140.367
18098,140.368
18099,140.374
18100,140.389
18101,140.398
18102,140.414
18103,140.423
18104,140.426
18105,140.427
18106,140.429
18107,140.430
18108,140.440
18109,140.464
18110,140.487
18111,140.502
18112,140.504
18113,140.505
18114,140.514
18115,140.528
18116,140.536
18117,140.538
18118,140.539
18119,140.541
18120,140.549
18121,140.571
18122,140.585
18123,140.586
18124,140.600
18125,140.615
18126,140.616
18127,140.629
18128,140.635
18129,140.653
18130,140.664
18131,140.668
18132,140.683
18133,140.694
18134,140.697
18135,140.714
18136,140.725
18137,140.733
18138,140.736
18139,140.743
18140,140.758
18141,140.776
18142,140.791
18143,140.807
18144,140.824
18145,140.832
18146,140.848
18147,140.855
18148,140.905
18149,140.906
18150,140.941
18151,140.954
18152,140.960
18153,140.972
18154,140.978
18155,140.989
18156,140.995
18157,141.006
18158,141.011
18159,141.021
18160,141.026
18161,141.037
18162,141.042
18163,141.053
18164,141.060
18165,141.062
18166,141.063
18167,141.064
18168,141.071
18169,141.072
18170,141.074
18171,141.075
18172,141.076
18173,141.077
18174,141.086
18175,141.089
18176,141.101
18177,141.103
18178,141.104
18179,141.112
18180,141.116
18181,141.117
18182,141.119
18183,141.123
18184,141.124
18185,141.126
18186,141.138
18187,141.145
18188,141.147
18189,141.149
18190,141.153
18191,141.154
18192,141.155
18193,141.157
18194,141.160
18195,141.163
18196,141.165
18197,141.168
18198,141.179
18199,141.187
18200,141.189
18201,141.191
18202,141.195
18203,141.207
18204,141.208
18205,141.209
18206,141.211
18207,141.212
18208,141.218
18209,141.229
18210,141.234
18211,141.248
18212,141.267
18213,141.270
18214,141.272
18215,141.274
18216,141.278
18217,141.281
18218,141.282
18219,141.285
18220,141.287
18221,141.291
18222,141.292
18223,141.293
18224,141.296
18225,141.299
18226,141.301
18227,141.304
18228,141.305
18229,141.308
18230,141.310
18231,141.313
18232,141.316
18233,141.318
18234,141.330
18235,141.338
18236,141.340
18237,141.342
18238,141.346
18239,141.356
18240,141.367
18241,141.369
18242,141.380
18243,141.386
18244,141.400
18245,141.408
18246,141.410
18247,141.421
18248,141.429
18249,141.431
18250,141.442
18251,141.452
18252,141.488
18253,141.490
18254,141.491
18255,141.526
18256,141.536
18257,141.544
18258,141.545
18259,141.547
18260,141.548
18261,141.549
18262,141.592
18263,141.605
18264,141.641
18265,141.652
18266,141.658
18267,141.670
18268,141.671
18269,141.673
18270,141.679
18271,141.690
18272,141.692
18273,141.698
18274,141.708
18275,141.714
18276,141.725
18277,141.730
18278,141.741
18279,141.742
18280,141.748
18281,141.758
18282,141.764
18283,141.775
18284,141.780
18285,141.793
18286,141.799
18287,141.813
18288,141.814
18289,141.815
18290,141.820
18291,141.830
18292,141.832
18293,141.838
18294,141.839
18295,141.840
18296,141.841
18297,141.843
18298,141.844
18299,141.850
18300,141.861
18301,141.862
18302,141.871
18303,141.872
18304,141.873
18305,141.875
18306,141.881
18307,141.892
18308,141.900
18309,141.902
18310,141.903
18311,141.914
18312,141.915
18313,141.916
18314,141.919
18315,141.922
18316,141.925
18317,141.930
18318,141.934
18319,141.935
18320,141.936
18321,141.938
18322,141.941
18323,141.943
18324,141.944
18325,141.945
18326,141.956
18327,141.957
18328,141.958
18329,141.967
18330,141.971
18331,141.972
18332,141.974
18333,141.977
18334,141.978
18335,141.981
18336,141.983
18337,141.987
18338,141.996
18339,141.997
18340,141.998
18341,142.001
18342,142.002
18343,142.005
18344,142.006
18345,142.041
18346,142.048
18347,142.083
18348,142.090
18349,142.121
18350,142.131
18351,142.135
18352,142.137
18353,142.143
18354,142.146
18355,142.155
18356,142.157
18357,142.159
18358,142.172
18359,142.177
18360,142.179
18361,142.180
18362,142.184
18363,142.186
18364,142.189
18365,142.191
18366,142.196
18367,142.210
18368,142.211
18369,142.213
18370,142.217
18371,142.218
18372,142.222
18373,142.224
18374,142.271
18375,142.283
18376,142.328
18377,142.340
18378,142.383
18379,142.393
18380,142.396
18381,142.398
18382,142.403
18383,142.406
18384,142.412
18385,142.426
18386,142.437
18387,142.451
18388,142.452
18389,142.456
18390,142.466
18391,142.484
18392,142.502
18393,142.520
18394,142.542
18395,142.565
18396,142.566
18397,142.568
18398,142.578
18399,142.580
18400,142.582
18401,142.583
18402,142.585
18403,142.586
18404,142.595
18405,142.611
18406,142.616
18407,142.628
18408,142.633
18409,142.644
18410,142.654
18411,142.662
18412,142.664
18413,142.666
18414,142.668
18415,142.679
18416,142.686
18417,142.689
18418,142.690
18419,142.693
18420,142.700
18421,142.701
18422,142.702
18423,142.703
18424,142.711
18425,142.721
18426,142.733
18427,142.737
18428,142.750
18429,142.764
18430,142.774
18431,142.783
18432,142.785
18433,142.786
18434,142.787
18435,142.788
18436,142.799
18437,142.801
18438,142.802
18439,142.803
18440,142.809
18441,142.824
18442,142.835
18443,142.836
18444,142.838
18445,142.843
18446,142.844
18447,142.845
18448,142.850
18449,142.864
18450,142.865
18451,142.867
18452,142.871
18453,142.886
18454,142.887
18455,142.888
18456,142.889
18457,142.896
18458,142.897
18459,142.903
18460,142.915
18461,142.921
18462,142.931
18463,142.941
18464,142.951
18465,142.966
18466,142.968
18467,142.969
18468,142.973
18469,142.975
18470,142.976
18471,142.977
18472,143.014
18473,143.024
18474,143.060
18475,143.061
18476,143.063
18477,143.064
18478,143.068
18479,143.080
18480,143.082
18481,143.083
18482,143.088
18483,143.098
18484,143.107
18485,143.117
18486,143.127
18487,143.137
18488,143.184
18489,143.195
18490,143.233
18491,143.235
18492,143.236
18493,143.237
18494,143.243
18495,143.253
18496,143.254
18497,143.255
18498,143.265
18499,143.275
18500,143.281
18501,143.300
18502,143.301
18503,143.307
18504,143.309
18505,143.316
18506,143.317
18507,143.319
18508,143.326
18509,143.334
18510,143.344
18511,143.361
18512,143.367
18513,143.373
18514,143.390
18515,143.396
18516,143.409
18517,143.421
18518,143.431
18519,143.444
18520,143.446
18521,143.447
18522,143.448
18523,143.464
18524,143.477
18525,143.479
18526,143.480
18527,143.481
18528,143.486
18529,143.499
18530,143.510
18531,143.521
18532,143.532
18533,143.538
18534,143.556
18535,143.562
18536,143.568
18537,143.587
18538,143.593
18539,143.606
18540,143.618
18541,143.629
18542,143.641
18543,143.642
18544,143.643
18545,143.658
18546,143.669
18547,143.670
18548,143.671
18549,143.673
18550,143.677
18551,143.689
18552,143.697
18553,143.706
18554,143.721
18555,143.779
18556,143.787
18557,143.789
18558,143.790
18559,143.792
18560,143.842
18561,143.845
18562,143.847
18563,143.909
18564,143.962
18565,143.965
18566,143.967
18567,144.012
18568,144.014
18569,144.016
18570,144.069
18571,144.077
18572,144.079
18573,144.080
18574,144.128
18575,144.130
18576,144.132
18577,144.182
18578,144.246
18579,144.288
18580,144.289
18581,144.291
18582,144.292
18583,144.331
18584,144.340
18585,144.383
18586,144.395
18587,144.405
18588,144.416
18589,144.425
18590,144.433
18591,144.439
18592,144.442
18593,144.453
18594,144.455
18595,144.456
18596,144.459
18597,144.461
18598,144.462
18599,144.463
18600,144.466
18601,144.510
18602,144.512
18603,144.513
18604,144.552
18605,144.553
18606,144.555
18607,144.556
18608,144.573
18609,144.578
18610,144.579
18611,144.630
18612,144.636
18613,144.637
18614,144.671
18615,144.682
18616,144.690
18617,144.698
18618,144.703
18619,144.705
18620,144.713
18621,144.715
18622,144.716
18623,144.719
18624,144.720
18625,144.721
18626,144.722
18627,144.724
18628,144.764
18629,144.765
18630,144.767
18631,144.804
18632,144.805
18633,144.807
18634,144.808
18635,144.825
18636,144.830
18637,144.831
18638,144.880
18639,144.885
18640,144.887
18641,144.921
18642,144.931
18643,144.938
18644,144.946
18645,144.951
18646,144.953
18647,144.963
18648,144.965
18649,144.966
18650,145.013
18651,145.018
18652,145.055
18653,145.066
18654,145.074
18655,145.083
18656,145.091
18657,145.092
18658,145.101
18659,145.103
18660,145.104
18661,145.107
18662,145.108
18663,145.110
18664,145.111
18665,145.113
18666,145.155
18667,145.156
18668,145.157
18669,145.194
18670,145.196
18671,145.197
18672,145.198
18673,145.215
18674,145.220
18675,145.221
18676,145.266
18677,145.271
18678,145.273
18679,145.306
18680,145.316
18681,145.326
18682,145.334
18683,145.340
18684,145.342
18685,145.350
18686,145.352
18687,145.353
18688,145.362
18689,145.376
18690,145.378
18691,145.379
18692,145.381
18693,145.383
18694,145.389
18695,145.434
18696,145.436
18697,145.438
18698,145.491
18699,145.493
18700,145.495
18701,145.502
18702,145.518
18703,145.525
18704,145.541
18705,145.543
18706,145.544
18707,145.574
18708,145.578
18709,145.580
18710,145.581
18711,145.610
18712,145.625
18713,145.628
18714,145.635
18715,145.637
18716,145.638
18717,145.646
18718,145.664
18719,145.673
18720,145.675
18721,145.677
18722,145.679
18723,145.680
18724,145.689
18725,145.704
18726,145.706
18727,145.707
18728,145.711
18729,145.718
18730,145.720
18731,145.721
18732,145.722
18733,145.731
18734,145.748
18735,145.749
18736,145.750
18737,145.752
18738,145.755
18739,145.762
18740,145.764
18741,145.765
18742,145.794
18743,145.836
18744,145.839
18745,145.841
18746,145.842
18747,145.844
18748,145.845
18749,145.847
18750,145.854
18751,145.872
18752,145.874
18753,145.876
18754,145.877
18755,145.879
18756,145.885
18757,145.906
18758,145.909
18759,145.919
18760,145.949
18761,145.970
18762,145.973
18763,145.984
18764,145.985
18765,145.987
18766,145.988
18767,145.989
18768,145.991
18769,145.996
18770,146.012
18771,146.013
18772,146.015
18773,146.016
18774,146.018
18775,146.023
18776,146.035
18777,146.036
18778,146.041
18779,146.057
18780,146.069
18781,146.076
18782,146.087
18783,146.089
18784,146.090
18785,146.096
18786,146.110
18787,146.121
18788,146.128
18789,146.140
18790,146.141
18791,146.143
18792,146.144
18793,146.149
18794,146.159
18795,146.163
18796,146.177
18797,146.186
18798,146.188
18799,146.192
18800,146.202
18801,146.203
18802,146.209
18803,146.221
18804,146.222
18805,146.224
18806,146.233
18807,146.244
18808,146.252
18809,146.260
18810,146.266
18811,146.268
18812,146.276
18813,146.278
18814,146.279
18815,146.288
18816,146.302
18817,146.304
18818,146.305
18819,146.306
18820,146.308
18821,146.315
18822,146.330
18823,146.341
18824,146.343
18825,146.348
18826,146.350
18827,146.351
18828,146.357
18829,146.368
18830,146.374
18831,146.384
18832,146.391
18833,146.402
18834,146.404
18835,146.409
18836,146.424
18837,146.435
18838,146.436
18839,146.437
18840,146.460
18841,146.509
18842,146.510
18843,146.512
18844,146.551
18845,146.561
18846,146.563
18847,146.564
18848,146.569
18849,146.579
18850,146.585
18851,146.586
18852,146.588
18853,146.589
18854,146.590
18855,146.613
18856,146.615
18857,146.616
18858,146.617
18859,146.641
18860,146.643
18861,146.644
18862,146.646
18863,146.647
18864,146.698
18865,146.747
18866,146.758
18867,146.812
18868,146.825
18869,146.864
18870,146.876
18871,146.878
18872,146.935
18873,146.950
18874,146.951
18875,146.953
18876,146.955
18877,146.994
18878,147.006
18879,147.008
18880,147.010
18881,147.015
18882,147.034
18883,147.046
18884,147.054
18885,147.062
18886,147.068
18887,147.070
18888,147.078
18889,147.080
18890,147.081
18891,147.084
18892,147.086
18893,147.087
18894,147.088
18895,147.090
18896,147.132
18897,147.134
18898,147.135
18899,147.169
18900,147.171
18901,147.172
18902,147.173
18903,147.195
18904,147.203
18905,147.205
18906,147.277
18907,147.285
18908,147.287
18909,147.289
18910,147.340
18911,147.355
18912,147.364
18913,147.377
18914,147.385
18915,147.388
18916,147.436
18917,147.439
18918,147.440
18919,147.489
18920,147.491
18921,147.493
18922,147.556
18923,147.561
18924,147.563
18925,147.608
18926,147.624
18927,147.633
18928,147.645
18929,147.655
18930,147.659
18931,147.676
18932,147.679
18933,147.681
18934,147.684
18935,147.688
18936,147.689
18937,147.691
18938,147.693
18939,147.743
18940,147.744
18941,147.745
18942,147.785
18943,147.786
18944,147.787
18945,147.789
18946,147.810
18947,147.816
18948,147.817
18949,147.874
18950,147.880
18951,147.881
18952,147.919
18953,147.930
18954,147.938
18955,147.947
18956,147.952
18957,147.954
18958,147.962
18959,147.964
18960,147.965
18961,147.968
18962,147.970
18963,147.971
18964,147.972
18965,147.974
18966,148.019
18967,148.020
18968,148.021
18969,148.061
18970,148.063
18971,148.065
18972,148.066
18973,148.085
18974,148.090
18975,148.091
18976,148.140
18977,148.145
18978,148.147
18979,148.184
18980,148.195
18981,148.209
18982,148.219
18983,148.230
18984,148.242
18985,148.248
18986,148.257
18987,148.259
18988,148.260
18989,148.263
18990,148.264
18991,148.265
18992,148.278
18993,148.287
18994,148.292
18995,148.294
18996,148.304
18997,148.309
18998,148.319
18999,148.330
19000,148.338
19001,148.347
19002,148.354
19003,148.356
19004,148.365
19005,148.367
19006,148.368
19007,148.371
19008,148.377
19009,148.378
19010,148.379
19011,148.381
19012,148.384
19013,148.391
19014,148.396
19015,148.399
19016,148.403
19017,148.406
19018,148.411
19019,148.414
19020,148.416
19021,148.417
19022,148.418
19023,148.419
19024,148.459
19025,148.461
19026,148.462
19027,148.505
19028,148.507
19029,148.509
19030,148.510
19031,148.531
19032,148.536
19033,148.538
19034,148.541
19035,148.546
19036,148.599
19037,148.606
19038,148.608
19039,148.610
19040,148.650
19041,148.662
19042,148.670
19043,148.680
19044,148.682
19045,148.684
19046,148.685
19047,148.687
19048,148.688
19049,148.692
19050,148.704
19051,148.706
19052,148.707
19053,148.708
19054,148.709
19055,148.711
19056,148.725
19057,148.727
19058,148.729
19059,148.734
19060,148.770
19061,148.803
19062,148.814
19063,148.822
19064,148.836
19065,148.842
19066,148.860
19067,148.867
19068,148.882
19069,148.883
19070,148.885
19071,148.886
19072,148.898
19073,148.916
19074,148.923
19075,148.935
19076,148.936
19077,148.937
19078,148.939
19079,148.952
19080,148.981
19081,148.992
19082,149.062
19083,149.065
19084,149.067
19085,149.069
19086,149.128
19087,149.130
19088,149.132
19089,149.141
19090,149.167
19091,149.178
19092,149.197
19093,149.226
19094,149.229
19095,149.231
19096,149.232
19097,149.240
19098,149.266
19099,149.276
19100,149.297
19101,149.300
19102,149.302
19103,149.303
19104,149.305
19105,149.323
19106,149.324
19107,149.326
19108,149.327
19109,149.329
19110,149.339
19111,149.341
19112,149.343
19113,149.344
19114,149.355
19115,149.356
19116,149.358
19117,149.360
19118,149.367
19119,149.394
19120,149.406
19121,149.434
19122,149.436
19123,149.438
19124,149.439
19125,149.441
19126,149.451
19127,149.462
19128,149.470
19129,149.472
19130,149.473
19131,149.475
19132,149.481
19133,149.493
19134,149.508
19135,149.510
19136,149.512
19137,149.513
19138,149.515
19139,149.529
19140,149.541
19141,149.559
19142,149.570
19143,149.572
19144,149.577
19145,149.588
19146,149.589
19147,149.603
19148,149.605
19149,149.606
19150,149.608
19151,149.609
19152,149.617
19153,149.618
19154,149.619
19155,149.626
19156,149.639
19157,149.649
19158,149.650
19159,149.652
19160,149.658
19161,149.670
19162,149.677
19163,149.698
19164,149.706
19165,149.713
19166,149.715
19167,149.716
19168,149.718
19169,149.719
19170,149.720
19171,149.729
19172,149.731
19173,149.732
19174,149.733
19175,149.734
19176,149.740
19177,149.760
19178,149.768
19179,149.781
19180,149.803
19181,149.805
19182,149.806
19183,149.808
19184,149.814
19185,149.832
19186,149.838
19187,149.852
19188,149.863
19189,149.864
19190,149.869
19191,149.871
19192,149.872
19193,149.873
19194,149.886
19195,149.888
19196,149.889
19197,149.890
19198,149.899
19199,149.900
19200,149.902
19201,149.903
19202,149.909
19203,149.926
19204,149.933
19205,149.941
19206,149.943
19207,149.944
19208,149.945
19209,149.959
19210,149.960
19211,149.961
19212,149.963
19213,149.964
19214,149.977
19215,149.988
19216,150.005
19217,150.017
19218,150.019
19219,150.023
19220,150.035
19221,150.036
19222,150.050
19223,150.052
19224,150.053
19225,150.054
19226,150.056
19227,150.064
19228,150.065
19229,150.067
19230,150.075
19231,150.077
19232,150.078
19233,150.079
19234,150.086
19235,150.105
19236,150.113
19237,150.119
19238,150.139
19239,150.146
19240,150.161
19241,150.163
19242,150.164
19243,150.166
19244,150.167
19245,150.168
19246,150.174
19247,150.175
19248,150.176
19249,150.178
19250,150.179
19251,150.191
19252,150.203
19253,150.212
19254,150.214
19255,150.215
19256,150.217
19257,150.227
19258,150.229
19259,150.230
19260,150.232
19261,150.242
19262,150.244
19263,150.245
19264,150.253
19265,150.276
19266,150.284
19267,150.298
19268,150.310
19269,150.312
19270,150.325
19271,150.327
19272,150.329
19273,150.337
19274,150.339
19275,150.341
19276,150.342
19277,150.344
19278,150.345
19279,150.356
19280,150.358
19281,150.360
19282,150.361
19283,150.378
19284,150.390
19285,150.395
19286,150.397
19287,150.398
19288,150.399
19289,150.401
19290,150.410
19291,150.418
19292,150.419
19293,150.424
19294,150.446
19295,150.448
19296,150.449
19297,150.451
19298,150.461
19299,150.462
19300,150.464
19301,150.465
19302,150.473
19303,150.493
19304,150.502
19305,150.516
19306,150.540
19307,150.542
19308,150.543
19309,150.545
19310,150.552
19311,150.571
19312,150.573
19313,150.578
19314,150.589
19315,150.606
19316,150.629
19317,150.631
19318,150.633
19319,150.635
19320,150.648
19321,150.651
19322,150.652
19323,150.661
19324,150.693
19325,150.705
19326,150.718
19327,150.719
19328,150.721
19329,150.723
19330,150.725
19331,150.737
19332,150.738
19333,150.740
19334,150.750
19335,150.751
19336,150.753
19337,150.754
19338,150.765
19339,150.767
19340,150.769
19341,150.770
19342,150.772
19343,150.792
19344,150.809
19345,150.817
19346,150.832
19347,150.834
19348,150.842
19349,150.856
19350,150.858
19351,150.863
19352,150.866
19353,150.867
19354,150.887
19355,150.889
19356,150.890
19357,150.922
19358,150.964
19359,150.990
19360,150.998
19361,151.010
19362,151.012
19363,151.013
19364,151.033
19365,151.055
19366,151.057
19367,151.066
19368,151.085
19369,151.094
19370,151.106
19371,151.108
19372,151.113
19373,151.114
19374,151.116
19375,151.117
19376,151.123
19377,151.124
19378,151.126
19379,151.128
19380,151.134
19381,151.145
19382,151.151
19383,151.161
19384,151.167
19385,151.177
19386,151.182
19387,151.193
19388,151.194
19389,151.199
19390,151.201
19391,151.202
19392,151.203
19393,151.208
19394,151.219
19395,151.221
19396,151.227
19397,151.238
19398,151.251
19399,151.253
19400,151.254
19401,151.269
19402,151.281
19403,151.287
19404,151.298
19405,151.311
19406,151.331
19407,151.339
19408,151.352
19409,151.354
19410,151.355
19411,151.360
19412,151.362
19413,151.363
19414,151.391
19415,151.431
19416,151.440
19417,151.442
19418,151.444
19419,151.448
19420,151.449
19421,151.450
19422,151.452
19423,151.453
19424,151.454
19425,151.455
19426,151.471
19427,151.481
19428,151.487
19429,151.490
19430,151.561
19431,151.566
19432,151.571
19433,151.578
19434,151.582
19435,151.585
19436,151.587
19437,151.632
19438,151.644
19439,151.651
19440,151.660
19441,151.667
19442,151.669
19443,151.711
19444,151.713
19445,151.714
19446,151.756
19447,151.758
19448,151.760
19449,151.761
19450,151.813
19451,151.818
19452,151.856
19453,151.859
19454,151.861
19455,151.872
19456,151.883
19457,151.892
19458,151.902
19459,151.909
19460,151.911
19461,151.953
19462,151.955
19463,151.956
19464,151.997
19465,151.999
19466,152.000
19467,152.001
19468,152.055
19469,152.060
19470,152.097
19471,152.101
19472,152.103
19473,152.114
19474,152.125
19475,152.154
19476,152.166
19477,152.194
19478,152.206
19479,152.237
19480,152.239
19481,152.240
19482,152.242
19483,152.244
19484,152.257
19485,152.296
19486,152.305
19487,152.307
19488,152.336
19489,152.343
19490,152.384
19491,152.400
19492,152.407
19493,152.423
19494,152.434
19495,152.450
19496,152.494
19497,152.497
19498,152.499
19499,152.536
19500,152.552
19501,152.590
19502,152.604
19503,152.644
19504,152.646
19505,152.647
19506,152.649
19507,152.655
19508,152.668
19509,152.678
19510,152.680
19511,152.681
19512,152.683
19513,152.684
19514,152.686
19515,152.688
19516,152.689
19517,152.732
19518,152.735
19519,152.736
19520,152.742
19521,152.745
19522,152.746
19523,152.752
19524,152.754
19525,152.755
19526,152.813
19527,152.815
19528,152.816
19529,152.818
19530,152.819
19531,152.883
19532,152.885
19533,152.888
19534,152.890
19535,152.891
19536,152.904
19537,152.906
19538,152.908
19539,152.909
19540,152.918
19541,152.938
19542,152.940
19543,152.948
19544,152.962
19545,152.964
19546,152.966
19547,152.971
19548,152.981
19549,152.991
19550,153.012
19551,153.014
19552,153.021
19553,153.029
19554,153.030
19555,153.032
19556,153.045
19557,153.046
19558,153.047
19559,153.049
19560,153.054
19561,153.064
19562,153.070
19563,153.081
19564,153.083
19565,153.094
19566,153.114
19567,153.116
19568,153.123
19569,153.131
19570,153.150
19571,153.159
19572,153.165
19573,153.176
19574,153.218
19575,153.228
19576,153.269
19577,153.282
19578,153.292
19579,153.303
19580,153.311
19581,153.312
19582,153.314
19583,153.320
19584,153.331
19585,153.338
19586,153.339
19587,153.340
19588,153.348
19589,153.356
19590,153.363
19591,153.365
19592,153.374
19593,153.376
19594,153.377
19595,153.380
19596,153.381
19597,153.383
19598,153.384
19599,153.387
19600,153.433
19601,153.434
19602,153.436
19603,153.477
19604,153.479
19605,153.480
19606,153.481
19607,153.503
19608,153.507
19609,153.509
19610,153.562
19611,153.569
19612,153.570
19613,153.611
19614,153.624
19615,153.634
19616,153.635
19617,153.637
19618,153.640
19619,153.646
19620,153.647
19621,153.650
19622,153.697
19623,153.701
19624,153.749
19625,153.751
19626,153.752
19627,153.754
19628,153.758
19629,153.760
19630,153.763
19631,153.768
19632,153.772
19633,153.779
19634,153.780
19635,153.781
19636,153.783
19637,153.784
19638,153.785
19639,153.800
19640,153.802
19641,153.803
19642,153.809
19643,153.830
19644,153.847
19645,153.858
19646,153.865
19647,153.879
19648,153.885
19649,153.905
19650,153.911
19651,153.925
19652,153.927
19653,153.928
19654,153.929
19655,153.940
19656,153.960
19657,153.968
19658,153.982
19659,153.984
19660,153.986
19661,153.989
19662,153.998
19663,154.016
19664,154.022
19665,154.068
19666,154.070
19667,154.071
19668,154.072
19669,154.133
19670,154.135
19671,154.137
19672,154.145
19673,154.175
19674,154.188
19675,154.211
19676,154.242
19677,154.245
19678,154.246
19679,154.248
19680,154.255
19681,154.282
19682,154.291
19683,154.313
19684,154.316
19685,154.318
19686,154.320
19687,154.321
19688,154.339
19689,154.341
19690,154.342
19691,154.344
19692,154.345
19693,154.356
19694,154.358
19695,154.359
19696,154.361
19697,154.371
19698,154.373
19699,154.374
19700,154.376
19701,154.383
19702,154.410
19703,154.419
19704,154.440
19705,154.442
19706,154.444
19707,154.446
19708,154.447
19709,154.460
19710,154.474
19711,154.483
19712,154.485
19713,154.486
19714,154.488
19715,154.495
19716,154.512
19717,154.536
19718,154.540
19719,154.542
19720,154.543
19721,154.545
19722,154.563
19723,154.575
19724,154.595
19725,154.606
19726,154.608
19727,154.613
19728,154.624
19729,154.626
19730,154.638
19731,154.639
19732,154.641
19733,154.642
19734,154.643
19735,154.651
19736,154.652
19737,154.653
19738,154.660
19739,154.672
19740,154.681
19741,154.683
19742,154.684
19743,154.690
19744,154.701
19745,154.707
19746,154.728
19747,154.735
19748,154.742
19749,154.744
19750,154.745
19751,154.746
19752,154.748
19753,154.749
19754,154.757
19755,154.759
19756,154.760
19757,154.761
19758,154.763
19759,154.769
19760,154.788
19761,154.795
19762,154.809
19763,154.832
19764,154.834
19765,154.835
19766,154.836
19767,154.842
19768,154.861
19769,154.868
19770,154.882
19771,154.893
19772,154.894
19773,154.900
19774,154.901
19775,154.902
19776,154.904
19777,154.916
19778,154.917
19779,154.919
19780,154.920
19781,154.928
19782,154.930
19783,154.932
19784,154.933
19785,154.939
19786,154.959
19787,154.965
19788,154.974
19789,154.975
19790,154.977
19791,154.978
19792,154.991
19793,154.992
19794,154.994
19795,154.995
19796,154.996
19797,155.011
19798,155.021
19799,155.039
19800,155.050
19801,155.052
19802,155.058
19803,155.068
19804,155.069
19805,155.082
19806,155.083
19807,155.084
19808,155.086
19809,155.087
19810,155.094
19811,155.095
19812,155.097
19813,155.104
19814,155.106
19815,155.107
19816,155.108
19817,155.114
19818,155.132
19819,155.139
19820,155.144
19821,155.163
19822,155.170
19823,155.183
19824,155.185
19825,155.186
19826,155.188
19827,155.189
19828,155.190
19829,155.195
19830,155.197
19831,155.198
19832,155.199
19833,155.200
19834,155.212
19835,155.223
19836,155.231
19837,155.233
19838,155.234
19839,155.236
19840,155.245
19841,155.247
19842,155.248
19843,155.249
19844,155.258
19845,155.260
19846,155.262
19847,155.269
19848,155.290
19849,155.298
19850,155.312
19851,155.322
19852,155.324
19853,155.336
19854,155.338
19855,155.339
19856,155.347
19857,155.348
19858,155.349
19859,155.351
19860,155.352
19861,155.354
19862,155.366
19863,155.368
19864,155.369
19865,155.371
19866,155.389
19867,155.401
19868,155.406
19869,155.408
19870,155.409
19871,155.410
19872,155.412
19873,155.417
19874,155.428
19875,155.429
19876,155.433
19877,155.456
19878,155.457
19879,155.458
19880,155.459
19881,155.469
19882,155.471
19883,155.473
19884,155.474
19885,155.481
19886,155.502
19887,155.511
19888,155.525
19889,155.549
19890,155.550
19891,155.552
19892,155.553
19893,155.561
19894,155.581
19895,155.584
19896,155.590
19897,155.603
19898,155.612
19899,155.626
19900,155.627
19901,155.629
19902,155.630
19903,155.641
19904,155.643
19905,155.645
19906,155.653
19907,155.686
19908,155.700
19909,155.713
19910,155.715
19911,155.717
19912,155.718
19913,155.720
19914,155.732
19915,155.734
19916,155.736
19917,155.747
19918,155.749
19919,155.750
19920,155.752
19921,155.764
19922,155.766
19923,155.768
19924,155.769
19925,155.771
19926,155.792
19927,155.809
19928,155.817
19929,155.832
19930,155.834
19931,155.842
19932,155.856
19933,155.858
19934,155.863
19935,155.865
19936,155.867
19937,155.883
19938,155.885
19939,155.887
19940,155.897
19941,155.918
19942,155.946
19943,155.956
19944,155.968
19945,155.969
19946,155.971
19947,155.991
19948,156.006
19949,156.007
19950,156.014
19951,156.029
19952,156.036
19953,156.050
19954,156.052
19955,156.058
19956,156.071
19957,156.078
19958,156.080
19959,156.082
19960,156.083
19961,156.091
19962,156.093
19963,156.095
19964,156.098
19965,156.106
19966,156.123
19967,156.130
19968,156.142
19969,156.148
19970,156.158
19971,156.163
19972,156.173
19973,156.175
19974,156.180
19975,156.182
19976,156.183
19977,156.184
19978,156.190
19979,156.200
19980,156.201
19981,156.206
19982,156.217
19983,156.229
19984,156.241
19985,156.256
19986,156.258
19987,156.259
19988,156.265
19989,156.275
19990,156.277
19991,156.288
19992,156.299
19993,156.305
19994,156.321
19995,156.323
19996,156.324
19997,156.330
19998,156.342
19999,156.356
20000,156.377
20001,156.391
20002,156.397
20003,156.409
20004,156.418
20005,156.430
20006,156.437
20007,156.455
20008,156.457
20009,156.458
20010,156.459
20011,156.461
20012,156.462
20013,156.477
20014,156.478
20015,156.479
20016,156.481
20017,156.483
20018,156.493
20019,156.495
20020,156.496
20021,156.502
20022,156.513
20023,156.518
20024,156.543
20025,156.554
20026,156.565
20027,156.576
20028,156.582
20029,156.594
20030,156.602
20031,156.603
20032,156.604
20033,156.606
20034,156.607
20035,156.614
20036,156.615
20037,156.616
20038,156.623
20039,156.625
20040,156.626
20041,156.639
20042,156.641
20043,156.642
20044,156.648
20045,156.658
20046,156.664
20047,156.674
20048,156.685
20049,156.704
20050,156.712
20051,156.720
20052,156.730
20053,156.736
20054,156.738
20055,156.748
20056,156.750
20057,156.752
20058,156.758
20059,156.768
20060,156.770
20061,156.776
20062,156.790
20063,156.792
20064,156.793
20065,156.799
20066,156.801
20067,156.804
20068,156.806
20069,156.853
20070,156.905
20071,156.917
20072,156.926
20073,156.938
20074,156.947
20075,156.949
20076,157.025
20077,157.029
20078,157.035
20079,157.041
20080,157.045
20081,157.048
20082,157.050
20083,157.096
20084,157.108
20085,157.117
20086,157.127
20087,157.135
20088,157.137
20089,157.192
20090,157.197
20091,157.239
20092,157.242
20093,157.285
20094,157.289
20095,157.290
20096,157.331
20097,157.336
20098,157.395
20099,157.398
20100,157.400
20101,157.401
20102,157.416
20103,157.434
20104,157.443
20105,157.458
20106,157.461
20107,157.477
20108,157.481
20109,157.490
20110,157.492
20111,157.493
20112,157.503
20113,157.505
20114,157.506
20115,157.508
20116,157.522
20117,157.526
20118,157.527
20119,157.529
20120,157.533
20121,157.535
20122,157.537
20123,157.539
20124,157.540
20125,157.542
20126,157.546
20127,157.625
20128,157.646
20129,157.648
20130,157.650
20131,157.652
20132,157.654
20133,157.656
20134,157.659
20135,157.661
20136,157.663
20137,157.665
20138,157.668
20139,157.670
20140,157.672
20141,157.675
20142,157.678
20143,157.734
20144,157.812
20145,157.828
20146,157.886
20147,157.899
20148,157.946
20149,157.959
20150,158.012
20151,158.023
20152,158.067
20153,158.078
20154,158.126
20155,158.138
20156,158.183
20157,158.195
20158,158.200
20159,158.202
20160,158.203
20161,158.205
20162,158.206
20163,158.253
20164,158.265
20165,158.309
20166,158.365
20167,158.377
20168,158.436
20169,158.448
20170,158.450
20171,158.495
20172,158.505
20173,158.549
20174,158.560
20175,158.607
20176,158.618
20177,158.663
20178,158.674
20179,158.720
20180,158.731
20181,158.776
20182,158.787
20183,158.837
20184,158.850
20185,158.896
20186,158.907
20187,158.913
20188,158.924
20189,158.926
20190,158.931
20191,158.942
20192,158.947
20193,158.949
20194,158.950
20195,158.952
20196,158.953
20197,158.958
20198,158.960
20199,158.962
20200,159.018
20201,159.031
20202,159.033
20203,159.034
20204,159.077
20205,159.087
20206,159.134
20207,159.138
20208,159.140
20209,159.226
20210,159.243
20211,159.245
20212,159.311
20213,159.313
20214,159.315
20215,159.317
20216,159.319
20217,159.320
20218,159.382
20219,159.385
20220,159.387
20221,159.389
20222,159.451
20223,159.468
20224,159.546
20225,159.619
20226,159.636
20227,159.701
20228,159.714
20229,159.716
20230,159.763
20231,159.765
20232,159.767
20233,159.773
20234,159.785
20235,159.787
20236,159.788
20237,159.789
20238,159.796
20239,159.806
20240,159.812
20241,159.814
20242,159.815
20243,159.817
20244,159.874
20245,159.888
20246,159.890
20247,159.949
20248,159.951
20249,159.952
20250,159.958
20251,159.969
20252,159.971
20253,159.972
20254,159.974
20255,160.025
20256,160.037
20257,160.082
20258,160.093
20259,160.137
20260,160.148
20261,160.194
20262,160.205
20263,160.249
20264,160.260
20265,160.304
20266,160.315
20267,160.360
20268,160.372
20269,160.420
20270,160.431
20271,160.478
20272,160.490
20273,160.496
20274,160.498
20275,160.499
20276,160.501
20277,160.502
20278,160.503
20279,160.509
20280,160.525
20281,160.535
20282,160.541
20283,160.555
20284,160.569
20285,160.583
20286,160.599
20287,160.610
20288,160.612
20289,160.613
20290,160.615
20291,160.616
20292,160.619
20293,160.624
20294,160.635
20295,160.684
20296,160.686
20297,160.688
20298,160.689
20299,160.754
20300,160.767
20301,160.769
20302,160.828
20303,160.841
20304,160.843
20305,160.845
20306,160.891
20307,160.909
20308,160.922
20309,160.924
20310,160.938
20311,160.939
20312,160.941
20313,160.942
20314,160.953
20315,160.956
20316,160.968
20317,160.986
20318,161.000
20319,161.019
20320,161.021
20321,161.023
20322,161.025
20323,161.085
20324,161.091
20325,161.173
20326,161.179
20327,161.231
20328,161.235
20329,161.237
20330,161.252
20331,161.267
20332,161.276
20333,161.291
20334,161.301
20335,161.305
20336,161.313
20337,161.328
20338,161.387
20339,161.402
20340,161.460
20341,161.462
20342,161.463
20343,161.473
20344,161.490
20345,161.493
20346,161.514
20347,161.525
20348,161.531
20349,161.534
20350,161.543
20351,161.554
20352,161.561
20353,161.564
20354,161.572
20355,161.583
20356,161.590
20357,161.593
20358,161.601
20359,161.602
20360,161.603
20361,161.605
20362,161.611
20363,161.621
20364,161.636
20365,161.637
20366,161.638
20367,161.640
20368,161.647
20369,161.649
20370,161.650
20371,161.651
20372,161.652
20373,161.660
20374,161.673
20375,161.679
20376,161.694
20377,161.709
20378,161.720
20379,161.767
20380,161.769
20381,161.814
20382,161.816
20383,161.817
20384,161.819
20385,161.820
20386,161.821
20387,161.829
20388,161.839
20389,161.845
20390,161.848
20391,161.893
20392,161.895
20393,161.896
20394,161.955
20395,161.961
20396,162.000
20397,162.004
20398,162.005
20399,162.008
20400,162.009
20401,162.010
20402,162.011
20403,162.022
20404,162.033
20405,162.037
20406,162.038
20407,162.040
20408,162.041
20409,162.051
20410,162.065
20411,162.078
20412,162.085
20413,162.102
20414,162.118
20415,162.129
20416,162.135
20417,162.149
20418,162.156
20419,162.174
20420,162.176
20421,162.177
20422,162.183
20423,162.196
20424,162.203
20425,162.216
20426,162.224
20427,162.226
20428,162.227
20429,162.228
20430,162.230
20431,162.236
20432,162.250
20433,162.251
20434,162.253
20435,162.283
20436,162.327
20437,162.329
20438,162.331
20439,162.335
20440,162.337
20441,162.339
20442,162.340
20443,162.353
20444,162.354
20445,162.355
20446,162.363
20447,162.364
20448,162.366
20449,162.382
20450,162.384
20451,162.385
20452,162.386
20453,162.436
20454,162.437
20455,162.439
20456,162.440
20457,162.506
20458,162.519
20459,162.564
20460,162.575
20461,162.577
20462,162.590
20463,162.603
20464,162.604
20465,162.606
20466,162.607
20467,162.621
20468,162.631
20469,162.637
20470,162.639
20471,162.640
20472,162.642
20473,162.644
20474,162.655
20475,162.657
20476,162.658
20477,162.663
20478,162.674
20479,162.679
20480,162.689
20481,162.694
20482,162.710
20483,162.712
20484,162.713
20485,162.725
20486,162.738
20487,162.746
20488,162.748
20489,162.749
20490,162.751
20491,162.818
20492,162.821
20493,162.823
20494,162.825
20495,162.914
20496,162.930
20497,162.932
20498,162.989
20499,163.003
20500,163.005
20501,163.020
20502,163.035
20503,163.037
20504,163.046
20505,163.048
20506,163.050
20507,163.051
20508,163.058
20509,163.073
20510,163.075
20511,163.084
20512,163.086
20513,163.087
20514,163.095
20515,163.109
20516,163.131
20517,163.144
20518,163.157
20519,163.159
20520,163.171
20521,163.189
20522,163.199
20523,163.219
20524,163.229
20525,163.242
20526,163.249
20527,163.262
20528,163.270
20529,163.272
20530,163.273
20531,163.280
20532,163.281
20533,163.283
20534,163.284
20535,163.292
20536,163.294
20537,163.303
20538,163.305
20539,163.306
20540,163.313
20541,163.325
20542,163.333
20543,163.348
20544,163.350
20545,163.352
20546,163.359
20547,163.370
20548,163.378
20549,163.380
20550,163.382
20551,163.384
20552,163.385
20553,163.387
20554,163.388
20555,163.396
20556,163.408
20557,163.410
20558,163.416
20559,163.428
20560,163.430
20561,163.437
20562,163.455
20563,163.469
20564,163.470
20565,163.472
20566,163.479
20567,163.493
20568,163.499
20569,163.500
20570,163.502
20571,163.509
20572,163.521
20573,163.529
20574,163.530
20575,163.532
20576,163.534
20577,163.537
20578,163.582
20579,163.584
20580,163.586
20581,163.587
20582,163.634
20583,163.648
20584,163.650
20585,163.707
20586,163.720
20587,163.722
20588,163.778
20589,163.791
20590,163.793
20591,163.834
20592,163.845
20593,163.847
20594,163.904
20595,163.918
20596,163.920
20597,163.963
20598,163.976
20599,163.983
20600,163.985
20601,163.986
20602,163.988
20603,163.989
20604,163.997
20605,164.009
20606,164.011
20607,164.018
20608,164.020
20609,164.021
20610,164.022
20611,164.024
20612,164.025
20613,164.033
20614,164.034
20615,164.036
20616,164.038
20617,164.039
20618,164.041
20619,164.043
20620,164.048
20621,164.049
20622,164.051
20623,164.052
20624,164.054
20625,164.059
20626,164.061
20627,164.062
20628,164.064
20629,164.065
20630,164.067
20631,164.068
20632,164.075
20633,164.087
20634,164.094
20635,164.096
20636,164.097
20637,164.099
20638,164.100
20639,164.108
20640,164.122
20641,164.123
20642,164.125
20643,164.134
20644,164.148
20645,164.150
20646,164.153
20647,164.161
20648,164.163
20649,164.165
20650,164.167
20651,164.169
20652,164.171
20653,164.179
20654,164.191
20655,164.200
20656,164.212
20657,164.214
20658,164.222
20659,164.224
20660,164.226
20661,164.228
20662,164.230
20663,164.231
20664,164.233
20665,164.241
20666,164.256
20667,164.264
20668,164.266
20669,164.268
20670,164.270
20671,164.272
20672,164.282
20673,164.284
20674,164.286
20675,164.288
20676,164.290
20677,164.296
20678,164.307
20679,164.313
20680,164.324
20681,164.333
20682,164.345
20683,164.348
20684,164.351
20685,164.358
20686,164.376
20687,164.397
20688,164.399
20689,164.401
20690,164.404
20691,164.406
20692,164.412
20693,164.414
20694,164.416
20695,164.418
20696,164.423
20697,164.441
20698,164.454
20699,164.456
20700,164.458
20701,164.465
20702,164.482
20703,164.502
20704,164.504
20705,164.506
20706,164.511
20707,164.527
20708,164.530
20709,164.532
20710,164.534
20711,164.535
20712,164.543
20713,164.545
20714,164.547
20715,164.549
20716,164.564
20717,164.566
20718,164.568
20719,164.580
20720,164.601
20721,164.610
20722,164.623
20723,164.625
20724,164.626
20725,164.632
20726,164.646
20727,164.648
20728,164.650
20729,164.717
20730,164.732
20731,164.819
20732,164.909
20733,164.978
20734,164.993
20735,165.000
20736,165.015
20737,165.022
20738,165.036
20739,165.055
20740,165.068
20741,165.070
20742,165.076
20743,165.078
20744,165.079
20745,165.081
20746,165.086
20747,165.088
20748,165.089
20749,165.177
20750,165.195
20751,165.197
20752,165.199
20753,165.201
20754,165.203
20755,165.205
20756,165.207
20757,165.209
20758,165.211
20759,165.213
20760,165.215
20761,165.217
20762,165.219
20763,165.221
20764,165.224
20765,165.271
20766,165.330
20767,165.342
20768,165.391
20769,165.405
20770,165.451
20771,165.463
20772,165.515
20773,165.528
20774,165.576
20775,165.588
20776,165.637
20777,165.649
20778,165.696
20779,165.709
20780,165.715
20781,165.717
20782,165.719
20783,165.720
20784,165.721
20785,165.768
20786,165.781
20787,165.828
20788,165.889
20789,165.900
20790,165.966
20791,165.979
20792,165.981
20793,166.029
20794,166.042
20795,166.089
20796,166.103
20797,166.153
20798,166.166
20799,166.215
20800,166.229
20801,166.277
20802,166.290
20803,166.336
20804,166.350
20805,166.399
20806,166.411
20807,166.463
20808,166.481
20809,166.490
20810,166.508
20811,166.510
20812,166.518
20813,166.535
20814,166.544
20815,166.546
20816,166.548
20817,166.549
20818,166.551
20819,166.559
20820,166.561
20821,166.562
20822,166.634
20823,166.654
20824,166.656
20825,166.658
20826,166.716
20827,166.718
20828,166.720
20829,166.721
20830,166.785
20831,166.787
20832,166.788
20833,166.867
20834,166.882
20835,166.884
20836,166.949
20837,166.952
20838,166.954
20839,166.956
20840,166.957
20841,166.959
20842,167.011
20843,167.012
20844,167.014
20845,167.015
20846,167.065
20847,167.077
20848,167.138
20849,167.196
20850,167.197
20851,167.199
20852,167.200
20853,167.250
20854,167.261
20855,167.316
20856,167.330
20857,167.332
20858,167.377
20859,167.379
20860,167.381
20861,167.387
20862,167.399
20863,167.401
20864,167.402
20865,167.403
20866,167.410
20867,167.421
20868,167.422
20869,167.424
20870,167.425
20871,167.432
20872,167.433
20873,167.435
20874,167.436
20875,167.490
20876,167.505
20877,167.507
20878,167.552
20879,167.554
20880,167.556
20881,167.562
20882,167.574
20883,167.576
20884,167.577
20885,167.579
20886,167.585
20887,167.602
20888,167.618
20889,167.678
20890,167.692
20891,167.739
20892,167.752
20893,167.800
20894,167.812
20895,167.861
20896,167.873
20897,167.921
20898,167.935
20899,167.984
20900,167.996
20901,168.042
20902,168.055
20903,168.102
20904,168.115
20905,168.160
20906,168.173
20907,168.178
20908,168.179
20909,168.180
20910,168.181
20911,168.182
20912,168.183
20913,168.188
20914,168.189
20915,168.190
20916,168.196
20917,168.197
20918,168.199
20919,168.201
20920,168.202
20921,168.209
20922,168.235
20923,168.253
20924,168.255
20925,168.264
20926,168.280
20927,168.289
20928,168.307
20929,168.309
20930,168.374
20931,168.377
20932,168.379
20933,168.380
20934,168.463
20935,168.480
20936,168.482
20937,168.540
20938,168.554
20939,168.555
20940,168.633
20941,168.714
20942,168.731
20943,168.733
20944,168.734
20945,168.739
20946,168.749
20947,168.751
20948,168.763
20949,168.784
20950,168.786
20951,168.793
20952,168.808
20953,168.819
20954,168.823
20955,168.833
20956,168.846
20957,168.848
20958,168.849
20959,168.851
20960,168.852
20961,168.866
20962,168.868
20963,168.869
20964,168.870
20965,168.875
20966,168.894
20967,168.914
20968,168.916
20969,168.923
20970,168.936
20971,168.950
20972,168.993
20973,168.995
20974,168.996
20975,169.026
20976,169.038
20977,169.082
20978,169.092
20979,169.137
20980,169.138
20981,169.140
20982,169.141
20983,169.169
20984,169.217
20985,169.265
20986,169.267
20987,169.268
20988,169.269
20989,169.277
20990,169.278
20991,169.279
20992,169.286
20993,169.287
20994,169.288
20995,169.289
20996,169.295
20997,169.305
20998,169.306
20999,169.307
21000,169.317
21001,169.362
21002,169.366
21003,169.367
21004,169.408
21005,169.411
21006,169.461
21007,169.465
21008,169.509
21009,169.513
21010,169.514
21011,169.517
21012,169.561
21013,169.563
21014,169.564
21015,169.566
21016,169.613
21017,169.623
21018,169.654
21019,169.664
21020,169.697
21021,169.699
21022,169.700
21023,169.702
21024,169.748
21025,169.750
21026,169.751
21027,169.752
21028,169.795
21029,169.799
21030,169.842
21031,169.845
21032,169.893
21033,169.897
21034,169.947
21035,169.951
21036,169.952
21037,169.999
21038,170.014
21039,170.016
21040,170.018
21041,170.023
21042,170.066
21043,170.079
21044,170.130
21045,170.145
21046,170.162
21047,170.164
21048,170.166
21049,170.168
21050,170.169
21051,170.190
21052,170.193
21053,170.194
21054,170.196
21055,170.235
21056,170.247
21057,170.287
21058,170.301
21059,170.303
21060,170.305
21061,170.308
21062,170.312
21063,170.318
21064,170.331
21065,170.333
21066,170.335
21067,170.336
21068,170.338
21069,170.339
21070,170.379
21071,170.393
21072,170.437
21073,170.453
21074,170.455
21075,170.456
21076,170.458
21077,170.498
21078,170.504
21079,170.506
21080,170.523
21081,170.525
21082,170.527
21083,170.528
21084,170.543
21085,170.545
21086,170.547
21087,170.548
21088,170.591
21089,170.601
21090,170.646
21091,170.656
21092,170.658
21093,170.659
21094,170.697
21095,170.701
21096,170.744
21097,170.755
21098,170.757
21099,170.758
21100,170.759
21101,170.800
21102,170.810
21103,170.850
21104,170.861
21105,170.905
21106,170.917
21107,170.927
21108,170.932
21109,170.933
21110,170.935
21111,170.936
21112,170.940
21113,170.950
21114,170.951
21115,170.956
21116,170.957
21117,170.959
21118,170.960
21119,170.964
21120,170.974
21121,170.975
21122,170.977
21123,170.981
21124,170.992
21125,170.993
21126,170.994
21127,170.996
21128,170.997
21129,170.999
21130,171.000
21131,171.005
21132,171.015
21133,171.016
21134,171.017
21135,171.019
21136,171.024
21137,171.032
21138,171.034
21139,171.035
21140,171.040
21141,171.049
21142,171.051
21143,171.055
21144,171.064
21145,171.066
21146,171.068
21147,171.069
21148,171.070
21149,171.072
21150,171.073
21151,171.074
21152,171.126
21153,171.172
21154,171.176
21155,171.181
21156,171.183
21157,171.184
21158,171.186
21159,171.188
21160,171.193
21161,171.194
21162,171.195
21163,171.197
21164,171.198
21165,171.199
21166,171.200
21167,171.205
21168,171.214
21169,171.216
21170,171.228
21171,171.229
21172,171.231
21173,171.235
21174,171.251
21175,171.261
21176,171.263
21177,171.265
21178,171.266
21179,171.267
21180,171.268
21181,171.270
21182,171.273
21183,171.285
21184,171.287
21185,171.288
21186,171.290
21187,171.304
21188,171.314
21189,171.316
21190,171.320
21191,171.330
21192,171.331
21193,171.332
21194,171.334
21195,171.367
21196,171.376
21197,171.407
21198,171.411
21199,171.413
21200,171.414
21201,171.416
21202,171.417
21203,171.418
21204,171.421
21205,171.474
21206,171.477
21207,171.521
21208,171.526
21209,171.595
21210,171.610
21211,171.612
21212,171.614
21213,171.616
21214,171.617
21215,171.619
21216,171.621
21217,171.623
21218,171.625
21219,171.626
21220,171.628
21221,171.630
21222,171.633
21223,171.635
21224,171.637
21225,171.684
21226,171.695
21227,171.744
21228,171.757
21229,171.758
21230,171.802
21231,171.813
21232,171.881
21233,171.896
21234,171.898
21235,171.900
21236,171.966
21237,171.981
21238,171.983
21239,171.998
21240,172.003
21241,172.087
21242,172.102
21243,172.104
21244,172.106
21245,172.107
21246,172.186
21247,172.202
21248,172.204
21249,172.264
21250,172.283
21251,172.351
21252,172.364
21253,172.366
21254,172.416
21255,172.428
21256,172.430
21257,172.435
21258,172.446
21259,172.493
21260,172.504
21261,172.506
21262,172.507
21263,172.554
21264,172.565
21265,172.567
21266,172.614
21267,172.624
21268,172.673
21269,172.683
21270,172.730
21271,172.740
21272,172.788
21273,172.799
21274,172.800
21275,172.847
21276,172.858
21277,172.863
21278,172.874
21279,172.875
21280,172.877
21281,172.924
21282,172.935
21283,172.982
21284,172.993
21285,173.039
21286,173.054
21287,173.065
21288,173.112
21289,173.123
21290,173.169
21291,173.179
21292,173.230
21293,173.241
21294,173.243
21295,173.291
21296,173.303
21297,173.309
21298,173.319
21299,173.321
21300,173.322
21301,173.375
21302,173.390
21303,173.439
21304,173.449
21305,173.495
21306,173.511
21307,173.522
21308,173.576
21309,173.588
21310,173.631
21311,173.647
21312,173.656
21313,173.672
21314,173.674
21315,173.681
21316,173.698
21317,173.706
21318,173.721
21319,173.723
21320,173.810
21321,173.826
21322,173.828
21323,173.893
21324,173.907
21325,173.909
21326,173.911
21327,173.973
21328,173.988
21329,173.990
21330,174.048
21331,174.061
21332,174.063
21333,174.126
21334,174.143
21335,174.145
21336,174.147
21337,174.207
21338,174.218
21339,174.220
21340,174.268
21341,174.278
21342,174.280
21343,174.328
21344,174.339
21345,174.341
21346,174.385
21347,174.395
21348,174.445
21349,174.456
21350,174.458
21351,174.506
21352,174.517
21353,174.523
21354,174.534
21355,174.535
21356,174.582
21357,174.593
21358,174.640
21359,174.651
21360,174.697
21361,174.708
21362,174.755
21363,174.766
21364,174.767
21365,174.814
21366,174.825
21367,174.875
21368,174.886
21369,174.888
21370,174.940
21371,174.951
21372,174.998
21373,175.008
21374,175.023
21375,175.024
21376,175.026
21377,175.027
21378,175.029
21379,175.030
21380,175.031
21381,175.033
21382,175.048
21383,175.059
21384,175.062
21385,175.067
21386,175.069
21387,175.072
21388,175.074
21389,175.079
21390,175.123
21391,175.128
21392,175.174
21393,175.179
21394,175.222
21395,175.226
21396,175.228
21397,175.231
21398,175.233
21399,175.235
21400,175.238
21401,175.239
21402,175.241
21403,175.244
21404,175.245
21405,175.248
21406,175.250
21407,175.252
21408,175.257
21409,175.401
21410,175.407
21411,175.409
21412,175.410
21413,175.412
21414,175.413
21415,175.415
21416,175.416
21417,175.508
21418,175.627
21419,175.682
21420,175.740
21421,175.746
21422,175.802
21423,175.808
21424,175.811
21425,175.819
21426,175.821
21427,175.825
21428,175.840
21429,175.854
21430,175.860
21431,175.861
21432,175.863
21433,175.916
21434,175.935
21435,175.991
21436,175.999
21437,176.001
21438,176.002
21439,176.005
21440,176.015
21441,176.069
21442,176.119
21443,176.130
21444,176.132
21445,176.135
21446,176.140
21447,176.153
21448,176.163
21449,176.165
21450,176.173
21451,176.182
21452,176.185
21453,176.230
21454,176.240
21455,176.288
21456,176.290
21457,176.291
21458,176.334
21459,176.337
21460,176.339
21461,176.382
21462,176.386
21463,176.428
21464,176.433
21465,176.434
21466,176.436
21467,176.437
21468,176.438
21469,176.440
21470,176.443
21471,176.493
21472,176.497
21473,176.498
21474,176.542
21475,176.587
21476,176.591
21477,176.593
21478,176.636
21479,176.683
21480,176.688
21481,176.730
21482,176.732
21483,176.734
21484,176.735
21485,176.736
21486,176.737
21487,176.783
21488,176.834
21489,176.839
21490,176.883
21491,176.888
21492,176.890
21493,176.891
21494,176.893
21495,176.899
21496,176.901
21497,176.953
21498,176.959
21499,177.006
21500,177.011
21501,177.013
21502,177.057
21503,177.062
21504,177.063
21505,177.105
21506,177.110
21507,177.112
21508,177.114
21509,177.118
21510,177.167
21511,177.172
21512,177.174
21513,177.175
21514,177.177
21515,177.243
21516,177.248
21517,177.289
21518,177.290
21519,177.291
21520,177.293
21521,177.295
21522,177.298
21523,177.370
21524,177.378
21525,177.441
21526,177.507
21527,177.509
21528,177.511
21529,177.512
21530,177.514
21531,177.516
21532,177.572
21533,177.578
21534,177.580
21535,177.639
21536,177.701
21537,177.708
21538,177.710
21539,177.768
21540,177.774
21541,177.853
21542,177.906
21543,177.912
21544,177.914
21545,177.916
21546,177.933
21547,177.934
21548,177.936
21549,177.937
21550,177.939
21551,177.940
21552,177.942
21553,177.944
21554,177.960
21555,177.973
21556,177.976
21557,177.982
21558,177.983
21559,177.987
21560,177.989
21561,177.994
21562,177.996
21563,177.999
21564,178.000
21565,178.003
21566,178.004
21567,178.075
21568,178.082
21569,178.084
21570,178.145
21571,178.148
21572,178.150
21573,178.154
21574,178.155
21575,178.156
21576,178.159
21577,178.166
21578,178.319
21579,178.325
21580,178.327
21581,178.328
21582,178.330
21583,178.331
21584,178.333
21585,178.335
21586,178.337
21587,178.338
21588,178.421
21589,178.517
21590,178.563
21591,178.616
21592,178.620
21593,178.672
21594,178.677
21595,178.679
21596,178.685
21597,178.736
21598,178.741
21599,178.742
21600,178.789
21601,178.791
21602,178.793
21603,178.838
21604,178.843
21605,178.892
21606,178.896
21607,178.897
21608,178.944
21609,178.948
21610,178.950
21611,178.953
21612,178.955
21613,178.966
21614,178.977
21615,178.982
21616,178.983
21617,178.984
21618,179.029
21619,179.041
21620,179.086
21621,179.095
21622,179.097
21623,179.098
21624,179.102
21625,179.111
21626,179.167
21627,179.174
21628,179.219
21629,179.230
21630,179.232
21631,179.235
21632,179.240
21633,179.251
21634,179.264
21635,179.269
21636,179.282
21637,179.297
21638,179.302
21639,179.366
21640,179.382
21641,179.446
21642,179.448
21643,179.450
21644,179.507
21645,179.513
21646,179.546
21647,179.552
21648,179.611
21649,179.614
21650,179.615
21651,179.673
21652,179.679
21653,179.682
21654,179.685
21655,179.687
21656,179.688
21657,179.690
21658,179.695
21659,179.778
21660,179.786
21661,179.831
21662,179.837
21663,179.839
21664,179.852
21665,179.862
21666,179.869
21667,179.871
21668,179.883
21669,179.888
21670,179.899
21671,179.909
21672,179.917
21673,179.926
21674,179.933
21675,179.935
21676,179.946
21677,179.951
21678,179.961
21679,179.972
21680,179.979
21681,179.981
21682,179.982
21683,179.984
21684,179.988
21685,179.989
21686,179.993
21687,180.040
21688,180.044
21689,180.095
21690,180.097
21691,180.099
21692,180.101
21693,180.104
21694,180.105
21695,180.107
21696,180.111
21697,180.114
21698,180.120
21699,180.129
21700,180.143
21701,180.154
21702,180.159
21703,180.169
21704,180.171
21705,180.181
21706,180.192
21707,180.197
21708,180.212
21709,180.214
21710,180.215
21711,180.221
21712,180.231
21713,180.245
21714,180.267
21715,180.279
21716,180.284
21717,180.295
21718,180.301
21719,180.312
21720,180.318
21721,180.335
21722,180.336
21723,180.338
21724,180.339
21725,180.340
21726,180.342
21727,180.357
21728,180.359
21729,180.360
21730,180.362
21731,180.363
21732,180.374
21733,180.375
21734,180.376
21735,180.381
21736,180.392
21737,180.397
21738,180.420
21739,180.431
21740,180.442
21741,180.452
21742,180.458
21743,180.469
21744,180.477
21745,180.478
21746,180.479
21747,180.481
21748,180.482
21749,180.491
21750,180.492
21751,180.494
21752,180.495
21753,180.496
21754,180.498
21755,180.499
21756,180.500
21757,180.510
21758,180.513
21759,180.515
21760,180.516
21761,180.517
21762,180.564
21763,180.568
21764,180.615
21765,180.617
21766,180.618
21767,180.620
21768,180.621
21769,180.622
21770,180.625
21771,180.690
21772,180.695
21773,180.737
21774,180.743
21775,180.745
21776,180.774
21777,180.780
21778,180.807
21779,180.812
21780,180.815
21781,180.821
21782,180.828
21783,180.841
21784,180.842
21785,180.844
21786,180.846
21787,180.852
21788,180.868
21789,180.879
21790,180.882
21791,180.888
21792,180.898
21793,180.904
21794,180.915
21795,180.920
21796,180.931
21797,180.936
21798,180.948
21799,180.949
21800,180.952
21801,180.958
21802,180.961
21803,180.967
21804,180.969
21805,180.970
21806,180.972
21807,181.036
21808,181.046
21809,181.123
21810,181.131
21811,181.194
21812,181.201
21813,181.258
21814,181.264
21815,181.265
21816,181.267
21817,181.305
21818,181.309
21819,181.345
21820,181.384
21821,181.390
21822,181.392
21823,181.395
21824,181.400
21825,181.401
21826,181.403
21827,181.405
21828,181.407
21829,181.408
21830,181.410
21831,181.412
21832,181.414
21833,181.422
21834,181.438
21835,181.440
21836,181.441
21837,181.444
21838,181.449
21839,181.451
21840,181.453
21841,181.454
21842,181.456
21843,181.458
21844,181.460
21845,181.463
21846,181.465
21847,181.469
21848,181.473
21849,181.484
21850,181.486
21851,181.488
21852,181.493
21853,181.497
21854,181.505
21855,181.507
21856,181.508
21857,181.511
21858,181.518
21859,181.521
21860,181.528
21861,181.529
21862,181.531
21863,181.534
21864,181.541
21865,181.543
21866,181.557
21867,181.572
21868,181.643
21869,181.656
21870,181.703
21871,181.716
21872,181.719
21873,181.722
21874,181.728
21875,181.743
21876,181.755
21877,181.758
21878,181.768
21879,181.779
21880,181.781
21881,181.828
21882,181.840
21883,181.890
21884,181.892
21885,181.893
21886,181.940
21887,181.942
21888,181.943
21889,181.945
21890,181.955
21891,181.959
21892,181.967
21893,181.979
21894,181.981
21895,181.982
21896,181.984
21897,181.989
21898,182.005
21899,182.017
21900,182.019
21901,182.024
21902,182.035
21903,182.041
21904,182.052
21905,182.058
21906,182.068
21907,182.074
21908,182.084
21909,182.086
21910,182.096
21911,182.107
21912,182.115
21913,182.125
21914,182.127
21915,182.131
21916,182.136
21917,182.137
21918,182.139
21919,182.141
21920,182.147
21921,182.207
21922,182.275
21923,182.283
21924,182.326
21925,182.331
21926,182.383
21927,182.384
21928,182.386
21929,182.436
21930,182.442
21931,182.445
21932,182.448
21933,182.450
21934,182.451
21935,182.453
21936,182.455
21937,182.458
21938,182.464
21939,182.494
21940,182.500
21941,182.531
21942,182.537
21943,182.566
21944,182.572
21945,182.576
21946,182.582
21947,182.584
21948,182.586
21949,182.588
21950,182.654
21951,182.669
21952,182.671
21953,182.673
21954,182.676
21955,182.678
21956,182.680
21957,182.682
21958,182.684
21959,182.686
21960,182.688
21961,182.691
21962,182.693
21963,182.696
21964,182.698
21965,182.700
21966,182.768
21967,182.829
21968,182.841
21969,182.892
21970,182.904
21971,182.957
21972,182.970
21973,183.014
21974,183.028
21975,183.100
21976,183.118
21977,183.184
21978,183.198
21979,183.263
21980,183.277
21981,183.339
21982,183.354
21983,183.361
21984,183.363
21985,183.365
21986,183.367
21987,183.368
21988,183.433
21989,183.448
21990,183.538
21991,183.553
21992,183.619
21993,183.676
21994,183.688
21995,183.689
21996,183.690
21997,183.696
21998,183.706
21999,183.707
22000,183.712
22001,183.722
22002,183.770
22003,183.780
22004,183.827
22005,183.837
22006,183.839
22007,183.840
22008,183.842
22009,183.847
22010,183.857
22011,183.858
22012,183.859
22013,183.908
22014,183.919
22015,183.966
22016,183.977
22017,183.982
22018,183.993
22019,183.994
22020,183.999
22021,184.010
22022,184.057
22023,184.068
22024,184.113
22025,184.124
22026,184.126
22027,184.127
22028,184.129
22029,184.134
22030,184.144
22031,184.146
22032,184.147
22033,184.196
22034,184.207
22035,184.255
22036,184.266
22037,184.271
22038,184.273
22039,184.274
22040,184.275
22041,184.277
22042,184.278
22043,184.283
22044,184.294
22045,184.351
22046,184.364
22047,184.417
22048,184.428
22049,184.493
22050,184.548
22051,184.559
22052,184.561
22053,184.619
22054,184.631
22055,184.632
22056,184.634
22057,184.636
22058,184.692
22059,184.704
22060,184.706
22061,184.756
22062,184.758
22063,184.759
22064,184.810
22065,184.812
22066,184.813
22067,184.864
22068,184.882
22069,184.884
22070,184.886
22071,184.962
22072,184.981
22073,184.983
22074,185.051
22075,185.067
22076,185.129
22077,185.144
22078,185.204
22079,185.219
22080,185.280
22081,185.294
22082,185.356
22083,185.372
22084,185.430
22085,185.442
22086,185.490
22087,185.501
22088,185.550
22089,185.560
22090,185.606
22091,185.616
22092,185.622
22093,185.633
22094,185.634
22095,185.639
22096,185.696
22097,185.707
22098,185.769
22099,185.830
22100,185.841
22101,185.842
22102,185.901
22103,185.913
22104,185.962
22105,185.972
22106,185.974
22107,186.020
22108,186.079
22109,186.091
22110,186.093
22111,186.095
22112,186.102
22113,186.116
22114,186.118
22115,186.119
22116,186.121
22117,186.127
22118,186.138
22119,186.143
22120,186.155
22121,186.161
22122,186.173
22123,186.175
22124,186.182
22125,186.194
22126,186.195
22127,186.200
22128,186.212
22129,186.217
22130,186.228
22131,186.230
22132,186.231
22133,186.236
22134,186.246
22135,186.252
22136,186.263
22137,186.264
22138,186.270
22139,186.281
22140,186.286
22141,186.297
22142,186.303
22143,186.314
22144,186.319
22145,186.329
22146,186.331
22147,186.399
22148,186.413
22149,186.414
22150,186.416
22151,186.418
22152,186.419
22153,186.421
22154,186.423
22155,186.425
22156,186.427
22157,186.428
22158,186.430
22159,186.432
22160,186.434
22161,186.436
22162,186.438
22163,186.508
22164,186.571
22165,186.582
22166,186.634
22167,186.644
22168,186.702
22169,186.715
22170,186.771
22171,186.787
22172,186.861
22173,186.878
22174,186.945
22175,186.960
22176,187.024
22177,187.040
22178,187.104
22179,187.119
22180,187.126
22181,187.128
22182,187.130
22183,187.131
22184,187.133
22185,187.195
22186,187.211
22187,187.306
22188,187.319
22189,187.389
22190,187.447
22191,187.459
22192,187.461
22193,187.462
22194,187.467
22195,187.478
22196,187.479
22197,187.481
22198,187.486
22199,187.496
22200,187.545
22201,187.555
22202,187.602
22203,187.613
22204,187.660
22205,187.671
22206,187.673
22207,187.723
22208,187.734
22209,187.781
22210,187.792
22211,187.797
22212,187.808
22213,187.809
22214,187.814
22215,187.824
22216,187.878
22217,187.890
22218,187.938
22219,187.949
22220,187.951
22221,187.952
22222,187.957
22223,187.968
22224,187.970
22225,187.971
22226,188.022
22227,188.035
22228,188.086
22229,188.097
22230,188.103
22231,188.104
22232,188.106
22233,188.107
22234,188.108
22235,188.110
22236,188.115
22237,188.125
22238,188.183
22239,188.196
22240,188.245
22241,188.257
22242,188.322
22243,188.378
22244,188.389
22245,188.391
22246,188.452
22247,188.464
22248,188.465
22249,188.467
22250,188.469
22251,188.529
22252,188.542
22253,188.544
22254,188.597
22255,188.600
22256,188.601
22257,188.648
22258,188.650
22259,188.651
22260,188.732
22261,188.750
22262,188.752
22263,188.754
22264,188.838
22265,188.854
22266,188.857
22267,188.923
22268,188.940
22269,189.004
22270,189.020
22271,189.083
22272,189.098
22273,189.167
22274,189.186
22275,189.246
22276,189.258
22277,189.317
22278,189.329
22279,189.380
22280,189.391
22281,189.440
22282,189.451
22283,189.500
22284,189.512
22285,189.585
22286,189.599
22287,189.601
22288,189.603
22289,189.605
22290,189.606
22291,189.608
22292,189.610
22293,189.611
22294,189.613
22295,189.615
22296,189.617
22297,189.619
22298,189.621
22299,189.623
22300,189.624
22301,189.695
22302,189.756
22303,189.767
22304,189.818
22305,189.830
22306,189.832
22307,189.837
22308,189.849
22309,189.854
22310,189.865
22311,189.867
22312,189.943
22313,189.956
22314,189.958
22315,190.012
22316,190.026
22317,190.079
22318,190.091
22319,190.093
22320,190.094
22321,190.149
22322,190.163
22323,190.164
22324,190.214
22325,190.225
22326,190.227
22327,190.232
22328,190.243
22329,190.248
22330,190.259
22331,190.261
22332,190.337
22333,190.350
22334,190.352
22335,190.406
22336,190.418
22337,190.468
22338,190.479
22339,190.480
22340,190.482
22341,190.533
22342,190.545
22343,190.547
22344,190.596
22345,190.607
22346,190.609
22347,190.613
22348,190.623
22349,190.629
22350,190.646
22351,190.647
22352,190.749
22353,190.767
22354,190.769
22355,190.834
22356,190.850
22357,190.914
22358,190.930
22359,190.932
22360,190.996
22361,191.011
22362,191.073
22363,191.087
22364,191.157
22365,191.172
22366,191.177
22367,191.189
22368,191.190
22369,191.196
22370,191.207
22371,191.212
22372,191.224
22373,191.225
22374,191.298
22375,191.311
22376,191.312
22377,191.359
22378,191.370
22379,191.419
22380,191.430
22381,191.432
22382,191.481
22383,191.491
22384,191.538
22385,191.549
22386,191.555
22387,191.565
22388,191.567
22389,191.572
22390,191.582
22391,191.588
22392,191.598
22393,191.599
22394,191.604
22395,191.615
22396,191.616
22397,191.666
22398,191.678
22399,191.680
22400,191.750
22401,191.762
22402,191.764
22403,191.766
22404,191.813
22405,191.824
22406,191.826
22407,191.831
22408,191.842
22409,191.843
22410,191.894
22411,191.906
22412,191.908
22413,191.978
22414,191.991
22415,191.993
22416,191.995
22417,192.043
22418,192.055
22419,192.106
22420,192.118
22421,192.119
22422,192.177
22423,192.191
22424,192.240
22425,192.252
22426,192.257
22427,192.268
22428,192.269
22429,192.274
22430,192.285
22431,192.291
22432,192.301
22433,192.303
22434,192.308
22435,192.319
22436,192.320
22437,192.371
22438,192.382
22439,192.384
22440,192.452
22441,192.465
22442,192.467
22443,192.468
22444,192.519
22445,192.535
22446,192.537
22447,192.544
22448,192.559
22449,192.561
22450,192.633
22451,192.650
22452,192.652
22453,192.744
22454,192.759
22455,192.762
22456,192.764
22457,192.827
22458,192.844
22459,192.912
22460,192.926
22461,192.928
22462,192.992
22463,193.009
22464,193.073
22465,193.085
22466,193.087
22467,193.092
22468,193.104
22469,193.110
22470,193.122
22471,193.123
22472,193.197
22473,193.211
22474,193.213
22475,193.261
22476,193.273
22477,193.324
22478,193.336
22479,193.337
22480,193.388
22481,193.400
22482,193.453
22483,193.466
22484,193.517
22485,193.528
22486,193.577
22487,193.588
22488,193.656
22489,193.671
22490,193.673
22491,193.674
22492,193.676
22493,193.677
22494,193.679
22495,193.681
22496,193.683
22497,193.684
22498,193.686
22499,193.688
22500,193.690
22501,193.692
22502,193.694
22503,193.696
22504,193.768
22505,193.836
22506,193.848
22507,193.908
22508,193.920
22509,193.976
22510,193.989
22511,194.039
22512,194.050
22513,194.102
22514,194.113
22515,194.163
22516,194.173
22517,194.227
22518,194.238
22519,194.286
22520,194.297
22521,194.303
22522,194.304
22523,194.306
22524,194.307
22525,194.308
22526,194.356
22527,194.367
22528,194.436
22529,194.446
22530,194.538
22531,194.616
22532,194.631
22533,194.633
22534,194.634
22535,194.641
22536,194.655
22537,194.656
22538,194.663
22539,194.677
22540,194.739
22541,194.753
22542,194.817
22543,194.832
22544,194.892
22545,194.906
22546,194.913
22547,194.927
22548,194.929
22549,194.930
22550,194.937
22551,194.953
22552,195.013
22553,195.025
22554,195.077
22555,195.088
22556,195.090
22557,195.139
22558,195.151
22559,195.198
22560,195.259
22561,195.271
22562,195.318
22563,195.329
22564,195.335
22565,195.336
22566,195.338
22567,195.339
22568,195.341
22569,195.342
22570,195.347
22571,195.357
22572,195.418
22573,195.429
22574,195.479
22575,195.490
22576,195.561
22577,195.619
22578,195.630
22579,195.632
22580,195.690
22581,195.702
22582,195.704
22583,195.705
22584,195.707
22585,195.768
22586,195.780
22587,195.782
22588,195.836
22589,195.839
22590,195.840
22591,195.895
22592,195.897
22593,195.899
22594,195.960
22595,195.972
22596,195.974
22597,195.976
22598,196.034
22599,196.047
22600,196.049
22601,196.100
22602,196.112
22603,196.158
22604,196.169
22605,196.217
22606,196.228
22607,196.277
22608,196.288
22609,196.337
22610,196.353
22611,196.418
22612,196.434
22613,196.500
22614,196.515
22615,196.581
22616,196.595
22617,196.656
22618,196.671
22619,196.690
22620,196.691
22621,196.693
22622,196.695
22623,196.696
22624,196.698
22625,196.699
22626,196.701
22627,196.714
22628,196.786
22629,196.860
22630,196.873
22631,196.875
22632,196.876
22633,196.878
22634,196.884
22635,196.900
22636,196.910
22637,196.916
22638,196.928
22639,196.930
22640,196.935
22641,196.947
22642,196.954
22643,196.966
22644,196.972
22645,196.985
22646,196.986
22647,196.988
22648,196.993
22649,197.003
22650,197.005
22651,197.006
22652,197.011
22653,197.020
22654,197.022
22655,197.023
22656,197.029
22657,197.039
22658,197.045
22659,197.056
22660,197.057
22661,197.059
22662,197.064
22663,197.074
22664,197.121
22665,197.179
22666,197.236
22667,197.247
22668,197.248
22669,197.250
22670,197.253
22671,197.259
22672,197.261
22673,197.264
22674,197.307
22675,197.313
22676,197.375
22677,197.381
22678,197.420
22679,197.424
22680,197.425
22681,197.427
22682,197.429
22683,197.434
22684,197.583
22685,197.587
22686,197.588
22687,197.589
22688,197.591
22689,197.592
22690,197.593
22691,197.677
22692,197.763
22693,197.814
22694,197.818
22695,197.822
22696,197.828
22697,197.830
22698,197.847
22699,197.900
22700,197.906
22701,197.951
22702,197.963
22703,197.968
22704,197.970
22705,197.971
22706,198.016
22707,198.026
22708,198.071
22709,198.078
22710,198.080
22711,198.083
22712,198.099
22713,198.114
22714,198.119
22715,198.138
22716,198.156
22717,198.158
22718,198.173
22719,198.191
22720,198.195
22721,198.260
22722,198.278
22723,198.342
22724,198.345
22725,198.347
22726,198.407
22727,198.424
22728,198.488
22729,198.490
22730,198.492
22731,198.565
22732,198.649
22733,198.664
22734,198.667
22735,198.668
22736,198.671
22737,198.679
22738,198.695
22739,198.708
22740,198.713
22741,198.731
22742,198.743
22743,198.745
22744,198.752
22745,198.765
22746,198.771
22747,198.783
22748,198.790
22749,198.802
22750,198.804
22751,198.810
22752,198.820
22753,198.821
22754,198.823
22755,198.828
22756,198.839
22757,198.840
22758,198.841
22759,198.843
22760,198.848
22761,198.858
22762,198.860
22763,198.861
22764,198.862
22765,198.868
22766,198.882
22767,198.895
22768,198.906
22769,198.911
22770,198.921
22771,198.923
22772,198.924
22773,198.931
22774,198.942
22775,198.943
22776,198.951
22777,198.963
22778,198.965
22779,198.969
22780,198.976
22781,198.979
22782,198.985
22783,198.987
22784,198.989
22785,198.995
22786,199.044
22787,199.051
22788,199.053
22789,199.097
22790,199.101
22791,199.162
22792,199.167
22793,199.215
22794,199.219
22795,199.220
22796,199.223
22797,199.229
22798,199.274
22799,199.281
22800,199.325
22801,199.329
22802,199.357
22803,199.362
22804,199.365
22805,199.369
22806,199.370
22807,199.430
22808,199.434
22809,199.435
22810,199.483
22811,199.487
22812,199.488
22813,199.492
22814,199.498
22815,199.501
22816,199.507
22817,199.509
22818,199.513
22819,199.515
22820,199.516
22821,199.517
22822,199.519
22823,199.522
22824,199.526
22825,199.527
22826,199.531
22827,199.532
22828,199.534
22829,199.537
22830,199.539
22831,199.542
22832,199.544
22833,199.548
22834,199.549
22835,199.550
22836,199.551
22837,199.555
22838,199.560
22839,199.716
22840,199.723
22841,199.725
22842,199.727
22843,199.728
22844,199.730
22845,199.731
22846,199.733
22847,199.735
22848,199.738
22849,199.823
22850,199.905
22851,199.955
22852,199.960
22853,200.022
22854,200.030
22855,200.037
22856,200.101
22857,200.106
22858,200.166
22859,200.171
22860,200.173
22861,200.177
22862,200.179
22863,200.182
22864,200.188
22865,200.191
22866,200.198
22867,200.200
22868,200.203
22869,200.217
22870,200.232
22871,200.238
22872,200.240
22873,200.242
22874,200.297
22875,200.311
22876,200.369
22877,200.380
22878,200.382
22879,200.383
22880,200.385
22881,200.386
22882,200.390
22883,200.403
22884,200.414
22885,200.419
22886,200.497
22887,200.554
22888,200.565
22889,200.569
22890,200.584
22891,200.596
22892,200.597
22893,200.608
22894,200.618
22895,200.620
22896,200.672
22897,200.685
22898,200.737
22899,200.739
22900,200.740
22901,200.790
22902,200.792
22903,200.794
22904,200.795
22905,200.797
22906,200.799
22907,200.800
22908,200.802
22909,200.805
22910,200.816
22911,200.826
22912,200.837
22913,200.839
22914,200.841
22915,200.853
22916,200.863
22917,200.865
22918,200.868
22919,200.884
22920,200.886
22921,200.887
22922,200.888
22923,200.889
22924,200.898
22925,200.900
22926,200.901
22927,200.903
22928,200.918
22929,200.920
22930,200.921
22931,200.922
22932,200.924
22933,200.926
22934,200.940
22935,200.941
22936,200.943
22937,200.990
22938,201.051
22939,201.053
22940,201.055
22941,201.066
22942,201.070
22943,201.083
22944,201.093
22945,201.095
22946,201.097
22947,201.101
22948,201.104
22949,201.116
22950,201.129
22951,201.135
22952,201.148
22953,201.156
22954,201.171
22955,201.179
22956,201.181
22957,201.182
22958,201.184
22959,201.190
22960,201.209
22961,201.221
22962,201.227
22963,201.241
22964,201.318
22965,201.334
22966,201.336
22967,201.338
22968,201.339
22969,201.341
22970,201.343
22971,201.345
22972,201.347
22973,201.349
22974,201.351
22975,201.353
22976,201.355
22977,201.357
22978,201.359
22979,201.361
22980,201.430
22981,201.495
22982,201.506
22983,201.582
22984,201.594
22985,201.646
22986,201.659
22987,201.713
22988,201.725
22989,201.779
22990,201.789
22991,201.860
22992,201.875
22993,201.945
22994,201.963
22995,202.029
22996,202.044
22997,202.107
22998,202.122
22999,202.129
23000,202.131
23001,202.132
23002,202.134
23003,202.135
23004,202.200
23005,202.215
23006,202.305
23007,202.323
23008,202.400
23009,202.458
23010,202.470
23011,202.471
23012,202.473
23013,202.478
23014,202.488
23015,202.490
23016,202.491
23017,202.496
23018,202.506
23019,202.556
23020,202.566
23021,202.615
23022,202.630
23023,202.676
23024,202.678
23025,202.680
23026,202.681
23027,202.730
23028,202.741
23029,202.792
23030,202.803
23031,202.808
23032,202.818
23033,202.820
23034,202.825
23035,202.835
23036,202.884
23037,202.895
23038,202.943
23039,202.953
23040,202.955
23041,202.956
23042,202.958
23043,202.963
23044,202.973
23045,202.974
23046,202.976
23047,203.026
23048,203.038
23049,203.086
23050,203.096
23051,203.101
23052,203.103
23053,203.104
23054,203.106
23055,203.107
23056,203.109
23057,203.113
23058,203.123
23059,203.183
23060,203.195
23061,203.244
23062,203.254
23063,203.322
23064,203.379
23065,203.390
23066,203.392
23067,203.450
23068,203.462
23069,203.463
23070,203.465
23071,203.467
23072,203.525
23073,203.537
23074,203.539
23075,203.590
23076,203.592
23077,203.593
23078,203.646
23079,203.647
23080,203.649
23081,203.719
23082,203.735
23083,203.737
23084,203.740
23085,203.821
23086,203.839
23087,203.841
23088,203.906
23089,203.923
23090,203.985
23091,204.000
23092,204.062
23093,204.076
23094,204.139
23095,204.156
23096,204.222
23097,204.234
23098,204.285
23099,204.296
23100,204.346
23101,204.357
23102,204.405
23103,204.415
23104,204.464
23105,204.475
23106,204.482
23107,204.494
23108,204.496
23109,204.497
23110,204.499
23111,204.504
23112,204.514
23113,204.520
23114,204.533
23115,204.539
23116,204.550
23117,204.556
23118,204.567
23119,204.573
23120,204.584
23121,204.586
23122,204.591
23123,204.601
23124,204.603
23125,204.605
23126,204.610
23127,204.621
23128,204.623
23129,204.624
23130,204.626
23131,204.630
23132,204.662
23133,204.738
23134,204.802
23135,204.804
23136,204.805
23137,204.807
23138,204.841
23139,204.885
23140,204.896
23141,204.901
23142,204.912
23143,204.917
23144,204.928
23145,204.935
23146,204.937
23147,204.938
23148,204.939
23149,204.945
23150,204.957
23151,204.963
23152,204.975
23153,205.024
23154,205.035
23155,205.083
23156,205.094
23157,205.142
23158,205.193
23159,205.213
23160,205.221
23161,205.230
23162,205.241
23163,205.247
23164,205.250
23165,205.265
23166,205.278
23167,205.285
23168,205.300
23169,205.316
23170,205.328
23171,205.330
23172,205.332
23173,205.343
23174,205.354
23175,205.359
23176,205.368
23177,205.376
23178,205.377
23179,205.378
23180,205.380
23181,205.381
23182,205.389
23183,205.390
23184,205.392
23185,205.393
23186,205.395
23187,205.404
23188,205.407
23189,205.408
23190,205.412
23191,205.419
23192,205.429
23193,205.432
23194,205.442
23195,205.452
23196,205.454
23197,205.467
23198,205.468
23199,205.469
23200,205.470
23201,205.479
23202,205.493
23203,205.511
23204,205.515
23205,205.527
23206,205.545
23207,205.550
23208,205.593
23209,205.647
23210,205.648
23211,205.650
23212,205.652
23213,205.653
23214,205.663
23215,205.665
23216,205.667
23217,205.668
23218,205.678
23219,205.693
23220,205.702
23221,205.727
23222,205.752
23223,205.754
23224,205.756
23225,205.757
23226,205.780
23227,205.782
23228,205.784
23229,205.785
23230,205.788
23231,205.790
23232,205.852
23233,205.855
23234,205.857
23235,205.921
23236,205.923
23237,205.925
23238,205.926
23239,205.934
23240,205.954
23241,206.023
23242,206.086
23243,206.097
23244,206.100
23245,206.106
23246,206.117
23247,206.130
23248,206.132
23249,206.134
23250,206.135
23251,206.142
23252,206.152
23253,206.154
23254,206.157
23255,206.159
23256,206.169
23257,206.178
23258,206.186
23259,206.196
23260,206.198
23261,206.228
23262,206.260
23263,206.264
23264,206.271
23265,206.282
23266,206.288
23267,206.299
23268,206.312
23269,206.332
23270,206.340
23271,206.358
23272,206.370
23273,206.375
23274,206.386
23275,206.388
23276,206.396
23277,206.409
23278,206.411
23279,206.412
23280,206.414
23281,206.415
23282,206.417
23283,206.467
23284,206.471
23285,206.518
23286,206.523
23287,206.571
23288,206.619
23289,206.621
23290,206.622
23291,206.624
23292,206.625
23293,206.627
23294,206.677
23295,206.679
23296,206.681
23297,206.731
23298,206.736
23299,206.784
23300,206.790
23301,206.792
23302,206.793
23303,206.796
23304,206.802
23305,206.859
23306,206.865
23307,206.915
23308,206.919
23309,206.921
23310,206.969
23311,206.974
23312,206.976
23313,207.025
23314,207.030
23315,207.032
23316,207.046
23317,207.056
23318,207.063
23319,207.066
23320,207.076
23321,207.078
23322,207.079
23323,207.082
23324,207.084
23325,207.086
23326,207.087
23327,207.090
23328,207.144
23329,207.145
23330,207.147
23331,207.199
23332,207.200
23333,207.202
23334,207.204
23335,207.233
23336,207.239
23337,207.240
23338,207.304
23339,207.309
23340,207.311
23341,207.375
23342,207.392
23343,207.403
23344,207.418
23345,207.430
23346,207.434
23347,207.453
23348,207.455
23349,207.457
23350,207.460
23351,207.463
23352,207.465
23353,207.467
23354,207.470
23355,207.540
23356,207.542
23357,207.544
23358,207.611
23359,207.613
23360,207.615
23361,207.616
23362,207.654
23363,207.661
23364,207.663
23365,207.748
23366,207.756
23367,207.758
23368,207.821
23369,207.840
23370,207.862
23371,207.876
23372,207.878
23373,207.879
23374,207.881
23375,207.886
23376,207.897
23377,207.903
23378,207.915
23379,207.918
23380,207.924
23381,207.935
23382,207.941
23383,207.952
23384,207.958
23385,207.969
23386,207.975
23387,207.986
23388,207.987
23389,208.059
23390,208.073
23391,208.075
23392,208.077
23393,208.078
23394,208.080
23395,208.082
23396,208.084
23397,208.085
23398,208.087
23399,208.089
23400,208.091
23401,208.093
23402,208.095
23403,208.097
23404,208.099
23405,208.170
23406,208.234
23407,208.245
23408,208.299
23409,208.310
23410,208.364
23411,208.375
23412,208.425
23413,208.436
23414,208.489
23415,208.500
23416,208.550
23417,208.560
23418,208.612
23419,208.624
23420,208.676
23421,208.687
23422,208.693
23423,208.694
23424,208.696
23425,208.697
23426,208.699
23427,208.750
23428,208.761
23429,208.836
23430,208.847
23431,208.920
23432,208.979
23433,208.990
23434,208.992
23435,208.993
23436,208.999
23437,209.010
23438,209.011
23439,209.016
23440,209.026
23441,209.079
23442,209.089
23443,209.140
23444,209.151
23445,209.152
23446,209.154
23447,209.159
23448,209.169
23449,209.170
23450,209.172
23451,209.226
23452,209.244
23453,209.316
23454,209.333
23455,209.341
23456,209.356
23457,209.358
23458,209.360
23459,209.366
23460,209.380
23461,209.446
23462,209.460
23463,209.526
23464,209.542
23465,209.605
23466,209.620
23467,209.622
23468,209.692
23469,209.712
23470,209.772
23471,209.784
23472,209.790
23473,209.792
23474,209.793
23475,209.795
23476,209.796
23477,209.798
23478,209.803
23479,209.814
23480,209.876
23481,209.888
23482,209.940
23483,209.951
23484,210.022
23485,210.080
23486,210.092
23487,210.093
23488,210.157
23489,210.168
23490,210.170
23491,210.172
23492,210.174
23493,210.235
23494,210.246
23495,210.248
23496,210.301
23497,210.303
23498,210.304
23499,210.358
23500,210.360
23501,210.361
23502,210.420
23503,210.432
23504,210.434
23505,210.436
23506,210.495
23507,210.507
23508,210.509
23509,210.561
23510,210.573
23511,210.624
23512,210.635
23513,210.685
23514,210.695
23515,210.747
23516,210.759
23517,210.809
23518,210.820
23519,210.871
23520,210.882
23521,210.931
23522,210.942
23523,210.992
23524,211.003
23525,211.052
23526,211.062
23527,211.075
23528,211.077
23529,211.078
23530,211.079
23531,211.081
23532,211.082
23533,211.084
23534,211.085
23535,211.166
23536,211.249
23537,211.266
23538,211.268
23539,211.270
23540,211.272
23541,211.280
23542,211.303
23543,211.317
23544,211.325
23545,211.340
23546,211.348
23547,211.364
23548,211.372
23549,211.388
23550,211.398
23551,211.413
23552,211.415
23553,211.417
23554,211.424
23555,211.440
23556,211.442
23557,211.444
23558,211.451
23559,211.465
23560,211.467
23561,211.468
23562,211.476
23563,211.492
23564,211.500
23565,211.515
23566,211.517
23567,211.518
23568,211.526
23569,211.539
23570,211.614
23571,211.684
23572,211.749
23573,211.761
23574,211.763
23575,211.764
23576,211.768
23577,211.774
23578,211.776
23579,211.780
23580,211.828
23581,211.833
23582,211.905
23583,211.911
23584,211.958
23585,211.966
23586,211.966
23587,211.966
23588,211.968
23589,211.974
23590,212.142
23591,212.146
23592,212.148
23593,212.149
23594,212.150
23595,212.152
23596,212.153
23597,212.240
23598,212.330
23599,212.380
23600,212.385
23601,212.387
23602,212.393
23603,212.394
23604,212.398
23605,212.468
23606,212.474
23607,212.521
23608,212.533
23609,212.538
23610,212.540
23611,212.541
23612,212.586
23613,212.596
23614,212.645
23615,212.653
23616,212.654
23617,212.658
23618,212.672
23619,212.683
23620,212.685
23621,212.698
23622,212.708
23623,212.710
23624,212.719
23625,212.730
23626,212.732
23627,212.784
23628,212.795
23629,212.847
23630,212.849
23631,212.850
23632,212.895
23633,212.911
23634,213.007
23635,213.082
23636,213.101
23637,213.103
23638,213.105
23639,213.108
23640,213.117
23641,213.138
23642,213.152
23643,213.159
23644,213.178
23645,213.195
23646,213.203
23647,213.219
23648,213.228
23649,213.243
23650,213.253
23651,213.270
23652,213.272
23653,213.279
23654,213.293
23655,213.294
23656,213.296
23657,213.304
23658,213.317
23659,213.319
23660,213.321
23661,213.323
23662,213.330
23663,213.344
23664,213.345
23665,213.347
23666,213.349
23667,213.356
23668,213.376
23669,213.400
23670,213.416
23671,213.424
23672,213.440
23673,213.442
23674,213.444
23675,213.451
23676,213.465
23677,213.466
23678,213.474
23679,213.487
23680,213.489
23681,213.492
23682,213.500
23683,213.503
23684,213.509
23685,213.510
23686,213.559
23687,213.565
23688,213.611
23689,213.615
23690,213.677
23691,213.681
23692,213.732
23693,213.736
23694,213.737
23695,213.785
23696,213.791
23697,213.843
23698,213.848
23699,213.879
23700,213.885
23701,213.887
23702,213.891
23703,213.893
23704,213.894
23705,213.898
23706,213.900
23707,213.903
23708,213.908
23709,213.911
23710,213.916
23711,213.919
23712,213.924
23713,213.927
23714,213.931
23715,213.932
23716,213.934
23717,213.935
23718,213.937
23719,213.940
23720,213.944
23721,213.945
23722,213.949
23723,213.950
23724,213.951
23725,213.955
23726,213.956
23727,213.959
23728,213.962
23729,213.965
23730,213.966
23731,213.968
23732,213.971
23733,213.977
23734,214.140
23735,214.147
23736,214.149
23737,214.151
23738,214.153
23739,214.154
23740,214.156
23741,214.158
23742,214.159
23743,214.251
23744,214.346
23745,214.395
23746,214.399
23747,214.401
23748,214.406
23749,214.412
23750,214.460
23751,214.464
23752,214.513
23753,214.517
23754,214.519
23755,214.522
23756,214.524
23757,214.527
23758,214.532
23759,214.545
23760,214.558
23761,214.563
23762,214.564
23763,214.566
23764,214.611
23765,214.622
23766,214.670
23767,214.679
23768,214.681
23769,214.682
23770,214.686
23771,214.695
23772,214.709
23773,214.719
23774,214.721
23775,214.733
23776,214.750
23777,214.753
23778,214.768
23779,214.786
23780,214.789
23781,214.860
23782,214.880
23783,214.948
23784,214.951
23785,214.953
23786,215.015
23787,215.017
23788,215.019
23789,215.021
23790,215.023
23791,215.025
23792,215.027
23793,215.029
23794,215.033
23795,215.049
23796,215.062
23797,215.079
23798,215.081
23799,215.084
23800,215.098
23801,215.114
23802,215.116
23803,215.120
23804,215.144
23805,215.146
23806,215.148
23807,215.149
23808,215.151
23809,215.163
23810,215.165
23811,215.167
23812,215.169
23813,215.196
23814,215.199
23815,215.201
23816,215.203
23817,215.206
23818,215.208
23819,215.226
23820,215.228
23821,215.229
23822,215.280
23823,215.342
23824,215.344
23825,215.346
23826,215.357
23827,215.361
23828,215.373
23829,215.384
23830,215.386
23831,215.387
23832,215.391
23833,215.395
23834,215.406
23835,215.418
23836,215.424
23837,215.436
23838,215.442
23839,215.454
23840,215.462
23841,215.463
23842,215.464
23843,215.466
23844,215.472
23845,215.487
23846,215.498
23847,215.503
23848,215.515
23849,215.521
23850,215.531
23851,215.537
23852,215.547
23853,215.553
23854,215.563
23855,215.571
23856,215.572
23857,215.573
23858,215.575
23859,215.580
23860,215.591
23861,215.597
23862,215.607
23863,215.682
23864,215.695
23865,215.697
23866,215.698
23867,215.700
23868,215.702
23869,215.703
23870,215.705
23871,215.707
23872,215.708
23873,215.710
23874,215.712
23875,215.714
23876,215.716
23877,215.718
23878,215.720
23879,215.791
23880,215.854
23881,215.865
23882,215.919
23883,215.929
23884,215.988
23885,215.999
23886,216.054
23887,216.066
23888,216.122
23889,216.134
23890,216.186
23891,216.198
23892,216.252
23893,216.264
23894,216.317
23895,216.328
23896,216.334
23897,216.336
23898,216.337
23899,216.339
23900,216.340
23901,216.392
23902,216.405
23903,216.481
23904,216.493
23905,216.561
23906,216.646
23907,216.663
23908,216.665
23909,216.667
23910,216.675
23911,216.691
23912,216.693
23913,216.695
23914,216.702
23915,216.719
23916,216.787
23917,216.801
23918,216.868
23919,216.882
23920,216.949
23921,216.963
23922,216.965
23923,217.033
23924,217.052
23925,217.120
23926,217.132
23927,217.138
23928,217.149
23929,217.150
23930,217.155
23931,217.167
23932,217.221
23933,217.233
23934,217.284
23935,217.295
23936,217.297
23937,217.298
23938,217.303
23939,217.313
23940,217.315
23941,217.316
23942,217.369
23943,217.381
23944,217.432
23945,217.443
23946,217.449
23947,217.451
23948,217.453
23949,217.454
23950,217.455
23951,217.457
23952,217.463
23953,217.473
23954,217.536
23955,217.547
23956,217.600
23957,217.611
23958,217.685
23959,217.745
23960,217.756
23961,217.758
23962,217.818
23963,217.830
23964,217.831
23965,217.833
23966,217.835
23967,217.896
23968,217.908
23969,217.910
23970,217.966
23971,217.968
23972,217.970
23973,218.025
23974,218.028
23975,218.029
23976,218.091
23977,218.102
23978,218.104
23979,218.106
23980,218.167
23981,218.180
23982,218.182
23983,218.235
23984,218.247
23985,218.297
23986,218.308
23987,218.357
23988,218.368
23989,218.419
23990,218.431
23991,218.493
23992,218.509
23993,218.583
23994,218.600
23995,218.674
23996,218.686
23997,218.750
23998,218.765
23999,218.829
24000,218.843
24001,218.862
24002,218.864
24003,218.866
24004,218.867
24005,218.869
24006,218.871
24007,218.872
24008,218.874
24009,218.950
24010,219.024
24011,219.037
24012,219.039
24013,219.041
24014,219.042
24015,219.048
24016,219.065
24017,219.075
24018,219.081
24019,219.092
24020,219.098
24021,219.110
24022,219.115
24023,219.126
24024,219.133
24025,219.144
24026,219.146
24027,219.148
24028,219.153
24029,219.163
24030,219.164
24031,219.166
24032,219.171
24033,219.181
24034,219.182
24035,219.183
24036,219.189
24037,219.200
24038,219.201
24039,219.207
24040,219.218
24041,219.220
24042,219.223
24043,219.229
24044,219.231
24045,219.235
24046,219.236
24047,219.284
24048,219.290
24049,219.362
24050,219.369
24051,219.414
24052,219.418
24053,219.419
24054,219.420
24055,219.467
24056,219.472
24057,219.520
24058,219.525
24059,219.555
24060,219.560
24061,219.562
24062,219.566
24063,219.567
24064,219.570
24065,219.575
24066,219.735
24067,219.739
24068,219.741
24069,219.742
24070,219.744
24071,219.745
24072,219.746
24073,219.837
24074,219.927
24075,219.977
24076,219.981
24077,219.984
24078,219.989
24079,219.991
24080,219.994
24081,220.065
24082,220.071
24083,220.116
24084,220.128
24085,220.132
24086,220.133
24087,220.135
24088,220.179
24089,220.188
24090,220.234
24091,220.243
24092,220.244
24093,220.249
24094,220.270
24095,220.288
24096,220.290
24097,220.308
24098,220.327
24099,220.329
24100,220.344
24101,220.364
24102,220.367
24103,220.435
24104,220.452
24105,220.520
24106,220.523
24107,220.525
24108,220.588
24109,220.604
24110,220.612
24111,220.616
24112,220.632
24113,220.637
24114,220.706
24115,220.713
24116,220.790
24117,220.847
24118,220.853
24119,220.855
24120,220.907
24121,220.914
24122,220.916
24123,220.917
24124,220.954
24125,220.959
24126,220.991
24127,220.996
24128,220.999
24129,221.004
24130,221.006
24131,221.078
24132,221.085
24133,221.087
24134,221.135
24135,221.137
24136,221.138
24137,221.140
24138,221.193
24139,221.198
24140,221.200
24141,221.259
24142,221.265
24143,221.319
24144,221.325
24145,221.326
24146,221.378
24147,221.384
24148,221.386
24149,221.387
24150,221.390
24151,221.392
24152,221.393
24153,221.394
24154,221.396
24155,221.448
24156,221.453
24157,221.525
24158,221.532
24159,221.579
24160,221.592
24161,221.598
24162,221.609
24163,221.674
24164,221.730
24165,221.741
24166,221.747
24167,221.758
24168,221.765
24169,221.767
24170,221.768
24171,221.769
24172,221.775
24173,221.785
24174,221.787
24175,221.798
24176,221.800
24177,221.802
24178,221.817
24179,221.819
24180,221.820
24181,221.822
24182,221.829
24183,221.830
24184,221.832
24185,221.833
24186,221.836
24187,221.847
24188,221.849
24189,221.851
24190,221.867
24191,221.868
24192,221.869
24193,221.871
24194,221.872
24195,221.873
24196,221.879
24197,221.890
24198,221.895
24199,221.906
24200,221.909
24201,221.920
24202,221.927
24203,221.940
24204,221.942
24205,221.943
24206,221.945
24207,221.950
24208,221.961
24209,221.967
24210,221.979
24211,221.985
24212,221.996
24213,222.002
24214,222.014
24215,222.019
24216,222.030
24217,222.032
24218,222.037
24219,222.048
24220,222.049
24221,222.051
24222,222.057
24223,222.069
24224,222.071
24225,222.072
24226,222.074
24227,222.079
24228,222.151
24229,222.242
24230,222.274
24231,222.289
24232,222.355
24233,222.420
24234,222.449
24235,222.459
24236,222.473
24237,222.491
24238,222.501
24239,222.503
24240,222.527
24241,222.545
24242,222.554
24243,222.576
24244,222.601
24245,222.619
24246,222.621
24247,222.639
24248,222.652
24249,222.657
24250,222.668
24251,222.676
24252,222.678
24253,222.679
24254,222.681
24255,222.693
24256,222.704
24257,222.716
24258,222.717
24259,222.726
24260,222.738
24261,222.740
24262,222.743
24263,222.758
24264,222.760
24265,222.761
24266,222.763
24267,222.764
24268,222.772
24269,222.774
24270,222.775
24271,222.777
24272,222.785
24273,222.796
24274,222.804
24275,222.820
24276,222.839
24277,222.841
24278,222.842
24279,222.844
24280,222.850
24281,222.862
24282,222.864
24283,222.875
24284,222.879
24285,222.931
24286,222.935
24287,222.991
24288,222.992
24289,222.994
24290,223.007
24291,223.012
24292,223.014
24293,223.017
24294,223.024
24295,223.026
24296,223.027
24297,223.066
24298,223.071
24299,223.105
24300,223.110
24301,223.184
24302,223.190
24303,223.192
24304,223.241
24305,223.243
24306,223.244
24307,223.246
24308,223.247
24309,223.258
24310,223.270
24311,223.278
24312,223.279
24313,223.281
24314,223.282
24315,223.285
24316,223.296
24317,223.298
24318,223.304
24319,223.306
24320,223.308
24321,223.309
24322,223.311
24323,223.313
24324,223.328
24325,223.329
24326,223.331
24327,223.333
24328,223.341
24329,223.354
24330,223.415
24331,223.480
24332,223.492
24333,223.494
24334,223.500
24335,223.511
24336,223.526
24337,223.528
24338,223.530
24339,223.532
24340,223.540
24341,223.551
24342,223.553
24343,223.558
24344,223.560
24345,223.574
24346,223.586
24347,223.588
24348,223.591
24349,223.596
24350,223.599
24351,223.606
24352,223.618
24353,223.625
24354,223.637
24355,223.652
24356,223.675
24357,223.677
24358,223.685
24359,223.702
24360,223.714
24361,223.720
24362,223.731
24363,223.738
24364,223.751
24365,223.753
24366,223.754
24367,223.756
24368,223.757
24369,223.771
24370,223.784
24371,223.790
24372,223.802
24373,223.808
24374,223.819
24375,223.834
24376,223.846
24377,223.860
24378,223.872
24379,223.879
24380,223.880
24381,223.895
24382,223.908
24383,223.917
24384,223.944
24385,223.965
24386,223.983
24387,224.000
24388,224.006
24389,224.022
24390,224.032
24391,224.034
24392,224.036
24393,224.038
24394,224.039
24395,224.048
24396,224.062
24397,224.065
24398,224.083
24399,224.096
24400,224.113
24401,224.133
24402,224.134
24403,224.136
24404,224.137
24405,224.139
24406,224.150
24407,224.152
24408,224.154
24409,224.155
24410,224.157
24411,224.174
24412,224.180
24413,224.196
24414,224.211
24415,224.219
24416,224.234
24417,224.237
24418,224.253
24419,224.256
24420,224.259
24421,224.267
24422,224.268
24423,224.271
24424,224.280
24425,224.283
24426,224.284
24427,224.291
24428,224.305
24429,224.320
24430,224.335
24431,224.349
24432,224.368
24433,224.371
24434,224.390
24435,224.392
24436,224.393
24437,224.405
24438,224.417
24439,224.423
24440,224.435
24441,224.444
24442,224.446
24443,224.448
24444,224.449
24445,224.451
24446,224.454
24447,224.466
24448,224.468
24449,224.471
24450,224.477
24451,224.479
24452,224.480
24453,224.482
24454,224.483
24455,224.494
24456,224.506
24457,224.512
24458,224.525
24459,224.541
24460,224.567
24461,224.568
24462,224.570
24463,224.578
24464,224.590
24465,224.592
24466,224.594
24467,224.598
24468,224.600
24469,224.603
24470,224.616
24471,224.617
24472,224.619
24473,224.620
24474,224.628
24475,224.629
24476,224.631
24477,224.632
24478,224.635
24479,224.636
24480,224.638
24481,224.644
24482,224.656
24483,224.667
24484,224.669
24485,224.671
24486,224.672
24487,224.680
24488,224.692
24489,224.694
24490,224.697
24491,224.701
24492,224.757
24493,224.759
24494,224.760
24495,224.762
24496,224.815
24497,224.827
24498,224.845
24499,224.857
24500,224.863
24501,224.874
24502,224.876
24503,224.889
24504,224.892
24505,224.893
24506,224.895
24507,224.896
24508,224.900
24509,224.911
24510,224.913
24511,224.917
24512,224.922
24513,224.924
24514,224.926
24515,224.930
24516,224.936
24517,224.938
24518,224.940
24519,224.943
24520,224.949
24521,224.961
24522,224.972
24523,224.981
24524,224.983
24525,224.985
24526,224.987
24527,224.996
24528,224.997
24529,224.999
24530,225.001
24531,225.010
24532,225.012
24533,225.014
24534,225.016
24535,225.017
24536,225.021
24537,225.032
24538,225.035
24539,225.037
24540,225.049
24541,225.061
24542,225.076
24543,225.090
24544,225.101
24545,225.104
24546,225.106
24547,225.159
24548,225.165
24549,225.220
24550,225.235
24551,225.245
24552,225.257
24553,225.265
24554,225.268
24555,225.286
24556,225.301
24557,225.303
24558,225.305
24559,225.307
24560,225.315
24561,225.331
24562,225.344
24563,225.352
24564,225.365
24565,225.372
24566,225.386
24567,225.392
24568,225.406
24569,225.413
24570,225.427
24571,225.429
24572,225.436
24573,225.448
24574,225.450
24575,225.452
24576,225.459
24577,225.471
24578,225.473
24579,225.475
24580,225.477
24581,225.479
24582,225.536
24583,225.618
24584,225.694
24585,225.697
24586,225.699
24587,225.701
24588,225.784
24589,225.872
24590,225.887
24591,225.893
24592,225.907
24593,225.917
24594,225.919
24595,225.920
24596,225.922
24597,225.924
24598,225.942
24599,225.949
24600,225.951
24601,225.954
24602,225.957
24603,225.959
24604,225.962
24605,225.965
24606,225.967
24607,225.968
24608,225.970
24609,225.972
24610,225.975
24611,226.051
24612,226.054
24613,226.057
24614,226.131
24615,226.138
24616,226.180
24617,226.187
24618,226.191
24619,226.282
24620,226.289
24621,226.291
24622,226.342
24623,226.344
24624,226.346
24625,226.347
24626,226.349
24627,226.406
24628,226.408
24629,226.410
24630,226.470
24631,226.478
24632,226.509
24633,226.522
24634,226.593
24635,226.599
24636,226.601
24637,226.651
24638,226.658
24639,226.659
24640,226.661
24641,226.664
24642,226.666
24643,226.667
24644,226.727
24645,226.811
24646,226.869
24647,226.871
24648,226.873
24649,226.928
24650,226.940
24651,226.951
24652,226.953
24653,226.955
24654,227.010
24655,227.012
24656,227.014
24657,227.074
24658,227.082
24659,227.088
24660,227.095
24661,227.097
24662,227.098
24663,227.100
24664,227.103
24665,227.110
24666,227.188
24667,227.202
24668,227.204
24669,227.260
24670,227.274
24671,227.276
24672,227.277
24673,227.280
24674,227.283
24675,227.288
24676,227.289
24677,227.353
24678,227.362
24679,227.426
24680,227.434
24681,227.436
24682,227.491
24683,227.498
24684,227.500
24685,227.502
24686,227.504
24687,227.506
24688,227.507
24689,227.509
24690,227.549
24691,227.554
24692,227.593
24693,227.598
24694,227.633
24695,227.637
24696,227.639
24697,227.641
24698,227.643
24699,227.644
24700,227.645
24701,227.647
24702,227.648
24703,227.649
24704,227.652
24705,227.655
24706,227.657
24707,227.660
24708,227.662
24709,227.664
24710,227.667
24711,227.671
24712,227.677
24713,227.678
24714,227.680
24715,227.683
24716,227.692
24717,227.697
24718,227.707
24719,227.709
24720,227.711
24721,227.712
24722,227.714
24723,227.717
24724,227.720
24725,227.728
24726,227.732
24727,227.742
24728,227.744
24729,227.746
24730,227.748
24731,227.753
24732,227.755
24733,227.760
24734,227.764
24735,227.771
24736,227.775
24737,227.783
24738,227.793
24739,227.813
24740,227.815
24741,227.817
24742,227.819
24743,227.829
24744,227.854
24745,227.870
24746,227.880
24747,227.897
24748,227.899
24749,227.909
24750,227.928
24751,227.937
24752,227.955
24753,227.964
24754,227.981
24755,227.983
24756,227.985
24757,227.993
24758,228.008
24759,228.011
24760,228.013
24761,228.021
24762,228.037
24763,228.039
24764,228.041
24765,228.043
24766,228.045
24767,228.121
24768,228.227
24769,228.310
24770,228.312
24771,228.314
24772,228.315
24773,228.375
24774,228.441
24775,228.452
24776,228.454
24777,228.456
24778,228.458
24779,228.516
24780,228.599
24781,228.674
24782,228.736
24783,228.738
24784,228.740
24785,228.788
24786,228.800
24787,228.855
24788,228.865
24789,228.867
24790,228.870
24791,228.888
24792,228.899
24793,228.903
24794,228.915
24795,228.917
24796,228.931
24797,228.943
24798,228.945
24799,228.956
24800,228.967
24801,228.969
24802,229.025
24803,229.037
24804,229.097
24805,229.098
24806,229.100
24807,229.154
24808,229.156
24809,229.158
24810,229.159
24811,229.161
24812,229.163
24813,229.164
24814,229.166
24815,229.182
24816,229.193
24817,229.207
24818,229.218
24819,229.226
24820,229.253
24821,229.264
24822,229.277
24823,229.290
24824,229.297
24825,229.313
24826,229.324
24827,229.335
24828,229.338
24829,229.339
24830,229.342
24831,229.345
24832,229.347
24833,229.349
24834,229.351
24835,229.355
24836,229.356
24837,229.357
24838,229.359
24839,229.361
24840,229.362
24841,229.364
24842,229.365
24843,229.367
24844,229.371
24845,229.372
24846,229.376
24847,229.378
24848,229.379
24849,229.380
24850,229.382
24851,229.384
24852,229.385
24853,229.386
24854,229.388
24855,229.393
24856,229.395
24857,229.399
24858,229.400
24859,229.402
24860,229.403
24861,229.404
24862,229.406
24863,229.408
24864,229.411
24865,229.413
24866,229.417
24867,229.418
24868,229.420
24869,229.421
24870,229.423
24871,229.424
24872,229.426
24873,229.430
24874,229.431
24875,229.433
24876,229.436
24877,229.438
24878,229.442
24879,229.443
24880,229.447
24881,229.460
24882,229.461
24883,229.463
24884,229.468
24885,229.488
24886,229.496
24887,229.503
24888,229.505
24889,229.507
24890,229.509
24891,229.512
24892,229.523
24893,229.525
24894,229.528
24895,229.542
24896,229.552
24897,229.574
24898,229.591
24899,229.598
24900,229.614
24901,229.616
24902,229.637
24903,229.655
24904,229.667
24905,229.688
24906,229.713
24907,229.730
24908,229.737
24909,229.753
24910,229.755
24911,229.773
24912,229.789
24913,229.792
24914,229.793
24915,229.802
24916,229.817
24917,229.841
24918,229.857
24919,229.865
24920,229.880
24921,229.882
24922,229.900
24923,229.915
24924,229.917
24925,229.919
24926,229.929
24927,229.931
24928,229.933
24929,229.934
24930,229.936
24931,229.937
24932,229.948
24933,229.949
24934,229.951
24935,229.953
24936,229.954
24937,229.971
24938,229.976
24939,229.993
24940,230.008
24941,230.017
24942,230.034
24943,230.038
24944,230.054
24945,230.057
24946,230.060
24947,230.065
24948,230.067
24949,230.069
24950,230.075
24951,230.131
24952,230.193
24953,230.195
24954,230.197
24955,230.199
24956,230.210
24957,230.214
24958,230.225
24959,230.235
24960,230.237
24961,230.248
24962,230.251
24963,230.252
24964,230.256
24965,230.258
24966,230.259
24967,230.260
24968,230.272
24969,230.283
24970,230.294
24971,230.296
24972,230.298
24973,230.299
24974,230.302
24975,230.304
24976,230.305
24977,230.307
24978,230.317
24979,230.328
24980,230.332
24981,230.343
24982,230.349
24983,230.351
24984,230.352
24985,230.354
24986,230.355
24987,230.361
24988,230.371
24989,230.378
24990,230.380
24991,230.381
24992,230.383
24993,230.385
24994,230.396
24995,230.398
24996,230.400
24997,230.403
24998,230.417
24999,230.428
25000,230.446
25001,230.456
25002,230.461
25003,230.473
25004,230.480
25005,230.490
25006,230.492
25007,230.494
25008,230.498
25009,230.500
25010,230.503
25011,230.516
25012,230.517
25013,230.518
25014,230.520
25015,230.527
25016,230.528
25017,230.530
25018,230.531
25019,230.534
25020,230.536
25021,230.537
25022,230.543
25023,230.553
25024,230.564
25025,230.566
25026,230.567
25027,230.569
25028,230.581
25029,230.583
25030,230.584
25031,230.586
25032,230.588
25033,230.599
25034,230.601
25035,230.603
25036,230.606
25037,230.661
25038,230.663
25039,230.664
25040,230.666
25041,230.722
25042,230.736
25043,230.755
25044,230.767
25045,230.773
25046,230.784
25047,230.786
25048,230.801
25049,230.803
25050,230.805
25051,230.806
25052,230.808
25053,230.811
25054,230.823
25055,230.825
25056,230.828
25057,230.833
25058,230.836
25059,230.849
25060,230.860
25061,230.868
25062,230.870
25063,230.871
25064,230.872
25065,230.880
25066,230.882
25067,230.883
25068,230.885
25069,230.893
25070,230.894
25071,230.896
25072,230.897
25073,230.899
25074,230.902
25075,230.913
25076,230.916
25077,230.918
25078,230.929
25079,230.940
25080,230.955
25081,230.967
25082,230.976
25083,230.978
25084,230.996
25085,231.009
25086,231.016
25087,231.035
25088,231.049
25089,231.062
25090,231.075
25091,231.080
25092,231.091
25093,231.100
25094,231.111
25095,231.120
25096,231.123
25097,231.140
25098,231.155
25099,231.157
25100,231.159
25101,231.162
25102,231.169
25103,231.185
25104,231.195
25105,231.201
25106,231.212
25107,231.221
25108,231.238
25109,231.248
25110,231.264
25111,231.273
25112,231.293
25113,231.295
25114,231.303
25115,231.319
25116,231.321
25117,231.324
25118,231.333
25119,231.350
25120,231.352
25121,231.354
25122,231.356
25123,231.434
25124,231.538
25125,231.631
25126,231.713
25127,231.730
25128,231.742
25129,231.744
25130,231.746
25131,231.747
25132,231.749
25133,231.838
25134,231.851
25135,231.853
25136,231.855
25137,231.856
25138,231.858
25139,231.860
25140,231.861
25141,231.863
25142,231.865
25143,231.866
25144,231.868
25145,231.870
25146,231.872
25147,231.873
25148,231.875
25149,231.933
25150,231.943
25151,232.000
25152,232.010
25153,232.067
25154,232.078
25155,232.132
25156,232.143
25157,232.201
25158,232.212
25159,232.265
25160,232.276
25161,232.331
25162,232.345
25163,232.405
25164,232.416
25165,232.472
25166,232.483
25167,232.538
25168,232.549
25169,232.605
25170,232.616
25171,232.672
25172,232.683
25173,232.740
25174,232.752
25175,232.808
25176,232.819
25177,232.874
25178,232.885
25179,232.942
25180,232.953
25181,233.009
25182,233.021
25183,233.027
25184,233.028
25185,233.030
25186,233.031
25187,233.033
25188,233.034
25189,233.039
25190,233.049
25191,233.112
25192,233.123
25193,233.197
25194,233.215
25195,233.325
25196,233.411
25197,233.428
25198,233.431
25199,233.522
25200,233.539
25201,233.541
25202,233.543
25203,233.545
25204,233.630
25205,233.647
25206,233.650
25207,233.731
25208,233.733
25209,233.735
25210,233.798
25211,233.800
25212,233.802
25213,233.870
25214,233.882
25215,233.884
25216,233.886
25217,233.952
25218,233.965
25219,233.968
25220,234.028
25221,234.040
25222,234.096
25223,234.108
25224,234.113
25225,234.124
25226,234.126
25227,234.181
25228,234.193
25229,234.252
25230,234.265
25231,234.320
25232,234.330
25233,234.385
25234,234.397
25235,234.453
25236,234.464
25237,234.520
25238,234.532
25239,234.586
25240,234.596
25241,234.610
25242,234.622
25243,234.635
25244,234.642
25245,234.645
25246,234.650
25247,234.651
25248,234.653
25249,234.704
25250,234.709
25251,234.763
25252,234.769
25253,234.825
25254,234.829
25255,234.863
25256,234.869
25257,234.871
25258,234.875
25259,234.876
25260,234.878
25261,234.881
25262,234.883
25263,234.936
25264,234.994
25265,235.000
25266,235.052
25267,235.057
25268,235.285
25269,235.290
25270,235.292
25271,235.293
25272,235.422
25273,235.564
25274,235.626
25275,235.633
25276,235.635
25277,235.639
25278,235.647
25279,235.661
25280,235.663
25281,235.665
25282,235.667
25283,235.674
25284,235.690
25285,235.702
25286,235.709
25287,235.722
25288,235.729
25289,235.742
25290,235.749
25291,235.762
25292,235.769
25293,235.782
25294,235.784
25295,235.785
25296,235.791
25297,235.803
25298,235.805
25299,235.806
25300,235.812
25301,235.823
25302,235.825
25303,235.827
25304,235.828
25305,235.887
25306,235.978
25307,236.054
25308,236.126
25309,236.138
25310,236.140
25311,236.233
25312,236.246
25313,236.307
25314,236.320
25315,236.322
25316,236.329
25317,236.343
25318,236.344
25319,236.396
25320,236.407
25321,236.462
25322,236.474
25323,236.477
25324,236.489
25325,236.492
25326,236.506
25327,236.518
25328,236.520
25329,236.530
25330,236.543
25331,236.545
25332,236.603
25333,236.614
25334,236.674
25335,236.676
25336,236.678
25337,236.735
25338,236.737
25339,236.739
25340,236.741
25341,236.742
25342,236.744
25343,236.746
25344,236.747
25345,236.755
25346,236.757
25347,236.758
25348,236.760
25349,236.763
25350,236.773
25351,236.776
25352,236.862
25353,236.924
25354,236.925
25355,236.927
25356,236.928
25357,236.930
25358,236.933
25359,236.945
25360,236.949
25361,236.951
25362,236.952
25363,236.953
25364,236.955
25365,236.956
25366,236.959
25367,236.961
25368,236.962
25369,237.036
25370,237.040
25371,237.042
25372,237.133
25373,237.135
25374,237.137
25375,237.139
25376,237.184
25377,237.186
25378,237.188
25379,237.189
25380,237.192
25381,237.200
25382,237.203
25383,237.210
25384,237.311
25385,237.318
25386,237.320
25387,237.387
25388,237.401
25389,237.418
25390,237.424
25391,237.498
25392,237.500
25393,237.502
25394,237.573
25395,237.584
25396,237.599
25397,237.608
25398,237.611
25399,237.615
25400,237.618
25401,237.625
25402,237.627
25403,237.630
25404,237.638
25405,237.641
25406,237.648
25407,237.650
25408,237.652
25409,237.653
25410,237.655
25411,237.658
25412,237.663
25413,237.666
25414,237.672
25415,237.674
25416,237.675
25417,237.678
25418,237.683
25419,237.686
25420,237.691
25421,237.698
25422,237.710
25423,237.712
25424,237.714
25425,237.716
25426,237.722
25427,237.737
25428,237.748
25429,237.754
25430,237.766
25431,237.772
25432,237.784
25433,237.790
25434,237.803
25435,237.810
25436,237.822
25437,237.824
25438,237.825
25439,237.831
25440,237.842
25441,237.844
25442,237.845
25443,237.850
25444,237.861
25445,237.863
25446,237.864
25447,237.866
25448,237.925
25449,238.006
25450,238.084
25451,238.149
25452,238.159
25453,238.161
25454,238.162
25455,238.168
25456,238.187
25457,238.188
25458,238.190
25459,238.238
25460,238.249
25461,238.307
25462,238.314
25463,238.316
25464,238.319
25465,238.337
25466,238.348
25467,238.352
25468,238.363
25469,238.365
25470,238.380
25471,238.391
25472,238.393
25473,238.403
25474,238.414
25475,238.416
25476,238.474
25477,238.487
25478,238.545
25479,238.547
25480,238.548
25481,238.605
25482,238.607
25483,238.609
25484,238.611
25485,238.613
25486,238.614
25487,238.616
25488,238.618
25489,238.624
25490,238.634
25491,238.640
25492,238.652
25493,238.658
25494,238.670
25495,238.676
25496,238.687
25497,238.694
25498,238.695
25499,238.697
25500,238.698
25501,238.700
25502,238.706
25503,238.717
25504,238.719
25505,238.724
25506,238.745
25507,238.752
25508,238.759
25509,238.779
25510,238.786
25511,238.804
25512,238.815
25513,238.816
25514,238.836
25515,238.854
25516,238.875
25517,238.908
25518,238.922
25519,238.942
25520,238.956
25521,238.976
25522,239.010
25523,239.021
25524,239.030
25525,239.061
25526,239.073
25527,239.097
25528,239.112
25529,239.119
25530,239.151
25531,239.153
25532,239.155
25533,239.157
25534,239.163
25535,239.177
25536,239.183
25537,239.197
25538,239.217
25539,239.222
25540,239.224
25541,239.228
25542,239.232
25543,239.234
25544,239.237
25545,239.245
25546,239.250
25547,239.253
25548,239.258
25549,239.260
25550,239.350
25551,239.421
25552,239.425
25553,239.485
25554,239.487
25555,239.489
25556,239.580
25557,239.594
25558,239.596
25559,239.598
25560,239.600
25561,239.602
25562,239.604
25563,239.606
25564,239.608
25565,239.610
25566,239.612
25567,239.614
25568,239.616
25569,239.619
25570,239.621
25571,239.623
25572,239.685
25573,239.696
25574,239.760
25575,239.773
25576,239.775
25577,239.835
25578,239.846
25579,239.909
25580,239.921
25581,239.985
25582,240.000
25583,240.058
25584,240.069
25585,240.075
25586,240.086
25587,240.088
25588,240.093
25589,240.104
25590,240.164
25591,240.176
25592,240.178
25593,240.180
25594,240.242
25595,240.254
25596,240.256
25597,240.316
25598,240.327
25599,240.387
25600,240.399
25601,240.458
25602,240.470
25603,240.530
25604,240.541
25605,240.600
25606,240.611
25607,240.670
25608,240.682
25609,240.739
25610,240.751
25611,240.814
25612,240.833
25613,240.919
25614,240.935
25615,241.028
25616,241.047
25617,241.122
25618,241.137
25619,241.215
25620,241.229
25621,241.303
25622,241.320
25623,241.391
25624,241.403
25625,241.465
25626,241.477
25627,241.479
25628,241.485
25629,241.495
25630,241.554
25631,241.566
25632,241.567
25633,241.569
25634,241.628
25635,241.639
25636,241.641
25637,241.702
25638,241.714
25639,241.716
25640,241.721
25641,241.732
25642,241.793
25643,241.804
25644,241.806
25645,241.808
25646,241.875
25647,241.886
25648,241.888
25649,241.946
25650,241.957
25651,242.015
25652,242.026
25653,242.110
25654,242.125
25655,242.127
25656,242.129
25657,242.131
25658,242.133
25659,242.135
25660,242.137
25661,242.139
25662,242.141
25663,242.143
25664,242.146
25665,242.148
25666,242.151
25667,242.153
25668,242.156
25669,242.218
25670,242.229
25671,242.292
25672,242.304
25673,242.306
25674,242.365
25675,242.375
25676,242.438
25677,242.450
25678,242.452
25679,242.514
25680,242.528
25681,242.585
25682,242.596
25683,242.602
25684,242.613
25685,242.615
25686,242.620
25687,242.630
25688,242.690
25689,242.701
25690,242.703
25691,242.763
25692,242.773
25693,242.775
25694,242.851
25695,242.866
25696,242.948
25697,242.964
25698,243.039
25699,243.054
25700,243.131
25701,243.145
25702,243.218
25703,243.232
25704,243.308
25705,243.325
25706,243.390
25707,243.401
25708,243.463
25709,243.475
25710,243.535
25711,243.546
25712,243.615
25713,243.628
25714,243.687
25715,243.698
25716,243.760
25717,243.772
25718,243.829
25719,243.840
25720,243.897
25721,243.908
25722,243.967
25723,243.977
25724,243.979
25725,243.984
25726,243.994
25727,244.053
25728,244.064
25729,244.066
25730,244.124
25731,244.134
25732,244.136
25733,244.195
25734,244.206
25735,244.208
25736,244.266
25737,244.277
25738,244.339
25739,244.350
25740,244.352
25741,244.416
25742,244.428
25743,244.486
25744,244.497
25745,244.510
25746,244.512
25747,244.514
25748,244.515
25749,244.530
25750,244.541
25751,244.543
25752,244.546
25753,244.551
25754,244.562
25755,244.563
25756,244.644
25757,244.649
25758,244.701
25759,244.707
25760,244.709
25761,244.712
25762,244.713
25763,244.781
25764,244.789
25765,244.861
25766,244.869
25767,244.941
25768,244.949
25769,245.188
25770,245.194
25771,245.324
25772,245.424
25773,245.481
25774,245.492
25775,245.543
25776,245.560
25777,245.615
25778,245.681
25779,245.693
25780,245.696
25781,245.698
25782,245.706
25783,245.709
25784,245.710
25785,245.804
25786,245.863
25787,245.874
25788,245.881
25789,245.883
25790,245.889
25791,245.899
25792,245.963
25793,245.970
25794,245.972
25795,246.057
25796,246.145
25797,246.205
25798,246.208
25799,246.209
25800,246.301
25801,246.321
25802,246.323
25803,246.326
25804,246.328
25805,246.331
25806,246.334
25807,246.336
25808,246.339
25809,246.342
25810,246.345
25811,246.348
25812,246.351
25813,246.354
25814,246.357
25815,246.361
25816,246.447
25817,246.513
25818,246.515
25819,246.516
25820,246.518
25821,246.578
25822,246.588
25823,246.646
25824,246.648
25825,246.650
25826,246.651
25827,246.656
25828,246.665
25829,246.747
25830,246.764
25831,246.851
25832,246.854
25833,246.856
25834,246.858
25835,246.865
25836,246.878
25837,246.959
25838,246.975
25839,247.054
25840,247.057
25841,247.059
25842,247.061
25843,247.068
25844,247.082
25845,247.161
25846,247.175
25847,247.261
25848,247.276
25849,247.278
25850,247.346
25851,247.358
25852,247.428
25853,247.439
25854,247.501
25855,247.504
25856,247.506
25857,247.507
25858,247.509
25859,247.511
25860,247.516
25861,247.528
25862,247.529
25863,247.531
25864,247.533
25865,247.539
25866,247.540
25867,247.542
25868,247.544
25869,247.549
25870,247.560
25871,247.562
25872,247.563
25873,247.565
25874,247.571
25875,247.573
25876,247.574
25877,247.576
25878,247.581
25879,247.591
25880,247.656
25881,247.669
25882,247.734
25883,247.736
25884,247.738
25885,247.739
25886,247.745
25887,247.755
25888,247.818
25889,247.830
25890,247.890
25891,247.892
25892,247.894
25893,247.895
25894,247.900
25895,247.911
25896,247.974
25897,247.985
25898,248.048
25899,248.051
25900,248.053
25901,248.054
25902,248.060
25903,248.072
25904,248.136
25905,248.148
25906,248.211
25907,248.223
25908,248.225
25909,248.230
25910,248.241
25911,248.334
25912,248.408
25913,248.421
25914,248.423
25915,248.425
25916,248.491
25917,248.493
25918,248.495
25919,248.496
25920,248.498
25921,248.561
25922,248.563
25923,248.565
25924,248.658
25925,248.672
25926,248.675
25927,248.737
25928,248.739
25929,248.741
25930,248.742
25931,248.743
25932,248.748
25933,248.750
25934,248.751
25935,248.752
25936,248.754
25937,248.755
25938,248.757
25939,248.765
25940,248.782
25941,248.784
25942,248.792
25943,248.794
25944,248.796
25945,248.798
25946,248.800
25947,248.802
25948,248.809
25949,248.812
25950,248.813
25951,248.815
25952,248.817
25953,248.819
25954,248.821
25955,248.828
25956,248.830
25957,248.832
25958,248.834
25959,248.841
25960,248.843
25961,248.845
25962,248.847
25963,248.854
25964,248.870
25965,248.872
25966,248.880
25967,248.883
25968,248.885
25969,248.887
25970,248.894
25971,248.896
25972,248.898
25973,248.900
25974,248.902
25975,248.904
25976,248.916
25977,248.932
25978,248.934
25979,249.046
25980,249.062
25981,249.064
25982,249.148
25983,249.150
25984,249.152
25985,249.154
25986,249.156
25987,249.163
25988,249.165
25989,249.167
25990,249.169
25991,249.170
25992,249.177
25993,249.191
25994,249.193
25995,249.200
25996,249.202
25997,249.204
25998,249.206
25999,249.213
26000,249.215
26001,249.216
26002,249.218
26003,249.220
26004,249.228
26005,249.230
26006,249.232
26007,249.234
26008,249.241
26009,249.256
26010,249.348
26011,249.362
26012,249.427
26013,249.429
26014,249.432
26015,249.434
26016,249.497
26017,249.507
26018,249.569
26019,249.571
26020,249.573
26021,249.575
26022,249.580
26023,249.591
26024,249.652
26025,249.664
26026,249.727
26027,249.730
26028,249.731
26029,249.733
26030,249.738
26031,249.749
26032,249.811
26033,249.822
26034,249.883
26035,249.886
26036,249.888
26037,249.890
26038,249.895
26039,249.907
26040,249.968
26041,249.979
26042,250.037
26043,250.049
26044,250.051
26045,250.114
26046,250.126
26047,250.193
26048,250.206
26049,250.208
26050,250.214
26051,250.225
26052,250.228
26053,250.233
26054,250.245
26055,250.247
26056,250.249
26057,250.322
26058,250.336
26059,250.403
26060,250.479
26061,250.491
26062,250.493
26063,250.596
26064,250.622
26065,250.625
26066,250.628
26067,250.631
26068,250.634
26069,250.637
26070,250.640
26071,250.644
26072,250.650
26073,250.652
26074,250.656
26075,250.659
26076,250.663
26077,250.667
26078,250.671
26079,250.762
26080,250.835
26081,250.926
26082,250.947
26083,251.040
26084,251.057
26085,251.060
26086,251.142
26087,251.157
26088,251.240
26089,251.258
26090,251.261
26091,251.343
26092,251.361
26093,251.363
26094,251.449
26095,251.463
26096,251.531
26097,251.544
26098,251.608
26099,251.622
26100,251.624
26101,251.629
26102,251.641
26103,251.705
26104,251.717
26105,251.718
26106,251.720
26107,251.787
26108,251.799
26109,251.801
26110,251.867
26111,251.882
26112,251.884
26113,251.949
26114,251.961
26115,252.025
26116,252.037
26117,252.102
26118,252.116
26119,252.118
26120,252.120
26121,252.121
26122,252.127
26123,252.129
26124,252.131
26125,252.133
26126,252.134
26127,252.199
26128,252.211
26129,252.277
26130,252.292
26131,252.294
26132,252.300
26133,252.302
26134,252.304
26135,252.305
26136,252.307
26137,252.405
26138,252.419
26139,252.421
26140,252.483
26141,252.495
26142,252.560
26143,252.572
26144,252.574
26145,252.638
26146,252.650
26147,252.652
26148,252.713
26149,252.724
26150,252.787
26151,252.798
26152,252.800
26153,252.864
26154,252.875
26155,252.877
26156,252.955
26157,252.972
26158,253.101
26159,253.119
26160,253.121
26161,253.202
26162,253.218
26163,253.298
26164,253.313
26165,253.315
26166,253.412
26167,253.428
26168,253.430
26169,253.518
26170,253.531
26171,253.598
26172,253.612
26173,253.615
26174,253.685
26175,253.696
26176,253.698
26177,253.765
26178,253.778
26179,253.842
26180,253.856
26181,253.859
26182,253.864
26183,253.876
26184,253.972
26185,254.064
26186,254.077
26187,254.141
26188,254.152
26189,254.229
26190,254.242
26191,254.305
26192,254.317
26193,254.319
26194,254.388
26195,254.400
26196,254.469
26197,254.481
26198,254.482
26199,254.550
26200,254.565
26201,254.567
26202,254.569
26203,254.575
26204,254.588
26205,254.590
26206,254.592
26207,254.601
26208,254.619
26209,254.621
26210,254.622
26211,254.624
26212,254.631
26213,254.633
26214,254.635
26215,254.637
26216,254.644
26217,254.657
26218,254.659
26219,254.665
26220,254.680
26221,254.681
26222,254.687
26223,254.699
26224,254.701
26225,254.702
26226,254.705
26227,254.773
26228,254.786
26229,254.788
26230,254.849
26231,254.861
26232,254.868
26233,254.879
26234,254.881
26235,254.945
26236,254.957
26237,255.025
26238,255.042
26239,255.147
26240,255.167
26241,255.258
26242,255.275
26243,255.365
26244,255.384
26245,255.467
26246,255.482
26247,255.484
26248,255.568
26249,255.585
26250,255.594
26251,255.607
26252,255.609
26253,255.677
26254,255.689
26255,255.755
26256,255.767
26257,255.847
26258,255.860
26259,255.933
26260,255.945
26261,256.017
26262,256.030
26263,256.032
26264,256.097
26265,256.110
26266,256.178
26267,256.191
26268,256.193
26269,256.260
26270,256.271
26271,256.336
26272,256.347
26273,256.442
26274,256.462
26275,256.464
26276,256.466
26277,256.469
26278,256.472
26279,256.475
26280,256.477
26281,256.480
26282,256.483
26283,256.486
26284,256.489
26285,256.492
26286,256.496
26287,256.499
26288,256.502
26289,256.593
26290,256.665
26291,256.738
26292,256.750
26293,256.822
26294,256.834
26295,256.836
26296,256.898
26297,256.910
26298,256.991
26299,257.005
26300,257.008
26301,257.075
26302,257.089
26303,257.091
26304,257.158
26305,257.176
26306,257.271
26307,257.289
26308,257.292
26309,257.380
26310,257.397
26311,257.399
26312,257.406
26313,257.421
26314,257.507
26315,257.524
26316,257.526
26317,257.529
26318,257.612
26319,257.628
26320,257.630
26321,257.756
26322,257.771
26323,257.773
26324,257.838
26325,257.851
26326,257.913
26327,257.925
26328,257.927
26329,257.935
26330,257.947
26331,257.949
26332,257.954
26333,257.966
26334,257.972
26335,257.984
26336,257.985
26337,257.987
26338,258.049
26339,258.061
26340,258.063
26341,258.125
26342,258.137
26343,258.140
26344,258.202
26345,258.213
26346,258.305
26347,258.317
26348,258.319
26349,258.411
26350,258.424
26351,258.426
26352,258.428
26353,258.489
26354,258.501
26355,258.582
26356,258.582
26357,258.582
26358,258.647
26359,258.659
26360,258.661
26361,258.725
26362,258.737
26363,258.833
26364,258.846
26365,258.848
26366,258.909
26367,258.922
26368,258.985
26369,258.996
26370,258.998
26371,259.061
26372,259.073
26373,259.075
26374,259.135
26375,259.147
26376,259.214
26377,259.232
26378,259.234
26379,259.322
26380,259.338
26381,259.340
26382,259.427
26383,259.446
26384,259.524
26385,259.539
26386,259.541
26387,259.548
26388,259.564
26389,259.675
26390,259.790
26391,259.803
26392,259.869
26393,259.881
26394,259.957
26395,259.970
26396,260.031
26397,260.042
26398,260.044
26399,260.110
26400,260.121
26401,260.188
26402,260.199
26403,260.201
26404,260.263
26405,260.266
26406,260.268
26407,260.274
26408,260.285
26409,260.287
26410,260.288
26411,260.290
26412,260.356
26413,260.368
26414,260.370
26415,260.430
26416,260.442
26417,260.448
26418,260.459
26419,260.461
26420,260.524
26421,260.536
26422,260.597
26423,260.608
26424,260.684
26425,260.698
26426,260.765
26427,260.777
26428,260.839
26429,260.850
26430,260.915
26431,260.928
26432,260.930
26433,260.993
26434,261.004
26435,261.010
26436,261.021
26437,261.023
26438,261.084
26439,261.096
26440,261.159
26441,261.170
26442,261.249
26443,261.269
26444,261.360
26445,261.376
26446,261.458
26447,261.474
26448,261.476
26449,261.553
26450,261.569
26451,261.651
26452,261.666
26453,261.668
26454,261.753
26455,261.777
26456,261.850
26457,261.863
26458,261.928
26459,261.944
26460,261.945
26461,261.947
26462,261.956
26463,261.958
26464,261.960
26465,262.021
26466,262.034
26467,262.038
26468,262.044
26469,262.048
26470,262.054
26471,262.056
26472,262.057
26473,262.059
26474,262.145
26475,262.152
26476,262.210
26477,262.216
26478,262.272
26479,262.274
26480,262.276
26481,262.277
26482,262.334
26483,262.340
26484,262.399
26485,262.638
26486,262.645
26487,262.769
26488,262.831
26489,262.843
26490,262.897
26491,262.999
26492,263.015
26493,263.017
26494,263.020
26495,263.022
26496,263.024
26497,263.026
26498,263.028
26499,263.031
26500,263.033
26501,263.036
26502,263.038
26503,263.041
26504,263.043
26505,263.046
26506,263.049
26507,263.106
26508,263.117
26509,263.179
26510,263.190
26511,263.260
26512,263.277
26513,263.280
26514,263.362
26515,263.379
26516,263.464
26517,263.480
26518,263.482
26519,263.565
26520,263.580
26521,263.582
26522,263.658
26523,263.674
26524,263.762
26525,263.784
26526,263.852
26527,263.865
26528,263.867
26529,263.873
26530,263.883
26531,263.948
26532,263.960
26533,263.962
26534,263.964
26535,264.027
26536,264.040
26537,264.042
26538,264.104
26539,264.116
26540,264.178
26541,264.190
26542,264.253
26543,264.264
26544,264.270
26545,264.282
26546,264.284
26547,264.289
26548,264.301
26549,264.307
26550,264.308
26551,264.310
26552,264.312
26553,264.373
26554,264.384
26555,264.386
26556,264.449
26557,264.460
26558,264.520
26559,264.532
26560,264.534
26561,264.594
26562,264.604
26563,264.663
26564,264.666
26565,264.667
26566,264.669
26567,264.671
26568,264.676
26569,264.688
26570,264.693
26571,264.704
26572,264.706
26573,264.768
26574,264.780
26575,264.782
26576,264.843
26577,264.855
26578,264.915
26579,264.926
26580,264.933
26581,264.944
26582,264.946
26583,264.951
26584,264.962
26585,264.969
26586,264.981
26587,264.982
26588,265.071
26589,265.142
26590,265.153
26591,265.154
26592,265.218
26593,265.229
26594,265.311
26595,265.327
26596,265.420
26597,265.436
26598,265.514
26599,265.529
26600,265.531
26601,265.532
26602,265.540
26603,265.554
26604,265.562
26605,265.564
26606,265.566
26607,265.568
26608,265.570
26609,265.571
26610,265.573
26611,265.653
26612,265.669
26613,265.671
26614,265.752
26615,265.772
26616,265.775
26617,265.777
26618,265.851
26619,265.863
26620,265.865
26621,265.866
26622,265.873
26623,265.884
26624,265.886
26625,265.892
26626,265.894
26627,265.895
26628,265.897
26629,265.898
26630,265.964
26631,265.976
26632,265.978
26633,265.980
26634,266.042
26635,266.054
26636,266.056
26637,266.122
26638,266.136
26639,266.138
26640,266.216
26641,266.230
26642,266.294
26643,266.305
26644,266.312
26645,266.324
26646,266.326
26647,266.332
26648,266.344
26649,266.350
26650,266.362
26651,266.364
26652,266.425
26653,266.436
26654,266.437
26655,266.501
26656,266.513
26657,266.574
26658,266.585
26659,266.587
26660,266.599
26661,266.599
26662,266.599
26663,266.599
26664,266.600
26665,266.602
26666,266.668
26667,266.680
26668,266.682
26669,266.747
26670,266.759
26671,266.761
26672,266.763
26673,266.826
26674,266.838
26675,266.840
26676,266.842
26677,266.847
26678,266.859
26679,266.861
26680,266.867
26681,266.868
26682,266.870
26683,266.872
26684,266.873
26685,266.937
26686,266.949
26687,266.951
26688,266.953
26689,267.014
26690,267.026
26691,267.028
26692,267.091
26693,267.104
26694,267.106
26695,267.168
26696,267.179
26697,267.240
26698,267.252
26699,267.254
26700,267.259
26701,267.269
26702,267.347
26703,267.364
26704,267.366
26705,267.369
26706,267.459
26707,267.478
26708,267.480
26709,267.561
26710,267.575
26711,267.651
26712,267.666
26713,267.745
26714,267.759
26715,267.843
26716,267.860
26717,267.878
26718,267.891
26719,267.893
26720,267.901
26721,267.914
26722,267.916
26723,267.918
26724,267.922
26725,268.070
26726,268.072
26727,268.075
26728,268.077
26729,268.079
26730,268.143
26731,268.147
26732,268.208
26733,268.210
26734,268.212
26735,268.214
26736,268.215
26737,268.284
26738,268.351
26739,268.356
26740,268.415
26741,268.419
26742,268.421
26743,268.481
26744,268.486
26745,268.487
26746,268.489
26747,268.494
26748,268.551
26749,268.556
26750,268.614
26751,268.618
26752,268.620
26753,268.628
26754,268.630
26755,268.631
26756,268.633
26757,268.635
26758,268.642
26759,268.658
26760,268.672
26761,268.735
26762,268.810
26763,268.822
26764,268.829
26765,268.842
26766,268.848
26767,268.850
26768,268.853
26769,268.922
26770,268.927
26771,269.018
26772,269.025
26773,269.028
26774,269.086
26775,269.089
26776,269.091
26777,269.093
26778,269.095
26779,269.109
26780,269.122
26781,269.129
26782,269.142
26783,269.161
26784,269.174
26785,269.177
26786,269.179
26787,269.186
26788,269.203
26789,269.216
26790,269.223
26791,269.236
26792,269.243
26793,269.256
26794,269.258
26795,269.265
26796,269.277
26797,269.283
26798,269.295
26799,269.359
26800,269.459
26801,269.476
26802,269.478
26803,269.480
26804,269.483
26805,269.612
26806,269.631
26807,269.634
26808,269.713
26809,269.716
26810,269.718
26811,269.720
26812,269.728
26813,269.731
26814,269.732
26815,269.734
26816,269.736
26817,269.738
26818,269.740
26819,269.747
26820,269.750
26821,269.752
26822,269.754
26823,269.755
26824,269.757
26825,269.762
26826,269.771
26827,269.773
26828,269.775
26829,269.776
26830,269.854
26831,269.984
26832,269.994
26833,270.055
26834,270.057
26835,270.059
26836,270.061
26837,270.064
26838,270.071
26839,270.073
26840,270.134
26841,270.232
26842,270.295
26843,270.297
26844,270.299
26845,270.301
26846,270.302
26847,270.363
26848,270.431
26849,270.495
26850,270.501
26851,270.516
26852,270.530
26853,270.532
26854,270.534
26855,270.536
26856,270.553
26857,270.555
26858,270.557
26859,270.559
26860,270.567
26861,270.579
26862,270.596
26863,270.599
26864,270.601
26865,270.603
26866,270.622
26867,270.638
26868,270.640
26869,270.643
26870,270.650
26871,270.668
26872,270.681
26873,270.688
26874,270.700
26875,270.708
26876,270.723
26877,270.725
26878,270.728
26879,270.733
26880,270.745
26881,270.751
26882,270.763
26883,270.861
26884,270.875
26885,270.878
26886,270.939
26887,270.951
26888,270.953
26889,270.959
26890,270.961
26891,270.963
26892,270.965
26893,270.967
26894,270.974
26895,270.986
26896,270.988
26897,270.994
26898,270.996
26899,270.997
26900,270.999
26901,271.001
26902,271.005
26903,271.012
26904,271.014
26905,271.079
26906,271.183
26907,271.190
26908,271.194
26909,271.251
26910,271.253
26911,271.256
26912,271.258
26913,271.262
26914,271.264
26915,271.266
26916,271.268
26917,271.270
26918,271.272
26919,271.333
26920,271.401
26921,271.512
26922,271.600
26923,271.605
26924,271.608
26925,271.610
26926,271.612
26927,271.692
26928,271.821
26929,271.901
26930,271.910
26931,271.912
26932,271.914
26933,271.916
26934,271.992
26935,272.078
26936,272.146
26937,272.153
26938,272.155
26939,272.156
26940,272.158
26941,272.161
26942,272.163
26943,272.164
26944,272.166
26945,272.168
26946,272.171
26947,272.177
26948,272.194
26949,272.207
26950,272.209
26951,272.211
26952,272.213
26953,272.227
26954,272.239
26955,272.246
26956,272.256
26957,272.261
26958,272.272
26959,272.277
26960,272.279
26961,272.281
26962,272.283
26963,272.285
26964,272.298
26965,272.300
26966,272.302
26967,272.308
26968,272.310
26969,272.317
26970,272.318
26971,272.320
26972,272.327
26973,272.339
26974,272.341
26975,272.344
26976,272.346
26977,272.348
26978,272.349
26979,272.351
26980,272.353
26981,272.451
26982,272.459
26983,272.524
26984,272.530
26985,272.588
26986,272.590
26987,272.592
26988,272.602
26989,272.604
26990,272.606
26991,272.608
26992,272.610
26993,272.613
26994,272.625
26995,272.636
26996,272.654
26997,272.654
26998,272.656
26999,272.658
27000,272.664
27001,272.675
27002,272.733
27003,272.746
27004,272.837
27005,272.853
27006,272.855
27007,272.857
27008,272.858
27009,272.861
27010,272.862
27011,272.864
27012,272.866
27013,272.868
27014,272.871
27015,272.873
27016,272.875
27017,272.877
27018,272.879
27019,272.881
27020,272.942
27021,272.955
27022,273.022
27023,273.036
27024,273.102
27025,273.114
27026,273.116
27027,273.184
27028,273.198
27029,273.201
27030,273.261
27031,273.274
27032,273.341
27033,273.354
27034,273.356
27035,273.417
27036,273.429
27037,273.505
27038,273.524
27039,273.526
27040,273.613
27041,273.629
27042,273.711
27043,273.726
27044,273.728
27045,273.808
27046,273.824
27047,273.826
27048,273.903
27049,273.917
27050,273.998
27051,274.015
27052,274.017
27053,274.089
27054,274.101
27055,274.165
27056,274.177
27057,274.179
27058,274.241
27059,274.252
27060,274.316
27061,274.328
27062,274.330
27063,274.391
27064,274.402
27065,274.408
27066,274.418
27067,274.420
27068,274.425
27069,274.434
27070,274.516
27071,274.528
27072,274.586
27073,274.597
27074,274.599
27075,274.603
27076,274.613
27077,274.615
27078,274.675
27079,274.687
27080,274.689
27081,274.746
27082,274.756
27083,274.761
27084,274.771
27085,274.773
27086,274.830
27087,274.841
27088,274.903
27089,274.914
27090,274.916
27091,274.975
27092,274.986
27093,275.046
27094,275.057
27095,275.058
27096,275.117
27097,275.128
27098,275.187
27099,275.199
27100,275.200
27101,275.258
27102,275.269
27103,275.282
27104,275.284
27105,275.285
27106,275.287
27107,275.291
27108,275.300
27109,275.301
27110,275.311
27111,275.371
27112,275.383
27113,275.385
27114,275.387
27115,275.393
27116,275.395
27117,275.397
27118,275.461
27119,275.476
27120,275.555
27121,275.560
27122,275.642
27123,275.656
27124,275.658
27125,275.768
27126,275.775
27127,275.846
27128,275.854
27129,275.856
27130,275.861
27131,275.933
27132,275.944
27133,276.165
27134,276.171
27135,276.277
27136,276.384
27137,276.491
27138,276.552
27139,276.565
27140,276.620
27141,276.632
27142,276.692
27143,276.694
27144,276.696
27145,276.698
27146,276.703
27147,276.713
27148,276.718
27149,276.728
27150,276.733
27151,276.743
27152,276.807
27153,276.809
27154,276.811
27155,276.877
27156,276.888
27157,276.902
27158,276.914
27159,276.917
27160,276.929
27161,276.940
27162,277.002
27163,277.015
27164,277.076
27165,277.078
27166,277.080
27167,277.082
27168,277.084
27169,277.089
27170,277.099
27171,277.106
27172,277.108
27173,277.110
27174,277.111
27175,277.116
27176,277.126
27177,277.128
27178,277.139
27179,277.141
27180,277.143
27181,277.146
27182,277.158
27183,277.168
27184,277.175
27185,277.177
27186,277.178
27187,277.180
27188,277.181
27189,277.196
27190,277.203
27191,277.205
27192,277.279
27193,277.389
27194,277.477
27195,277.487
27196,277.489
27197,277.491
27198,277.493
27199,277.609
27200,277.707
27201,277.717
27202,277.793
27203,277.796
27204,277.798
27205,277.802
27206,277.810
27207,277.812
27208,277.813
27209,277.907
27210,277.916
27211,277.992
27212,278.003
27213,278.005
27214,278.007
27215,278.076
27216,278.078
27217,278.080
27218,278.146
27219,278.158
27220,278.160
27221,278.166
27222,278.178
27223,278.180
27224,278.185
27225,278.196
27226,278.202
27227,278.204
27228,278.206
27229,278.208
27230,278.209
27231,278.214
27232,278.225
27233,278.290
27234,278.302
27235,278.367
27236,278.379
27237,278.381
27238,278.387
27239,278.399
27240,278.410
27241,278.421
27242,278.483
27243,278.486
27244,278.488
27245,278.548
27246,278.552
27247,278.554
27248,278.566
27249,278.578
27250,278.638
27251,278.650
27252,278.709
27253,278.711
27254,278.713
27255,278.715
27256,278.728
27257,278.734
27258,278.737
27259,278.743
27260,278.745
27261,278.747
27262,278.757
27263,278.769
27264,278.772
27265,278.786
27266,278.788
27267,278.790
27268,278.791
27269,278.805
27270,278.811
27271,278.814
27272,278.815
27273,278.817
27274,278.818
27275,278.821
27276,278.827
27277,278.828
27278,278.830
27279,278.840
27280,278.852
27281,278.854
27282,278.869
27283,278.871
27284,278.873
27285,278.874
27286,278.876
27287,278.893
27288,278.904
27289,278.911
27290,278.922
27291,278.924
27292,278.936
27293,278.949
27294,278.951
27295,278.965
27296,278.966
27297,278.968
27298,278.969
27299,278.971
27300,278.976
27301,278.986
27302,278.991
27303,279.000
27304,279.013
27305,279.017
27306,279.029
27307,279.040
27308,279.056
27309,279.066
27310,279.071
27311,279.081
27312,279.082
27313,279.084
27314,279.086
27315,279.087
27316,279.089
27317,279.090
27318,279.092
27319,279.096
27320,279.106
27321,279.111
27322,279.120
27323,279.122
27324,279.123
27325,279.128
27326,279.138
27327,279.139
27328,279.141
27329,279.143
27330,279.144
27331,279.149
27332,279.160
27333,279.161
27334,279.163
27335,279.165
27336,279.167
27337,279.172
27338,279.182
27339,279.183
27340,279.195
27341,279.204
27342,279.210
27343,279.221
27344,279.228
27345,279.230
27346,279.232
27347,279.234
27348,279.239
27349,279.248
27350,279.266
27351,279.270
27352,279.272
27353,279.275
27354,279.277
27355,279.279
27356,279.281
27357,279.283
27358,279.290
27359,279.306
27360,279.308
27361,279.315
27362,279.331
27363,279.333
27364,279.340
27365,279.354
27366,279.360
27367,279.375
27368,279.393
27369,279.408
27370,279.432
27371,279.442
27372,279.444
27373,279.559
27374,279.643
27375,279.646
27376,279.648
27377,279.759
27378,279.885
27379,279.949
27380,280.020
27381,280.022
27382,280.024
27383,280.026
27384,280.027
27385,280.110
27386,280.117
27387,280.177
27388,280.185
27389,280.187
27390,280.188
27391,280.190
27392,280.269
27393,280.276
27394,280.339
27395,280.341
27396,280.343
27397,280.347
27398,280.354
27399,280.355
27400,280.357
27401,280.360
27402,280.362
27403,280.364
27404,280.365
27405,280.367
27406,280.370
27407,280.377
27408,280.379
27409,280.380
27410,280.384
27411,280.385
27412,280.387
27413,280.388
27414,280.390
27415,280.397
27416,280.409
27417,280.411
27418,280.495
27419,280.574
27420,280.588
27421,280.590
27422,280.596
27423,280.607
27424,280.609
27425,280.615
27426,280.627
27427,280.629
27428,280.631
27429,280.712
27430,280.726
27431,280.793
27432,280.869
27433,280.881
27434,280.882
27435,280.945
27436,280.956
27437,280.958
27438,280.966
27439,280.979
27440,280.982
27441,280.984
27442,280.988
27443,281.005
27444,281.007
27445,281.008
27446,281.010
27447,281.012
27448,281.013
27449,281.027
27450,281.029
27451,281.031
27452,281.033
27453,281.035
27454,281.039
27455,281.103
27456,281.105
27457,281.107
27458,281.109
27459,281.173
27460,281.175
27461,281.177
27462,281.179
27463,281.181
27464,281.182
27465,281.253
27466,281.321
27467,281.325
27468,281.387
27469,281.394
27470,281.480
27471,281.487
27472,281.572
27473,281.578
27474,281.656
27475,281.662
27476,281.664
27477,281.746
27478,281.751
27479,281.754
27480,281.838
27481,281.852
27482,281.877
27483,281.892
27484,281.894
27485,281.900
27486,281.913
27487,281.924
27488,281.943
27489,281.945
27490,281.947
27491,281.950
27492,281.960
27493,281.985
27494,282.000
27495,282.070
27496,282.148
27497,282.150
27498,282.152
27499,282.158
27500,282.170
27501,282.176
27502,282.200
27503,282.212
27504,282.226
27505,282.238
27506,282.252
27507,282.265
27508,282.274
27509,282.276
27510,282.278
27511,282.296
27512,282.310
27513,282.312
27514,282.315
27515,282.321
27516,282.340
27517,282.353
27518,282.360
27519,282.372
27520,282.379
27521,282.391
27522,282.392
27523,282.398
27524,282.411
27525,282.417
27526,282.428
27527,282.496
27528,282.581
27529,282.594
27530,282.596
27531,282.598
27532,282.717
27533,282.732
27534,282.734
27535,282.806
27536,282.808
27537,282.810
27538,282.812
27539,282.819
27540,282.821
27541,282.823
27542,282.825
27543,282.827
27544,282.829
27545,282.832
27546,282.839
27547,282.841
27548,282.843
27549,282.845
27550,282.847
27551,282.850
27552,282.852
27553,282.919
27554,282.927
27555,282.929
27556,282.931
27557,283.000
27558,283.129
27559,283.140
27560,283.209
27561,283.212
27562,283.215
27563,283.217
27564,283.222
27565,283.224
27566,283.226
27567,283.229
27568,283.231
27569,283.234
27570,283.238
27571,283.247
27572,283.251
27573,283.253
27574,283.256
27575,283.260
27576,283.268
27577,283.270
27578,283.275
27579,283.285
27580,283.288
27581,283.290
27582,283.292
27583,283.295
27584,283.388
27585,283.459
27586,283.462
27587,283.464
27588,283.467
27589,283.476
27590,283.486
27591,283.488
27592,283.511
27593,283.514
27594,283.516
27595,283.519
27596,283.525
27597,283.548
27598,283.551
27599,283.575
27600,283.578
27601,283.580
27602,283.583
27603,283.586
27604,283.601
27605,283.604
27606,283.607
27607,283.609
27608,283.622
27609,283.643
27610,283.670
27611,283.673
27612,283.676
27613,283.679
27614,283.693
27615,283.696
27616,283.698
27617,283.728
27618,283.748
27619,283.751
27620,283.754
27621,283.764
27622,283.790
27623,283.807
27624,283.818
27625,283.834
27626,283.847
27627,283.865
27628,283.868
27629,283.871
27630,283.879
27631,283.897
27632,283.905
27633,283.919
27634,284.012
27635,284.150
27636,284.167
27637,284.170
27638,284.243
27639,284.257
27640,284.259
27641,284.266
27642,284.267
27643,284.269
27644,284.271
27645,284.273
27646,284.275
27647,284.282
27648,284.294
27649,284.296
27650,284.302
27651,284.304
27652,284.306
27653,284.308
27654,284.310
27655,284.312
27656,284.316
27657,284.323
27658,284.325
27659,284.405
27660,284.536
27661,284.545
27662,284.613
27663,284.615
27664,284.617
27665,284.619
27666,284.623
27667,284.624
27668,284.626
27669,284.630
27670,284.631
27671,284.633
27672,284.635
27673,284.637
27674,284.639
27675,284.642
27676,284.649
27677,284.651
27678,284.655
27679,284.662
27680,284.664
27681,284.665
27682,284.669
27683,284.678
27684,284.680
27685,284.682
27686,284.684
27687,284.688
27688,284.695
27689,284.697
27690,284.783
27691,284.854
27692,284.925
27693,284.932
27694,284.934
27695,284.936
27696,284.937
27697,285.003
27698,285.005
27699,285.007
27700,285.009
27701,285.011
27702,285.012
27703,285.016
27704,285.023
27705,285.088
27706,285.158
27707,285.160
27708,285.162
27709,285.164
27710,285.172
27711,285.187
27712,285.189
27713,285.204
27714,285.206
27715,285.208
27716,285.210
27717,285.215
27718,285.228
27719,285.230
27720,285.246
27721,285.248
27722,285.250
27723,285.253
27724,285.255
27725,285.262
27726,285.274
27727,285.281
27728,285.292
27729,285.298
27730,285.309
27731,285.315
27732,285.316
27733,285.318
27734,285.320
27735,285.322
27736,285.336
27737,285.351
27738,285.353
27739,285.360
27740,285.372
27741,285.375
27742,285.388
27743,285.400
27744,285.407
27745,285.416
27746,285.428
27747,285.431
27748,285.435
27749,285.437
27750,285.440
27751,285.442
27752,285.444
27753,285.447
27754,285.574
27755,285.584
27756,285.689
27757,285.777
27758,285.779
27759,285.782
27760,285.795
27761,285.797
27762,285.800
27763,285.802
27764,285.805
27765,285.809
27766,285.822
27767,285.841
27768,285.863
27769,285.866
27770,285.868
27771,285.870
27772,285.877
27773,285.893
27774,285.971
27775,285.990
27776,286.077
27777,286.094
27778,286.113
27779,286.115
27780,286.116
27781,286.127
27782,286.139
27783,286.144
27784,286.155
27785,286.167
27786,286.169
27787,286.170
27788,286.172
27789,286.182
27790,286.193
27791,286.210
27792,286.221
27793,286.235
27794,286.237
27795,286.239
27796,286.241
27797,286.242
27798,286.255
27799,286.260
27800,286.264
27801,286.277
27802,286.291
27803,286.293
27804,286.296
27805,286.300
27806,286.301
27807,286.316
27808,286.317
27809,286.319
27810,286.327
27811,286.329
27812,286.331
27813,286.338
27814,286.340
27815,286.342
27816,286.350
27817,286.353
27818,286.355
27819,286.362
27820,286.364
27821,286.366
27822,286.367
27823,286.376
27824,286.390
27825,286.398
27826,286.400
27827,286.416
27828,286.423
27829,286.426
27830,286.432
27831,286.434
27832,286.436
27833,286.537
27834,286.544
27835,286.547
27836,286.615
27837,286.621
27838,286.623
27839,286.687
27840,286.691
27841,286.693
27842,286.756
27843,286.768
27844,286.776
27845,286.778
27846,286.779
27847,286.781
27848,286.782
27849,286.784
27850,286.792
27851,286.794
27852,286.796
27853,286.804
27854,286.805
27855,286.807
27856,286.813
27857,286.825
27858,286.833
27859,286.846
27860,286.848
27861,286.850
27862,286.854
27863,286.856
27864,286.871
27865,286.873
27866,286.875
27867,286.876
27868,286.887
27869,286.900
27870,286.909
27871,286.912
27872,286.928
27873,286.935
27874,286.939
27875,286.946
27876,286.948
27877,286.950
27878,286.953
27879,286.958
27880,286.960
27881,287.028
27882,287.035
27883,287.038
27884,287.040
27885,287.110
27886,287.117
27887,287.120
27888,287.187
27889,287.192
27890,287.194
27891,287.261
27892,287.275
27893,287.284
27894,287.286
27895,287.288
27896,287.290
27897,287.292
27898,287.358
27899,287.364
27900,287.366
27901,287.368
27902,287.431
27903,287.436
27904,287.438
27905,287.446
27906,287.450
27907,287.452
27908,287.454
27909,287.462
27910,287.467
27911,287.469
27912,287.477
27913,287.482
27914,287.484
27915,287.486
27916,287.488
27917,287.490
27918,287.550
27919,287.556
27920,287.558
27921,287.560
27922,287.646
27923,287.653
27924,287.662
27925,287.667
27926,287.669
27927,287.679
27928,287.683
27929,287.685
27930,287.687
27931,287.689
27932,287.691
27933,287.700
27934,287.705
27935,287.707
27936,287.716
27937,287.723
27938,287.725
27939,287.727
27940,287.729
27941,287.732
27942,287.734
27943,287.759
27944,287.761
27945,287.763
27946,287.781
27947,287.788
27948,287.794
27949,287.811
27950,287.827
27951,287.838
27952,287.858
27953,287.863
27954,287.866
27955,287.890
27956,287.909
27957,287.922
27958,287.925
27959,287.949
27960,287.964
27961,287.969
27962,287.976
27963,287.978
27964,287.980
27965,287.982
27966,287.986
27967,287.991
27968,287.992
27969,287.994
27970,287.997
27971,288.001
27972,288.003
27973,288.005
27974,288.010
27975,288.012
27976,288.015
27977,288.105
27978,288.111
27979,288.113
27980,288.115
27981,288.214
27982,288.222
27983,288.224
27984,288.291
27985,288.295
27986,288.297
27987,288.361
27988,288.365
27989,288.369
27990,288.374
27991,288.376
27992,288.377
27993,288.474
27994,288.481
27995,288.483
27996,288.541
27997,288.546
27998,288.548
27999,288.550
28000,288.551
28001,288.553
28002,288.555
28003,288.556
28004,288.558
28005,288.567
28006,288.572
28007,288.573
28008,288.575
28009,288.576
28010,288.578
28011,288.586
28012,288.590
28013,288.599
28014,288.610
28015,288.616
28016,288.619
28017,288.622
28018,288.625
28019,288.629
28020,288.632
28021,288.635
28022,288.637
28023,288.639
28024,288.643
28025,288.649
28026,288.660
28027,288.667
28028,288.679
28029,288.681
28030,288.683
28031,288.685
28032,288.689
28033,288.690
28034,288.692
28035,288.696
28036,288.698
28037,288.703
28038,288.715
28039,288.716
28040,288.718
28041,288.720
28042,288.722
28043,288.726
28044,288.727
28045,288.734
28046,288.745
28047,288.747
28048,288.749
28049,288.754
28050,288.765
28051,288.767
28052,288.829
28053,288.894
28054,288.906
28055,288.970
28056,288.983
28057,289.046
28058,289.048
28059,289.050
28060,289.052
28061,289.053
28062,289.055
28063,289.063
28064,289.064
28065,289.066
28066,289.079
28067,289.083
28068,289.087
28069,289.099
28070,289.111
28071,289.119
28072,289.121
28073,289.123
28074,289.125
28075,289.133
28076,289.147
28077,289.151
28078,289.153
28079,289.171
28080,289.184
28081,289.188
28082,289.190
28083,289.195
28084,289.197
28085,289.213
28086,289.226
28087,289.235
28088,289.238
28089,289.257
28090,289.269
28091,289.274
28092,289.280
28093,289.282
28094,289.284
28095,289.287
28096,289.291
28097,289.295
28098,289.297
28099,289.299
28100,289.302
28101,289.307
28102,289.309
28103,289.380
28104,289.388
28105,289.390
28106,289.392
28107,289.454
28108,289.458
28109,289.463
28110,289.468
28111,289.471
28112,289.473
28113,289.571
28114,289.577
28115,289.579
28116,289.647
28117,289.653
28118,289.655
28119,289.657
28120,289.660
28121,289.662
28122,289.664
28123,289.666
28124,289.668
28125,289.678
28126,289.686
28127,289.688
28128,289.690
28129,289.692
28130,289.702
28131,289.707
28132,289.717
28133,289.732
28134,289.743
28135,289.747
28136,289.752
28137,289.756
28138,289.761
28139,289.764
28140,289.769
28141,289.771
28142,289.775
28143,289.780
28144,289.789
28145,289.804
28146,289.812
28147,289.831
28148,289.833
28149,289.836
28150,289.838
28151,289.843
28152,289.844
28153,289.852
28154,289.867
28155,289.869
28156,289.871
28157,289.873
28158,289.875
28159,289.880
28160,289.882
28161,289.890
28162,289.904
28163,289.906
28164,289.908
28165,289.915
28166,289.931
28167,289.933
28168,289.950
28169,289.967
28170,290.045
28171,290.064
28172,290.148
28173,290.150
28174,290.152
28175,290.155
28176,290.156
28177,290.159
28178,290.163
28179,290.165
28180,290.167
28181,290.171
28182,290.189
28183,290.204
28184,290.205
28185,290.207
28186,290.209
28187,290.211
28188,290.213
28189,290.226
28190,290.230
28191,290.233
28192,290.250
28193,290.252
28194,290.254
28195,290.255
28196,290.257
28197,290.270
28198,290.272
28199,290.274
28200,290.276
28201,290.292
28202,290.305
28203,290.313
28204,290.315
28205,290.328
28206,290.334
28207,290.398
28208,290.402
28209,290.404
28210,290.405
28211,290.507
28212,290.514
28213,290.516
28214,290.576
28215,290.581
28216,290.583
28217,290.591
28218,290.595
28219,290.597
28220,290.599
28221,290.600
28222,290.602
28223,290.604
28224,290.605
28225,290.607
28226,290.611
28227,290.612
28228,290.614
28229,290.618
28230,290.620
28231,290.622
28232,290.623
28233,290.625
28234,290.626
28235,290.628
28236,290.629
28237,290.642
28238,290.658
28239,290.660
28240,290.671
28241,290.678
28242,290.691
28243,290.693
28244,290.696
28245,290.699
28246,290.713
28247,290.715
28248,290.717
28249,290.719
28250,290.724
28251,290.735
28252,290.741
28253,290.753
28254,290.755
28255,290.763
28256,290.765
28257,290.766
28258,290.768
28259,290.770
28260,290.775
28261,290.785
28262,290.798
28263,290.803
28264,290.812
28265,290.825
28266,290.829
28267,290.832
28268,290.836
28269,290.846
28270,290.859
28271,290.863
28272,290.877
28273,290.880
28274,290.882
28275,290.885
28276,290.901
28277,290.915
28278,290.918
28279,290.921
28280,290.927
28281,290.938
28282,290.942
28283,290.948
28284,290.957
28285,290.959
28286,290.961
28287,290.963
28288,290.969
28289,290.980
28290,290.984
28291,290.990
28292,291.000
28293,291.015
28294,291.024
28295,291.027
28296,291.043
28297,291.050
28298,291.054
28299,291.061
28300,291.063
28301,291.065
28302,291.164
28303,291.172
28304,291.175
28305,291.235
28306,291.242
28307,291.307
28308,291.312
28309,291.315
28310,291.317
28311,291.386
28312,291.389
28313,291.391
28314,291.394
28315,291.396
28316,291.398
28317,291.400
28318,291.402
28319,291.404
28320,291.406
28321,291.408
28322,291.410
28323,291.413
28324,291.415
28325,291.417
28326,291.419
28327,291.421
28328,291.423
28329,291.427
28330,291.429
28331,291.432
28332,291.436
28333,291.438
28334,291.451
28335,291.464
28336,291.473
28337,291.475
28338,291.477
28339,291.485
28340,291.498
28341,291.505
28342,291.507
28343,291.518
28344,291.525
28345,291.528
28346,291.530
28347,291.532
28348,291.534
28349,291.536
28350,291.538
28351,291.666
28352,291.675
28353,291.678
28354,291.757
28355,291.763
28356,291.765
28357,291.776
28358,291.782
28359,291.806
28360,291.821
28361,291.833
28362,291.854
28363,291.868
28364,291.871
28365,291.893
28366,291.900
28367,291.903
28368,291.906
28369,291.908
28370,291.910
28371,292.022
28372,292.031
28373,292.109
28374,292.114
28375,292.116
28376,292.125
28377,292.129
28378,292.148
28379,292.161
28380,292.177
28381,292.187
28382,292.192
28383,292.202
28384,292.216
28385,292.218
28386,292.219
28387,292.227
28388,292.239
28389,292.246
28390,292.248
28391,292.261
28392,292.267
28393,292.330
28394,292.335
28395,292.337
28396,292.339
28397,292.341
28398,292.439
28399,292.446
28400,292.505
28401,292.509
28402,292.511
28403,292.520
28404,292.521
28405,292.523
28406,292.524
28407,292.532
28408,292.536
28409,292.538
28410,292.539
28411,292.541
28412,292.542
28413,292.544
28414,292.545
28415,292.549
28416,292.551
28417,292.552
28418,292.556
28419,292.558
28420,292.559
28421,292.561
28422,292.562
28423,292.564
28424,292.566
28425,292.632
28426,292.638
28427,292.640
28428,292.642
28429,292.644
28430,292.645
28431,292.702
28432,292.713
28433,292.728
28434,292.739
28435,292.752
28436,292.753
28437,292.755
28438,292.770
28439,292.780
28440,292.792
28441,292.803
28442,292.808
28443,292.818
28444,292.824
28445,292.834
28446,292.840
28447,292.850
28448,292.853
28449,292.865
28450,292.868
28451,292.869
28452,292.885
28453,292.887
28454,292.888
28455,292.890
28456,292.891
28457,292.893
28458,292.909
28459,292.911
28460,292.912
28461,292.914
28462,292.916
28463,292.929
28464,292.931
28465,292.932
28466,292.934
28467,292.946
28468,292.954
28469,292.964
28470,292.967
28471,292.971
28472,292.972
28473,292.979
28474,292.990
28475,292.992
28476,293.087
28477,293.093
28478,293.153
28479,293.164
28480,293.166
28481,293.169
28482,293.176
28483,293.179
28484,293.184
28485,293.186
28486,293.187
28487,293.245
28488,293.251
28489,293.307
28490,293.312
28491,293.370
28492,293.375
28493,293.628
28494,293.636
28495,293.781
28496,293.932
28497,293.998
28498,294.010
28499,294.068
28500,294.089
28501,294.146
28502,294.215
28503,294.227
28504,294.229
28505,294.231
28506,294.239
28507,294.241
28508,294.242
28509,294.342
28510,294.413
28511,294.429
28512,294.439
28513,294.443
28514,294.451
28515,294.453
28516,294.455
28517,294.468
28518,294.488
28519,294.489
28520,294.491
28521,294.512
28522,294.523
28523,294.537
28524,294.549
28525,294.556
28526,294.559
28527,294.572
28528,294.577
28529,294.586
28530,294.592
28531,294.593
28532,294.700
28533,294.707
28534,294.709
28535,294.768
28536,294.772
28537,294.774
28538,294.787
28539,294.799
28540,294.805
28541,294.816
28542,294.833
28543,294.843
28544,294.845
28545,294.847
28546,294.851
28547,294.860
28548,294.873
28549,294.875
28550,294.878
28551,294.882
28552,294.884
28553,294.885
28554,294.895
28555,294.908
28556,294.911
28557,294.913
28558,294.928
28559,294.930
28560,294.931
28561,294.932
28562,294.934
28563,294.935
28564,294.937
28565,294.945
28566,294.947
28567,294.948
28568,294.950
28569,294.951
28570,294.964
28571,294.978
28572,294.987
28573,294.995
28574,295.007
28575,295.016
28576,295.018
28577,295.083
28578,295.089
28579,295.145
28580,295.157
28581,295.165
28582,295.167
28583,295.168
28584,295.170
28585,295.178
28586,295.180
28587,295.181
28588,295.183
28589,295.184
28590,295.186
28591,295.191
28592,295.201
28593,295.209
28594,295.219
28595,295.227
28596,295.231
28597,295.254
28598,295.262
28599,295.272
28600,295.279
28601,295.405
28602,295.413
28603,295.416
28604,295.491
28605,295.496
28606,295.498
28607,295.516
28608,295.532
28609,295.540
28610,295.556
28611,295.582
28612,295.596
28613,295.598
28614,295.600
28615,295.604
28616,295.616
28617,295.635
28618,295.649
28619,295.669
28620,295.673
28621,295.678
28622,295.706
28623,295.708
28624,295.710
28625,295.712
28626,295.722
28627,295.725
28628,295.727
28629,295.729
28630,295.731
28631,295.733
28632,295.742
28633,295.754
28634,295.760
28635,295.771
28636,295.774
28637,295.788
28638,295.791
28639,295.793
28640,295.809
28641,295.811
28642,295.813
28643,295.814
28644,295.831
28645,295.837
28646,295.839
28647,295.934
28648,296.000
28649,296.006
28650,296.008
28651,296.010
28652,296.012
28653,296.079
28654,296.085
28655,296.158
28656,296.165
28657,296.167
28658,296.265
28659,296.332
28660,296.338
28661,296.340
28662,296.342
28663,296.344
28664,296.411
28665,296.418
28666,296.522
28667,296.538
28668,296.541
28669,296.543
28670,296.545
28671,296.547
28672,296.550
28673,296.552
28674,296.554
28675,296.556
28676,296.559
28677,296.561
28678,296.564
28679,296.566
28680,296.568
28681,296.571
28682,296.645
28683,296.657
28684,296.661
28685,296.732
28686,296.744
28687,296.816
28688,296.828
28689,296.830
28690,296.900
28691,296.912
28692,296.986
28693,297.000
28694,297.002
28695,297.005
28696,297.078
28697,297.091
28698,297.162
28699,297.174
28700,297.244
28701,297.260
28702,297.263
28703,297.359
28704,297.376
28705,297.384
28706,297.402
28707,297.404
28708,297.499
28709,297.518
28710,297.605
28711,297.622
28712,297.625
28713,297.627
28714,297.713
28715,297.731
28716,297.825
28717,297.842
28718,297.912
28719,297.923
28720,297.993
28721,298.006
28722,298.074
28723,298.086
28724,298.155
28725,298.167
28726,298.235
28727,298.246
28728,298.321
28729,298.333
28730,298.401
28731,298.413
28732,298.502
28733,298.516
28734,298.582
28735,298.594
28736,298.663
28737,298.678
28738,298.747
28739,298.759
28740,298.829
28741,298.841
28742,298.914
28743,298.928
28744,298.930
28745,299.001
28746,299.014
28747,299.020
28748,299.032
28749,299.034
28750,299.104
28751,299.118
28752,299.186
28753,299.198
28754,299.200
28755,299.268
28756,299.280
28757,299.282
28758,299.362
28759,299.378
28760,299.476
28761,299.497
28762,299.500
28763,299.502
28764,299.592
28765,299.610
28766,299.697
28767,299.712
28768,299.826
28769,299.836
28770,299.929
28771,300.016
28772,300.023
28773,300.106
28774,300.194
28775,300.200
28776,300.282
28777,300.300
28778,300.302
28779,300.304
28780,300.306
28781,300.307
28782,300.325
28783,300.337
28784,300.352
28785,300.365
28786,300.368
28787,300.381
28788,300.393
28789,300.461
28790,300.474
28791,300.535
28792,300.546
28793,300.552
28794,300.564
28795,300.570
28796,300.580
28797,300.588
28798,300.591
28799,300.592
28800,300.598
28801,300.610
28802,300.612
28803,300.620
28804,300.635
28805,300.638
28806,300.640
28807,300.644
28808,300.646
28809,300.660
28810,300.662
28811,300.664
28812,300.666
28813,300.678
28814,300.684
28815,300.686
28816,300.703
28817,300.705
28818,300.707
28819,300.709
28820,300.711
28821,300.720
28822,300.733
28823,300.742
28824,300.745
28825,300.761
28826,300.768
28827,300.782
28828,300.796
28829,300.802
28830,300.814
28831,300.832
28832,300.843
28833,300.846
28834,300.860
28835,300.862
28836,300.864
28837,300.866
28838,300.872
28839,300.883
28840,300.900
28841,300.911
28842,300.913
28843,300.927
28844,300.940
28845,300.949
28846,300.952
28847,300.968
28848,300.974
28849,300.976
28850,300.978
28851,300.992
28852,301.005
28853,301.017
28854,301.021
28855,301.034
28856,301.056
28857,301.062
28858,301.083
28859,301.086
28860,301.089
28861,301.096
28862,301.113
28863,301.116
28864,301.126
28865,301.148
28866,301.154
28867,301.157
28868,301.162
28869,301.164
28870,301.184
28871,301.187
28872,301.189
28873,301.191
28874,301.210
28875,301.218
28876,301.220
28877,301.243
28878,301.246
28879,301.248
28880,301.250
28881,301.252
28882,301.263
28883,301.281
28884,301.294
28885,301.298
28886,301.321
28887,301.330
28888,301.349
28889,301.366
28890,301.374
28891,301.388
28892,301.412
28893,301.426
28894,301.429
28895,301.451
28896,301.454
28897,301.457
28898,301.459
28899,301.468
28900,301.485
28901,301.503
28902,301.514
28903,301.516
28904,301.531
28905,301.545
28906,301.554
28907,301.557
28908,301.573
28909,301.579
28910,301.582
28911,301.584
28912,301.598
28913,301.611
28914,301.626
28915,301.630
28916,301.640
28917,301.652
28918,301.656
28919,301.670
28920,301.672
28921,301.674
28922,301.679
28923,301.691
28924,301.693
28925,301.700
28926,301.713
28927,301.716
28928,301.718
28929,301.723
28930,301.725
28931,301.738
28932,301.740
28933,301.742
28934,301.743
28935,301.756
28936,301.761
28937,301.763
28938,301.780
28939,301.782
28940,301.784
28941,301.786
28942,301.788
28943,301.796
28944,301.798
28945,301.800
28946,301.801
28947,301.821
28948,301.832
28949,301.834
28950,301.847
28951,301.859
28952,301.862
28953,301.875
28954,301.878
28955,301.881
28956,301.896
28957,301.906
28958,301.924
28959,301.935
28960,301.937
28961,301.949
28962,301.961
28963,301.964
28964,301.967
28965,301.972
28966,301.974
28967,301.978
28968,301.982
28969,301.992
28970,302.004
28971,302.007
28972,302.019
28973,302.031
28974,302.036
28975,302.047
28976,302.052
28977,302.063
28978,302.070
28979,302.082
28980,302.084
28981,302.086
28982,302.093
28983,302.104
28984,302.122
28985,302.134
28986,302.147
28987,302.158
28988,302.176
28989,302.189
28990,302.203
28991,302.214
28992,302.231
28993,302.243
28994,302.249
28995,302.255
28996,302.257
28997,302.259
28998,302.261
28999,302.267
29000,302.272
29001,302.273
29002,302.275
29003,302.281
29004,302.287
29005,302.289
29006,302.295
29007,302.301
29008,302.303
29009,302.308
29010,302.314
29011,302.317
29012,302.319
29013,302.320
29014,302.322
29015,302.327
29016,302.331
29017,302.333
29018,302.337
29019,302.339
29020,302.343
29021,302.345
29022,302.349
29023,302.427
29024,302.433
29025,302.503
29026,302.508
29027,302.510
29028,302.512
29029,302.514
29030,302.520
29031,302.525
29032,302.527
29033,302.531
29034,302.533
29035,302.538
29036,302.540
29037,302.545
29038,302.551
29039,302.558
29040,302.560
29041,302.561
29042,302.563
29043,302.565
29044,302.570
29045,302.574
29046,302.576
29047,302.580
29048,302.582
29049,302.587
29050,302.589
29051,302.593
29052,302.595
29053,302.599
29054,302.604
29055,302.608
29056,302.609
29057,302.614
29058,302.678
29059,302.683
29060,302.771
29061,302.780
29062,302.783
29063,302.786
29064,302.789
29065,302.792
29066,302.798
29067,302.804
29068,302.903
29069,302.996
29070,303.005
29071,303.008
29072,303.010
29073,303.012
29074,303.101
29075,303.190
29076,303.291
29077,303.299
29078,303.302
29079,303.304
29080,303.306
29081,303.308
29082,303.379
29083,303.454
29084,303.529
29085,303.538
29086,303.540
29087,303.544
29088,303.551
29089,303.554
29090,303.561
29091,303.569
29092,303.576
29093,303.578
29094,303.586
29095,303.594
29096,303.599
29097,303.608
29098,303.611
29099,303.615
29100,303.622
29101,303.624
29102,303.626
29103,303.628
29104,303.630
29105,303.632
29106,303.636
29107,303.643
29108,303.646
29109,303.653
29110,303.655
29111,303.658
29112,303.665
29113,303.668
29114,303.672
29115,303.679
29116,303.682
29117,303.686
29118,303.694
29119,303.697
29120,303.700
29121,303.707
29122,303.793
29123,303.802
29124,303.806
29125,303.809
29126,303.884
29127,303.891
29128,303.898
29129,303.905
29130,303.912
29131,303.919
29132,303.921
29133,303.989
29134,304.063
29135,304.134
29136,304.142
29137,304.210
29138,304.287
29139,304.361
29140,304.369
29141,304.373
29142,304.380
29143,304.382
29144,304.384
29145,304.462
29146,304.470
29147,304.472
29148,304.536
29149,304.544
29150,304.547
29151,304.618
29152,304.626
29153,304.691
29154,304.700
29155,304.703
29156,304.711
29157,304.719
29158,304.722
29159,304.730
29160,304.739
29161,304.746
29162,304.749
29163,304.757
29164,304.764
29165,304.769
29166,304.777
29167,304.780
29168,304.790
29169,304.796
29170,304.798
29171,304.799
29172,304.801
29173,304.802
29174,304.804
29175,304.810
29176,304.817
29177,304.818
29178,304.821
29179,304.827
29180,304.828
29181,304.831
29182,304.838
29183,304.841
29184,304.845
29185,304.854
29186,304.857
29187,304.860
29188,304.870
29189,304.872
29190,304.876
29191,304.886
29192,304.992
29193,305.002
29194,305.006
29195,305.010
29196,305.111
29197,305.120
29198,305.123
29199,305.126
29200,305.130
29201,305.219
29202,305.227
29203,305.236
29204,305.245
29205,305.247
29206,305.249
29207,305.251
29208,305.332
29209,305.425
29210,305.505
29211,305.512
29212,305.515
29213,305.522
29214,305.524
29215,305.526
29216,305.529
29217,305.535
29218,305.605
29219,305.611
29220,305.613
29221,305.692
29222,305.698
29223,305.701
29224,305.780
29225,305.787
29226,305.890
29227,305.965
29228,305.972
29229,306.033
29230,306.039
29231,306.043
29232,306.049
29233,306.051
29234,306.053
29235,306.055
29236,306.058
29237,306.063
29238,306.065
29239,306.067
29240,306.069
29241,306.072
29242,306.078
29243,306.079
29244,306.081
29245,306.083
29246,306.089
29247,306.095
29248,306.160
29249,306.229
29250,306.299
29251,306.306
29252,306.309
29253,306.312
29254,306.318
29255,306.321
29256,306.327
29257,306.335
29258,306.342
29259,306.344
29260,306.351
29261,306.358
29262,306.362
29263,306.372
29264,306.374
29265,306.378
29266,306.385
29267,306.386
29268,306.388
29269,306.391
29270,306.397
29271,306.400
29272,306.406
29273,306.408
29274,306.417
29275,306.424
29276,306.431
29277,306.437
29278,306.443
29279,306.450
29280,306.451
29281,306.518
29282,306.587
29283,306.592
29284,306.599
29285,306.605
29286,306.611
29287,306.618
29288,306.620
29289,306.683
29290,306.751
29291,306.757
29292,306.765
29293,306.772
29294,306.780
29295,306.787
29296,306.790
29297,306.792
29298,306.794
29299,306.859
29300,306.927
29301,307.011
29302,307.020
29303,307.114
29304,307.206
29305,307.299
29306,307.307
29307,307.315
29308,307.324
29309,307.412
29310,307.421
29311,307.423
29312,307.510
29313,307.519
29314,307.616
29315,307.623
29316,307.626
29317,307.709
29318,307.717
29319,307.821
29320,307.889
29321,307.895
29322,307.899
29323,307.905
29324,307.907
29325,307.909
29326,307.911
29327,307.914
29328,307.920
29329,307.924
29330,307.929
29331,307.936
29332,307.942
29333,307.948
29334,307.956
29335,307.958
29336,307.961
29337,307.967
29338,307.970
29339,307.976
29340,307.984
29341,307.991
29342,307.993
29343,308.001
29344,308.007
29345,308.011
29346,308.018
29347,308.020
29348,308.024
29349,308.032
29350,308.033
29351,308.035
29352,308.037
29353,308.039
29354,308.041
29355,308.044
29356,308.050
29357,308.052
29358,308.055
29359,308.061
29360,308.064
29361,308.067
29362,308.073
29363,308.075
29364,308.078
29365,308.084
29366,308.086
29367,308.089
29368,308.095
29369,308.097
29370,308.100
29371,308.106
29372,308.114
29373,308.121
29374,308.127
29375,308.133
29376,308.134
29377,308.199
29378,308.276
29379,308.282
29380,308.290
29381,308.296
29382,308.305
29383,308.315
29384,308.317
29385,308.384
29386,308.454
29387,308.525
29388,308.532
29389,308.600
29390,308.670
29391,308.677
29392,308.684
29393,308.691
29394,308.762
29395,308.768
29396,308.770
29397,308.842
29398,308.849
29399,308.926
29400,308.934
29401,308.937
29402,309.015
29403,309.022
29404,309.130
29405,309.211
29406,309.221
29407,309.226
29408,309.235
29409,309.238
29410,309.240
29411,309.243
29412,309.246
29413,309.257
29414,309.261
29415,309.271
29416,309.281
29417,309.296
29418,309.298
29419,309.389
29420,309.397
29421,309.481
29422,309.492
29423,309.580
29424,309.591
29425,309.594
29426,309.603
29427,309.612
29428,309.615
29429,309.624
29430,309.636
29431,309.644
29432,309.647
29433,309.656
29434,309.665
29435,309.670
29436,309.679
29437,309.681
29438,309.695
29439,309.707
29440,309.709
29441,309.712
29442,309.714
29443,309.717
29444,309.719
29445,309.728
29446,309.739
29447,309.741
29448,309.745
29449,309.755
29450,309.757
29451,309.761
29452,309.768
29453,309.770
29454,309.773
29455,309.779
29456,309.781
29457,309.784
29458,309.791
29459,309.793
29460,309.796
29461,309.803
29462,309.888
29463,309.896
29464,309.898
29465,309.901
29466,309.972
29467,309.980
29468,309.982
29469,310.064
29470,310.073
29471,310.076
29472,310.150
29473,310.158
29474,310.166
29475,310.177
29476,310.245
29477,310.252
29478,310.318
29479,310.326
29480,310.394
29481,310.401
29482,310.404
29483,310.407
29484,310.413
29485,310.417
29486,310.424
29487,310.433
29488,310.440
29489,310.442
29490,310.450
29491,310.457
29492,310.462
29493,310.471
29494,310.473
29495,310.477
29496,310.484
29497,310.486
29498,310.487
29499,310.489
29500,310.491
29501,310.493
29502,310.496
29503,310.503
29504,310.504
29505,310.507
29506,310.514
29507,310.516
29508,310.519
29509,310.526
29510,310.528
29511,310.531
29512,310.537
29513,310.539
29514,310.542
29515,310.548
29516,310.551
29517,310.554
29518,310.560
29519,310.570
29520,310.577
29521,310.584
29522,310.591
29523,310.599
29524,310.607
29525,310.608
29526,310.610
29527,310.612
29528,310.619
29529,310.626
29530,310.628
29531,310.716
29532,310.790
29533,310.798
29534,310.806
29535,310.813
29536,310.821
29537,310.831
29538,310.834
29539,310.902
29540,310.976
29541,311.049
29542,311.056
29543,311.131
29544,311.139
29545,311.201
29546,311.208
29547,311.210
29548,311.212
29549,311.276
29550,311.356
29551,311.365
29552,311.376
29553,311.387
29554,311.389
29555,311.484
29556,311.494
29557,311.583
29558,311.592
29559,311.682
29560,311.695
29561,311.698
29562,311.708
29563,311.716
29564,311.720
29565,311.730
29566,311.741
29567,311.750
29568,311.752
29569,311.761
29570,311.770
29571,311.777
29572,311.786
29573,311.789
29574,311.802
29575,311.810
29576,311.812
29577,311.815
29578,311.817
29579,311.819
29580,311.821
29581,311.830
29582,311.838
29583,311.840
29584,311.844
29585,311.853
29586,311.855
29587,311.859
29588,311.870
29589,311.873
29590,311.878
29591,311.889
29592,311.893
29593,311.897
29594,311.908
29595,311.911
29596,311.915
29597,311.926
29598,312.017
29599,312.025
29600,312.027
29601,312.030
29602,312.105
29603,312.112
29604,312.114
29605,312.117
29606,312.124
29607,312.127
29608,312.135
29609,312.142
29610,312.151
29611,312.160
29612,312.228
29613,312.235
29614,312.303
29615,312.310
29616,312.380
29617,312.387
29618,312.390
29619,312.393
29620,312.400
29621,312.403
29622,312.411
29623,312.419
29624,312.426
29625,312.427
29626,312.435
29627,312.442
29628,312.447
29629,312.454
29630,312.457
29631,312.461
29632,312.468
29633,312.470
29634,312.472
29635,312.474
29636,312.476
29637,312.478
29638,312.481
29639,312.488
29640,312.490
29641,312.493
29642,312.500
29643,312.502
29644,312.505
29645,312.512
29646,312.514
29647,312.517
29648,312.524
29649,312.526
29650,312.530
29651,312.536
29652,312.539
29653,312.542
29654,312.549
29655,312.558
29656,312.565
29657,312.572
29658,312.579
29659,312.586
29660,312.593
29661,312.594
29662,312.596
29663,312.598
29664,312.604
29665,312.611
29666,312.612
29667,312.677
29668,312.745
29669,312.751
29670,312.758
29671,312.765
29672,312.772
29673,312.779
29674,312.781
29675,312.783
29676,312.784
29677,312.852
29678,312.922
29679,312.994
29680,313.000
29681,313.077
29682,313.084
29683,313.148
29684,313.156
29685,313.158
29686,313.160
29687,313.167
29688,313.173
29689,313.237
29690,313.307
29691,313.379
29692,313.387
29693,313.389
29694,313.393
29695,313.399
29696,313.402
29697,313.408
29698,313.416
29699,313.422
29700,313.424
29701,313.432
29702,313.439
29703,313.444
29704,313.452
29705,313.454
29706,313.458
29707,313.464
29708,313.466
29709,313.468
29710,313.471
29711,313.474
29712,313.479
29713,313.483
29714,313.491
29715,313.493
29716,313.497
29717,313.508
29718,313.511
29719,313.522
29720,313.532
29721,313.541
29722,313.550
29723,313.559
29724,313.569
29725,313.571
29726,313.574
29727,313.576
29728,313.666
29729,313.755
29730,313.848
29731,313.856
29732,313.956
29733,313.964
29734,314.051
29735,314.062
29736,314.065
29737,314.068
29738,314.076
29739,314.085
29740,314.156
29741,314.228
29742,314.297
29743,314.304
29744,314.314
29745,314.323
29746,314.326
29747,314.333
29748,314.339
29749,314.344
29750,314.351
29751,314.359
29752,314.366
29753,314.367
29754,314.375
29755,314.382
29756,314.386
29757,314.394
29758,314.396
29759,314.406
29760,314.413
29761,314.416
29762,314.418
29763,314.420
29764,314.422
29765,314.424
29766,314.426
29767,314.434
29768,314.442
29769,314.447
29770,314.454
29771,314.457
29772,314.460
29773,314.466
29774,314.468
29775,314.472
29776,314.478
29777,314.480
29778,314.484
29779,314.490
29780,314.491
29781,314.500
29782,314.508
29783,314.515
29784,314.521
29785,314.523
29786,314.589
29787,314.659
29788,314.665
29789,314.672
29790,314.679
29791,314.792
29792,314.812
29793,314.815
29794,314.817
29795,314.820
29796,314.822
29797,314.824
29798,314.826
29799,314.829
29800,314.831
29801,314.833
29802,314.836
29803,314.839
29804,314.841
29805,314.844
29806,314.846
29807,314.848
29808,314.923
29809,314.939
29810,314.945
29811,314.951
29812,314.963
29813,314.965
29814,314.968
29815,314.974
29816,314.980
29817,314.987
29818,314.992
29819,314.999
29820,315.012
29821,315.014
29822,315.016
29823,315.019
29824,315.025
29825,315.027
29826,315.033
29827,315.040
29828,315.052
29829,315.054
29830,315.056
29831,315.062
29832,315.068
29833,315.074
29834,315.078
29835,315.084
29836,315.097
29837,315.099
29838,315.101
29839,315.104
29840,315.111
29841,315.117
29842,315.129
29843,315.132
29844,315.134
29845,315.138
29846,315.145
29847,315.147
29848,315.152
29849,315.159
29850,315.172
29851,315.174
29852,315.177
29853,315.184
29854,315.191
29855,315.198
29856,315.203
29857,315.210
29858,315.223
29859,315.226
29860,315.228
29861,315.232
29862,315.239
29863,315.242
29864,315.246
29865,315.253
29866,315.267
29867,315.270
29868,315.273
29869,315.277
29870,315.284
29871,315.288
29872,315.296
29873,315.304
29874,315.320
29875,315.323
29876,315.325
29877,315.329
29878,315.336
29879,315.340
29880,315.349
29881,315.355
29882,315.368
29883,315.371
29884,315.374
29885,315.377
29886,315.384
29887,315.387
29888,315.392
29889,315.400
29890,315.415
29891,315.417
29892,315.421
29893,315.425
29894,315.431
29895,315.438
29896,315.451
29897,315.454
29898,315.456
29899,315.465
29900,315.472
29901,315.479
29902,315.485
29903,315.492
29904,315.506
29905,315.508
29906,315.511
29907,315.519
29908,315.526
29909,315.533
29910,315.538
29911,315.546
29912,315.559
29913,315.562
29914,315.564
29915,315.568
29916,315.575
29917,315.577
29918,315.582
29919,315.589
29920,315.602
29921,315.604
29922,315.607
29923,315.610
29924,315.617
29925,315.624
29926,315.638
29927,315.641
29928,315.646
29929,315.653
29930,315.668
29931,315.674
29932,315.689
29933,315.760
29934,315.777
29935,315.781
29936,315.783
29937,315.878
29938,315.881
29939,315.884
29940,315.886
29941,315.903
29942,315.906
29943,315.909
29944,315.911
29945,315.913
29946,315.916
29947,316.013
29948,316.039
29949,316.132
29950,316.142
29951,316.161
29952,316.181
29953,316.192
29954,316.212
29955,316.216
29956,316.224
29957,316.238
29958,316.255
29959,316.273
29960,316.289
29961,316.303
29962,316.309
29963,316.312
29964,316.345
29965,316.357
