boot,corpus,metric,point,sha,run,ms,rc,peak_kb
1787475254,tiny,gen,p00,4600b24c6d95a25ff081ad37b63b2a01c29d43a5,1,91,0,0
1787475254,tiny,gen,p01,3baeb0b5adc6b21be4b86e79346192bfbcc6e043,1,87,0,0
1787475254,tiny,gen,p02,aeffba0a4fb46ce3cb7ecf7ae04dcb3c50167779,1,87,0,0
1787475254,tiny,gen,p03,ed084329d6eef03d287aad4da3c13c2568515c5e,1,86,0,0
1787475254,tiny,gen,p04,64f03fce29369b2878614fb136c38ae2fac4265c,1,91,0,0
1787475254,tiny,gen,p05,755f909ff5c263c3f49e9a6c04ad827c1c3874ba,1,86,0,0
1787475254,tiny,gen,p06,52b0b62f7d829d39a41a275a01c6a2d579318400,1,86,0,0
1787475254,tiny,gen,p07,c9424396bc7c2f40686e576ac99b23c77687cfee,1,89,0,0
1787475254,tiny,gen,p08,502b1a9e8bc83755f8c566574e4c8c6d976b92ca,1,89,0,0
1787475254,tiny,gen,p09,5f33dd3c2a7a2621d052210ccbf645ac6944016c,1,89,0,0
1787475254,tiny,gen,p10,45c62cccf3dbf862c4c25a513b9685fdb3d4a82e,1,89,0,0
1787475254,tiny,gen,p11,406e50d90eb704f98322f2a2ab6de211d988c676,1,89,0,0
1787475254,tiny,gen,p12,26e4ff38647c6336f69f1df0772b495105d76abd,1,86,0,0
1787475254,tiny,gen,p13,8b61c59b4c743657e1bd91c0e125957b319cd883,1,89,0,0
1787475254,tiny,gen,p14,48fcd12614e2f22820dc3eabc8bfe4f3407763af,1,86,0,0
1787475254,tiny,gen,p15,4c9bca9e34d78ef186f4d184b32da3fcba19fae0,1,85,0,0
1787475254,tiny,gen,p16,7c9ae2029e18909a97773cd7693f2e4b48a8d0eb,1,86,0,0
1787475254,tiny,gen,p17,067bdbc08d585077e2a1f0907ee0a1e84a90e795,1,91,0,0
1787475254,tiny,gen,p00,4600b24c6d95a25ff081ad37b63b2a01c29d43a5,2,85,0,0
1787475254,tiny,gen,p01,3baeb0b5adc6b21be4b86e79346192bfbcc6e043,2,87,0,0
1787475254,tiny,gen,p02,aeffba0a4fb46ce3cb7ecf7ae04dcb3c50167779,2,94,0,0
1787475254,tiny,gen,p03,ed084329d6eef03d287aad4da3c13c2568515c5e,2,89,0,0
1787475254,tiny,gen,p04,64f03fce29369b2878614fb136c38ae2fac4265c,2,86,0,0
1787475254,tiny,gen,p05,755f909ff5c263c3f49e9a6c04ad827c1c3874ba,2,89,0,0
1787475254,tiny,gen,p06,52b0b62f7d829d39a41a275a01c6a2d579318400,2,85,0,0
1787475254,tiny,gen,p07,c9424396bc7c2f40686e576ac99b23c77687cfee,2,87,0,0
1787475254,tiny,gen,p08,502b1a9e8bc83755f8c566574e4c8c6d976b92ca,2,88,0,0
1787475254,tiny,gen,p09,5f33dd3c2a7a2621d052210ccbf645ac6944016c,2,145,0,0
1787475254,tiny,gen,p10,45c62cccf3dbf862c4c25a513b9685fdb3d4a82e,2,85,0,0
1787475254,tiny,gen,p11,406e50d90eb704f98322f2a2ab6de211d988c676,2,84,0,0
1787475254,tiny,gen,p12,26e4ff38647c6336f69f1df0772b495105d76abd,2,87,0,0
1787475254,tiny,gen,p13,8b61c59b4c743657e1bd91c0e125957b319cd883,2,85,0,0
1787475254,tiny,gen,p14,48fcd12614e2f22820dc3eabc8bfe4f3407763af,2,88,0,0
1787475254,tiny,gen,p15,4c9bca9e34d78ef186f4d184b32da3fcba19fae0,2,83,0,0
1787475254,tiny,gen,p16,7c9ae2029e18909a97773cd7693f2e4b48a8d0eb,2,84,0,0
1787475254,tiny,gen,p17,067bdbc08d585077e2a1f0907ee0a1e84a90e795,2,84,0,0
1787475254,tiny,gen,p00,4600b24c6d95a25ff081ad37b63b2a01c29d43a5,3,88,0,0
1787475254,tiny,gen,p01,3baeb0b5adc6b21be4b86e79346192bfbcc6e043,3,123,0,0
1787475254,tiny,gen,p02,aeffba0a4fb46ce3cb7ecf7ae04dcb3c50167779,3,83,0,0
1787475254,tiny,gen,p03,ed084329d6eef03d287aad4da3c13c2568515c5e,3,84,0,0
1787475254,tiny,gen,p04,64f03fce29369b2878614fb136c38ae2fac4265c,3,85,0,0
1787475254,tiny,gen,p05,755f909ff5c263c3f49e9a6c04ad827c1c3874ba,3,84,0,0
1787475254,tiny,gen,p06,52b0b62f7d829d39a41a275a01c6a2d579318400,3,83,0,0
1787475254,tiny,gen,p07,c9424396bc7c2f40686e576ac99b23c77687cfee,3,84,0,0
1787475254,tiny,gen,p08,502b1a9e8bc83755f8c566574e4c8c6d976b92ca,3,83,0,0
1787475254,tiny,gen,p09,5f33dd3c2a7a2621d052210ccbf645ac6944016c,3,85,0,0
1787475254,tiny,gen,p10,45c62cccf3dbf862c4c25a513b9685fdb3d4a82e,3,84,0,0
1787475254,tiny,gen,p11,406e50d90eb704f98322f2a2ab6de211d988c676,3,82,0,0
1787475254,tiny,gen,p12,26e4ff38647c6336f69f1df0772b495105d76abd,3,121,0,0
1787475254,tiny,gen,p13,8b61c59b4c743657e1bd91c0e125957b319cd883,3,83,0,0
1787475254,tiny,gen,p14,48fcd12614e2f22820dc3eabc8bfe4f3407763af,3,83,0,0
1787475254,tiny,gen,p15,4c9bca9e34d78ef186f4d184b32da3fcba19fae0,3,87,0,0
1787475254,tiny,gen,p16,7c9ae2029e18909a97773cd7693f2e4b48a8d0eb,3,85,0,0
1787475254,tiny,gen,p17,067bdbc08d585077e2a1f0907ee0a1e84a90e795,3,84,0,0
1787475254,tiny,gen,p00,4600b24c6d95a25ff081ad37b63b2a01c29d43a5,4,87,0,0
1787475254,tiny,gen,p01,3baeb0b5adc6b21be4b86e79346192bfbcc6e043,4,85,0,0
1787475254,tiny,gen,p02,aeffba0a4fb46ce3cb7ecf7ae04dcb3c50167779,4,85,0,0
1787475254,tiny,gen,p03,ed084329d6eef03d287aad4da3c13c2568515c5e,4,85,0,0
1787475254,tiny,gen,p04,64f03fce29369b2878614fb136c38ae2fac4265c,4,85,0,0
1787475254,tiny,gen,p05,755f909ff5c263c3f49e9a6c04ad827c1c3874ba,4,97,0,0
1787475254,tiny,gen,p06,52b0b62f7d829d39a41a275a01c6a2d579318400,4,85,0,0
1787475254,tiny,gen,p07,c9424396bc7c2f40686e576ac99b23c77687cfee,4,85,0,0
1787475254,tiny,gen,p08,502b1a9e8bc83755f8c566574e4c8c6d976b92ca,4,84,0,0
1787475254,tiny,gen,p09,5f33dd3c2a7a2621d052210ccbf645ac6944016c,4,84,0,0
1787475254,tiny,gen,p10,45c62cccf3dbf862c4c25a513b9685fdb3d4a82e,4,85,0,0
1787475254,tiny,gen,p11,406e50d90eb704f98322f2a2ab6de211d988c676,4,84,0,0
1787475254,tiny,gen,p12,26e4ff38647c6336f69f1df0772b495105d76abd,4,85,0,0
1787475254,tiny,gen,p13,8b61c59b4c743657e1bd91c0e125957b319cd883,4,88,0,0
1787475254,tiny,gen,p14,48fcd12614e2f22820dc3eabc8bfe4f3407763af,4,92,0,0
1787475254,tiny,gen,p15,4c9bca9e34d78ef186f4d184b32da3fcba19fae0,4,88,0,0
1787475254,tiny,gen,p16,7c9ae2029e18909a97773cd7693f2e4b48a8d0eb,4,84,0,0
1787475254,tiny,gen,p17,067bdbc08d585077e2a1f0907ee0a1e84a90e795,4,83,0,0
1787475254,tiny,gen,p00,4600b24c6d95a25ff081ad37b63b2a01c29d43a5,5,85,0,0
1787475254,tiny,gen,p01,3baeb0b5adc6b21be4b86e79346192bfbcc6e043,5,85,0,0
1787475254,tiny,gen,p02,aeffba0a4fb46ce3cb7ecf7ae04dcb3c50167779,5,85,0,0
1787475254,tiny,gen,p03,ed084329d6eef03d287aad4da3c13c2568515c5e,5,84,0,0
1787475254,tiny,gen,p04,64f03fce29369b2878614fb136c38ae2fac4265c,5,84,0,0
1787475254,tiny,gen,p05,755f909ff5c263c3f49e9a6c04ad827c1c3874ba,5,85,0,0
1787475254,tiny,gen,p06,52b0b62f7d829d39a41a275a01c6a2d579318400,5,86,0,0
1787475254,tiny,gen,p07,c9424396bc7c2f40686e576ac99b23c77687cfee,5,86,0,0
1787475254,tiny,gen,p08,502b1a9e8bc83755f8c566574e4c8c6d976b92ca,5,87,0,0
1787475254,tiny,gen,p09,5f33dd3c2a7a2621d052210ccbf645ac6944016c,5,126,0,0
1787475254,tiny,gen,p10,45c62cccf3dbf862c4c25a513b9685fdb3d4a82e,5,85,0,0
1787475254,tiny,gen,p11,406e50d90eb704f98322f2a2ab6de211d988c676,5,86,0,0
1787475254,tiny,gen,p12,26e4ff38647c6336f69f1df0772b495105d76abd,5,85,0,0
1787475254,tiny,gen,p13,8b61c59b4c743657e1bd91c0e125957b319cd883,5,84,0,0
1787475254,tiny,gen,p14,48fcd12614e2f22820dc3eabc8bfe4f3407763af,5,88,0,0
1787475254,tiny,gen,p15,4c9bca9e34d78ef186f4d184b32da3fcba19fae0,5,84,0,0
1787475254,tiny,gen,p16,7c9ae2029e18909a97773cd7693f2e4b48a8d0eb,5,83,0,0
1787475254,tiny,gen,p17,067bdbc08d585077e2a1f0907ee0a1e84a90e795,5,82,0,0
1787475254,tiny,gen,p00,4600b24c6d95a25ff081ad37b63b2a01c29d43a5,6,83,0,0
1787475254,tiny,gen,p01,3baeb0b5adc6b21be4b86e79346192bfbcc6e043,6,85,0,0
1787475254,tiny,gen,p02,aeffba0a4fb46ce3cb7ecf7ae04dcb3c50167779,6,91,0,0
1787475254,tiny,gen,p03,ed084329d6eef03d287aad4da3c13c2568515c5e,6,84,0,0
1787475254,tiny,gen,p04,64f03fce29369b2878614fb136c38ae2fac4265c,6,82,0,0
1787475254,tiny,gen,p05,755f909ff5c263c3f49e9a6c04ad827c1c3874ba,6,84,0,0
1787475254,tiny,gen,p06,52b0b62f7d829d39a41a275a01c6a2d579318400,6,84,0,0
1787475254,tiny,gen,p07,c9424396bc7c2f40686e576ac99b23c77687cfee,6,83,0,0
1787475254,tiny,gen,p08,502b1a9e8bc83755f8c566574e4c8c6d976b92ca,6,83,0,0
1787475254,tiny,gen,p09,5f33dd3c2a7a2621d052210ccbf645ac6944016c,6,82,0,0
1787475254,tiny,gen,p10,45c62cccf3dbf862c4c25a513b9685fdb3d4a82e,6,82,0,0
1787475254,tiny,gen,p11,406e50d90eb704f98322f2a2ab6de211d988c676,6,83,0,0
1787475254,tiny,gen,p12,26e4ff38647c6336f69f1df0772b495105d76abd,6,84,0,0
1787475254,tiny,gen,p13,8b61c59b4c743657e1bd91c0e125957b319cd883,6,85,0,0
1787475254,tiny,gen,p14,48fcd12614e2f22820dc3eabc8bfe4f3407763af,6,84,0,0
1787475254,tiny,gen,p15,4c9bca9e34d78ef186f4d184b32da3fcba19fae0,6,83,0,0
1787475254,tiny,gen,p16,7c9ae2029e18909a97773cd7693f2e4b48a8d0eb,6,83,0,0
1787475254,tiny,gen,p17,067bdbc08d585077e2a1f0907ee0a1e84a90e795,6,86,0,0
1787475254,tiny,gen,p00,4600b24c6d95a25ff081ad37b63b2a01c29d43a5,7,84,0,0
1787475254,tiny,gen,p01,3baeb0b5adc6b21be4b86e79346192bfbcc6e043,7,87,0,0
1787475254,tiny,gen,p02,aeffba0a4fb46ce3cb7ecf7ae04dcb3c50167779,7,92,0,0
1787475254,tiny,gen,p03,ed084329d6eef03d287aad4da3c13c2568515c5e,7,86,0,0
1787475254,tiny,gen,p04,64f03fce29369b2878614fb136c38ae2fac4265c,7,87,0,0
1787475254,tiny,gen,p05,755f909ff5c263c3f49e9a6c04ad827c1c3874ba,7,85,0,0
1787475254,tiny,gen,p06,52b0b62f7d829d39a41a275a01c6a2d579318400,7,85,0,0
1787475254,tiny,gen,p07,c9424396bc7c2f40686e576ac99b23c77687cfee,7,86,0,0
1787475254,tiny,gen,p08,502b1a9e8bc83755f8c566574e4c8c6d976b92ca,7,84,0,0
1787475254,tiny,gen,p09,5f33dd3c2a7a2621d052210ccbf645ac6944016c,7,84,0,0
1787475254,tiny,gen,p10,45c62cccf3dbf862c4c25a513b9685fdb3d4a82e,7,84,0,0
1787475254,tiny,gen,p11,406e50d90eb704f98322f2a2ab6de211d988c676,7,85,0,0
1787475254,tiny,gen,p12,26e4ff38647c6336f69f1df0772b495105d76abd,7,83,0,0
1787475254,tiny,gen,p13,8b61c59b4c743657e1bd91c0e125957b319cd883,7,85,0,0
1787475254,tiny,gen,p14,48fcd12614e2f22820dc3eabc8bfe4f3407763af,7,85,0,0
1787475254,tiny,gen,p15,4c9bca9e34d78ef186f4d184b32da3fcba19fae0,7,85,0,0
1787475254,tiny,gen,p16,7c9ae2029e18909a97773cd7693f2e4b48a8d0eb,7,85,0,0
1787475254,tiny,gen,p17,067bdbc08d585077e2a1f0907ee0a1e84a90e795,7,87,0,0
1787475254,tiny,prep,p00,4600b24c6d95a25ff081ad37b63b2a01c29d43a5,1,271,0,47580
1787475254,tiny,prep,p01,3baeb0b5adc6b21be4b86e79346192bfbcc6e043,1,265,0,47420
1787475254,tiny,prep,p02,aeffba0a4fb46ce3cb7ecf7ae04dcb3c50167779,1,264,0,47372
1787475254,tiny,prep,p03,ed084329d6eef03d287aad4da3c13c2568515c5e,1,264,0,47796
1787475254,tiny,prep,p04,64f03fce29369b2878614fb136c38ae2fac4265c,1,261,0,47436
1787475254,tiny,prep,p05,755f909ff5c263c3f49e9a6c04ad827c1c3874ba,1,260,0,47668
1787475254,tiny,prep,p06,52b0b62f7d829d39a41a275a01c6a2d579318400,1,275,0,47660
1787475254,tiny,prep,p07,c9424396bc7c2f40686e576ac99b23c77687cfee,1,275,0,47784
1787475254,tiny,prep,p08,502b1a9e8bc83755f8c566574e4c8c6d976b92ca,1,261,0,47296
1787475254,tiny,prep,p09,5f33dd3c2a7a2621d052210ccbf645ac6944016c,1,289,0,48280
1787475254,tiny,prep,p10,45c62cccf3dbf862c4c25a513b9685fdb3d4a82e,1,263,0,47504
1787475254,tiny,prep,p11,406e50d90eb704f98322f2a2ab6de211d988c676,1,262,0,47632
1787475254,tiny,prep,p12,26e4ff38647c6336f69f1df0772b495105d76abd,1,264,0,47584
1787475254,tiny,prep,p13,8b61c59b4c743657e1bd91c0e125957b319cd883,1,263,0,47532
1787475254,tiny,prep,p14,48fcd12614e2f22820dc3eabc8bfe4f3407763af,1,270,0,47216
1787475254,tiny,prep,p15,4c9bca9e34d78ef186f4d184b32da3fcba19fae0,1,269,0,47408
1787475254,tiny,prep,p16,7c9ae2029e18909a97773cd7693f2e4b48a8d0eb,1,260,0,47408
1787475254,tiny,prep,p17,067bdbc08d585077e2a1f0907ee0a1e84a90e795,1,266,0,47676
1787475254,tiny,prep,p00,4600b24c6d95a25ff081ad37b63b2a01c29d43a5,2,282,0,47788
1787475254,tiny,prep,p01,3baeb0b5adc6b21be4b86e79346192bfbcc6e043,2,276,0,47312
1787475254,tiny,prep,p02,aeffba0a4fb46ce3cb7ecf7ae04dcb3c50167779,2,279,0,47412
1787475254,tiny,prep,p03,ed084329d6eef03d287aad4da3c13c2568515c5e,2,277,0,47508
1787475254,tiny,prep,p04,64f03fce29369b2878614fb136c38ae2fac4265c,2,270,0,47580
1787475254,tiny,prep,p05,755f909ff5c263c3f49e9a6c04ad827c1c3874ba,2,262,0,47564
1787475254,tiny,prep,p06,52b0b62f7d829d39a41a275a01c6a2d579318400,2,272,0,47552
1787475254,tiny,prep,p07,c9424396bc7c2f40686e576ac99b23c77687cfee,2,261,0,47576
1787475254,tiny,prep,p08,502b1a9e8bc83755f8c566574e4c8c6d976b92ca,2,259,0,47680
1787475254,tiny,prep,p09,5f33dd3c2a7a2621d052210ccbf645ac6944016c,2,260,0,47180
1787475254,tiny,prep,p10,45c62cccf3dbf862c4c25a513b9685fdb3d4a82e,2,258,0,47448
1787475254,tiny,prep,p11,406e50d90eb704f98322f2a2ab6de211d988c676,2,267,0,47360
1787475254,tiny,prep,p12,26e4ff38647c6336f69f1df0772b495105d76abd,2,263,0,47540
1787475254,tiny,prep,p13,8b61c59b4c743657e1bd91c0e125957b319cd883,2,265,0,47408
1787475254,tiny,prep,p14,48fcd12614e2f22820dc3eabc8bfe4f3407763af,2,281,0,47492
1787475254,tiny,prep,p15,4c9bca9e34d78ef186f4d184b32da3fcba19fae0,2,270,0,47320
1787475254,tiny,prep,p16,7c9ae2029e18909a97773cd7693f2e4b48a8d0eb,2,271,0,47680
1787475254,tiny,prep,p17,067bdbc08d585077e2a1f0907ee0a1e84a90e795,2,270,0,47548
1787475254,tiny,prep,p00,4600b24c6d95a25ff081ad37b63b2a01c29d43a5,3,270,0,47308
1787475254,tiny,prep,p01,3baeb0b5adc6b21be4b86e79346192bfbcc6e043,3,267,0,47568
1787475254,tiny,prep,p02,aeffba0a4fb46ce3cb7ecf7ae04dcb3c50167779,3,276,0,47508
1787475254,tiny,prep,p03,ed084329d6eef03d287aad4da3c13c2568515c5e,3,272,0,47412
1787475254,tiny,prep,p04,64f03fce29369b2878614fb136c38ae2fac4265c,3,299,0,47636
1787475254,tiny,prep,p05,755f909ff5c263c3f49e9a6c04ad827c1c3874ba,3,287,0,47728
1787475254,tiny,prep,p06,52b0b62f7d829d39a41a275a01c6a2d579318400,3,272,0,47680
1787475254,tiny,prep,p07,c9424396bc7c2f40686e576ac99b23c77687cfee,3,275,0,47380
1787475254,tiny,prep,p08,502b1a9e8bc83755f8c566574e4c8c6d976b92ca,3,275,0,47548
1787475254,tiny,prep,p09,5f33dd3c2a7a2621d052210ccbf645ac6944016c,3,270,0,47268
1787475254,tiny,prep,p10,45c62cccf3dbf862c4c25a513b9685fdb3d4a82e,3,281,0,47420
1787475254,tiny,prep,p11,406e50d90eb704f98322f2a2ab6de211d988c676,3,281,0,47460
1787475254,tiny,prep,p12,26e4ff38647c6336f69f1df0772b495105d76abd,3,281,0,48140
1787475254,tiny,prep,p13,8b61c59b4c743657e1bd91c0e125957b319cd883,3,273,0,47616
1787475254,tiny,prep,p14,48fcd12614e2f22820dc3eabc8bfe4f3407763af,3,277,0,47668
1787475254,tiny,prep,p15,4c9bca9e34d78ef186f4d184b32da3fcba19fae0,3,292,0,47664
1787475254,tiny,prep,p16,7c9ae2029e18909a97773cd7693f2e4b48a8d0eb,3,279,0,47448
1787475254,tiny,prep,p17,067bdbc08d585077e2a1f0907ee0a1e84a90e795,3,295,0,47512
1787475254,tiny,prep,p00,4600b24c6d95a25ff081ad37b63b2a01c29d43a5,4,298,0,47480
1787475254,tiny,prep,p01,3baeb0b5adc6b21be4b86e79346192bfbcc6e043,4,281,0,47504
1787475254,tiny,prep,p02,aeffba0a4fb46ce3cb7ecf7ae04dcb3c50167779,4,275,0,47560
1787475254,tiny,prep,p03,ed084329d6eef03d287aad4da3c13c2568515c5e,4,279,0,47488
1787475254,tiny,prep,p04,64f03fce29369b2878614fb136c38ae2fac4265c,4,283,0,47552
1787475254,tiny,prep,p05,755f909ff5c263c3f49e9a6c04ad827c1c3874ba,4,272,0,47484
1787475254,tiny,prep,p06,52b0b62f7d829d39a41a275a01c6a2d579318400,4,304,0,48104
1787475254,tiny,prep,p07,c9424396bc7c2f40686e576ac99b23c77687cfee,4,299,0,47552
1787475254,tiny,prep,p08,502b1a9e8bc83755f8c566574e4c8c6d976b92ca,4,282,0,47508
1787475254,tiny,prep,p09,5f33dd3c2a7a2621d052210ccbf645ac6944016c,4,275,0,47576
1787475254,tiny,prep,p10,45c62cccf3dbf862c4c25a513b9685fdb3d4a82e,4,277,0,47260
1787475254,tiny,prep,p11,406e50d90eb704f98322f2a2ab6de211d988c676,4,268,0,47696
1787475254,tiny,prep,p12,26e4ff38647c6336f69f1df0772b495105d76abd,4,284,0,47336
1787475254,tiny,prep,p13,8b61c59b4c743657e1bd91c0e125957b319cd883,4,278,0,47420
1787475254,tiny,prep,p14,48fcd12614e2f22820dc3eabc8bfe4f3407763af,4,286,0,48016
1787475254,tiny,prep,p15,4c9bca9e34d78ef186f4d184b32da3fcba19fae0,4,270,0,47680
1787475254,tiny,prep,p16,7c9ae2029e18909a97773cd7693f2e4b48a8d0eb,4,262,0,47484
1787475254,tiny,prep,p17,067bdbc08d585077e2a1f0907ee0a1e84a90e795,4,267,0,47576
1787475254,tiny,prep,p00,4600b24c6d95a25ff081ad37b63b2a01c29d43a5,5,275,0,47548
1787475254,tiny,prep,p01,3baeb0b5adc6b21be4b86e79346192bfbcc6e043,5,277,0,47656
1787475254,tiny,prep,p02,aeffba0a4fb46ce3cb7ecf7ae04dcb3c50167779,5,271,0,47348
1787475254,tiny,prep,p03,ed084329d6eef03d287aad4da3c13c2568515c5e,5,266,0,47676
1787475254,tiny,prep,p04,64f03fce29369b2878614fb136c38ae2fac4265c,5,273,0,47512
1787475254,tiny,prep,p05,755f909ff5c263c3f49e9a6c04ad827c1c3874ba,5,280,0,47284
1787475254,tiny,prep,p06,52b0b62f7d829d39a41a275a01c6a2d579318400,5,271,0,47328
1787475254,tiny,prep,p07,c9424396bc7c2f40686e576ac99b23c77687cfee,5,271,0,47272
1787475254,tiny,prep,p08,502b1a9e8bc83755f8c566574e4c8c6d976b92ca,5,277,0,47604
1787475254,tiny,prep,p09,5f33dd3c2a7a2621d052210ccbf645ac6944016c,5,267,0,47080
1787475254,tiny,prep,p10,45c62cccf3dbf862c4c25a513b9685fdb3d4a82e,5,272,0,47120
1787475254,tiny,prep,p11,406e50d90eb704f98322f2a2ab6de211d988c676,5,275,0,47756
1787475254,tiny,prep,p12,26e4ff38647c6336f69f1df0772b495105d76abd,5,287,0,48016
1787475254,tiny,prep,p13,8b61c59b4c743657e1bd91c0e125957b319cd883,5,298,0,47412
1787475254,tiny,prep,p14,48fcd12614e2f22820dc3eabc8bfe4f3407763af,5,278,0,47380
1787475254,tiny,prep,p15,4c9bca9e34d78ef186f4d184b32da3fcba19fae0,5,281,0,47536
1787475254,tiny,prep,p16,7c9ae2029e18909a97773cd7693f2e4b48a8d0eb,5,273,0,47540
1787475254,tiny,prep,p17,067bdbc08d585077e2a1f0907ee0a1e84a90e795,5,273,0,47496
1787475254,tiny,prep,p00,4600b24c6d95a25ff081ad37b63b2a01c29d43a5,6,281,0,47448
1787475254,tiny,prep,p01,3baeb0b5adc6b21be4b86e79346192bfbcc6e043,6,333,0,47708
1787475254,tiny,prep,p02,aeffba0a4fb46ce3cb7ecf7ae04dcb3c50167779,6,311,0,47360
1787475254,tiny,prep,p03,ed084329d6eef03d287aad4da3c13c2568515c5e,6,268,0,47484
1787475254,tiny,prep,p04,64f03fce29369b2878614fb136c38ae2fac4265c,6,292,0,47692
1787475254,tiny,prep,p05,755f909ff5c263c3f49e9a6c04ad827c1c3874ba,6,300,0,47480
1787475254,tiny,prep,p06,52b0b62f7d829d39a41a275a01c6a2d579318400,6,288,0,47424
1787475254,tiny,prep,p07,c9424396bc7c2f40686e576ac99b23c77687cfee,6,271,0,47472
1787475254,tiny,prep,p08,502b1a9e8bc83755f8c566574e4c8c6d976b92ca,6,331,0,47636
1787475254,tiny,prep,p09,5f33dd3c2a7a2621d052210ccbf645ac6944016c,6,292,0,47560
1787475254,tiny,prep,p10,45c62cccf3dbf862c4c25a513b9685fdb3d4a82e,6,276,0,47288
1787475254,tiny,prep,p11,406e50d90eb704f98322f2a2ab6de211d988c676,6,274,0,47436
1787475254,tiny,prep,p12,26e4ff38647c6336f69f1df0772b495105d76abd,6,268,0,47384
1787475254,tiny,prep,p13,8b61c59b4c743657e1bd91c0e125957b319cd883,6,268,0,47636
1787475254,tiny,prep,p14,48fcd12614e2f22820dc3eabc8bfe4f3407763af,6,278,0,47624
1787475254,tiny,prep,p15,4c9bca9e34d78ef186f4d184b32da3fcba19fae0,6,277,0,47332
1787475254,tiny,prep,p16,7c9ae2029e18909a97773cd7693f2e4b48a8d0eb,6,293,0,47536
1787475254,tiny,prep,p17,067bdbc08d585077e2a1f0907ee0a1e84a90e795,6,279,0,47532
1787475254,tiny,prep,p00,4600b24c6d95a25ff081ad37b63b2a01c29d43a5,7,289,0,47408
1787475254,tiny,prep,p01,3baeb0b5adc6b21be4b86e79346192bfbcc6e043,7,275,0,47804
1787475254,tiny,prep,p02,aeffba0a4fb46ce3cb7ecf7ae04dcb3c50167779,7,286,0,48076
1787475254,tiny,prep,p03,ed084329d6eef03d287aad4da3c13c2568515c5e,7,278,0,47376
1787475254,tiny,prep,p04,64f03fce29369b2878614fb136c38ae2fac4265c,7,277,0,47328
1787475254,tiny,prep,p05,755f909ff5c263c3f49e9a6c04ad827c1c3874ba,7,274,0,47688
1787475254,tiny,prep,p06,52b0b62f7d829d39a41a275a01c6a2d579318400,7,278,0,47628
1787475254,tiny,prep,p07,c9424396bc7c2f40686e576ac99b23c77687cfee,7,270,0,47640
1787475254,tiny,prep,p08,502b1a9e8bc83755f8c566574e4c8c6d976b92ca,7,287,0,47764
1787475254,tiny,prep,p09,5f33dd3c2a7a2621d052210ccbf645ac6944016c,7,271,0,47436
1787475254,tiny,prep,p10,45c62cccf3dbf862c4c25a513b9685fdb3d4a82e,7,314,0,47512
1787475254,tiny,prep,p11,406e50d90eb704f98322f2a2ab6de211d988c676,7,269,0,47508
1787475254,tiny,prep,p12,26e4ff38647c6336f69f1df0772b495105d76abd,7,272,0,47896
1787475254,tiny,prep,p13,8b61c59b4c743657e1bd91c0e125957b319cd883,7,286,0,47384
1787475254,tiny,prep,p14,48fcd12614e2f22820dc3eabc8bfe4f3407763af,7,301,0,47420
1787475254,tiny,prep,p15,4c9bca9e34d78ef186f4d184b32da3fcba19fae0,7,281,0,47540
1787475254,tiny,prep,p16,7c9ae2029e18909a97773cd7693f2e4b48a8d0eb,7,276,0,47448
1787475254,tiny,prep,p17,067bdbc08d585077e2a1f0907ee0a1e84a90e795,7,307,0,47400
1787475254,synth100,gen,p00,4600b24c6d95a25ff081ad37b63b2a01c29d43a5,1,223,0,0
1787475254,synth100,gen,p01,3baeb0b5adc6b21be4b86e79346192bfbcc6e043,1,226,0,0
1787475254,synth100,gen,p02,aeffba0a4fb46ce3cb7ecf7ae04dcb3c50167779,1,223,0,0
1787475254,synth100,gen,p03,ed084329d6eef03d287aad4da3c13c2568515c5e,1,221,0,0
1787475254,synth100,gen,p04,64f03fce29369b2878614fb136c38ae2fac4265c,1,225,0,0
1787475254,synth100,gen,p05,755f909ff5c263c3f49e9a6c04ad827c1c3874ba,1,227,0,0
1787475254,synth100,gen,p06,52b0b62f7d829d39a41a275a01c6a2d579318400,1,134,0,0
1787475254,synth100,gen,p07,c9424396bc7c2f40686e576ac99b23c77687cfee,1,143,0,0
1787475254,synth100,gen,p08,502b1a9e8bc83755f8c566574e4c8c6d976b92ca,1,140,0,0
1787475254,synth100,gen,p09,5f33dd3c2a7a2621d052210ccbf645ac6944016c,1,131,0,0
1787475254,synth100,gen,p10,45c62cccf3dbf862c4c25a513b9685fdb3d4a82e,1,137,0,0
1787475254,synth100,gen,p11,406e50d90eb704f98322f2a2ab6de211d988c676,1,144,0,0
1787475254,synth100,gen,p12,26e4ff38647c6336f69f1df0772b495105d76abd,1,137,0,0
1787475254,synth100,gen,p13,8b61c59b4c743657e1bd91c0e125957b319cd883,1,131,0,0
1787475254,synth100,gen,p14,48fcd12614e2f22820dc3eabc8bfe4f3407763af,1,136,0,0
1787475254,synth100,gen,p15,4c9bca9e34d78ef186f4d184b32da3fcba19fae0,1,144,0,0
1787475254,synth100,gen,p16,7c9ae2029e18909a97773cd7693f2e4b48a8d0eb,1,136,0,0
1787475254,synth100,gen,p17,067bdbc08d585077e2a1f0907ee0a1e84a90e795,1,122,0,0
1787475254,synth100,gen,p00,4600b24c6d95a25ff081ad37b63b2a01c29d43a5,2,238,0,0
1787475254,synth100,gen,p01,3baeb0b5adc6b21be4b86e79346192bfbcc6e043,2,224,0,0
1787475254,synth100,gen,p02,aeffba0a4fb46ce3cb7ecf7ae04dcb3c50167779,2,226,0,0
1787475254,synth100,gen,p03,ed084329d6eef03d287aad4da3c13c2568515c5e,2,223,0,0
1787475254,synth100,gen,p04,64f03fce29369b2878614fb136c38ae2fac4265c,2,232,0,0
1787475254,synth100,gen,p05,755f909ff5c263c3f49e9a6c04ad827c1c3874ba,2,242,0,0
1787475254,synth100,gen,p06,52b0b62f7d829d39a41a275a01c6a2d579318400,2,130,0,0
1787475254,synth100,gen,p07,c9424396bc7c2f40686e576ac99b23c77687cfee,2,130,0,0
1787475254,synth100,gen,p08,502b1a9e8bc83755f8c566574e4c8c6d976b92ca,2,130,0,0
1787475254,synth100,gen,p09,5f33dd3c2a7a2621d052210ccbf645ac6944016c,2,130,0,0
1787475254,synth100,gen,p10,45c62cccf3dbf862c4c25a513b9685fdb3d4a82e,2,128,0,0
1787475254,synth100,gen,p11,406e50d90eb704f98322f2a2ab6de211d988c676,2,133,0,0
1787475254,synth100,gen,p12,26e4ff38647c6336f69f1df0772b495105d76abd,2,132,0,0
1787475254,synth100,gen,p13,8b61c59b4c743657e1bd91c0e125957b319cd883,2,134,0,0
1787475254,synth100,gen,p14,48fcd12614e2f22820dc3eabc8bfe4f3407763af,2,132,0,0
1787475254,synth100,gen,p15,4c9bca9e34d78ef186f4d184b32da3fcba19fae0,2,129,0,0
1787475254,synth100,gen,p16,7c9ae2029e18909a97773cd7693f2e4b48a8d0eb,2,134,0,0
1787475254,synth100,gen,p17,067bdbc08d585077e2a1f0907ee0a1e84a90e795,2,122,0,0
1787475254,synth100,gen,p00,4600b24c6d95a25ff081ad37b63b2a01c29d43a5,3,220,0,0
1787475254,synth100,gen,p01,3baeb0b5adc6b21be4b86e79346192bfbcc6e043,3,221,0,0
1787475254,synth100,gen,p02,aeffba0a4fb46ce3cb7ecf7ae04dcb3c50167779,3,222,0,0
1787475254,synth100,gen,p03,ed084329d6eef03d287aad4da3c13c2568515c5e,3,222,0,0
1787475254,synth100,gen,p04,64f03fce29369b2878614fb136c38ae2fac4265c,3,235,0,0
1787475254,synth100,gen,p05,755f909ff5c263c3f49e9a6c04ad827c1c3874ba,3,227,0,0
1787475254,synth100,gen,p06,52b0b62f7d829d39a41a275a01c6a2d579318400,3,135,0,0
1787475254,synth100,gen,p07,c9424396bc7c2f40686e576ac99b23c77687cfee,3,132,0,0
1787475254,synth100,gen,p08,502b1a9e8bc83755f8c566574e4c8c6d976b92ca,3,130,0,0
1787475254,synth100,gen,p09,5f33dd3c2a7a2621d052210ccbf645ac6944016c,3,129,0,0
1787475254,synth100,gen,p10,45c62cccf3dbf862c4c25a513b9685fdb3d4a82e,3,132,0,0
1787475254,synth100,gen,p11,406e50d90eb704f98322f2a2ab6de211d988c676,3,132,0,0
1787475254,synth100,gen,p12,26e4ff38647c6336f69f1df0772b495105d76abd,3,134,0,0
1787475254,synth100,gen,p13,8b61c59b4c743657e1bd91c0e125957b319cd883,3,157,0,0
1787475254,synth100,gen,p14,48fcd12614e2f22820dc3eabc8bfe4f3407763af,3,131,0,0
1787475254,synth100,gen,p15,4c9bca9e34d78ef186f4d184b32da3fcba19fae0,3,129,0,0
1787475254,synth100,gen,p16,7c9ae2029e18909a97773cd7693f2e4b48a8d0eb,3,133,0,0
1787475254,synth100,gen,p17,067bdbc08d585077e2a1f0907ee0a1e84a90e795,3,124,0,0
1787475254,synth100,gen,p00,4600b24c6d95a25ff081ad37b63b2a01c29d43a5,4,222,0,0
1787475254,synth100,gen,p01,3baeb0b5adc6b21be4b86e79346192bfbcc6e043,4,252,0,0
1787475254,synth100,gen,p02,aeffba0a4fb46ce3cb7ecf7ae04dcb3c50167779,4,230,0,0
1787475254,synth100,gen,p03,ed084329d6eef03d287aad4da3c13c2568515c5e,4,226,0,0
1787475254,synth100,gen,p04,64f03fce29369b2878614fb136c38ae2fac4265c,4,227,0,0
1787475254,synth100,gen,p05,755f909ff5c263c3f49e9a6c04ad827c1c3874ba,4,223,0,0
1787475254,synth100,gen,p06,52b0b62f7d829d39a41a275a01c6a2d579318400,4,131,0,0
1787475254,synth100,gen,p07,c9424396bc7c2f40686e576ac99b23c77687cfee,4,130,0,0
1787475254,synth100,gen,p08,502b1a9e8bc83755f8c566574e4c8c6d976b92ca,4,138,0,0
1787475254,synth100,gen,p09,5f33dd3c2a7a2621d052210ccbf645ac6944016c,4,129,0,0
1787475254,synth100,gen,p10,45c62cccf3dbf862c4c25a513b9685fdb3d4a82e,4,137,0,0
1787475254,synth100,gen,p11,406e50d90eb704f98322f2a2ab6de211d988c676,4,136,0,0
1787475254,synth100,gen,p12,26e4ff38647c6336f69f1df0772b495105d76abd,4,138,0,0
1787475254,synth100,gen,p13,8b61c59b4c743657e1bd91c0e125957b319cd883,4,135,0,0
1787475254,synth100,gen,p14,48fcd12614e2f22820dc3eabc8bfe4f3407763af,4,132,0,0
1787475254,synth100,gen,p15,4c9bca9e34d78ef186f4d184b32da3fcba19fae0,4,138,0,0
1787475254,synth100,gen,p16,7c9ae2029e18909a97773cd7693f2e4b48a8d0eb,4,132,0,0
1787475254,synth100,gen,p17,067bdbc08d585077e2a1f0907ee0a1e84a90e795,4,120,0,0
1787475254,synth100,gen,p00,4600b24c6d95a25ff081ad37b63b2a01c29d43a5,5,227,0,0
1787475254,synth100,gen,p01,3baeb0b5adc6b21be4b86e79346192bfbcc6e043,5,222,0,0
1787475254,synth100,gen,p02,aeffba0a4fb46ce3cb7ecf7ae04dcb3c50167779,5,229,0,0
1787475254,synth100,gen,p03,ed084329d6eef03d287aad4da3c13c2568515c5e,5,220,0,0
1787475254,synth100,gen,p04,64f03fce29369b2878614fb136c38ae2fac4265c,5,228,0,0
1787475254,synth100,gen,p05,755f909ff5c263c3f49e9a6c04ad827c1c3874ba,5,225,0,0
1787475254,synth100,gen,p06,52b0b62f7d829d39a41a275a01c6a2d579318400,5,136,0,0
1787475254,synth100,gen,p07,c9424396bc7c2f40686e576ac99b23c77687cfee,5,130,0,0
1787475254,synth100,gen,p08,502b1a9e8bc83755f8c566574e4c8c6d976b92ca,5,128,0,0
1787475254,synth100,gen,p09,5f33dd3c2a7a2621d052210ccbf645ac6944016c,5,135,0,0
1787475254,synth100,gen,p10,45c62cccf3dbf862c4c25a513b9685fdb3d4a82e,5,134,0,0
1787475254,synth100,gen,p11,406e50d90eb704f98322f2a2ab6de211d988c676,5,133,0,0
1787475254,synth100,gen,p12,26e4ff38647c6336f69f1df0772b495105d76abd,5,133,0,0
1787475254,synth100,gen,p13,8b61c59b4c743657e1bd91c0e125957b319cd883,5,130,0,0
1787475254,synth100,gen,p14,48fcd12614e2f22820dc3eabc8bfe4f3407763af,5,132,0,0
1787475254,synth100,gen,p15,4c9bca9e34d78ef186f4d184b32da3fcba19fae0,5,139,0,0
1787475254,synth100,gen,p16,7c9ae2029e18909a97773cd7693f2e4b48a8d0eb,5,131,0,0
1787475254,synth100,gen,p17,067bdbc08d585077e2a1f0907ee0a1e84a90e795,5,127,0,0
1787475254,synth100,prep,p00,4600b24c6d95a25ff081ad37b63b2a01c29d43a5,1,3591,0,237732
1787475254,synth100,prep,p01,3baeb0b5adc6b21be4b86e79346192bfbcc6e043,1,3556,0,237460
1787475254,synth100,prep,p02,aeffba0a4fb46ce3cb7ecf7ae04dcb3c50167779,1,3517,0,237560
1787475254,synth100,prep,p03,ed084329d6eef03d287aad4da3c13c2568515c5e,1,3556,0,237256
1787475254,synth100,prep,p04,64f03fce29369b2878614fb136c38ae2fac4265c,1,3468,0,237428
1787475254,synth100,prep,p05,755f909ff5c263c3f49e9a6c04ad827c1c3874ba,1,3434,0,237584
1787475254,synth100,prep,p06,52b0b62f7d829d39a41a275a01c6a2d579318400,1,3016,0,229196
1787475254,synth100,prep,p07,c9424396bc7c2f40686e576ac99b23c77687cfee,1,2761,0,220580
1787475254,synth100,prep,p08,502b1a9e8bc83755f8c566574e4c8c6d976b92ca,1,2771,0,220524
1787475254,synth100,prep,p09,5f33dd3c2a7a2621d052210ccbf645ac6944016c,1,2548,0,47740
1787475254,synth100,prep,p10,45c62cccf3dbf862c4c25a513b9685fdb3d4a82e,1,2436,0,47808
1787475254,synth100,prep,p11,406e50d90eb704f98322f2a2ab6de211d988c676,1,1072,0,47708
1787475254,synth100,prep,p12,26e4ff38647c6336f69f1df0772b495105d76abd,1,926,0,47320
1787475254,synth100,prep,p13,8b61c59b4c743657e1bd91c0e125957b319cd883,1,925,0,47704
1787475254,synth100,prep,p14,48fcd12614e2f22820dc3eabc8bfe4f3407763af,1,894,0,47424
1787475254,synth100,prep,p15,4c9bca9e34d78ef186f4d184b32da3fcba19fae0,1,964,0,47508
1787475254,synth100,prep,p16,7c9ae2029e18909a97773cd7693f2e4b48a8d0eb,1,903,0,47384
1787475254,synth100,prep,p17,067bdbc08d585077e2a1f0907ee0a1e84a90e795,1,871,0,47768
1787475254,synth100,prep,p00,4600b24c6d95a25ff081ad37b63b2a01c29d43a5,2,3480,0,237784
1787475254,synth100,prep,p01,3baeb0b5adc6b21be4b86e79346192bfbcc6e043,2,3571,0,237540
1787475254,synth100,prep,p02,aeffba0a4fb46ce3cb7ecf7ae04dcb3c50167779,2,3597,0,237620
1787475254,synth100,prep,p03,ed084329d6eef03d287aad4da3c13c2568515c5e,2,3729,0,237500
1787475254,synth100,prep,p04,64f03fce29369b2878614fb136c38ae2fac4265c,2,3592,0,237544
1787475254,synth100,prep,p05,755f909ff5c263c3f49e9a6c04ad827c1c3874ba,2,3477,0,237600
1787475254,synth100,prep,p06,52b0b62f7d829d39a41a275a01c6a2d579318400,2,2904,0,229240
1787475254,synth100,prep,p07,c9424396bc7c2f40686e576ac99b23c77687cfee,2,2737,0,220636
1787475254,synth100,prep,p08,502b1a9e8bc83755f8c566574e4c8c6d976b92ca,2,2682,0,220428
1787475254,synth100,prep,p09,5f33dd3c2a7a2621d052210ccbf645ac6944016c,2,2382,0,47508
1787475254,synth100,prep,p10,45c62cccf3dbf862c4c25a513b9685fdb3d4a82e,2,2332,0,47420
1787475254,synth100,prep,p11,406e50d90eb704f98322f2a2ab6de211d988c676,2,1093,0,47644
1787475254,synth100,prep,p12,26e4ff38647c6336f69f1df0772b495105d76abd,2,892,0,47548
1787475254,synth100,prep,p13,8b61c59b4c743657e1bd91c0e125957b319cd883,2,890,0,47564
1787475254,synth100,prep,p14,48fcd12614e2f22820dc3eabc8bfe4f3407763af,2,897,0,47420
1787475254,synth100,prep,p15,4c9bca9e34d78ef186f4d184b32da3fcba19fae0,2,927,0,47432
1787475254,synth100,prep,p16,7c9ae2029e18909a97773cd7693f2e4b48a8d0eb,2,906,0,47324
1787475254,synth100,prep,p17,067bdbc08d585077e2a1f0907ee0a1e84a90e795,2,912,0,47532
1787475254,synth100,prep,p00,4600b24c6d95a25ff081ad37b63b2a01c29d43a5,3,3518,0,237804
1787475254,synth100,prep,p01,3baeb0b5adc6b21be4b86e79346192bfbcc6e043,3,3520,0,237688
1787475254,synth100,prep,p02,aeffba0a4fb46ce3cb7ecf7ae04dcb3c50167779,3,3510,0,237388
1787475254,synth100,prep,p03,ed084329d6eef03d287aad4da3c13c2568515c5e,3,3568,0,237464
1787475254,synth100,prep,p04,64f03fce29369b2878614fb136c38ae2fac4265c,3,3500,0,237600
1787475254,synth100,prep,p05,755f909ff5c263c3f49e9a6c04ad827c1c3874ba,3,3507,0,237384
1787475254,synth100,prep,p06,52b0b62f7d829d39a41a275a01c6a2d579318400,3,2932,0,229160
1787475254,synth100,prep,p07,c9424396bc7c2f40686e576ac99b23c77687cfee,3,2680,0,220368
1787475254,synth100,prep,p08,502b1a9e8bc83755f8c566574e4c8c6d976b92ca,3,2798,0,220460
1787475254,synth100,prep,p09,5f33dd3c2a7a2621d052210ccbf645ac6944016c,3,2519,0,47500
1787475254,synth100,prep,p10,45c62cccf3dbf862c4c25a513b9685fdb3d4a82e,3,2413,0,47524
1787475254,synth100,prep,p11,406e50d90eb704f98322f2a2ab6de211d988c676,3,1059,0,47552
1787475254,synth100,prep,p12,26e4ff38647c6336f69f1df0772b495105d76abd,3,925,0,47536
1787475254,synth100,prep,p13,8b61c59b4c743657e1bd91c0e125957b319cd883,3,1048,0,47584
1787475254,synth100,prep,p14,48fcd12614e2f22820dc3eabc8bfe4f3407763af,3,886,0,47636
1787475254,synth100,prep,p15,4c9bca9e34d78ef186f4d184b32da3fcba19fae0,3,895,0,47548
1787475254,synth100,prep,p16,7c9ae2029e18909a97773cd7693f2e4b48a8d0eb,3,876,0,47356
1787475254,synth100,prep,p17,067bdbc08d585077e2a1f0907ee0a1e84a90e795,3,886,0,47380
1787475254,synth100,prep,p00,4600b24c6d95a25ff081ad37b63b2a01c29d43a5,4,3508,0,237772
1787475254,synth100,prep,p01,3baeb0b5adc6b21be4b86e79346192bfbcc6e043,4,3494,0,237804
1787475254,synth100,prep,p02,aeffba0a4fb46ce3cb7ecf7ae04dcb3c50167779,4,3529,0,237460
1787475254,synth100,prep,p03,ed084329d6eef03d287aad4da3c13c2568515c5e,4,3557,0,237720
1787475254,synth100,prep,p04,64f03fce29369b2878614fb136c38ae2fac4265c,4,3704,0,237388
1787475254,synth100,prep,p05,755f909ff5c263c3f49e9a6c04ad827c1c3874ba,4,3542,0,237428
1787475254,synth100,prep,p06,52b0b62f7d829d39a41a275a01c6a2d579318400,4,2982,0,229420
1787475254,synth100,prep,p07,c9424396bc7c2f40686e576ac99b23c77687cfee,4,2706,0,220608
1787475254,synth100,prep,p08,502b1a9e8bc83755f8c566574e4c8c6d976b92ca,4,2695,0,220576
1787475254,synth100,prep,p09,5f33dd3c2a7a2621d052210ccbf645ac6944016c,4,2471,0,47508
1787475254,synth100,prep,p10,45c62cccf3dbf862c4c25a513b9685fdb3d4a82e,4,2371,0,47452
1787475254,synth100,prep,p11,406e50d90eb704f98322f2a2ab6de211d988c676,4,1019,0,47404
1787475254,synth100,prep,p12,26e4ff38647c6336f69f1df0772b495105d76abd,4,949,0,47536
1787475254,synth100,prep,p13,8b61c59b4c743657e1bd91c0e125957b319cd883,4,912,0,47500
1787475254,synth100,prep,p14,48fcd12614e2f22820dc3eabc8bfe4f3407763af,4,919,0,47616
1787475254,synth100,prep,p15,4c9bca9e34d78ef186f4d184b32da3fcba19fae0,4,889,0,47192
1787475254,synth100,prep,p16,7c9ae2029e18909a97773cd7693f2e4b48a8d0eb,4,891,0,47500
1787475254,synth100,prep,p17,067bdbc08d585077e2a1f0907ee0a1e84a90e795,4,881,0,47512
1787475254,synth100,prep,p00,4600b24c6d95a25ff081ad37b63b2a01c29d43a5,5,3499,0,237624
1787475254,synth100,prep,p01,3baeb0b5adc6b21be4b86e79346192bfbcc6e043,5,3514,0,237596
1787475254,synth100,prep,p02,aeffba0a4fb46ce3cb7ecf7ae04dcb3c50167779,5,3439,0,237460
1787475254,synth100,prep,p03,ed084329d6eef03d287aad4da3c13c2568515c5e,5,3469,0,237428
1787475254,synth100,prep,p04,64f03fce29369b2878614fb136c38ae2fac4265c,5,3458,0,237524
1787475254,synth100,prep,p05,755f909ff5c263c3f49e9a6c04ad827c1c3874ba,5,3489,0,237428
1787475254,synth100,prep,p06,52b0b62f7d829d39a41a275a01c6a2d579318400,5,3012,0,229368
1787475254,synth100,prep,p07,c9424396bc7c2f40686e576ac99b23c77687cfee,5,2743,0,220436
1787475254,synth100,prep,p08,502b1a9e8bc83755f8c566574e4c8c6d976b92ca,5,2768,0,220412
1787475254,synth100,prep,p09,5f33dd3c2a7a2621d052210ccbf645ac6944016c,5,2404,0,47568
1787475254,synth100,prep,p10,45c62cccf3dbf862c4c25a513b9685fdb3d4a82e,5,2404,0,47552
1787475254,synth100,prep,p11,406e50d90eb704f98322f2a2ab6de211d988c676,5,998,0,47680
1787475254,synth100,prep,p12,26e4ff38647c6336f69f1df0772b495105d76abd,5,900,0,47628
1787475254,synth100,prep,p13,8b61c59b4c743657e1bd91c0e125957b319cd883,5,910,0,47768
1787475254,synth100,prep,p14,48fcd12614e2f22820dc3eabc8bfe4f3407763af,5,888,0,47380
1787475254,synth100,prep,p15,4c9bca9e34d78ef186f4d184b32da3fcba19fae0,5,908,0,47508
1787475254,synth100,prep,p16,7c9ae2029e18909a97773cd7693f2e4b48a8d0eb,5,892,0,47524
1787475254,synth100,prep,p17,067bdbc08d585077e2a1f0907ee0a1e84a90e795,5,872,0,47636
1787640634,tiny,gen,p00,4600b24c6d95a25ff081ad37b63b2a01c29d43a5,1,87,0,0
1787640634,tiny,prep,p00,4600b24c6d95a25ff081ad37b63b2a01c29d43a5,1,120,0,21872
1787640634,tiny,gen,p00,4600b24c6d95a25ff081ad37b63b2a01c29d43a5,2,177,0,0
1787640634,tiny,prep,p00,4600b24c6d95a25ff081ad37b63b2a01c29d43a5,2,108,0,21908
1787640634,tiny,gen,p00,4600b24c6d95a25ff081ad37b63b2a01c29d43a5,3,89,0,0
1787640634,tiny,prep,p00,4600b24c6d95a25ff081ad37b63b2a01c29d43a5,3,106,0,21920
1787640634,tiny,gen,p01,3baeb0b5adc6b21be4b86e79346192bfbcc6e043,1,101,0,0
1787640634,tiny,prep,p01,3baeb0b5adc6b21be4b86e79346192bfbcc6e043,1,117,0,21880
1787640634,tiny,gen,p01,3baeb0b5adc6b21be4b86e79346192bfbcc6e043,2,99,0,0
1787640634,tiny,prep,p01,3baeb0b5adc6b21be4b86e79346192bfbcc6e043,2,114,0,21872
1787640634,tiny,gen,p01,3baeb0b5adc6b21be4b86e79346192bfbcc6e043,3,99,0,0
1787640634,tiny,prep,p01,3baeb0b5adc6b21be4b86e79346192bfbcc6e043,3,111,0,21936
1787640634,tiny,gen,p02,aeffba0a4fb46ce3cb7ecf7ae04dcb3c50167779,1,90,0,0
1787640634,tiny,prep,p02,aeffba0a4fb46ce3cb7ecf7ae04dcb3c50167779,1,128,0,21796
1787640634,tiny,gen,p02,aeffba0a4fb46ce3cb7ecf7ae04dcb3c50167779,2,103,0,0
1787640634,tiny,prep,p02,aeffba0a4fb46ce3cb7ecf7ae04dcb3c50167779,2,109,0,22012
1787640634,tiny,gen,p02,aeffba0a4fb46ce3cb7ecf7ae04dcb3c50167779,3,131,0,0
1787640634,tiny,prep,p02,aeffba0a4fb46ce3cb7ecf7ae04dcb3c50167779,3,116,0,21912
1787640634,tiny,gen,p03,ed084329d6eef03d287aad4da3c13c2568515c5e,1,87,0,0
1787640634,tiny,prep,p03,ed084329d6eef03d287aad4da3c13c2568515c5e,1,107,0,21944
1787640634,tiny,gen,p03,ed084329d6eef03d287aad4da3c13c2568515c5e,2,88,0,0
1787640634,tiny,prep,p03,ed084329d6eef03d287aad4da3c13c2568515c5e,2,104,0,21944
1787640634,tiny,gen,p03,ed084329d6eef03d287aad4da3c13c2568515c5e,3,106,0,0
1787640634,tiny,prep,p03,ed084329d6eef03d287aad4da3c13c2568515c5e,3,103,0,21888
1787640634,tiny,gen,p04,64f03fce29369b2878614fb136c38ae2fac4265c,1,84,0,0
1787640634,tiny,prep,p04,64f03fce29369b2878614fb136c38ae2fac4265c,1,102,0,21872
1787640634,tiny,gen,p04,64f03fce29369b2878614fb136c38ae2fac4265c,2,91,0,0
1787640634,tiny,prep,p04,64f03fce29369b2878614fb136c38ae2fac4265c,2,134,0,21884
1787640634,tiny,gen,p04,64f03fce29369b2878614fb136c38ae2fac4265c,3,85,0,0
1787640634,tiny,prep,p04,64f03fce29369b2878614fb136c38ae2fac4265c,3,133,0,21940
1787640634,tiny,gen,p05,755f909ff5c263c3f49e9a6c04ad827c1c3874ba,1,86,0,0
1787640634,tiny,prep,p05,755f909ff5c263c3f49e9a6c04ad827c1c3874ba,1,115,0,21884
1787640634,tiny,gen,p05,755f909ff5c263c3f49e9a6c04ad827c1c3874ba,2,85,0,0
1787640634,tiny,prep,p05,755f909ff5c263c3f49e9a6c04ad827c1c3874ba,2,109,0,22004
1787640634,tiny,gen,p05,755f909ff5c263c3f49e9a6c04ad827c1c3874ba,3,94,0,0
1787640634,tiny,prep,p05,755f909ff5c263c3f49e9a6c04ad827c1c3874ba,3,105,0,21888
1787640634,tiny,gen,p06,52b0b62f7d829d39a41a275a01c6a2d579318400,1,93,0,0
1787640634,tiny,prep,p06,52b0b62f7d829d39a41a275a01c6a2d579318400,1,119,0,21888
1787640634,tiny,gen,p06,52b0b62f7d829d39a41a275a01c6a2d579318400,2,91,0,0
1787640634,tiny,prep,p06,52b0b62f7d829d39a41a275a01c6a2d579318400,2,111,0,21880
1787640634,tiny,gen,p06,52b0b62f7d829d39a41a275a01c6a2d579318400,3,87,0,0
1787640634,tiny,prep,p06,52b0b62f7d829d39a41a275a01c6a2d579318400,3,140,0,21884
1787640634,tiny,gen,p07,c9424396bc7c2f40686e576ac99b23c77687cfee,1,85,0,0
1787640634,tiny,prep,p07,c9424396bc7c2f40686e576ac99b23c77687cfee,1,145,0,21844
1787640634,tiny,gen,p07,c9424396bc7c2f40686e576ac99b23c77687cfee,2,91,0,0
1787640634,tiny,prep,p07,c9424396bc7c2f40686e576ac99b23c77687cfee,2,108,0,21812
1787640634,tiny,gen,p07,c9424396bc7c2f40686e576ac99b23c77687cfee,3,88,0,0
1787640634,tiny,prep,p07,c9424396bc7c2f40686e576ac99b23c77687cfee,3,125,0,21996
1787640634,tiny,gen,p08,502b1a9e8bc83755f8c566574e4c8c6d976b92ca,1,93,0,0
1787640634,tiny,prep,p08,502b1a9e8bc83755f8c566574e4c8c6d976b92ca,1,108,0,21944
1787640634,tiny,gen,p08,502b1a9e8bc83755f8c566574e4c8c6d976b92ca,2,87,0,0
1787640634,tiny,prep,p08,502b1a9e8bc83755f8c566574e4c8c6d976b92ca,2,106,0,21948
1787640634,tiny,gen,p08,502b1a9e8bc83755f8c566574e4c8c6d976b92ca,3,116,0,0
1787640634,tiny,prep,p08,502b1a9e8bc83755f8c566574e4c8c6d976b92ca,3,148,0,21812
1787640634,tiny,gen,p09,5f33dd3c2a7a2621d052210ccbf645ac6944016c,1,89,0,0
1787640634,tiny,prep,p09,5f33dd3c2a7a2621d052210ccbf645ac6944016c,1,110,0,21880
1787640634,tiny,gen,p09,5f33dd3c2a7a2621d052210ccbf645ac6944016c,2,88,0,0
1787640634,tiny,prep,p09,5f33dd3c2a7a2621d052210ccbf645ac6944016c,2,104,0,21936
1787640634,tiny,gen,p09,5f33dd3c2a7a2621d052210ccbf645ac6944016c,3,96,0,0
1787640634,tiny,prep,p09,5f33dd3c2a7a2621d052210ccbf645ac6944016c,3,114,0,21824
1787640634,tiny,gen,p10,45c62cccf3dbf862c4c25a513b9685fdb3d4a82e,1,94,0,0
1787640634,tiny,prep,p10,45c62cccf3dbf862c4c25a513b9685fdb3d4a82e,1,113,0,21912
1787640634,tiny,gen,p10,45c62cccf3dbf862c4c25a513b9685fdb3d4a82e,2,95,0,0
1787640634,tiny,prep,p10,45c62cccf3dbf862c4c25a513b9685fdb3d4a82e,2,176,0,21824
1787640634,tiny,gen,p10,45c62cccf3dbf862c4c25a513b9685fdb3d4a82e,3,88,0,0
1787640634,tiny,prep,p10,45c62cccf3dbf862c4c25a513b9685fdb3d4a82e,3,115,0,21940
1787640634,tiny,gen,p11,406e50d90eb704f98322f2a2ab6de211d988c676,1,88,0,0
1787640634,tiny,prep,p11,406e50d90eb704f98322f2a2ab6de211d988c676,1,121,0,21884
1787640634,tiny,gen,p11,406e50d90eb704f98322f2a2ab6de211d988c676,2,90,0,0
1787640634,tiny,prep,p11,406e50d90eb704f98322f2a2ab6de211d988c676,2,101,0,21872
1787640634,tiny,gen,p11,406e50d90eb704f98322f2a2ab6de211d988c676,3,90,0,0
1787640634,tiny,prep,p11,406e50d90eb704f98322f2a2ab6de211d988c676,3,113,0,21880
1787640634,tiny,gen,p12,26e4ff38647c6336f69f1df0772b495105d76abd,1,96,0,0
1787640634,tiny,prep,p12,26e4ff38647c6336f69f1df0772b495105d76abd,1,321,0,21884
1787640634,tiny,gen,p12,26e4ff38647c6336f69f1df0772b495105d76abd,2,109,0,0
1787640634,tiny,prep,p12,26e4ff38647c6336f69f1df0772b495105d76abd,2,107,0,21884
1787640634,tiny,gen,p12,26e4ff38647c6336f69f1df0772b495105d76abd,3,132,0,0
1787640634,tiny,prep,p12,26e4ff38647c6336f69f1df0772b495105d76abd,3,116,0,21920
1787640634,tiny,gen,p13,8b61c59b4c743657e1bd91c0e125957b319cd883,1,135,0,0
1787640634,tiny,prep,p13,8b61c59b4c743657e1bd91c0e125957b319cd883,1,104,0,21888
1787640634,tiny,gen,p13,8b61c59b4c743657e1bd91c0e125957b319cd883,2,95,0,0
1787640634,tiny,prep,p13,8b61c59b4c743657e1bd91c0e125957b319cd883,2,104,0,21940
1787640634,tiny,gen,p13,8b61c59b4c743657e1bd91c0e125957b319cd883,3,133,0,0
1787640634,tiny,prep,p13,8b61c59b4c743657e1bd91c0e125957b319cd883,3,123,0,21996
1787640634,tiny,gen,p14,48fcd12614e2f22820dc3eabc8bfe4f3407763af,1,88,0,0
1787640634,tiny,prep,p14,48fcd12614e2f22820dc3eabc8bfe4f3407763af,1,128,0,21884
1787640634,tiny,gen,p14,48fcd12614e2f22820dc3eabc8bfe4f3407763af,2,93,0,0
1787640634,tiny,prep,p14,48fcd12614e2f22820dc3eabc8bfe4f3407763af,2,105,0,21824
1787640634,tiny,gen,p14,48fcd12614e2f22820dc3eabc8bfe4f3407763af,3,89,0,0
1787640634,tiny,prep,p14,48fcd12614e2f22820dc3eabc8bfe4f3407763af,3,107,0,21864
1787640634,tiny,gen,p15,4c9bca9e34d78ef186f4d184b32da3fcba19fae0,1,87,0,0
1787640634,tiny,prep,p15,4c9bca9e34d78ef186f4d184b32da3fcba19fae0,1,102,0,21812
1787640634,tiny,gen,p15,4c9bca9e34d78ef186f4d184b32da3fcba19fae0,2,87,0,0
1787640634,tiny,prep,p15,4c9bca9e34d78ef186f4d184b32da3fcba19fae0,2,119,0,21868
1787640634,tiny,gen,p15,4c9bca9e34d78ef186f4d184b32da3fcba19fae0,3,89,0,0
1787640634,tiny,prep,p15,4c9bca9e34d78ef186f4d184b32da3fcba19fae0,3,102,0,21824
1787640634,tiny,gen,p16,7c9ae2029e18909a97773cd7693f2e4b48a8d0eb,1,88,0,0
1787640634,tiny,prep,p16,7c9ae2029e18909a97773cd7693f2e4b48a8d0eb,1,107,0,21884
1787640634,tiny,gen,p16,7c9ae2029e18909a97773cd7693f2e4b48a8d0eb,2,85,0,0
1787640634,tiny,prep,p16,7c9ae2029e18909a97773cd7693f2e4b48a8d0eb,2,101,0,21880
1787640634,tiny,gen,p16,7c9ae2029e18909a97773cd7693f2e4b48a8d0eb,3,83,0,0
1787640634,tiny,prep,p16,7c9ae2029e18909a97773cd7693f2e4b48a8d0eb,3,101,0,21812
1787640634,tiny,gen,p17,067bdbc08d585077e2a1f0907ee0a1e84a90e795,1,98,0,0
1787640634,tiny,prep,p17,067bdbc08d585077e2a1f0907ee0a1e84a90e795,1,107,0,21932
1787640634,tiny,gen,p17,067bdbc08d585077e2a1f0907ee0a1e84a90e795,2,87,0,0
1787640634,tiny,prep,p17,067bdbc08d585077e2a1f0907ee0a1e84a90e795,2,101,0,21876
1787640634,tiny,gen,p17,067bdbc08d585077e2a1f0907ee0a1e84a90e795,3,92,0,0
1787640634,tiny,prep,p17,067bdbc08d585077e2a1f0907ee0a1e84a90e795,3,100,0,21876
1787640634,tiny,gen,p00,4600b24c6d95a25ff081ad37b63b2a01c29d43a5,4,88,0,0
1787640634,tiny,prep,p00,4600b24c6d95a25ff081ad37b63b2a01c29d43a5,4,112,0,21944
1787640634,tiny,gen,p00,4600b24c6d95a25ff081ad37b63b2a01c29d43a5,5,93,0,0
1787640634,tiny,prep,p00,4600b24c6d95a25ff081ad37b63b2a01c29d43a5,5,102,0,21888
1787640634,tiny,gen,p00,4600b24c6d95a25ff081ad37b63b2a01c29d43a5,6,112,0,0
1787640634,tiny,prep,p00,4600b24c6d95a25ff081ad37b63b2a01c29d43a5,6,105,0,21812
1787640634,tiny,gen,p00,4600b24c6d95a25ff081ad37b63b2a01c29d43a5,7,86,0,0
1787640634,tiny,prep,p00,4600b24c6d95a25ff081ad37b63b2a01c29d43a5,7,106,0,21932
1787640634,tiny,gen,p00,4600b24c6d95a25ff081ad37b63b2a01c29d43a5,8,82,0,0
1787640634,tiny,prep,p00,4600b24c6d95a25ff081ad37b63b2a01c29d43a5,8,104,0,21864
1787640634,tiny,gen,p01,3baeb0b5adc6b21be4b86e79346192bfbcc6e043,4,86,0,0
1787640634,tiny,prep,p01,3baeb0b5adc6b21be4b86e79346192bfbcc6e043,4,104,0,21872
1787640634,tiny,gen,p01,3baeb0b5adc6b21be4b86e79346192bfbcc6e043,5,84,0,0
1787640634,tiny,prep,p01,3baeb0b5adc6b21be4b86e79346192bfbcc6e043,5,102,0,21864
1787640634,tiny,gen,p01,3baeb0b5adc6b21be4b86e79346192bfbcc6e043,6,86,0,0
1787640634,tiny,prep,p01,3baeb0b5adc6b21be4b86e79346192bfbcc6e043,6,107,0,21984
1787640634,tiny,gen,p01,3baeb0b5adc6b21be4b86e79346192bfbcc6e043,7,86,0,0
1787640634,tiny,prep,p01,3baeb0b5adc6b21be4b86e79346192bfbcc6e043,7,107,0,21876
1787640634,tiny,gen,p01,3baeb0b5adc6b21be4b86e79346192bfbcc6e043,8,85,0,0
1787640634,tiny,prep,p01,3baeb0b5adc6b21be4b86e79346192bfbcc6e043,8,108,0,21884
1787640634,tiny,gen,p02,aeffba0a4fb46ce3cb7ecf7ae04dcb3c50167779,4,85,0,0
1787640634,tiny,prep,p02,aeffba0a4fb46ce3cb7ecf7ae04dcb3c50167779,4,105,0,21944
1787640634,tiny,gen,p02,aeffba0a4fb46ce3cb7ecf7ae04dcb3c50167779,5,92,0,0
1787640634,tiny,prep,p02,aeffba0a4fb46ce3cb7ecf7ae04dcb3c50167779,5,102,0,21880
1787640634,tiny,gen,p02,aeffba0a4fb46ce3cb7ecf7ae04dcb3c50167779,6,83,0,0
1787640634,tiny,prep,p02,aeffba0a4fb46ce3cb7ecf7ae04dcb3c50167779,6,103,0,21884
1787640634,tiny,gen,p02,aeffba0a4fb46ce3cb7ecf7ae04dcb3c50167779,7,84,0,0
1787640634,tiny,prep,p02,aeffba0a4fb46ce3cb7ecf7ae04dcb3c50167779,7,107,0,21864
1787640634,tiny,gen,p02,aeffba0a4fb46ce3cb7ecf7ae04dcb3c50167779,8,86,0,0
1787640634,tiny,prep,p02,aeffba0a4fb46ce3cb7ecf7ae04dcb3c50167779,8,102,0,21888
1787640634,tiny,gen,p03,ed084329d6eef03d287aad4da3c13c2568515c5e,4,85,0,0
1787640634,tiny,prep,p03,ed084329d6eef03d287aad4da3c13c2568515c5e,4,117,0,21872
1787640634,tiny,gen,p03,ed084329d6eef03d287aad4da3c13c2568515c5e,5,85,0,0
1787640634,tiny,prep,p03,ed084329d6eef03d287aad4da3c13c2568515c5e,5,101,0,21888
1787640634,tiny,gen,p03,ed084329d6eef03d287aad4da3c13c2568515c5e,6,84,0,0
1787640634,tiny,prep,p03,ed084329d6eef03d287aad4da3c13c2568515c5e,6,105,0,21944
1787640634,tiny,gen,p03,ed084329d6eef03d287aad4da3c13c2568515c5e,7,106,0,0
1787640634,tiny,prep,p03,ed084329d6eef03d287aad4da3c13c2568515c5e,7,104,0,21872
1787640634,tiny,gen,p03,ed084329d6eef03d287aad4da3c13c2568515c5e,8,84,0,0
1787640634,tiny,prep,p03,ed084329d6eef03d287aad4da3c13c2568515c5e,8,102,0,21940
1787640634,tiny,gen,p04,64f03fce29369b2878614fb136c38ae2fac4265c,4,86,0,0
1787640634,tiny,prep,p04,64f03fce29369b2878614fb136c38ae2fac4265c,4,110,0,21872
1787640634,tiny,gen,p04,64f03fce29369b2878614fb136c38ae2fac4265c,5,86,0,0
1787640634,tiny,prep,p04,64f03fce29369b2878614fb136c38ae2fac4265c,5,102,0,21884
1787640634,tiny,gen,p04,64f03fce29369b2878614fb136c38ae2fac4265c,6,86,0,0
1787640634,tiny,prep,p04,64f03fce29369b2878614fb136c38ae2fac4265c,6,106,0,21888
1787640634,tiny,gen,p04,64f03fce29369b2878614fb136c38ae2fac4265c,7,88,0,0
1787640634,tiny,prep,p04,64f03fce29369b2878614fb136c38ae2fac4265c,7,111,0,21884
1787640634,tiny,gen,p04,64f03fce29369b2878614fb136c38ae2fac4265c,8,86,0,0
1787640634,tiny,prep,p04,64f03fce29369b2878614fb136c38ae2fac4265c,8,104,0,21948
1787640634,tiny,gen,p05,755f909ff5c263c3f49e9a6c04ad827c1c3874ba,4,88,0,0
1787640634,tiny,prep,p05,755f909ff5c263c3f49e9a6c04ad827c1c3874ba,4,105,0,21896
1787640634,tiny,gen,p05,755f909ff5c263c3f49e9a6c04ad827c1c3874ba,5,84,0,0
1787640634,tiny,prep,p05,755f909ff5c263c3f49e9a6c04ad827c1c3874ba,5,104,0,21944
1787640634,tiny,gen,p05,755f909ff5c263c3f49e9a6c04ad827c1c3874ba,6,89,0,0
1787640634,tiny,prep,p05,755f909ff5c263c3f49e9a6c04ad827c1c3874ba,6,108,0,21920
1787640634,tiny,gen,p05,755f909ff5c263c3f49e9a6c04ad827c1c3874ba,7,89,0,0
1787640634,tiny,prep,p05,755f909ff5c263c3f49e9a6c04ad827c1c3874ba,7,110,0,22012
1787640634,tiny,gen,p05,755f909ff5c263c3f49e9a6c04ad827c1c3874ba,8,86,0,0
1787640634,tiny,prep,p05,755f909ff5c263c3f49e9a6c04ad827c1c3874ba,8,106,0,22004
1787640634,tiny,gen,p06,52b0b62f7d829d39a41a275a01c6a2d579318400,4,88,0,0
1787640634,tiny,prep,p06,52b0b62f7d829d39a41a275a01c6a2d579318400,4,110,0,21948
1787640634,tiny,gen,p06,52b0b62f7d829d39a41a275a01c6a2d579318400,5,90,0,0
1787640634,tiny,prep,p06,52b0b62f7d829d39a41a275a01c6a2d579318400,5,109,0,21948
1787640634,tiny,gen,p06,52b0b62f7d829d39a41a275a01c6a2d579318400,6,89,0,0
1787640634,tiny,prep,p06,52b0b62f7d829d39a41a275a01c6a2d579318400,6,125,0,21948
1787640634,tiny,gen,p06,52b0b62f7d829d39a41a275a01c6a2d579318400,7,100,0,0
1787640634,tiny,prep,p06,52b0b62f7d829d39a41a275a01c6a2d579318400,7,119,0,21932
1787640634,tiny,gen,p06,52b0b62f7d829d39a41a275a01c6a2d579318400,8,89,0,0
1787640634,tiny,prep,p06,52b0b62f7d829d39a41a275a01c6a2d579318400,8,104,0,21936
1787640634,tiny,gen,p07,c9424396bc7c2f40686e576ac99b23c77687cfee,4,89,0,0
1787640634,tiny,prep,p07,c9424396bc7c2f40686e576ac99b23c77687cfee,4,105,0,21824
1787640634,tiny,gen,p07,c9424396bc7c2f40686e576ac99b23c77687cfee,5,91,0,0
1787640634,tiny,prep,p07,c9424396bc7c2f40686e576ac99b23c77687cfee,5,107,0,22004
1787640634,tiny,gen,p07,c9424396bc7c2f40686e576ac99b23c77687cfee,6,86,0,0
1787640634,tiny,prep,p07,c9424396bc7c2f40686e576ac99b23c77687cfee,6,105,0,21812
1787640634,tiny,gen,p07,c9424396bc7c2f40686e576ac99b23c77687cfee,7,85,0,0
1787640634,tiny,prep,p07,c9424396bc7c2f40686e576ac99b23c77687cfee,7,111,0,21924
1787640634,tiny,gen,p07,c9424396bc7c2f40686e576ac99b23c77687cfee,8,88,0,0
1787640634,tiny,prep,p07,c9424396bc7c2f40686e576ac99b23c77687cfee,8,117,0,21872
1787640634,tiny,gen,p08,502b1a9e8bc83755f8c566574e4c8c6d976b92ca,4,95,0,0
1787640634,tiny,prep,p08,502b1a9e8bc83755f8c566574e4c8c6d976b92ca,4,106,0,21824
1787640634,tiny,gen,p08,502b1a9e8bc83755f8c566574e4c8c6d976b92ca,5,89,0,0
1787640634,tiny,prep,p08,502b1a9e8bc83755f8c566574e4c8c6d976b92ca,5,113,0,21924
1787640634,tiny,gen,p08,502b1a9e8bc83755f8c566574e4c8c6d976b92ca,6,89,0,0
1787640634,tiny,prep,p08,502b1a9e8bc83755f8c566574e4c8c6d976b92ca,6,108,0,21852
1787640634,tiny,gen,p08,502b1a9e8bc83755f8c566574e4c8c6d976b92ca,7,87,0,0
1787640634,tiny,prep,p08,502b1a9e8bc83755f8c566574e4c8c6d976b92ca,7,107,0,21948
1787640634,tiny,gen,p08,502b1a9e8bc83755f8c566574e4c8c6d976b92ca,8,88,0,0
1787640634,tiny,prep,p08,502b1a9e8bc83755f8c566574e4c8c6d976b92ca,8,103,0,21888
1787640634,tiny,gen,p09,5f33dd3c2a7a2621d052210ccbf645ac6944016c,4,86,0,0
1787640634,tiny,prep,p09,5f33dd3c2a7a2621d052210ccbf645ac6944016c,4,110,0,21880
1787640634,tiny,gen,p09,5f33dd3c2a7a2621d052210ccbf645ac6944016c,5,90,0,0
1787640634,tiny,prep,p09,5f33dd3c2a7a2621d052210ccbf645ac6944016c,5,106,0,21928
1787640634,tiny,gen,p09,5f33dd3c2a7a2621d052210ccbf645ac6944016c,6,86,0,0
1787640634,tiny,prep,p09,5f33dd3c2a7a2621d052210ccbf645ac6944016c,6,103,0,22008
1787640634,tiny,gen,p09,5f33dd3c2a7a2621d052210ccbf645ac6944016c,7,84,0,0
1787640634,tiny,prep,p09,5f33dd3c2a7a2621d052210ccbf645ac6944016c,7,106,0,21924
1787640634,tiny,gen,p09,5f33dd3c2a7a2621d052210ccbf645ac6944016c,8,85,0,0
1787640634,tiny,prep,p09,5f33dd3c2a7a2621d052210ccbf645ac6944016c,8,100,0,21872
1787640634,tiny,gen,p10,45c62cccf3dbf862c4c25a513b9685fdb3d4a82e,4,85,0,0
1787640634,tiny,prep,p10,45c62cccf3dbf862c4c25a513b9685fdb3d4a82e,4,102,0,21884
1787640634,tiny,gen,p10,45c62cccf3dbf862c4c25a513b9685fdb3d4a82e,5,84,0,0
1787640634,tiny,prep,p10,45c62cccf3dbf862c4c25a513b9685fdb3d4a82e,5,102,0,21884
1787640634,tiny,gen,p10,45c62cccf3dbf862c4c25a513b9685fdb3d4a82e,6,84,0,0
1787640634,tiny,prep,p10,45c62cccf3dbf862c4c25a513b9685fdb3d4a82e,6,107,0,21912
1787640634,tiny,gen,p10,45c62cccf3dbf862c4c25a513b9685fdb3d4a82e,7,93,0,0
1787640634,tiny,prep,p10,45c62cccf3dbf862c4c25a513b9685fdb3d4a82e,7,109,0,21872
1787640634,tiny,gen,p10,45c62cccf3dbf862c4c25a513b9685fdb3d4a82e,8,88,0,0
1787640634,tiny,prep,p10,45c62cccf3dbf862c4c25a513b9685fdb3d4a82e,8,103,0,21948
1787640634,tiny,gen,p11,406e50d90eb704f98322f2a2ab6de211d988c676,4,86,0,0
1787640634,tiny,prep,p11,406e50d90eb704f98322f2a2ab6de211d988c676,4,102,0,21872
1787640634,tiny,gen,p11,406e50d90eb704f98322f2a2ab6de211d988c676,5,85,0,0
1787640634,tiny,prep,p11,406e50d90eb704f98322f2a2ab6de211d988c676,5,104,0,21944
1787640634,tiny,gen,p11,406e50d90eb704f98322f2a2ab6de211d988c676,6,87,0,0
1787640634,tiny,prep,p11,406e50d90eb704f98322f2a2ab6de211d988c676,6,103,0,21920
1787640634,tiny,gen,p11,406e50d90eb704f98322f2a2ab6de211d988c676,7,84,0,0
1787640634,tiny,prep,p11,406e50d90eb704f98322f2a2ab6de211d988c676,7,100,0,21824
1787640634,tiny,gen,p11,406e50d90eb704f98322f2a2ab6de211d988c676,8,85,0,0
1787640634,tiny,prep,p11,406e50d90eb704f98322f2a2ab6de211d988c676,8,101,0,21948
1787640634,tiny,gen,p12,26e4ff38647c6336f69f1df0772b495105d76abd,4,87,0,0
1787640634,tiny,prep,p12,26e4ff38647c6336f69f1df0772b495105d76abd,4,102,0,21884
1787640634,tiny,gen,p12,26e4ff38647c6336f69f1df0772b495105d76abd,5,85,0,0
1787640634,tiny,prep,p12,26e4ff38647c6336f69f1df0772b495105d76abd,5,104,0,21944
1787640634,tiny,gen,p12,26e4ff38647c6336f69f1df0772b495105d76abd,6,85,0,0
1787640634,tiny,prep,p12,26e4ff38647c6336f69f1df0772b495105d76abd,6,99,0,21940
1787640634,tiny,gen,p12,26e4ff38647c6336f69f1df0772b495105d76abd,7,85,0,0
1787640634,tiny,prep,p12,26e4ff38647c6336f69f1df0772b495105d76abd,7,102,0,21824
1787640634,tiny,gen,p12,26e4ff38647c6336f69f1df0772b495105d76abd,8,84,0,0
1787640634,tiny,prep,p12,26e4ff38647c6336f69f1df0772b495105d76abd,8,100,0,21876
1787640634,tiny,gen,p13,8b61c59b4c743657e1bd91c0e125957b319cd883,4,86,0,0
1787640634,tiny,prep,p13,8b61c59b4c743657e1bd91c0e125957b319cd883,4,101,0,21888
1787640634,tiny,gen,p13,8b61c59b4c743657e1bd91c0e125957b319cd883,5,85,0,0
1787640634,tiny,prep,p13,8b61c59b4c743657e1bd91c0e125957b319cd883,5,101,0,21880
1787640634,tiny,gen,p13,8b61c59b4c743657e1bd91c0e125957b319cd883,6,86,0,0
1787640634,tiny,prep,p13,8b61c59b4c743657e1bd91c0e125957b319cd883,6,99,0,21888
1787640634,tiny,gen,p13,8b61c59b4c743657e1bd91c0e125957b319cd883,7,87,0,0
1787640634,tiny,prep,p13,8b61c59b4c743657e1bd91c0e125957b319cd883,7,101,0,21884
1787640634,tiny,gen,p13,8b61c59b4c743657e1bd91c0e125957b319cd883,8,87,0,0
1787640634,tiny,prep,p13,8b61c59b4c743657e1bd91c0e125957b319cd883,8,99,0,21872
1787640634,tiny,gen,p14,48fcd12614e2f22820dc3eabc8bfe4f3407763af,4,83,0,0
1787640634,tiny,prep,p14,48fcd12614e2f22820dc3eabc8bfe4f3407763af,4,98,0,21940
1787640634,tiny,gen,p14,48fcd12614e2f22820dc3eabc8bfe4f3407763af,5,84,0,0
1787640634,tiny,prep,p14,48fcd12614e2f22820dc3eabc8bfe4f3407763af,5,100,0,21876
1787640634,tiny,gen,p14,48fcd12614e2f22820dc3eabc8bfe4f3407763af,6,84,0,0
1787640634,tiny,prep,p14,48fcd12614e2f22820dc3eabc8bfe4f3407763af,6,99,0,21880
1787640634,tiny,gen,p14,48fcd12614e2f22820dc3eabc8bfe4f3407763af,7,89,0,0
1787640634,tiny,prep,p14,48fcd12614e2f22820dc3eabc8bfe4f3407763af,7,99,0,21864
1787640634,tiny,gen,p14,48fcd12614e2f22820dc3eabc8bfe4f3407763af,8,88,0,0
1787640634,tiny,prep,p14,48fcd12614e2f22820dc3eabc8bfe4f3407763af,8,99,0,21948
1787640634,tiny,gen,p15,4c9bca9e34d78ef186f4d184b32da3fcba19fae0,4,83,0,0
1787640634,tiny,prep,p15,4c9bca9e34d78ef186f4d184b32da3fcba19fae0,4,99,0,22012
1787640634,tiny,gen,p15,4c9bca9e34d78ef186f4d184b32da3fcba19fae0,5,83,0,0
1787640634,tiny,prep,p15,4c9bca9e34d78ef186f4d184b32da3fcba19fae0,5,100,0,21888
1787640634,tiny,gen,p15,4c9bca9e34d78ef186f4d184b32da3fcba19fae0,6,87,0,0
1787640634,tiny,prep,p15,4c9bca9e34d78ef186f4d184b32da3fcba19fae0,6,98,0,21880
1787640634,tiny,gen,p15,4c9bca9e34d78ef186f4d184b32da3fcba19fae0,7,83,0,0
1787640634,tiny,prep,p15,4c9bca9e34d78ef186f4d184b32da3fcba19fae0,7,97,0,21948
1787640634,tiny,gen,p15,4c9bca9e34d78ef186f4d184b32da3fcba19fae0,8,85,0,0
1787640634,tiny,prep,p15,4c9bca9e34d78ef186f4d184b32da3fcba19fae0,8,96,0,21820
1787640634,tiny,gen,p16,7c9ae2029e18909a97773cd7693f2e4b48a8d0eb,4,83,0,0
1787640634,tiny,prep,p16,7c9ae2029e18909a97773cd7693f2e4b48a8d0eb,4,98,0,21944
1787640634,tiny,gen,p16,7c9ae2029e18909a97773cd7693f2e4b48a8d0eb,5,81,0,0
1787640634,tiny,prep,p16,7c9ae2029e18909a97773cd7693f2e4b48a8d0eb,5,97,0,21820
1787640634,tiny,gen,p16,7c9ae2029e18909a97773cd7693f2e4b48a8d0eb,6,85,0,0
1787640634,tiny,prep,p16,7c9ae2029e18909a97773cd7693f2e4b48a8d0eb,6,100,0,21884
1787640634,tiny,gen,p16,7c9ae2029e18909a97773cd7693f2e4b48a8d0eb,7,89,0,0
1787640634,tiny,prep,p16,7c9ae2029e18909a97773cd7693f2e4b48a8d0eb,7,99,0,21916
1787640634,tiny,gen,p16,7c9ae2029e18909a97773cd7693f2e4b48a8d0eb,8,82,0,0
1787640634,tiny,prep,p16,7c9ae2029e18909a97773cd7693f2e4b48a8d0eb,8,103,0,21988
1787640634,tiny,gen,p17,067bdbc08d585077e2a1f0907ee0a1e84a90e795,4,84,0,0
1787640634,tiny,prep,p17,067bdbc08d585077e2a1f0907ee0a1e84a90e795,4,99,0,21872
1787640634,tiny,gen,p17,067bdbc08d585077e2a1f0907ee0a1e84a90e795,5,83,0,0
1787640634,tiny,prep,p17,067bdbc08d585077e2a1f0907ee0a1e84a90e795,5,101,0,21872
1787640634,tiny,gen,p17,067bdbc08d585077e2a1f0907ee0a1e84a90e795,6,83,0,0
1787640634,tiny,prep,p17,067bdbc08d585077e2a1f0907ee0a1e84a90e795,6,101,0,21948
1787640634,tiny,gen,p17,067bdbc08d585077e2a1f0907ee0a1e84a90e795,7,84,0,0
1787640634,tiny,prep,p17,067bdbc08d585077e2a1f0907ee0a1e84a90e795,7,98,0,21932
1787640634,tiny,gen,p17,067bdbc08d585077e2a1f0907ee0a1e84a90e795,8,83,0,0
1787640634,tiny,prep,p17,067bdbc08d585077e2a1f0907ee0a1e84a90e795,8,99,0,21876
1787726341,tiny,gen,p00,4600b24c6d95a25ff081ad37b63b2a01c29d43a5,1,243,0,0
1787726341,tiny,prep,p00,4600b24c6d95a25ff081ad37b63b2a01c29d43a5,1,114,0,0
1787726341,tiny,gen,p00,4600b24c6d95a25ff081ad37b63b2a01c29d43a5,2,89,0,0
1787726341,tiny,prep,p00,4600b24c6d95a25ff081ad37b63b2a01c29d43a5,2,105,0,0
1787726341,tiny,gen,p00,4600b24c6d95a25ff081ad37b63b2a01c29d43a5,3,89,0,0
1787726341,tiny,prep,p00,4600b24c6d95a25ff081ad37b63b2a01c29d43a5,3,115,0,0
1787726341,tiny,gen,p00,4600b24c6d95a25ff081ad37b63b2a01c29d43a5,4,91,0,0
1787726341,tiny,prep,p00,4600b24c6d95a25ff081ad37b63b2a01c29d43a5,4,113,0,0
1787726341,tiny,gen,p00,4600b24c6d95a25ff081ad37b63b2a01c29d43a5,5,88,0,0
1787726341,tiny,prep,p00,4600b24c6d95a25ff081ad37b63b2a01c29d43a5,5,105,0,0
1787726341,tiny,gen,p00,4600b24c6d95a25ff081ad37b63b2a01c29d43a5,6,88,0,0
1787726341,tiny,prep,p00,4600b24c6d95a25ff081ad37b63b2a01c29d43a5,6,107,0,0
1787726341,tiny,gen,p00,4600b24c6d95a25ff081ad37b63b2a01c29d43a5,7,89,0,0
1787726341,tiny,prep,p00,4600b24c6d95a25ff081ad37b63b2a01c29d43a5,7,107,0,0
1787726341,tiny,gen,p00,4600b24c6d95a25ff081ad37b63b2a01c29d43a5,8,91,0,0
1787726341,tiny,prep,p00,4600b24c6d95a25ff081ad37b63b2a01c29d43a5,8,119,0,0
1787726341,tiny,gen,p00,4600b24c6d95a25ff081ad37b63b2a01c29d43a5,9,92,0,0
1787726341,tiny,prep,p00,4600b24c6d95a25ff081ad37b63b2a01c29d43a5,9,108,0,0
1787726341,tiny,gen,p00,4600b24c6d95a25ff081ad37b63b2a01c29d43a5,10,91,0,0
1787726341,tiny,prep,p00,4600b24c6d95a25ff081ad37b63b2a01c29d43a5,10,108,0,0
1787726341,tiny,gen,p00,4600b24c6d95a25ff081ad37b63b2a01c29d43a5,11,90,0,0
1787726341,tiny,prep,p00,4600b24c6d95a25ff081ad37b63b2a01c29d43a5,11,114,0,0
1787726341,tiny,gen,p00,4600b24c6d95a25ff081ad37b63b2a01c29d43a5,12,91,0,0
1787726341,tiny,prep,p00,4600b24c6d95a25ff081ad37b63b2a01c29d43a5,12,106,0,0
1787726341,synth100,gen,p00,4600b24c6d95a25ff081ad37b63b2a01c29d43a5,1,214,0,0
1787726341,synth100,prep,p00,4600b24c6d95a25ff081ad37b63b2a01c29d43a5,1,3333,0,0
1787726341,synth100,gen,p00,4600b24c6d95a25ff081ad37b63b2a01c29d43a5,2,261,0,0
1787726341,synth100,prep,p00,4600b24c6d95a25ff081ad37b63b2a01c29d43a5,2,3232,0,0
1787726341,synth100,gen,p00,4600b24c6d95a25ff081ad37b63b2a01c29d43a5,3,216,0,0
1787726341,synth100,prep,p00,4600b24c6d95a25ff081ad37b63b2a01c29d43a5,3,3851,0,0
1787726341,synth100,gen,p00,4600b24c6d95a25ff081ad37b63b2a01c29d43a5,4,213,0,0
1787726341,synth100,prep,p00,4600b24c6d95a25ff081ad37b63b2a01c29d43a5,4,3304,0,0
1787726341,synth100,gen,p00,4600b24c6d95a25ff081ad37b63b2a01c29d43a5,5,213,0,0
1787726341,synth100,prep,p00,4600b24c6d95a25ff081ad37b63b2a01c29d43a5,5,3813,0,0
1787726341,synth100,gen,p00,4600b24c6d95a25ff081ad37b63b2a01c29d43a5,6,234,0,0
1787726341,synth100,prep,p00,4600b24c6d95a25ff081ad37b63b2a01c29d43a5,6,3382,0,0
1787726341,synth100,gen,p00,4600b24c6d95a25ff081ad37b63b2a01c29d43a5,7,226,0,0
1787726341,synth100,prep,p00,4600b24c6d95a25ff081ad37b63b2a01c29d43a5,7,3825,0,0
1787726341,synth100,gen,p00,4600b24c6d95a25ff081ad37b63b2a01c29d43a5,8,232,0,0
1787726341,synth100,prep,p00,4600b24c6d95a25ff081ad37b63b2a01c29d43a5,8,3914,0,0
1787726341,synth100,gen,p00,4600b24c6d95a25ff081ad37b63b2a01c29d43a5,9,226,0,0
1787726341,synth100,prep,p00,4600b24c6d95a25ff081ad37b63b2a01c29d43a5,9,3518,0,0
1787726341,synth100,gen,p00,4600b24c6d95a25ff081ad37b63b2a01c29d43a5,10,221,0,0
1787726341,synth100,prep,p00,4600b24c6d95a25ff081ad37b63b2a01c29d43a5,10,3396,0,0
1787726341,synth100,gen,p00,4600b24c6d95a25ff081ad37b63b2a01c29d43a5,11,215,0,0
1787726341,synth100,prep,p00,4600b24c6d95a25ff081ad37b63b2a01c29d43a5,11,3228,0,0
1787726341,synth100,gen,p00,4600b24c6d95a25ff081ad37b63b2a01c29d43a5,12,226,0,0
1787726341,synth100,prep,p00,4600b24c6d95a25ff081ad37b63b2a01c29d43a5,12,3327,0,0
1787726341,tiny,gen,p01,3baeb0b5adc6b21be4b86e79346192bfbcc6e043,1,91,0,0
1787726341,tiny,prep,p01,3baeb0b5adc6b21be4b86e79346192bfbcc6e043,1,108,0,0
1787726341,tiny,gen,p01,3baeb0b5adc6b21be4b86e79346192bfbcc6e043,2,122,0,0
1787726341,tiny,prep,p01,3baeb0b5adc6b21be4b86e79346192bfbcc6e043,2,118,0,0
1787726341,tiny,gen,p01,3baeb0b5adc6b21be4b86e79346192bfbcc6e043,3,91,0,0
1787726341,tiny,prep,p01,3baeb0b5adc6b21be4b86e79346192bfbcc6e043,3,107,0,0
1787726341,tiny,gen,p01,3baeb0b5adc6b21be4b86e79346192bfbcc6e043,4,97,0,0
1787726341,tiny,prep,p01,3baeb0b5adc6b21be4b86e79346192bfbcc6e043,4,109,0,0
1787726341,tiny,gen,p01,3baeb0b5adc6b21be4b86e79346192bfbcc6e043,5,89,0,0
1787726341,tiny,prep,p01,3baeb0b5adc6b21be4b86e79346192bfbcc6e043,5,154,0,0
1787726341,tiny,gen,p01,3baeb0b5adc6b21be4b86e79346192bfbcc6e043,6,90,0,0
1787726341,tiny,prep,p01,3baeb0b5adc6b21be4b86e79346192bfbcc6e043,6,109,0,0
1787726341,tiny,gen,p01,3baeb0b5adc6b21be4b86e79346192bfbcc6e043,7,91,0,0
1787726341,tiny,prep,p01,3baeb0b5adc6b21be4b86e79346192bfbcc6e043,7,108,0,0
1787726341,tiny,gen,p01,3baeb0b5adc6b21be4b86e79346192bfbcc6e043,8,89,0,0
1787726341,tiny,prep,p01,3baeb0b5adc6b21be4b86e79346192bfbcc6e043,8,112,0,0
1787726341,tiny,gen,p01,3baeb0b5adc6b21be4b86e79346192bfbcc6e043,9,92,0,0
1787726341,tiny,prep,p01,3baeb0b5adc6b21be4b86e79346192bfbcc6e043,9,106,0,0
1787726341,tiny,gen,p01,3baeb0b5adc6b21be4b86e79346192bfbcc6e043,10,91,0,0
1787726341,tiny,prep,p01,3baeb0b5adc6b21be4b86e79346192bfbcc6e043,10,140,0,0
1787726341,tiny,gen,p01,3baeb0b5adc6b21be4b86e79346192bfbcc6e043,11,93,0,0
1787726341,tiny,prep,p01,3baeb0b5adc6b21be4b86e79346192bfbcc6e043,11,106,0,0
1787726341,tiny,gen,p01,3baeb0b5adc6b21be4b86e79346192bfbcc6e043,12,90,0,0
1787726341,tiny,prep,p01,3baeb0b5adc6b21be4b86e79346192bfbcc6e043,12,109,0,0
1787726341,synth100,gen,p01,3baeb0b5adc6b21be4b86e79346192bfbcc6e043,1,221,0,0
1787726341,synth100,prep,p01,3baeb0b5adc6b21be4b86e79346192bfbcc6e043,1,3329,0,0
1787726341,synth100,gen,p01,3baeb0b5adc6b21be4b86e79346192bfbcc6e043,2,214,0,0
1787726341,synth100,prep,p01,3baeb0b5adc6b21be4b86e79346192bfbcc6e043,2,3383,0,0
1787726341,synth100,gen,p01,3baeb0b5adc6b21be4b86e79346192bfbcc6e043,3,249,0,0
1787726341,synth100,prep,p01,3baeb0b5adc6b21be4b86e79346192bfbcc6e043,3,3396,0,0
1787726341,synth100,gen,p01,3baeb0b5adc6b21be4b86e79346192bfbcc6e043,4,209,0,0
1787726341,synth100,prep,p01,3baeb0b5adc6b21be4b86e79346192bfbcc6e043,4,3427,0,0
1787726341,synth100,gen,p01,3baeb0b5adc6b21be4b86e79346192bfbcc6e043,5,263,0,0
1787726341,synth100,prep,p01,3baeb0b5adc6b21be4b86e79346192bfbcc6e043,5,3831,0,0
1787726341,synth100,gen,p01,3baeb0b5adc6b21be4b86e79346192bfbcc6e043,6,235,0,0
1787726341,synth100,prep,p01,3baeb0b5adc6b21be4b86e79346192bfbcc6e043,6,3524,0,0
1787726341,synth100,gen,p01,3baeb0b5adc6b21be4b86e79346192bfbcc6e043,7,219,0,0
1787726341,synth100,prep,p01,3baeb0b5adc6b21be4b86e79346192bfbcc6e043,7,3452,0,0
1787726341,synth100,gen,p01,3baeb0b5adc6b21be4b86e79346192bfbcc6e043,8,206,0,0
1787726341,synth100,prep,p01,3baeb0b5adc6b21be4b86e79346192bfbcc6e043,8,3746,0,0
1787726341,synth100,gen,p01,3baeb0b5adc6b21be4b86e79346192bfbcc6e043,9,222,0,0
1787726341,synth100,prep,p01,3baeb0b5adc6b21be4b86e79346192bfbcc6e043,9,3589,0,0
1787726341,synth100,gen,p01,3baeb0b5adc6b21be4b86e79346192bfbcc6e043,10,217,0,0
1787726341,synth100,prep,p01,3baeb0b5adc6b21be4b86e79346192bfbcc6e043,10,3462,0,0
1787726341,synth100,gen,p01,3baeb0b5adc6b21be4b86e79346192bfbcc6e043,11,225,0,0
1787726341,synth100,prep,p01,3baeb0b5adc6b21be4b86e79346192bfbcc6e043,11,3548,0,0
1787726341,synth100,gen,p01,3baeb0b5adc6b21be4b86e79346192bfbcc6e043,12,222,0,0
1787726341,synth100,prep,p01,3baeb0b5adc6b21be4b86e79346192bfbcc6e043,12,3411,0,0
1787726341,tiny,gen,p02,aeffba0a4fb46ce3cb7ecf7ae04dcb3c50167779,1,88,0,0
1787726341,tiny,prep,p02,aeffba0a4fb46ce3cb7ecf7ae04dcb3c50167779,1,111,0,0
1787726341,tiny,gen,p02,aeffba0a4fb46ce3cb7ecf7ae04dcb3c50167779,2,89,0,0
1787726341,tiny,prep,p02,aeffba0a4fb46ce3cb7ecf7ae04dcb3c50167779,2,110,0,0
1787726341,tiny,gen,p02,aeffba0a4fb46ce3cb7ecf7ae04dcb3c50167779,3,89,0,0
1787726341,tiny,prep,p02,aeffba0a4fb46ce3cb7ecf7ae04dcb3c50167779,3,107,0,0
1787726341,tiny,gen,p02,aeffba0a4fb46ce3cb7ecf7ae04dcb3c50167779,4,99,0,0
1787726341,tiny,prep,p02,aeffba0a4fb46ce3cb7ecf7ae04dcb3c50167779,4,109,0,0
1787726341,tiny,gen,p02,aeffba0a4fb46ce3cb7ecf7ae04dcb3c50167779,5,88,0,0
1787726341,tiny,prep,p02,aeffba0a4fb46ce3cb7ecf7ae04dcb3c50167779,5,130,0,0
1787726341,tiny,gen,p02,aeffba0a4fb46ce3cb7ecf7ae04dcb3c50167779,6,92,0,0
1787726341,tiny,prep,p02,aeffba0a4fb46ce3cb7ecf7ae04dcb3c50167779,6,111,0,0
1787726341,tiny,gen,p02,aeffba0a4fb46ce3cb7ecf7ae04dcb3c50167779,7,93,0,0
1787726341,tiny,prep,p02,aeffba0a4fb46ce3cb7ecf7ae04dcb3c50167779,7,109,0,0
1787726341,tiny,gen,p02,aeffba0a4fb46ce3cb7ecf7ae04dcb3c50167779,8,90,0,0
1787726341,tiny,prep,p02,aeffba0a4fb46ce3cb7ecf7ae04dcb3c50167779,8,111,0,0
1787726341,tiny,gen,p02,aeffba0a4fb46ce3cb7ecf7ae04dcb3c50167779,9,96,0,0
1787726341,tiny,prep,p02,aeffba0a4fb46ce3cb7ecf7ae04dcb3c50167779,9,109,0,0
1787726341,tiny,gen,p02,aeffba0a4fb46ce3cb7ecf7ae04dcb3c50167779,10,90,0,0
1787726341,tiny,prep,p02,aeffba0a4fb46ce3cb7ecf7ae04dcb3c50167779,10,107,0,0
1787726341,tiny,gen,p02,aeffba0a4fb46ce3cb7ecf7ae04dcb3c50167779,11,93,0,0
1787726341,tiny,prep,p02,aeffba0a4fb46ce3cb7ecf7ae04dcb3c50167779,11,105,0,0
1787726341,tiny,gen,p02,aeffba0a4fb46ce3cb7ecf7ae04dcb3c50167779,12,87,0,0
1787726341,tiny,prep,p02,aeffba0a4fb46ce3cb7ecf7ae04dcb3c50167779,12,114,0,0
1787726341,synth100,gen,p02,aeffba0a4fb46ce3cb7ecf7ae04dcb3c50167779,1,247,0,0
1787726341,synth100,prep,p02,aeffba0a4fb46ce3cb7ecf7ae04dcb3c50167779,1,3472,0,0
1787726341,synth100,gen,p02,aeffba0a4fb46ce3cb7ecf7ae04dcb3c50167779,2,216,0,0
1787726341,synth100,prep,p02,aeffba0a4fb46ce3cb7ecf7ae04dcb3c50167779,2,3576,0,0
1787726341,synth100,gen,p02,aeffba0a4fb46ce3cb7ecf7ae04dcb3c50167779,3,237,0,0
1787726341,synth100,prep,p02,aeffba0a4fb46ce3cb7ecf7ae04dcb3c50167779,3,3504,0,0
1787726341,synth100,gen,p02,aeffba0a4fb46ce3cb7ecf7ae04dcb3c50167779,4,239,0,0
1787726341,synth100,prep,p02,aeffba0a4fb46ce3cb7ecf7ae04dcb3c50167779,4,3485,0,0
1787726341,synth100,gen,p02,aeffba0a4fb46ce3cb7ecf7ae04dcb3c50167779,5,236,0,0
1787726341,synth100,prep,p02,aeffba0a4fb46ce3cb7ecf7ae04dcb3c50167779,5,3540,0,0
1787726341,synth100,gen,p02,aeffba0a4fb46ce3cb7ecf7ae04dcb3c50167779,6,240,0,0
1787726341,synth100,prep,p02,aeffba0a4fb46ce3cb7ecf7ae04dcb3c50167779,6,3523,0,0
1787726341,synth100,gen,p02,aeffba0a4fb46ce3cb7ecf7ae04dcb3c50167779,7,224,0,0
1787726341,synth100,prep,p02,aeffba0a4fb46ce3cb7ecf7ae04dcb3c50167779,7,3400,0,0
1787726341,synth100,gen,p02,aeffba0a4fb46ce3cb7ecf7ae04dcb3c50167779,8,214,0,0
1787726341,synth100,prep,p02,aeffba0a4fb46ce3cb7ecf7ae04dcb3c50167779,8,3367,0,0
1787726341,synth100,gen,p02,aeffba0a4fb46ce3cb7ecf7ae04dcb3c50167779,9,222,0,0
1787726341,synth100,prep,p02,aeffba0a4fb46ce3cb7ecf7ae04dcb3c50167779,9,3339,0,0
1787726341,synth100,gen,p02,aeffba0a4fb46ce3cb7ecf7ae04dcb3c50167779,10,223,0,0
1787726341,synth100,prep,p02,aeffba0a4fb46ce3cb7ecf7ae04dcb3c50167779,10,3320,0,0
1787726341,synth100,gen,p02,aeffba0a4fb46ce3cb7ecf7ae04dcb3c50167779,11,218,0,0
1787726341,synth100,prep,p02,aeffba0a4fb46ce3cb7ecf7ae04dcb3c50167779,11,3522,0,0
1787726341,synth100,gen,p02,aeffba0a4fb46ce3cb7ecf7ae04dcb3c50167779,12,220,0,0
1787726341,synth100,prep,p02,aeffba0a4fb46ce3cb7ecf7ae04dcb3c50167779,12,3348,0,0
1787726341,tiny,gen,p03,ed084329d6eef03d287aad4da3c13c2568515c5e,1,97,0,0
1787726341,tiny,prep,p03,ed084329d6eef03d287aad4da3c13c2568515c5e,1,110,0,0
1787726341,tiny,gen,p03,ed084329d6eef03d287aad4da3c13c2568515c5e,2,92,0,0
1787726341,tiny,prep,p03,ed084329d6eef03d287aad4da3c13c2568515c5e,2,118,0,0
1787726341,tiny,gen,p03,ed084329d6eef03d287aad4da3c13c2568515c5e,3,97,0,0
1787726341,tiny,prep,p03,ed084329d6eef03d287aad4da3c13c2568515c5e,3,113,0,0
1787726341,tiny,gen,p03,ed084329d6eef03d287aad4da3c13c2568515c5e,4,90,0,0
1787726341,tiny,prep,p03,ed084329d6eef03d287aad4da3c13c2568515c5e,4,119,0,0
1787726341,tiny,gen,p03,ed084329d6eef03d287aad4da3c13c2568515c5e,5,97,0,0
1787726341,tiny,prep,p03,ed084329d6eef03d287aad4da3c13c2568515c5e,5,112,0,0
1787726341,tiny,gen,p03,ed084329d6eef03d287aad4da3c13c2568515c5e,6,99,0,0
1787726341,tiny,prep,p03,ed084329d6eef03d287aad4da3c13c2568515c5e,6,117,0,0
1787726341,tiny,gen,p03,ed084329d6eef03d287aad4da3c13c2568515c5e,7,91,0,0
1787726341,tiny,prep,p03,ed084329d6eef03d287aad4da3c13c2568515c5e,7,111,0,0
1787726341,tiny,gen,p03,ed084329d6eef03d287aad4da3c13c2568515c5e,8,93,0,0
1787726341,tiny,prep,p03,ed084329d6eef03d287aad4da3c13c2568515c5e,8,107,0,0
1787726341,tiny,gen,p03,ed084329d6eef03d287aad4da3c13c2568515c5e,9,129,0,0
1787726341,tiny,prep,p03,ed084329d6eef03d287aad4da3c13c2568515c5e,9,123,0,0
1787726341,tiny,gen,p03,ed084329d6eef03d287aad4da3c13c2568515c5e,10,90,0,0
1787726341,tiny,prep,p03,ed084329d6eef03d287aad4da3c13c2568515c5e,10,112,0,0
1787726341,tiny,gen,p03,ed084329d6eef03d287aad4da3c13c2568515c5e,11,88,0,0
1787726341,tiny,prep,p03,ed084329d6eef03d287aad4da3c13c2568515c5e,11,114,0,0
1787726341,tiny,gen,p03,ed084329d6eef03d287aad4da3c13c2568515c5e,12,95,0,0
1787726341,tiny,prep,p03,ed084329d6eef03d287aad4da3c13c2568515c5e,12,116,0,0
1787726341,synth100,gen,p03,ed084329d6eef03d287aad4da3c13c2568515c5e,1,219,0,0
1787726341,synth100,prep,p03,ed084329d6eef03d287aad4da3c13c2568515c5e,1,3514,0,0
1787726341,synth100,gen,p03,ed084329d6eef03d287aad4da3c13c2568515c5e,2,241,0,0
1787726341,synth100,prep,p03,ed084329d6eef03d287aad4da3c13c2568515c5e,2,4114,0,0
1787726341,synth100,gen,p03,ed084329d6eef03d287aad4da3c13c2568515c5e,3,209,0,0
1787726341,synth100,prep,p03,ed084329d6eef03d287aad4da3c13c2568515c5e,3,3430,0,0
1787726341,synth100,gen,p03,ed084329d6eef03d287aad4da3c13c2568515c5e,4,220,0,0
1787726341,synth100,prep,p03,ed084329d6eef03d287aad4da3c13c2568515c5e,4,3884,0,0
1787726341,synth100,gen,p03,ed084329d6eef03d287aad4da3c13c2568515c5e,5,225,0,0
1787726341,synth100,prep,p03,ed084329d6eef03d287aad4da3c13c2568515c5e,5,3373,0,0
1787726341,synth100,gen,p03,ed084329d6eef03d287aad4da3c13c2568515c5e,6,242,0,0
1787726341,synth100,prep,p03,ed084329d6eef03d287aad4da3c13c2568515c5e,6,3554,0,0
1787726341,synth100,gen,p03,ed084329d6eef03d287aad4da3c13c2568515c5e,7,244,0,0
1787726341,synth100,prep,p03,ed084329d6eef03d287aad4da3c13c2568515c5e,7,3509,0,0
1787726341,synth100,gen,p03,ed084329d6eef03d287aad4da3c13c2568515c5e,8,223,0,0
1787726341,synth100,prep,p03,ed084329d6eef03d287aad4da3c13c2568515c5e,8,3528,0,0
1787726341,synth100,gen,p03,ed084329d6eef03d287aad4da3c13c2568515c5e,9,237,0,0
1787726341,synth100,prep,p03,ed084329d6eef03d287aad4da3c13c2568515c5e,9,3455,0,0
1787726341,synth100,gen,p03,ed084329d6eef03d287aad4da3c13c2568515c5e,10,236,0,0
1787726341,synth100,prep,p03,ed084329d6eef03d287aad4da3c13c2568515c5e,10,3457,0,0
1787726341,synth100,gen,p03,ed084329d6eef03d287aad4da3c13c2568515c5e,11,230,0,0
1787726341,synth100,prep,p03,ed084329d6eef03d287aad4da3c13c2568515c5e,11,3566,0,0
1787726341,synth100,gen,p03,ed084329d6eef03d287aad4da3c13c2568515c5e,12,221,0,0
1787726341,synth100,prep,p03,ed084329d6eef03d287aad4da3c13c2568515c5e,12,3330,0,0
1787726341,tiny,gen,p04,64f03fce29369b2878614fb136c38ae2fac4265c,1,89,0,0
1787726341,tiny,prep,p04,64f03fce29369b2878614fb136c38ae2fac4265c,1,112,0,0
1787726341,tiny,gen,p04,64f03fce29369b2878614fb136c38ae2fac4265c,2,86,0,0
1787726341,tiny,prep,p04,64f03fce29369b2878614fb136c38ae2fac4265c,2,109,0,0
1787726341,tiny,gen,p04,64f03fce29369b2878614fb136c38ae2fac4265c,3,93,0,0
1787726341,tiny,prep,p04,64f03fce29369b2878614fb136c38ae2fac4265c,3,103,0,0
1787726341,tiny,gen,p04,64f03fce29369b2878614fb136c38ae2fac4265c,4,88,0,0
1787726341,tiny,prep,p04,64f03fce29369b2878614fb136c38ae2fac4265c,4,110,0,0
1787726341,tiny,gen,p04,64f03fce29369b2878614fb136c38ae2fac4265c,5,92,0,0
1787726341,tiny,prep,p04,64f03fce29369b2878614fb136c38ae2fac4265c,5,115,0,0
1787726341,tiny,gen,p04,64f03fce29369b2878614fb136c38ae2fac4265c,6,91,0,0
1787726341,tiny,prep,p04,64f03fce29369b2878614fb136c38ae2fac4265c,6,108,0,0
1787726341,tiny,gen,p04,64f03fce29369b2878614fb136c38ae2fac4265c,7,88,0,0
1787726341,tiny,prep,p04,64f03fce29369b2878614fb136c38ae2fac4265c,7,103,0,0
1787726341,tiny,gen,p04,64f03fce29369b2878614fb136c38ae2fac4265c,8,86,0,0
1787726341,tiny,prep,p04,64f03fce29369b2878614fb136c38ae2fac4265c,8,104,0,0
1787726341,tiny,gen,p04,64f03fce29369b2878614fb136c38ae2fac4265c,9,86,0,0
1787726341,tiny,prep,p04,64f03fce29369b2878614fb136c38ae2fac4265c,9,113,0,0
1787726341,tiny,gen,p04,64f03fce29369b2878614fb136c38ae2fac4265c,10,95,0,0
1787726341,tiny,prep,p04,64f03fce29369b2878614fb136c38ae2fac4265c,10,109,0,0
1787726341,tiny,gen,p04,64f03fce29369b2878614fb136c38ae2fac4265c,11,85,0,0
1787726341,tiny,prep,p04,64f03fce29369b2878614fb136c38ae2fac4265c,11,106,0,0
1787726341,tiny,gen,p04,64f03fce29369b2878614fb136c38ae2fac4265c,12,87,0,0
1787726341,tiny,prep,p04,64f03fce29369b2878614fb136c38ae2fac4265c,12,105,0,0
1787726341,synth100,gen,p04,64f03fce29369b2878614fb136c38ae2fac4265c,1,214,0,0
1787726341,synth100,prep,p04,64f03fce29369b2878614fb136c38ae2fac4265c,1,3584,0,0
1787726341,synth100,gen,p04,64f03fce29369b2878614fb136c38ae2fac4265c,2,207,0,0
1787726341,synth100,prep,p04,64f03fce29369b2878614fb136c38ae2fac4265c,2,3475,0,0
1787726341,synth100,gen,p04,64f03fce29369b2878614fb136c38ae2fac4265c,3,220,0,0
1787726341,synth100,prep,p04,64f03fce29369b2878614fb136c38ae2fac4265c,3,3231,0,0
1787726341,synth100,gen,p04,64f03fce29369b2878614fb136c38ae2fac4265c,4,225,0,0
1787726341,synth100,prep,p04,64f03fce29369b2878614fb136c38ae2fac4265c,4,4131,0,0
1787726341,synth100,gen,p04,64f03fce29369b2878614fb136c38ae2fac4265c,5,265,0,0
1787726341,synth100,prep,p04,64f03fce29369b2878614fb136c38ae2fac4265c,5,3570,0,0
1787726341,synth100,gen,p04,64f03fce29369b2878614fb136c38ae2fac4265c,6,224,0,0
1787726341,synth100,prep,p04,64f03fce29369b2878614fb136c38ae2fac4265c,6,3361,0,0
1787726341,synth100,gen,p04,64f03fce29369b2878614fb136c38ae2fac4265c,7,213,0,0
1787726341,synth100,prep,p04,64f03fce29369b2878614fb136c38ae2fac4265c,7,3623,0,0
1787726341,synth100,gen,p04,64f03fce29369b2878614fb136c38ae2fac4265c,8,229,0,0
1787726341,synth100,prep,p04,64f03fce29369b2878614fb136c38ae2fac4265c,8,3910,0,0
1787726341,synth100,gen,p04,64f03fce29369b2878614fb136c38ae2fac4265c,9,220,0,0
1787726341,synth100,prep,p04,64f03fce29369b2878614fb136c38ae2fac4265c,9,3489,0,0
1787726341,synth100,gen,p04,64f03fce29369b2878614fb136c38ae2fac4265c,10,219,0,0
1787726341,synth100,prep,p04,64f03fce29369b2878614fb136c38ae2fac4265c,10,3438,0,0
1787726341,synth100,gen,p04,64f03fce29369b2878614fb136c38ae2fac4265c,11,222,0,0
1787726341,synth100,prep,p04,64f03fce29369b2878614fb136c38ae2fac4265c,11,3318,0,0
1787726341,synth100,gen,p04,64f03fce29369b2878614fb136c38ae2fac4265c,12,204,0,0
1787726341,synth100,prep,p04,64f03fce29369b2878614fb136c38ae2fac4265c,12,3319,0,0
1787726341,tiny,gen,p05,755f909ff5c263c3f49e9a6c04ad827c1c3874ba,1,93,0,0
1787726341,tiny,prep,p05,755f909ff5c263c3f49e9a6c04ad827c1c3874ba,1,106,0,0
1787726341,tiny,gen,p05,755f909ff5c263c3f49e9a6c04ad827c1c3874ba,2,86,0,0
1787726341,tiny,prep,p05,755f909ff5c263c3f49e9a6c04ad827c1c3874ba,2,103,0,0
1787726341,tiny,gen,p05,755f909ff5c263c3f49e9a6c04ad827c1c3874ba,3,86,0,0
1787726341,tiny,prep,p05,755f909ff5c263c3f49e9a6c04ad827c1c3874ba,3,114,0,0
1787726341,tiny,gen,p05,755f909ff5c263c3f49e9a6c04ad827c1c3874ba,4,83,0,0
1787726341,tiny,prep,p05,755f909ff5c263c3f49e9a6c04ad827c1c3874ba,4,105,0,0
1787726341,tiny,gen,p05,755f909ff5c263c3f49e9a6c04ad827c1c3874ba,5,85,0,0
1787726341,tiny,prep,p05,755f909ff5c263c3f49e9a6c04ad827c1c3874ba,5,109,0,0
1787726341,tiny,gen,p05,755f909ff5c263c3f49e9a6c04ad827c1c3874ba,6,87,0,0
1787726341,tiny,prep,p05,755f909ff5c263c3f49e9a6c04ad827c1c3874ba,6,123,0,0
1787726341,tiny,gen,p05,755f909ff5c263c3f49e9a6c04ad827c1c3874ba,7,87,0,0
1787726341,tiny,prep,p05,755f909ff5c263c3f49e9a6c04ad827c1c3874ba,7,103,0,0
1787726341,tiny,gen,p05,755f909ff5c263c3f49e9a6c04ad827c1c3874ba,8,85,0,0
1787726341,tiny,prep,p05,755f909ff5c263c3f49e9a6c04ad827c1c3874ba,8,103,0,0
1787726341,tiny,gen,p05,755f909ff5c263c3f49e9a6c04ad827c1c3874ba,9,82,0,0
1787726341,tiny,prep,p05,755f909ff5c263c3f49e9a6c04ad827c1c3874ba,9,107,0,0
1787726341,tiny,gen,p05,755f909ff5c263c3f49e9a6c04ad827c1c3874ba,10,85,0,0
1787726341,tiny,prep,p05,755f909ff5c263c3f49e9a6c04ad827c1c3874ba,10,108,0,0
1787726341,tiny,gen,p05,755f909ff5c263c3f49e9a6c04ad827c1c3874ba,11,84,0,0
1787726341,tiny,prep,p05,755f909ff5c263c3f49e9a6c04ad827c1c3874ba,11,100,0,0
1787726341,tiny,gen,p05,755f909ff5c263c3f49e9a6c04ad827c1c3874ba,12,83,0,0
1787726341,tiny,prep,p05,755f909ff5c263c3f49e9a6c04ad827c1c3874ba,12,101,0,0
1787726341,synth100,gen,p05,755f909ff5c263c3f49e9a6c04ad827c1c3874ba,1,211,0,0
1787726341,synth100,prep,p05,755f909ff5c263c3f49e9a6c04ad827c1c3874ba,1,3368,0,0
1787726341,synth100,gen,p05,755f909ff5c263c3f49e9a6c04ad827c1c3874ba,2,218,0,0
1787726341,synth100,prep,p05,755f909ff5c263c3f49e9a6c04ad827c1c3874ba,2,3545,0,0
1787726341,synth100,gen,p05,755f909ff5c263c3f49e9a6c04ad827c1c3874ba,3,251,0,0
1787726341,synth100,prep,p05,755f909ff5c263c3f49e9a6c04ad827c1c3874ba,3,3709,0,0
1787726341,synth100,gen,p05,755f909ff5c263c3f49e9a6c04ad827c1c3874ba,4,236,0,0
1787726341,synth100,prep,p05,755f909ff5c263c3f49e9a6c04ad827c1c3874ba,4,3486,0,0
1787726341,synth100,gen,p05,755f909ff5c263c3f49e9a6c04ad827c1c3874ba,5,229,0,0
1787726341,synth100,prep,p05,755f909ff5c263c3f49e9a6c04ad827c1c3874ba,5,3301,0,0
1787726341,synth100,gen,p05,755f909ff5c263c3f49e9a6c04ad827c1c3874ba,6,247,0,0
1787726341,synth100,prep,p05,755f909ff5c263c3f49e9a6c04ad827c1c3874ba,6,3557,0,0
1787726341,synth100,gen,p05,755f909ff5c263c3f49e9a6c04ad827c1c3874ba,7,229,0,0
1787726341,synth100,prep,p05,755f909ff5c263c3f49e9a6c04ad827c1c3874ba,7,3577,0,0
1787726341,synth100,gen,p05,755f909ff5c263c3f49e9a6c04ad827c1c3874ba,8,226,0,0
1787726341,synth100,prep,p05,755f909ff5c263c3f49e9a6c04ad827c1c3874ba,8,3521,0,0
1787726341,synth100,gen,p05,755f909ff5c263c3f49e9a6c04ad827c1c3874ba,9,224,0,0
1787726341,synth100,prep,p05,755f909ff5c263c3f49e9a6c04ad827c1c3874ba,9,3371,0,0
1787726341,synth100,gen,p05,755f909ff5c263c3f49e9a6c04ad827c1c3874ba,10,232,0,0
1787726341,synth100,prep,p05,755f909ff5c263c3f49e9a6c04ad827c1c3874ba,10,3695,0,0
1787726341,synth100,gen,p05,755f909ff5c263c3f49e9a6c04ad827c1c3874ba,11,267,0,0
1787726341,synth100,prep,p05,755f909ff5c263c3f49e9a6c04ad827c1c3874ba,11,3491,0,0
1787726341,synth100,gen,p05,755f909ff5c263c3f49e9a6c04ad827c1c3874ba,12,229,0,0
1787726341,synth100,prep,p05,755f909ff5c263c3f49e9a6c04ad827c1c3874ba,12,3552,0,0
1787726341,tiny,gen,p06,52b0b62f7d829d39a41a275a01c6a2d579318400,1,95,0,0
1787726341,tiny,prep,p06,52b0b62f7d829d39a41a275a01c6a2d579318400,1,116,0,0
1787726341,tiny,gen,p06,52b0b62f7d829d39a41a275a01c6a2d579318400,2,96,0,0
1787726341,tiny,prep,p06,52b0b62f7d829d39a41a275a01c6a2d579318400,2,118,0,0
1787726341,tiny,gen,p06,52b0b62f7d829d39a41a275a01c6a2d579318400,3,108,0,0
1787726341,tiny,prep,p06,52b0b62f7d829d39a41a275a01c6a2d579318400,3,117,0,0
1787726341,tiny,gen,p06,52b0b62f7d829d39a41a275a01c6a2d579318400,4,86,0,0
1787726341,tiny,prep,p06,52b0b62f7d829d39a41a275a01c6a2d579318400,4,103,0,0
1787726341,tiny,gen,p06,52b0b62f7d829d39a41a275a01c6a2d579318400,5,87,0,0
1787726341,tiny,prep,p06,52b0b62f7d829d39a41a275a01c6a2d579318400,5,105,0,0
1787726341,tiny,gen,p06,52b0b62f7d829d39a41a275a01c6a2d579318400,6,88,0,0
1787726341,tiny,prep,p06,52b0b62f7d829d39a41a275a01c6a2d579318400,6,107,0,0
1787726341,tiny,gen,p06,52b0b62f7d829d39a41a275a01c6a2d579318400,7,86,0,0
1787726341,tiny,prep,p06,52b0b62f7d829d39a41a275a01c6a2d579318400,7,101,0,0
1787726341,tiny,gen,p06,52b0b62f7d829d39a41a275a01c6a2d579318400,8,86,0,0
1787726341,tiny,prep,p06,52b0b62f7d829d39a41a275a01c6a2d579318400,8,102,0,0
1787726341,tiny,gen,p06,52b0b62f7d829d39a41a275a01c6a2d579318400,9,85,0,0
1787726341,tiny,prep,p06,52b0b62f7d829d39a41a275a01c6a2d579318400,9,101,0,0
1787726341,tiny,gen,p06,52b0b62f7d829d39a41a275a01c6a2d579318400,10,85,0,0
1787726341,tiny,prep,p06,52b0b62f7d829d39a41a275a01c6a2d579318400,10,104,0,0
1787726341,tiny,gen,p06,52b0b62f7d829d39a41a275a01c6a2d579318400,11,93,0,0
1787726341,tiny,prep,p06,52b0b62f7d829d39a41a275a01c6a2d579318400,11,105,0,0
1787726341,tiny,gen,p06,52b0b62f7d829d39a41a275a01c6a2d579318400,12,96,0,0
1787726341,tiny,prep,p06,52b0b62f7d829d39a41a275a01c6a2d579318400,12,133,0,0
1787726341,synth100,gen,p06,52b0b62f7d829d39a41a275a01c6a2d579318400,1,160,0,0
1787726341,synth100,prep,p06,52b0b62f7d829d39a41a275a01c6a2d579318400,1,2794,0,0
1787726341,synth100,gen,p06,52b0b62f7d829d39a41a275a01c6a2d579318400,2,128,0,0
1787726341,synth100,prep,p06,52b0b62f7d829d39a41a275a01c6a2d579318400,2,2799,0,0
1787726341,synth100,gen,p06,52b0b62f7d829d39a41a275a01c6a2d579318400,3,130,0,0
1787726341,synth100,prep,p06,52b0b62f7d829d39a41a275a01c6a2d579318400,3,2958,0,0
1787726341,synth100,gen,p06,52b0b62f7d829d39a41a275a01c6a2d579318400,4,132,0,0
1787726341,synth100,prep,p06,52b0b62f7d829d39a41a275a01c6a2d579318400,4,3053,0,0
1787726341,synth100,gen,p06,52b0b62f7d829d39a41a275a01c6a2d579318400,5,141,0,0
1787726341,synth100,prep,p06,52b0b62f7d829d39a41a275a01c6a2d579318400,5,2955,0,0
1787726341,synth100,gen,p06,52b0b62f7d829d39a41a275a01c6a2d579318400,6,137,0,0
1787726341,synth100,prep,p06,52b0b62f7d829d39a41a275a01c6a2d579318400,6,2830,0,0
1787726341,synth100,gen,p06,52b0b62f7d829d39a41a275a01c6a2d579318400,7,137,0,0
1787726341,synth100,prep,p06,52b0b62f7d829d39a41a275a01c6a2d579318400,7,2946,0,0
1787726341,synth100,gen,p06,52b0b62f7d829d39a41a275a01c6a2d579318400,8,136,0,0
1787726341,synth100,prep,p06,52b0b62f7d829d39a41a275a01c6a2d579318400,8,2830,0,0
1787726341,synth100,gen,p06,52b0b62f7d829d39a41a275a01c6a2d579318400,9,163,0,0
1787726341,synth100,prep,p06,52b0b62f7d829d39a41a275a01c6a2d579318400,9,2937,0,0
1787726341,synth100,gen,p06,52b0b62f7d829d39a41a275a01c6a2d579318400,10,142,0,0
1787726341,synth100,prep,p06,52b0b62f7d829d39a41a275a01c6a2d579318400,10,2982,0,0
1787726341,synth100,gen,p06,52b0b62f7d829d39a41a275a01c6a2d579318400,11,137,0,0
1787726341,synth100,prep,p06,52b0b62f7d829d39a41a275a01c6a2d579318400,11,3032,0,0
1787726341,synth100,gen,p06,52b0b62f7d829d39a41a275a01c6a2d579318400,12,145,0,0
1787726341,synth100,prep,p06,52b0b62f7d829d39a41a275a01c6a2d579318400,12,3564,0,0
1787726341,tiny,gen,p07,c9424396bc7c2f40686e576ac99b23c77687cfee,1,90,0,0
1787726341,tiny,prep,p07,c9424396bc7c2f40686e576ac99b23c77687cfee,1,108,0,0
1787726341,tiny,gen,p07,c9424396bc7c2f40686e576ac99b23c77687cfee,2,88,0,0
1787726341,tiny,prep,p07,c9424396bc7c2f40686e576ac99b23c77687cfee,2,107,0,0
1787726341,tiny,gen,p07,c9424396bc7c2f40686e576ac99b23c77687cfee,3,88,0,0
1787726341,tiny,prep,p07,c9424396bc7c2f40686e576ac99b23c77687cfee,3,110,0,0
1787726341,tiny,gen,p07,c9424396bc7c2f40686e576ac99b23c77687cfee,4,93,0,0
1787726341,tiny,prep,p07,c9424396bc7c2f40686e576ac99b23c77687cfee,4,125,0,0
1787726341,tiny,gen,p07,c9424396bc7c2f40686e576ac99b23c77687cfee,5,90,0,0
1787726341,tiny,prep,p07,c9424396bc7c2f40686e576ac99b23c77687cfee,5,107,0,0
1787726341,tiny,gen,p07,c9424396bc7c2f40686e576ac99b23c77687cfee,6,89,0,0
1787726341,tiny,prep,p07,c9424396bc7c2f40686e576ac99b23c77687cfee,6,117,0,0
1787726341,tiny,gen,p07,c9424396bc7c2f40686e576ac99b23c77687cfee,7,87,0,0
1787726341,tiny,prep,p07,c9424396bc7c2f40686e576ac99b23c77687cfee,7,108,0,0
1787726341,tiny,gen,p07,c9424396bc7c2f40686e576ac99b23c77687cfee,8,91,0,0
1787726341,tiny,prep,p07,c9424396bc7c2f40686e576ac99b23c77687cfee,8,109,0,0
1787726341,tiny,gen,p07,c9424396bc7c2f40686e576ac99b23c77687cfee,9,93,0,0
1787726341,tiny,prep,p07,c9424396bc7c2f40686e576ac99b23c77687cfee,9,121,0,0
1787726341,tiny,gen,p07,c9424396bc7c2f40686e576ac99b23c77687cfee,10,103,0,0
1787726341,tiny,prep,p07,c9424396bc7c2f40686e576ac99b23c77687cfee,10,118,0,0
1787726341,tiny,gen,p07,c9424396bc7c2f40686e576ac99b23c77687cfee,11,91,0,0
1787726341,tiny,prep,p07,c9424396bc7c2f40686e576ac99b23c77687cfee,11,114,0,0
1787726341,tiny,gen,p07,c9424396bc7c2f40686e576ac99b23c77687cfee,12,112,0,0
1787726341,tiny,prep,p07,c9424396bc7c2f40686e576ac99b23c77687cfee,12,105,0,0
1787726341,synth100,gen,p07,c9424396bc7c2f40686e576ac99b23c77687cfee,1,151,0,0
1787726341,synth100,prep,p07,c9424396bc7c2f40686e576ac99b23c77687cfee,1,2804,0,0
1787726341,synth100,gen,p07,c9424396bc7c2f40686e576ac99b23c77687cfee,2,141,0,0
1787726341,synth100,prep,p07,c9424396bc7c2f40686e576ac99b23c77687cfee,2,2730,0,0
1787726341,synth100,gen,p07,c9424396bc7c2f40686e576ac99b23c77687cfee,3,145,0,0
1787726341,synth100,prep,p07,c9424396bc7c2f40686e576ac99b23c77687cfee,3,2808,0,0
1787726341,synth100,gen,p07,c9424396bc7c2f40686e576ac99b23c77687cfee,4,157,0,0
1787726341,synth100,prep,p07,c9424396bc7c2f40686e576ac99b23c77687cfee,4,3164,0,0
1787726341,synth100,gen,p07,c9424396bc7c2f40686e576ac99b23c77687cfee,5,152,0,0
1787726341,synth100,prep,p07,c9424396bc7c2f40686e576ac99b23c77687cfee,5,3198,0,0
1787726341,synth100,gen,p07,c9424396bc7c2f40686e576ac99b23c77687cfee,6,164,0,0
1787726341,synth100,prep,p07,c9424396bc7c2f40686e576ac99b23c77687cfee,6,3046,0,0
1787726341,synth100,gen,p07,c9424396bc7c2f40686e576ac99b23c77687cfee,7,165,0,0
1787726341,synth100,prep,p07,c9424396bc7c2f40686e576ac99b23c77687cfee,7,2742,0,0
1787726341,synth100,gen,p07,c9424396bc7c2f40686e576ac99b23c77687cfee,8,133,0,0
1787726341,synth100,prep,p07,c9424396bc7c2f40686e576ac99b23c77687cfee,8,2770,0,0
1787726341,synth100,gen,p07,c9424396bc7c2f40686e576ac99b23c77687cfee,9,160,0,0
1787726341,synth100,prep,p07,c9424396bc7c2f40686e576ac99b23c77687cfee,9,2889,0,0
1787726341,synth100,gen,p07,c9424396bc7c2f40686e576ac99b23c77687cfee,10,138,0,0
1787726341,synth100,prep,p07,c9424396bc7c2f40686e576ac99b23c77687cfee,10,2719,0,0
1787726341,synth100,gen,p07,c9424396bc7c2f40686e576ac99b23c77687cfee,11,150,0,0
1787726341,synth100,prep,p07,c9424396bc7c2f40686e576ac99b23c77687cfee,11,2735,0,0
1787726341,synth100,gen,p07,c9424396bc7c2f40686e576ac99b23c77687cfee,12,138,0,0
1787726341,synth100,prep,p07,c9424396bc7c2f40686e576ac99b23c77687cfee,12,2718,0,0
1787726341,tiny,gen,p08,502b1a9e8bc83755f8c566574e4c8c6d976b92ca,1,88,0,0
1787726341,tiny,prep,p08,502b1a9e8bc83755f8c566574e4c8c6d976b92ca,1,113,0,0
1787726341,tiny,gen,p08,502b1a9e8bc83755f8c566574e4c8c6d976b92ca,2,96,0,0
1787726341,tiny,prep,p08,502b1a9e8bc83755f8c566574e4c8c6d976b92ca,2,117,0,0
1787726341,tiny,gen,p08,502b1a9e8bc83755f8c566574e4c8c6d976b92ca,3,93,0,0
1787726341,tiny,prep,p08,502b1a9e8bc83755f8c566574e4c8c6d976b92ca,3,119,0,0
1787726341,tiny,gen,p08,502b1a9e8bc83755f8c566574e4c8c6d976b92ca,4,93,0,0
1787726341,tiny,prep,p08,502b1a9e8bc83755f8c566574e4c8c6d976b92ca,4,112,0,0
1787726341,tiny,gen,p08,502b1a9e8bc83755f8c566574e4c8c6d976b92ca,5,93,0,0
1787726341,tiny,prep,p08,502b1a9e8bc83755f8c566574e4c8c6d976b92ca,5,117,0,0
1787726341,tiny,gen,p08,502b1a9e8bc83755f8c566574e4c8c6d976b92ca,6,95,0,0
1787726341,tiny,prep,p08,502b1a9e8bc83755f8c566574e4c8c6d976b92ca,6,115,0,0
1787726341,tiny,gen,p08,502b1a9e8bc83755f8c566574e4c8c6d976b92ca,7,97,0,0
1787726341,tiny,prep,p08,502b1a9e8bc83755f8c566574e4c8c6d976b92ca,7,166,0,0
1787726341,tiny,gen,p08,502b1a9e8bc83755f8c566574e4c8c6d976b92ca,8,101,0,0
1787726341,tiny,prep,p08,502b1a9e8bc83755f8c566574e4c8c6d976b92ca,8,112,0,0
1787726341,tiny,gen,p08,502b1a9e8bc83755f8c566574e4c8c6d976b92ca,9,90,0,0
1787726341,tiny,prep,p08,502b1a9e8bc83755f8c566574e4c8c6d976b92ca,9,105,0,0
1787726341,tiny,gen,p08,502b1a9e8bc83755f8c566574e4c8c6d976b92ca,10,96,0,0
1787726341,tiny,prep,p08,502b1a9e8bc83755f8c566574e4c8c6d976b92ca,10,106,0,0
1787726341,tiny,gen,p08,502b1a9e8bc83755f8c566574e4c8c6d976b92ca,11,87,0,0
1787726341,tiny,prep,p08,502b1a9e8bc83755f8c566574e4c8c6d976b92ca,11,129,0,0
1787726341,tiny,gen,p08,502b1a9e8bc83755f8c566574e4c8c6d976b92ca,12,91,0,0
1787726341,tiny,prep,p08,502b1a9e8bc83755f8c566574e4c8c6d976b92ca,12,104,0,0
1787726341,synth100,gen,p08,502b1a9e8bc83755f8c566574e4c8c6d976b92ca,1,130,0,0
1787726341,synth100,prep,p08,502b1a9e8bc83755f8c566574e4c8c6d976b92ca,1,2619,0,0
1787726341,synth100,gen,p08,502b1a9e8bc83755f8c566574e4c8c6d976b92ca,2,138,0,0
1787726341,synth100,prep,p08,502b1a9e8bc83755f8c566574e4c8c6d976b92ca,2,2679,0,0
1787726341,synth100,gen,p08,502b1a9e8bc83755f8c566574e4c8c6d976b92ca,3,135,0,0
1787726341,synth100,prep,p08,502b1a9e8bc83755f8c566574e4c8c6d976b92ca,3,2615,0,0
1787726341,synth100,gen,p08,502b1a9e8bc83755f8c566574e4c8c6d976b92ca,4,138,0,0
1787726341,synth100,prep,p08,502b1a9e8bc83755f8c566574e4c8c6d976b92ca,4,2728,0,0
1787726341,synth100,gen,p08,502b1a9e8bc83755f8c566574e4c8c6d976b92ca,5,139,0,0
1787726341,synth100,prep,p08,502b1a9e8bc83755f8c566574e4c8c6d976b92ca,5,2679,0,0
1787726341,synth100,gen,p08,502b1a9e8bc83755f8c566574e4c8c6d976b92ca,6,132,0,0
1787726341,synth100,prep,p08,502b1a9e8bc83755f8c566574e4c8c6d976b92ca,6,2727,0,0
1787726341,synth100,gen,p08,502b1a9e8bc83755f8c566574e4c8c6d976b92ca,7,137,0,0
1787726341,synth100,prep,p08,502b1a9e8bc83755f8c566574e4c8c6d976b92ca,7,2640,0,0
1787726341,synth100,gen,p08,502b1a9e8bc83755f8c566574e4c8c6d976b92ca,8,142,0,0
1787726341,synth100,prep,p08,502b1a9e8bc83755f8c566574e4c8c6d976b92ca,8,2677,0,0
1787726341,synth100,gen,p08,502b1a9e8bc83755f8c566574e4c8c6d976b92ca,9,138,0,0
1787726341,synth100,prep,p08,502b1a9e8bc83755f8c566574e4c8c6d976b92ca,9,2590,0,0
1787726341,synth100,gen,p08,502b1a9e8bc83755f8c566574e4c8c6d976b92ca,10,138,0,0
1787726341,synth100,prep,p08,502b1a9e8bc83755f8c566574e4c8c6d976b92ca,10,2684,0,0
1787726341,synth100,gen,p08,502b1a9e8bc83755f8c566574e4c8c6d976b92ca,11,146,0,0
1787726341,synth100,prep,p08,502b1a9e8bc83755f8c566574e4c8c6d976b92ca,11,2632,0,0
1787726341,synth100,gen,p08,502b1a9e8bc83755f8c566574e4c8c6d976b92ca,12,145,0,0
1787726341,synth100,prep,p08,502b1a9e8bc83755f8c566574e4c8c6d976b92ca,12,2819,0,0
1787726341,tiny,gen,p09,5f33dd3c2a7a2621d052210ccbf645ac6944016c,1,97,0,0
1787726341,tiny,prep,p09,5f33dd3c2a7a2621d052210ccbf645ac6944016c,1,104,0,0
1787726341,tiny,gen,p09,5f33dd3c2a7a2621d052210ccbf645ac6944016c,2,90,0,0
1787726341,tiny,prep,p09,5f33dd3c2a7a2621d052210ccbf645ac6944016c,2,107,0,0
1787726341,tiny,gen,p09,5f33dd3c2a7a2621d052210ccbf645ac6944016c,3,88,0,0
1787726341,tiny,prep,p09,5f33dd3c2a7a2621d052210ccbf645ac6944016c,3,133,0,0
1787726341,tiny,gen,p09,5f33dd3c2a7a2621d052210ccbf645ac6944016c,4,92,0,0
1787726341,tiny,prep,p09,5f33dd3c2a7a2621d052210ccbf645ac6944016c,4,110,0,0
1787726341,tiny,gen,p09,5f33dd3c2a7a2621d052210ccbf645ac6944016c,5,88,0,0
1787726341,tiny,prep,p09,5f33dd3c2a7a2621d052210ccbf645ac6944016c,5,105,0,0
1787726341,tiny,gen,p09,5f33dd3c2a7a2621d052210ccbf645ac6944016c,6,87,0,0
1787726341,tiny,prep,p09,5f33dd3c2a7a2621d052210ccbf645ac6944016c,6,102,0,0
1787726341,tiny,gen,p09,5f33dd3c2a7a2621d052210ccbf645ac6944016c,7,85,0,0
1787726341,tiny,prep,p09,5f33dd3c2a7a2621d052210ccbf645ac6944016c,7,106,0,0
1787726341,tiny,gen,p09,5f33dd3c2a7a2621d052210ccbf645ac6944016c,8,89,0,0
1787726341,tiny,prep,p09,5f33dd3c2a7a2621d052210ccbf645ac6944016c,8,111,0,0
1787726341,tiny,gen,p09,5f33dd3c2a7a2621d052210ccbf645ac6944016c,9,88,0,0
1787726341,tiny,prep,p09,5f33dd3c2a7a2621d052210ccbf645ac6944016c,9,108,0,0
1787726341,tiny,gen,p09,5f33dd3c2a7a2621d052210ccbf645ac6944016c,10,86,0,0
1787726341,tiny,prep,p09,5f33dd3c2a7a2621d052210ccbf645ac6944016c,10,103,0,0
1787726341,tiny,gen,p09,5f33dd3c2a7a2621d052210ccbf645ac6944016c,11,86,0,0
1787726341,tiny,prep,p09,5f33dd3c2a7a2621d052210ccbf645ac6944016c,11,104,0,0
1787726341,tiny,gen,p09,5f33dd3c2a7a2621d052210ccbf645ac6944016c,12,87,0,0
1787726341,tiny,prep,p09,5f33dd3c2a7a2621d052210ccbf645ac6944016c,12,112,0,0
1787726341,synth100,gen,p09,5f33dd3c2a7a2621d052210ccbf645ac6944016c,1,142,0,0
1787726341,synth100,prep,p09,5f33dd3c2a7a2621d052210ccbf645ac6944016c,1,2577,0,0
1787726341,synth100,gen,p09,5f33dd3c2a7a2621d052210ccbf645ac6944016c,2,138,0,0
1787726341,synth100,prep,p09,5f33dd3c2a7a2621d052210ccbf645ac6944016c,2,2533,0,0
1787726341,synth100,gen,p09,5f33dd3c2a7a2621d052210ccbf645ac6944016c,3,156,0,0
1787726341,synth100,prep,p09,5f33dd3c2a7a2621d052210ccbf645ac6944016c,3,2584,0,0
1787726341,synth100,gen,p09,5f33dd3c2a7a2621d052210ccbf645ac6944016c,4,150,0,0
1787726341,synth100,prep,p09,5f33dd3c2a7a2621d052210ccbf645ac6944016c,4,2621,0,0
1787726341,synth100,gen,p09,5f33dd3c2a7a2621d052210ccbf645ac6944016c,5,142,0,0
1787726341,synth100,prep,p09,5f33dd3c2a7a2621d052210ccbf645ac6944016c,5,2509,0,0
1787726341,synth100,gen,p09,5f33dd3c2a7a2621d052210ccbf645ac6944016c,6,151,0,0
1787726341,synth100,prep,p09,5f33dd3c2a7a2621d052210ccbf645ac6944016c,6,2436,0,0
1787726341,synth100,gen,p09,5f33dd3c2a7a2621d052210ccbf645ac6944016c,7,133,0,0
1787726341,synth100,prep,p09,5f33dd3c2a7a2621d052210ccbf645ac6944016c,7,2404,0,0
1787726341,synth100,gen,p09,5f33dd3c2a7a2621d052210ccbf645ac6944016c,8,134,0,0
1787726341,synth100,prep,p09,5f33dd3c2a7a2621d052210ccbf645ac6944016c,8,2454,0,0
1787726341,synth100,gen,p09,5f33dd3c2a7a2621d052210ccbf645ac6944016c,9,166,0,0
1787726341,synth100,prep,p09,5f33dd3c2a7a2621d052210ccbf645ac6944016c,9,2390,0,0
1787726341,synth100,gen,p09,5f33dd3c2a7a2621d052210ccbf645ac6944016c,10,133,0,0
1787726341,synth100,prep,p09,5f33dd3c2a7a2621d052210ccbf645ac6944016c,10,2368,0,0
1787726341,synth100,gen,p09,5f33dd3c2a7a2621d052210ccbf645ac6944016c,11,130,0,0
1787726341,synth100,prep,p09,5f33dd3c2a7a2621d052210ccbf645ac6944016c,11,2395,0,0
1787726341,synth100,gen,p09,5f33dd3c2a7a2621d052210ccbf645ac6944016c,12,140,0,0
1787726341,synth100,prep,p09,5f33dd3c2a7a2621d052210ccbf645ac6944016c,12,2359,0,0
1787726341,tiny,gen,p10,45c62cccf3dbf862c4c25a513b9685fdb3d4a82e,1,92,0,0
1787726341,tiny,prep,p10,45c62cccf3dbf862c4c25a513b9685fdb3d4a82e,1,101,0,0
1787726341,tiny,gen,p10,45c62cccf3dbf862c4c25a513b9685fdb3d4a82e,2,97,0,0
1787726341,tiny,prep,p10,45c62cccf3dbf862c4c25a513b9685fdb3d4a82e,2,103,0,0
1787726341,tiny,gen,p10,45c62cccf3dbf862c4c25a513b9685fdb3d4a82e,3,87,0,0
1787726341,tiny,prep,p10,45c62cccf3dbf862c4c25a513b9685fdb3d4a82e,3,109,0,0
1787726341,tiny,gen,p10,45c62cccf3dbf862c4c25a513b9685fdb3d4a82e,4,86,0,0
1787726341,tiny,prep,p10,45c62cccf3dbf862c4c25a513b9685fdb3d4a82e,4,112,0,0
1787726341,tiny,gen,p10,45c62cccf3dbf862c4c25a513b9685fdb3d4a82e,5,86,0,0
1787726341,tiny,prep,p10,45c62cccf3dbf862c4c25a513b9685fdb3d4a82e,5,101,0,0
1787726341,tiny,gen,p10,45c62cccf3dbf862c4c25a513b9685fdb3d4a82e,6,86,0,0
1787726341,tiny,prep,p10,45c62cccf3dbf862c4c25a513b9685fdb3d4a82e,6,101,0,0
1787726341,tiny,gen,p10,45c62cccf3dbf862c4c25a513b9685fdb3d4a82e,7,87,0,0
1787726341,tiny,prep,p10,45c62cccf3dbf862c4c25a513b9685fdb3d4a82e,7,105,0,0
1787726341,tiny,gen,p10,45c62cccf3dbf862c4c25a513b9685fdb3d4a82e,8,88,0,0
1787726341,tiny,prep,p10,45c62cccf3dbf862c4c25a513b9685fdb3d4a82e,8,109,0,0
1787726341,tiny,gen,p10,45c62cccf3dbf862c4c25a513b9685fdb3d4a82e,9,88,0,0
1787726341,tiny,prep,p10,45c62cccf3dbf862c4c25a513b9685fdb3d4a82e,9,105,0,0
1787726341,tiny,gen,p10,45c62cccf3dbf862c4c25a513b9685fdb3d4a82e,10,87,0,0
1787726341,tiny,prep,p10,45c62cccf3dbf862c4c25a513b9685fdb3d4a82e,10,110,0,0
1787726341,tiny,gen,p10,45c62cccf3dbf862c4c25a513b9685fdb3d4a82e,11,88,0,0
1787726341,tiny,prep,p10,45c62cccf3dbf862c4c25a513b9685fdb3d4a82e,11,106,0,0
1787726341,tiny,gen,p10,45c62cccf3dbf862c4c25a513b9685fdb3d4a82e,12,90,0,0
1787726341,tiny,prep,p10,45c62cccf3dbf862c4c25a513b9685fdb3d4a82e,12,112,0,0
1787726341,synth100,gen,p10,45c62cccf3dbf862c4c25a513b9685fdb3d4a82e,1,134,0,0
1787726341,synth100,prep,p10,45c62cccf3dbf862c4c25a513b9685fdb3d4a82e,1,2350,0,0
1787726341,synth100,gen,p10,45c62cccf3dbf862c4c25a513b9685fdb3d4a82e,2,135,0,0
1787726341,synth100,prep,p10,45c62cccf3dbf862c4c25a513b9685fdb3d4a82e,2,2362,0,0
1787726341,synth100,gen,p10,45c62cccf3dbf862c4c25a513b9685fdb3d4a82e,3,137,0,0
1787726341,synth100,prep,p10,45c62cccf3dbf862c4c25a513b9685fdb3d4a82e,3,2283,0,0
1787726341,synth100,gen,p10,45c62cccf3dbf862c4c25a513b9685fdb3d4a82e,4,136,0,0
1787726341,synth100,prep,p10,45c62cccf3dbf862c4c25a513b9685fdb3d4a82e,4,2373,0,0
1787726341,synth100,gen,p10,45c62cccf3dbf862c4c25a513b9685fdb3d4a82e,5,136,0,0
1787726341,synth100,prep,p10,45c62cccf3dbf862c4c25a513b9685fdb3d4a82e,5,2420,0,0
1787726341,synth100,gen,p10,45c62cccf3dbf862c4c25a513b9685fdb3d4a82e,6,143,0,0
1787726341,synth100,prep,p10,45c62cccf3dbf862c4c25a513b9685fdb3d4a82e,6,2336,0,0
1787726341,synth100,gen,p10,45c62cccf3dbf862c4c25a513b9685fdb3d4a82e,7,129,0,0
1787726341,synth100,prep,p10,45c62cccf3dbf862c4c25a513b9685fdb3d4a82e,7,2331,0,0
1787726341,synth100,gen,p10,45c62cccf3dbf862c4c25a513b9685fdb3d4a82e,8,137,0,0
1787726341,synth100,prep,p10,45c62cccf3dbf862c4c25a513b9685fdb3d4a82e,8,2339,0,0
1787726341,synth100,gen,p10,45c62cccf3dbf862c4c25a513b9685fdb3d4a82e,9,136,0,0
1787726341,synth100,prep,p10,45c62cccf3dbf862c4c25a513b9685fdb3d4a82e,9,2370,0,0
1787726341,synth100,gen,p10,45c62cccf3dbf862c4c25a513b9685fdb3d4a82e,10,133,0,0
1787726341,synth100,prep,p10,45c62cccf3dbf862c4c25a513b9685fdb3d4a82e,10,2351,0,0
1787726341,synth100,gen,p10,45c62cccf3dbf862c4c25a513b9685fdb3d4a82e,11,141,0,0
1787726341,synth100,prep,p10,45c62cccf3dbf862c4c25a513b9685fdb3d4a82e,11,2284,0,0
1787726341,synth100,gen,p10,45c62cccf3dbf862c4c25a513b9685fdb3d4a82e,12,135,0,0
1787726341,synth100,prep,p10,45c62cccf3dbf862c4c25a513b9685fdb3d4a82e,12,2342,0,0
1787726341,tiny,gen,p11,406e50d90eb704f98322f2a2ab6de211d988c676,1,89,0,0
1787726341,tiny,prep,p11,406e50d90eb704f98322f2a2ab6de211d988c676,1,111,0,0
1787726341,tiny,gen,p11,406e50d90eb704f98322f2a2ab6de211d988c676,2,88,0,0
1787726341,tiny,prep,p11,406e50d90eb704f98322f2a2ab6de211d988c676,2,104,0,0
1787726341,tiny,gen,p11,406e50d90eb704f98322f2a2ab6de211d988c676,3,89,0,0
1787726341,tiny,prep,p11,406e50d90eb704f98322f2a2ab6de211d988c676,3,107,0,0
1787726341,tiny,gen,p11,406e50d90eb704f98322f2a2ab6de211d988c676,4,87,0,0
1787726341,tiny,prep,p11,406e50d90eb704f98322f2a2ab6de211d988c676,4,105,0,0
1787726341,tiny,gen,p11,406e50d90eb704f98322f2a2ab6de211d988c676,5,85,0,0
1787726341,tiny,prep,p11,406e50d90eb704f98322f2a2ab6de211d988c676,5,102,0,0
1787726341,tiny,gen,p11,406e50d90eb704f98322f2a2ab6de211d988c676,6,90,0,0
1787726341,tiny,prep,p11,406e50d90eb704f98322f2a2ab6de211d988c676,6,103,0,0
1787726341,tiny,gen,p11,406e50d90eb704f98322f2a2ab6de211d988c676,7,84,0,0
1787726341,tiny,prep,p11,406e50d90eb704f98322f2a2ab6de211d988c676,7,99,0,0
1787726341,tiny,gen,p11,406e50d90eb704f98322f2a2ab6de211d988c676,8,94,0,0
1787726341,tiny,prep,p11,406e50d90eb704f98322f2a2ab6de211d988c676,8,102,0,0
1787726341,tiny,gen,p11,406e50d90eb704f98322f2a2ab6de211d988c676,9,87,0,0
1787726341,tiny,prep,p11,406e50d90eb704f98322f2a2ab6de211d988c676,9,117,0,0
1787726341,tiny,gen,p11,406e50d90eb704f98322f2a2ab6de211d988c676,10,90,0,0
1787726341,tiny,prep,p11,406e50d90eb704f98322f2a2ab6de211d988c676,10,113,0,0
1787726341,tiny,gen,p11,406e50d90eb704f98322f2a2ab6de211d988c676,11,90,0,0
1787726341,tiny,prep,p11,406e50d90eb704f98322f2a2ab6de211d988c676,11,133,0,0
1787726341,tiny,gen,p11,406e50d90eb704f98322f2a2ab6de211d988c676,12,87,0,0
1787726341,tiny,prep,p11,406e50d90eb704f98322f2a2ab6de211d988c676,12,109,0,0
1787726341,synth100,gen,p11,406e50d90eb704f98322f2a2ab6de211d988c676,1,139,0,0
1787726341,synth100,prep,p11,406e50d90eb704f98322f2a2ab6de211d988c676,1,860,0,0
1787726341,synth100,gen,p11,406e50d90eb704f98322f2a2ab6de211d988c676,2,141,0,0
1787726341,synth100,prep,p11,406e50d90eb704f98322f2a2ab6de211d988c676,2,877,0,0
1787726341,synth100,gen,p11,406e50d90eb704f98322f2a2ab6de211d988c676,3,134,0,0
1787726341,synth100,prep,p11,406e50d90eb704f98322f2a2ab6de211d988c676,3,915,0,0
1787726341,synth100,gen,p11,406e50d90eb704f98322f2a2ab6de211d988c676,4,133,0,0
1787726341,synth100,prep,p11,406e50d90eb704f98322f2a2ab6de211d988c676,4,897,0,0
1787726341,synth100,gen,p11,406e50d90eb704f98322f2a2ab6de211d988c676,5,132,0,0
1787726341,synth100,prep,p11,406e50d90eb704f98322f2a2ab6de211d988c676,5,874,0,0
1787726341,synth100,gen,p11,406e50d90eb704f98322f2a2ab6de211d988c676,6,127,0,0
1787726341,synth100,prep,p11,406e50d90eb704f98322f2a2ab6de211d988c676,6,864,0,0
1787726341,synth100,gen,p11,406e50d90eb704f98322f2a2ab6de211d988c676,7,135,0,0
1787726341,synth100,prep,p11,406e50d90eb704f98322f2a2ab6de211d988c676,7,871,0,0
1787726341,synth100,gen,p11,406e50d90eb704f98322f2a2ab6de211d988c676,8,135,0,0
1787726341,synth100,prep,p11,406e50d90eb704f98322f2a2ab6de211d988c676,8,893,0,0
1787726341,synth100,gen,p11,406e50d90eb704f98322f2a2ab6de211d988c676,9,177,0,0
1787726341,synth100,prep,p11,406e50d90eb704f98322f2a2ab6de211d988c676,9,904,0,0
1787726341,synth100,gen,p11,406e50d90eb704f98322f2a2ab6de211d988c676,10,138,0,0
1787726341,synth100,prep,p11,406e50d90eb704f98322f2a2ab6de211d988c676,10,882,0,0
1787726341,synth100,gen,p11,406e50d90eb704f98322f2a2ab6de211d988c676,11,126,0,0
1787726341,synth100,prep,p11,406e50d90eb704f98322f2a2ab6de211d988c676,11,863,0,0
1787726341,synth100,gen,p11,406e50d90eb704f98322f2a2ab6de211d988c676,12,135,0,0
1787726341,synth100,prep,p11,406e50d90eb704f98322f2a2ab6de211d988c676,12,890,0,0
1787726341,tiny,gen,p12,26e4ff38647c6336f69f1df0772b495105d76abd,1,87,0,0
1787726341,tiny,prep,p12,26e4ff38647c6336f69f1df0772b495105d76abd,1,114,0,0
1787726341,tiny,gen,p12,26e4ff38647c6336f69f1df0772b495105d76abd,2,86,0,0
1787726341,tiny,prep,p12,26e4ff38647c6336f69f1df0772b495105d76abd,2,108,0,0
1787726341,tiny,gen,p12,26e4ff38647c6336f69f1df0772b495105d76abd,3,89,0,0
1787726341,tiny,prep,p12,26e4ff38647c6336f69f1df0772b495105d76abd,3,116,0,0
1787726341,tiny,gen,p12,26e4ff38647c6336f69f1df0772b495105d76abd,4,96,0,0
1787726341,tiny,prep,p12,26e4ff38647c6336f69f1df0772b495105d76abd,4,104,0,0
1787726341,tiny,gen,p12,26e4ff38647c6336f69f1df0772b495105d76abd,5,88,0,0
1787726341,tiny,prep,p12,26e4ff38647c6336f69f1df0772b495105d76abd,5,110,0,0
1787726341,tiny,gen,p12,26e4ff38647c6336f69f1df0772b495105d76abd,6,102,0,0
1787726341,tiny,prep,p12,26e4ff38647c6336f69f1df0772b495105d76abd,6,104,0,0
1787726341,tiny,gen,p12,26e4ff38647c6336f69f1df0772b495105d76abd,7,98,0,0
1787726341,tiny,prep,p12,26e4ff38647c6336f69f1df0772b495105d76abd,7,109,0,0
1787726341,tiny,gen,p12,26e4ff38647c6336f69f1df0772b495105d76abd,8,88,0,0
1787726341,tiny,prep,p12,26e4ff38647c6336f69f1df0772b495105d76abd,8,105,0,0
1787726341,tiny,gen,p12,26e4ff38647c6336f69f1df0772b495105d76abd,9,90,0,0
1787726341,tiny,prep,p12,26e4ff38647c6336f69f1df0772b495105d76abd,9,101,0,0
1787726341,tiny,gen,p12,26e4ff38647c6336f69f1df0772b495105d76abd,10,83,0,0
1787726341,tiny,prep,p12,26e4ff38647c6336f69f1df0772b495105d76abd,10,100,0,0
1787726341,tiny,gen,p12,26e4ff38647c6336f69f1df0772b495105d76abd,11,112,0,0
1787726341,tiny,prep,p12,26e4ff38647c6336f69f1df0772b495105d76abd,11,104,0,0
1787726341,tiny,gen,p12,26e4ff38647c6336f69f1df0772b495105d76abd,12,86,0,0
1787726341,tiny,prep,p12,26e4ff38647c6336f69f1df0772b495105d76abd,12,102,0,0
1787726341,synth100,gen,p12,26e4ff38647c6336f69f1df0772b495105d76abd,1,133,0,0
1787726341,synth100,prep,p12,26e4ff38647c6336f69f1df0772b495105d76abd,1,743,0,0
1787726341,synth100,gen,p12,26e4ff38647c6336f69f1df0772b495105d76abd,2,136,0,0
1787726341,synth100,prep,p12,26e4ff38647c6336f69f1df0772b495105d76abd,2,763,0,0
1787726341,synth100,gen,p12,26e4ff38647c6336f69f1df0772b495105d76abd,3,135,0,0
1787726341,synth100,prep,p12,26e4ff38647c6336f69f1df0772b495105d76abd,3,762,0,0
1787726341,synth100,gen,p12,26e4ff38647c6336f69f1df0772b495105d76abd,4,134,0,0
1787726341,synth100,prep,p12,26e4ff38647c6336f69f1df0772b495105d76abd,4,766,0,0
1787726341,synth100,gen,p12,26e4ff38647c6336f69f1df0772b495105d76abd,5,130,0,0
1787726341,synth100,prep,p12,26e4ff38647c6336f69f1df0772b495105d76abd,5,747,0,0
1787726341,synth100,gen,p12,26e4ff38647c6336f69f1df0772b495105d76abd,6,146,0,0
1787726341,synth100,prep,p12,26e4ff38647c6336f69f1df0772b495105d76abd,6,768,0,0
1787726341,synth100,gen,p12,26e4ff38647c6336f69f1df0772b495105d76abd,7,153,0,0
1787726341,synth100,prep,p12,26e4ff38647c6336f69f1df0772b495105d76abd,7,773,0,0
1787726341,synth100,gen,p12,26e4ff38647c6336f69f1df0772b495105d76abd,8,150,0,0
1787726341,synth100,prep,p12,26e4ff38647c6336f69f1df0772b495105d76abd,8,747,0,0
1787726341,synth100,gen,p12,26e4ff38647c6336f69f1df0772b495105d76abd,9,160,0,0
1787726341,synth100,prep,p12,26e4ff38647c6336f69f1df0772b495105d76abd,9,764,0,0
1787726341,synth100,gen,p12,26e4ff38647c6336f69f1df0772b495105d76abd,10,133,0,0
1787726341,synth100,prep,p12,26e4ff38647c6336f69f1df0772b495105d76abd,10,772,0,0
1787726341,synth100,gen,p12,26e4ff38647c6336f69f1df0772b495105d76abd,11,138,0,0
1787726341,synth100,prep,p12,26e4ff38647c6336f69f1df0772b495105d76abd,11,751,0,0
1787726341,synth100,gen,p12,26e4ff38647c6336f69f1df0772b495105d76abd,12,136,0,0
1787726341,synth100,prep,p12,26e4ff38647c6336f69f1df0772b495105d76abd,12,740,0,0
1787726341,tiny,gen,p13,8b61c59b4c743657e1bd91c0e125957b319cd883,1,85,0,0
1787726341,tiny,prep,p13,8b61c59b4c743657e1bd91c0e125957b319cd883,1,102,0,0
1787726341,tiny,gen,p13,8b61c59b4c743657e1bd91c0e125957b319cd883,2,88,0,0
1787726341,tiny,prep,p13,8b61c59b4c743657e1bd91c0e125957b319cd883,2,111,0,0
1787726341,tiny,gen,p13,8b61c59b4c743657e1bd91c0e125957b319cd883,3,89,0,0
1787726341,tiny,prep,p13,8b61c59b4c743657e1bd91c0e125957b319cd883,3,112,0,0
1787726341,tiny,gen,p13,8b61c59b4c743657e1bd91c0e125957b319cd883,4,85,0,0
1787726341,tiny,prep,p13,8b61c59b4c743657e1bd91c0e125957b319cd883,4,103,0,0
1787726341,tiny,gen,p13,8b61c59b4c743657e1bd91c0e125957b319cd883,5,88,0,0
1787726341,tiny,prep,p13,8b61c59b4c743657e1bd91c0e125957b319cd883,5,102,0,0
1787726341,tiny,gen,p13,8b61c59b4c743657e1bd91c0e125957b319cd883,6,85,0,0
1787726341,tiny,prep,p13,8b61c59b4c743657e1bd91c0e125957b319cd883,6,103,0,0
1787726341,tiny,gen,p13,8b61c59b4c743657e1bd91c0e125957b319cd883,7,84,0,0
1787726341,tiny,prep,p13,8b61c59b4c743657e1bd91c0e125957b319cd883,7,100,0,0
1787726341,tiny,gen,p13,8b61c59b4c743657e1bd91c0e125957b319cd883,8,83,0,0
1787726341,tiny,prep,p13,8b61c59b4c743657e1bd91c0e125957b319cd883,8,121,0,0
1787726341,tiny,gen,p13,8b61c59b4c743657e1bd91c0e125957b319cd883,9,91,0,0
1787726341,tiny,prep,p13,8b61c59b4c743657e1bd91c0e125957b319cd883,9,104,0,0
1787726341,tiny,gen,p13,8b61c59b4c743657e1bd91c0e125957b319cd883,10,90,0,0
1787726341,tiny,prep,p13,8b61c59b4c743657e1bd91c0e125957b319cd883,10,99,0,0
1787726341,tiny,gen,p13,8b61c59b4c743657e1bd91c0e125957b319cd883,11,84,0,0
1787726341,tiny,prep,p13,8b61c59b4c743657e1bd91c0e125957b319cd883,11,99,0,0
1787726341,tiny,gen,p13,8b61c59b4c743657e1bd91c0e125957b319cd883,12,86,0,0
1787726341,tiny,prep,p13,8b61c59b4c743657e1bd91c0e125957b319cd883,12,100,0,0
1787726341,synth100,gen,p13,8b61c59b4c743657e1bd91c0e125957b319cd883,1,158,0,0
1787726341,synth100,prep,p13,8b61c59b4c743657e1bd91c0e125957b319cd883,1,769,0,0
1787726341,synth100,gen,p13,8b61c59b4c743657e1bd91c0e125957b319cd883,2,146,0,0
1787726341,synth100,prep,p13,8b61c59b4c743657e1bd91c0e125957b319cd883,2,804,0,0
1787726341,synth100,gen,p13,8b61c59b4c743657e1bd91c0e125957b319cd883,3,130,0,0
1787726341,synth100,prep,p13,8b61c59b4c743657e1bd91c0e125957b319cd883,3,774,0,0
1787726341,synth100,gen,p13,8b61c59b4c743657e1bd91c0e125957b319cd883,4,141,0,0
1787726341,synth100,prep,p13,8b61c59b4c743657e1bd91c0e125957b319cd883,4,752,0,0
1787726341,synth100,gen,p13,8b61c59b4c743657e1bd91c0e125957b319cd883,5,143,0,0
1787726341,synth100,prep,p13,8b61c59b4c743657e1bd91c0e125957b319cd883,5,847,0,0
1787726341,synth100,gen,p13,8b61c59b4c743657e1bd91c0e125957b319cd883,6,149,0,0
1787726341,synth100,prep,p13,8b61c59b4c743657e1bd91c0e125957b319cd883,6,870,0,0
1787726341,synth100,gen,p13,8b61c59b4c743657e1bd91c0e125957b319cd883,7,147,0,0
1787726341,synth100,prep,p13,8b61c59b4c743657e1bd91c0e125957b319cd883,7,805,0,0
1787726341,synth100,gen,p13,8b61c59b4c743657e1bd91c0e125957b319cd883,8,146,0,0
1787726341,synth100,prep,p13,8b61c59b4c743657e1bd91c0e125957b319cd883,8,787,0,0
1787726341,synth100,gen,p13,8b61c59b4c743657e1bd91c0e125957b319cd883,9,138,0,0
1787726341,synth100,prep,p13,8b61c59b4c743657e1bd91c0e125957b319cd883,9,794,0,0
1787726341,synth100,gen,p13,8b61c59b4c743657e1bd91c0e125957b319cd883,10,143,0,0
1787726341,synth100,prep,p13,8b61c59b4c743657e1bd91c0e125957b319cd883,10,791,0,0
1787726341,synth100,gen,p13,8b61c59b4c743657e1bd91c0e125957b319cd883,11,134,0,0
1787726341,synth100,prep,p13,8b61c59b4c743657e1bd91c0e125957b319cd883,11,753,0,0
1787726341,synth100,gen,p13,8b61c59b4c743657e1bd91c0e125957b319cd883,12,134,0,0
1787726341,synth100,prep,p13,8b61c59b4c743657e1bd91c0e125957b319cd883,12,782,0,0
1787726341,tiny,gen,p14,48fcd12614e2f22820dc3eabc8bfe4f3407763af,1,89,0,0
1787726341,tiny,prep,p14,48fcd12614e2f22820dc3eabc8bfe4f3407763af,1,107,0,0
1787726341,tiny,gen,p14,48fcd12614e2f22820dc3eabc8bfe4f3407763af,2,94,0,0
1787726341,tiny,prep,p14,48fcd12614e2f22820dc3eabc8bfe4f3407763af,2,107,0,0
1787726341,tiny,gen,p14,48fcd12614e2f22820dc3eabc8bfe4f3407763af,3,94,0,0
1787726341,tiny,prep,p14,48fcd12614e2f22820dc3eabc8bfe4f3407763af,3,107,0,0
1787726341,tiny,gen,p14,48fcd12614e2f22820dc3eabc8bfe4f3407763af,4,138,0,0
1787726341,tiny,prep,p14,48fcd12614e2f22820dc3eabc8bfe4f3407763af,4,111,0,0
1787726341,tiny,gen,p14,48fcd12614e2f22820dc3eabc8bfe4f3407763af,5,88,0,0
1787726341,tiny,prep,p14,48fcd12614e2f22820dc3eabc8bfe4f3407763af,5,107,0,0
1787726341,tiny,gen,p14,48fcd12614e2f22820dc3eabc8bfe4f3407763af,6,88,0,0
1787726341,tiny,prep,p14,48fcd12614e2f22820dc3eabc8bfe4f3407763af,6,113,0,0
1787726341,tiny,gen,p14,48fcd12614e2f22820dc3eabc8bfe4f3407763af,7,89,0,0
1787726341,tiny,prep,p14,48fcd12614e2f22820dc3eabc8bfe4f3407763af,7,110,0,0
1787726341,tiny,gen,p14,48fcd12614e2f22820dc3eabc8bfe4f3407763af,8,90,0,0
1787726341,tiny,prep,p14,48fcd12614e2f22820dc3eabc8bfe4f3407763af,8,104,0,0
1787726341,tiny,gen,p14,48fcd12614e2f22820dc3eabc8bfe4f3407763af,9,91,0,0
1787726341,tiny,prep,p14,48fcd12614e2f22820dc3eabc8bfe4f3407763af,9,109,0,0
1787726341,tiny,gen,p14,48fcd12614e2f22820dc3eabc8bfe4f3407763af,10,86,0,0
1787726341,tiny,prep,p14,48fcd12614e2f22820dc3eabc8bfe4f3407763af,10,104,0,0
1787726341,tiny,gen,p14,48fcd12614e2f22820dc3eabc8bfe4f3407763af,11,92,0,0
1787726341,tiny,prep,p14,48fcd12614e2f22820dc3eabc8bfe4f3407763af,11,107,0,0
1787726341,tiny,gen,p14,48fcd12614e2f22820dc3eabc8bfe4f3407763af,12,90,0,0
1787726341,tiny,prep,p14,48fcd12614e2f22820dc3eabc8bfe4f3407763af,12,106,0,0
1787726341,synth100,gen,p14,48fcd12614e2f22820dc3eabc8bfe4f3407763af,1,133,0,0
1787726341,synth100,prep,p14,48fcd12614e2f22820dc3eabc8bfe4f3407763af,1,767,0,0
1787726341,synth100,gen,p14,48fcd12614e2f22820dc3eabc8bfe4f3407763af,2,136,0,0
1787726341,synth100,prep,p14,48fcd12614e2f22820dc3eabc8bfe4f3407763af,2,742,0,0
1787726341,synth100,gen,p14,48fcd12614e2f22820dc3eabc8bfe4f3407763af,3,139,0,0
1787726341,synth100,prep,p14,48fcd12614e2f22820dc3eabc8bfe4f3407763af,3,761,0,0
1787726341,synth100,gen,p14,48fcd12614e2f22820dc3eabc8bfe4f3407763af,4,135,0,0
1787726341,synth100,prep,p14,48fcd12614e2f22820dc3eabc8bfe4f3407763af,4,750,0,0
1787726341,synth100,gen,p14,48fcd12614e2f22820dc3eabc8bfe4f3407763af,5,142,0,0
1787726341,synth100,prep,p14,48fcd12614e2f22820dc3eabc8bfe4f3407763af,5,746,0,0
1787726341,synth100,gen,p14,48fcd12614e2f22820dc3eabc8bfe4f3407763af,6,140,0,0
1787726341,synth100,prep,p14,48fcd12614e2f22820dc3eabc8bfe4f3407763af,6,754,0,0
1787726341,synth100,gen,p14,48fcd12614e2f22820dc3eabc8bfe4f3407763af,7,139,0,0
1787726341,synth100,prep,p14,48fcd12614e2f22820dc3eabc8bfe4f3407763af,7,759,0,0
1787726341,synth100,gen,p14,48fcd12614e2f22820dc3eabc8bfe4f3407763af,8,131,0,0
1787726341,synth100,prep,p14,48fcd12614e2f22820dc3eabc8bfe4f3407763af,8,769,0,0
1787726341,synth100,gen,p14,48fcd12614e2f22820dc3eabc8bfe4f3407763af,9,134,0,0
1787726341,synth100,prep,p14,48fcd12614e2f22820dc3eabc8bfe4f3407763af,9,733,0,0
1787726341,synth100,gen,p14,48fcd12614e2f22820dc3eabc8bfe4f3407763af,10,132,0,0
1787726341,synth100,prep,p14,48fcd12614e2f22820dc3eabc8bfe4f3407763af,10,761,0,0
1787726341,synth100,gen,p14,48fcd12614e2f22820dc3eabc8bfe4f3407763af,11,139,0,0
1787726341,synth100,prep,p14,48fcd12614e2f22820dc3eabc8bfe4f3407763af,11,749,0,0
1787726341,synth100,gen,p14,48fcd12614e2f22820dc3eabc8bfe4f3407763af,12,134,0,0
1787726341,synth100,prep,p14,48fcd12614e2f22820dc3eabc8bfe4f3407763af,12,746,0,0
1787726341,tiny,gen,p15,4c9bca9e34d78ef186f4d184b32da3fcba19fae0,1,84,0,0
1787726341,tiny,prep,p15,4c9bca9e34d78ef186f4d184b32da3fcba19fae0,1,115,0,0
1787726341,tiny,gen,p15,4c9bca9e34d78ef186f4d184b32da3fcba19fae0,2,92,0,0
1787726341,tiny,prep,p15,4c9bca9e34d78ef186f4d184b32da3fcba19fae0,2,102,0,0
1787726341,tiny,gen,p15,4c9bca9e34d78ef186f4d184b32da3fcba19fae0,3,85,0,0
1787726341,tiny,prep,p15,4c9bca9e34d78ef186f4d184b32da3fcba19fae0,3,103,0,0
1787726341,tiny,gen,p15,4c9bca9e34d78ef186f4d184b32da3fcba19fae0,4,89,0,0
1787726341,tiny,prep,p15,4c9bca9e34d78ef186f4d184b32da3fcba19fae0,4,105,0,0
1787726341,tiny,gen,p15,4c9bca9e34d78ef186f4d184b32da3fcba19fae0,5,87,0,0
1787726341,tiny,prep,p15,4c9bca9e34d78ef186f4d184b32da3fcba19fae0,5,105,0,0
1787726341,tiny,gen,p15,4c9bca9e34d78ef186f4d184b32da3fcba19fae0,6,87,0,0
1787726341,tiny,prep,p15,4c9bca9e34d78ef186f4d184b32da3fcba19fae0,6,99,0,0
1787726341,tiny,gen,p15,4c9bca9e34d78ef186f4d184b32da3fcba19fae0,7,85,0,0
1787726341,tiny,prep,p15,4c9bca9e34d78ef186f4d184b32da3fcba19fae0,7,101,0,0
1787726341,tiny,gen,p15,4c9bca9e34d78ef186f4d184b32da3fcba19fae0,8,85,0,0
1787726341,tiny,prep,p15,4c9bca9e34d78ef186f4d184b32da3fcba19fae0,8,103,0,0
1787726341,tiny,gen,p15,4c9bca9e34d78ef186f4d184b32da3fcba19fae0,9,86,0,0
1787726341,tiny,prep,p15,4c9bca9e34d78ef186f4d184b32da3fcba19fae0,9,105,0,0
1787726341,tiny,gen,p15,4c9bca9e34d78ef186f4d184b32da3fcba19fae0,10,90,0,0
1787726341,tiny,prep,p15,4c9bca9e34d78ef186f4d184b32da3fcba19fae0,10,103,0,0
1787726341,tiny,gen,p15,4c9bca9e34d78ef186f4d184b32da3fcba19fae0,11,87,0,0
1787726341,tiny,prep,p15,4c9bca9e34d78ef186f4d184b32da3fcba19fae0,11,99,0,0
1787726341,tiny,gen,p15,4c9bca9e34d78ef186f4d184b32da3fcba19fae0,12,85,0,0
1787726341,tiny,prep,p15,4c9bca9e34d78ef186f4d184b32da3fcba19fae0,12,104,0,0
1787726341,synth100,gen,p15,4c9bca9e34d78ef186f4d184b32da3fcba19fae0,1,134,0,0
1787726341,synth100,prep,p15,4c9bca9e34d78ef186f4d184b32da3fcba19fae0,1,790,0,0
1787726341,synth100,gen,p15,4c9bca9e34d78ef186f4d184b32da3fcba19fae0,2,143,0,0
1787726341,synth100,prep,p15,4c9bca9e34d78ef186f4d184b32da3fcba19fae0,2,767,0,0
1787726341,synth100,gen,p15,4c9bca9e34d78ef186f4d184b32da3fcba19fae0,3,131,0,0
1787726341,synth100,prep,p15,4c9bca9e34d78ef186f4d184b32da3fcba19fae0,3,766,0,0
1787726341,synth100,gen,p15,4c9bca9e34d78ef186f4d184b32da3fcba19fae0,4,157,0,0
1787726341,synth100,prep,p15,4c9bca9e34d78ef186f4d184b32da3fcba19fae0,4,771,0,0
1787726341,synth100,gen,p15,4c9bca9e34d78ef186f4d184b32da3fcba19fae0,5,139,0,0
1787726341,synth100,prep,p15,4c9bca9e34d78ef186f4d184b32da3fcba19fae0,5,771,0,0
1787726341,synth100,gen,p15,4c9bca9e34d78ef186f4d184b32da3fcba19fae0,6,139,0,0
1787726341,synth100,prep,p15,4c9bca9e34d78ef186f4d184b32da3fcba19fae0,6,815,0,0
1787726341,synth100,gen,p15,4c9bca9e34d78ef186f4d184b32da3fcba19fae0,7,135,0,0
1787726341,synth100,prep,p15,4c9bca9e34d78ef186f4d184b32da3fcba19fae0,7,803,0,0
1787726341,synth100,gen,p15,4c9bca9e34d78ef186f4d184b32da3fcba19fae0,8,140,0,0
1787726341,synth100,prep,p15,4c9bca9e34d78ef186f4d184b32da3fcba19fae0,8,757,0,0
1787726341,synth100,gen,p15,4c9bca9e34d78ef186f4d184b32da3fcba19fae0,9,138,0,0
1787726341,synth100,prep,p15,4c9bca9e34d78ef186f4d184b32da3fcba19fae0,9,745,0,0
1787726341,synth100,gen,p15,4c9bca9e34d78ef186f4d184b32da3fcba19fae0,10,188,0,0
1787726341,synth100,prep,p15,4c9bca9e34d78ef186f4d184b32da3fcba19fae0,10,765,0,0
1787726341,synth100,gen,p15,4c9bca9e34d78ef186f4d184b32da3fcba19fae0,11,136,0,0
1787726341,synth100,prep,p15,4c9bca9e34d78ef186f4d184b32da3fcba19fae0,11,782,0,0
1787726341,synth100,gen,p15,4c9bca9e34d78ef186f4d184b32da3fcba19fae0,12,138,0,0
1787726341,synth100,prep,p15,4c9bca9e34d78ef186f4d184b32da3fcba19fae0,12,764,0,0
1787726341,tiny,gen,p16,7c9ae2029e18909a97773cd7693f2e4b48a8d0eb,1,89,0,0
1787726341,tiny,prep,p16,7c9ae2029e18909a97773cd7693f2e4b48a8d0eb,1,108,0,0
1787726341,tiny,gen,p16,7c9ae2029e18909a97773cd7693f2e4b48a8d0eb,2,96,0,0
1787726341,tiny,prep,p16,7c9ae2029e18909a97773cd7693f2e4b48a8d0eb,2,102,0,0
1787726341,tiny,gen,p16,7c9ae2029e18909a97773cd7693f2e4b48a8d0eb,3,86,0,0
1787726341,tiny,prep,p16,7c9ae2029e18909a97773cd7693f2e4b48a8d0eb,3,103,0,0
1787726341,tiny,gen,p16,7c9ae2029e18909a97773cd7693f2e4b48a8d0eb,4,96,0,0
1787726341,tiny,prep,p16,7c9ae2029e18909a97773cd7693f2e4b48a8d0eb,4,105,0,0
1787726341,tiny,gen,p16,7c9ae2029e18909a97773cd7693f2e4b48a8d0eb,5,93,0,0
1787726341,tiny,prep,p16,7c9ae2029e18909a97773cd7693f2e4b48a8d0eb,5,105,0,0
1787726341,tiny,gen,p16,7c9ae2029e18909a97773cd7693f2e4b48a8d0eb,6,89,0,0
1787726341,tiny,prep,p16,7c9ae2029e18909a97773cd7693f2e4b48a8d0eb,6,108,0,0
1787726341,tiny,gen,p16,7c9ae2029e18909a97773cd7693f2e4b48a8d0eb,7,90,0,0
1787726341,tiny,prep,p16,7c9ae2029e18909a97773cd7693f2e4b48a8d0eb,7,103,0,0
1787726341,tiny,gen,p16,7c9ae2029e18909a97773cd7693f2e4b48a8d0eb,8,89,0,0
1787726341,tiny,prep,p16,7c9ae2029e18909a97773cd7693f2e4b48a8d0eb,8,108,0,0
1787726341,tiny,gen,p16,7c9ae2029e18909a97773cd7693f2e4b48a8d0eb,9,89,0,0
1787726341,tiny,prep,p16,7c9ae2029e18909a97773cd7693f2e4b48a8d0eb,9,112,0,0
1787726341,tiny,gen,p16,7c9ae2029e18909a97773cd7693f2e4b48a8d0eb,10,92,0,0
1787726341,tiny,prep,p16,7c9ae2029e18909a97773cd7693f2e4b48a8d0eb,10,113,0,0
1787726341,tiny,gen,p16,7c9ae2029e18909a97773cd7693f2e4b48a8d0eb,11,90,0,0
1787726341,tiny,prep,p16,7c9ae2029e18909a97773cd7693f2e4b48a8d0eb,11,133,0,0
1787726341,tiny,gen,p16,7c9ae2029e18909a97773cd7693f2e4b48a8d0eb,12,87,0,0
1787726341,tiny,prep,p16,7c9ae2029e18909a97773cd7693f2e4b48a8d0eb,12,112,0,0
1787726341,synth100,gen,p16,7c9ae2029e18909a97773cd7693f2e4b48a8d0eb,1,139,0,0
1787726341,synth100,prep,p16,7c9ae2029e18909a97773cd7693f2e4b48a8d0eb,1,781,0,0
1787726341,synth100,gen,p16,7c9ae2029e18909a97773cd7693f2e4b48a8d0eb,2,138,0,0
1787726341,synth100,prep,p16,7c9ae2029e18909a97773cd7693f2e4b48a8d0eb,2,772,0,0
1787726341,synth100,gen,p16,7c9ae2029e18909a97773cd7693f2e4b48a8d0eb,3,167,0,0
1787726341,synth100,prep,p16,7c9ae2029e18909a97773cd7693f2e4b48a8d0eb,3,787,0,0
1787726341,synth100,gen,p16,7c9ae2029e18909a97773cd7693f2e4b48a8d0eb,4,127,0,0
1787726341,synth100,prep,p16,7c9ae2029e18909a97773cd7693f2e4b48a8d0eb,4,774,0,0
1787726341,synth100,gen,p16,7c9ae2029e18909a97773cd7693f2e4b48a8d0eb,5,132,0,0
1787726341,synth100,prep,p16,7c9ae2029e18909a97773cd7693f2e4b48a8d0eb,5,789,0,0
1787726341,synth100,gen,p16,7c9ae2029e18909a97773cd7693f2e4b48a8d0eb,6,133,0,0
1787726341,synth100,prep,p16,7c9ae2029e18909a97773cd7693f2e4b48a8d0eb,6,810,0,0
1787726341,synth100,gen,p16,7c9ae2029e18909a97773cd7693f2e4b48a8d0eb,7,134,0,0
1787726341,synth100,prep,p16,7c9ae2029e18909a97773cd7693f2e4b48a8d0eb,7,769,0,0
1787726341,synth100,gen,p16,7c9ae2029e18909a97773cd7693f2e4b48a8d0eb,8,139,0,0
1787726341,synth100,prep,p16,7c9ae2029e18909a97773cd7693f2e4b48a8d0eb,8,798,0,0
1787726341,synth100,gen,p16,7c9ae2029e18909a97773cd7693f2e4b48a8d0eb,9,139,0,0
1787726341,synth100,prep,p16,7c9ae2029e18909a97773cd7693f2e4b48a8d0eb,9,785,0,0
1787726341,synth100,gen,p16,7c9ae2029e18909a97773cd7693f2e4b48a8d0eb,10,135,0,0
1787726341,synth100,prep,p16,7c9ae2029e18909a97773cd7693f2e4b48a8d0eb,10,768,0,0
1787726341,synth100,gen,p16,7c9ae2029e18909a97773cd7693f2e4b48a8d0eb,11,132,0,0
1787726341,synth100,prep,p16,7c9ae2029e18909a97773cd7693f2e4b48a8d0eb,11,827,0,0
1787726341,synth100,gen,p16,7c9ae2029e18909a97773cd7693f2e4b48a8d0eb,12,135,0,0
1787726341,synth100,prep,p16,7c9ae2029e18909a97773cd7693f2e4b48a8d0eb,12,807,0,0
1787726341,tiny,gen,p17,067bdbc08d585077e2a1f0907ee0a1e84a90e795,1,85,0,0
1787726341,tiny,prep,p17,067bdbc08d585077e2a1f0907ee0a1e84a90e795,1,102,0,0
1787726341,tiny,gen,p17,067bdbc08d585077e2a1f0907ee0a1e84a90e795,2,91,0,0
1787726341,tiny,prep,p17,067bdbc08d585077e2a1f0907ee0a1e84a90e795,2,100,0,0
1787726341,tiny,gen,p17,067bdbc08d585077e2a1f0907ee0a1e84a90e795,3,91,0,0
1787726341,tiny,prep,p17,067bdbc08d585077e2a1f0907ee0a1e84a90e795,3,106,0,0
1787726341,tiny,gen,p17,067bdbc08d585077e2a1f0907ee0a1e84a90e795,4,87,0,0
1787726341,tiny,prep,p17,067bdbc08d585077e2a1f0907ee0a1e84a90e795,4,104,0,0
1787726341,tiny,gen,p17,067bdbc08d585077e2a1f0907ee0a1e84a90e795,5,91,0,0
1787726341,tiny,prep,p17,067bdbc08d585077e2a1f0907ee0a1e84a90e795,5,111,0,0
1787726341,tiny,gen,p17,067bdbc08d585077e2a1f0907ee0a1e84a90e795,6,86,0,0
1787726341,tiny,prep,p17,067bdbc08d585077e2a1f0907ee0a1e84a90e795,6,102,0,0
1787726341,tiny,gen,p17,067bdbc08d585077e2a1f0907ee0a1e84a90e795,7,105,0,0
1787726341,tiny,prep,p17,067bdbc08d585077e2a1f0907ee0a1e84a90e795,7,104,0,0
1787726341,tiny,gen,p17,067bdbc08d585077e2a1f0907ee0a1e84a90e795,8,100,0,0
1787726341,tiny,prep,p17,067bdbc08d585077e2a1f0907ee0a1e84a90e795,8,123,0,0
1787726341,tiny,gen,p17,067bdbc08d585077e2a1f0907ee0a1e84a90e795,9,90,0,0
1787726341,tiny,prep,p17,067bdbc08d585077e2a1f0907ee0a1e84a90e795,9,106,0,0
1787726341,tiny,gen,p17,067bdbc08d585077e2a1f0907ee0a1e84a90e795,10,86,0,0
1787726341,tiny,prep,p17,067bdbc08d585077e2a1f0907ee0a1e84a90e795,10,105,0,0
1787726341,tiny,gen,p17,067bdbc08d585077e2a1f0907ee0a1e84a90e795,11,89,0,0
1787726341,tiny,prep,p17,067bdbc08d585077e2a1f0907ee0a1e84a90e795,11,124,0,0
1787726341,tiny,gen,p17,067bdbc08d585077e2a1f0907ee0a1e84a90e795,12,87,0,0
1787726341,tiny,prep,p17,067bdbc08d585077e2a1f0907ee0a1e84a90e795,12,103,0,0
1787726341,synth100,gen,p17,067bdbc08d585077e2a1f0907ee0a1e84a90e795,1,131,0,0
1787726341,synth100,prep,p17,067bdbc08d585077e2a1f0907ee0a1e84a90e795,1,748,0,0
1787726341,synth100,gen,p17,067bdbc08d585077e2a1f0907ee0a1e84a90e795,2,126,0,0
1787726341,synth100,prep,p17,067bdbc08d585077e2a1f0907ee0a1e84a90e795,2,755,0,0
1787726341,synth100,gen,p17,067bdbc08d585077e2a1f0907ee0a1e84a90e795,3,119,0,0
1787726341,synth100,prep,p17,067bdbc08d585077e2a1f0907ee0a1e84a90e795,3,749,0,0
1787726341,synth100,gen,p17,067bdbc08d585077e2a1f0907ee0a1e84a90e795,4,150,0,0
1787726341,synth100,prep,p17,067bdbc08d585077e2a1f0907ee0a1e84a90e795,4,752,0,0
1787726341,synth100,gen,p17,067bdbc08d585077e2a1f0907ee0a1e84a90e795,5,137,0,0
1787726341,synth100,prep,p17,067bdbc08d585077e2a1f0907ee0a1e84a90e795,5,824,0,0
1787726341,synth100,gen,p17,067bdbc08d585077e2a1f0907ee0a1e84a90e795,6,131,0,0
1787726341,synth100,prep,p17,067bdbc08d585077e2a1f0907ee0a1e84a90e795,6,774,0,0
1787726341,synth100,gen,p17,067bdbc08d585077e2a1f0907ee0a1e84a90e795,7,141,0,0
1787726341,synth100,prep,p17,067bdbc08d585077e2a1f0907ee0a1e84a90e795,7,770,0,0
1787726341,synth100,gen,p17,067bdbc08d585077e2a1f0907ee0a1e84a90e795,8,125,0,0
1787726341,synth100,prep,p17,067bdbc08d585077e2a1f0907ee0a1e84a90e795,8,826,0,0
1787726341,synth100,gen,p17,067bdbc08d585077e2a1f0907ee0a1e84a90e795,9,155,0,0
1787726341,synth100,prep,p17,067bdbc08d585077e2a1f0907ee0a1e84a90e795,9,752,0,0
1787726341,synth100,gen,p17,067bdbc08d585077e2a1f0907ee0a1e84a90e795,10,137,0,0
1787726341,synth100,prep,p17,067bdbc08d585077e2a1f0907ee0a1e84a90e795,10,746,0,0
1787726341,synth100,gen,p17,067bdbc08d585077e2a1f0907ee0a1e84a90e795,11,124,0,0
1787726341,synth100,prep,p17,067bdbc08d585077e2a1f0907ee0a1e84a90e795,11,765,0,0
1787726341,synth100,gen,p17,067bdbc08d585077e2a1f0907ee0a1e84a90e795,12,145,0,0
1787726341,synth100,prep,p17,067bdbc08d585077e2a1f0907ee0a1e84a90e795,12,739,0,0
