n,seconds
1,0.000
2,0.003
3,0.006
4,0.012
5,0.013
6,0.016
7,0.021
8,0.025
9,0.028
10,0.030
11,0.034
12,0.037
13,0.042
14,0.045
15,0.046
16,0.049
17,0.050
18,0.052
19,0.053
20,0.055
21,0.058
22,0.061
23,0.065
24,0.067
25,0.071
26,0.076
27,0.077
28,0.080
29,0.085
30,0.087
31,0.088
32,0.091
33,0.093
34,0.094
35,0.097
36,0.099
37,0.100
38,0.103
39,0.104
40,0.105
41,0.106
42,0.108
43,0.110
44,0.113
45,0.115
46,0.118
47,0.121
48,0.122
49,0.126
50,0.130
51,0.132
52,0.134
53,0.136
54,0.139
55,0.140
56,0.144
57,0.147
58,0.151
59,0.152
60,0.153
61,0.155
62,0.156
63,0.158
64,0.161
65,0.163
66,0.165
67,0.166
68,0.168
69,0.169
70,0.170
71,0.173
72,0.175
73,0.178
74,0.180
75,0.183
76,0.187
77,0.189
78,0.191
79,0.196
80,0.199
81,0.204
82,0.208
83,0.212
84,0.216
85,0.217
86,0.222
87,0.227
88,0.230
89,0.233
90,0.236
91,0.239
92,0.241
93,0.242
94,0.244
95,0.245
96,0.247
97,0.248
98,0.251
99,0.256
100,0.258
101,0.262
102,0.264
103,0.268
104,0.270
105,0.273
106,0.276
107,0.279
108,0.282
109,0.286
110,0.288
111,0.294
112,0.296
113,0.299
114,0.301
115,0.304
116,0.306
117,0.309
118,0.311
119,0.314
120,0.316
121,0.319
122,0.321
123,0.324
124,0.327
125,0.329
126,0.332
127,0.335
128,0.338
129,0.341
130,0.343
131,0.347
132,0.348
133,0.350
134,0.352
135,0.356
136,0.358
137,0.362
138,0.364
139,0.368
140,0.370
141,0.373
142,0.375
143,0.379
144,0.381
145,0.383
146,0.385
147,0.388
148,0.390
149,0.391
150,0.393
151,0.395
152,0.396
153,0.401
154,0.405
155,0.408
156,0.411
157,0.414
158,0.418
159,0.420
160,0.423
161,0.425
162,0.428
163,0.429
164,0.431
165,0.433
166,0.434
167,0.437
168,0.440
169,0.444
170,0.446
171,0.449
172,0.452
173,0.454
174,0.457
175,0.460
176,0.464
177,0.466
178,0.468
179,0.471
180,0.474
181,0.477
182,0.480
183,0.483
184,0.485
185,0.488
186,0.491
187,0.494
188,0.496
189,0.499
190,0.502
191,0.504
192,0.507
193,0.510
194,0.512
195,0.515
196,0.518
197,0.520
198,0.523
199,0.526
200,0.529
201,0.532
202,0.534
203,0.537
204,0.540
205,0.543
206,0.546
207,0.549
208,0.551
209,0.554
210,0.557
211,0.559
212,0.566
213,0.577
214,0.584
215,0.586
216,0.588
217,0.590
218,0.592
219,0.595
220,0.597
221,0.603
222,0.613
223,0.623
224,0.633
225,0.644
226,0.654
227,0.665
228,0.676
229,0.681
230,0.683
231,0.697
232,0.709
233,0.714
234,0.719
235,0.723
236,0.728
237,0.733
238,0.737
239,0.742
240,0.746
241,0.751
242,0.756
243,0.762
244,0.769
245,0.775
246,0.782
247,0.788
248,0.795
249,0.801
250,0.808
251,0.815
252,0.822
253,0.828
254,0.836
255,0.842
256,0.849
257,0.855
258,0.862
259,0.868
260,0.873
261,0.877
262,0.881
263,0.883
264,0.886
265,0.890
266,0.892
267,0.894
268,0.899
269,0.904
270,0.907
271,0.910
272,0.914
273,0.916
274,0.919
275,0.924
276,0.926
277,0.928
278,0.931
279,0.936
280,0.938
281,0.943
282,0.949
283,0.956
284,0.962
285,0.964
286,0.969
287,0.976
288,0.978
289,0.984
290,0.989
291,0.994
292,1.000
293,1.002
294,1.005
295,1.010
296,1.011
297,1.016
298,1.021
299,1.024
300,1.029
301,1.034
302,1.036
303,1.038
304,1.043
305,1.049
306,1.051
307,1.054
308,1.058
309,1.060
310,1.062
311,1.064
312,1.065
313,1.071
314,1.077
315,1.081
316,1.086
317,1.089
318,1.093
319,1.095
320,1.097
321,1.101
322,1.106
323,1.110
324,1.112
325,1.116
326,1.120
327,1.121
328,1.127
329,1.133
330,1.138
331,1.143
332,1.148
333,1.153
334,1.155
335,1.159
336,1.164
337,1.167
338,1.171
339,1.173
340,1.176
341,1.179
342,1.184
343,1.189
344,1.191
345,1.195
346,1.199
347,1.200
348,1.206
349,1.211
350,1.217
351,1.222
352,1.227
353,1.231
354,1.233
355,1.238
356,1.243
357,1.245
358,1.247
359,1.251
360,1.256
361,1.257
362,1.259
363,1.260
364,1.262
365,1.264
366,1.266
367,1.271
368,1.278
369,1.286
370,1.294
371,1.301
372,1.309
373,1.313
374,1.315
375,1.320
376,1.326
377,1.328
378,1.335
379,1.341
380,1.346
381,1.351
382,1.356
383,1.361
384,1.365
385,1.369
386,1.371
387,1.374
388,1.378
389,1.380
390,1.382
391,1.387
392,1.392
393,1.395
394,1.397
395,1.401
396,1.403
397,1.406
398,1.410
399,1.412
400,1.414
401,1.417
402,1.421
403,1.423
404,1.425
405,1.429
406,1.434
407,1.436
408,1.439
409,1.443
410,1.450
411,1.455
412,1.457
413,1.462
414,1.466
415,1.470
416,1.475
417,1.477
418,1.479
419,1.484
420,1.486
421,1.487
422,1.491
423,1.497
424,1.499
425,1.504
426,1.510
427,1.512
428,1.514
429,1.519
430,1.523
431,1.526
432,1.532
433,1.537
434,1.539
435,1.541
436,1.546
437,1.551
438,1.553
439,1.558
440,1.564
441,1.570
442,1.572
443,1.577
444,1.582
445,1.584
446,1.587
447,1.591
448,1.594
449,1.599
450,1.602
451,1.606
452,1.608
453,1.611
454,1.615
455,1.616
456,1.618
457,1.622
458,1.628
459,1.630
460,1.632
461,1.638
462,1.642
463,1.643
464,1.645
465,1.647
466,1.648
467,1.650
468,1.653
469,1.657
470,1.659
471,1.662
472,1.667
473,1.669
474,1.671
475,1.676
476,1.678
477,1.680
478,1.684
479,1.688
480,1.690
481,1.693
482,1.697
483,1.699
484,1.703
485,1.707
486,1.713
487,1.719
488,1.721
489,1.723
490,1.728
491,1.733
492,1.735
493,1.738
494,1.742
495,1.745
496,1.750
497,1.753
498,1.757
499,1.759
500,1.762
501,1.766
502,1.768
503,1.770
504,1.772
505,1.776
506,1.778
507,1.781
508,1.785
509,1.787
510,1.790
511,1.794
512,1.796
513,1.798
514,1.802
515,1.806
516,1.808
517,1.811
518,1.815
519,1.817
520,1.821
521,1.825
522,1.831
523,1.837
524,1.839
525,1.842
526,1.844
527,1.848
528,1.854
529,1.856
530,1.859
531,1.864
532,1.866
533,1.870
534,1.873
535,1.877
536,1.878
537,1.879
538,1.881
539,1.882
540,1.883
541,1.884
542,1.889
543,1.898
544,1.908
545,1.917
546,1.927
547,1.936
548,1.946
549,1.950
550,1.953
551,1.959
552,1.967
553,1.971
554,1.974
555,1.977
556,1.986
557,1.994
558,2.001
559,2.008
560,2.015
561,2.021
562,2.027
563,2.032
564,2.039
565,2.043
566,2.048
567,2.053
568,2.055
569,2.065
570,2.077
571,2.079
572,2.084
573,2.088
574,2.095
575,2.100
576,2.102
577,2.105
578,2.110
579,2.116
580,2.119
581,2.127
582,2.134
583,2.138
584,2.144
585,2.149
586,2.154
587,2.159
588,2.161
589,2.165
590,2.169
591,2.171
592,2.177
593,2.183
594,2.185
595,2.189
596,2.196
597,2.198
598,2.206
599,2.213
600,2.216
601,2.223
602,2.230
603,2.232
604,2.236
605,2.243
606,2.245
607,2.250
608,2.254
609,2.258
610,2.264
611,2.267
612,2.278
613,2.285
614,2.290
615,2.293
616,2.298
617,2.301
618,2.311
619,2.318
620,2.321
621,2.324
622,2.329
623,2.335
624,2.337
625,2.340
626,2.345
627,2.347
628,2.351
629,2.355
630,2.358
631,2.362
632,2.364
633,2.372
634,2.379
635,2.383
636,2.388
637,2.392
638,2.400
639,2.406
640,2.409
641,2.412
642,2.414
643,2.420
644,2.425
645,2.427
646,2.430
647,2.434
648,2.438
649,2.443
650,2.445
651,2.448
652,2.452
653,2.454
654,2.455
655,2.457
656,2.458
657,2.460
658,2.462
659,2.466
660,2.472
661,2.479
662,2.485
663,2.491
664,2.500
665,2.507
666,2.511
667,2.515
668,2.521
669,2.526
670,2.528
671,2.530
672,2.532
673,2.538
674,2.543
675,2.549
676,2.554
677,2.557
678,2.563
679,2.569
680,2.573
681,2.576
682,2.582
683,2.589
684,2.591
685,2.592
686,2.594
687,2.596
688,2.602
689,2.607
690,2.613
691,2.618
692,2.621
693,2.625
694,2.628
695,2.632
696,2.636
697,2.637
698,2.640
699,2.644
700,2.646
701,2.651
702,2.656
703,2.659
704,2.662
705,2.664
706,2.668
707,2.670
708,2.675
709,2.678
710,2.683
711,2.687
712,2.693
713,2.698
714,2.707
715,2.710
716,2.714
717,2.718
718,2.722
719,2.730
720,2.740
721,2.745
722,2.749
723,2.754
724,2.756
725,2.757
726,2.759
727,2.761
728,2.764
729,2.769
730,2.771
731,2.776
732,2.781
733,2.785
734,2.788
735,2.792
736,2.797
737,2.799
738,2.800
739,2.803
740,2.804
741,2.806
742,2.811
743,2.816
744,2.818
745,2.824
746,2.830
747,2.835
748,2.839
749,2.849
750,2.857
751,2.858
752,2.860
753,2.864
754,2.868
755,2.870
756,2.879
757,2.885
758,2.889
759,2.894
760,2.898
761,2.901
762,2.905
763,2.907
764,2.916
765,2.923
766,2.928
767,2.932
768,2.936
769,2.938
770,2.940
771,2.943
772,2.949
773,2.955
774,2.958
775,2.961
776,2.964
777,2.967
778,2.972
779,2.976
780,2.978
781,2.983
782,2.986
783,2.990
784,2.993
785,2.996
786,3.000
787,3.003
788,3.007
789,3.008
790,3.017
791,3.025
792,3.030
793,3.036
794,3.040
795,3.042
796,3.045
797,3.048
798,3.051
799,3.057
800,3.060
801,3.066
802,3.069
803,3.071
804,3.074
805,3.077
806,3.082
807,3.086
808,3.088
809,3.091
810,3.095
811,3.099
812,3.101
813,3.102
814,3.104
815,3.105
816,3.107
817,3.109
818,3.113
819,3.118
820,3.124
821,3.130
822,3.136
823,3.140
824,3.146
825,3.151
826,3.154
827,3.160
828,3.166
829,3.170
830,3.174
831,3.177
832,3.181
833,3.183
834,3.186
835,3.189
836,3.191
837,3.192
838,3.198
839,3.203
840,3.206
841,3.208
842,3.212
843,3.214
844,3.216
845,3.219
846,3.220
847,3.222
848,3.225
849,3.227
850,3.229
851,3.233
852,3.238
853,3.242
854,3.248
855,3.253
856,3.255
857,3.264
858,3.272
859,3.276
860,3.280
861,3.284
862,3.289
863,3.293
864,3.298
865,3.303
866,3.305
867,3.309
868,3.314
869,3.318
870,3.323
871,3.325
872,3.328
873,3.337
874,3.344
875,3.348
876,3.352
877,3.356
878,3.359
879,3.361
880,3.369
881,3.379
882,3.383
883,3.387
884,3.391
885,3.397
886,3.402
887,3.404
888,3.410
889,3.416
890,3.420
891,3.425
892,3.429
893,3.435
894,3.439
895,3.443
896,3.446
897,3.449
898,3.453
899,3.457
900,3.461
901,3.465
902,3.469
903,3.477
904,3.485
905,3.490
906,3.495
907,3.497
908,3.499
909,3.503
910,3.507
911,3.510
912,3.512
913,3.515
914,3.520
915,3.522
916,3.529
917,3.536
918,3.540
919,3.544
920,3.548
921,3.553
922,3.557
923,3.559
924,3.562
925,3.568
926,3.573
927,3.577
928,3.579
929,3.585
930,3.590
931,3.592
932,3.595
933,3.598
934,3.600
935,3.603
936,3.605
937,3.612
938,3.621
939,3.631
940,3.640
941,3.650
942,3.655
943,3.662
944,3.665
945,3.667
946,3.672
947,3.675
948,3.681
949,3.687
950,3.690
951,3.695
952,3.701
953,3.705
954,3.709
955,3.714
956,3.719
957,3.722
958,3.727
959,3.729
960,3.737
961,3.744
962,3.748
963,3.751
964,3.754
965,3.759
966,3.764
967,3.765
968,3.767
969,3.772
970,3.777
971,3.780
972,3.783
973,3.787
974,3.790
975,3.795
976,3.796
977,3.799
978,3.803
979,3.806
980,3.810
981,3.812
982,3.814
983,3.818
984,3.820
985,3.824
986,3.826
987,3.827
988,3.832
989,3.837
990,3.840
991,3.844
992,3.847
993,3.849
994,3.851
995,3.855
996,3.857
997,3.862
998,3.866
999,3.868
1000,3.873
1001,3.878
1002,3.882
1003,3.887
1004,3.889
1005,3.894
1006,3.900
1007,3.902
1008,3.906
1009,3.910
1010,3.913
1011,3.917
1012,3.919
1013,3.921
1014,3.925
1015,3.930
1016,3.935
1017,3.936
1018,3.938
1019,3.943
1020,3.947
1021,3.949
1022,3.954
1023,3.959
1024,3.961
1025,3.965
1026,3.969
1027,3.974
1028,3.980
1029,3.984
1030,3.986
1031,3.988
1032,3.993
1033,3.998
1034,4.000
1035,4.004
1036,4.007
1037,4.010
1038,4.014
1039,4.015
1040,4.023
1041,4.029
1042,4.032
1043,4.035
1044,4.039
1045,4.044
1046,4.048
1047,4.050
1048,4.052
1049,4.057
1050,4.059
1051,4.063
1052,4.066
1053,4.069
1054,4.073
1055,4.076
1056,4.080
1057,4.082
1058,4.086
1059,4.087
1060,4.088
1061,4.090
1062,4.091
1063,4.093
1064,4.094
1065,4.098
1066,4.103
1067,4.109
1068,4.115
1069,4.120
1070,4.124
1071,4.128
1072,4.132
1073,4.139
1074,4.144
1075,4.147
1076,4.153
1077,4.158
1078,4.162
1079,4.166
1080,4.169
1081,4.173
1082,4.174
1083,4.177
1084,4.181
1085,4.183
1086,4.184
1087,4.189
1088,4.194
1089,4.197
1090,4.200
1091,4.203
1092,4.205
1093,4.207
1094,4.210
1095,4.212
1096,4.214
1097,4.218
1098,4.219
1099,4.223
1100,4.227
1101,4.229
1102,4.233
1103,4.236
1104,4.240
1105,4.242
1106,4.247
1107,4.252
1108,4.255
1109,4.258
1110,4.261
1111,4.264
1112,4.268
1113,4.271
1114,4.274
1115,4.277
1116,4.278
1117,4.281
1118,4.284
1119,4.287
1120,4.291
1121,4.296
1122,4.301
1123,4.304
1124,4.307
1125,4.311
1126,4.314
1127,4.318
1128,4.320
1129,4.324
1130,4.328
1131,4.331
1132,4.335
1133,4.338
1134,4.343
1135,4.346
1136,4.351
1137,4.353
1138,4.355
1139,4.358
1140,4.361
1141,4.364
1142,4.367
1143,4.371
1144,4.373
1145,4.377
1146,4.382
1147,4.388
1148,4.391
1149,4.394
1150,4.397
1151,4.400
1152,4.404
1153,4.406
1154,4.408
1155,4.410
1156,4.414
1157,4.416
1158,4.421
1159,4.428
1160,4.435
1161,4.442
1162,4.449
1163,4.456
1164,4.462
1165,4.467
1166,4.469
1167,4.473
1168,4.477
1169,4.482
1170,4.487
1171,4.489
1172,4.490
1173,4.492
1174,4.494
1175,4.495
1176,4.497
1177,4.502
1178,4.506
1179,4.511
1180,4.515
1181,4.520
1182,4.524
1183,4.528
1184,4.532
1185,4.537
1186,4.543
1187,4.545
1188,4.555
1189,4.564
1190,4.569
1191,4.575
1192,4.581
1193,4.589
1194,4.596
1195,4.602
1196,4.610
1197,4.612
1198,4.617
1199,4.623
1200,4.626
1201,4.628
1202,4.631
1203,4.642
1204,4.650
1205,4.655
1206,4.660
1207,4.665
1208,4.668
1209,4.674
1210,4.679
1211,4.686
1212,4.689
1213,4.692
1214,4.701
1215,4.709
1216,4.714
1217,4.719
1218,4.725
1219,4.731
1220,4.737
1221,4.743
1222,4.749
1223,4.751
1224,4.755
1225,4.760
1226,4.765
1227,4.771
1228,4.773
1229,4.776
1230,4.785
1231,4.793
1232,4.798
1233,4.806
1234,4.812
1235,4.815
1236,4.817
1237,4.824
1238,4.829
1239,4.831
1240,4.839
1241,4.845
1242,4.848
1243,4.854
1244,4.859
1245,4.866
1246,4.871
1247,4.873
1248,4.883
1249,4.890
1250,4.894
1251,4.900
1252,4.908
1253,4.914
1254,4.921
1255,4.923
1256,4.928
1257,4.934
1258,4.938
1259,4.944
1260,4.946
1261,4.955
1262,4.961
1263,4.964
1264,4.968
1265,4.972
1266,4.973
1267,4.976
1268,4.980
1269,4.982
1270,4.983
1271,4.987
1272,4.992
1273,4.994
1274,4.996
1275,5.002
1276,5.008
1277,5.012
1278,5.017
1279,5.022
1280,5.027
1281,5.032
1282,5.034
1283,5.037
1284,5.042
1285,5.049
1286,5.053
1287,5.055
1288,5.057
1289,5.062
1290,5.066
1291,5.068
1292,5.073
1293,5.078
1294,5.080
1295,5.084
1296,5.089
1297,5.095
1298,5.101
1299,5.106
1300,5.108
1301,5.110
1302,5.112
1303,5.118
1304,5.123
1305,5.126
1306,5.130
1307,5.136
1308,5.139
1309,5.144
1310,5.146
1311,5.147
1312,5.149
1313,5.150
1314,5.152
1315,5.154
1316,5.158
1317,5.162
1318,5.167
1319,5.171
1320,5.177
1321,5.183
1322,5.186
1323,5.193
1324,5.199
1325,5.203
1326,5.208
1327,5.213
1328,5.217
1329,5.222
1330,5.227
1331,5.228
1332,5.237
1333,5.243
1334,5.247
1335,5.252
1336,5.256
1337,5.260
1338,5.265
1339,5.267
1340,5.269
1341,5.274
1342,5.280
1343,5.283
1344,5.287
1345,5.291
1346,5.295
1347,5.300
1348,5.304
1349,5.309
1350,5.310
1351,5.313
1352,5.317
1353,5.320
1354,5.324
1355,5.326
1356,5.327
1357,5.333
1358,5.338
1359,5.341
1360,5.345
1361,5.349
1362,5.351
1363,5.353
1364,5.357
1365,5.359
1366,5.364
1367,5.369
1368,5.371
1369,5.376
1370,5.380
1371,5.385
1372,5.389
1373,5.391
1374,5.397
1375,5.403
1376,5.406
1377,5.411
1378,5.416
1379,5.420
1380,5.425
1381,5.427
1382,5.429
1383,5.434
1384,5.439
1385,5.444
1386,5.445
1387,5.447
1388,5.452
1389,5.456
1390,5.458
1391,5.464
1392,5.469
1393,5.471
1394,5.476
1395,5.480
1396,5.487
1397,5.493
1398,5.498
1399,5.500
1400,5.502
1401,5.508
1402,5.514
1403,5.517
1404,5.521
1405,5.526
1406,5.530
1407,5.534
1408,5.536
1409,5.539
1410,5.543
1411,5.552
1412,5.559
1413,5.562
1414,5.566
1415,5.571
1416,5.577
1417,5.581
1418,5.583
1419,5.585
1420,5.588
1421,5.593
1422,5.600
1423,5.603
1424,5.608
1425,5.613
1426,5.615
1427,5.621
1428,5.622
1429,5.627
1430,5.635
1431,5.642
1432,5.649
1433,5.654
1434,5.658
1435,5.663
1436,5.664
1437,5.666
1438,5.668
1439,5.669
1440,5.671
1441,5.672
1442,5.680
1443,5.685
1444,5.691
1445,5.692
1446,5.694
1447,5.695
1448,5.703
1449,5.710
1450,5.714
1451,5.723
1452,5.729
1453,5.733
1454,5.739
1455,5.745
1456,5.750
1457,5.752
1458,5.754
1459,5.756
1460,5.765
1461,5.774
1462,5.778
1463,5.782
1464,5.788
1465,5.794
1466,5.797
1467,5.803
1468,5.811
1469,5.821
1470,5.826
1471,5.832
1472,5.837
1473,5.842
1474,5.855
1475,5.864
1476,5.870
1477,5.883
1478,5.888
1479,5.894
1480,5.899
1481,5.904
1482,5.909
1483,5.921
1484,5.930
1485,5.943
1486,5.952
1487,5.957
1488,5.968
1489,5.976
1490,5.987
1491,5.991
1492,5.996
1493,6.001
1494,6.010
1495,6.015
1496,6.020
1497,6.022
1498,6.024
1499,6.027
1500,6.029
1501,6.032
1502,6.044
1503,6.053
1504,6.063
1505,6.072
1506,6.082
1507,6.090
1508,6.095
1509,6.102
1510,6.108
1511,6.115
1512,6.118
1513,6.121
1514,6.125
1515,6.133
1516,6.138
1517,6.140
1518,6.143
1519,6.145
1520,6.164
1521,6.179
1522,6.187
1523,6.195
1524,6.202
1525,6.208
1526,6.218
1527,6.222
1528,6.224
1529,6.227
1530,6.240
1531,6.250
1532,6.256
1533,6.261
1534,6.268
1535,6.272
1536,6.275
1537,6.284
1538,6.291
1539,6.295
1540,6.304
1541,6.313
1542,6.319
1543,6.320
1544,6.322
1545,6.324
1546,6.329
1547,6.331
1548,6.333
1549,6.335
1550,6.337
1551,6.339
1552,6.344
1553,6.349
1554,6.351
1555,6.352
1556,6.354
1557,6.356
1558,6.362
1559,6.375
1560,6.385
1561,6.389
1562,6.393
1563,6.401
1564,6.407
1565,6.411
1566,6.417
1567,6.422
1568,6.432
1569,6.441
1570,6.446
1571,6.448
1572,6.450
1573,6.454
1574,6.458
1575,6.460
1576,6.471
1577,6.480
1578,6.485
1579,6.495
1580,6.504
1581,6.509
1582,6.515
1583,6.519
1584,6.524
1585,6.529
1586,6.531
1587,6.533
1588,6.536
1589,6.540
1590,6.543
1591,6.548
1592,6.549
1593,6.554
1594,6.558
1595,6.562
1596,6.567
1597,6.569
1598,6.574
1599,6.578
1600,6.580
1601,6.585
1602,6.591
1603,6.592
1604,6.598
1605,6.603
1606,6.605
1607,6.616
1608,6.625
1609,6.630
1610,6.634
1611,6.640
1612,6.645
1613,6.646
1614,6.650
1615,6.655
1616,6.657
1617,6.667
1618,6.677
1619,6.681
1620,6.686
1621,6.691
1622,6.697
1623,6.699
1624,6.703
1625,6.708
1626,6.712
1627,6.717
1628,6.721
1629,6.726
1630,6.730
1631,6.735
1632,6.737
1633,6.739
1634,6.742
1635,6.747
1636,6.749
1637,6.754
1638,6.756
1639,6.758
1640,6.763
1641,6.766
1642,6.771
1643,6.773
1644,6.779
1645,6.784
1646,6.785
1647,6.791
1648,6.796
1649,6.798
1650,6.803
1651,6.808
1652,6.812
1653,6.817
1654,6.819
1655,6.821
1656,6.832
1657,6.841
1658,6.846
1659,6.851
1660,6.856
1661,6.862
1662,6.864
1663,6.869
1664,6.875
1665,6.877
1666,6.879
1667,6.890
1668,6.900
1669,6.905
1670,6.909
1671,6.916
1672,6.921
1673,6.923
1674,6.927
1675,6.932
1676,6.934
1677,6.939
1678,6.945
1679,6.946
1680,6.948
1681,6.950
1682,6.951
1683,6.953
1684,6.955
1685,6.963
1686,6.970
1687,6.978
1688,6.985
1689,6.993
1690,7.003
1691,7.010
1692,7.012
1693,7.015
1694,7.017
1695,7.020
1696,7.026
1697,7.035
1698,7.048
1699,7.053
1700,7.058
1701,7.064
1702,7.070
1703,7.083
1704,7.092
1705,7.105
1706,7.115
1707,7.125
1708,7.134
1709,7.142
1710,7.147
1711,7.154
1712,7.160
1713,7.163
1714,7.170
1715,7.176
1716,7.179
1717,7.181
1718,7.183
1719,7.190
1720,7.196
1721,7.199
1722,7.209
1723,7.219
1724,7.229
1725,7.241
1726,7.247
1727,7.250
1728,7.262
1729,7.272
1730,7.277
1731,7.291
1732,7.304
1733,7.310
1734,7.317
1735,7.323
1736,7.328
1737,7.335
1738,7.337
1739,7.343
1740,7.350
1741,7.361
1742,7.370
1743,7.376
1744,7.384
1745,7.391
1746,7.399
1747,7.407
1748,7.410
1749,7.419
1750,7.425
1751,7.427
1752,7.432
1753,7.436
1754,7.438
1755,7.443
1756,7.448
1757,7.450
1758,7.460
1759,7.470
1760,7.475
1761,7.480
1762,7.487
1763,7.492
1764,7.494
1765,7.500
1766,7.505
1767,7.511
1768,7.516
1769,7.521
1770,7.527
1771,7.531
1772,7.536
1773,7.538
1774,7.543
1775,7.547
1776,7.552
1777,7.557
1778,7.565
1779,7.572
1780,7.576
1781,7.582
1782,7.587
1783,7.588
1784,7.590
1785,7.596
1786,7.600
1787,7.601
1788,7.607
1789,7.611
1790,7.613
1791,7.618
1792,7.623
1793,7.628
1794,7.633
1795,7.635
1796,7.636
1797,7.647
1798,7.656
1799,7.660
1800,7.665
1801,7.670
1802,7.675
1803,7.677
1804,7.680
1805,7.684
1806,7.686
1807,7.689
1808,7.693
1809,7.695
1810,7.699
1811,7.705
1812,7.712
1813,7.719
1814,7.726
1815,7.730
1816,7.731
1817,7.736
1818,7.740
1819,7.745
1820,7.750
1821,7.751
1822,7.753
1823,7.755
1824,7.756
1825,7.758
1826,7.759
1827,7.763
1828,7.768
1829,7.772
1830,7.776
1831,7.780
1832,7.784
1833,7.791
1834,7.797
1835,7.800
1836,7.807
1837,7.813
1838,7.816
1839,7.821
1840,7.825
1841,7.830
1842,7.835
1843,7.838
1844,7.842
1845,7.844
1846,7.847
1847,7.851
1848,7.852
1849,7.854
1850,7.860
1851,7.865
1852,7.868
1853,7.872
1854,7.876
1855,7.878
1856,7.882
1857,7.886
1858,7.888
1859,7.890
1860,7.896
1861,7.902
1862,7.906
1863,7.910
1864,7.915
1865,7.919
1866,7.924
1867,7.926
1868,7.928
1869,7.933
1870,7.936
1871,7.940
1872,7.942
1873,7.943
1874,7.949
1875,7.955
1876,7.959
1877,7.964
1878,7.970
1879,7.972
1880,7.974
1881,7.979
1882,7.984
1883,7.986
1884,7.989
1885,7.994
1886,7.999
1887,8.003
1888,8.005
1889,8.006
1890,8.009
1891,8.011
1892,8.015
1893,8.019
1894,8.021
1895,8.027
1896,8.032
1897,8.036
1898,8.040
1899,8.045
1900,8.049
1901,8.053
1902,8.057
1903,8.057
1904,8.062
1905,8.064
1906,8.069
1907,8.070
1908,8.076
1909,8.082
1910,8.086
1911,8.090
1912,8.093
1913,8.095
1914,8.098
1915,8.102
1916,8.104
1917,8.106
1918,8.110
1919,8.114
1920,8.116
1921,8.118
1922,8.124
1923,8.130
1924,8.133
1925,8.137
1926,8.142
1927,8.146
1928,8.150
1929,8.151
1930,8.154
1931,8.158
1932,8.161
1933,8.165
1934,8.167
1935,8.169
1936,8.173
1937,8.175
1938,8.179
1939,8.183
1940,8.187
1941,8.192
1942,8.194
1943,8.196
1944,8.198
1945,8.203
1946,8.210
1947,8.213
1948,8.217
1949,8.220
1950,8.224
1951,8.229
1952,8.230
1953,8.232
1954,8.234
1955,8.235
1956,8.237
1957,8.238
1958,8.243
1959,8.248
1960,8.252
1961,8.256
1962,8.262
1963,8.269
1964,8.272
1965,8.280
1966,8.285
1967,8.290
1968,8.294
1969,8.298
1970,8.302
1971,8.306
1972,8.312
1973,8.315
1974,8.329
1975,8.339
1976,8.346
1977,8.354
1978,8.361
1979,8.368
1980,8.374
1981,8.377
1982,8.380
1983,8.389
1984,8.399
1985,8.403
1986,8.409
1987,8.415
1988,8.421
1989,8.427
1990,8.429
1991,8.433
1992,8.439
1993,8.442
1994,8.448
1995,8.450
1996,8.452
1997,8.460
1998,8.469
1999,8.473
2000,8.479
2001,8.483
2002,8.486
2003,8.489
2004,8.494
2005,8.496
2006,8.501
2007,8.508
2008,8.514
2009,8.520
2010,8.522
2011,8.525
2012,8.527
2013,8.530
2014,8.536
2015,8.542
2016,8.545
2017,8.553
2018,8.562
2019,8.567
2020,8.573
2021,8.579
2022,8.584
2023,8.590
2024,8.592
2025,8.596
2026,8.601
2027,8.605
2028,8.610
2029,8.612
2030,8.616
2031,8.621
2032,8.623
2033,8.628
2034,8.634
2035,8.641
2036,8.646
2037,8.649
2038,8.651
2039,8.661
2040,8.671
2041,8.677
2042,8.683
2043,8.692
2044,8.699
2045,8.704
2046,8.707
2047,8.712
2048,8.716
2049,8.725
2050,8.732
2051,8.737
2052,8.741
2053,8.745
2054,8.751
2055,8.756
2056,8.758
2057,8.760
2058,8.762
2059,8.768
2060,8.776
2061,8.779
2062,8.784
2063,8.789
2064,8.793
2065,8.796
2066,8.798
2067,8.800
2068,8.802
2069,8.803
2070,8.804
2071,8.806
2072,8.809
2073,8.815
2074,8.820
2075,8.828
2076,8.833
2077,8.836
2078,8.841
2079,8.844
2080,8.849
2081,8.852
2082,8.857
2083,8.860
2084,8.863
2085,8.867
2086,8.871
2087,8.875
2088,8.878
2089,8.882
2090,8.886
2091,8.889
2092,8.891
2093,8.895
2094,8.898
2095,8.900
2096,8.902
2097,8.903
2098,8.905
2099,8.906
2100,8.908
2101,8.912
2102,8.918
2103,8.924
2104,8.930
2105,8.936
2106,8.942
2107,8.949
2108,8.952
2109,8.960
2110,8.966
2111,8.969
2112,8.972
2113,8.975
2114,8.983
2115,8.988
2116,8.996
2117,9.001
2118,9.008
2119,9.014
2120,9.019
2121,9.023
2122,9.027
2123,9.032
2124,9.035
2125,9.039
2126,9.040
2127,9.049
2128,9.056
2129,9.061
2130,9.065
2131,9.068
2132,9.074
2133,9.078
2134,9.079
2135,9.081
2136,9.088
2137,9.093
2138,9.096
2139,9.100
2140,9.104
2141,9.108
2142,9.112
2143,9.113
2144,9.116
2145,9.120
2146,9.121
2147,9.127
2148,9.134
2149,9.137
2150,9.144
2151,9.150
2152,9.153
2153,9.157
2154,9.161
2155,9.163
2156,9.170
2157,9.175
2158,9.178
2159,9.185
2160,9.190
2161,9.194
2162,9.198
2163,9.202
2164,9.205
2165,9.209
2166,9.211
2167,9.217
2168,9.223
2169,9.226
2170,9.230
2171,9.233
2172,9.236
2173,9.240
2174,9.245
2175,9.247
2176,9.248
2177,9.255
2178,9.260
2179,9.264
2180,9.271
2181,9.276
2182,9.280
2183,9.284
2184,9.288
2185,9.292
2186,9.296
2187,9.298
2188,9.308
2189,9.315
2190,9.320
2191,9.324
2192,9.330
2193,9.336
2194,9.341
2195,9.343
2196,9.345
2197,9.347
2198,9.354
2199,9.360
2200,9.364
2201,9.368
2202,9.372
2203,9.379
2204,9.385
2205,9.389
2206,9.393
2207,9.397
2208,9.399
2209,9.403
2210,9.407
2211,9.408
2212,9.410
2213,9.412
2214,9.414
2215,9.415
2216,9.417
2217,9.421
2218,9.427
2219,9.433
2220,9.439
2221,9.448
2222,9.455
2223,9.458
2224,9.465
2225,9.471
2226,9.477
2227,9.482
2228,9.487
2229,9.491
2230,9.495
2231,9.499
2232,9.503
2233,9.507
2234,9.509
2235,9.511
2236,9.515
2237,9.518
2238,9.522
2239,9.524
2240,9.525
2241,9.530
2242,9.534
2243,9.535
2244,9.540
2245,9.544
2246,9.550
2247,9.555
2248,9.560
2249,9.565
2250,9.571
2251,9.574
2252,9.586
2253,9.594
2254,9.600
2255,9.606
2256,9.612
2257,9.618
2258,9.623
2259,9.626
2260,9.630
2261,9.635
2262,9.646
2263,9.655
2264,9.661
2265,9.667
2266,9.672
2267,9.678
2268,9.683
2269,9.685
2270,9.688
2271,9.695
2272,9.701
2273,9.703
2274,9.710
2275,9.716
2276,9.718
2277,9.728
2278,9.736
2279,9.742
2280,9.748
2281,9.753
2282,9.758
2283,9.764
2284,9.766
2285,9.770
2286,9.776
2287,9.779
2288,9.784
2289,9.792
2290,9.797
2291,9.800
2292,9.804
2293,9.810
2294,9.815
2295,9.817
2296,9.819
2297,9.827
2298,9.833
2299,9.836
2300,9.843
2301,9.849
2302,9.851
2303,9.861
2304,9.869
2305,9.874
2306,9.880
2307,9.885
2308,9.888
2309,9.893
2310,9.898
2311,9.901
2312,9.903
2313,9.905
2314,9.908
2315,9.910
2316,9.913
2317,9.918
2318,9.926
2319,9.934
2320,9.943
2321,9.957
2322,9.968
2323,9.975
2324,9.987
2325,9.996
2326,10.002
2327,10.006
2328,10.012
2329,10.016
2330,10.020
2331,10.024
2332,10.028
2333,10.033
2334,10.036
2335,10.041
2336,10.044
2337,10.049
2338,10.051
2339,10.060
2340,10.072
2341,10.074
2342,10.077
2343,10.079
2344,10.081
2345,10.084
2346,10.087
2347,10.089
2348,10.092
2349,10.095
2350,10.097
2351,10.100
2352,10.103
2353,10.105
2354,10.108
2355,10.110
2356,10.117
2357,10.131
2358,10.140
2359,10.142
2360,10.144
2361,10.149
2362,10.159
2363,10.161
2364,10.163
2365,10.168
2366,10.178
2367,10.180
2368,10.182
2369,10.187
2370,10.196
2371,10.199
2372,10.200
2373,10.206
2374,10.215
2375,10.217
2376,10.219
2377,10.225
2378,10.234
2379,10.236
2380,10.238
2381,10.244
2382,10.253
2383,10.255
2384,10.257
2385,10.262
2386,10.272
2387,10.274
2388,10.276
2389,10.282
2390,10.292
2391,10.294
2392,10.295
2393,10.301
2394,10.310
2395,10.312
2396,10.314
2397,10.319
2398,10.329
2399,10.331
2400,10.333
2401,10.338
2402,10.347
2403,10.349
2404,10.351
2405,10.356
2406,10.366
2407,10.368
2408,10.370
2409,10.375
2410,10.385
2411,10.387
2412,10.389
2413,10.395
2414,10.405
2415,10.407
2416,10.409
2417,10.417
2418,10.418
2419,10.419
2420,10.421
2421,10.432
2422,10.446
2423,10.448
2424,10.450
2425,10.452
2426,10.454
2427,10.456
2428,10.458
2429,10.460
2430,10.463
2431,10.465
2432,10.467
2433,10.470
2434,10.472
2435,10.474
2436,10.477
2437,10.485
2438,10.495
2439,10.504
2440,10.516
2441,10.518
2442,10.526
2443,10.536
2444,10.546
2445,10.557
2446,10.560
2447,10.568
2448,10.580
2449,10.583
2450,10.591
2451,10.602
2452,10.611
2453,10.622
2454,10.625
2455,10.627
2456,10.635
2457,10.647
2458,10.649
2459,10.658
2460,10.668
2461,10.676
2462,10.688
2463,10.690
2464,10.692
2465,10.700
2466,10.710
2467,10.718
2468,10.727
2469,10.735
2470,10.744
2471,10.752
2472,10.762
2473,10.764
2474,10.771
2475,10.780
2476,10.790
2477,10.801
2478,10.803
2479,10.812
2480,10.821
2481,10.828
2482,10.838
2483,10.845
2484,10.854
2485,10.862
2486,10.873
2487,10.875
2488,10.883
2489,10.893
2490,10.903
2491,10.915
2492,10.917
2493,10.926
2494,10.936
2495,10.945
2496,10.957
2497,10.965
2498,10.975
2499,10.983
2500,10.992
2501,10.994
2502,11.000
2503,11.014
2504,11.026
2505,11.042
2506,11.047
2507,11.064
2508,11.087
2509,11.099
2510,11.114
2511,11.127
2512,11.141
2513,11.144
2514,11.152
2515,11.166
2516,11.180
2517,11.196
2518,11.198
2519,11.210
2520,11.229
2521,11.231
2522,11.243
2523,11.257
2524,11.260
2525,11.271
2526,11.284
2527,11.296
2528,11.311
2529,11.314
2530,11.327
2531,11.339
2532,11.350
2533,11.363
2534,11.376
2535,11.392
2536,11.394
2537,11.397
2538,11.400
2539,11.402
2540,11.405
2541,11.408
2542,11.411
2543,11.415
2544,11.417
2545,11.420
2546,11.424
2547,11.427
2548,11.430
2549,11.434
2550,11.447
2551,11.462
2552,11.476
2553,11.489
2554,11.491
2555,11.499
2556,11.508
2557,11.517
2558,11.527
2559,11.529
2560,11.537
2561,11.549
2562,11.558
2563,11.569
2564,11.579
2565,11.591
2566,11.593
2567,11.601
2568,11.610
2569,11.619
2570,11.631
2571,11.634
2572,11.636
2573,11.639
2574,11.648
2575,11.663
2576,11.673
2577,11.681
2578,11.691
2579,11.699
2580,11.709
2581,11.717
2582,11.727
2583,11.729
2584,11.737
2585,11.746
2586,11.756
2587,11.768
2588,11.770
2589,11.772
2590,11.781
2591,11.796
2592,11.806
2593,11.814
2594,11.825
2595,11.833
2596,11.843
2597,11.852
2598,11.863
2599,11.865
2600,11.873
2601,11.882
2602,11.892
2603,11.904
2604,11.906
2605,11.908
2606,11.920
2607,11.940
2608,11.954
2609,11.965
2610,11.977
2611,11.985
2612,11.995
2613,12.004
2614,12.015
2615,12.017
2616,12.025
2617,12.035
2618,12.043
2619,12.053
2620,12.057
2621,12.057
2622,12.066
2623,12.082
2624,12.092
2625,12.099
2626,12.109
2627,12.118
2628,12.129
2629,12.131
2630,12.139
2631,12.149
2632,12.159
2633,12.170
2634,12.173
2635,12.175
2636,12.184
2637,12.200
2638,12.211
2639,12.213
2640,12.219
2641,12.230
2642,12.238
2643,12.249
2644,12.251
2645,12.260
2646,12.271
2647,12.273
2648,12.282
2649,12.293
2650,12.301
2651,12.311
2652,12.321
2653,12.322
2654,12.324
2655,12.326
2656,12.327
2657,12.329
2658,12.331
2659,12.341
2660,12.348
2661,12.351
2662,12.356
2663,12.362
2664,12.367
2665,12.398
2666,12.404
2667,12.428
2668,12.452
2669,12.474
2670,12.482
2671,12.492
2672,12.500
2673,12.509
2674,12.513
2675,12.529
2676,12.530
2677,12.533
2678,12.536
2679,12.538
2680,12.541
2681,12.543
2682,12.553
2683,12.568
2684,12.573
2685,12.579
2686,12.587
2687,12.593
2688,12.637
2689,12.644
2690,12.679
2691,12.690
2692,12.704
2693,12.713
2694,12.722
2695,12.726
2696,12.744
2697,12.767
2698,12.772
2699,12.777
2700,12.781
2701,12.786
2702,12.791
2703,12.795
2704,12.799
2705,12.804
2706,12.809
2707,12.814
2708,12.819
2709,12.824
2710,12.829
2711,12.834
2712,12.845
2713,12.858
2714,12.869
2715,12.887
2716,12.891
2717,12.902
2718,12.917
2719,12.935
2720,12.949
2721,12.952
2722,12.963
2723,12.975
2724,12.977
2725,12.986
2726,12.997
2727,13.008
2728,13.021
2729,13.023
2730,13.033
2731,13.044
2732,13.047
2733,13.052
2734,13.063
2735,13.072
2736,13.083
2737,13.085
2738,13.087
2739,13.096
2740,13.108
2741,13.110
2742,13.121
2743,13.134
2744,13.138
2745,13.146
2746,13.158
2747,13.167
2748,13.178
2749,13.180
2750,13.193
2751,13.206
2752,13.211
2753,13.220
2754,13.230
2755,13.239
2756,13.250
2757,13.252
2758,13.261
2759,13.273
2760,13.275
2761,13.277
2762,13.282
2763,13.292
2764,13.302
2765,13.313
2766,13.315
2767,13.324
2768,13.334
2769,13.336
2770,13.345
2771,13.356
2772,13.358
2773,13.367
2774,13.378
2775,13.386
2776,13.396
2777,13.405
2778,13.416
2779,13.418
2780,13.431
2781,13.443
2782,13.448
2783,13.458
2784,13.468
2785,13.474
2786,13.485
2787,13.488
2788,13.498
2789,13.509
2790,13.517
2791,13.535
2792,13.546
2793,13.559
2794,13.575
2795,13.580
2796,13.585
2797,13.593
2798,13.604
2799,13.614
2800,13.626
2801,13.635
2802,13.645
2803,13.654
2804,13.665
2805,13.673
2806,13.684
2807,13.686
2808,13.692
2809,13.694
2810,13.696
2811,13.706
2812,13.718
2813,13.726
2814,13.737
2815,13.746
2816,13.757
2817,13.759
2818,13.773
2819,13.788
2820,13.793
2821,13.801
2822,13.812
2823,13.817
2824,13.827
2825,13.837
2826,13.851
2827,13.859
2828,13.869
2829,13.872
2830,13.883
2831,13.896
2832,13.906
2833,13.916
2834,13.918
2835,13.920
2836,13.929
2837,13.943
2838,13.946
2839,13.957
2840,13.972
2841,13.981
2842,13.996
2843,14.000
2844,14.014
2845,14.034
2846,14.049
2847,14.064
2848,14.079
2849,14.096
2850,14.112
2851,14.128
2852,14.138
2853,14.151
2854,14.163
2855,14.178
2856,14.180
2857,14.191
2858,14.204
2859,14.213
2860,14.227
2861,14.231
2862,14.243
2863,14.258
2864,14.270
2865,14.283
2866,14.298
2867,14.314
2868,14.329
2869,14.341
2870,14.355
2871,14.372
2872,14.375
2873,14.388
2874,14.404
2875,14.414
2876,14.424
2877,14.426
2878,14.435
2879,14.446
2880,14.454
2881,14.465
2882,14.475
2883,14.476
2884,14.480
2885,14.482
2886,14.483
2887,14.485
2888,14.487
2889,14.496
2890,14.508
2891,14.510
2892,14.515
2893,14.520
2894,14.525
2895,14.529
2896,14.534
2897,14.562
2898,14.569
2899,14.573
2900,14.577
2901,14.581
2902,14.585
2903,14.611
2904,14.636
2905,14.641
2906,14.645
2907,14.651
2908,14.655
2909,14.660
2910,14.664
2911,14.673
2912,14.683
2913,14.687
2914,14.693
2915,14.695
2916,14.698
2917,14.699
2918,14.705
2919,14.711
2920,14.715
2921,14.728
2922,14.746
2923,14.749
2924,14.752
2925,14.755
2926,14.759
2927,14.762
2928,14.765
2929,14.769
2930,14.772
2931,14.776
2932,14.780
2933,14.783
2934,14.787
2935,14.791
2936,14.795
2937,14.804
2938,14.814
2939,14.824
2940,14.835
2941,14.838
2942,14.846
2943,14.856
2944,14.868
2945,14.882
2946,14.885
2947,14.895
2948,14.907
2949,14.910
2950,14.918
2951,14.928
2952,14.938
2953,14.950
2954,14.952
2955,14.961
2956,14.972
2957,14.975
2958,14.980
2959,14.991
2960,15.000
2961,15.012
2962,15.014
2963,15.016
2964,15.026
2965,15.037
2966,15.039
2967,15.052
2968,15.067
2969,15.071
2970,15.080
2971,15.091
2972,15.099
2973,15.110
2974,15.112
2975,15.120
2976,15.131
2977,15.133
2978,15.139
2979,15.149
2980,15.162
2981,15.175
2982,15.179
2983,15.193
2984,15.207
2985,15.210
2986,15.223
2987,15.236
2988,15.241
2989,15.245
2990,15.253
2991,15.263
2992,15.272
2993,15.282
2994,15.284
2995,15.292
2996,15.302
2997,15.304
2998,15.312
2999,15.323
3000,15.331
3001,15.341
3002,15.354
3003,15.367
3004,15.370
3005,15.380
3006,15.395
3007,15.409
3008,15.424
3009,15.428
3010,15.450
3011,15.473
3012,15.481
3013,15.489
3014,15.498
3015,15.512
3016,15.526
3017,15.542
3018,15.555
3019,15.572
3020,15.585
3021,15.598
3022,15.611
3023,15.626
3024,15.629
3025,15.638
3026,15.641
3027,15.644
3028,15.659
3029,15.675
3030,15.687
3031,15.700
3032,15.713
3033,15.727
3034,15.730
3035,15.751
3036,15.772
3037,15.782
3038,15.796
3039,15.812
3040,15.821
3041,15.831
3042,15.842
3043,15.854
3044,15.862
3045,15.872
3046,15.874
3047,15.886
3048,15.902
3049,15.914
3050,15.924
3051,15.926
3052,15.928
3053,15.939
3054,15.950
3055,15.952
3056,15.959
3057,15.969
3058,15.975
3059,15.986
3060,15.988
3061,15.997
3062,16.008
3063,16.018
3064,16.028
3065,16.039
3066,16.052
3067,16.062
3068,16.072
3069,16.081
3070,16.091
3071,16.102
3072,16.114
3073,16.116
3074,16.125
3075,16.135
3076,16.141
3077,16.151
3078,16.153
3079,16.163
3080,16.175
3081,16.184
3082,16.194
3083,16.206
3084,16.219
3085,16.229
3086,16.239
3087,16.248
3088,16.259
3089,16.261
3090,16.270
3091,16.280
3092,16.290
3093,16.301
3094,16.303
3095,16.313
3096,16.324
3097,16.333
3098,16.344
3099,16.358
3100,16.376
3101,16.379
3102,16.383
3103,16.386
3104,16.390
3105,16.394
3106,16.398
3107,16.401
3108,16.406
3109,16.410
3110,16.414
3111,16.418
3112,16.422
3113,16.427
3114,16.431
3115,16.440
3116,16.451
3117,16.462
3118,16.475
3119,16.477
3120,16.485
3121,16.496
3122,16.508
3123,16.523
3124,16.526
3125,16.537
3126,16.549
3127,16.551
3128,16.560
3129,16.574
3130,16.586
3131,16.600
3132,16.604
3133,16.614
3134,16.628
3135,16.632
3136,16.639
3137,16.653
3138,16.665
3139,16.677
3140,16.679
3141,16.681
3142,16.691
3143,16.703
3144,16.705
3145,16.718
3146,16.732
3147,16.737
3148,16.746
3149,16.756
3150,16.764
3151,16.775
3152,16.777
3153,16.790
3154,16.803
3155,16.806
3156,16.815
3157,16.825
3158,16.833
3159,16.835
3160,16.837
3161,16.851
3162,16.874
3163,16.882
3164,16.892
3165,16.904
3166,16.920
3167,16.934
3168,16.939
3169,16.941
3170,16.955
3171,16.970
3172,16.973
3173,16.985
3174,17.000
3175,17.013
3176,17.026
3177,17.045
3178,17.064
3179,17.071
3180,17.081
3181,17.094
3182,17.102
3183,17.116
3184,17.120
3185,17.133
3186,17.146
3187,17.159
3188,17.182
3189,17.196
3190,17.206
3191,17.220
3192,17.224
3193,17.231
3194,17.245
3195,17.258
3196,17.274
3197,17.279
3198,17.291
3199,17.306
3200,17.308
3201,17.321
3202,17.335
3203,17.340
3204,17.345
3205,17.354
3206,17.365
3207,17.368
3208,17.379
3209,17.393
3210,17.397
3211,17.407
3212,17.418
3213,17.428
3214,17.439
3215,17.445
3216,17.456
3217,17.459
3218,17.461
3219,17.467
3220,17.469
3221,17.471
3222,17.477
3223,17.488
3224,17.494
3225,17.505
3226,17.508
3227,17.517
3228,17.529
3229,17.532
3230,17.544
3231,17.558
3232,17.562
3233,17.577
3234,17.592
3235,17.597
3236,17.602
3237,17.615
3238,17.630
3239,17.635
3240,17.640
3241,17.647
3242,17.657
3243,17.670
3244,17.684
3245,17.689
3246,17.698
3247,17.709
3248,17.719
3249,17.728
3250,17.738
3251,17.748
3252,17.750
3253,17.765
3254,17.780
3255,17.786
3256,17.795
3257,17.806
3258,17.812
3259,17.822
3260,17.833
3261,17.845
3262,17.854
3263,17.864
3264,17.866
3265,17.876
3266,17.887
3267,17.896
3268,17.907
3269,17.909
3270,17.921
3271,17.933
3272,17.937
3273,17.945
3274,17.957
3275,17.964
3276,17.976
3277,17.978
3278,17.988
3279,18.021
3280,18.021
3281,18.021
3282,18.033
3283,18.048
3284,18.059
3285,18.069
3286,18.078
3287,18.089
3288,18.100
3289,18.112
3290,18.114
3291,18.123
3292,18.135
3293,18.142
3294,18.152
3295,18.155
3296,18.165
3297,18.177
3298,18.187
3299,18.197
3300,18.209
3301,18.222
3302,18.232
3303,18.242
3304,18.250
3305,18.261
3306,18.263
3307,18.271
3308,18.280
3309,18.290
3310,18.303
3311,18.307
3312,18.324
3313,18.339
3314,18.352
3315,18.367
3316,18.387
3317,18.408
3318,18.412
3319,18.417
3320,18.421
3321,18.426
3322,18.430
3323,18.435
3324,18.440
3325,18.445
3326,18.450
3327,18.455
3328,18.460
3329,18.465
3330,18.470
3331,18.475
3332,18.486
3333,18.489
3334,18.491
3335,18.509
3336,18.525
3337,18.536
3338,18.538
3339,18.542
3340,18.545
3341,18.556
3342,18.569
3343,18.579
3344,18.592
3345,18.601
3346,18.603
3347,18.606
3348,18.609
3349,18.616
3350,18.630
3351,18.644
3352,18.660
3353,18.671
3354,18.686
3355,18.697
3356,18.701
3357,18.705
3358,18.708
3359,18.713
3360,18.724
3361,18.734
3362,18.746
3363,18.754
3364,18.764
3365,18.771
3366,18.773
3367,18.776
3368,18.778
3369,18.784
3370,18.796
3371,18.806
3372,18.815
3373,18.823
3374,18.833
3375,18.840
3376,18.842
3377,18.844
3378,18.846
3379,18.848
3380,18.853
3381,18.855
3382,18.857
3383,18.859
3384,18.865
3385,18.867
3386,18.869
3387,18.883
3388,18.898
3389,18.903
3390,18.907
3391,18.913
3392,18.921
3393,18.923
3394,18.925
3395,18.927
3396,18.933
3397,18.934
3398,18.936
3399,18.938
3400,18.944
3401,18.946
3402,18.948
3403,18.961
3404,18.974
3405,18.979
3406,18.984
3407,18.989
3408,18.998
3409,19.009
3410,19.017
3411,19.019
3412,19.021
3413,19.023
3414,19.028
3415,19.038
3416,19.047
3417,19.059
3418,19.067
3419,19.077
3420,19.084
3421,19.086
3422,19.088
3423,19.090
3424,19.096
3425,19.107
3426,19.115
3427,19.126
3428,19.133
3429,19.143
3430,19.150
3431,19.151
3432,19.154
3433,19.156
3434,19.161
3435,19.171
3436,19.180
3437,19.190
3438,19.199
3439,19.210
3440,19.218
3441,19.220
3442,19.222
3443,19.224
3444,19.230
3445,19.241
3446,19.251
3447,19.264
3448,19.272
3449,19.283
3450,19.290
3451,19.302
3452,19.304
3453,19.307
3454,19.313
3455,19.323
3456,19.331
3457,19.333
3458,19.335
3459,19.337
3460,19.339
3461,19.346
3462,19.356
3463,19.362
3464,19.371
3465,19.377
3466,19.387
3467,19.389
3468,19.400
3469,19.413
3470,19.416
3471,19.425
3472,19.427
3473,19.429
3474,19.431
3475,19.436
3476,19.446
3477,19.448
3478,19.457
3479,19.467
3480,19.469
3481,19.477
3482,19.491
3483,19.507
3484,19.517
3485,19.519
3486,19.529
3487,19.538
3488,19.540
3489,19.545
3490,19.559
3491,19.560
3492,19.563
3493,19.564
3494,19.566
3495,19.571
3496,19.573
3497,19.575
3498,19.577
3499,19.583
3500,19.592
3501,19.598
3502,19.599
3503,19.601
3504,19.603
3505,19.612
3506,19.614
3507,19.615
3508,19.624
3509,19.626
3510,19.628
3511,19.630
3512,19.631
3513,19.636
3514,19.638
3515,19.640
3516,19.641
3517,19.651
3518,19.668
3519,19.673
3520,19.679
3521,19.703
3522,19.727
3523,19.738
3524,19.747
3525,19.766
3526,19.774
3527,19.783
3528,19.791
3529,19.798
3530,19.806
3531,19.819
3532,19.832
3533,19.835
3534,19.838
3535,19.845
3536,19.858
3537,19.866
3538,19.879
3539,19.887
3540,19.901
3541,19.908
3542,19.911
3543,19.913
3544,19.916
3545,19.924
3546,19.927
3547,19.930
3548,19.933
3549,19.943
3550,19.957
3551,19.960
3552,19.974
3553,19.977
3554,19.979
3555,19.993
3556,20.008
3557,20.017
3558,20.020
3559,20.023
3560,20.027
3561,20.035
3562,20.051
3563,20.062
3564,20.077
3565,20.087
3566,20.089
3567,20.091
3568,20.093
3569,20.095
3570,20.105
3571,20.118
3572,20.122
3573,20.132
3574,20.143
3575,20.145
3576,20.148
3577,20.149
3578,20.160
3579,20.171
3580,20.175
3581,20.184
3582,20.186
3583,20.188
3584,20.190
3585,20.195
3586,20.205
3587,20.214
3588,20.225
3589,20.232
3590,20.242
3591,20.249
3592,20.251
3593,20.252
3594,20.254
3595,20.263
3596,20.273
3597,20.281
3598,20.291
3599,20.298
3600,20.300
3601,20.302
3602,20.304
3603,20.310
3604,20.321
3605,20.332
3606,20.344
3607,20.353
3608,20.364
3609,20.371
3610,20.373
3611,20.376
3612,20.378
3613,20.384
3614,20.394
3615,20.404
3616,20.414
3617,20.423
3618,20.434
3619,20.442
3620,20.444
3621,20.446
3622,20.448
3623,20.454
3624,20.464
3625,20.473
3626,20.484
3627,20.493
3628,20.504
3629,20.518
3630,20.535
3631,20.539
3632,20.542
3633,20.546
3634,20.549
3635,20.553
3636,20.557
3637,20.561
3638,20.565
3639,20.569
3640,20.574
3641,20.578
3642,20.582
3643,20.587
3644,20.591
3645,20.599
3646,20.601
3647,20.603
3648,20.613
3649,20.615
3650,20.617
3651,20.619
3652,20.632
3653,20.645
3654,20.651
3655,20.659
3656,20.669
3657,20.678
3658,20.690
3659,20.699
3660,20.710
3661,20.716
3662,20.727
3663,20.738
3664,20.750
3665,20.759
3666,20.769
3667,20.775
3668,20.787
3669,20.797
3670,20.811
3671,20.819
3672,20.831
3673,20.837
3674,20.848
3675,20.858
3676,20.869
3677,20.878
3678,20.887
3679,20.896
3680,20.906
3681,20.915
3682,20.917
3683,20.919
3684,20.932
3685,20.949
3686,20.960
3687,20.962
3688,20.964
3689,20.966
3690,20.973
3691,20.984
3692,20.990
3693,21.001
3694,21.010
3695,21.020
3696,21.028
3697,21.039
3698,21.044
3699,21.053
3700,21.061
3701,21.077
3702,21.089
3703,21.105
3704,21.114
3705,21.128
3706,21.142
3707,21.156
3708,21.171
3709,21.184
3710,21.192
3711,21.206
3712,21.220
3713,21.237
3714,21.251
3715,21.266
3716,21.272
3717,21.277
3718,21.284
3719,21.298
3720,21.308
3721,21.311
3722,21.316
3723,21.319
3724,21.323
3725,21.335
3726,21.348
3727,21.356
3728,21.370
3729,21.378
3730,21.392
3731,21.395
3732,21.410
3733,21.427
3734,21.432
3735,21.444
3736,21.447
3737,21.450
3738,21.453
3739,21.463
3740,21.479
3741,21.483
3742,21.500
3743,21.513
3744,21.515
3745,21.525
3746,21.539
3747,21.558
3748,21.570
3749,21.572
3750,21.583
3751,21.595
3752,21.598
3753,21.604
3754,21.619
3755,21.621
3756,21.624
3757,21.626
3758,21.629
3759,21.636
3760,21.638
3761,21.640
3762,21.643
3763,21.650
3764,21.660
3765,21.668
3766,21.670
3767,21.672
3768,21.674
3769,21.681
3770,21.683
3771,21.686
3772,21.688
3773,21.700
3774,21.713
3775,21.717
3776,21.720
3777,21.732
3778,21.745
3779,21.749
3780,21.752
3781,21.766
3782,21.771
3783,21.776
3784,21.782
3785,21.787
3786,21.792
3787,21.803
3788,21.814
3789,21.816
3790,21.818
3791,21.824
3792,21.834
3793,21.841
3794,21.851
3795,21.859
3796,21.870
3797,21.874
3798,21.883
3799,21.886
3800,21.889
3801,21.900
3802,21.910
3803,21.917
3804,21.919
3805,21.921
3806,21.923
3807,21.930
3808,21.940
3809,21.952
3810,21.969
3811,21.980
3812,21.992
3813,22.007
3814,22.010
3815,22.021
3816,22.033
3817,22.036
3818,22.039
3819,22.042
3820,22.045
3821,22.053
3822,22.064
3823,22.077
3824,22.091
3825,22.095
3826,22.106
3827,22.117
3828,22.120
3829,22.123
3830,22.126
3831,22.135
3832,22.146
3833,22.152
3834,22.163
3835,22.173
3836,22.184
3837,22.194
3838,22.204
3839,22.213
3840,22.223
3841,22.233
3842,22.243
3843,22.249
3844,22.259
3845,22.269
3846,22.281
3847,22.290
3848,22.301
3849,22.307
3850,22.318
3851,22.327
3852,22.337
3853,22.347
3854,22.358
3855,22.364
3856,22.375
3857,22.384
3858,22.395
3859,22.429
3860,22.436
3861,22.441
3862,22.445
3863,22.451
3864,22.495
3865,22.541
3866,22.551
3867,22.555
3868,22.559
3869,22.563
3870,22.572
3871,22.577
3872,22.592
3873,22.600
3874,22.607
3875,22.610
3876,22.613
3877,22.615
3878,22.619
3879,22.621
3880,22.624
3881,22.627
3882,22.631
3883,22.633
3884,22.636
3885,22.644
3886,22.646
3887,22.649
3888,22.656
3889,22.658
3890,22.661
3891,22.669
3892,22.671
3893,22.674
3894,22.677
3895,22.680
3896,22.690
3897,22.695
3898,22.709
3899,22.717
3900,22.724
3901,22.727
3902,22.730
3903,22.734
3904,22.739
3905,22.743
3906,22.745
3907,22.748
3908,22.755
3909,22.761
3910,22.765
3911,22.771
3912,22.774
3913,22.777
3914,22.786
3915,22.791
3916,22.805
3917,22.815
3918,22.828
3919,22.844
3920,22.848
3921,22.857
3922,22.860
3923,22.864
3924,22.871
3925,22.882
3926,22.889
3927,22.900
3928,22.902
3929,22.908
3930,22.909
3931,22.923
3932,22.941
3933,22.945
3934,22.949
3935,22.953
3936,22.958
3937,22.962
3938,22.965
3939,22.969
3940,22.973
3941,22.977
3942,22.981
3943,22.985
3944,22.988
3945,22.992
3946,22.997
3947,23.006
3948,23.016
3949,23.028
3950,23.041
3951,23.051
3952,23.061
3953,23.071
3954,23.081
3955,23.087
3956,23.098
3957,23.109
3958,23.120
3959,23.130
3960,23.141
3961,23.147
3962,23.158
3963,23.168
3964,23.180
3965,23.190
3966,23.201
3967,23.206
3968,23.216
3969,23.225
3970,23.236
3971,23.244
3972,23.255
3973,23.265
3974,23.275
3975,23.287
3976,23.300
3977,23.304
3978,23.309
3979,23.316
3980,23.325
3981,23.331
3982,23.341
3983,23.350
3984,23.359
3985,23.368
3986,23.378
3987,23.383
3988,23.392
3989,23.400
3990,23.411
3991,23.419
3992,23.429
3993,23.434
3994,23.443
3995,23.451
3996,23.460
3997,23.470
3998,23.480
3999,23.486
4000,23.496
4001,23.505
4002,23.516
4003,23.525
4004,23.536
4005,23.539
4006,23.544
4007,23.554
4008,23.559
4009,23.568
4010,23.575
4011,23.584
4012,23.590
4013,23.592
4014,23.594
4015,23.605
4016,23.617
4017,23.620
4018,23.623
4019,23.633
4020,23.634
4021,23.636
4022,23.646
4023,23.662
4024,23.671
4025,23.673
4026,23.682
4027,23.684
4028,23.686
4029,23.689
4030,23.698
4031,23.700
4032,23.702
4033,23.713
4034,23.730
4035,23.739
4036,23.750
4037,23.762
4038,23.765
4039,23.774
4040,23.784
4041,23.786
4042,23.788
4043,23.790
4044,23.796
4045,23.806
4046,23.820
4047,23.837
4048,23.843
4049,23.856
4050,23.870
4051,23.873
4052,23.876
4053,23.881
4054,23.893
4055,23.895
4056,23.898
4057,23.906
4058,23.909
4059,23.911
4060,23.923
4061,23.926
4062,23.932
4063,23.944
4064,23.957
4065,23.970
4066,23.983
4067,23.996
4068,24.008
4069,24.017
4070,24.030
4071,24.043
4072,24.059
4073,24.071
4074,24.083
4075,24.092
4076,24.104
4077,24.117
4078,24.131
4079,24.146
4080,24.158
4081,24.167
4082,24.182
4083,24.199
4084,24.213
4085,24.231
4086,24.233
4087,24.236
4088,24.238
4089,24.240
4090,24.246
4091,24.257
4092,24.261
4093,24.263
4094,24.265
4095,24.270
4096,24.285
4097,24.296
4098,24.300
4099,24.302
4100,24.305
4101,24.313
4102,24.315
4103,24.317
4104,24.319
4105,24.321
4106,24.323
4107,24.325
4108,24.326
4109,24.330
4110,24.332
4111,24.334
4112,24.340
4113,24.350
4114,24.353
4115,24.355
4116,24.357
4117,24.366
4118,24.371
4119,24.376
4120,24.381
4121,24.384
4122,24.393
4123,24.403
4124,24.405
4125,24.407
4126,24.410
4127,24.412
4128,24.417
4129,24.420
4130,24.430
4131,24.436
4132,24.441
4133,24.448
4134,24.457
4135,24.459
4136,24.464
4137,24.467
4138,24.473
4139,24.475
4140,24.477
4141,24.479
4142,24.485
4143,24.494
4144,24.498
4145,24.508
4146,24.515
4147,24.520
4148,24.532
4149,24.539
4150,24.543
4151,24.548
4152,24.552
4153,24.557
4154,24.559
4155,24.561
4156,24.563
4157,24.566
4158,24.570
4159,24.603
4160,24.603
4161,24.603
4162,24.603
4163,24.603
4164,24.611
4165,24.618
4166,24.620
4167,24.621
4168,24.623
4169,24.625
4170,24.637
4171,24.637
4172,24.637
4173,24.637
4174,24.640
4175,24.643
4176,24.653
4177,24.659
4178,24.663
4179,24.668
4180,24.677
4181,24.679
4182,24.682
4183,24.692
4184,24.693
4185,24.696
4186,24.697
4187,24.706
4188,24.708
4189,24.717
4190,24.719
4191,24.721
4192,24.723
4193,24.728
4194,24.733
4195,24.737
4196,24.740
4197,24.743
4198,24.751
4199,24.767
4200,24.778
4201,24.781
4202,24.784
4203,24.788
4204,24.791
4205,24.794
4206,24.799
4207,24.805
4208,24.809
4209,24.812
4210,24.816
4211,24.819
4212,24.821
4213,24.829
4214,24.840
4215,24.844
4216,24.850
4217,24.852
4218,24.872
4219,24.880
4220,24.886
4221,24.891
4222,24.899
4223,24.910
4224,24.917
4225,24.927
4226,24.930
4227,24.932
4228,24.935
4229,24.938
4230,24.942
4231,24.946
4232,24.948
4233,24.951
4234,24.954
4235,24.956
4236,24.959
4237,24.961
4238,24.966
4239,24.971
4240,24.973
4241,24.988
4242,25.003
4243,25.009
4244,25.014
4245,25.020
4246,25.025
4247,25.027
4248,25.030
4249,25.033
4250,25.036
4251,25.039
4252,25.043
4253,25.047
4254,25.049
4255,25.056
4256,25.068
4257,25.079
4258,25.081
4259,25.083
4260,25.087
4261,25.093
4262,25.098
4263,25.106
4264,25.113
4265,25.121
4266,25.142
4267,25.162
4268,25.171
4269,25.176
4270,25.186
4271,25.190
4272,25.195
4273,25.200
4274,25.204
4275,25.208
4276,25.217
4277,25.221
4278,25.232
4279,25.241
4280,25.258
4281,25.270
4282,25.278
4283,25.287
4284,25.303
4285,25.315
4286,25.323
4287,25.332
4288,25.340
4289,25.347
4290,25.351
4291,25.355
4292,25.359
4293,25.363
4294,25.370
4295,25.377
4296,25.385
4297,25.388
4298,25.392
4299,25.396
4300,25.403
4301,25.410
4302,25.416
4303,25.422
4304,25.426
4305,25.432
4306,25.435
4307,25.441
4308,25.446
4309,25.452
4310,25.460
4311,25.463
4312,25.468
4313,25.474
4314,25.482
4315,25.486
4316,25.489
4317,25.492
4318,25.495
4319,25.500
4320,25.505
4321,25.514
4322,25.518
4323,25.521
4324,25.524
4325,25.528
4326,25.535
4327,25.537
4328,25.544
4329,25.555
4330,25.562
4331,25.575
4332,25.584
4333,25.586
4334,25.588
4335,25.590
4336,25.593
4337,25.601
4338,25.602
4339,25.604
4340,25.610
4341,25.611
4342,25.618
4343,25.619
4344,25.620
4345,25.628
4346,25.630
4347,25.632
4348,25.636
4349,25.638
4350,25.640
4351,25.642
4352,25.647
4353,25.650
4354,25.661
4355,25.668
4356,25.673
4357,25.683
4358,25.690
4359,25.700
4360,25.701
4361,25.703
4362,25.712
4363,25.713
4364,25.715
4365,25.718
4366,25.719
4367,25.722
4368,25.730
4369,25.732
4370,25.739
4371,25.740
4372,25.742
4373,25.744
4374,25.750
4375,25.751
4376,25.753
4377,25.754
4378,25.756
4379,25.767
4380,25.769
4381,25.772
4382,25.774
4383,25.775
4384,25.777
4385,25.779
4386,25.785
4387,25.791
4388,25.793
4389,25.798
4390,25.807
4391,25.809
4392,25.812
4393,25.816
4394,25.818
4395,25.820
4396,25.825
4397,25.840
4398,25.851
4399,25.853
4400,25.856
4401,25.861
4402,25.862
4403,25.864
4404,25.866
4405,25.869
4406,25.873
4407,25.876
4408,25.877
4409,25.883
4410,25.886
4411,25.898
4412,25.911
4413,25.915
4414,25.918
4415,25.921
4416,25.924
4417,25.927
4418,25.930
4419,25.935
4420,25.938
4421,25.942
4422,25.945
4423,25.948
4424,25.952
4425,25.955
4426,25.958
4427,25.963
4428,25.967
4429,25.975
4430,25.982
4431,25.985
4432,25.995
4433,26.005
4434,26.007
4435,26.013
4436,26.019
4437,26.022
4438,26.024
4439,26.031
4440,26.035
4441,26.038
4442,26.044
4443,26.047
4444,26.054
4445,26.059
4446,26.062
4447,26.068
4448,26.073
4449,26.079
4450,26.084
4451,26.086
4452,26.092
4453,26.095
4454,26.099
4455,26.101
4456,26.103
4457,26.105
4458,26.107
4459,26.109
4460,26.111
4461,26.117
4462,26.120
4463,26.127
4464,26.130
4465,26.145
4466,26.158
4467,26.163
4468,26.168
4469,26.171
4470,26.174
4471,26.187
4472,26.201
4473,26.206
4474,26.211
4475,26.214
4476,26.218
4477,26.219
4478,26.222
4479,26.224
4480,26.226
4481,26.233
4482,26.236
4483,26.239
4484,26.246
4485,26.249
4486,26.256
4487,26.258
4488,26.260
4489,26.266
4490,26.269
4491,26.276
4492,26.278
4493,26.280
4494,26.286
4495,26.294
4496,26.304
4497,26.306
4498,26.310
4499,26.313
4500,26.319
4501,26.321
4502,26.324
4503,26.326
4504,26.329
4505,26.332
4506,26.338
4507,26.341
4508,26.343
4509,26.345
4510,26.348
4511,26.354
4512,26.357
4513,26.370
4514,26.383
4515,26.388
4516,26.391
4517,26.392
4518,26.394
4519,26.397
4520,26.398
4521,26.400
4522,26.403
4523,26.406
4524,26.409
4525,26.415
4526,26.418
4527,26.420
4528,26.423
4529,26.426
4530,26.435
4531,26.440
4532,26.444
4533,26.454
4534,26.458
4535,26.464
4536,26.467
4537,26.470
4538,26.474
4539,26.477
4540,26.486
4541,26.490
4542,26.512
4543,26.531
4544,26.538
4545,26.541
4546,26.544
4547,26.550
4548,26.553
4549,26.556
4550,26.559
4551,26.564
4552,26.567
4553,26.570
4554,26.575
4555,26.577
4556,26.580
4557,26.583
4558,26.585
4559,26.594
4560,26.601
4561,26.606
4562,26.613
4563,26.618
4564,26.635
4565,26.644
4566,26.652
4567,26.661
4568,26.669
4569,26.677
4570,26.684
4571,26.693
4572,26.698
4573,26.703
4574,26.706
4575,26.711
4576,26.713
4577,26.716
4578,26.718
4579,26.723
4580,26.726
4581,26.729
4582,26.739
4583,26.752
4584,26.755
4585,26.769
4586,26.778
4587,26.784
4588,26.790
4589,26.804
4590,26.816
4591,26.823
4592,26.825
4593,26.828
4594,26.830
4595,26.837
4596,26.840
4597,26.843
4598,26.846
4599,26.849
4600,26.851
4601,26.853
4602,26.856
4603,26.863
4604,26.866
4605,26.877
4606,26.880
4607,26.883
4608,26.888
4609,26.898
4610,26.901
4611,26.909
4612,26.910
4613,26.913
4614,26.916
4615,26.923
4616,26.928
4617,26.930
4618,26.936
4619,26.940
4620,26.944
4621,26.948
4622,26.950
4623,26.956
4624,26.960
4625,26.962
4626,26.968
4627,26.971
4628,26.977
4629,26.980
4630,26.983
4631,26.988
4632,26.991
4633,26.997
4634,27.001
4635,27.003
4636,27.009
4637,27.012
4638,27.018
4639,27.028
4640,27.030
4641,27.032
4642,27.035
4643,27.042
4644,27.045
4645,27.051
4646,27.054
4647,27.056
4648,27.063
4649,27.066
4650,27.068
4651,27.073
4652,27.076
4653,27.078
4654,27.081
4655,27.083
4656,27.085
4657,27.087
4658,27.089
4659,27.092
4660,27.099
4661,27.102
4662,27.108
4663,27.111
4664,27.118
4665,27.123
4666,27.126
4667,27.128
4668,27.131
4669,27.135
4670,27.142
4671,27.148
4672,27.150
4673,27.154
4674,27.157
4675,27.159
4676,27.162
4677,27.163
4678,27.170
4679,27.173
4680,27.181
4681,27.186
4682,27.218
4683,27.226
4684,27.231
4685,27.236
4686,27.241
4687,27.246
4688,27.251
4689,27.256
4690,27.261
4691,27.288
4692,27.317
4693,27.325
4694,27.329
4695,27.335
4696,27.343
4697,27.348
4698,27.354
4699,27.359
4700,27.361
4701,27.363
4702,27.370
4703,27.373
4704,27.383
4705,27.393
4706,27.398
4707,27.405
4708,27.407
4709,27.413
4710,27.415
4711,27.420
4712,27.424
4713,27.426
4714,27.428
4715,27.431
4716,27.439
4717,27.441
4718,27.443
4719,27.449
4720,27.458
4721,27.470
4722,27.471
4723,27.473
4724,27.479
4725,27.492
4726,27.494
4727,27.496
4728,27.502
4729,27.504
4730,27.511
4731,27.518
4732,27.520
4733,27.526
4734,27.529
4735,27.531
4736,27.533
4737,27.536
4738,27.538
4739,27.540
4740,27.542
4741,27.545
4742,27.546
4743,27.548
4744,27.555
4745,27.559
4746,27.561
4747,27.567
4748,27.571
4749,27.578
4750,27.582
4751,27.583
4752,27.587
4753,27.591
4754,27.593
4755,27.600
4756,27.604
4757,27.611
4758,27.615
4759,27.621
4760,27.625
4761,27.633
4762,27.637
4763,27.640
4764,27.646
4765,27.648
4766,27.650
4767,27.652
4768,27.655
4769,27.656
4770,27.658
4771,27.660
4772,27.663
4773,27.667
4774,27.669
4775,27.673
4776,27.676
4777,27.678
4778,27.680
4779,27.682
4780,27.684
4781,27.686
4782,27.691
4783,27.696
4784,27.700
4785,27.704
4786,27.706
4787,27.708
4788,27.711
4789,27.715
4790,27.724
4791,27.727
4792,27.733
4793,27.736
4794,27.741
4795,27.753
4796,27.759
4797,27.768
4798,27.770
4799,27.773
4800,27.778
4801,27.783
4802,27.787
4803,27.790
4804,27.792
4805,27.802
4806,27.805
4807,27.808
4808,27.811
4809,27.814
4810,27.823
4811,27.829
4812,27.834
4813,27.839
4814,27.842
4815,27.848
4816,27.853
4817,27.856
4818,27.866
4819,27.873
4820,27.884
4821,27.889
4822,27.899
4823,27.904
4824,27.915
4825,27.922
4826,27.926
4827,27.937
4828,27.939
4829,27.942
4830,27.945
4831,27.949
4832,27.951
4833,27.954
4834,27.957
4835,27.961
4836,27.966
4837,27.969
4838,27.973
4839,27.978
4840,27.992
4841,28.002
4842,28.009
4843,28.011
4844,28.014
4845,28.016
4846,28.019
4847,28.022
4848,28.030
4849,28.036
4850,28.044
4851,28.049
4852,28.051
4853,28.054
4854,28.061
4855,28.065
4856,28.076
4857,28.081
4858,28.090
4859,28.095
4860,28.104
4861,28.109
4862,28.118
4863,28.121
4864,28.125
4865,28.135
4866,28.137
4867,28.140
4868,28.145
4869,28.151
4870,28.154
4871,28.160
4872,28.166
4873,28.169
4874,28.172
4875,28.180
4876,28.185
4877,28.192
4878,28.196
4879,28.203
4880,28.207
4881,28.214
4882,28.219
4883,28.222
4884,28.229
4885,28.231
4886,28.234
4887,28.235
4888,28.239
4889,28.241
4890,28.243
4891,28.245
4892,28.248
4893,28.253
4894,28.256
4895,28.260
4896,28.272
4897,28.279
4898,28.283
4899,28.285
4900,28.287
4901,28.289
4902,28.291
4903,28.292
4904,28.298
4905,28.303
4906,28.308
4907,28.312
4908,28.314
4909,28.316
4910,28.320
4911,28.322
4912,28.328
4913,28.333
4914,28.336
4915,28.343
4916,28.347
4917,28.353
4918,28.357
4919,28.372
4920,28.387
4921,28.391
4922,28.394
4923,28.398
4924,28.402
4925,28.406
4926,28.410
4927,28.413
4928,28.417
4929,28.421
4930,28.425
4931,28.430
4932,28.434
4933,28.438
4934,28.442
4935,28.450
4936,28.452
4937,28.454
4938,28.460
4939,28.462
4940,28.464
4941,28.465
4942,28.471
4943,28.473
4944,28.475
4945,28.484
4946,28.486
4947,28.488
4948,28.490
4949,28.492
4950,28.502
4951,28.515
4952,28.517
4953,28.519
4954,28.531
4955,28.544
4956,28.549
4957,28.556
4958,28.570
4959,28.581
4960,28.588
4961,28.599
4962,28.609
4963,28.620
4964,28.631
4965,28.642
4966,28.648
4967,28.659
4968,28.670
4969,28.682
4970,28.693
4971,28.704
4972,28.710
4973,28.720
4974,28.731
4975,28.743
4976,28.753
4977,28.763
4978,28.768
4979,28.779
4980,28.789
4981,28.800
4982,28.810
4983,28.812
4984,28.814
4985,28.816
4986,28.818
4987,28.828
4988,28.839
4989,28.849
4990,28.851
4991,28.853
4992,28.858
4993,28.868
4994,28.875
4995,28.886
4996,28.888
4997,28.896
4998,28.906
4999,28.911
5000,28.921
5001,28.932
5002,28.943
5003,28.953
5004,28.963
5005,28.971
5006,28.981
5007,28.991
5008,29.002
5009,29.012
5010,29.023
5011,29.030
5012,29.041
5013,29.052
5014,29.063
5015,29.073
5016,29.084
5017,29.090
5018,29.100
5019,29.111
5020,29.122
5021,29.131
5022,29.134
5023,29.136
5024,29.140
5025,29.145
5026,29.150
5027,29.155
5028,29.164
5029,29.179
5030,29.196
5031,29.199
5032,29.204
5033,29.220
5034,29.236
5035,29.247
5036,29.250
5037,29.254
5038,29.258
5039,29.275
5040,29.292
5041,29.297
5042,29.302
5043,29.316
5044,29.319
5045,29.324
5046,29.335
5047,29.351
5048,29.355
5049,29.370
5050,29.394
5051,29.409
5052,29.413
5053,29.428
5054,29.431
5055,29.435
5056,29.439
5057,29.443
5058,29.454
5059,29.457
5060,29.461
5061,29.464
5062,29.468
5063,29.472
5064,29.489
5065,29.507
5066,29.513
5067,29.528
5068,29.532
5069,29.538
5070,29.543
5071,29.548
5072,29.556
5073,29.567
5074,29.575
5075,29.586
5076,29.589
5077,29.597
5078,29.609
5079,29.613
5080,29.620
5081,29.632
5082,29.636
5083,29.645
5084,29.648
5085,29.651
5086,29.654
5087,29.657
5088,29.660
5089,29.667
5090,29.682
5091,29.684
5092,29.687
5093,29.700
5094,29.717
5095,29.728
5096,29.741
5097,29.755
5098,29.758
5099,29.769
5100,29.779
5101,29.782
5102,29.785
5103,29.788
5104,29.796
5105,29.806
5106,29.809
5107,29.816
5108,29.826
5109,29.829
5110,29.837
5111,29.847
5112,29.860
5113,29.873
5114,29.876
5115,29.886
5116,29.897
5117,29.900
5118,29.903
5119,29.906
5120,29.913
5121,29.923
5122,29.926
5123,29.934
5124,29.944
5125,29.947
5126,29.955
5127,29.965
5128,29.972
5129,29.983
5130,29.994
5131,30.006
5132,30.015
5133,30.026
5134,30.036
5135,30.047
5136,30.058
5137,30.069
5138,30.076
5139,30.088
5140,30.098
5141,30.110
5142,30.120
5143,30.131
5144,30.139
5145,30.150
5146,30.161
5147,30.173
5148,30.183
5149,30.194
5150,30.201
5151,30.212
5152,30.223
5153,30.234
5154,30.246
5155,30.249
5156,30.252
5157,30.255
5158,30.256
5159,30.258
5160,30.260
5161,30.268
5162,30.279
5163,30.281
5164,30.283
5165,30.287
5166,30.291
5167,30.294
5168,30.297
5169,30.304
5170,30.319
5171,30.321
5172,30.323
5173,30.326
5174,30.328
5175,30.336
5176,30.346
5177,30.348
5178,30.351
5179,30.354
5180,30.357
5181,30.361
5182,30.364
5183,30.368
5184,30.371
5185,30.378
5186,30.384
5187,30.387
5188,30.394
5189,30.405
5190,30.409
5191,30.412
5192,30.414
5193,30.422
5194,30.433
5195,30.436
5196,30.440
5197,30.443
5198,30.447
5199,30.450
5200,30.453
5201,30.456
5202,30.459
5203,30.462
5204,30.465
5205,30.470
5206,30.475
5207,30.478
5208,30.480
5209,30.483
5210,30.484
5211,30.486
5212,30.488
5213,30.496
5214,30.503
5215,30.508
5216,30.512
5217,30.524
5218,30.534
5219,30.539
5220,30.547
5221,30.551
5222,30.558
5223,30.561
5224,30.566
5225,30.577
5226,30.584
5227,30.595
5228,30.601
5229,30.654
5230,30.667
5231,30.675
5232,30.683
5233,30.691
5234,30.700
5235,30.708
5236,30.717
5237,30.726
5238,30.769
5239,30.812
5240,30.821
5241,30.824
5242,30.828
5243,30.840
5244,30.846
5245,30.858
5246,30.871
5247,30.878
5248,30.888
5249,30.890
5250,30.892
5251,30.895
5252,30.899
5253,30.904
5254,30.907
5255,30.910
5256,30.917
5257,30.921
5258,30.930
5259,30.941
5260,30.947
5261,30.948
5262,30.950
5263,30.959
5264,30.961
5265,30.970
5266,30.978
5267,30.981
5268,30.985
5269,30.988
5270,30.993
5271,31.008
5272,31.010
5273,31.013
5274,31.016
5275,31.025
5276,31.038
5277,31.061
5278,31.078
5279,31.082
5280,31.087
5281,31.091
5282,31.095
5283,31.099
5284,31.104
5285,31.108
5286,31.113
5287,31.117
5288,31.122
5289,31.126
5290,31.131
5291,31.136
5292,31.140
5293,31.150
5294,31.152
5295,31.154
5296,31.161
5297,31.163
5298,31.166
5299,31.168
5300,31.174
5301,31.176
5302,31.179
5303,31.190
5304,31.192
5305,31.194
5306,31.196
5307,31.199
5308,31.214
5309,31.232
5310,31.244
5311,31.246
5312,31.249
5313,31.257
5314,31.267
5315,31.278
5316,31.291
5317,31.302
5318,31.314
5319,31.322
5320,31.334
5321,31.347
5322,31.361
5323,31.372
5324,31.384
5325,31.391
5326,31.402
5327,31.414
5328,31.428
5329,31.438
5330,31.450
5331,31.457
5332,31.468
5333,31.479
5334,31.492
5335,31.504
5336,31.506
5337,31.510
5338,31.513
5339,31.516
5340,31.528
5341,31.542
5342,31.554
5343,31.556
5344,31.560
5345,31.567
5346,31.580
5347,31.588
5348,31.600
5349,31.603
5350,31.607
5351,31.618
5352,31.629
5353,31.641
5354,31.654
5355,31.662
5356,31.673
5357,31.684
5358,31.697
5359,31.707
5360,31.719
5361,31.727
5362,31.738
5363,31.749
5364,31.760
5365,31.770
5366,31.782
5367,31.790
5368,31.802
5369,31.814
5370,31.825
5371,31.835
5372,31.846
5373,31.854
5374,31.864
5375,31.875
5376,31.887
5377,31.898
5378,31.901
5379,31.904
5380,31.909
5381,31.915
5382,31.920
5383,31.926
5384,31.932
5385,31.938
5386,31.943
5387,31.955
5388,31.971
5389,31.991
5390,31.995
5391,32.000
5392,32.020
5393,32.024
5394,32.028
5395,32.033
5396,32.037
5397,32.050
5398,32.053
5399,32.058
5400,32.063
5401,32.068
5402,32.072
5403,32.092
5404,32.111
5405,32.117
5406,32.133
5407,32.137
5408,32.142
5409,32.147
5410,32.160
5411,32.175
5412,32.194
5413,32.198
5414,32.203
5415,32.208
5416,32.214
5417,32.217
5418,32.235
5419,32.251
5420,32.255
5421,32.262
5422,32.272
5423,32.292
5424,32.298
5425,32.310
5426,32.327
5427,32.341
5428,32.344
5429,32.347
5430,32.350
5431,32.353
5432,32.361
5433,32.373
5434,32.388
5435,32.402
5436,32.406
5437,32.412
5438,32.424
5439,32.428
5440,32.431
5441,32.441
5442,32.452
5443,32.456
5444,32.464
5445,32.467
5446,32.470
5447,32.478
5448,32.490
5449,32.493
5450,32.496
5451,32.499
5452,32.507
5453,32.518
5454,32.532
5455,32.546
5456,32.549
5457,32.553
5458,32.564
5459,32.567
5460,32.570
5461,32.577
5462,32.589
5463,32.592
5464,32.595
5465,32.599
5466,32.608
5467,32.610
5468,32.614
5469,32.617
5470,32.620
5471,32.623
5472,32.631
5473,32.643
5474,32.656
5475,32.670
5476,32.674
5477,32.677
5478,32.689
5479,32.692
5480,32.695
5481,32.703
5482,32.715
5483,32.718
5484,32.730
5485,32.751
5486,32.763
5487,32.766
5488,32.779
5489,32.782
5490,32.785
5491,32.788
5492,32.791
5493,32.800
5494,32.802
5495,32.805
5496,32.809
5497,32.817
5498,32.828
5499,32.836
5500,32.849
5501,32.852
5502,32.866
5503,32.881
5504,32.885
5505,32.898
5506,32.921
5507,32.933
5508,32.937
5509,32.950
5510,32.962
5511,32.971
5512,32.985
5513,32.989
5514,32.997
5515,33.008
5516,33.017
5517,33.019
5518,33.023
5519,33.026
5520,33.030
5521,33.038
5522,33.050
5523,33.065
5524,33.078
5525,33.082
5526,33.094
5527,33.105
5528,33.109
5529,33.112
5530,33.115
5531,33.123
5532,33.135
5533,33.149
5534,33.162
5535,33.165
5536,33.177
5537,33.188
5538,33.191
5539,33.194
5540,33.197
5541,33.205
5542,33.216
5543,33.223
5544,33.234
5545,33.246
5546,33.258
5547,33.268
5548,33.278
5549,33.289
5550,33.300
5551,33.309
5552,33.320
5553,33.333
5554,33.348
5555,33.367
5556,33.384
5557,33.401
5558,33.417
5559,33.430
5560,33.445
5561,33.460
5562,33.478
5563,33.494
5564,33.508
5565,33.520
5566,33.534
5567,33.549
5568,33.566
5569,33.625
5570,33.637
5571,33.645
5572,33.653
5573,33.661
5574,33.669
5575,33.677
5576,33.685
5577,33.694
5578,33.704
5579,33.714
5580,33.756
5581,33.788
5582,33.796
5583,33.799
5584,33.802
5585,33.807
5586,33.810
5587,33.813
5588,33.816
5589,33.822
5590,33.824
5591,33.827
5592,33.836
5593,33.839
5594,33.841
5595,33.844
5596,33.847
5597,33.855
5598,33.860
5599,33.864
5600,33.867
5601,33.870
5602,33.873
5603,33.875
5604,33.880
5605,33.882
5606,33.885
5607,33.887
5608,33.891
5609,33.896
5610,33.900
5611,33.903
5612,33.906
5613,33.910
5614,33.916
5615,33.921
5616,33.926
5617,33.931
5618,33.943
5619,33.952
5620,33.957
5621,33.963
5622,33.969
5623,33.972
5624,33.986
5625,34.002
5626,34.006
5627,34.010
5628,34.013
5629,34.017
5630,34.021
5631,34.026
5632,34.030
5633,34.034
5634,34.039
5635,34.043
5636,34.047
5637,34.052
5638,34.056
5639,34.060
5640,34.069
5641,34.072
5642,34.074
5643,34.085
5644,34.096
5645,34.112
5646,34.126
5647,34.131
5648,34.141
5649,34.144
5650,34.147
5651,34.150
5652,34.163
5653,34.166
5654,34.170
5655,34.173
5656,34.183
5657,34.195
5658,34.207
5659,34.211
5660,34.214
5661,34.217
5662,34.227
5663,34.239
5664,34.250
5665,34.254
5666,34.257
5667,34.259
5668,34.270
5669,34.281
5670,34.289
5671,34.291
5672,34.294
5673,34.297
5674,34.308
5675,34.320
5676,34.336
5677,34.351
5678,34.357
5679,34.362
5680,34.373
5681,34.376
5682,34.379
5683,34.383
5684,34.393
5685,34.404
5686,34.416
5687,34.419
5688,34.422
5689,34.425
5690,34.436
5691,34.448
5692,34.460
5693,34.463
5694,34.466
5695,34.469
5696,34.480
5697,34.492
5698,34.504
5699,34.508
5700,34.511
5701,34.515
5702,34.525
5703,34.536
5704,34.544
5705,34.547
5706,34.551
5707,34.554
5708,34.557
5709,34.564
5710,34.576
5711,34.587
5712,34.590
5713,34.592
5714,34.604
5715,34.607
5716,34.610
5717,34.613
5718,34.627
5719,34.640
5720,34.644
5721,34.656
5722,34.667
5723,34.670
5724,34.678
5725,34.682
5726,34.687
5727,34.692
5728,34.716
5729,34.743
5730,34.748
5731,34.753
5732,34.758
5733,34.780
5734,34.800
5735,34.805
5736,34.819
5737,34.835
5738,34.840
5739,34.844
5740,34.849
5741,34.861
5742,34.864
5743,34.869
5744,34.873
5745,34.893
5746,34.912
5747,34.917
5748,34.932
5749,34.948
5750,34.954
5751,34.959
5752,34.964
5753,34.981
5754,34.986
5755,34.991
5756,34.996
5757,35.009
5758,35.024
5759,35.039
5760,35.043
5761,35.048
5762,35.053
5763,35.073
5764,35.079
5765,35.082
5766,35.088
5767,35.106
5768,35.121
5769,35.133
5770,35.136
5771,35.139
5772,35.142
5773,35.152
5774,35.164
5775,35.175
5776,35.178
5777,35.181
5778,35.184
5779,35.197
5780,35.210
5781,35.228
5782,35.231
5783,35.233
5784,35.236
5785,35.238
5786,35.244
5787,35.246
5788,35.249
5789,35.255
5790,35.269
5791,35.273
5792,35.277
5793,35.280
5794,35.288
5795,35.305
5796,35.307
5797,35.310
5798,35.313
5799,35.316
5800,35.324
5801,35.336
5802,35.339
5803,35.342
5804,35.346
5805,35.349
5806,35.357
5807,35.360
5808,35.363
5809,35.365
5810,35.368
5811,35.371
5812,35.374
5813,35.377
5814,35.386
5815,35.397
5816,35.408
5817,35.411
5818,35.414
5819,35.422
5820,35.434
5821,35.438
5822,35.441
5823,35.444
5824,35.448
5825,35.452
5826,35.455
5827,35.467
5828,35.475
5829,35.483
5830,35.486
5831,35.498
5832,35.510
5833,35.513
5834,35.517
5835,35.520
5836,35.523
5837,35.531
5838,35.535
5839,35.549
5840,35.558
5841,35.565
5842,35.568
5843,35.580
5844,35.592
5845,35.595
5846,35.600
5847,35.603
5848,35.605
5849,35.608
5850,35.618
5851,35.629
5852,35.635
5853,35.649
5854,35.660
5855,35.668
5856,35.686
5857,35.695
5858,35.701
5859,35.707
5860,35.714
5861,35.719
5862,35.727
5863,35.738
5864,35.745
5865,35.748
5866,35.758
5867,35.770
5868,35.780
5869,35.782
5870,35.784
5871,35.786
5872,35.788
5873,35.793
5874,35.795
5875,35.798
5876,35.801
5877,35.810
5878,35.813
5879,35.827
5880,35.835
5881,35.840
5882,35.847
5883,35.857
5884,35.859
5885,35.862
5886,35.873
5887,35.875
5888,35.878
5889,35.880
5890,35.889
5891,35.891
5892,35.901
5893,35.903
5894,35.905
5895,35.906
5896,35.912
5897,35.919
5898,35.923
5899,35.926
5900,35.930
5901,35.938
5902,35.957
5903,35.969
5904,35.973
5905,35.976
5906,35.980
5907,35.985
5908,35.989
5909,35.994
5910,35.997
5911,36.001
5912,36.004
5913,36.007
5914,36.011
5915,36.014
5916,36.018
5917,36.022
5918,36.030
5919,36.043
5920,36.047
5921,36.051
5922,36.059
5923,36.064
5924,36.084
5925,36.104
5926,36.115
5927,36.127
5928,36.154
5929,36.179
5930,36.192
5931,36.202
5932,36.226
5933,36.250
5934,36.261
5935,36.270
5936,36.285
5937,36.301
5938,36.307
5939,36.309
5940,36.314
5941,36.319
5942,36.327
5943,36.330
5944,36.335
5945,36.342
5946,36.346
5947,36.349
5948,36.358
5949,36.365
5950,36.370
5951,36.390
5952,36.413
5953,36.420
5954,36.427
5955,36.434
5956,36.440
5957,36.447
5958,36.455
5959,36.463
5960,36.471
5961,36.479
5962,36.487
5963,36.496
5964,36.500
5965,36.505
5966,36.510
5967,36.515
5968,36.523
5969,36.527
5970,36.530
5971,36.534
5972,36.537
5973,36.547
5974,36.550
5975,36.554
5976,36.558
5977,36.562
5978,36.572
5979,36.578
5980,36.590
5981,36.593
5982,36.597
5983,36.600
5984,36.604
5985,36.613
5986,36.619
5987,36.628
5988,36.632
5989,36.635
5990,36.639
5991,36.642
5992,36.650
5993,36.656
5994,36.660
5995,36.665
5996,36.669
5997,36.672
5998,36.676
5999,36.684
6000,36.691
6001,36.708
6002,36.726
6003,36.734
6004,36.737
6005,36.741
6006,36.744
6007,36.747
6008,36.756
6009,36.761
6010,36.770
6011,36.773
6012,36.776
6013,36.780
6014,36.783
6015,36.791
6016,36.796
6017,36.804
6018,36.807
6019,36.811
6020,36.814
6021,36.818
6022,36.826
6023,36.831
6024,36.840
6025,36.843
6026,36.847
6027,36.850
6028,36.854
6029,36.862
6030,36.867
6031,36.872
6032,36.875
6033,36.879
6034,36.882
6035,36.885
6036,36.890
6037,36.896
6038,36.905
6039,36.908
6040,36.911
6041,36.920
6042,36.923
6043,36.927
6044,36.930
6045,36.933
6046,36.944
6047,36.951
6048,36.955
6049,36.963
6050,36.968
6051,36.973
6052,36.978
6053,36.981
6054,36.985
6055,36.989
6056,36.992
6057,36.996
6058,37.015
6059,37.031
6060,37.039
6061,37.042
6062,37.045
6063,37.049
6064,37.053
6065,37.065
6066,37.073
6067,37.077
6068,37.085
6069,37.090
6070,37.094
6071,37.097
6072,37.101
6073,37.106
6074,37.109
6075,37.112
6076,37.116
6077,37.120
6078,37.132
6079,37.139
6080,37.143
6081,37.151
6082,37.156
6083,37.160
6084,37.163
6085,37.167
6086,37.176
6087,37.179
6088,37.183
6089,37.187
6090,37.190
6091,37.198
6092,37.204
6093,37.212
6094,37.215
6095,37.218
6096,37.222
6097,37.225
6098,37.234
6099,37.237
6100,37.241
6101,37.244
6102,37.248
6103,37.255
6104,37.260
6105,37.268
6106,37.271
6107,37.275
6108,37.278
6109,37.282
6110,37.289
6111,37.295
6112,37.303
6113,37.306
6114,37.309
6115,37.312
6116,37.316
6117,37.323
6118,37.329
6119,37.332
6120,37.336
6121,37.339
6122,37.342
6123,37.345
6124,37.348
6125,37.351
6126,37.356
6127,37.361
6128,37.364
6129,37.367
6130,37.370
6131,37.378
6132,37.397
6133,37.406
6134,37.411
6135,37.422
6136,37.426
6137,37.434
6138,37.438
6139,37.447
6140,37.454
6141,37.461
6142,37.467
6143,37.477
6144,37.482
6145,37.497
6146,37.506
6147,37.526
6148,37.537
6149,37.546
6150,37.554
6151,37.573
6152,37.582
6153,37.591
6154,37.599
6155,37.610
6156,37.621
6157,37.629
6158,37.633
6159,37.636
6160,37.640
6161,37.645
6162,37.650
6163,37.653
6164,37.657
6165,37.661
6166,37.666
6167,37.672
6168,37.676
6169,37.681
6170,37.686
6171,37.693
6172,37.697
6173,37.701
6174,37.706
6175,37.709
6176,37.718
6177,37.726
6178,37.742
6179,37.754
6180,37.769
6181,37.782
6182,37.793
6183,37.805
6184,37.808
6185,37.811
6186,37.814
6187,37.818
6188,37.826
6189,37.836
6190,37.842
6191,37.846
6192,37.850
6193,37.855
6194,37.860
6195,37.864
6196,37.867
6197,37.870
6198,37.873
6199,37.876
6200,37.879
6201,37.882
6202,37.885
6203,37.890
6204,37.895
6205,37.899
6206,37.903
6207,37.907
6208,37.911
6209,37.914
6210,37.918
6211,37.921
6212,37.924
6213,37.929
6214,37.934
6215,37.943
6216,37.946
6217,37.949
6218,37.952
6219,37.955
6220,37.962
6221,37.964
6222,37.972
6223,37.982
6224,37.989
6225,37.998
6226,38.005
6227,38.008
6228,38.010
6229,38.013
6230,38.016
6231,38.023
6232,38.024
6233,38.026
6234,38.032
6235,38.033
6236,38.040
6237,38.041
6238,38.043
6239,38.050
6240,38.052
6241,38.055
6242,38.059
6243,38.061
6244,38.064
6245,38.066
6246,38.073
6247,38.076
6248,38.089
6249,38.097
6250,38.102
6251,38.168
6252,38.168
6253,38.168
6254,38.168
6255,38.168
6256,38.168
6257,38.168
6258,38.168
6259,38.168
6260,38.168
6261,38.168
6262,38.168
6263,38.168
6264,38.176
6265,38.178
6266,38.180
6267,38.181
6268,38.198
6269,38.201
6270,38.203
6271,38.206
6272,38.209
6273,38.213
6274,38.216
6275,38.218
6276,38.222
6277,38.224
6278,38.226
6279,38.229
6280,38.232
6281,38.235
6282,38.237
6283,38.245
6284,38.247
6285,38.250
6286,38.252
6287,38.255
6288,38.268
6289,38.269
6290,38.275
6291,38.281
6292,38.284
6293,38.288
6294,38.296
6295,38.313
6296,38.316
6297,38.319
6298,38.322
6299,38.324
6300,38.333
6301,38.344
6302,38.347
6303,38.350
6304,38.354
6305,38.358
6306,38.363
6307,38.371
6308,38.375
6309,38.384
6310,38.397
6311,38.409
6312,38.413
6313,38.416
6314,38.421
6315,38.425
6316,38.429
6317,38.432
6318,38.436
6319,38.440
6320,38.453
6321,38.461
6322,38.470
6323,38.482
6324,38.484
6325,38.488
6326,38.492
6327,38.496
6328,38.507
6329,38.515
6330,38.524
6331,38.535
6332,38.538
6333,38.542
6334,38.546
6335,38.551
6336,38.557
6337,38.560
6338,38.563
6339,38.567
6340,38.571
6341,38.576
6342,38.583
6343,38.593
6344,38.606
6345,38.608
6346,38.611
6347,38.614
6348,38.619
6349,38.624
6350,38.627
6351,38.631
6352,38.633
6353,38.636
6354,38.640
6355,38.658
6356,38.669
6357,38.674
6358,38.685
6359,38.689
6360,38.693
6361,38.702
6362,38.711
6363,38.716
6364,38.725
6365,38.729
6366,38.734
6367,38.753
6368,38.768
6369,38.776
6370,38.780
6371,38.785
6372,38.790
6373,38.798
6374,38.806
6375,38.810
6376,38.818
6377,38.821
6378,38.825
6379,38.829
6380,38.838
6381,38.847
6382,38.855
6383,38.863
6384,38.869
6385,38.877
6386,38.891
6387,38.900
6388,38.901
6389,38.904
6390,38.915
6391,38.917
6392,38.929
6393,38.939
6394,38.943
6395,38.952
6396,38.965
6397,38.975
6398,38.986
6399,39.002
6400,39.019
6401,39.022
6402,39.027
6403,39.033
6404,39.037
6405,39.043
6406,39.047
6407,39.051
6408,39.054
6409,39.057
6410,39.062
6411,39.070
6412,39.075
6413,39.089
6414,39.099
6415,39.104
6416,39.108
6417,39.112
6418,39.118
6419,39.122
6420,39.127
6421,39.139
6422,39.141
6423,39.146
6424,39.161
6425,39.164
6426,39.168
6427,39.170
6428,39.179
6429,39.181
6430,39.193
6431,39.195
6432,39.198
6433,39.200
6434,39.209
6435,39.220
6436,39.225
6437,39.229
6438,39.233
6439,39.238
6440,39.247
6441,39.266
6442,39.280
6443,39.284
6444,39.289
6445,39.293
6446,39.298
6447,39.303
6448,39.308
6449,39.313
6450,39.320
6451,39.328
6452,39.333
6453,39.338
6454,39.343
6455,39.348
6456,39.351
6457,39.360
6458,39.372
6459,39.377
6460,39.392
6461,39.408
6462,39.413
6463,39.419
6464,39.430
6465,39.442
6466,39.451
6467,39.462
6468,39.466
6469,39.470
6470,39.473
6471,39.477
6472,39.482
6473,39.488
6474,39.491
6475,39.494
6476,39.498
6477,39.502
6478,39.505
6479,39.508
6480,39.514
6481,39.521
6482,39.525
6483,39.530
6484,39.537
6485,39.540
6486,39.544
6487,39.548
6488,39.552
6489,39.559
6490,39.568
6491,39.572
6492,39.576
6493,39.581
6494,39.585
6495,39.595
6496,39.612
6497,39.620
6498,39.624
6499,39.634
6500,39.639
6501,39.643
6502,39.648
6503,39.653
6504,39.658
6505,39.665
6506,39.668
6507,39.672
6508,39.676
6509,39.681
6510,39.687
6511,39.690
6512,39.693
6513,39.697
6514,39.700
6515,39.705
6516,39.708
6517,39.712
6518,39.715
6519,39.719
6520,39.722
6521,39.728
6522,39.736
6523,39.747
6524,39.757
6525,39.761
6526,39.766
6527,39.774
6528,39.777
6529,39.780
6530,39.783
6531,39.787
6532,39.790
6533,39.804
6534,39.815
6535,39.823
6536,39.827
6537,39.831
6538,39.834
6539,39.838
6540,39.841
6541,39.855
6542,39.869
6543,39.875
6544,39.881
6545,39.890
6546,39.897
6547,39.901
6548,39.904
6549,39.907
6550,39.910
6551,39.933
6552,39.945
6553,39.956
6554,39.969
6555,39.975
6556,39.984
6557,39.995
6558,40.015
6559,40.028
6560,40.034
6561,40.054
6562,40.072
6563,40.076
6564,40.093
6565,40.109
6566,40.114
6567,40.135
6568,40.147
6569,40.157
6570,40.170
6571,40.175
6572,40.184
6573,40.195
6574,40.218
6575,40.234
6576,40.241
6577,40.265
6578,40.287
6579,40.293
6580,40.320
6581,40.342
6582,40.347
6583,40.354
6584,40.364
6585,40.375
6586,40.380
6587,40.386
6588,40.391
6589,40.394
6590,40.399
6591,40.403
6592,40.408
6593,40.416
6594,40.423
6595,40.428
6596,40.432
6597,40.442
6598,40.447
6599,40.452
6600,40.455
6601,40.459
6602,40.467
6603,40.477
6604,40.482
6605,40.488
6606,40.504
6607,40.519
6608,40.523
6609,40.535
6610,40.546
6611,40.556
6612,40.571
6613,40.574
6614,40.578
6615,40.582
6616,40.587
6617,40.597
6618,40.610
6619,40.619
6620,40.625
6621,40.631
6622,40.638
6623,40.647
6624,40.651
6625,40.655
6626,40.662
6627,40.669
6628,40.675
6629,40.682
6630,40.690
6631,40.694
6632,40.703
6633,40.709
6634,40.713
6635,40.719
6636,40.727
6637,40.738
6638,40.742
6639,40.746
6640,40.750
6641,40.754
6642,40.762
6643,40.765
6644,40.773
6645,40.784
6646,40.791
6647,40.802
6648,40.810
6649,40.812
6650,40.815
6651,40.819
6652,40.822
6653,40.832
6654,40.835
6655,40.836
6656,40.845
6657,40.865
6658,40.868
6659,40.870
6660,40.879
6661,40.882
6662,40.884
6663,40.890
6664,40.893
6665,40.896
6666,40.899
6667,40.905
6668,40.921
6669,40.931
6670,40.937
6671,40.950
6672,40.960
6673,40.972
6674,40.975
6675,40.976
6676,40.987
6677,40.990
6678,40.992
6679,40.995
6680,40.998
6681,41.001
6682,41.011
6683,41.013
6684,41.023
6685,41.026
6686,41.027
6687,41.029
6688,41.044
6689,41.058
6690,41.062
6691,41.066
6692,41.070
6693,41.073
6694,41.078
6695,41.082
6696,41.086
6697,41.090
6698,41.094
6699,41.098
6700,41.102
6701,41.107
6702,41.111
6703,41.115
6704,41.125
6705,41.127
6706,41.130
6707,41.137
6708,41.139
6709,41.142
6710,41.144
6711,41.151
6712,41.154
6713,41.156
6714,41.168
6715,41.170
6716,41.173
6717,41.175
6718,41.178
6719,41.193
6720,41.210
6721,41.221
6722,41.223
6723,41.226
6724,41.237
6725,41.247
6726,41.258
6727,41.269
6728,41.283
6729,41.299
6730,41.319
6731,41.337
6732,41.352
6733,41.367
6734,41.385
6735,41.401
6736,41.414
6737,41.428
6738,41.440
6739,41.454
6740,41.459
6741,41.463
6742,41.467
6743,41.484
6744,41.498
6745,41.512
6746,41.516
6747,41.520
6748,41.536
6749,41.551
6750,41.565
6751,41.579
6752,41.595
6753,41.611
6754,41.623
6755,41.637
6756,41.652
6757,41.669
6758,41.685
6759,41.702
6760,41.715
6761,41.727
6762,41.738
6763,41.749
6764,41.757
6765,41.768
6766,41.771
6767,41.774
6768,41.783
6769,41.795
6770,41.808
6771,41.811
6772,41.815
6773,41.826
6774,41.829
6775,41.832
6776,41.835
6777,41.849
6778,41.862
6779,41.865
6780,41.877
6781,41.892
6782,41.895
6783,41.898
6784,41.901
6785,41.904
6786,41.912
6787,41.914
6788,41.917
6789,41.921
6790,41.923
6791,41.931
6792,41.942
6793,41.945
6794,41.959
6795,41.973
6796,41.976
6797,41.998
6798,42.006
6799,42.013
6800,42.020
6801,42.026
6802,42.032
6803,42.045
6804,42.056
6805,42.060
6806,42.074
6807,42.087
6808,42.090
6809,42.102
6810,42.113
6811,42.117
6812,42.120
6813,42.123
6814,42.126
6815,42.134
6816,42.136
6817,42.140
6818,42.148
6819,42.160
6820,42.164
6821,42.172
6822,42.183
6823,42.186
6824,42.194
6825,42.196
6826,42.199
6827,42.202
6828,42.218
6829,42.238
6830,42.249
6831,42.252
6832,42.255
6833,42.259
6834,42.273
6835,42.287
6836,42.290
6837,42.302
6838,42.314
6839,42.317
6840,42.320
6841,42.323
6842,42.337
6843,42.352
6844,42.355
6845,42.368
6846,42.379
6847,42.390
6848,42.400
6849,42.412
6850,42.423
6851,42.435
6852,42.446
6853,42.457
6854,42.467
6855,42.479
6856,42.490
6857,42.501
6858,42.511
6859,42.522
6860,42.533
6861,42.544
6862,42.555
6863,42.594
6864,42.603
6865,42.608
6866,42.613
6867,42.646
6868,42.697
6869,42.708
6870,42.711
6871,42.716
6872,42.724
6873,42.726
6874,42.731
6875,42.744
6876,42.747
6877,42.752
6878,42.756
6879,42.768
6880,42.770
6881,42.775
6882,42.782
6883,42.788
6884,42.849
6885,42.862
6886,42.871
6887,42.880
6888,42.889
6889,42.936
6890,42.983
6891,42.995
6892,42.999
6893,43.004
6894,43.019
6895,43.022
6896,43.027
6897,43.033
6898,43.038
6899,43.080
6900,43.089
6901,43.095
6902,43.102
6903,43.108
6904,43.115
6905,43.146
6906,43.177
6907,43.186
6908,43.195
6909,43.206
6910,43.215
6911,43.220
6912,43.232
6913,43.235
6914,43.239
6915,43.242
6916,43.243
6917,43.245
6918,43.247
6919,43.255
6920,43.259
6921,43.263
6922,43.266
6923,43.273
6924,43.288
6925,43.291
6926,43.294
6927,43.297
6928,43.305
6929,43.316
6930,43.319
6931,43.323
6932,43.326
6933,43.330
6934,43.334
6935,43.338
6936,43.341
6937,43.344
6938,43.351
6939,43.365
6940,43.375
6941,43.378
6942,43.382
6943,43.390
6944,43.400
6945,43.416
6946,43.429
6947,43.433
6948,43.437
6949,43.441
6950,43.445
6951,43.449
6952,43.453
6953,43.457
6954,43.462
6955,43.466
6956,43.470
6957,43.474
6958,43.479
6959,43.483
6960,43.487
6961,43.491
6962,43.503
6963,43.514
6964,43.518
6965,43.531
6966,43.543
6967,43.547
6968,43.555
6969,43.560
6970,43.574
6971,43.587
6972,43.591
6973,43.600
6974,43.604
6975,43.618
6976,43.630
6977,43.634
6978,43.641
6979,43.645
6980,43.661
6981,43.675
6982,43.681
6983,43.689
6984,43.694
6985,43.703
6986,43.708
6987,43.719
6988,43.730
6989,43.734
6990,43.738
6991,43.746
6992,43.750
6993,43.768
6994,43.782
6995,43.788
6996,43.795
6997,43.800
6998,43.808
6999,43.812
7000,43.820
7001,43.824
7002,43.836
7003,43.846
7004,43.850
7005,43.853
7006,43.864
7007,43.876
7008,43.880
7009,43.887
7010,43.891
7011,43.907
7012,43.920
7013,43.925
7014,43.932
7015,43.936
7016,43.943
7017,43.948
7018,43.960
7019,43.965
7020,43.986
7021,44.004
7022,44.010
7023,44.022
7024,44.028
7025,44.060
7026,44.070
7027,44.079
7028,44.092
7029,44.102
7030,44.113
7031,44.123
7032,44.133
7033,44.145
7034,44.149
7035,44.156
7036,44.160
7037,44.173
7038,44.187
7039,44.194
7040,44.199
7041,44.213
7042,44.222
7043,44.226
7044,44.238
7045,44.250
7046,44.254
7047,44.259
7048,44.272
7049,44.274
7050,44.280
7051,44.283
7052,44.306
7053,44.326
7054,44.332
7055,44.343
7056,44.347
7057,44.358
7058,44.368
7059,44.372
7060,44.385
7061,44.397
7062,44.400
7063,44.408
7064,44.412
7065,44.425
7066,44.438
7067,44.443
7068,44.451
7069,44.454
7070,44.466
7071,44.477
7072,44.481
7073,44.488
7074,44.492
7075,44.506
7076,44.519
7077,44.522
7078,44.526
7079,44.529
7080,44.533
7081,44.537
7082,44.540
7083,44.544
7084,44.548
7085,44.551
7086,44.555
7087,44.559
7088,44.562
7089,44.566
7090,44.570
7091,44.575
7092,44.582
7093,44.589
7094,44.602
7095,44.613
7096,44.620
7097,44.624
7098,44.627
7099,44.635
7100,44.638
7101,44.646
7102,44.650
7103,44.653
7104,44.657
7105,44.660
7106,44.668
7107,44.678
7108,44.682
7109,44.685
7110,44.698
7111,44.705
7112,44.711
7113,44.719
7114,44.723
7115,44.733
7116,44.737
7117,44.746
7118,44.751
7119,44.755
7120,44.762
7121,44.766
7122,44.769
7123,44.773
7124,44.777
7125,44.780
7126,44.789
7127,44.794
7128,44.797
7129,44.805
7130,44.809
7131,44.812
7132,44.816
7133,44.820
7134,44.828
7135,44.839
7136,44.843
7137,44.846
7138,44.861
7139,44.868
7140,44.874
7141,44.882
7142,44.886
7143,44.895
7144,44.899
7145,44.908
7146,44.914
7147,44.917
7148,44.925
7149,44.929
7150,44.932
7151,44.936
7152,44.940
7153,44.943
7154,44.953
7155,44.958
7156,44.962
7157,44.970
7158,44.974
7159,44.977
7160,44.981
7161,44.984
7162,44.988
7163,44.992
7164,44.995
7165,45.009
7166,45.016
7167,45.021
7168,45.030
7169,45.035
7170,45.044
7171,45.047
7172,45.050
7173,45.059
7174,45.064
7175,45.068
7176,45.076
7177,45.080
7178,45.083
7179,45.092
7180,45.096
7181,45.099
7182,45.107
7183,45.111
7184,45.115
7185,45.119
7186,45.122
7187,45.125
7188,45.129
7189,45.133
7190,45.137
7191,45.140
7192,45.152
7193,45.160
7194,45.165
7195,45.174
7196,45.178
7197,45.187
7198,45.190
7199,45.193
7200,45.201
7201,45.205
7202,45.208
7203,45.216
7204,45.220
7205,45.223
7206,45.229
7207,45.233
7208,45.237
7209,45.242
7210,45.247
7211,45.255
7212,45.261
7213,45.268
7214,45.272
7215,45.278
7216,45.303
7217,45.315
7218,45.325
7219,45.336
7220,45.340
7221,45.345
7222,45.359
7223,45.366
7224,45.371
7225,45.386
7226,45.400
7227,45.407
7228,45.411
7229,45.416
7230,45.421
7231,45.425
7232,45.430
7233,45.444
7234,45.451
7235,45.456
7236,45.469
7237,45.476
7238,45.489
7239,45.493
7240,45.497
7241,45.511
7242,45.517
7243,45.522
7244,45.536
7245,45.545
7246,45.549
7247,45.560
7248,45.565
7249,45.572
7250,45.576
7251,45.580
7252,45.588
7253,45.594
7254,45.602
7255,45.607
7256,45.612
7257,45.636
7258,45.644
7259,45.650
7260,45.657
7261,45.661
7262,45.664
7263,45.674
7264,45.679
7265,45.682
7266,45.693
7267,45.705
7268,45.709
7269,45.713
7270,45.717
7271,45.721
7272,45.725
7273,45.728
7274,45.738
7275,45.743
7276,45.746
7277,45.756
7278,45.760
7279,45.769
7280,45.772
7281,45.775
7282,45.784
7283,45.789
7284,45.792
7285,45.799
7286,45.803
7287,45.805
7288,45.813
7289,45.817
7290,45.820
7291,45.824
7292,45.827
7293,45.831
7294,45.835
7295,45.838
7296,45.851
7297,45.858
7298,45.864
7299,45.873
7300,45.878
7301,45.886
7302,45.889
7303,45.892
7304,45.901
7305,45.905
7306,45.909
7307,45.916
7308,45.920
7309,45.923
7310,45.931
7311,45.935
7312,45.943
7313,45.947
7314,45.950
7315,45.957
7316,45.961
7317,45.966
7318,45.972
7319,45.975
7320,45.978
7321,45.986
7322,45.992
7323,46.006
7324,46.014
7325,46.023
7326,46.031
7327,46.035
7328,46.038
7329,46.041
7330,46.046
7331,46.051
7332,46.090
7333,46.096
7334,46.102
7335,46.108
7336,46.115
7337,46.121
7338,46.127
7339,46.160
7340,46.192
7341,46.201
7342,46.210
7343,46.215
7344,46.219
7345,46.224
7346,46.228
7347,46.231
7348,46.243
7349,46.251
7350,46.261
7351,46.270
7352,46.275
7353,46.281
7354,46.284
7355,46.286
7356,46.288
7357,46.297
7358,46.304
7359,46.312
7360,46.326
7361,46.329
7362,46.332
7363,46.335
7364,46.336
7365,46.338
7366,46.340
7367,46.348
7368,46.352
7369,46.355
7370,46.358
7371,46.366
7372,46.381
7373,46.383
7374,46.386
7375,46.389
7376,46.396
7377,46.406
7378,46.409
7379,46.413
7380,46.416
7381,46.420
7382,46.423
7383,46.427
7384,46.430
7385,46.438
7386,46.451
7387,46.461
7388,46.464
7389,46.467
7390,46.475
7391,46.483
7392,46.499
7393,46.512
7394,46.515
7395,46.518
7396,46.521
7397,46.524
7398,46.531
7399,46.537
7400,46.543
7401,46.552
7402,46.558
7403,46.565
7404,46.571
7405,46.578
7406,46.585
7407,46.592
7408,46.599
7409,46.615
7410,46.629
7411,46.635
7412,46.653
7413,46.670
7414,46.675
7415,46.686
7416,46.691
7417,46.710
7418,46.728
7419,46.733
7420,46.744
7421,46.750
7422,46.769
7423,46.785
7424,46.790
7425,46.800
7426,46.805
7427,46.829
7428,46.846
7429,46.855
7430,46.865
7431,46.874
7432,46.888
7433,46.896
7434,46.914
7435,46.929
7436,46.932
7437,46.935
7438,46.944
7439,46.950
7440,46.970
7441,46.985
7442,46.991
7443,46.999
7444,47.006
7445,47.014
7446,47.019
7447,47.029
7448,47.034
7449,47.047
7450,47.059
7451,47.062
7452,47.069
7453,47.073
7454,47.090
7455,47.103
7456,47.109
7457,47.116
7458,47.121
7459,47.129
7460,47.133
7461,47.142
7462,47.145
7463,47.157
7464,47.167
7465,47.171
7466,47.174
7467,47.187
7468,47.199
7469,47.202
7470,47.210
7471,47.214
7472,47.234
7473,47.241
7474,47.248
7475,47.255
7476,47.262
7477,47.269
7478,47.277
7479,47.284
7480,47.294
7481,47.298
7482,47.302
7483,47.305
7484,47.314
7485,47.325
7486,47.329
7487,47.332
7488,47.343
7489,47.349
7490,47.352
7491,47.362
7492,47.371
7493,47.375
7494,47.378
7495,47.389
7496,47.391
7497,47.395
7498,47.397
7499,47.412
7500,47.424
7501,47.428
7502,47.435
7503,47.439
7504,47.450
7505,47.461
7506,47.465
7507,47.477
7508,47.489
7509,47.492
7510,47.500
7511,47.504
7512,47.516
7513,47.527
7514,47.531
7515,47.539
7516,47.543
7517,47.556
7518,47.568
7519,47.572
7520,47.580
7521,47.584
7522,47.589
7523,47.594
7524,47.598
7525,47.601
7526,47.610
7527,47.616
7528,47.629
7529,47.638
7530,47.646
7531,47.655
7532,47.659
7533,47.662
7534,47.665
7535,47.670
7536,47.675
7537,47.717
7538,47.723
7539,47.728
7540,47.733
7541,47.739
7542,47.744
7543,47.750
7544,47.780
7545,47.811
7546,47.819
7547,47.828
7548,47.840
7549,47.847
7550,47.854
7551,47.858
7552,47.879
7553,47.892
7554,47.906
7555,47.921
7556,47.935
7557,47.944
7558,47.958
7559,47.981
7560,48.002
7561,48.009
7562,48.015
7563,48.021
7564,48.027
7565,48.033
7566,48.040
7567,48.046
7568,48.052
7569,48.059
7570,48.065
7571,48.072
7572,48.079
7573,48.086
7574,48.093
7575,48.108
7576,48.123
7577,48.141
7578,48.155
7579,48.161
7580,48.172
7581,48.185
7582,48.197
7583,48.214
7584,48.220
7585,48.251
7586,48.266
7587,48.272
7588,48.285
7589,48.297
7590,48.301
7591,48.306
7592,48.320
7593,48.333
7594,48.338
7595,48.355
7596,48.371
7597,48.375
7598,48.391
7599,48.405
7600,48.408
7601,48.423
7602,48.435
7603,48.439
7604,48.451
7605,48.463
7606,48.468
7607,48.476
7608,48.487
7609,48.494
7610,48.505
7611,48.508
7612,48.527
7613,48.543
7614,48.549
7615,48.562
7616,48.575
7617,48.580
7618,48.583
7619,48.595
7620,48.606
7621,48.610
7622,48.624
7623,48.636
7624,48.640
7625,48.653
7626,48.667
7627,48.670
7628,48.684
7629,48.696
7630,48.700
7631,48.712
7632,48.723
7633,48.726
7634,48.733
7635,48.745
7636,48.753
7637,48.764
7638,48.767
7639,48.788
7640,48.804
7641,48.810
7642,48.827
7643,48.844
7644,48.858
7645,48.871
7646,48.875
7647,48.887
7648,48.900
7649,48.913
7650,48.925
7651,48.937
7652,48.949
7653,48.957
7654,48.969
7655,48.973
7656,48.980
7657,48.991
7658,49.000
7659,49.012
7660,49.016
7661,49.028
7662,49.040
7663,49.052
7664,49.063
7665,49.066
7666,49.079
7667,49.090
7668,49.108
7669,49.122
7670,49.128
7671,49.142
7672,49.157
7673,49.169
7674,49.181
7675,49.184
7676,49.196
7677,49.208
7678,49.220
7679,49.230
7680,49.238
7681,49.250
7682,49.253
7683,49.259
7684,49.271
7685,49.285
7686,49.303
7687,49.309
7688,49.328
7689,49.347
7690,49.364
7691,49.381
7692,49.386
7693,49.405
7694,49.424
7695,49.442
7696,49.460
7697,49.479
7698,49.493
7699,49.512
7700,49.544
7701,49.549
7702,49.557
7703,49.562
7704,49.568
7705,49.585
7706,49.602
7707,49.607
7708,49.626
7709,49.643
7710,49.650
7711,49.666
7712,49.682
7713,49.690
7714,49.722
7715,49.743
7716,49.749
7717,49.756
7718,49.769
7719,49.780
7720,49.784
7721,49.787
7722,49.801
7723,49.816
7724,49.820
7725,49.837
7726,49.851
7727,49.871
7728,49.886
7729,49.892
7730,49.898
7731,49.911
7732,49.923
7733,49.927
7734,49.942
7735,49.955
7736,49.966
7737,49.977
7738,49.985
7739,49.996
7740,50.000
7741,50.008
7742,50.018
7743,50.026
7744,50.037
7745,50.041
7746,50.053
7747,50.065
7748,50.076
7749,50.087
7750,50.090
7751,50.106
7752,50.119
7753,50.131
7754,50.142
7755,50.146
7756,50.158
7757,50.170
7758,50.174
7759,50.185
7760,50.196
7761,50.200
7762,50.217
7763,50.232
7764,50.238
7765,50.244
7766,50.256
7767,50.267
7768,50.270
7769,50.274
7770,50.287
7771,50.300
7772,50.303
7773,50.319
7774,50.333
7775,50.352
7776,50.368
7777,50.375
7778,50.381
7779,50.399
7780,50.416
7781,50.422
7782,50.434
7783,50.445
7784,50.458
7785,50.469
7786,50.474
7787,50.481
7788,50.492
7789,50.501
7790,50.512
7791,50.516
7792,50.535
7793,50.550
7794,50.556
7795,50.571
7796,50.585
7797,50.604
7798,50.619
7799,50.625
7800,50.637
7801,50.649
7802,50.660
7803,50.671
7804,50.683
7805,50.694
7806,50.704
7807,50.719
7808,50.729
7809,50.743
7810,50.757
7811,50.761
7812,50.763
7813,50.766
7814,50.779
7815,50.792
7816,50.799
7817,50.804
7818,50.809
7819,50.814
7820,50.819
7821,50.823
7822,50.828
7823,50.833
7824,50.849
7825,50.859
7826,50.864
7827,50.869
7828,50.881
7829,50.901
7830,50.915
7831,50.926
7832,50.931
7833,50.943
7834,50.958
7835,50.971
7836,50.974
7837,50.977
7838,50.980
7839,50.986
7840,50.992
7841,51.007
7842,51.012
7843,51.027
7844,51.037
7845,51.043
7846,51.064
7847,51.084
7848,51.088
7849,51.094
7850,51.099
7851,51.105
7852,51.122
7853,51.129
7854,51.134
7855,51.152
7856,51.158
7857,51.167
7858,51.173
7859,51.176
7860,51.183
7861,51.194
7862,51.204
7863,51.206
7864,51.208
7865,51.210
7866,51.213
7867,51.215
7868,51.222
7869,51.232
7870,51.244
7871,51.258
7872,51.269
7873,51.272
7874,51.280
7875,51.293
7876,51.299
7877,51.310
7878,51.316
7879,51.326
7880,51.337
7881,51.338
7882,51.341
7883,51.344
7884,51.346
7885,51.349
7886,51.357
7887,51.368
7888,51.375
7889,51.376
7890,51.378
7891,51.382
7892,51.385
7893,51.387
7894,51.392
7895,51.402
7896,51.416
7897,51.419
7898,51.423
7899,51.431
7900,51.434
7901,51.436
7902,51.445
7903,51.456
7904,51.460
7905,51.467
7906,51.478
7907,51.487
7908,51.499
7909,51.503
7910,51.506
7911,51.519
7912,51.541
7913,51.552
7914,51.555
7915,51.568
7916,51.591
7917,51.617
7918,51.630
7919,51.634
7920,51.639
7921,51.643
7922,51.647
7923,51.651
7924,51.656
7925,51.660
7926,51.664
7927,51.668
7928,51.673
7929,51.677
7930,51.682
7931,51.686
7932,51.691
7933,51.704
7934,51.716
7935,51.730
7936,51.733
7937,51.737
7938,51.740
7939,51.753
7940,51.769
7941,51.779
7942,51.791
7943,51.811
7944,51.826
7945,51.833
7946,51.845
7947,51.857
7948,51.860
7949,51.867
7950,51.878
7951,51.887
7952,51.898
7953,51.902
7954,51.918
7955,51.932
7956,51.936
7957,51.949
7958,51.970
7959,51.981
7960,51.984
7961,51.997
7962,52.009
7963,52.013
7964,52.025
7965,52.028
7966,52.032
7967,52.035
7968,52.053
7969,52.073
7970,52.084
7971,52.097
7972,52.109
7973,52.112
7974,52.116
7975,52.119
7976,52.134
7977,52.155
7978,52.162
7979,52.180
7980,52.185
7981,52.191
7982,52.202
7983,52.219
7984,52.225
7985,52.232
7986,52.237
7987,52.257
7988,52.276
7989,52.283
7990,52.300
7991,52.305
7992,52.310
7993,52.327
7994,52.344
7995,52.362
7996,52.378
7997,52.398
7998,52.414
7999,52.431
8000,52.446
8001,52.464
8002,52.481
8003,52.498
8004,52.516
8005,52.536
8006,52.553
8007,52.565
8008,52.576
8009,52.589
8010,52.601
8011,52.613
8012,52.625
8013,52.639
8014,52.652
8015,52.664
8016,52.676
8017,52.689
8018,52.701
8019,52.713
8020,52.724
8021,52.737
8022,52.748
8023,52.760
8024,52.772
8025,52.783
8026,52.794
8027,52.806
8028,52.818
8029,52.829
8030,52.841
8031,52.853
8032,52.864
8033,52.875
8034,52.886
8035,52.898
8036,52.909
8037,52.921
8038,52.932
8039,52.947
8040,52.961
8041,52.965
8042,52.969
8043,52.973
8044,52.977
8045,52.981
8046,52.985
8047,52.989
8048,52.993
8049,52.997
8050,53.001
8051,53.005
8052,53.010
8053,53.014
8054,53.019
8055,53.031
8056,53.041
8057,53.054
8058,53.069
8059,53.078
8060,53.089
8061,53.103
8062,53.115
8063,53.127
8064,53.138
8065,53.151
8066,53.164
8067,53.177
8068,53.188
8069,53.205
8070,53.219
8071,53.225
8072,53.232
8073,53.244
8074,53.256
8075,53.268
8076,53.279
8077,53.282
8078,53.296
8079,53.308
8080,53.326
8081,53.342
8082,53.348
8083,53.354
8084,53.366
8085,53.377
8086,53.389
8087,53.401
8088,53.413
8089,53.425
8090,53.428
8091,53.440
8092,53.451
8093,53.463
8094,53.476
8095,53.489
8096,53.508
8097,53.519
8098,53.530
8099,53.547
8100,53.564
8101,53.582
8102,53.600
8103,53.618
8104,53.634
8105,53.651
8106,53.667
8107,53.697
8108,53.708
8109,53.719
8110,53.729
8111,53.740
8112,53.752
8113,53.762
8114,53.778
8115,53.793
8116,53.804
8117,53.819
8118,53.830
8119,53.845
8120,53.851
8121,53.875
8122,53.898
8123,53.902
8124,53.915
8125,53.938
8126,53.949
8127,53.953
8128,53.966
8129,53.970
8130,53.974
8131,53.978
8132,53.995
8133,54.007
8134,54.019
8135,54.030
8136,54.043
8137,54.054
8138,54.067
8139,54.078
8140,54.091
8141,54.103
8142,54.116
8143,54.127
8144,54.140
8145,54.151
8146,54.164
8147,54.175
8148,54.187
8149,54.198
8150,54.207
8151,54.210
8152,54.211
8153,54.213
8154,54.221
8155,54.233
8156,54.238
8157,54.247
8158,54.257
8159,54.260
8160,54.261
8161,54.263
8162,54.272
8163,54.283
8164,54.286
8165,54.294
8166,54.310
8167,54.322
8168,54.330
8169,54.341
8170,54.345
8171,54.348
8172,54.355
8173,54.365
8174,54.373
8175,54.383
8176,54.391
8177,54.402
8178,54.408
8179,54.418
8180,54.429
8181,54.432
8182,54.434
8183,54.436
8184,54.445
8185,54.457
8186,54.461
8187,54.469
8188,54.488
8189,54.501
8190,54.508
8191,54.524
8192,54.536
8193,54.539
8194,54.546
8195,54.555
8196,54.565
8197,54.568
8198,54.570
8199,54.577
8200,54.588
8201,54.594
8202,54.610
8203,54.612
8204,54.621
8205,54.623
8206,54.625
8207,54.626
8208,54.636
8209,54.638
8210,54.640
8211,54.647
8212,54.659
8213,54.671
8214,54.672
8215,54.685
8216,54.686
8217,54.689
8218,54.691
8219,54.693
8220,54.700
8221,54.711
8222,54.717
8223,54.727
8224,54.735
8225,54.736
8226,54.745
8227,54.747
8228,54.749
8229,54.750
8230,54.759
8231,54.761
8232,54.763
8233,54.770
8234,54.782
8235,54.794
8236,54.795
8237,54.811
8238,54.812
8239,54.814
8240,54.816
8241,54.818
8242,54.827
8243,54.829
8244,54.831
8245,54.839
8246,54.850
8247,54.857
8248,54.859
8249,54.863
8250,54.874
8251,54.892
8252,54.908
8253,54.910
8254,54.930
8255,54.931
8256,54.935
8257,54.938
8258,54.941
8259,54.944
8260,54.948
8261,54.954
8262,54.959
8263,54.964
8264,54.969
8265,54.982
8266,54.986
8267,54.988
8268,54.991
8269,55.005
8270,55.012
8271,55.026
8272,55.043
8273,55.060
8274,55.069
8275,55.075
8276,55.084
8277,55.092
8278,55.105
8279,55.114
8280,55.129
8281,55.142
8282,55.147
8283,55.151
8284,55.156
8285,55.169
8286,55.189
8287,55.191
8288,55.201
8289,55.216
8290,55.221
8291,55.228
8292,55.236
8293,55.247
8294,55.249
8295,55.253
8296,55.272
8297,55.294
8298,55.295
8299,55.298
8300,55.302
8301,55.307
8302,55.315
8303,55.318
8304,55.321
8305,55.325
8306,55.335
8307,55.350
8308,55.353
8309,55.356
8310,55.359
8311,55.366
8312,55.377
8313,55.383
8314,55.393
8315,55.401
8316,55.403
8317,55.406
8318,55.408
8319,55.412
8320,55.416
8321,55.423
8322,55.436
8323,55.439
8324,55.442
8325,55.447
8326,55.456
8327,55.460
8328,55.465
8329,55.468
8330,55.477
8331,55.489
8332,55.493
8333,55.496
8334,55.504
8335,55.507
8336,55.511
8337,55.518
8338,55.531
8339,55.535
8340,55.542
8341,55.553
8342,55.561
8343,55.573
8344,55.576
8345,55.591
8346,55.612
8347,55.624
8348,55.627
8349,55.641
8350,55.664
8351,55.692
8352,55.707
8353,55.712
8354,55.717
8355,55.722
8356,55.727
8357,55.732
8358,55.737
8359,55.741
8360,55.746
8361,55.751
8362,55.756
8363,55.761
8364,55.766
8365,55.771
8366,55.776
8367,55.790
8368,55.802
8369,55.817
8370,55.821
8371,55.824
8372,55.828
8373,55.843
8374,55.855
8375,55.870
8376,55.881
8377,55.903
8378,55.917
8379,55.925
8380,55.938
8381,55.950
8382,55.954
8383,55.962
8384,55.973
8385,55.981
8386,55.993
8387,56.010
8388,56.024
8389,56.029
8390,56.045
8391,56.070
8392,56.082
8393,56.086
8394,56.102
8395,56.115
8396,56.120
8397,56.136
8398,56.139
8399,56.143
8400,56.147
8401,56.167
8402,56.189
8403,56.206
8404,56.231
8405,56.249
8406,56.255
8407,56.262
8408,56.268
8409,56.294
8410,56.314
8411,56.321
8412,56.340
8413,56.346
8414,56.352
8415,56.363
8416,56.379
8417,56.385
8418,56.391
8419,56.396
8420,56.420
8421,56.441
8422,56.450
8423,56.468
8424,56.473
8425,56.479
8426,56.502
8427,56.518
8428,56.538
8429,56.554
8430,56.580
8431,56.599
8432,56.617
8433,56.629
8434,56.647
8435,56.659
8436,56.673
8437,56.684
8438,56.701
8439,56.714
8440,56.729
8441,56.742
8442,56.758
8443,56.771
8444,56.786
8445,56.798
8446,56.816
8447,56.828
8448,56.842
8449,56.852
8450,56.868
8451,56.880
8452,56.894
8453,56.905
8454,56.919
8455,56.931
8456,56.945
8457,56.955
8458,56.969
8459,56.980
8460,56.995
8461,57.006
8462,57.021
8463,57.032
8464,57.047
8465,57.058
8466,57.072
8467,57.083
8468,57.098
8469,57.109
8470,57.124
8471,57.136
8472,57.146
8473,57.150
8474,57.152
8475,57.154
8476,57.163
8477,57.176
8478,57.183
8479,57.193
8480,57.196
8481,57.199
8482,57.203
8483,57.207
8484,57.211
8485,57.214
8486,57.217
8487,57.221
8488,57.225
8489,57.229
8490,57.234
8491,57.237
8492,57.241
8493,57.246
8494,57.257
8495,57.260
8496,57.262
8497,57.265
8498,57.273
8499,57.276
8500,57.279
8501,57.282
8502,57.290
8503,57.293
8504,57.295
8505,57.305
8506,57.308
8507,57.311
8508,57.314
8509,57.317
8510,57.334
8511,57.337
8512,57.348
8513,57.351
8514,57.355
8515,57.360
8516,57.364
8517,57.367
8518,57.371
8519,57.375
8520,57.379
8521,57.390
8522,57.392
8523,57.395
8524,57.398
8525,57.408
8526,57.410
8527,57.413
8528,57.416
8529,57.419
8530,57.422
8531,57.438
8532,57.441
8533,57.458
8534,57.474
8535,57.478
8536,57.481
8537,57.484
8538,57.493
8539,57.495
8540,57.498
8541,57.504
8542,57.515
8543,57.524
8544,57.527
8545,57.534
8546,57.546
8547,57.555
8548,57.567
8549,57.569
8550,57.572
8551,57.577
8552,57.587
8553,57.602
8554,57.617
8555,57.620
8556,57.627
8557,57.632
8558,57.638
8559,57.645
8560,57.650
8561,57.660
8562,57.667
8563,57.681
8564,57.683
8565,57.690
8566,57.694
8567,57.700
8568,57.707
8569,57.712
8570,57.722
8571,57.729
8572,57.739
8573,57.771
8574,57.776
8575,57.780
8576,57.784
8577,57.803
8578,57.813
8579,57.820
8580,57.826
8581,57.835
8582,57.843
8583,57.862
8584,57.869
8585,57.888
8586,57.909
8587,57.927
8588,57.939
8589,57.947
8590,57.971
8591,57.994
8592,58.018
8593,58.035
8594,58.041
8595,58.045
8596,58.054
8597,58.056
8598,58.060
8599,58.068
8600,58.080
8601,58.089
8602,58.091
8603,58.094
8604,58.100
8605,58.111
8606,58.117
8607,58.128
8608,58.144
8609,58.147
8610,58.150
8611,58.152
8612,58.171
8613,58.184
8614,58.189
8615,58.194
8616,58.199
8617,58.207
8618,58.223
8619,58.227
8620,58.231
8621,58.240
8622,58.256
8623,58.268
8624,58.277
8625,58.290
8626,58.307
8627,58.333
8628,58.359
8629,58.363
8630,58.366
8631,58.369
8632,58.393
8633,58.412
8634,58.418
8635,58.424
8636,58.430
8637,58.436
8638,58.442
8639,58.448
8640,58.454
8641,58.460
8642,58.466
8643,58.472
8644,58.478
8645,58.485
8646,58.491
8647,58.497
8648,58.515
8649,58.543
8650,58.555
8651,58.576
8652,58.589
8653,58.607
8654,58.619
8655,58.639
8656,58.655
8657,58.672
8658,58.685
8659,58.704
8660,58.718
8661,58.736
8662,58.749
8663,58.759
8664,58.763
8665,58.768
8666,58.772
8667,58.777
8668,58.796
8669,58.810
8670,58.828
8671,58.853
8672,58.866
8673,58.889
8674,58.905
8675,58.911
8676,58.931
8677,58.953
8678,58.979
8679,58.997
8680,59.028
8681,59.051
8682,59.075
8683,59.093
8684,59.119
8685,59.138
8686,59.162
8687,59.179
8688,59.206
8689,59.228
8690,59.252
8691,59.270
8692,59.283
8693,59.300
8694,59.307
8695,59.320
8696,59.341
8697,59.358
8698,59.374
8699,59.394
8700,59.410
8701,59.416
8702,59.433
8703,59.462
8704,59.475
8705,59.480
8706,59.499
8707,59.511
8708,59.517
8709,59.536
8710,59.540
8711,59.545
8712,59.549
8713,59.575
8714,59.601
8715,59.614
8716,59.633
8717,59.645
8718,59.666
8719,59.681
8720,59.686
8721,59.704
8722,59.708
8723,59.713
8724,59.721
8725,59.733
8726,59.738
8727,59.743
8728,59.747
8729,59.756
8730,59.769
8731,59.790
8732,59.805
8733,59.810
8734,59.827
8735,59.832
8736,59.836
8737,59.845
8738,59.858
8739,59.863
8740,59.868
8741,59.873
8742,59.893
8743,59.907
8744,59.925
8745,59.939
8746,59.957
8747,59.970
8748,59.989
8749,60.003
8750,60.020
8751,60.033
8752,60.053
8753,60.067
8754,60.085
8755,60.098
8756,60.117
8757,60.131
8758,60.148
8759,60.160
8760,60.169
8761,60.172
8762,60.176
8763,60.178
8764,60.182
8765,60.186
8766,60.189
8767,60.195
8768,60.200
8769,60.210
8770,60.211
8771,60.215
8772,60.218
8773,60.226
8774,60.239
8775,60.242
8776,60.245
8777,60.249
8778,60.255
8779,60.266
8780,60.283
8781,60.287
8782,60.290
8783,60.293
8784,60.319
8785,60.347
8786,60.357
8787,60.367
8788,60.378
8789,60.388
8790,60.398
8791,60.408
8792,60.418
8793,60.427
8794,60.437
8795,60.447
8796,60.457
8797,60.466
8798,60.475
8799,60.485
8800,60.509
8801,60.544
8802,60.582
8803,60.620
8804,60.635
8805,60.662
8806,60.684
8807,60.711
8808,60.725
8809,60.745
8810,60.760
8811,60.777
8812,60.789
8813,60.811
8814,60.825
8815,60.842
8816,60.853
8817,60.876
8818,60.892
8819,60.899
8820,60.907
8821,60.924
8822,60.937
8823,60.953
8824,60.964
8825,60.969
8826,60.987
8827,60.999
8828,61.023
8829,61.040
8830,61.047
8831,61.055
8832,61.072
8833,61.084
8834,61.102
8835,61.114
8836,61.131
8837,61.143
8838,61.148
8839,61.165
8840,61.178
8841,61.194
8842,61.206
8843,61.229
8844,61.245
8845,61.253
8846,61.269
8847,61.281
8848,61.299
8849,61.314
8850,61.330
8851,61.342
8852,61.370
8853,61.378
8854,61.386
8855,61.394
8856,61.402
8857,61.410
8858,61.418
8859,61.436
8860,61.448
8861,61.456
8862,61.468
8863,61.476
8864,61.488
8865,61.492
8866,61.512
8867,61.526
8868,61.531
8869,61.548
8870,61.573
8871,61.584
8872,61.589
8873,61.604
8874,61.609
8875,61.616
8876,61.624
8877,61.653
8878,61.675
8879,61.700
8880,61.716
8881,61.740
8882,61.756
8883,61.781
8884,61.800
8885,61.823
8886,61.840
8887,61.865
8888,61.883
8889,61.905
8890,61.922
8891,61.945
8892,61.962
8893,61.993
8894,62.013
8895,62.024
8896,62.026
8897,62.029
8898,62.037
8899,62.040
8900,62.064
8901,62.081
8902,62.087
8903,62.094
8904,62.100
8905,62.107
8906,62.113
8907,62.118
8908,62.123
8909,62.129
8910,62.135
8911,62.140
8912,62.146
8913,62.151
8914,62.157
8915,62.163
8916,62.180
8917,62.192
8918,62.211
8919,62.224
8920,62.241
8921,62.252
8922,62.271
8923,62.284
8924,62.300
8925,62.311
8926,62.330
8927,62.343
8928,62.359
8929,62.370
8930,62.379
8931,62.390
8932,62.395
8933,62.399
8934,62.403
8935,62.421
8936,62.434
8937,62.450
8938,62.463
8939,62.467
8940,62.490
8941,62.519
8942,62.548
8943,62.560
8944,62.565
8945,62.569
8946,62.574
8947,62.583
8948,62.595
8949,62.613
8950,62.626
8951,62.630
8952,62.648
8953,62.661
8954,62.684
8955,62.715
8956,62.744
8957,62.757
8958,62.775
8959,62.787
8960,62.796
8961,62.808
8962,62.812
8963,62.816
8964,62.825
8965,62.837
8966,62.854
8967,62.867
8968,62.889
8969,62.917
8970,62.943
8971,62.962
8972,62.986
8973,63.003
8974,63.045
8975,63.058
8976,63.069
8977,63.082
8978,63.094
8979,63.118
8980,63.133
8981,63.146
8982,63.163
8983,63.175
8984,63.193
8985,63.221
8986,63.227
8987,63.236
8988,63.244
8989,63.267
8990,63.272
8991,63.279
8992,63.284
8993,63.313
8994,63.349
8995,63.352
8996,63.357
8997,63.361
8998,63.365
8999,63.384
9000,63.411
9001,63.425
9002,63.443
9003,63.454
9004,63.471
9005,63.482
9006,63.499
9007,63.512
9008,63.528
9009,63.539
9010,63.557
9011,63.570
9012,63.585
9013,63.597
9014,63.615
9015,63.627
9016,63.642
9017,63.653
9018,63.663
9019,63.675
9020,63.680
9021,63.685
9022,63.692
9023,63.695
9024,63.699
9025,63.708
9026,63.719
9027,63.724
9028,63.732
9029,63.743
9030,63.752
9031,63.764
9032,63.768
9033,63.785
9034,63.809
9035,63.820
9036,63.825
9037,63.846
9038,63.862
9039,63.867
9040,63.873
9041,63.878
9042,63.883
9043,63.889
9044,63.894
9045,63.899
9046,63.905
9047,63.910
9048,63.916
9049,63.922
9050,63.927
9051,63.933
9052,63.939
9053,63.957
9054,63.970
9055,63.987
9056,63.990
9057,63.995
9058,64.001
9059,64.017
9060,64.030
9061,64.047
9062,64.059
9063,64.082
9064,64.096
9065,64.103
9066,64.119
9067,64.130
9068,64.135
9069,64.143
9070,64.154
9071,64.162
9072,64.172
9073,64.193
9074,64.206
9075,64.210
9076,64.233
9077,64.251
9078,64.259
9079,64.286
9080,64.291
9081,64.299
9082,64.307
9083,64.340
9084,64.376
9085,64.392
9086,64.418
9087,64.435
9088,64.442
9089,64.448
9090,64.455
9091,64.483
9092,64.504
9093,64.511
9094,64.533
9095,64.538
9096,64.544
9097,64.556
9098,64.574
9099,64.582
9100,64.589
9101,64.598
9102,64.620
9103,64.634
9104,64.640
9105,64.657
9106,64.660
9107,64.664
9108,64.686
9109,64.701
9110,64.719
9111,64.731
9112,64.751
9113,64.765
9114,64.783
9115,64.795
9116,64.814
9117,64.827
9118,64.844
9119,64.856
9120,64.874
9121,64.886
9122,64.903
9123,64.914
9124,64.932
9125,64.947
9126,64.964
9127,64.976
9128,64.994
9129,65.007
9130,65.024
9131,65.036
9132,65.057
9133,65.073
9134,65.096
9135,65.112
9136,65.135
9137,65.151
9138,65.171
9139,65.184
9140,65.203
9141,65.216
9142,65.236
9143,65.250
9144,65.269
9145,65.282
9146,65.300
9147,65.314
9148,65.332
9149,65.345
9150,65.365
9151,65.380
9152,65.397
9153,65.410
9154,65.421
9155,65.425
9156,65.428
9157,65.431
9158,65.441
9159,65.456
9160,65.462
9161,65.473
9162,65.484
9163,65.488
9164,65.491
9165,65.494
9166,65.503
9167,65.516
9168,65.521
9169,65.530
9170,65.547
9171,65.562
9172,65.571
9173,65.584
9174,65.588
9175,65.594
9176,65.601
9177,65.614
9178,65.628
9179,65.645
9180,65.659
9181,65.678
9182,65.689
9183,65.705
9184,65.721
9185,65.728
9186,65.731
9187,65.736
9188,65.751
9189,65.770
9190,65.778
9191,65.790
9192,65.814
9193,65.834
9194,65.845
9195,65.870
9196,65.886
9197,65.895
9198,65.903
9199,65.918
9200,65.925
9201,65.932
9202,65.937
9203,65.945
9204,65.956
9205,65.972
9206,65.980
9207,65.989
9208,65.997
9209,66.006
9210,66.020
9211,66.023
9212,66.026
9213,66.034
9214,66.047
9215,66.056
9216,66.059
9217,66.061
9218,66.070
9219,66.072
9220,66.081
9221,66.084
9222,66.095
9223,66.098
9224,66.102
9225,66.106
9226,66.114
9227,66.118
9228,66.120
9229,66.128
9230,66.140
9231,66.158
9232,66.160
9233,66.179
9234,66.181
9235,66.184
9236,66.187
9237,66.189
9238,66.200
9239,66.203
9240,66.207
9241,66.210
9242,66.213
9243,66.220
9244,66.232
9245,66.240
9246,66.243
9247,66.246
9248,66.253
9249,66.269
9250,66.272
9251,66.275
9252,66.284
9253,66.286
9254,66.293
9255,66.305
9256,66.312
9257,66.324
9258,66.331
9259,66.345
9260,66.355
9261,66.358
9262,66.367
9263,66.370
9264,66.372
9265,66.379
9266,66.395
9267,66.398
9268,66.400
9269,66.410
9270,66.413
9271,66.416
9272,66.419
9273,66.422
9274,66.431
9275,66.434
9276,66.437
9277,66.444
9278,66.456
9279,66.463
9280,66.495
9281,66.495
9282,66.495
9283,66.495
9284,66.495
9285,66.499
9286,66.511
9287,66.520
9288,66.522
9289,66.532
9290,66.534
9291,66.543
9292,66.546
9293,66.550
9294,66.552
9295,66.562
9296,66.565
9297,66.569
9298,66.577
9299,66.588
9300,66.606
9301,66.609
9302,66.629
9303,66.631
9304,66.634
9305,66.637
9306,66.640
9307,66.652
9308,66.655
9309,66.659
9310,66.662
9311,66.665
9312,66.673
9313,66.686
9314,66.695
9315,66.697
9316,66.707
9317,66.711
9318,66.713
9319,66.723
9320,66.725
9321,66.736
9322,66.739
9323,66.742
9324,66.750
9325,66.763
9326,66.773
9327,66.776
9328,66.780
9329,66.787
9330,66.800
9331,66.820
9332,66.822
9333,66.841
9334,66.844
9335,66.847
9336,66.850
9337,66.853
9338,66.855
9339,66.858
9340,66.868
9341,66.871
9342,66.874
9343,66.882
9344,66.896
9345,66.904
9346,66.906
9347,66.909
9348,66.912
9349,66.916
9350,66.921
9351,66.926
9352,66.931
9353,66.935
9354,66.939
9355,66.944
9356,66.948
9357,66.964
9358,66.973
9359,67.003
9360,67.008
9361,67.022
9362,67.041
9363,67.050
9364,67.059
9365,67.071
9366,67.083
9367,67.086
9368,67.090
9369,67.129
9370,67.156
9371,67.158
9372,67.163
9373,67.172
9374,67.182
9375,67.190
9376,67.197
9377,67.207
9378,67.231
9379,67.238
9380,67.262
9381,67.269
9382,67.276
9383,67.285
9384,67.292
9385,67.302
9386,67.308
9387,67.318
9388,67.325
9389,67.335
9390,67.364
9391,67.372
9392,67.390
9393,67.395
9394,67.401
9395,67.406
9396,67.412
9397,67.431
9398,67.452
9399,67.473
9400,67.479
9401,67.488
9402,67.490
9403,67.493
9404,67.498
9405,67.503
9406,67.507
9407,67.512
9408,67.523
9409,67.537
9410,67.540
9411,67.543
9412,67.546
9413,67.554
9414,67.564
9415,67.572
9416,67.583
9417,67.592
9418,67.607
9419,67.610
9420,67.614
9421,67.619
9422,67.625
9423,67.629
9424,67.632
9425,67.638
9426,67.641
9427,67.650
9428,67.652
9429,67.656
9430,67.658
9431,67.666
9432,67.677
9433,67.687
9434,67.689
9435,67.692
9436,67.695
9437,67.702
9438,67.705
9439,67.707
9440,67.713
9441,67.718
9442,67.723
9443,67.728
9444,67.733
9445,67.750
9446,67.756
9447,67.782
9448,67.808
9449,67.827
9450,67.834
9451,67.839
9452,67.844
9453,67.850
9454,67.855
9455,67.861
9456,67.868
9457,67.874
9458,67.880
9459,67.888
9460,67.899
9461,67.902
9462,67.906
9463,67.909
9464,67.912
9465,67.915
9466,67.922
9467,67.933
9468,67.941
9469,67.946
9470,67.955
9471,67.958
9472,67.961
9473,67.971
9474,67.975
9475,67.978
9476,67.981
9477,67.991
9478,67.997
9479,68.002
9480,68.007
9481,68.015
9482,68.027
9483,68.047
9484,68.052
9485,68.073
9486,68.076
9487,68.080
9488,68.082
9489,68.092
9490,68.096
9491,68.102
9492,68.108
9493,68.116
9494,68.123
9495,68.135
9496,68.144
9497,68.146
9498,68.149
9499,68.152
9500,68.160
9501,68.171
9502,68.179
9503,68.181
9504,68.184
9505,68.192
9506,68.202
9507,68.209
9508,68.219
9509,68.228
9510,68.241
9511,68.246
9512,68.252
9513,68.258
9514,68.263
9515,68.272
9516,68.295
9517,68.301
9518,68.306
9519,68.311
9520,68.337
9521,68.345
9522,68.353
9523,68.392
9524,68.405
9525,68.416
9526,68.449
9527,68.463
9528,68.486
9529,68.492
9530,68.500
9531,68.508
9532,68.519
9533,68.535
9534,68.545
9535,68.554
9536,68.563
9537,68.574
9538,68.583
9539,68.593
9540,68.602
9541,68.612
9542,68.618
9543,68.626
9544,68.636
9545,68.671
9546,68.695
9547,68.702
9548,68.722
9549,68.731
9550,68.756
9551,68.765
9552,68.774
9553,68.783
9554,68.792
9555,68.812
9556,68.817
9557,68.822
9558,68.828
9559,68.848
9560,68.855
9561,68.860
9562,68.929
9563,68.940
9564,68.949
9565,68.959
9566,68.967
9567,68.975
9568,68.983
9569,68.992
9570,69.001
9571,69.062
9572,69.115
9573,69.137
9574,69.149
9575,69.159
9576,69.183
9577,69.207
9578,69.218
9579,69.228
9580,69.240
9581,69.245
9582,69.271
9583,69.282
9584,69.306
9585,69.311
9586,69.315
9587,69.318
9588,69.329
9589,69.345
9590,69.350
9591,69.355
9592,69.361
9593,69.367
9594,69.372
9595,69.377
9596,69.387
9597,69.406
9598,69.441
9599,69.488
9600,69.526
9601,69.543
9602,69.551
9603,69.557
9604,69.595
9605,69.606
9606,69.642
9607,69.666
9608,69.688
9609,69.701
9610,69.720
9611,69.747
9612,69.753
9613,69.765
9614,69.772
9615,69.812
9616,69.840
9617,69.850
9618,69.861
9619,69.872
9620,69.883
9621,69.893
9622,69.903
9623,69.914
9624,69.924
9625,69.935
9626,69.946
9627,69.957
9628,69.968
9629,69.979
9630,69.990
9631,70.019
9632,70.039
9633,70.072
9634,70.096
9635,70.126
9636,70.140
9637,70.165
9638,70.181
9639,70.204
9640,70.220
9641,70.246
9642,70.260
9643,70.282
9644,70.296
9645,70.306
9646,70.311
9647,70.316
9648,70.322
9649,70.328
9650,70.350
9651,70.365
9652,70.387
9653,70.402
9654,70.430
9655,70.446
9656,70.467
9657,70.481
9658,70.487
9659,70.509
9660,70.524
9661,70.546
9662,70.559
9663,70.582
9664,70.597
9665,70.619
9666,70.633
9667,70.657
9668,70.672
9669,70.694
9670,70.708
9671,70.733
9672,70.749
9673,70.771
9674,70.785
9675,70.797
9676,70.812
9677,70.819
9678,70.828
9679,70.843
9680,70.854
9681,70.871
9682,70.879
9683,70.885
9684,70.892
9685,70.917
9686,70.923
9687,70.930
9688,70.935
9689,70.966
9690,70.985
9691,71.016
9692,71.049
9693,71.063
9694,71.085
9695,71.090
9696,71.095
9697,71.105
9698,71.119
9699,71.124
9700,71.129
9701,71.138
9702,71.147
9703,71.157
9704,71.172
9705,71.179
9706,71.188
9707,71.207
9708,71.230
9709,71.239
9710,71.247
9711,71.256
9712,71.265
9713,71.295
9714,71.315
9715,71.344
9716,71.363
9717,71.394
9718,71.414
9719,71.445
9720,71.466
9721,71.494
9722,71.516
9723,71.552
9724,71.567
9725,71.590
9726,71.604
9727,71.627
9728,71.644
9729,71.668
9730,71.681
9731,71.708
9732,71.725
9733,71.733
9734,71.740
9735,71.747
9736,71.755
9737,71.762
9738,71.769
9739,71.776
9740,71.783
9741,71.790
9742,71.797
9743,71.804
9744,71.811
9745,71.818
9746,71.825
9747,71.848
9748,71.862
9749,71.886
9750,71.902
9751,71.925
9752,71.941
9753,71.968
9754,71.982
9755,72.005
9756,72.018
9757,72.045
9758,72.062
9759,72.087
9760,72.102
9761,72.113
9762,72.118
9763,72.124
9764,72.130
9765,72.135
9766,72.160
9767,72.175
9768,72.197
9769,72.212
9770,72.242
9771,72.260
9772,72.281
9773,72.295
9774,72.301
9775,72.311
9776,72.325
9777,72.330
9778,72.336
9779,72.345
9780,72.359
9781,72.382
9782,72.396
9783,72.418
9784,72.431
9785,72.455
9786,72.468
9787,72.491
9788,72.506
9789,72.530
9790,72.544
9791,72.577
9792,72.598
9793,72.634
9794,72.655
9795,72.686
9796,72.706
9797,72.738
9798,72.759
9799,72.800
9800,72.844
9801,72.863
9802,72.872
9803,72.908
9804,72.932
9805,72.969
9806,72.991
9807,73.018
9808,73.033
9809,73.040
9810,73.046
9811,73.052
9812,73.062
9813,73.077
9814,73.083
9815,73.090
9816,73.096
9817,73.102
9818,73.127
9819,73.142
9820,73.165
9821,73.180
9822,73.204
9823,73.218
9824,73.242
9825,73.255
9826,73.265
9827,73.279
9828,73.284
9829,73.289
9830,73.295
9831,73.316
9832,73.321
9833,73.327
9834,73.332
9835,73.355
9836,73.368
9837,73.375
9838,73.402
9839,73.419
9840,73.442
9841,73.456
9842,73.479
9843,73.484
9844,73.490
9845,73.495
9846,73.520
9847,73.534
9848,73.558
9849,73.574
9850,73.580
9851,73.586
9852,73.592
9853,73.598
9854,73.608
9855,73.613
9856,73.619
9857,73.630
9858,73.635
9859,73.641
9860,73.646
9861,73.673
9862,73.692
9863,73.700
9864,73.724
9865,73.739
9866,73.745
9867,73.751
9868,73.756
9869,73.782
9870,73.800
9871,73.806
9872,73.830
9873,73.845
9874,73.868
9875,73.881
9876,73.905
9877,73.920
9878,73.944
9879,73.960
9880,73.980
9881,73.997
9882,74.035
9883,74.060
9884,74.093
9885,74.116
9886,74.149
9887,74.170
9888,74.200
9889,74.219
9890,74.263
9891,74.292
9892,74.302
9893,74.313
9894,74.323
9895,74.334
9896,74.345
9897,74.356
9898,74.368
9899,74.379
9900,74.393
9901,74.407
9902,74.421
9903,74.431
9904,74.439
9905,74.447
9906,74.472
9907,74.487
9908,74.513
9909,74.532
9910,74.556
9911,74.569
9912,74.593
9913,74.609
9914,74.632
9915,74.646
9916,74.670
9917,74.686
9918,74.707
9919,74.721
9920,74.732
9921,74.737
9922,74.743
9923,74.748
9924,74.753
9925,74.777
9926,74.793
9927,74.817
9928,74.833
9929,74.865
9930,74.882
9931,74.903
9932,74.918
9933,74.924
9934,74.934
9935,74.947
9936,74.953
9937,74.958
9938,74.963
9939,74.974
9940,74.990
9941,75.015
9942,75.032
9943,75.056
9944,75.072
9945,75.083
9946,75.089
9947,75.094
9948,75.100
9949,75.126
9950,75.142
9951,75.172
9952,75.204
9953,75.219
9954,75.242
9955,75.256
9956,75.266
9957,75.280
9958,75.286
9959,75.296
9960,75.309
9961,75.319
9962,75.332
9963,75.338
9964,75.360
9965,75.375
9966,75.381
9967,75.404
9968,75.434
9969,75.447
9970,75.452
9971,75.460
9972,75.469
9973,75.503
9974,75.526
9975,75.568
9976,75.614
9977,75.636
9978,75.666
9979,75.685
9980,75.701
9981,75.720
9982,75.732
9983,75.745
9984,75.764
9985,75.782
9986,75.801
9987,75.816
9988,75.833
9989,75.843
9990,75.884
9991,75.903
9992,75.909
9993,75.933
9994,75.966
9995,75.981
9996,75.988
9997,76.011
9998,76.026
9999,76.031
10000,76.036
10001,76.042
10002,76.067
10003,76.072
10004,76.077
10005,76.084
10006,76.088
10007,76.112
10008,76.117
10009,76.122
10010,76.128
10011,76.164
10012,76.185
10013,76.195
10014,76.205
10015,76.214
10016,76.223
10017,76.246
10018,76.251
10019,76.257
10020,76.267
10021,76.273
10022,76.278
10023,76.284
10024,76.318
10025,76.339
10026,76.348
10027,76.358
10028,76.368
10029,76.394
10030,76.410
10031,76.433
10032,76.448
10033,76.471
10034,76.486
10035,76.510
10036,76.526
10037,76.548
10038,76.562
10039,76.586
10040,76.603
10041,76.626
10042,76.641
10043,76.666
10044,76.681
10045,76.703
10046,76.717
10047,76.746
10048,76.764
10049,76.771
10050,76.778
10051,76.785
10052,76.792
10053,76.799
10054,76.806
10055,76.813
10056,76.820
10057,76.827
10058,76.834
10059,76.841
10060,76.847
10061,76.853
10062,76.865
10063,76.895
10064,76.924
10065,76.977
10066,77.001
10067,77.034
10068,77.052
10069,77.084
10070,77.136
10071,77.181
10072,77.201
10073,77.209
10074,77.241
10075,77.262
10076,77.272
10077,77.305
10078,77.321
10079,77.345
10080,77.361
10081,77.367
10082,77.388
10083,77.403
10084,77.427
10085,77.442
10086,77.447
10087,77.468
10088,77.481
10089,77.490
10090,77.503
10091,77.508
10092,77.514
10093,77.518
10094,77.524
10095,77.544
10096,77.558
10097,77.579
10098,77.607
10099,77.611
10100,77.616
10101,77.621
10102,77.630
10103,77.642
10104,77.647
10105,77.652
10106,77.657
10107,77.662
10108,77.670
10109,77.683
10110,77.705
10111,77.719
10112,77.740
10113,77.744
10114,77.749
10115,77.754
10116,77.776
10117,77.790
10118,77.812
10119,77.826
10120,77.832
10121,77.853
10122,77.866
10123,77.876
10124,77.890
10125,77.896
10126,77.906
10127,77.919
10128,77.943
10129,77.958
10130,77.979
10131,77.993
10132,77.998
10133,78.003
10134,78.008
10135,78.014
10136,78.023
10137,78.037
10138,78.044
10139,78.049
10140,78.055
10141,78.061
10142,78.086
10143,78.101
10144,78.107
10145,78.128
10146,78.142
10147,78.153
10148,78.167
10149,78.172
10150,78.182
10151,78.195
10152,78.205
10153,78.218
10154,78.222
10155,78.226
10156,78.238
10157,78.269
10158,78.276
10159,78.287
10160,78.294
10161,78.333
10162,78.351
10163,78.361
10164,78.375
10165,78.396
10166,78.404
10167,78.412
10168,78.420
10169,78.454
10170,78.478
10171,78.487
10172,78.518
10173,78.536
10174,78.543
10175,78.558
10176,78.576
10177,78.586
10178,78.596
10179,78.605
10180,78.637
10181,78.654
10182,78.660
10183,78.683
10184,78.697
10185,78.704
10186,78.716
10187,78.731
10188,78.737
10189,78.747
10190,78.751
10191,78.756
10192,78.761
10193,78.771
10194,78.776
10195,78.781
10196,78.786
10197,78.797
10198,78.812
10199,78.817
10200,78.823
10201,78.828
10202,78.833
10203,78.843
10204,78.848
10205,78.853
10206,78.858
10207,78.868
10208,78.872
10209,78.877
10210,78.881
10211,78.906
10212,78.921
10213,78.927
10214,78.948
10215,78.961
10216,78.967
10217,78.972
10218,78.977
10219,79.001
10220,79.017
10221,79.023
10222,79.045
10223,79.059
10224,79.064
10225,79.085
10226,79.098
10227,79.121
10228,79.135
10229,79.141
10230,79.164
10231,79.179
10232,79.184
10233,79.189
10234,79.194
10235,79.204
10236,79.217
10237,79.239
10238,79.254
10239,79.277
10240,79.292
10241,79.298
10242,79.319
10243,79.332
10244,79.354
10245,79.368
10246,79.374
10247,79.394
10248,79.407
10249,79.433
10250,79.451
10251,79.458
10252,79.464
10253,79.471
10254,79.478
10255,79.485
10256,79.491
10257,79.498
10258,79.504
10259,79.510
10260,79.515
10261,79.527
10262,79.539
10263,79.550
10264,79.562
10265,79.604
10266,79.645
10267,79.671
10268,79.678
10269,79.709
10270,79.729
10271,79.737
10272,79.768
10273,79.786
10274,79.795
10275,79.808
10276,79.825
10277,79.840
10278,79.857
10279,79.865
10280,79.913
10281,79.939
10282,79.947
10283,79.956
10284,79.980
10285,79.995
10286,80.001
10287,80.008
10288,80.032
10289,80.045
10290,80.051
10291,80.073
10292,80.088
10293,80.093
10294,80.118
10295,80.136
10296,80.143
10297,80.165
10298,80.179
10299,80.184
10300,80.190
10301,80.195
10302,80.216
10303,80.229
10304,80.235
10305,80.244
10306,80.256
10307,80.265
10308,80.278
10309,80.283
10310,80.312
10311,80.329
10312,80.337
10313,80.345
10314,80.369
10315,80.384
10316,80.390
10317,80.396
10318,80.417
10319,80.431
10320,80.436
10321,80.459
10322,80.474
10323,80.479
10324,80.505
10325,80.521
10326,80.529
10327,80.551
10328,80.567
10329,80.573
10330,80.579
10331,80.584
10332,80.605
10333,80.619
10334,80.625
10335,80.634
10336,80.648
10337,80.658
10338,80.671
10339,80.676
10340,80.705
10341,80.722
10342,80.730
10343,80.739
10344,80.764
10345,80.782
10346,80.803
10347,80.817
10348,80.822
10349,80.827
10350,80.831
10351,80.859
10352,80.881
10353,80.890
10354,80.898
10355,80.930
10356,80.950
10357,80.958
10358,80.967
10359,80.995
10360,81.013
10361,81.027
10362,81.046
10363,81.055
10364,81.069
10365,81.086
10366,81.101
10367,81.120
10368,81.127
10369,81.157
10370,81.177
10371,81.210
10372,81.231
10373,81.240
10374,81.264
10375,81.277
10376,81.282
10377,81.311
10378,81.329
10379,81.339
10380,81.347
10381,81.372
10382,81.390
10383,81.413
10384,81.427
10385,81.432
10386,81.438
10387,81.443
10388,81.464
10389,81.478
10390,81.483
10391,81.488
10392,81.508
10393,81.520
10394,81.529
10395,81.542
10396,81.547
10397,81.555
10398,81.567
10399,81.576
10400,81.589
10401,81.594
10402,81.614
10403,81.629
10404,81.650
10405,81.663
10406,81.668
10407,81.690
10408,81.702
10409,81.708
10410,81.717
10411,81.731
10412,81.736
10413,81.759
10414,81.774
10415,81.780
10416,81.802
10417,81.816
10418,81.821
10419,81.850
10420,81.867
10421,81.875
10422,81.884
10423,81.893
10424,81.916
10425,81.930
10426,81.935
10427,81.941
10428,81.963
10429,81.978
10430,81.984
10431,82.010
10432,82.027
10433,82.056
10434,82.074
10435,82.081
10436,82.091
10437,82.101
10438,82.124
10439,82.139
10440,82.144
10441,82.154
10442,82.163
10443,82.200
10444,82.225
10445,82.235
10446,82.246
10447,82.276
10448,82.296
10449,82.311
10450,82.330
10451,82.340
10452,82.354
10453,82.372
10454,82.389
10455,82.410
10456,82.419
10457,82.448
10458,82.469
10459,82.500
10460,82.519
10461,82.529
10462,82.573
10463,82.592
10464,82.616
10465,82.629
10466,82.635
10467,82.662
10468,82.680
10469,82.686
10470,82.708
10471,82.722
10472,82.727
10473,82.757
10474,82.776
10475,82.785
10476,82.793
10477,82.802
10478,82.823
10479,82.837
10480,82.842
10481,82.847
10482,82.871
10483,82.888
10484,82.894
10485,82.920
10486,82.938
10487,82.970
10488,82.988
10489,82.996
10490,83.005
10491,83.013
10492,83.042
10493,83.061
10494,83.069
10495,83.077
10496,83.086
10497,83.109
10498,83.123
10499,83.128
10500,83.134
10501,83.158
10502,83.172
10503,83.179
10504,83.189
10505,83.203
10506,83.213
10507,83.227
10508,83.232
10509,83.263
10510,83.283
10511,83.292
10512,83.301
10513,83.329
10514,83.347
10515,83.377
10516,83.395
10517,83.403
10518,83.412
10519,83.420
10520,83.443
10521,83.457
10522,83.463
10523,83.468
10524,83.489
10525,83.502
10526,83.527
10527,83.549
10528,83.559
10529,83.568
10530,83.599
10531,83.619
10532,83.631
10533,83.645
10534,83.658
10535,83.676
10536,83.692
10537,83.716
10538,83.725
10539,83.734
10540,83.749
10541,83.801
10542,83.844
10543,83.884
10544,83.903
10545,83.913
10546,83.923
10547,83.961
10548,83.969
10549,83.997
10550,84.014
10551,84.039
10552,84.055
10553,84.077
10554,84.097
10555,84.111
10556,84.118
10557,84.129
10558,84.144
10559,84.156
10560,84.172
10561,84.177
10562,84.183
10563,84.189
10564,84.194
10565,84.199
10566,84.204
10567,84.210
10568,84.215
10569,84.225
10570,84.240
10571,84.249
10572,84.263
10573,84.273
10574,84.287
10575,84.296
10576,84.311
10577,84.337
10578,84.355
10579,84.362
10580,84.369
10581,84.376
10582,84.383
10583,84.390
10584,84.397
10585,84.404
10586,84.411
10587,84.419
10588,84.427
10589,84.434
10590,84.442
10591,84.449
10592,84.457
10593,84.481
10594,84.497
10595,84.523
10596,84.538
10597,84.562
10598,84.577
10599,84.603
10600,84.620
10601,84.644
10602,84.659
10603,84.682
10604,84.698
10605,84.721
10606,84.736
10607,84.745
10608,84.751
10609,84.756
10610,84.762
10611,84.767
10612,84.790
10613,84.804
10614,84.827
10615,84.842
10616,84.870
10617,84.887
10618,84.918
10619,84.941
10620,84.950
10621,84.984
10622,85.007
10623,85.036
10624,85.058
10625,85.090
10626,85.111
10627,85.143
10628,85.164
10629,85.196
10630,85.218
10631,85.248
10632,85.268
10633,85.305
10634,85.332
10635,85.354
10636,85.370
10637,85.381
10638,85.397
10639,85.403
10640,85.414
10641,85.431
10642,85.442
10643,85.457
10644,85.462
10645,85.468
10646,85.473
10647,85.496
10648,85.502
10649,85.507
10650,85.512
10651,85.539
10652,85.557
10653,85.587
10654,85.621
10655,85.637
10656,85.661
10657,85.667
10658,85.672
10659,85.683
10660,85.700
10661,85.706
10662,85.712
10663,85.717
10664,85.722
10665,85.728
10666,85.739
10667,85.744
10668,85.750
10669,85.761
10670,85.776
10671,85.783
10672,85.788
10673,85.794
10674,85.800
10675,85.823
10676,85.838
10677,85.861
10678,85.876
10679,85.899
10680,85.914
10681,85.937
10682,85.953
10683,85.976
10684,85.993
10685,86.017
10686,86.032
10687,86.055
10688,86.073
10689,86.098
10690,86.115
10691,86.141
10692,86.157
10693,86.186
10694,86.204
10695,86.212
10696,86.219
10697,86.226
10698,86.232
10699,86.239
10700,86.246
10701,86.253
10702,86.260
10703,86.267
10704,86.274
10705,86.280
10706,86.287
10707,86.299
10708,86.311
10709,86.345
10710,86.369
10711,86.406
10712,86.428
10713,86.459
10714,86.480
10715,86.514
10716,86.536
10717,86.570
10718,86.593
10719,86.627
10720,86.648
10721,86.679
10722,86.705
10723,86.722
10724,86.732
10725,86.740
10726,86.746
10727,86.752
10728,86.777
10729,86.794
10730,86.819
10731,86.837
10732,86.868
10733,86.886
10734,86.907
10735,86.923
10736,86.929
10737,86.939
10738,86.956
10739,86.961
10740,86.967
10741,86.976
10742,86.992
10743,87.015
10744,87.030
10745,87.054
10746,87.070
10747,87.095
10748,87.109
10749,87.133
10750,87.148
10751,87.173
10752,87.189
10753,87.213
10754,87.228
10755,87.252
10756,87.268
10757,87.292
10758,87.308
10759,87.332
10760,87.348
10761,87.379
10762,87.412
10763,87.428
10764,87.434
10765,87.463
10766,87.482
10767,87.510
10768,87.525
10769,87.548
10770,87.564
10771,87.570
10772,87.575
10773,87.581
10774,87.591
10775,87.607
10776,87.612
10777,87.618
10778,87.623
10779,87.628
10780,87.654
10781,87.670
10782,87.693
10783,87.708
10784,87.731
10785,87.746
10786,87.770
10787,87.793
10788,87.809
10789,87.832
10790,87.842
10791,87.851
10792,87.861
10793,87.893
10794,87.901
10795,87.910
10796,87.919
10797,87.949
10798,87.972
10799,87.981
10800,88.019
10801,88.044
10802,88.077
10803,88.098
10804,88.129
10805,88.140
10806,88.150
10807,88.161
10808,88.194
10809,88.209
10810,88.235
10811,88.251
10812,88.258
10813,88.265
10814,88.272
10815,88.279
10816,88.290
10817,88.296
10818,88.301
10819,88.311
10820,88.317
10821,88.322
10822,88.327
10823,88.354
10824,88.373
10825,88.380
10826,88.404
10827,88.421
10828,88.428
10829,88.434
10830,88.440
10831,88.466
10832,88.484
10833,88.490
10834,88.515
10835,88.530
10836,88.552
10837,88.567
10838,88.590
10839,88.604
10840,88.629
10841,88.644
10842,88.667
10843,88.682
10844,88.707
10845,88.723
10846,88.748
10847,88.764
10848,88.792
10849,88.807
10850,88.833
10851,88.848
10852,88.878
10853,88.898
10854,88.905
10855,88.913
10856,88.921
10857,88.928
10858,88.936
10859,88.943
10860,88.951
10861,88.958
10862,88.966
10863,88.973
10864,88.981
10865,88.989
10866,88.996
10867,89.004
10868,89.027
10869,89.042
10870,89.068
10871,89.084
10872,89.107
10873,89.122
10874,89.146
10875,89.161
10876,89.189
10877,89.211
10878,89.246
10879,89.273
10880,89.306
10881,89.329
10882,89.345
10883,89.354
10884,89.362
10885,89.370
10886,89.379
10887,89.410
10888,89.432
10889,89.464
10890,89.485
10891,89.525
10892,89.550
10893,89.584
10894,89.609
10895,89.615
10896,89.626
10897,89.642
10898,89.649
10899,89.655
10900,89.660
10901,89.671
10902,89.688
10903,89.713
10904,89.729
10905,89.752
10906,89.758
10907,89.763
10908,89.769
10909,89.792
10910,89.808
10911,89.837
10912,89.872
10913,89.888
10914,89.909
10915,89.924
10916,89.934
10917,89.948
10918,89.954
10919,89.963
10920,89.977
10921,89.987
10922,90.002
10923,90.007
10924,90.029
10925,90.044
10926,90.050
10927,90.072
10928,90.105
10929,90.120
10930,90.126
10931,90.132
10932,90.138
10933,90.162
10934,90.177
10935,90.208
10936,90.243
10937,90.260
10938,90.283
10939,90.299
10940,90.311
10941,90.327
10942,90.334
10943,90.344
10944,90.360
10945,90.370
10946,90.386
10947,90.397
10948,90.412
10949,90.418
10950,90.445
10951,90.463
10952,90.469
10953,90.494
10954,90.508
10955,90.532
10956,90.547
10957,90.553
10958,90.558
10959,90.563
10960,90.586
10961,90.591
10962,90.596
10963,90.605
10964,90.614
10965,90.650
10966,90.659
10967,90.669
10968,90.678
10969,90.726
10970,90.757
10971,90.771
10972,90.786
10973,90.801
10974,90.816
10975,90.849
10976,90.858
10977,90.867
10978,90.881
10979,90.889
10980,90.898
10981,90.906
10982,90.956
10983,90.992
10984,91.006
10985,91.018
10986,91.029
10987,91.056
10988,91.072
10989,91.097
10990,91.114
10991,91.137
10992,91.152
10993,91.177
10994,91.193
10995,91.215
10996,91.231
10997,91.253
10998,91.268
10999,91.291
11000,91.306
11001,91.329
11002,91.344
11003,91.366
11004,91.380
11005,91.407
11006,91.426
11007,91.433
11008,91.440
11009,91.447
11010,91.455
11011,91.462
11012,91.469
11013,91.476
11014,91.483
11015,91.491
11016,91.498
11017,91.505
11018,91.512
11019,91.520
11020,91.527
11021,91.549
11022,91.570
11023,91.608
11024,91.625
11025,91.650
11026,91.666
11027,91.689
11028,91.726
11029,91.760
11030,91.775
11031,91.781
11032,91.804
11033,91.819
11034,91.825
11035,91.831
11036,91.837
11037,91.846
11038,91.862
11039,91.886
11040,91.902
11041,91.926
11042,91.943
11043,91.950
11044,91.972
11045,91.987
11046,92.019
11047,92.043
11048,92.053
11049,92.087
11050,92.110
11051,92.124
11052,92.146
11053,92.155
11054,92.164
11055,92.172
11056,92.181
11057,92.212
11058,92.234
11059,92.267
11060,92.310
11061,92.319
11062,92.328
11063,92.336
11064,92.350
11065,92.373
11066,92.384
11067,92.394
11068,92.405
11069,92.415
11070,92.424
11071,92.440
11072,92.464
11073,92.479
11074,92.503
11075,92.510
11076,92.517
11077,92.523
11078,92.546
11079,92.560
11080,92.584
11081,92.599
11082,92.605
11083,92.627
11084,92.642
11085,92.652
11086,92.667
11087,92.673
11088,92.683
11089,92.697
11090,92.719
11091,92.734
11092,92.756
11093,92.770
11094,92.776
11095,92.781
11096,92.786
11097,92.791
11098,92.801
11099,92.816
11100,92.821
11101,92.827
11102,92.832
11103,92.838
11104,92.862
11105,92.878
11106,92.884
11107,92.907
11108,92.922
11109,92.933
11110,92.949
11111,92.955
11112,92.966
11113,92.982
11114,92.993
11115,93.009
11116,93.015
11117,93.021
11118,93.027
11119,93.054
11120,93.060
11121,93.066
11122,93.071
11123,93.097
11124,93.114
11125,93.120
11126,93.148
11127,93.166
11128,93.173
11129,93.180
11130,93.187
11131,93.211
11132,93.226
11133,93.231
11134,93.241
11135,93.246
11136,93.252
11137,93.258
11138,93.267
11139,93.273
11140,93.278
11141,93.283
11142,93.294
11143,93.309
11144,93.315
11145,93.320
11146,93.326
11147,93.331
11148,93.340
11149,93.347
11150,93.357
11151,93.366
11152,93.381
11153,93.391
11154,93.401
11155,93.410
11156,93.449
11157,93.474
11158,93.485
11159,93.516
11160,93.538
11161,93.546
11162,93.555
11163,93.563
11164,93.600
11165,93.624
11166,93.635
11167,93.666
11168,93.687
11169,93.695
11170,93.730
11171,93.757
11172,93.779
11173,93.794
11174,93.801
11175,93.824
11176,93.841
11177,93.848
11178,93.872
11179,93.886
11180,93.910
11181,93.925
11182,93.931
11183,93.953
11184,93.968
11185,93.991
11186,94.008
11187,94.014
11188,94.037
11189,94.053
11190,94.080
11191,94.099
11192,94.106
11193,94.113
11194,94.120
11195,94.127
11196,94.134
11197,94.141
11198,94.149
11199,94.156
11200,94.163
11201,94.170
11202,94.177
11203,94.184
11204,94.192
11205,94.199
11206,94.220
11207,94.239
11208,94.258
11209,94.263
11210,94.286
11211,94.301
11212,94.307
11213,94.331
11214,94.347
11215,94.353
11216,94.363
11217,94.378
11218,94.403
11219,94.419
11220,94.426
11221,94.432
11222,94.463
11223,94.483
11224,94.492
11225,94.501
11226,94.525
11227,94.541
11228,94.547
11229,94.553
11230,94.577
11231,94.592
11232,94.599
11233,94.627
11234,94.645
11235,94.652
11236,94.659
11237,94.684
11238,94.699
11239,94.704
11240,94.710
11241,94.720
11242,94.752
11243,94.777
11244,94.787
11245,94.803
11246,94.825
11247,94.859
11248,94.882
11249,94.890
11250,94.899
11251,94.942
11252,94.970
11253,94.984
11254,94.997
11255,95.028
11256,95.050
11257,95.059
11258,95.067
11259,95.105
11260,95.132
11261,95.138
11262,95.168
11263,95.186
11264,95.193
11265,95.202
11266,95.230
11267,95.247
11268,95.253
11269,95.259
11270,95.265
11271,95.290
11272,95.305
11273,95.311
11274,95.321
11275,95.335
11276,95.363
11277,95.380
11278,95.388
11279,95.417
11280,95.450
11281,95.465
11282,95.471
11283,95.476
11284,95.482
11285,95.506
11286,95.521
11287,95.527
11288,95.533
11289,95.538
11290,95.561
11291,95.576
11292,95.582
11293,95.588
11294,95.611
11295,95.626
11296,95.631
11297,95.637
11298,95.660
11299,95.676
11300,95.687
11301,95.704
11302,95.712
11303,95.723
11304,95.741
11305,95.772
11306,95.790
11307,95.798
11308,95.829
11309,95.864
11310,95.880
11311,95.886
11312,95.892
11313,95.899
11314,95.922
11315,95.937
11316,95.943
11317,95.950
11318,95.956
11319,95.978
11320,95.994
11321,95.999
11322,96.005
11323,96.028
11324,96.044
11325,96.054
11326,96.070
11327,96.075
11328,96.085
11329,96.099
11330,96.107
11331,96.131
11332,96.140
11333,96.174
11334,96.200
11335,96.234
11336,96.255
11337,96.264
11338,96.297
11339,96.318
11340,96.326
11341,96.340
11342,96.363
11343,96.372
11344,96.404
11345,96.425
11346,96.433
11347,96.463
11348,96.485
11349,96.496
11350,96.543
11351,96.563
11352,96.572
11353,96.582
11354,96.590
11355,96.621
11356,96.640
11357,96.647
11358,96.679
11359,96.698
11360,96.705
11361,96.714
11362,96.723
11363,96.748
11364,96.763
11365,96.769
11366,96.775
11367,96.781
11368,96.807
11369,96.824
11370,96.830
11371,96.836
11372,96.858
11373,96.872
11374,96.882
11375,96.897
11376,96.902
11377,96.912
11378,96.926
11379,96.936
11380,96.950
11381,96.956
11382,96.979
11383,96.984
11384,96.990
11385,97.013
11386,97.028
11387,97.034
11388,97.058
11389,97.074
11390,97.080
11391,97.103
11392,97.118
11393,97.124
11394,97.155
11395,97.165
11396,97.173
11397,97.183
11398,97.192
11399,97.201
11400,97.230
11401,97.247
11402,97.255
11403,97.287
11404,97.306
11405,97.315
11406,97.323
11407,97.331
11408,97.363
11409,97.382
11410,97.390
11411,97.399
11412,97.408
11413,97.429
11414,97.443
11415,97.450
11416,97.459
11417,97.491
11418,97.514
11419,97.524
11420,97.540
11421,97.562
11422,97.600
11423,97.624
11424,97.636
11425,97.677
11426,97.703
11427,97.717
11428,97.730
11429,97.771
11430,97.797
11431,97.811
11432,97.827
11433,97.843
11434,97.872
11435,97.888
11436,97.895
11437,97.902
11438,97.929
11439,97.947
11440,97.976
11441,97.992
11442,97.997
11443,98.003
11444,98.025
11445,98.040
11446,98.050
11447,98.065
11448,98.071
11449,98.076
11450,98.082
11451,98.087
11452,98.092
11453,98.098
11454,98.103
11455,98.112
11456,98.123
11457,98.128
11458,98.134
11459,98.141
11460,98.150
11461,98.155
11462,98.160
11463,98.165
11464,98.170
11465,98.175
11466,98.180
11467,98.186
11468,98.191
11469,98.198
11470,98.206
11471,98.213
11472,98.221
11473,98.228
11474,98.237
11475,98.244
11476,98.252
11477,98.274
11478,98.282
11479,98.302
11480,98.311
11481,98.319
11482,98.329
11483,98.337
11484,98.346
11485,98.354
11486,98.364
11487,98.373
11488,98.384
11489,98.392
11490,98.417
11491,98.427
11492,98.448
11493,98.479
11494,98.491
11495,98.500
11496,98.530
11497,98.555
11498,98.564
11499,98.570
11500,98.595
11501,98.606
11502,98.627
11503,98.636
11504,98.642
11505,98.662
11506,98.685
11507,98.709
11508,98.733
11509,98.744
11510,98.750
11511,98.757
11512,98.766
11513,98.774
11514,98.782
11515,98.788
11516,98.793
11517,98.817
11518,98.836
11519,98.864
11520,98.877
11521,98.887
11522,98.901
11523,98.917
11524,98.924
11525,98.932
11526,98.945
11527,98.957
11528,98.966
11529,98.978
11530,98.994
11531,99.000
11532,99.012
11533,99.024
11534,99.032
11535,99.044
11536,99.057
11537,99.066
11538,99.074
11539,99.082
11540,99.090
11541,99.103
11542,99.115
11543,99.123
11544,99.131
11545,99.139
11546,99.147
11547,99.157
11548,99.167
11549,99.176
11550,99.189
11551,99.198
11552,99.209
11553,99.220
11554,99.230
11555,99.241
11556,99.250
11557,99.260
11558,99.269
11559,99.280
11560,99.290
11561,99.293
11562,99.296
11563,99.314
11564,99.319
11565,99.346
11566,99.370
11567,99.380
11568,99.385
11569,99.393
11570,99.404
11571,99.412
11572,99.421
11573,99.444
11574,99.449
11575,99.454
11576,99.460
11577,99.463
11578,99.466
11579,99.469
11580,99.472
11581,99.475
11582,99.492
11583,99.497
11584,99.501
11585,99.508
11586,99.520
11587,99.522
11588,99.525
11589,99.528
11590,99.537
11591,99.542
11592,99.546
11593,99.551
11594,99.557
11595,99.561
11596,99.571
11597,99.574
11598,99.576
11599,99.596
11600,99.625
11601,99.628
11602,99.631
11603,99.637
11604,99.642
11605,99.651
11606,99.656
11607,99.661
11608,99.667
11609,99.673
11610,99.680
11611,99.688
11612,99.701
11613,99.708
11614,99.720
11615,99.728
11616,99.740
11617,99.749
11618,99.761
11619,99.770
11620,99.773
11621,99.776
11622,99.779
11623,99.787
11624,99.804
11625,99.817
11626,99.825
11627,99.838
11628,99.849
11629,99.864
11630,99.874
11631,99.889
11632,99.896
11633,99.902
11634,99.911
11635,99.944
11636,99.979
11637,100.012
11638,100.025
11639,100.030
11640,100.036
11641,100.045
11642,100.059
11643,100.065
11644,100.093
11645,100.110
11646,100.131
11647,100.136
11648,100.141
11649,100.150
11650,100.156
11651,100.165
11652,100.174
11653,100.219
11654,100.247
11655,100.278
11656,100.322
11657,100.340
11658,100.348
11659,100.381
11660,100.398
11661,100.431
11662,100.455
11663,100.474
11664,100.484
11665,100.497
11666,100.516
11667,100.534
11668,100.558
11669,100.569
11670,100.579
11671,100.589
11672,100.603
11673,100.614
11674,100.628
11675,100.634
11676,100.639
11677,100.645
11678,100.651
11679,100.663
11680,100.678
11681,100.688
11682,100.700
11683,100.711
11684,100.724
11685,100.730
11686,100.758
11687,100.777
11688,100.784
11689,100.791
11690,100.798
11691,100.805
11692,100.812
11693,100.819
11694,100.826
11695,100.833
11696,100.839
11697,100.846
11698,100.852
11699,100.859
11700,100.866
11701,100.873
11702,100.895
11703,100.908
11704,100.931
11705,100.946
11706,100.968
11707,100.981
11708,101.005
11709,101.020
11710,101.043
11711,101.058
11712,101.083
11713,101.097
11714,101.121
11715,101.135
11716,101.145
11717,101.150
11718,101.156
11719,101.161
11720,101.167
11721,101.191
11722,101.206
11723,101.231
11724,101.247
11725,101.277
11726,101.294
11727,101.317
11728,101.330
11729,101.337
11730,101.361
11731,101.375
11732,101.396
11733,101.410
11734,101.432
11735,101.446
11736,101.468
11737,101.481
11738,101.503
11739,101.516
11740,101.545
11741,101.564
11742,101.601
11743,101.624
11744,101.655
11745,101.673
11746,101.690
11747,101.709
11748,101.719
11749,101.733
11750,101.751
11751,101.767
11752,101.785
11753,101.794
11754,101.802
11755,101.812
11756,101.843
11757,101.849
11758,101.859
11759,101.865
11760,101.900
11761,101.909
11762,101.919
11763,101.951
11764,101.984
11765,101.998
11766,102.026
11767,102.044
11768,102.051
11769,102.056
11770,102.063
11771,102.070
11772,102.075
11773,102.097
11774,102.102
11775,102.107
11776,102.134
11777,102.150
11778,102.157
11779,102.163
11780,102.169
11781,102.176
11782,102.198
11783,102.212
11784,102.233
11785,102.246
11786,102.267
11787,102.280
11788,102.303
11789,102.316
11790,102.337
11791,102.350
11792,102.372
11793,102.386
11794,102.408
11795,102.421
11796,102.443
11797,102.457
11798,102.479
11799,102.492
11800,102.520
11801,102.538
11802,102.545
11803,102.552
11804,102.559
11805,102.567
11806,102.574
11807,102.581
11808,102.588
11809,102.595
11810,102.602
11811,102.609
11812,102.616
11813,102.623
11814,102.631
11815,102.638
11816,102.661
11817,102.673
11818,102.699
11819,102.713
11820,102.735
11821,102.748
11822,102.773
11823,102.788
11824,102.810
11825,102.823
11826,102.846
11827,102.858
11828,102.891
11829,102.909
11830,102.926
11831,102.934
11832,102.943
11833,102.952
11834,102.961
11835,102.992
11836,103.012
11837,103.041
11838,103.061
11839,103.100
11840,103.124
11841,103.153
11842,103.170
11843,103.180
11844,103.194
11845,103.210
11846,103.220
11847,103.229
11848,103.248
11849,103.266
11850,103.289
11851,103.304
11852,103.328
11853,103.341
11854,103.367
11855,103.380
11856,103.404
11857,103.418
11858,103.443
11859,103.457
11860,103.480
11861,103.492
11862,103.516
11863,103.529
11864,103.552
11865,103.564
11866,103.586
11867,103.599
11868,103.626
11869,103.654
11870,103.667
11871,103.672
11872,103.699
11873,103.716
11874,103.739
11875,103.752
11876,103.775
11877,103.789
11878,103.795
11879,103.801
11880,103.806
11881,103.816
11882,103.830
11883,103.836
11884,103.841
11885,103.847
11886,103.852
11887,103.878
11888,103.893
11889,103.917
11890,103.931
11891,103.956
11892,103.971
11893,103.996
11894,104.009
11895,104.019
11896,104.033
11897,104.039
11898,104.044
11899,104.051
11900,104.074
11901,104.079
11902,104.084
11903,104.089
11904,104.112
11905,104.125
11906,104.131
11907,104.159
11908,104.174
11909,104.197
11910,104.211
11911,104.233
11912,104.241
11913,104.251
11914,104.260
11915,104.295
11916,104.315
11917,104.355
11918,104.379
11919,104.390
11920,104.399
11921,104.409
11922,104.418
11923,104.428
11924,104.459
11925,104.466
11926,104.475
11927,104.491
11928,104.498
11929,104.506
11930,104.514
11931,104.550
11932,104.572
11933,104.585
11934,104.595
11935,104.607
11936,104.619
11937,104.644
11938,104.660
11939,104.684
11940,104.697
11941,104.724
11942,104.738
11943,104.762
11944,104.776
11945,104.799
11946,104.813
11947,104.838
11948,104.853
11949,104.876
11950,104.890
11951,104.915
11952,104.929
11953,104.951
11954,104.965
11955,104.991
11956,105.028
11957,105.045
11958,105.052
11959,105.058
11960,105.065
11961,105.071
11962,105.078
11963,105.085
11964,105.091
11965,105.098
11966,105.105
11967,105.112
11968,105.119
11969,105.126
11970,105.134
11971,105.142
11972,105.166
11973,105.180
11974,105.206
11975,105.220
11976,105.243
11977,105.257
11978,105.282
11979,105.297
11980,105.320
11981,105.333
11982,105.357
11983,105.372
11984,105.394
11985,105.407
11986,105.417
11987,105.431
11988,105.436
11989,105.441
11990,105.447
11991,105.469
11992,105.483
11993,105.506
11994,105.537
11995,105.542
11996,105.547
11997,105.552
11998,105.581
11999,105.623
12000,105.643
12001,105.653
12002,105.662
12003,105.672
12004,105.691
12005,105.709
12006,105.741
12007,105.762
12008,105.794
12009,105.800
12010,105.809
12011,105.818
12012,105.853
12013,105.873
12014,105.911
12015,105.954
12016,105.976
12017,106.011
12018,106.027
12019,106.037
12020,106.052
12021,106.058
12022,106.069
12023,106.082
12024,106.107
12025,106.123
12026,106.152
12027,106.182
12028,106.195
12029,106.200
12030,106.205
12031,106.211
12032,106.216
12033,106.226
12034,106.239
12035,106.245
12036,106.249
12037,106.254
12038,106.278
12039,106.292
12040,106.313
12041,106.325
12042,106.335
12043,106.348
12044,106.353
12045,106.362
12046,106.375
12047,106.384
12048,106.397
12049,106.407
12050,106.420
12051,106.425
12052,106.451
12053,106.468
12054,106.473
12055,106.498
12056,106.531
12057,106.546
12058,106.551
12059,106.577
12060,106.583
12061,106.587
12062,106.612
12063,106.645
12064,106.659
12065,106.665
12066,106.701
12067,106.722
12068,106.734
12069,106.744
12070,106.754
12071,106.765
12072,106.789
12073,106.803
12074,106.814
12075,106.828
12076,106.837
12077,106.842
12078,106.847
12079,106.853
12080,106.881
12081,106.897
12082,106.904
12083,106.911
12084,106.934
12085,106.939
12086,106.945
12087,106.973
12088,106.993
12089,107.029
12090,107.037
12091,107.047
12092,107.065
12093,107.083
12094,107.092
12095,107.101
12096,107.117
12097,107.124
12098,107.132
12099,107.140
12100,107.156
12101,107.163
12102,107.171
12103,107.180
12104,107.230
12105,107.256
12106,107.270
12107,107.285
12108,107.299
12109,107.336
12110,107.358
12111,107.381
12112,107.394
12113,107.418
12114,107.431
12115,107.458
12116,107.473
12117,107.494
12118,107.507
12119,107.530
12120,107.544
12121,107.566
12122,107.580
12123,107.603
12124,107.618
12125,107.639
12126,107.653
12127,107.680
12128,107.698
12129,107.705
12130,107.713
12131,107.720
12132,107.726
12133,107.733
12134,107.740
12135,107.747
12136,107.754
12137,107.761
12138,107.768
12139,107.775
12140,107.782
12141,107.788
12142,107.795
12143,107.817
12144,107.873
12145,107.879
12146,107.893
12147,107.920
12148,107.922
12149,107.937
12150,107.942
12151,107.954
12152,107.968
12153,107.978
12154,107.992
12155,107.998
12156,108.003
12157,108.036
12158,108.056
12159,108.065
12160,108.089
12161,108.102
12162,108.113
12163,108.127
12164,108.133
12165,108.158
12166,108.173
12167,108.179
12168,108.203
12169,108.218
12170,108.224
12171,108.230
12172,108.252
12173,108.266
12174,108.272
12175,108.282
12176,108.294
12177,108.303
12178,108.319
12179,108.329
12180,108.339
12181,108.391
12182,108.419
12183,108.432
12184,108.464
12185,108.482
12186,108.498
12187,108.516
12188,108.524
12189,108.559
12190,108.583
12191,108.592
12192,108.623
12193,108.644
12194,108.653
12195,108.662
12196,108.694
12197,108.715
12198,108.726
12199,108.738
12200,108.752
12201,108.764
12202,108.778
12203,108.784
12204,108.817
12205,108.836
12206,108.844
12207,108.872
12208,108.889
12209,108.913
12210,108.928
12211,108.933
12212,108.939
12213,108.962
12214,108.976
12215,108.981
12216,109.004
12217,109.017
12218,109.022
12219,109.044
12220,109.056
12221,109.066
12222,109.079
12223,109.084
12224,109.093
12225,109.107
12226,109.116
12227,109.129
12228,109.134
12229,109.164
12230,109.182
12231,109.190
12232,109.219
12233,109.237
12234,109.261
12235,109.277
12236,109.283
12237,109.289
12238,109.312
12239,109.327
12240,109.332
12241,109.359
12242,109.375
12243,109.386
12244,109.400
12245,109.406
12246,109.417
12247,109.432
12248,109.444
12249,109.459
12250,109.466
12251,109.478
12252,109.491
12253,109.497
12254,109.523
12255,109.538
12256,109.544
12257,109.577
12258,109.595
12259,109.603
12260,109.612
12261,109.635
12262,109.649
12263,109.655
12264,109.664
12265,109.676
12266,109.682
12267,109.717
12268,109.740
12269,109.750
12270,109.797
12271,109.825
12272,109.838
12273,109.853
12274,109.893
12275,109.919
12276,109.954
12277,109.975
12278,109.984
12279,109.993
12280,110.025
12281,110.046
12282,110.055
12283,110.092
12284,110.111
12285,110.117
12286,110.127
12287,110.141
12288,110.153
12289,110.166
12290,110.171
12291,110.182
12292,110.198
12293,110.204
12294,110.227
12295,110.241
12296,110.247
12297,110.277
12298,110.295
12299,110.304
12300,110.312
12301,110.334
12302,110.347
12303,110.353
12304,110.362
12305,110.375
12306,110.380
12307,110.403
12308,110.417
12309,110.423
12310,110.451
12311,110.468
12312,110.476
12313,110.485
12314,110.511
12315,110.529
12316,110.551
12317,110.565
12318,110.571
12319,110.576
12320,110.599
12321,110.612
12322,110.618
12323,110.640
12324,110.654
12325,110.660
12326,110.669
12327,110.683
12328,110.693
12329,110.707
12330,110.713
12331,110.745
12332,110.763
12333,110.772
12334,110.800
12335,110.818
12336,110.842
12337,110.857
12338,110.863
12339,110.869
12340,110.890
12341,110.904
12342,110.909
12343,110.931
12344,110.945
12345,110.968
12346,110.982
12347,110.987
12348,111.009
12349,111.022
12350,111.043
12351,111.053
12352,111.062
12353,111.072
12354,111.077
12355,111.083
12356,111.088
12357,111.119
12358,111.142
12359,111.153
12360,111.165
12361,111.173
12362,111.182
12363,111.210
12364,111.221
12365,111.256
12366,111.273
12367,111.303
12368,111.329
12369,111.337
12370,111.346
12371,111.355
12372,111.366
12373,111.377
12374,111.476
12375,111.488
12376,111.497
12377,111.506
12378,111.514
12379,111.524
12380,111.534
12381,111.586
12382,111.636
12383,111.660
12384,111.680
12385,111.688
12386,111.695
12387,111.702
12388,111.708
12389,111.714
12390,111.739
12391,111.749
12392,111.768
12393,111.779
12394,111.784
12395,111.792
12396,111.795
12397,111.799
12398,111.802
12399,111.820
12400,111.829
12401,111.850
12402,111.873
12403,111.878
12404,111.881
12405,111.884
12406,111.913
12407,111.931
12408,111.938
12409,111.946
12410,111.953
12411,111.960
12412,111.968
12413,111.975
12414,111.983
12415,111.990
12416,111.998
12417,112.005
12418,112.012
12419,112.020
12420,112.028
12421,112.035
12422,112.058
12423,112.090
12424,112.122
12425,112.137
12426,112.164
12427,112.182
12428,112.206
12429,112.221
12430,112.247
12431,112.262
12432,112.285
12433,112.299
12434,112.325
12435,112.341
12436,112.368
12437,112.382
12438,112.395
12439,112.409
12440,112.439
12441,112.462
12442,112.494
12443,112.514
12444,112.523
12445,112.543
12446,112.562
12447,112.582
12448,112.600
12449,112.637
12450,112.661
12451,112.695
12452,112.714
12453,112.746
12454,112.788
12455,112.795
12456,112.803
12457,112.811
12458,112.859
12459,112.892
12460,112.907
12461,112.913
12462,112.919
12463,112.924
12464,112.936
12465,112.952
12466,112.966
12467,112.979
12468,113.002
12469,113.017
12470,113.040
12471,113.056
12472,113.079
12473,113.093
12474,113.099
12475,113.111
12476,113.125
12477,113.138
12478,113.151
12479,113.176
12480,113.190
12481,113.214
12482,113.219
12483,113.224
12484,113.230
12485,113.258
12486,113.274
12487,113.305
12488,113.335
12489,113.348
12490,113.356
12491,113.362
12492,113.367
12493,113.392
12494,113.407
12495,113.429
12496,113.444
12497,113.456
12498,113.470
12499,113.482
12500,113.496
12501,113.521
12502,113.537
12503,113.561
12504,113.576
12505,113.582
12506,113.595
12507,113.609
12508,113.622
12509,113.636
12510,113.668
12511,113.686
12512,113.718
12513,113.749
12514,113.763
12515,113.770
12516,113.779
12517,113.793
12518,113.799
12519,113.804
12520,113.810
12521,113.820
12522,113.833
12523,113.838
12524,113.848
12525,113.861
12526,113.870
12527,113.880
12528,113.889
12529,113.927
12530,113.951
12531,113.983
12532,114.002
12533,114.021
12534,114.040
12535,114.057
12536,114.075
12537,114.091
12538,114.109
12539,114.126
12540,114.144
12541,114.183
12542,114.206
12543,114.240
12544,114.264
12545,114.296
12546,114.310
12547,114.335
12548,114.340
12549,114.347
12550,114.353
12551,114.365
12552,114.371
12553,114.378
12554,114.384
12555,114.395
12556,114.400
12557,114.405
12558,114.410
12559,114.416
12560,114.426
12561,114.440
12562,114.450
12563,114.464
12564,114.493
12565,114.511
12566,114.518
12567,114.525
12568,114.532
12569,114.558
12570,114.576
12571,114.602
12572,114.618
12573,114.640
12574,114.645
12575,114.650
12576,114.655
12577,114.679
12578,114.693
12579,114.698
12580,114.722
12581,114.727
12582,114.733
12583,114.738
12584,114.761
12585,114.775
12586,114.781
12587,114.791
12588,114.806
12589,114.836
12590,114.854
12591,114.879
12592,114.894
12593,114.921
12594,114.931
12595,114.937
12596,114.947
12597,114.961
12598,114.967
12599,114.991
12600,115.007
12601,115.013
12602,115.019
12603,115.049
12604,115.068
12605,115.076
12606,115.099
12607,115.112
12608,115.118
12609,115.142
12610,115.156
12611,115.161
12612,115.166
12613,115.195
12614,115.212
12615,115.219
12616,115.240
12617,115.252
12618,115.260
12619,115.277
12620,115.297
12621,115.307
12622,115.324
12623,115.332
12624,115.341
12625,115.351
12626,115.367
12627,115.373
12628,115.382
12629,115.390
12630,115.408
12631,115.426
12632,115.445
12633,115.463
12634,115.479
12635,115.499
12636,115.507
12637,115.522
12638,115.529
12639,115.537
12640,115.545
12641,115.560
12642,115.567
12643,115.574
12644,115.584
12645,115.627
12646,115.647
12647,115.655
12648,115.680
12649,115.695
12650,115.701
12651,115.707
12652,115.713
12653,115.720
12654,115.752
12655,115.769
12656,115.792
12657,115.805
12658,115.816
12659,115.830
12660,115.841
12661,115.856
12662,115.862
12663,115.889
12664,115.906
12665,115.913
12666,115.937
12667,115.952
12668,115.957
12669,115.962
12670,115.986
12671,116.000
12672,116.023
12673,116.036
12674,116.059
12675,116.074
12676,116.097
12677,116.111
12678,116.133
12679,116.147
12680,116.171
12681,116.186
12682,116.208
12683,116.222
12684,116.246
12685,116.261
12686,116.284
12687,116.299
12688,116.308
12689,116.319
12690,116.329
12691,116.331
12692,116.335
12693,116.338
12694,116.341
12695,116.350
12696,116.364
12697,116.372
12698,116.384
12699,116.390
12700,116.400
12701,116.416
12702,116.428
12703,116.435
12704,116.448
12705,116.455
12706,116.468
12707,116.478
12708,116.480
12709,116.484
12710,116.487
12711,116.490
12712,116.496
12713,116.504
12714,116.516
12715,116.527
12716,116.530
12717,116.534
12718,116.536
12719,116.548
12720,116.561
12721,116.568
12722,116.579
12723,116.582
12724,116.585
12725,116.588
12726,116.594
12727,116.600
12728,116.605
12729,116.610
12730,116.617
12731,116.627
12732,116.635
12733,116.644
12734,116.656
12735,116.673
12736,116.676
12737,116.681
12738,116.687
12739,116.703
12740,116.705
12741,116.711
12742,116.726
12743,116.729
12744,116.733
12745,116.738
12746,116.753
12747,116.758
12748,116.760
12749,116.775
12750,116.781
12751,116.786
12752,116.794
12753,116.809
12754,116.814
12755,116.817
12756,116.848
12757,116.854
12758,116.885
12759,116.888
12760,116.893
12761,116.897
12762,116.902
12763,116.906
12764,116.911
12765,116.921
12766,116.937
12767,116.942
12768,116.947
12769,116.951
12770,116.956
12771,116.968
12772,116.988
12773,117.000
12774,117.019
12775,117.025
12776,117.031
12777,117.036
12778,117.042
12779,117.053
12780,117.055
12781,117.058
12782,117.062
12783,117.065
12784,117.074
12785,117.086
12786,117.094
12787,117.109
12788,117.114
12789,117.123
12790,117.136
12791,117.140
12792,117.146
12793,117.152
12794,117.158
12795,117.163
12796,117.168
12797,117.175
12798,117.181
12799,117.186
12800,117.194
12801,117.201
12802,117.206
12803,117.214
12804,117.221
12805,117.232
12806,117.235
12807,117.238
12808,117.243
12809,117.246
12810,117.249
12811,117.252
12812,117.256
12813,117.261
12814,117.270
12815,117.273
12816,117.275
12817,117.283
12818,117.295
12819,117.304
12820,117.307
12821,117.309
12822,117.317
12823,117.329
12824,117.337
12825,117.341
12826,117.347
12827,117.353
12828,117.360
12829,117.368
12830,117.379
12831,117.386
12832,117.392
12833,117.398
12834,117.405
12835,117.411
12836,117.417
12837,117.423
12838,117.431
12839,117.438
12840,117.446
12841,117.453
12842,117.459
12843,117.465
12844,117.474
12845,117.480
12846,117.486
12847,117.495
12848,117.501
12849,117.507
12850,117.518
12851,117.521
12852,117.524
12853,117.531
12854,117.538
12855,117.548
12856,117.550
12857,117.554
12858,117.557
12859,117.563
12860,117.572
12861,117.578
12862,117.585
12863,117.592
12864,117.599
12865,117.604
12866,117.610
12867,117.631
12868,117.636
12869,117.642
12870,117.664
12871,117.673
12872,117.681
12873,117.687
12874,117.693
12875,117.699
12876,117.707
12877,117.714
12878,117.741
12879,117.752
12880,117.770
12881,117.778
12882,117.784
12883,117.793
12884,117.798
12885,117.801
12886,117.804
12887,117.810
12888,117.817
12889,117.825
12890,117.837
12891,117.846
12892,117.851
12893,117.854
12894,117.856
12895,117.862
12896,117.869
12897,117.875
12898,117.892
12899,117.911
12900,117.916
12901,117.922
12902,117.930
12903,117.939
12904,117.945
12905,117.954
12906,117.991
12907,118.001
12908,118.037
12909,118.043
12910,118.048
12911,118.055
12912,118.063
12913,118.066
12914,118.075
12915,118.085
12916,118.093
12917,118.105
12918,118.124
12919,118.138
12920,118.148
12921,118.155
12922,118.171
12923,118.189
12924,118.198
12925,118.211
12926,118.228
12927,118.241
12928,118.268
12929,118.272
12930,118.278
12931,118.294
12932,118.310
12933,118.321
12934,118.342
12935,118.361
12936,118.370
12937,118.382
12938,118.393
12939,118.409
12940,118.419
12941,118.438
12942,118.441
12943,118.445
12944,118.449
12945,118.452
12946,118.456
12947,118.466
12948,118.471
12949,118.477
12950,118.483
12951,118.488
12952,118.497
12953,118.499
12954,118.503
12955,118.512
12956,118.524
12957,118.532
12958,118.552
12959,118.566
12960,118.575
12961,118.587
12962,118.597
12963,118.612
12964,118.621
12965,118.624
12966,118.627
12967,118.630
12968,118.633
12969,118.643
12970,118.646
12971,118.649
12972,118.671
12973,118.681
12974,118.708
12975,118.742
12976,118.762
12977,118.770
12978,118.777
12979,118.784
12980,118.792
12981,118.799
12982,118.806
12983,118.814
12984,118.821
12985,118.829
12986,118.837
12987,118.844
12988,118.852
12989,118.860
12990,118.868
12991,118.892
12992,118.898
12993,118.904
12994,118.930
12995,118.936
12996,118.942
12997,118.969
12998,118.974
12999,118.981
13000,119.013
13001,119.046
13002,119.060
13003,119.093
13004,119.112
13005,119.137
13006,119.151
13007,119.161
13008,119.175
13009,119.186
13010,119.205
13011,119.219
13012,119.224
13013,119.233
13014,119.252
13015,119.268
13016,119.278
13017,119.287
13018,119.297
13019,119.307
13020,119.324
13021,119.346
13022,119.363
13023,119.385
13024,119.394
13025,119.403
13026,119.412
13027,119.429
13028,119.455
13029,119.476
13030,119.493
13031,119.514
13032,119.523
13033,119.539
13034,119.560
13035,119.575
13036,119.599
13037,119.610
13038,119.646
13039,119.662
13040,119.669
13041,119.675
13042,119.682
13043,119.710
13044,119.726
13045,119.734
13046,119.761
13047,119.776
13048,119.782
13049,119.809
13050,119.824
13051,119.831
13052,119.856
13053,119.871
13054,119.897
13055,119.912
13056,119.918
13057,119.927
13058,119.940
13059,119.966
13060,119.981
13061,120.005
13062,120.020
13063,120.026
13064,120.036
13065,120.050
13066,120.077
13067,120.092
13068,120.117
13069,120.132
13070,120.139
13071,120.150
13072,120.165
13073,120.193
13074,120.208
13075,120.235
13076,120.251
13077,120.257
13078,120.264
13079,120.270
13080,120.280
13081,120.286
13082,120.292
13083,120.318
13084,120.324
13085,120.330
13086,120.359
13087,120.375
13088,120.402
13089,120.418
13090,120.446
13091,120.461
13092,120.467
13093,120.473
13094,120.483
13095,120.498
13096,120.504
13097,120.510
13098,120.520
13099,120.535
13100,120.547
13101,120.561
13102,120.568
13103,120.575
13104,120.597
13105,120.607
13106,120.617
13107,120.654
13108,120.676
13109,120.687
13110,120.705
13111,120.714
13112,120.723
13113,120.733
13114,120.742
13115,120.752
13116,120.761
13117,120.776
13118,120.785
13119,120.794
13120,120.811
13121,120.832
13122,120.851
13123,120.871
13124,120.880
13125,120.895
13126,120.915
13127,120.924
13128,120.933
13129,120.951
13130,120.977
13131,120.988
13132,120.999
13133,121.015
13134,121.041
13135,121.057
13136,121.085
13137,121.102
13138,121.108
13139,121.119
13140,121.133
13141,121.158
13142,121.173
13143,121.199
13144,121.214
13145,121.221
13146,121.231
13147,121.245
13148,121.270
13149,121.284
13150,121.310
13151,121.325
13152,121.331
13153,121.341
13154,121.355
13155,121.381
13156,121.395
13157,121.421
13158,121.427
13159,121.433
13160,121.439
13161,121.445
13162,121.451
13163,121.456
13164,121.467
13165,121.481
13166,121.507
13167,121.513
13168,121.519
13169,121.545
13170,121.559
13171,121.584
13172,121.599
13173,121.605
13174,121.632
13175,121.638
13176,121.645
13177,121.676
13178,121.694
13179,121.702
13180,121.710
13181,121.737
13182,121.773
13183,121.789
13184,121.796
13185,121.803
13186,121.809
13187,121.835
13188,121.840
13189,121.847
13190,121.853
13191,121.859
13192,121.889
13193,121.907
13194,121.914
13195,121.943
13196,121.965
13197,121.978
13198,121.991
13199,122.027
13200,122.038
13201,122.049
13202,122.059
13203,122.069
13204,122.084
13205,122.105
13206,122.121
13207,122.141
13208,122.151
13209,122.161
13210,122.177
13211,122.185
13212,122.196
13213,122.205
13214,122.214
13215,122.229
13216,122.250
13217,122.269
13218,122.289
13219,122.300
13220,122.314
13221,122.353
13222,122.360
13223,122.367
13224,122.374
13225,122.403
13226,122.409
13227,122.416
13228,122.423
13229,122.436
13230,122.443
13231,122.449
13232,122.455
13233,122.462
13234,122.468
13235,122.474
13236,122.488
13237,122.502
13238,122.516
13239,122.531
13240,122.538
13241,122.548
13242,122.563
13243,122.570
13244,122.577
13245,122.588
13246,122.603
13247,122.610
13248,122.620
13249,122.634
13250,122.663
13251,122.680
13252,122.704
13253,122.710
13254,122.716
13255,122.722
13256,122.729
13257,122.739
13258,122.745
13259,122.751
13260,122.757
13261,122.763
13262,122.774
13263,122.789
13264,122.796
13265,122.806
13266,122.821
13267,122.848
13268,122.863
13269,122.890
13270,122.906
13271,122.912
13272,122.938
13273,122.953
13274,122.979
13275,122.994
13276,123.000
13277,123.011
13278,123.025
13279,123.053
13280,123.069
13281,123.096
13282,123.113
13283,123.120
13284,123.132
13285,123.146
13286,123.171
13287,123.185
13288,123.210
13289,123.226
13290,123.232
13291,123.242
13292,123.256
13293,123.280
13294,123.299
13295,123.348
13296,123.381
13297,123.394
13298,123.407
13299,123.418
13300,123.430
13301,123.444
13302,123.456
13303,123.468
13304,123.479
13305,123.492
13306,123.504
13307,123.517
13308,123.530
13309,123.543
13310,123.555
13311,123.587
13312,123.596
13313,123.603
13314,123.639
13315,123.647
13316,123.658
13317,123.697
13318,123.702
13319,123.708
13320,123.742
13321,123.775
13322,123.791
13323,123.825
13324,123.843
13325,123.867
13326,123.882
13327,123.895
13328,123.912
13329,123.925
13330,123.940
13331,123.952
13332,123.957
13333,123.964
13334,123.970
13335,123.976
13336,123.986
13337,124.000
13338,124.011
13339,124.031
13340,124.045
13341,124.051
13342,124.060
13343,124.074
13344,124.083
13345,124.088
13346,124.095
13347,124.100
13348,124.106
13349,124.115
13350,124.128
13351,124.138
13352,124.152
13353,124.157
13354,124.163
13355,124.173
13356,124.192
13357,124.206
13358,124.218
13359,124.233
13360,124.239
13361,124.245
13362,124.256
13363,124.271
13364,124.282
13365,124.296
13366,124.303
13367,124.333
13368,124.350
13369,124.358
13370,124.365
13371,124.372
13372,124.401
13373,124.416
13374,124.422
13375,124.451
13376,124.467
13377,124.474
13378,124.503
13379,124.518
13380,124.525
13381,124.551
13382,124.566
13383,124.593
13384,124.609
13385,124.615
13386,124.625
13387,124.638
13388,124.670
13389,124.693
13390,124.732
13391,124.757
13392,124.768
13393,124.784
13394,124.805
13395,124.843
13396,124.864
13397,124.901
13398,124.923
13399,124.934
13400,124.951
13401,124.972
13402,125.010
13403,125.033
13404,125.074
13405,125.104
13406,125.113
13407,125.120
13408,125.126
13409,125.137
13410,125.144
13411,125.150
13412,125.176
13413,125.182
13414,125.189
13415,125.217
13416,125.231
13417,125.257
13418,125.272
13419,125.299
13420,125.314
13421,125.321
13422,125.327
13423,125.337
13424,125.352
13425,125.358
13426,125.365
13427,125.376
13428,125.390
13429,125.403
13430,125.418
13431,125.424
13432,125.430
13433,125.458
13434,125.463
13435,125.469
13436,125.496
13437,125.511
13438,125.517
13439,125.528
13440,125.534
13441,125.540
13442,125.546
13443,125.552
13444,125.558
13445,125.564
13446,125.574
13447,125.580
13448,125.587
13449,125.600
13450,125.615
13451,125.629
13452,125.645
13453,125.652
13454,125.667
13455,125.683
13456,125.689
13457,125.697
13458,125.712
13459,125.732
13460,125.740
13461,125.753
13462,125.768
13463,125.794
13464,125.810
13465,125.836
13466,125.853
13467,125.860
13468,125.870
13469,125.886
13470,125.914
13471,125.929
13472,125.955
13473,125.970
13474,125.977
13475,125.988
13476,126.002
13477,126.027
13478,126.041
13479,126.069
13480,126.084
13481,126.094
13482,126.111
13483,126.135
13484,126.175
13485,126.200
13486,126.238
13487,126.248
13488,126.258
13489,126.268
13490,126.277
13491,126.287
13492,126.297
13493,126.313
13494,126.334
13495,126.374
13496,126.384
13497,126.394
13498,126.433
13499,126.455
13500,126.472
13501,126.499
13502,126.512
13503,126.525
13504,126.538
13505,126.555
13506,126.562
13507,126.570
13508,126.576
13509,126.606
13510,126.613
13511,126.621
13512,126.628
13513,126.634
13514,126.670
13515,126.688
13516,126.696
13517,126.730
13518,126.748
13519,126.756
13520,126.764
13521,126.790
13522,126.796
13523,126.802
13524,126.808
13525,126.814
13526,126.825
13527,126.839
13528,126.849
13529,126.863
13530,126.869
13531,126.875
13532,126.885
13533,126.891
13534,126.897
13535,126.902
13536,126.908
13537,126.918
13538,126.932
13539,126.945
13540,126.959
13541,126.965
13542,126.972
13543,126.997
13544,127.003
13545,127.009
13546,127.015
13547,127.042
13548,127.048
13549,127.054
13550,127.060
13551,127.072
13552,127.078
13553,127.084
13554,127.090
13555,127.097
13556,127.103
13557,127.110
13558,127.124
13559,127.139
13560,127.153
13561,127.168
13562,127.175
13563,127.186
13564,127.201
13565,127.208
13566,127.215
13567,127.226
13568,127.241
13569,127.252
13570,127.258
13571,127.265
13572,127.272
13573,127.278
13574,127.289
13575,127.304
13576,127.311
13577,127.321
13578,127.335
13579,127.362
13580,127.377
13581,127.403
13582,127.417
13583,127.423
13584,127.459
13585,127.482
13586,127.521
13587,127.546
13588,127.556
13589,127.572
13590,127.593
13591,127.628
13592,127.649
13593,127.684
13594,127.708
13595,127.717
13596,127.733
13597,127.753
13598,127.788
13599,127.807
13600,127.849
13601,127.873
13602,127.880
13603,127.891
13604,127.907
13605,127.935
13606,127.950
13607,127.978
13608,127.989
13609,128.019
13610,128.048
13611,128.058
13612,128.091
13613,128.127
13614,128.147
13615,128.155
13616,128.163
13617,128.171
13618,128.179
13619,128.186
13620,128.194
13621,128.202
13622,128.209
13623,128.218
13624,128.228
13625,128.238
13626,128.248
13627,128.259
13628,128.269
13629,128.301
13630,128.309
13631,128.317
13632,128.348
13633,128.354
13634,128.360
13635,128.396
13636,128.431
13637,128.447
13638,128.454
13639,128.490
13640,128.530
13641,128.577
13642,128.597
13643,128.625
13644,128.640
13645,128.647
13646,128.676
13647,128.692
13648,128.700
13649,128.728
13650,128.745
13651,128.775
13652,128.793
13653,128.800
13654,128.826
13655,128.842
13656,128.869
13657,128.885
13658,128.891
13659,128.917
13660,128.932
13661,128.942
13662,128.955
13663,128.966
13664,128.976
13665,129.014
13666,129.037
13667,129.076
13668,129.085
13669,129.095
13670,129.105
13671,129.115
13672,129.131
13673,129.152
13674,129.161
13675,129.177
13676,129.198
13677,129.234
13678,129.256
13679,129.290
13680,129.299
13681,129.308
13682,129.317
13683,129.327
13684,129.345
13685,129.357
13686,129.370
13687,129.380
13688,129.387
13689,129.394
13690,129.422
13691,129.438
13692,129.446
13693,129.475
13694,129.492
13695,129.503
13696,129.518
13697,129.524
13698,129.530
13699,129.540
13700,129.555
13701,129.581
13702,129.597
13703,129.624
13704,129.630
13705,129.637
13706,129.643
13707,129.650
13708,129.677
13709,129.694
13710,129.701
13711,129.726
13712,129.741
13713,129.753
13714,129.767
13715,129.773
13716,129.783
13717,129.798
13718,129.824
13719,129.829
13720,129.835
13721,129.861
13722,129.875
13723,129.886
13724,129.892
13725,129.898
13726,129.904
13727,129.910
13728,129.916
13729,129.922
13730,129.954
13731,129.971
13732,129.979
13733,130.004
13734,130.010
13735,130.017
13736,130.023
13737,130.030
13738,130.036
13739,130.042
13740,130.074
13741,130.092
13742,130.118
13743,130.124
13744,130.131
13745,130.142
13746,130.148
13747,130.155
13748,130.161
13749,130.167
13750,130.174
13751,130.184
13752,130.198
13753,130.204
13754,130.214
13755,130.229
13756,130.235
13757,130.241
13758,130.247
13759,130.257
13760,130.272
13761,130.278
13762,130.288
13763,130.303
13764,130.309
13765,130.314
13766,130.321
13767,130.331
13768,130.370
13769,130.393
13770,130.404
13771,130.441
13772,130.462
13773,130.496
13774,130.518
13775,130.527
13776,130.563
13777,130.584
13778,130.595
13779,130.629
13780,130.649
13781,130.683
13782,130.703
13783,130.714
13784,130.752
13785,130.772
13786,130.798
13787,130.815
13788,130.821
13789,130.847
13790,130.863
13791,130.876
13792,130.882
13793,130.885
13794,130.888
13795,130.900
13796,130.915
13797,130.921
13798,130.927
13799,130.933
13800,130.944
13801,130.985
13802,130.992
13803,130.998
13804,131.026
13805,131.041
13806,131.048
13807,131.058
13808,131.073
13809,131.083
13810,131.101
13811,131.117
13812,131.129
13813,131.138
13814,131.141
13815,131.155
13816,131.171
13817,131.184
13818,131.208
13819,131.222
13820,131.231
13821,131.250
13822,131.269
13823,131.291
13824,131.295
13825,131.300
13826,131.304
13827,131.331
13828,131.335
13829,131.362
13830,131.366
13831,131.370
13832,131.374
13833,131.378
13834,131.389
13835,131.392
13836,131.396
13837,131.400
13838,131.410
13839,131.415
13840,131.422
13841,131.428
13842,131.436
13843,131.442
13844,131.449
13845,131.456
13846,131.465
13847,131.473
13848,131.483
13849,131.490
13850,131.501
13851,131.509
13852,131.516
13853,131.524
13854,131.532
13855,131.539
13856,131.546
13857,131.553
13858,131.566
13859,131.572
13860,131.576
13861,131.580
13862,131.607
13863,131.614
13864,131.621
13865,131.646
13866,131.654
13867,131.660
13868,131.682
13869,131.694
13870,131.706
13871,131.721
13872,131.727
13873,131.739
13874,131.768
13875,131.792
13876,131.810
13877,131.833
13878,131.851
13879,131.860
13880,131.871
13881,131.882
13882,131.928
13883,131.956
13884,131.968
13885,131.981
13886,131.994
13887,132.007
13888,132.019
13889,132.032
13890,132.044
13891,132.056
13892,132.069
13893,132.081
13894,132.096
13895,132.112
13896,132.127
13897,132.135
13898,132.165
13899,132.181
13900,132.211
13901,132.229
13902,132.256
13903,132.271
13904,132.301
13905,132.318
13906,132.344
13907,132.360
13908,132.389
13909,132.405
13910,132.433
13911,132.449
13912,132.460
13913,132.466
13914,132.473
13915,132.479
13916,132.507
13917,132.522
13918,132.549
13919,132.564
13920,132.599
13921,132.618
13922,132.627
13923,132.652
13924,132.668
13925,132.675
13926,132.681
13927,132.692
13928,132.707
13929,132.734
13930,132.749
13931,132.778
13932,132.793
13933,132.823
13934,132.839
13935,132.869
13936,132.885
13937,132.916
13938,132.932
13939,132.961
13940,132.977
13941,133.006
13942,133.023
13943,133.029
13944,133.058
13945,133.073
13946,133.100
13947,133.116
13948,133.143
13949,133.159
13950,133.190
13951,133.213
13952,133.232
13953,133.257
13954,133.268
13955,133.279
13956,133.290
13957,133.328
13958,133.350
13959,133.395
13960,133.425
13961,133.476
13962,133.528
13963,133.553
13964,133.592
13965,133.618
13966,133.636
13967,133.652
13968,133.660
13969,133.673
13970,133.689
13971,133.700
13972,133.716
13973,133.729
13974,133.744
13975,133.750
13976,133.761
13977,133.767
13978,133.777
13979,133.808
13980,133.827
13981,133.836
13982,133.844
13983,133.871
13984,133.877
13985,133.883
13986,133.912
13987,133.918
13988,133.924
13989,133.930
13990,133.957
13991,133.972
13992,134.009
13993,134.049
13994,134.065
13995,134.072
13996,134.105
13997,134.125
13998,134.134
13999,134.163
14000,134.170
14001,134.178
14002,134.190
14003,134.207
14004,134.214
14005,134.222
14006,134.230
14007,134.242
14008,134.257
14009,134.291
14010,134.309
14011,134.317
14012,134.325
14013,134.333
14014,134.341
14015,134.369
14016,134.385
14017,134.416
14018,134.424
14019,134.431
14020,134.438
14021,134.474
14022,134.495
14023,134.525
14024,134.533
14025,134.540
14026,134.552
14027,134.559
14028,134.566
14029,134.573
14030,134.603
14031,134.620
14032,134.627
14033,134.672
14034,134.700
14035,134.714
14036,134.754
14037,134.763
14038,134.773
14039,134.790
14040,134.813
14041,134.823
14042,134.833
14043,134.842
14044,134.859
14045,134.881
14046,134.927
14047,134.953
14048,134.965
14049,134.977
14050,134.989
14051,135.031
14052,135.056
14053,135.090
14054,135.096
14055,135.104
14056,135.113
14057,135.146
14058,135.168
14059,135.199
14060,135.215
14061,135.243
14062,135.260
14063,135.288
14064,135.304
14065,135.335
14066,135.351
14067,135.380
14068,135.395
14069,135.425
14070,135.441
14071,135.470
14072,135.485
14073,135.515
14074,135.532
14075,135.561
14076,135.576
14077,135.585
14078,135.597
14079,135.607
14080,135.621
14081,135.628
14082,135.637
14083,135.643
14084,135.650
14085,135.656
14086,135.679
14087,135.686
14088,135.710
14089,135.717
14090,135.724
14091,135.731
14092,135.740
14093,135.747
14094,135.753
14095,135.762
14096,135.768
14097,135.776
14098,135.803
14099,135.813
14100,135.840
14101,135.849
14102,135.856
14103,135.863
14104,135.870
14105,135.896
14106,135.923
14107,135.947
14108,135.955
14109,135.969
14110,135.974
14111,135.980
14112,135.991
14113,136.007
14114,136.022
14115,136.033
14116,136.047
14117,136.056
14118,136.068
14119,136.077
14120,136.089
14121,136.099
14122,136.102
14123,136.107
14124,136.113
14125,136.126
14126,136.142
14127,136.155
14128,136.176
14129,136.192
14130,136.220
14131,136.227
14132,136.232
14133,136.238
14134,136.246
14135,136.261
14136,136.270
14137,136.279
14138,136.289
14139,136.299
14140,136.307
14141,136.325
14142,136.330
14143,136.336
14144,136.342
14145,136.347
14146,136.354
14147,136.360
14148,136.366
14149,136.372
14150,136.381
14151,136.390
14152,136.399
14153,136.414
14154,136.419
14155,136.425
14156,136.430
14157,136.436
14158,136.464
14159,136.464
14160,136.469
14161,136.495
14162,136.504
14163,136.518
14164,136.524
14165,136.528
14166,136.533
14167,136.567
14168,136.601
14169,136.632
14170,136.639
14171,136.663
14172,136.669
14173,136.675
14174,136.681
14175,136.687
14176,136.696
14177,136.710
14178,136.716
14179,136.726
14180,136.739
14181,136.745
14182,136.752
14183,136.760
14184,136.775
14185,136.779
14186,136.789
14187,136.792
14188,136.796
14189,136.806
14190,136.820
14191,136.826
14192,136.832
14193,136.838
14194,136.844
14195,136.850
14196,136.855
14197,136.861
14198,136.884
14199,136.907
14200,136.915
14201,136.923
14202,136.937
14203,136.949
14204,136.965
14205,136.971
14206,136.976
14207,136.983
14208,136.989
14209,136.993
14210,136.997
14211,137.008
14212,137.011
14213,137.016
14214,137.020
14215,137.029
14216,137.041
14217,137.078
14218,137.098
14219,137.106
14220,137.115
14221,137.123
14222,137.132
14223,137.140
14224,137.148
14225,137.157
14226,137.165
14227,137.173
14228,137.182
14229,137.190
14230,137.198
14231,137.208
14232,137.218
14233,137.245
14234,137.283
14235,137.300
14236,137.331
14237,137.349
14238,137.380
14239,137.398
14240,137.427
14241,137.444
14242,137.471
14243,137.476
14244,137.482
14245,137.489
14246,137.500
14247,137.540
14248,137.564
14249,137.603
14250,137.655
14251,137.676
14252,137.726
14253,137.755
14254,137.771
14255,137.810
14256,137.832
14257,137.871
14258,137.894
14259,137.936
14260,137.957
14261,137.986
14262,138.003
14263,138.033
14264,138.040
14265,138.048
14266,138.057
14267,138.063
14268,138.069
14269,138.097
14270,138.112
14271,138.122
14272,138.137
14273,138.148
14274,138.162
14275,138.173
14276,138.179
14277,138.186
14278,138.220
14279,138.238
14280,138.246
14281,138.254
14282,138.281
14283,138.287
14284,138.294
14285,138.300
14286,138.327
14287,138.342
14288,138.381
14289,138.417
14290,138.433
14291,138.466
14292,138.484
14293,138.492
14294,138.519
14295,138.525
14296,138.532
14297,138.543
14298,138.559
14299,138.566
14300,138.572
14301,138.579
14302,138.591
14303,138.607
14304,138.619
14305,138.625
14306,138.632
14307,138.640
14308,138.676
14309,138.696
14310,138.706
14311,138.734
14312,138.741
14313,138.748
14314,138.759
14315,138.775
14316,138.782
14317,138.788
14318,138.795
14319,138.822
14320,138.838
14321,138.864
14322,138.879
14323,138.906
14324,138.921
14325,138.948
14326,138.972
14327,139.013
14328,139.038
14329,139.084
14330,139.088
14331,139.098
14332,139.105
14333,139.118
14334,139.136
14335,139.190
14336,139.217
14337,139.230
14338,139.243
14339,139.256
14340,139.269
14341,139.281
14342,139.294
14343,139.307
14344,139.319
14345,139.332
14346,139.348
14347,139.364
14348,139.380
14349,139.389
14350,139.399
14351,139.427
14352,139.468
14353,139.486
14354,139.517
14355,139.533
14356,139.562
14357,139.586
14358,139.629
14359,139.647
14360,139.675
14361,139.690
14362,139.721
14363,139.736
14364,139.763
14365,139.778
14366,139.789
14367,139.795
14368,139.802
14369,139.808
14370,139.814
14371,139.841
14372,139.856
14373,139.883
14374,139.919
14375,139.934
14376,139.973
14377,139.993
14378,140.004
14379,140.029
14380,140.045
14381,140.051
14382,140.058
14383,140.069
14384,140.085
14385,140.113
14386,140.128
14387,140.156
14388,140.172
14389,140.203
14390,140.221
14391,140.252
14392,140.268
14393,140.301
14394,140.317
14395,140.347
14396,140.363
14397,140.392
14398,140.408
14399,140.415
14400,140.443
14401,140.456
14402,140.497
14403,140.520
14404,140.561
14405,140.585
14406,140.624
14407,140.646
14408,140.685
14409,140.708
14410,140.728
14411,140.751
14412,140.762
14413,140.802
14414,140.822
14415,140.870
14416,140.900
14417,140.938
14418,140.984
14419,141.020
14420,141.038
14421,141.046
14422,141.052
14423,141.059
14424,141.070
14425,141.084
14426,141.091
14427,141.097
14428,141.103
14429,141.109
14430,141.115
14431,141.147
14432,141.164
14433,141.191
14434,141.206
14435,141.235
14436,141.241
14437,141.247
14438,141.254
14439,141.261
14440,141.268
14441,141.299
14442,141.315
14443,141.326
14444,141.341
14445,141.352
14446,141.366
14447,141.378
14448,141.384
14449,141.390
14450,141.422
14451,141.440
14452,141.448
14453,141.458
14454,141.486
14455,141.493
14456,141.500
14457,141.529
14458,141.536
14459,141.542
14460,141.550
14461,141.579
14462,141.594
14463,141.631
14464,141.668
14465,141.682
14466,141.689
14467,141.722
14468,141.741
14469,141.749
14470,141.776
14471,141.782
14472,141.789
14473,141.800
14474,141.814
14475,141.821
14476,141.827
14477,141.833
14478,141.845
14479,141.860
14480,141.871
14481,141.885
14482,141.921
14483,141.951
14484,141.965
14485,141.978
14486,141.992
14487,142.006
14488,142.044
14489,142.066
14490,142.104
14491,142.114
14492,142.124
14493,142.134
14494,142.182
14495,142.207
14496,142.246
14497,142.255
14498,142.265
14499,142.283
14500,142.294
14501,142.307
14502,142.319
14503,142.351
14504,142.367
14505,142.399
14506,142.414
14507,142.422
14508,142.435
14509,142.442
14510,142.448
14511,142.454
14512,142.486
14513,142.505
14514,142.521
14515,142.554
14516,142.561
14517,142.567
14518,142.579
14519,142.593
14520,142.600
14521,142.607
14522,142.613
14523,142.624
14524,142.639
14525,142.650
14526,142.665
14527,142.700
14528,142.727
14529,142.728
14530,142.735
14531,142.742
14532,142.750
14533,142.778
14534,142.794
14535,142.821
14536,142.828
14537,142.835
14538,142.842
14539,142.878
14540,142.897
14541,142.926
14542,142.932
14543,142.939
14544,142.951
14545,142.957
14546,142.964
14547,142.971
14548,143.001
14549,143.017
14550,143.048
14551,143.066
14552,143.095
14553,143.112
14554,143.145
14555,143.164
14556,143.196
14557,143.214
14558,143.242
14559,143.259
14560,143.292
14561,143.308
14562,143.336
14563,143.351
14564,143.386
14565,143.410
14566,143.453
14567,143.477
14568,143.494
14569,143.504
14570,143.510
14571,143.517
14572,143.534
14573,143.544
14574,143.555
14575,143.563
14576,143.574
14577,143.585
14578,143.598
14579,143.616
14580,143.651
14581,143.660
14582,143.715
14583,143.754
14584,143.772
14585,143.789
14586,143.805
14587,143.815
14588,143.826
14589,143.838
14590,143.849
14591,143.859
14592,143.869
14593,143.881
14594,143.893
14595,143.903
14596,143.914
14597,143.924
14598,143.950
14599,143.957
14600,143.986
14601,143.992
14602,143.999
14603,144.038
14604,144.074
14605,144.089
14606,144.096
14607,144.108
14608,144.123
14609,144.130
14610,144.142
14611,144.148
14612,144.154
14613,144.160
14614,144.190
14615,144.206
14616,144.236
14617,144.253
14618,144.280
14619,144.295
14620,144.327
14621,144.346
14622,144.374
14623,144.389
14624,144.422
14625,144.439
14626,144.468
14627,144.483
14628,144.496
14629,144.502
14630,144.510
14631,144.516
14632,144.525
14633,144.532
14634,144.562
14635,144.580
14636,144.611
14637,144.632
14638,144.648
14639,144.656
14640,144.663
14641,144.674
14642,144.689
14643,144.717
14644,144.734
14645,144.763
14646,144.779
14647,144.807
14648,144.821
14649,144.861
14650,144.883
14651,144.929
14652,144.955
14653,144.995
14654,145.017
14655,145.037
14656,145.062
14657,145.074
14658,145.086
14659,145.102
14660,145.123
14661,145.161
14662,145.183
14663,145.221
14664,145.246
14665,145.259
14666,145.272
14667,145.300
14668,145.316
14669,145.348
14670,145.363
14671,145.394
14672,145.408
14673,145.415
14674,145.443
14675,145.457
14676,145.485
14677,145.499
14678,145.531
14679,145.546
14680,145.553
14681,145.560
14682,145.588
14683,145.602
14684,145.630
14685,145.644
14686,145.650
14687,145.656
14688,145.663
14689,145.692
14690,145.706
14691,145.735
14692,145.750
14693,145.777
14694,145.792
14695,145.829
14696,145.873
14697,145.912
14698,145.926
14699,145.933
14700,145.939
14701,145.946
14702,145.975
14703,145.990
14704,146.018
14705,146.033
14706,146.061
14707,146.077
14708,146.119
14709,146.168
14710,146.214
14711,146.234
14712,146.241
14713,146.249
14714,146.262
14715,146.277
14716,146.305
14717,146.321
14718,146.362
14719,146.385
14720,146.397
14721,146.408
14722,146.453
14723,146.478
14724,146.517
14725,146.538
14726,146.549
14727,146.590
14728,146.612
14729,146.653
14730,146.674
14731,146.685
14732,146.732
14733,146.762
14734,146.796
14735,146.812
14736,146.820
14737,146.853
14738,146.869
14739,146.907
14740,146.925
14741,146.935
14742,146.947
14743,146.983
14744,147.000
14745,147.030
14746,147.050
14747,147.058
14748,147.066
14749,147.078
14750,147.093
14751,147.106
14752,147.122
14753,147.129
14754,147.136
14755,147.148
14756,147.154
14757,147.161
14758,147.168
14759,147.202
14760,147.221
14761,147.230
14762,147.238
14763,147.246
14764,147.274
14765,147.290
14766,147.296
14767,147.303
14768,147.314
14769,147.321
14770,147.327
14771,147.334
14772,147.341
14773,147.348
14774,147.382
14775,147.400
14776,147.430
14777,147.446
14778,147.492
14779,147.515
14780,147.526
14781,147.539
14782,147.570
14783,147.586
14784,147.597
14785,147.604
14786,147.611
14787,147.617
14788,147.651
14789,147.668
14790,147.676
14791,147.704
14792,147.709
14793,147.717
14794,147.728
14795,147.743
14796,147.750
14797,147.784
14798,147.807
14799,147.852
14800,147.875
14801,147.887
14802,147.932
14803,147.954
14804,147.965
14805,147.976
14806,148.017
14807,148.026
14808,148.038
14809,148.048
14810,148.088
14811,148.097
14812,148.107
14813,148.124
14814,148.145
14815,148.158
14816,148.180
14817,148.201
14818,148.209
14819,148.217
14820,148.224
14821,148.264
14822,148.284
14823,148.294
14824,148.323
14825,148.330
14826,148.336
14827,148.348
14828,148.364
14829,148.371
14830,148.383
14831,148.391
14832,148.426
14833,148.444
14834,148.453
14835,148.482
14836,148.489
14837,148.495
14838,148.540
14839,148.563
14840,148.574
14841,148.618
14842,148.639
14843,148.651
14844,148.683
14845,148.701
14846,148.730
14847,148.746
14848,148.779
14849,148.795
14850,148.830
14851,148.848
14852,148.877
14853,148.894
14854,148.928
14855,148.946
14856,148.976
14857,148.992
14858,149.030
14859,149.048
14860,149.079
14861,149.095
14862,149.107
14863,149.120
14864,149.128
14865,149.134
14866,149.141
14867,149.151
14868,149.165
14869,149.178
14870,149.181
14871,149.185
14872,149.190
14873,149.194
14874,149.198
14875,149.205
14876,149.212
14877,149.219
14878,149.226
14879,149.232
14880,149.243
14881,149.255
14882,149.268
14883,149.279
14884,149.295
14885,149.306
14886,149.318
14887,149.330
14888,149.341
14889,149.351
14890,149.362
14891,149.373
14892,149.406
14893,149.417
14894,149.427
14895,149.437
14896,149.488
14897,149.506
14898,149.540
14899,149.551
14900,149.561
14901,149.574
14902,149.586
14903,149.598
14904,149.610
14905,149.632
14906,149.644
14907,149.648
14908,149.653
14909,149.666
14910,149.673
14911,149.678
14912,149.682
14913,149.696
14914,149.714
14915,149.721
14916,149.737
14917,149.755
14918,149.762
14919,149.773
14920,149.780
14921,149.784
14922,149.788
14923,149.800
14924,149.818
14925,149.825
14926,149.832
14927,149.847
14928,149.865
14929,149.873
14930,149.884
14931,149.891
14932,149.895
14933,149.900
14934,149.908
14935,149.918
14936,149.926
14937,149.937
14938,149.947
14939,149.951
14940,149.955
14941,149.958
14942,149.962
14943,149.972
14944,149.976
14945,149.979
14946,149.987
14947,149.998
14948,150.002
14949,150.006
14950,150.010
14951,150.020
14952,150.023
14953,150.027
14954,150.031
14955,150.035
14956,150.038
14957,150.048
14958,150.051
14959,150.054
14960,150.064
14961,150.068
14962,150.071
14963,150.075
14964,150.082
14965,150.093
14966,150.097
14967,150.101
14968,150.105
14969,150.114
14970,150.120
14971,150.124
14972,150.128
14973,150.132
14974,150.139
14975,150.150
14976,150.154
14977,150.158
14978,150.162
14979,150.169
14980,150.175
14981,150.181
14982,150.192
14983,150.208
14984,150.213
14985,150.224
14986,150.240
14987,150.246
14988,150.254
14989,150.261
14990,150.268
14991,150.274
14992,150.298
14993,150.305
14994,150.312
14995,150.319
14996,150.355
14997,150.368
14998,150.393
14999,150.401
15000,150.408
15001,150.424
15002,150.443
15003,150.450
15004,150.459
15005,150.467
15006,150.476
15007,150.488
15008,150.509
15009,150.516
15010,150.523
15011,150.530
15012,150.558
15013,150.564
15014,150.570
15015,150.581
15016,150.636
15017,150.668
15018,150.685
15019,150.720
15020,150.730
15021,150.740
15022,150.758
15023,150.767
15024,150.778
15025,150.788
15026,150.806
15027,150.829
15028,150.841
15029,150.858
15030,150.880
15031,150.892
15032,150.907
15033,150.927
15034,150.987
15035,151.011
15036,151.023
15037,151.053
15038,151.069
15039,151.083
15040,151.101
15041,151.108
15042,151.121
15043,151.136
15044,151.148
15045,151.164
15046,151.172
15047,151.188
15048,151.204
15049,151.213
15050,151.225
15051,151.245
15052,151.251
15053,151.258
15054,151.265
15055,151.272
15056,151.278
15057,151.292
15058,151.300
15059,151.307
15060,151.314
15061,151.321
15062,151.333
15063,151.350
15064,151.362
15065,151.369
15066,151.376
15067,151.383
15068,151.390
15069,151.397
15070,151.410
15071,151.427
15072,151.435
15073,151.447
15074,151.462
15075,151.469
15076,151.482
15077,151.489
15078,151.496
15079,151.508
15080,151.524
15081,151.532
15082,151.544
15083,151.565
15084,151.580
15085,151.587
15086,151.599
15087,151.614
15088,151.621
15089,151.633
15090,151.652
15091,151.659
15092,151.665
15093,151.672
15094,151.679
15095,151.686
15096,151.700
15097,151.716
15098,151.725
15099,151.732
15100,151.738
15101,151.745
15102,151.755
15103,151.768
15104,151.794
15105,151.800
15106,151.848
15107,151.880
15108,151.889
15109,151.899
15110,151.909
15111,151.920
15112,151.936
15113,151.953
15114,151.971
15115,151.989
15116,152.008
15117,152.025
15118,152.042
15119,152.060
15120,152.077
15121,152.094
15122,152.129
15123,152.138
15124,152.149
15125,152.166
15126,152.175
15127,152.185
15128,152.224
15129,152.233
15130,152.242
15131,152.252
15132,152.297
15133,152.308
15134,152.316
15135,152.355
15136,152.393
15137,152.409
15138,152.416
15139,152.430
15140,152.445
15141,152.452
15142,152.463
15143,152.469
15144,152.476
15145,152.483
15146,152.494
15147,152.500
15148,152.506
15149,152.517
15150,152.532
15151,152.563
15152,152.579
15153,152.612
15154,152.630
15155,152.660
15156,152.676
15157,152.710
15158,152.728
15159,152.756
15160,152.771
15161,152.804
15162,152.822
15163,152.850
15164,152.865
15165,152.878
15166,152.884
15167,152.891
15168,152.898
15169,152.905
15170,152.912
15171,152.941
15172,152.957
15173,152.987
15174,153.002
15175,153.010
15176,153.021
15177,153.037
15178,153.044
15179,153.058
15180,153.067
15181,153.075
15182,153.083
15183,153.091
15184,153.102
15185,153.121
15186,153.149
15187,153.165
15188,153.196
15189,153.212
15190,153.242
15191,153.259
15192,153.266
15193,153.273
15194,153.305
15195,153.320
15196,153.359
15197,153.383
15198,153.396
15199,153.443
15200,153.466
15201,153.509
15202,153.532
15203,153.542
15204,153.553
15205,153.570
15206,153.580
15207,153.591
15208,153.632
15209,153.642
15210,153.652
15211,153.662
15212,153.703
15213,153.713
15214,153.726
15215,153.739
15216,153.780
15217,153.796
15218,153.828
15219,153.844
15220,153.852
15221,153.859
15222,153.868
15223,153.906
15224,153.952
15225,153.997
15226,154.012
15227,154.019
15228,154.026
15229,154.033
15230,154.072
15231,154.118
15232,154.160
15233,154.176
15234,154.207
15235,154.222
15236,154.252
15237,154.267
15238,154.301
15239,154.319
15240,154.351
15241,154.367
15242,154.382
15243,154.402
15244,154.410
15245,154.419
15246,154.430
15247,154.446
15248,154.478
15249,154.494
15250,154.526
15251,154.542
15252,154.550
15253,154.557
15254,154.590
15255,154.606
15256,154.642
15257,154.658
15258,154.691
15259,154.708
15260,154.715
15261,154.747
15262,154.762
15263,154.796
15264,154.812
15265,154.844
15266,154.862
15267,154.875
15268,154.888
15269,154.934
15270,154.961
15271,155.002
15272,155.027
15273,155.068
15274,155.089
15275,155.131
15276,155.154
15277,155.197
15278,155.218
15279,155.229
15280,155.240
15281,155.250
15282,155.309
15283,155.359
15284,155.402
15285,155.418
15286,155.427
15287,155.435
15288,155.442
15289,155.479
15290,155.524
15291,155.567
15292,155.587
15293,155.594
15294,155.602
15295,155.613
15296,155.629
15297,155.660
15298,155.678
15299,155.710
15300,155.727
15301,155.736
15302,155.744
15303,155.775
15304,155.794
15305,155.827
15306,155.842
15307,155.850
15308,155.887
15309,155.906
15310,155.940
15311,155.960
15312,155.968
15313,156.005
15314,156.026
15315,156.059
15316,156.076
15317,156.084
15318,156.116
15319,156.132
15320,156.168
15321,156.186
15322,156.220
15323,156.239
15324,156.271
15325,156.279
15326,156.286
15327,156.294
15328,156.302
15329,156.310
15330,156.318
15331,156.325
15332,156.336
15333,156.351
15334,156.381
15335,156.388
15336,156.395
15337,156.440
15338,156.451
15339,156.463
15340,156.476
15341,156.488
15342,156.509
15343,156.519
15344,156.530
15345,156.542
15346,156.552
15347,156.570
15348,156.592
15349,156.610
15350,156.620
15351,156.631
15352,156.643
15353,156.654
15354,156.703
15355,156.728
15356,156.776
15357,156.806
15358,156.821
15359,156.853
15360,156.860
15361,156.868
15362,156.877
15363,156.885
15364,156.919
15365,156.935
15366,156.942
15367,156.950
15368,156.963
15369,156.979
15370,156.986
15371,156.994
15372,157.007
15373,157.014
15374,157.022
15375,157.059
15376,157.078
15377,157.087
15378,157.095
15379,157.104
15380,157.135
15381,157.150
15382,157.158
15383,157.165
15384,157.176
15385,157.182
15386,157.191
15387,157.198
15388,157.205
15389,157.241
15390,157.260
15391,157.297
15392,157.322
15393,157.330
15394,157.337
15395,157.376
15396,157.395
15397,157.404
15398,157.413
15399,157.471
15400,157.515
15401,157.523
15402,157.529
15403,157.536
15404,157.544
15405,157.552
15406,157.565
15407,157.585
15408,157.593
15409,157.606
15410,157.623
15411,157.663
15412,157.681
15413,157.690
15414,157.699
15415,157.729
15416,157.736
15417,157.743
15418,157.759
15419,157.776
15420,157.784
15421,157.815
15422,157.866
15423,157.891
15424,157.904
15425,157.953
15426,157.962
15427,157.974
15428,157.986
15429,158.038
15430,158.051
15431,158.063
15432,158.075
15433,158.087
15434,158.101
15435,158.143
15436,158.153
15437,158.164
15438,158.175
15439,158.186
15440,158.203
15441,158.215
15442,158.228
15443,158.242
15444,158.256
15445,158.292
15446,158.310
15447,158.318
15448,158.325
15449,158.363
15450,158.381
15451,158.390
15452,158.421
15453,158.427
15454,158.434
15455,158.442
15456,158.450
15457,158.461
15458,158.477
15459,158.488
15460,158.506
15461,158.514
15462,158.523
15463,158.531
15464,158.543
15465,158.560
15466,158.568
15467,158.602
15468,158.610
15469,158.617
15470,158.624
15471,158.631
15472,158.666
15473,158.685
15474,158.693
15475,158.723
15476,158.739
15477,158.750
15478,158.767
15479,158.774
15480,158.782
15481,158.789
15482,158.823
15483,158.839
15484,158.869
15485,158.885
15486,158.892
15487,158.904
15488,158.910
15489,158.917
15490,158.924
15491,158.932
15492,158.939
15493,158.978
15494,158.999
15495,159.035
15496,159.052
15497,159.064
15498,159.081
15499,159.088
15500,159.096
15501,159.104
15502,159.137
15503,159.153
15504,159.186
15505,159.194
15506,159.202
15507,159.209
15508,159.217
15509,159.224
15510,159.243
15511,159.254
15512,159.266
15513,159.279
15514,159.291
15515,159.304
15516,159.356
15517,159.386
15518,159.430
15519,159.454
15520,159.467
15521,159.479
15522,159.523
15523,159.532
15524,159.543
15525,159.554
15526,159.602
15527,159.632
15528,159.649
15529,159.679
15530,159.686
15531,159.694
15532,159.702
15533,159.710
15534,159.722
15535,159.739
15536,159.751
15537,159.766
15538,159.774
15539,159.781
15540,159.788
15541,159.799
15542,159.816
15543,159.823
15544,159.854
15545,159.861
15546,159.868
15547,159.875
15548,159.882
15549,159.918
15550,159.935
15551,159.943
15552,159.973
15553,159.989
15554,160.000
15555,160.015
15556,160.022
15557,160.029
15558,160.059
15559,160.075
15560,160.106
15561,160.112
15562,160.120
15563,160.127
15564,160.135
15565,160.142
15566,160.180
15567,160.200
15568,160.230
15569,160.246
15570,160.258
15571,160.274
15572,160.282
15573,160.289
15574,160.320
15575,160.336
15576,160.369
15577,160.376
15578,160.384
15579,160.393
15580,160.401
15581,160.410
15582,160.450
15583,160.472
15584,160.512
15585,160.533
15586,160.565
15587,160.581
15588,160.615
15589,160.631
15590,160.681
15591,160.710
15592,160.755
15593,160.779
15594,160.826
15595,160.851
15596,160.893
15597,160.916
15598,160.967
15599,160.995
15600,161.037
15601,161.059
15602,161.072
15603,161.084
15604,161.096
15605,161.106
15606,161.137
15607,161.182
15608,161.214
15609,161.226
15610,161.233
15611,161.242
15612,161.249
15613,161.256
15614,161.265
15615,161.272
15616,161.278
15617,161.305
15618,161.311
15619,161.317
15620,161.324
15621,161.331
15622,161.359
15623,161.369
15624,161.377
15625,161.385
15626,161.396
15627,161.403
15628,161.411
15629,161.417
15630,161.423
15631,161.429
15632,161.438
15633,161.443
15634,161.449
15635,161.495
15636,161.525
15637,161.536
15638,161.546
15639,161.557
15640,161.568
15641,161.579
15642,161.590
15643,161.601
15644,161.612
15645,161.623
15646,161.634
15647,161.645
15648,161.656
15649,161.667
15650,161.680
15651,161.709
15652,161.716
15653,161.722
15654,161.735
15655,161.741
15656,161.748
15657,161.760
15658,161.767
15659,161.775
15660,161.782
15661,161.812
15662,161.819
15663,161.826
15664,161.833
15665,161.865
15666,161.872
15667,161.879
15668,161.909
15669,161.916
15670,161.922
15671,161.929
15672,161.968
15673,162.005
15674,162.021
15675,162.028
15676,162.040
15677,162.056
15678,162.068
15679,162.087
15680,162.098
15681,162.111
15682,162.122
15683,162.141
15684,162.153
15685,162.163
15686,162.181
15687,162.203
15688,162.252
15689,162.274
15690,162.322
15691,162.348
15692,162.387
15693,162.408
15694,162.456
15695,162.487
15696,162.521
15697,162.538
15698,162.574
15699,162.594
15700,162.627
15701,162.642
15702,162.654
15703,162.661
15704,162.668
15705,162.674
15706,162.681
15707,162.688
15708,162.720
15709,162.737
15710,162.766
15711,162.782
15712,162.789
15713,162.801
15714,162.817
15715,162.824
15716,162.837
15717,162.845
15718,162.853
15719,162.860
15720,162.867
15721,162.877
15722,162.892
15723,162.924
15724,162.939
15725,162.970
15726,162.986
15727,163.016
15728,163.032
15729,163.040
15730,163.047
15731,163.079
15732,163.095
15733,163.128
15734,163.143
15735,163.150
15736,163.183
15737,163.200
15738,163.232
15739,163.248
15740,163.256
15741,163.263
15742,163.275
15743,163.282
15744,163.289
15745,163.323
15746,163.330
15747,163.338
15748,163.345
15749,163.378
15750,163.385
15751,163.393
15752,163.401
15753,163.434
15754,163.452
15755,163.485
15756,163.502
15757,163.509
15758,163.515
15759,163.526
15760,163.585
15761,163.653
15762,163.713
15763,163.735
15764,163.746
15765,163.758
15766,163.769
15767,163.828
15768,163.891
15769,163.951
15770,163.979
15771,164.026
15772,164.045
15773,164.086
15774,164.103
15775,164.143
15776,164.163
15777,164.194
15778,164.210
15779,164.226
15780,164.245
15781,164.253
15782,164.260
15783,164.272
15784,164.288
15785,164.322
15786,164.339
15787,164.371
15788,164.388
15789,164.395
15790,164.403
15791,164.435
15792,164.451
15793,164.483
15794,164.499
15795,164.529
15796,164.545
15797,164.552
15798,164.585
15799,164.601
15800,164.637
15801,164.652
15802,164.688
15803,164.705
15804,164.713
15805,164.720
15806,164.752
15807,164.769
15808,164.800
15809,164.817
15810,164.850
15811,164.867
15812,164.901
15813,164.919
15814,164.951
15815,164.967
15816,164.975
15817,164.982
15818,164.990
15819,165.030
15820,165.078
15821,165.120
15822,165.147
15823,165.159
15824,165.172
15825,165.184
15826,165.242
15827,165.303
15828,165.359
15829,165.385
15830,165.398
15831,165.410
15832,165.426
15833,165.448
15834,165.491
15835,165.518
15836,165.564
15837,165.583
15838,165.591
15839,165.599
15840,165.634
15841,165.654
15842,165.686
15843,165.702
15844,165.709
15845,165.743
15846,165.760
15847,165.793
15848,165.810
15849,165.817
15850,165.851
15851,165.869
15852,165.900
15853,165.916
15854,165.923
15855,165.955
15856,165.971
15857,166.004
15858,166.021
15859,166.055
15860,166.073
15861,166.105
15862,166.113
15863,166.125
15864,166.131
15865,166.140
15866,166.148
15867,166.157
15868,166.166
15869,166.178
15870,166.194
15871,166.227
15872,166.235
15873,166.243
15874,166.277
15875,166.283
15876,166.291
15877,166.299
15878,166.306
15879,166.318
15880,166.325
15881,166.332
15882,166.340
15883,166.347
15884,166.359
15885,166.376
15886,166.390
15887,166.408
15888,166.416
15889,166.424
15890,166.432
15891,166.444
15892,166.460
15893,166.469
15894,166.507
15895,166.527
15896,166.536
15897,166.568
15898,166.586
15899,166.632
15900,166.643
15901,166.656
15902,166.669
15903,166.683
15904,166.727
15905,166.749
15906,166.761
15907,166.772
15908,166.791
15909,166.814
15910,166.826
15911,166.838
15912,166.856
15913,166.878
15914,166.890
15915,166.907
15916,166.929
15917,166.941
15918,166.961
15919,166.988
15920,167.002
15921,167.010
15922,167.018
15923,167.031
15924,167.048
15925,167.056
15926,167.070
15927,167.089
15928,167.096
15929,167.104
15930,167.112
15931,167.120
15932,167.131
15933,167.146
15934,167.153
15935,167.165
15936,167.182
15937,167.189
15938,167.200
15939,167.217
15940,167.225
15941,167.233
15942,167.245
15943,167.251
15944,167.259
15945,167.266
15946,167.273
15947,167.310
15948,167.328
15949,167.358
15950,167.378
15951,167.394
15952,167.405
15953,167.422
15954,167.429
15955,167.484
15956,167.527
15957,167.535
15958,167.542
15959,167.550
15960,167.557
15961,167.564
15962,167.577
15963,167.583
15964,167.591
15965,167.598
15966,167.606
15967,167.613
15968,167.649
15969,167.668
15970,167.677
15971,167.710
15972,167.730
15973,167.739
15974,167.751
15975,167.758
15976,167.766
15977,167.773
15978,167.780
15979,167.791
15980,167.798
15981,167.805
15982,167.813
15983,167.820
15984,167.854
15985,167.871
15986,167.879
15987,167.886
15988,167.933
15989,167.961
15990,167.976
15991,168.021
15992,168.031
15993,168.042
15994,168.054
15995,168.066
15996,168.083
15997,168.104
15998,168.125
15999,168.144
16000,168.156
16001,168.170
16002,168.184
16003,168.204
16004,168.227
16005,168.239
16006,168.286
16007,168.299
16008,168.313
16009,168.328
16010,168.337
16011,168.381
16012,168.401
16013,168.410
16014,168.444
16015,168.460
16016,168.472
16017,168.489
16018,168.496
16019,168.505
16020,168.513
16021,168.545
16022,168.562
16023,168.595
16024,168.611
16025,168.619
16026,168.632
16027,168.639
16028,168.647
16029,168.655
16030,168.663
16031,168.670
16032,168.708
16033,168.728
16034,168.760
16035,168.777
16036,168.789
16037,168.806
16038,168.812
16039,168.821
16040,168.828
16041,168.863
16042,168.881
16043,168.914
16044,168.922
16045,168.930
16046,168.938
16047,168.946
16048,168.954
16049,168.967
16050,168.975
16051,168.983
16052,168.991
16053,168.999
16054,169.007
16055,169.047
16056,169.068
16057,169.104
16058,169.125
16059,169.131
16060,169.141
16061,169.176
16062,169.184
16063,169.191
16064,169.200
16065,169.240
16066,169.261
16067,169.270
16068,169.303
16069,169.311
16070,169.318
16071,169.331
16072,169.345
16073,169.365
16074,169.391
16075,169.411
16076,169.437
16077,169.449
16078,169.461
16079,169.474
16080,169.492
16081,169.514
16082,169.527
16083,169.572
16084,169.584
16085,169.596
16086,169.608
16087,169.619
16088,169.672
16089,169.703
16090,169.718
16091,169.758
16092,169.777
16093,169.790
16094,169.809
16095,169.817
16096,169.825
16097,169.861
16098,169.878
16099,169.910
16100,169.918
16101,169.926
16102,169.933
16103,169.941
16104,169.949
16105,169.988
16106,170.008
16107,170.040
16108,170.057
16109,170.070
16110,170.086
16111,170.094
16112,170.102
16113,170.134
16114,170.150
16115,170.182
16116,170.190
16117,170.197
16118,170.204
16119,170.212
16120,170.219
16121,170.258
16122,170.278
16123,170.315
16124,170.334
16125,170.365
16126,170.381
16127,170.416
16128,170.434
16129,170.469
16130,170.487
16131,170.518
16132,170.534
16133,170.572
16134,170.591
16135,170.624
16136,170.640
16137,170.675
16138,170.694
16139,170.725
16140,170.741
16141,170.748
16142,170.755
16143,170.762
16144,170.812
16145,170.822
16146,170.832
16147,170.843
16148,170.854
16149,170.889
16150,170.900
16151,170.912
16152,170.923
16153,170.933
16154,170.944
16155,170.957
16156,170.968
16157,170.979
16158,170.990
16159,171.024
16160,171.036
16161,171.046
16162,171.057
16163,171.096
16164,171.102
16165,171.116
16166,171.131
16167,171.144
16168,171.155
16169,171.176
16170,171.216
16171,171.223
16172,171.230
16173,171.239
16174,171.246
16175,171.261
16176,171.278
16177,171.286
16178,171.295
16179,171.303
16180,171.314
16181,171.323
16182,171.335
16183,171.342
16184,171.367
16185,171.399
16186,171.415
16187,171.424
16188,171.431
16189,171.442
16190,171.449
16191,171.457
16192,171.464
16193,171.472
16194,171.479
16195,171.515
16196,171.528
16197,171.555
16198,171.571
16199,171.578
16200,171.585
16201,171.593
16202,171.600
16203,171.636
16204,171.649
16205,171.677
16206,171.693
16207,171.701
16208,171.710
16209,171.718
16210,171.729
16211,171.739
16212,171.747
16213,171.755
16214,171.763
16215,171.771
16216,171.781
16217,171.791
16218,171.820
16219,171.853
16220,171.865
16221,171.872
16222,171.879
16223,171.888
16224,171.899
16225,171.907
16226,171.916
16227,171.928
16228,171.937
16229,171.944
16230,171.951
16231,171.961
16232,171.971
16233,171.979
16234,171.989
16235,172.003
16236,172.014
16237,172.021
16238,172.027
16239,172.034
16240,172.043
16241,172.052
16242,172.065
16243,172.076
16244,172.083
16245,172.093
16246,172.099
16247,172.106
16248,172.146
16249,172.189
16250,172.207
16251,172.219
16252,172.231
16253,172.243
16254,172.258
16255,172.273
16256,172.284
16257,172.299
16258,172.308
16259,172.319
16260,172.329
16261,172.345
16262,172.361
16263,172.376
16264,172.392
16265,172.403
16266,172.415
16267,172.424
16268,172.436
16269,172.449
16270,172.466
16271,172.477
16272,172.483
16273,172.490
16274,172.528
16275,172.539
16276,172.567
16277,172.580
16278,172.587
16279,172.598
16280,172.613
16281,172.625
16282,172.638
16283,172.655
16284,172.669
16285,172.676
16286,172.682
16287,172.687
16288,172.692
16289,172.701
16290,172.708
16291,172.715
16292,172.722
16293,172.731
16294,172.773
16295,172.787
16296,172.797
16297,172.823
16298,172.836
16299,172.842
16300,172.849
16301,172.866
16302,172.871
16303,172.876
16304,172.881
16305,172.892
16306,172.898
16307,172.913
16308,172.918
16309,172.923
16310,172.927
16311,172.940
16312,172.956
16313,172.964
16314,172.971
16315,172.980
16316,172.988
16317,173.001
16318,173.026
16319,173.043
16320,173.051
16321,173.059
16322,173.068
16323,173.077
16324,173.087
16325,173.096
16326,173.107
16327,173.118
16328,173.132
16329,173.140
16330,173.150
16331,173.165
16332,173.174
16333,173.181
16334,173.189
16335,173.197
16336,173.205
16337,173.213
16338,173.220
16339,173.229
16340,173.238
16341,173.247
16342,173.260
16343,173.278
16344,173.292
16345,173.309
16346,173.322
16347,173.339
16348,173.351
16349,173.369
16350,173.411
16351,173.432
16352,173.442
16353,173.458
16354,173.499
16355,173.528
16356,173.549
16357,173.576
16358,173.586
16359,173.599
16360,173.611
16361,173.623
16362,173.638
16363,173.654
16364,173.666
16365,173.679
16366,173.692
16367,173.705
16368,173.717
16369,173.728
16370,173.745
16371,173.764
16372,173.777
16373,173.789
16374,173.810
16375,173.826
16376,173.838
16377,173.847
16378,173.856
16379,173.869
16380,173.883
16381,173.894
16382,173.902
16383,173.911
16384,173.922
16385,173.954
16386,173.988
16387,174.001
16388,174.009
16389,174.035
16390,174.045
16391,174.054
16392,174.063
16393,174.072
16394,174.085
16395,174.092
16396,174.102
16397,174.113
16398,174.124
16399,174.132
16400,174.139
16401,174.147
16402,174.155
16403,174.164
16404,174.176
16405,174.185
16406,174.196
16407,174.205
16408,174.215
16409,174.222
16410,174.230
16411,174.238
16412,174.250
16413,174.263
16414,174.271
16415,174.279
16416,174.287
16417,174.295
16418,174.307
16419,174.314
16420,174.326
16421,174.343
16422,174.355
16423,174.372
16424,174.385
16425,174.392
16426,174.399
16427,174.408
16428,174.414
16429,174.426
16430,174.430
16431,174.436
16432,174.446
16433,174.466
16434,174.471
16435,174.476
16436,174.487
16437,174.493
16438,174.501
16439,174.510
16440,174.517
16441,174.524
16442,174.532
16443,174.541
16444,174.586
16445,174.602
16446,174.612
16447,174.653
16448,174.668
16449,174.698
16450,174.704
16451,174.709
16452,174.723
16453,174.728
16454,174.733
16455,174.739
16456,174.745
16457,174.751
16458,174.764
16459,174.774
16460,174.794
16461,174.800
16462,174.807
16463,174.815
16464,174.830
16465,174.836
16466,174.850
16467,174.856
16468,174.875
16469,174.885
16470,174.892
16471,174.899
16472,174.905
16473,174.916
16474,174.927
16475,174.938
16476,174.949
16477,174.960
16478,174.971
16479,174.989
16480,175.012
16481,175.024
16482,175.035
16483,175.046
16484,175.065
16485,175.094
16486,175.124
16487,175.137
16488,175.151
16489,175.175
16490,175.183
16491,175.193
16492,175.201
16493,175.246
16494,175.268
16495,175.278
16496,175.290
16497,175.301
16498,175.311
16499,175.320
16500,175.329
16501,175.339
16502,175.348
16503,175.357
16504,175.367
16505,175.376
16506,175.386
16507,175.395
16508,175.406
16509,175.437
16510,175.453
16511,175.487
16512,175.504
16513,175.535
16514,175.550
16515,175.583
16516,175.601
16517,175.631
16518,175.646
16519,175.679
16520,175.696
16521,175.724
16522,175.740
16523,175.752
16524,175.767
16525,175.774
16526,175.781
16527,175.812
16528,175.829
16529,175.859
16530,175.898
16531,175.905
16532,175.912
16533,175.919
16534,175.959
16535,176.000
16536,176.017
16537,176.025
16538,176.032
16539,176.044
16540,176.060
16541,176.092
16542,176.107
16543,176.137
16544,176.143
16545,176.151
16546,176.158
16547,176.188
16548,176.205
16549,176.266
16550,176.324
16551,176.348
16552,176.388
16553,176.411
16554,176.428
16555,176.450
16556,176.461
16557,176.480
16558,176.502
16559,176.520
16560,176.543
16561,176.553
16562,176.594
16563,176.623
16564,176.634
16565,176.670
16566,176.711
16567,176.728
16568,176.735
16569,176.743
16570,176.776
16571,176.792
16572,176.831
16573,176.870
16574,176.887
16575,176.917
16576,176.932
16577,176.945
16578,176.960
16579,176.968
16580,176.980
16581,176.996
16582,177.026
16583,177.033
16584,177.040
16585,177.070
16586,177.117
16587,177.154
16588,177.169
16589,177.180
16590,177.195
16591,177.204
16592,177.241
16593,177.260
16594,177.291
16595,177.307
16596,177.340
16597,177.356
16598,177.364
16599,177.394
16600,177.411
16601,177.417
16602,177.425
16603,177.433
16604,177.470
16605,177.489
16606,177.499
16607,177.532
16608,177.548
16609,177.559
16610,177.575
16611,177.583
16612,177.590
16613,177.598
16614,177.635
16615,177.654
16616,177.663
16617,177.694
16618,177.718
16619,177.764
16620,177.791
16621,177.831
16622,177.853
16623,177.894
16624,177.915
16625,177.957
16626,177.983
16627,178.021
16628,178.043
16629,178.084
16630,178.107
16631,178.153
16632,178.171
16633,178.202
16634,178.220
16635,178.248
16636,178.265
16637,178.303
16638,178.322
16639,178.331
16640,178.341
16641,178.349
16642,178.358
16643,178.366
16644,178.375
16645,178.384
16646,178.392
16647,178.401
16648,178.411
16649,178.420
16650,178.429
16651,178.439
16652,178.448
16653,178.486
16654,178.524
16655,178.543
16656,178.550
16657,178.580
16658,178.596
16659,178.603
16660,178.633
16661,178.648
16662,178.655
16663,178.667
16664,178.683
16665,178.695
16666,178.710
16667,178.716
16668,178.759
16669,178.780
16670,178.792
16671,178.842
16672,178.842
16673,178.852
16674,178.860
16675,178.869
16676,178.902
16677,178.918
16678,178.926
16679,178.959
16680,178.978
16681,178.986
16682,179.022
16683,179.041
16684,179.050
16685,179.081
16686,179.099
16687,179.107
16688,179.114
16689,179.120
16690,179.163
16691,179.188
16692,179.200
16693,179.220
16694,179.244
16695,179.262
16696,179.285
16697,179.296
16698,179.352
16699,179.385
16700,179.405
16701,179.424
16702,179.471
16703,179.499
16704,179.510
16705,179.528
16706,179.572
16707,179.588
16708,179.597
16709,179.631
16710,179.652
16711,179.660
16712,179.699
16713,179.719
16714,179.726
16715,179.759
16716,179.777
16717,179.785
16718,179.793
16719,179.801
16720,179.832
16721,179.848
16722,179.856
16723,179.868
16724,179.884
16725,179.896
16726,179.911
16727,179.918
16728,179.960
16729,179.981
16730,179.992
16731,180.002
16732,180.037
16733,180.057
16734,180.089
16735,180.107
16736,180.115
16737,180.123
16738,180.131
16739,180.161
16740,180.180
16741,180.189
16742,180.197
16743,180.228
16744,180.246
16745,180.254
16746,180.261
16747,180.292
16748,180.308
16749,180.321
16750,180.338
16751,180.345
16752,180.358
16753,180.374
16754,180.387
16755,180.405
16756,180.414
16757,180.447
16758,180.463
16759,180.506
16760,180.528
16761,180.540
16762,180.551
16763,180.586
16764,180.616
16765,180.660
16766,180.689
16767,180.703
16768,180.715
16769,180.726
16770,180.766
16771,180.790
16772,180.801
16773,180.813
16774,180.854
16775,180.878
16776,180.896
16777,180.919
16778,180.930
16779,180.947
16780,180.970
16781,180.991
16782,181.019
16783,181.030
16784,181.043
16785,181.059
16786,181.067
16787,181.102
16788,181.121
16789,181.132
16790,181.162
16791,181.178
16792,181.187
16793,181.230
16794,181.251
16795,181.263
16796,181.275
16797,181.286
16798,181.317
16799,181.333
16800,181.341
16801,181.348
16802,181.380
16803,181.398
16804,181.406
16805,181.443
16806,181.463
16807,181.506
16808,181.526
16809,181.537
16810,181.547
16811,181.558
16812,181.590
16813,181.607
16814,181.614
16815,181.622
16816,181.629
16817,181.666
16818,181.686
16819,181.695
16820,181.704
16821,181.734
16822,181.751
16823,181.764
16824,181.780
16825,181.788
16826,181.801
16827,181.817
16828,181.831
16829,181.848
16830,181.856
16831,181.889
16832,181.907
16833,181.939
16834,181.955
16835,181.962
16836,182.001
16837,182.022
16838,182.056
16839,182.080
16840,182.093
16841,182.139
16842,182.167
16843,182.179
16844,182.220
16845,182.246
16846,182.259
16847,182.318
16848,182.350
16849,182.368
16850,182.385
16851,182.402
16852,182.446
16853,182.474
16854,182.488
16855,182.500
16856,182.533
16857,182.554
16858,182.563
16859,182.602
16860,182.624
16861,182.665
16862,182.687
16863,182.698
16864,182.708
16865,182.719
16866,182.761
16867,182.781
16868,182.792
16869,182.803
16870,182.813
16871,182.842
16872,182.858
16873,182.865
16874,182.872
16875,182.901
16876,182.917
16877,182.924
16878,182.936
16879,182.951
16880,182.963
16881,182.979
16882,182.985
16883,183.027
16884,183.048
16885,183.059
16886,183.071
16887,183.109
16888,183.129
16889,183.161
16890,183.179
16891,183.187
16892,183.195
16893,183.203
16894,183.232
16895,183.249
16896,183.257
16897,183.265
16898,183.295
16899,183.311
16900,183.344
16901,183.362
16902,183.370
16903,183.378
16904,183.408
16905,183.423
16906,183.432
16907,183.446
16908,183.473
16909,183.479
16910,183.505
16911,183.510
16912,183.548
16913,183.562
16914,183.573
16915,183.620
16916,183.638
16917,183.674
16918,183.686
16919,183.723
16920,183.737
16921,183.785
16922,183.830
16923,183.855
16924,183.861
16925,183.867
16926,183.873
16927,183.881
16928,183.889
16929,183.899
16930,183.918
16931,183.936
16932,183.947
16933,183.955
16934,183.963
16935,183.972
16936,183.982
16937,183.989
16938,183.999
16939,184.013
16940,184.020
16941,184.025
16942,184.029
16943,184.037
16944,184.046
16945,184.055
16946,184.064
16947,184.074
16948,184.083
16949,184.090
16950,184.101
16951,184.115
16952,184.124
16953,184.141
16954,184.149
16955,184.162
16956,184.170
16957,184.182
16958,184.186
16959,184.190
16960,184.194
16961,184.202
16962,184.214
16963,184.222
16964,184.229
16965,184.235
16966,184.243
16967,184.253
16968,184.266
16969,184.274
16970,184.282
16971,184.289
16972,184.295
16973,184.306
16974,184.313
16975,184.320
16976,184.328
16977,184.336
16978,184.344
16979,184.352
16980,184.359
16981,184.367
16982,184.375
16983,184.381
16984,184.390
16985,184.398
16986,184.405
16987,184.415
16988,184.428
16989,184.442
16990,184.462
16991,184.472
16992,184.489
16993,184.500
16994,184.517
16995,184.527
16996,184.545
16997,184.555
16998,184.573
16999,184.584
17000,184.602
17001,184.613
17002,184.631
17003,184.647
17004,184.672
17005,184.686
17006,184.697
17007,184.701
17008,184.706
17009,184.711
17010,184.723
17011,184.727
17012,184.732
17013,184.736
17014,184.741
17015,184.745
17016,184.756
17017,184.760
17018,184.765
17019,184.769
17020,184.773
17021,184.779
17022,184.782
17023,184.793
17024,184.797
17025,184.801
17026,184.805
17027,184.813
17028,184.827
17029,184.837
17030,184.841
17031,184.845
17032,184.855
17033,184.861
17034,184.891
17035,184.898
17036,184.925
17037,184.929
17038,184.935
17039,184.942
17040,184.948
17041,184.961
17042,184.980
17043,184.994
17044,185.012
17045,185.028
17046,185.038
17047,185.076
17048,185.076
17049,185.076
17050,185.076
17051,185.090
17052,185.095
17053,185.151
17054,185.152
17055,185.152
17056,185.152
17057,185.152
17058,185.166
17059,185.181
17060,185.205
17061,185.213
17062,185.229
17063,185.250
17064,185.277
17065,185.314
17066,185.342
17067,185.360
17068,185.379
17069,185.412
17070,185.422
17071,185.431
17072,185.440
17073,185.445
17074,185.450
17075,185.455
17076,185.484
17077,185.492
17078,185.499
17079,185.507
17080,185.514
17081,185.521
17082,185.530
17083,185.544
17084,185.562
17085,185.571
17086,185.579
17087,185.592
17088,185.613
17089,185.621
17090,185.629
17091,185.641
17092,185.649
17093,185.659
17094,185.668
17095,185.680
17096,185.699
17097,185.713
17098,185.731
17099,185.740
17100,185.749
17101,185.761
17102,185.779
17103,185.791
17104,185.808
17105,185.816
17106,185.823
17107,185.835
17108,185.853
17109,185.868
17110,185.886
17111,185.894
17112,185.937
17113,185.959
17114,185.969
17115,185.980
17116,185.990
17117,185.999
17118,186.009
17119,186.019
17120,186.029
17121,186.039
17122,186.050
17123,186.060
17124,186.071
17125,186.081
17126,186.091
17127,186.102
17128,186.135
17129,186.152
17130,186.190
17131,186.209
17132,186.242
17133,186.260
17134,186.299
17135,186.319
17136,186.368
17137,186.394
17138,186.445
17139,186.473
17140,186.516
17141,186.540
17142,186.559
17143,186.582
17144,186.595
17145,186.609
17146,186.621
17147,186.667
17148,186.692
17149,186.735
17150,186.799
17151,186.809
17152,186.818
17153,186.827
17154,186.873
17155,186.916
17156,186.933
17157,186.941
17158,186.948
17159,186.956
17160,186.969
17161,186.986
17162,187.018
17163,187.036
17164,187.069
17165,187.076
17166,187.085
17167,187.092
17168,187.125
17169,187.143
17170,187.189
17171,187.273
17172,187.273
17173,187.290
17174,187.352
17175,187.352
17176,187.353
17177,187.353
17178,187.358
17179,187.376
17180,187.413
17181,187.432
17182,187.476
17183,187.517
17184,187.536
17185,187.545
17186,187.554
17187,187.564
17188,187.573
17189,187.588
17190,187.610
17191,187.620
17192,187.631
17193,187.641
17194,187.684
17195,187.705
17196,187.741
17197,187.760
17198,187.774
17199,187.791
17200,187.800
17201,187.812
17202,187.828
17203,187.859
17204,187.867
17205,187.881
17206,187.930
17207,187.955
17208,187.980
17209,188.004
17210,188.017
17211,188.069
17212,188.098
17213,188.142
17214,188.165
17215,188.212
17216,188.234
17217,188.247
17218,188.316
17219,188.362
17220,188.380
17221,188.389
17222,188.429
17223,188.450
17224,188.458
17225,188.490
17226,188.506
17227,188.518
17228,188.534
17229,188.546
17230,188.564
17231,188.572
17232,188.581
17233,188.596
17234,188.615
17235,188.631
17236,188.650
17237,188.657
17238,188.666
17239,188.674
17240,188.688
17241,188.705
17242,188.743
17243,188.766
17244,188.776
17245,188.812
17246,188.829
17247,188.841
17248,188.857
17249,188.866
17250,188.874
17251,188.909
17252,188.927
17253,188.958
17254,188.974
17255,189.006
17256,189.023
17257,189.058
17258,189.076
17259,189.110
17260,189.129
17261,189.165
17262,189.183
17263,189.215
17264,189.234
17265,189.268
17266,189.285
17267,189.316
17268,189.334
17269,189.380
17270,189.411
17271,189.429
17272,189.446
17273,189.463
17274,189.479
17275,189.495
17276,189.510
17277,189.525
17278,189.540
17279,189.555
17280,189.571
17281,189.586
17282,189.603
17283,189.619
17284,189.635
17285,189.678
17286,189.734
17287,189.793
17288,189.810
17289,189.819
17290,189.853
17291,189.871
17292,189.880
17293,189.892
17294,189.908
17295,189.921
17296,189.937
17297,189.944
17298,189.952
17299,189.998
17300,190.019
17301,190.030
17302,190.064
17303,190.081
17304,190.093
17305,190.109
17306,190.117
17307,190.151
17308,190.169
17309,190.177
17310,190.210
17311,190.229
17312,190.237
17313,190.244
17314,190.275
17315,190.291
17316,190.299
17317,190.310
17318,190.325
17319,190.337
17320,190.353
17321,190.361
17322,190.368
17323,190.415
17324,190.436
17325,190.448
17326,190.481
17327,190.497
17328,190.510
17329,190.526
17330,190.534
17331,190.571
17332,190.590
17333,190.599
17334,190.633
17335,190.652
17336,190.661
17337,190.669
17338,190.701
17339,190.717
17340,190.725
17341,190.737
17342,190.753
17343,190.771
17344,190.796
17345,190.809
17346,190.878
17347,190.909
17348,190.927
17349,190.979
17350,191.010
17351,191.060
17352,191.087
17353,191.099
17354,191.112
17355,191.156
17356,191.188
17357,191.202
17358,191.238
17359,191.258
17360,191.266
17361,191.301
17362,191.319
17363,191.331
17364,191.347
17365,191.355
17366,191.367
17367,191.383
17368,191.396
17369,191.412
17370,191.420
17371,191.466
17372,191.488
17373,191.499
17374,191.540
17375,191.561
17376,191.594
17377,191.613
17378,191.621
17379,191.629
17380,191.663
17381,191.681
17382,191.691
17383,191.724
17384,191.742
17385,191.755
17386,191.773
17387,191.782
17388,191.795
17389,191.814
17390,191.828
17391,191.846
17392,191.855
17393,191.869
17394,191.886
17395,191.895
17396,191.929
17397,191.948
17398,191.957
17399,192.006
17400,192.029
17401,192.042
17402,192.054
17403,192.088
17404,192.106
17405,192.115
17406,192.128
17407,192.145
17408,192.154
17409,192.163
17410,192.199
17411,192.220
17412,192.235
17413,192.303
17414,192.342
17415,192.360
17416,192.380
17417,192.434
17418,192.464
17419,192.513
17420,192.538
17421,192.551
17422,192.563
17423,192.610
17424,192.641
17425,192.657
17426,192.692
17427,192.711
17428,192.720
17429,192.733
17430,192.750
17431,192.764
17432,192.782
17433,192.790
17434,192.802
17435,192.819
17436,192.827
17437,192.862
17438,192.880
17439,192.889
17440,192.933
17441,192.956
17442,192.968
17443,192.980
17444,193.013
17445,193.029
17446,193.037
17447,193.049
17448,193.065
17449,193.073
17450,193.081
17451,193.115
17452,193.133
17453,193.141
17454,193.185
17455,193.206
17456,193.217
17457,193.229
17458,193.268
17459,193.289
17460,193.334
17461,193.357
17462,193.368
17463,193.379
17464,193.414
17465,193.432
17466,193.441
17467,193.475
17468,193.492
17469,193.500
17470,193.513
17471,193.529
17472,193.541
17473,193.558
17474,193.566
17475,193.610
17476,193.629
17477,193.649
17478,193.705
17479,193.737
17480,193.784
17481,193.810
17482,193.823
17483,193.835
17484,193.878
17485,193.904
17486,193.916
17487,193.958
17488,193.981
17489,194.029
17490,194.060
17491,194.073
17492,194.107
17493,194.125
17494,194.136
17495,194.148
17496,194.155
17497,194.164
17498,194.194
17499,194.206
17500,194.244
17501,194.259
17502,194.285
17503,194.294
17504,194.301
17505,194.308
17506,194.318
17507,194.329
17508,194.427
17509,194.438
17510,194.449
17511,194.460
17512,194.470
17513,194.480
17514,194.491
17515,194.557
17516,194.627
17517,194.657
17518,194.668
17519,194.677
17520,194.687
17521,194.694
17522,194.704
17523,194.744
17524,194.758
17525,194.786
17526,194.800
17527,194.808
17528,194.818
17529,194.823
17530,194.829
17531,194.834
17532,194.860
17533,194.870
17534,194.900
17535,194.906
17536,194.913
17537,194.941
17538,194.973
17539,194.977
17540,194.981
17541,194.988
17542,194.997
17543,195.005
17544,195.015
17545,195.022
17546,195.031
17547,195.040
17548,195.044
17549,195.058
17550,195.064
17551,195.079
17552,195.101
17553,195.116
17554,195.141
17555,195.159
17556,195.175
17557,195.181
17558,195.187
17559,195.193
17560,195.209
17561,195.229
17562,195.242
17563,195.266
17564,195.293
17565,195.300
17566,195.307
17567,195.314
17568,195.321
17569,195.335
17570,195.353
17571,195.365
17572,195.389
17573,195.408
17574,195.415
17575,195.427
17576,195.448
17577,195.464
17578,195.485
17579,195.496
17580,195.510
17581,195.520
17582,195.525
17583,195.531
17584,195.536
17585,195.542
17586,195.548
17587,195.558
17588,195.573
17589,195.580
17590,195.591
17591,195.605
17592,195.615
17593,195.628
17594,195.638
17595,195.651
17596,195.661
17597,195.675
17598,195.684
17599,195.698
17600,195.709
17601,195.721
17602,195.731
17603,195.744
17604,195.754
17605,195.768
17606,195.782
17607,195.801
17608,195.812
17609,195.826
17610,195.839
17611,195.856
17612,195.864
17613,195.876
17614,195.880
17615,195.885
17616,195.891
17617,195.896
17618,195.905
17619,195.918
17620,195.927
17621,195.941
17622,195.951
17623,195.965
17624,195.970
17625,195.975
17626,195.987
17627,195.991
17628,195.995
17629,196.000
17630,196.004
17631,196.008
17632,196.016
17633,196.034
17634,196.051
17635,196.069
17636,196.083
17637,196.088
17638,196.094
17639,196.103
17640,196.118
17641,196.127
17642,196.141
17643,196.146
17644,196.153
17645,196.161
17646,196.169
17647,196.178
17648,196.190
17649,196.206
17650,196.218
17651,196.222
17652,196.227
17653,196.232
17654,196.236
17655,196.246
17656,196.263
17657,196.268
17658,196.278
17659,196.291
17660,196.302
17661,196.316
17662,196.325
17663,196.343
17664,196.356
17665,196.362
17666,196.372
17667,196.385
17668,196.395
17669,196.409
17670,196.419
17671,196.433
17672,196.438
17673,196.442
17674,196.448
17675,196.456
17676,196.470
17677,196.485
17678,196.504
17679,196.514
17680,196.527
17681,196.548
17682,196.562
17683,196.581
17684,196.595
17685,196.613
17686,196.621
17687,196.628
17688,196.642
17689,196.694
17690,196.750
17691,196.803
17692,196.827
17693,196.833
17694,196.840
17695,196.846
17696,196.854
17697,196.861
17698,196.881
17699,196.907
17700,196.922
17701,196.972
17702,196.981
17703,196.990
17704,197.026
17705,197.046
17706,197.062
17707,197.070
17708,197.079
17709,197.091
17710,197.111
17711,197.127
17712,197.136
17713,197.150
17714,197.166
17715,197.212
17716,197.233
17717,197.243
17718,197.253
17719,197.262
17720,197.272
17721,197.282
17722,197.291
17723,197.301
17724,197.311
17725,197.321
17726,197.331
17727,197.341
17728,197.351
17729,197.361
17730,197.372
17731,197.406
17732,197.428
17733,197.437
17734,197.445
17735,197.514
17736,197.544
17737,197.579
17738,197.600
17739,197.607
17740,197.616
17741,197.630
17742,197.638
17743,197.648
17744,197.657
17745,197.671
17746,197.720
17747,197.778
17748,197.801
17749,197.839
17750,197.916
17751,197.989
17752,198.013
17753,198.028
17754,198.083
17755,198.110
17756,198.123
17757,198.175
17758,198.201
17759,198.254
17760,198.279
17761,198.295
17762,198.350
17763,198.368
17764,198.412
17765,198.432
17766,198.442
17767,198.481
17768,198.499
17769,198.512
17770,198.529
17771,198.537
17772,198.546
17773,198.555
17774,198.563
17775,198.600
17776,198.618
17777,198.656
17778,198.708
17779,198.716
17780,198.724
17781,198.734
17782,198.743
17783,198.758
17784,198.775
17785,198.783
17786,198.791
17787,198.799
17788,198.807
17789,198.820
17790,198.837
17791,198.875
17792,198.894
17793,198.931
17794,198.938
17795,198.946
17796,198.954
17797,198.963
17798,199.002
17799,199.023
17800,199.062
17801,199.081
17802,199.090
17803,199.126
17804,199.143
17805,199.159
17806,199.178
17807,199.186
17808,199.200
17809,199.217
17810,199.254
17811,199.271
17812,199.306
17813,199.322
17814,199.329
17815,199.337
17816,199.344
17817,199.351
17818,199.368
17819,199.392
17820,199.407
17821,199.420
17822,199.434
17823,199.449
17824,199.498
17825,199.524
17826,199.536
17827,199.580
17828,199.602
17829,199.623
17830,199.635
17831,199.646
17832,199.658
17833,199.670
17834,199.682
17835,199.700
17836,199.725
17837,199.773
17838,199.782
17839,199.791
17840,199.828
17841,199.845
17842,199.887
17843,199.907
17844,199.917
17845,199.951
17846,199.967
17847,199.975
17848,200.012
17849,200.056
17850,200.072
17851,200.080
17852,200.115
17853,200.131
17854,200.139
17855,200.151
17856,200.167
17857,200.175
17858,200.215
17859,200.235
17860,200.269
17861,200.285
17862,200.293
17863,200.331
17864,200.377
17865,200.395
17866,200.403
17867,200.439
17868,200.456
17869,200.465
17870,200.478
17871,200.495
17872,200.503
17873,200.517
17874,200.535
17875,200.543
17876,200.551
17877,200.560
17878,200.568
17879,200.576
17880,200.588
17881,200.605
17882,200.613
17883,200.625
17884,200.642
17885,200.650
17886,200.690
17887,200.710
17888,200.719
17889,200.769
17890,200.798
17891,200.809
17892,200.824
17893,200.838
17894,200.895
17895,200.925
17896,200.940
17897,200.987
17898,201.013
17899,201.025
17900,201.069
17901,201.091
17902,201.140
17903,201.165
17904,201.174
17905,201.212
17906,201.230
17907,201.239
17908,201.273
17909,201.289
17910,201.324
17911,201.341
17912,201.349
17913,201.381
17914,201.397
17915,201.431
17916,201.449
17917,201.457
17918,201.491
17919,201.506
17920,201.518
17921,201.525
17922,201.529
17923,201.534
17924,201.543
17925,201.555
17926,201.568
17927,201.584
17928,201.594
17929,201.600
17930,201.608
17931,201.638
17932,201.669
17933,201.678
17934,201.685
17935,201.693
17936,201.701
17937,201.708
17938,201.717
17939,201.724
17940,201.733
17941,201.741
17942,201.750
17943,201.760
17944,201.768
17945,201.776
17946,201.785
17947,201.794
17948,201.801
17949,201.808
17950,201.817
17951,201.848
17952,201.884
17953,201.917
17954,201.928
17955,201.937
17956,201.945
17957,201.954
17958,201.961
17959,201.970
17960,201.978
17961,201.987
17962,201.997
17963,202.005
17964,202.017
17965,202.022
17966,202.030
17967,202.039
17968,202.047
17969,202.054
17970,202.065
17971,202.080
17972,202.095
17973,202.110
17974,202.156
17975,202.198
17976,202.209
17977,202.224
17978,202.240
17979,202.256
17980,202.280
17981,202.292
17982,202.312
17983,202.341
17984,202.370
17985,202.393
17986,202.404
17987,202.428
17988,202.461
17989,202.477
17990,202.493
17991,202.510
17992,202.526
17993,202.543
17994,202.551
17995,202.560
17996,202.572
17997,202.588
17998,202.602
17999,202.618
18000,202.631
18001,202.639
18002,202.647
18003,202.683
18004,202.691
18005,202.698
18006,202.734
18007,202.752
18008,202.764
18009,202.780
18010,202.787
18011,202.799
18012,202.815
18013,202.822
18014,202.830
18015,202.843
18016,202.859
18017,202.867
18018,202.903
18019,202.911
18020,202.918
18021,202.957
18022,202.979
18023,202.996
18024,203.011
18025,203.027
18026,203.036
18027,203.045
18028,203.059
18029,203.076
18030,203.091
18031,203.108
18032,203.123
18033,203.140
18034,203.149
18035,203.162
18036,203.178
18037,203.186
18038,203.200
18039,203.218
18040,203.226
18041,203.234
18042,203.243
18043,203.256
18044,203.274
18045,203.282
18046,203.290
18047,203.299
18048,203.310
18049,203.327
18050,203.334
18051,203.355
18052,203.367
18053,203.381
18054,203.404
18055,203.440
18056,203.464
18057,203.485
18058,203.509
18059,203.522
18060,203.543
18061,203.568
18062,203.581
18063,203.597
18064,203.616
18065,203.641
18066,203.655
18067,203.675
18068,203.700
18069,203.725
18070,203.750
18071,203.759
18072,203.770
18073,203.784
18074,203.802
18075,203.816
18076,203.834
18077,203.849
18078,203.867
18079,203.875
18080,203.883
18081,203.893
18082,203.906
18083,203.924
18084,203.937
18085,203.955
18086,203.963
18087,203.977
18088,203.995
18089,204.004
18090,204.013
18091,204.023
18092,204.038
18093,204.055
18094,204.064
18095,204.101
18096,204.147
18097,204.164
18098,204.172
18099,204.185
18100,204.201
18101,204.214
18102,204.230
18103,204.243
18104,204.251
18105,204.258
18106,204.266
18107,204.273
18108,204.286
18109,204.308
18110,204.330
18111,204.347
18112,204.354
18113,204.362
18114,204.376
18115,204.392
18116,204.406
18117,204.413
18118,204.421
18119,204.429
18120,204.443
18121,204.467
18122,204.483
18123,204.491
18124,204.501
18125,204.514
18126,204.519
18127,204.528
18128,204.540
18129,204.552
18130,204.559
18131,204.567
18132,204.577
18133,204.584
18134,204.591
18135,204.602
18136,204.609
18137,204.612
18138,204.618
18139,204.632
18140,204.652
18141,204.674
18142,204.702
18143,204.717
18144,204.735
18145,204.749
18146,204.771
18147,204.784
18148,204.838
18149,204.844
18150,204.886
18151,204.907
18152,204.919
18153,204.938
18154,204.951
18155,204.969
18156,204.982
18157,205.000
18158,205.016
18159,205.037
18160,205.052
18161,205.065
18162,205.075
18163,205.088
18164,205.101
18165,205.106
18166,205.111
18167,205.116
18168,205.128
18169,205.132
18170,205.137
18171,205.142
18172,205.147
18173,205.152
18174,205.161
18175,205.170
18176,205.181
18177,205.185
18178,205.189
18179,205.198
18180,205.207
18181,205.215
18182,205.223
18183,205.232
18184,205.241
18185,205.249
18186,205.260
18187,205.266
18188,205.275
18189,205.286
18190,205.296
18191,205.303
18192,205.311
18193,205.320
18194,205.330
18195,205.339
18196,205.349
18197,205.357
18198,205.368
18199,205.375
18200,205.383
18201,205.392
18202,205.403
18203,205.413
18204,205.417
18205,205.421
18206,205.427
18207,205.431
18208,205.441
18209,205.455
18210,205.463
18211,205.480
18212,205.497
18213,205.507
18214,205.514
18215,205.524
18216,205.535
18217,205.544
18218,205.553
18219,205.562
18220,205.570
18221,205.579
18222,205.587
18223,205.596
18224,205.604
18225,205.613
18226,205.623
18227,205.632
18228,205.640
18229,205.649
18230,205.658
18231,205.667
18232,205.676
18233,205.685
18234,205.696
18235,205.703
18236,205.711
18237,205.721
18238,205.731
18239,205.740
18240,205.753
18241,205.758
18242,205.769
18243,205.782
18244,205.795
18245,205.802
18246,205.810
18247,205.820
18248,205.827
18249,205.834
18250,205.846
18251,205.866
18252,205.915
18253,205.923
18254,205.932
18255,205.981
18256,205.999
18257,206.017
18258,206.023
18259,206.031
18260,206.038
18261,206.046
18262,206.098
18263,206.118
18264,206.164
18265,206.180
18266,206.195
18267,206.212
18268,206.220
18269,206.229
18270,206.243
18271,206.264
18272,206.277
18273,206.292
18274,206.308
18275,206.318
18276,206.333
18277,206.343
18278,206.357
18279,206.363
18280,206.373
18281,206.386
18282,206.397
18283,206.412
18284,206.422
18285,206.436
18286,206.445
18287,206.458
18288,206.464
18289,206.470
18290,206.478
18291,206.490
18292,206.496
18293,206.506
18294,206.510
18295,206.515
18296,206.520
18297,206.525
18298,206.529
18299,206.538
18300,206.551
18301,206.556
18302,206.568
18303,206.572
18304,206.577
18305,206.582
18306,206.592
18307,206.605
18308,206.618
18309,206.621
18310,206.626
18311,206.637
18312,206.644
18313,206.651
18314,206.661
18315,206.671
18316,206.680
18317,206.691
18318,206.700
18319,206.708
18320,206.717
18321,206.725
18322,206.735
18323,206.744
18324,206.752
18325,206.759
18326,206.769
18327,206.772
18328,206.777
18329,206.785
18330,206.794
18331,206.801
18332,206.809
18333,206.819
18334,206.827
18335,206.836
18336,206.843
18337,206.856
18338,206.870
18339,206.878
18340,206.887
18341,206.895
18342,206.904
18343,206.914
18344,206.922
18345,206.956
18346,206.965
18347,207.000
18348,207.009
18349,207.042
18350,207.049
18351,207.058
18352,207.065
18353,207.070
18354,207.075
18355,207.086
18356,207.090
18357,207.094
18358,207.103
18359,207.112
18360,207.119
18361,207.128
18362,207.136
18363,207.145
18364,207.160
18365,207.176
18366,207.194
18367,207.218
18368,207.232
18369,207.248
18370,207.262
18371,207.276
18372,207.290
18373,207.304
18374,207.347
18375,207.360
18376,207.404
18377,207.417
18378,207.459
18379,207.469
18380,207.483
18381,207.495
18382,207.502
18383,207.510
18384,207.527
18385,207.547
18386,207.560
18387,207.575
18388,207.581
18389,207.588
18390,207.600
18391,207.618
18392,207.636
18393,207.653
18394,207.674
18395,207.693
18396,207.697
18397,207.702
18398,207.713
18399,207.718
18400,207.723
18401,207.728
18402,207.733
18403,207.737
18404,207.746
18405,207.761
18406,207.770
18407,207.783
18408,207.793
18409,207.807
18410,207.820
18411,207.828
18412,207.836
18413,207.845
18414,207.854
18415,207.864
18416,207.872
18417,207.880
18418,207.889
18419,207.900
18420,207.906
18421,207.911
18422,207.916
18423,207.922
18424,207.930
18425,207.939
18426,207.954
18427,207.963
18428,207.981
18429,207.998
18430,208.013
18431,208.027
18432,208.032
18433,208.037
18434,208.043
18435,208.048
18436,208.063
18437,208.068
18438,208.073
18439,208.078
18440,208.088
18441,208.107
18442,208.122
18443,208.128
18444,208.135
18445,208.144
18446,208.149
18447,208.155
18448,208.165
18449,208.185
18450,208.190
18451,208.196
18452,208.206
18453,208.227
18454,208.233
18455,208.239
18456,208.245
18457,208.257
18458,208.262
18459,208.274
18460,208.293
18461,208.304
18462,208.319
18463,208.334
18464,208.349
18465,208.367
18466,208.376
18467,208.385
18468,208.400
18469,208.409
18470,208.417
18471,208.426
18472,208.466
18473,208.481
18474,208.537
18475,208.553
18476,208.569
18477,208.585
18478,208.607
18479,208.638
18480,208.652
18481,208.666
18482,208.686
18483,208.712
18484,208.727
18485,208.748
18486,208.770
18487,208.789
18488,208.854
18489,208.885
18490,208.946
18491,208.957
18492,208.968
18493,208.979
18494,208.996
18495,209.015
18496,209.026
18497,209.038
18498,209.048
18499,209.064
18500,209.076
18501,209.094
18502,209.103
18503,209.109
18504,209.116
18505,209.127
18506,209.133
18507,209.139
18508,209.150
18509,209.159
18510,209.170
18511,209.189
18512,209.195
18513,209.207
18514,209.226
18515,209.233
18516,209.249
18517,209.270
18518,209.282
18519,209.299
18520,209.305
18521,209.311
18522,209.317
18523,209.333
18524,209.353
18525,209.363
18526,209.372
18527,209.381
18528,209.395
18529,209.417
18530,209.434
18531,209.446
18532,209.461
18533,209.473
18534,209.491
18535,209.496
18536,209.506
18537,209.527
18538,209.534
18539,209.550
18540,209.571
18541,209.583
18542,209.600
18543,209.607
18544,209.613
18545,209.629
18546,209.647
18547,209.656
18548,209.665
18549,209.675
18550,209.689
18551,209.711
18552,209.729
18553,209.740
18554,209.754
18555,209.795
18556,209.810
18557,209.822
18558,209.832
18559,209.843
18560,209.882
18561,209.896
18562,209.912
18563,209.989
18564,210.051
18565,210.065
18566,210.080
18567,210.133
18568,210.148
18569,210.162
18570,210.223
18571,210.247
18572,210.264
18573,210.281
18574,210.343
18575,210.355
18576,210.365
18577,210.408
18578,210.461
18579,210.504
18580,210.513
18581,210.522
18582,210.531
18583,210.569
18584,210.578
18585,210.616
18586,210.634
18587,210.644
18588,210.660
18589,210.672
18590,210.681
18591,210.686
18592,210.692
18593,210.701
18594,210.710
18595,210.719
18596,210.729
18597,210.738
18598,210.747
18599,210.756
18600,210.765
18601,210.805
18602,210.813
18603,210.821
18604,210.858
18605,210.866
18606,210.875
18607,210.884
18608,210.907
18609,210.920
18610,210.930
18611,210.981
18612,210.998
18613,211.012
18614,211.048
18615,211.064
18616,211.077
18617,211.087
18618,211.093
18619,211.099
18620,211.108
18621,211.117
18622,211.127
18623,211.138
18624,211.147
18625,211.156
18626,211.165
18627,211.175
18628,211.217
18629,211.226
18630,211.235
18631,211.274
18632,211.283
18633,211.293
18634,211.301
18635,211.324
18636,211.347
18637,211.363
18638,211.441
18639,211.470
18640,211.491
18641,211.537
18642,211.557
18643,211.575
18644,211.588
18645,211.596
18646,211.604
18647,211.620
18648,211.635
18649,211.649
18650,211.716
18651,211.748
18652,211.799
18653,211.815
18654,211.830
18655,211.840
18656,211.846
18657,211.854
18658,211.864
18659,211.877
18660,211.884
18661,211.896
18662,211.906
18663,211.915
18664,211.924
18665,211.935
18666,211.976
18667,211.985
18668,211.994
18669,212.034
18670,212.043
18671,212.052
18672,212.062
18673,212.089
18674,212.104
18675,212.114
18676,212.168
18677,212.186
18678,212.199
18679,212.236
18680,212.251
18681,212.267
18682,212.275
18683,212.282
18684,212.289
18685,212.298
18686,212.307
18687,212.315
18688,212.335
18689,212.358
18690,212.367
18691,212.379
18692,212.389
18693,212.400
18694,212.416
18695,212.472
18696,212.482
18697,212.491
18698,212.534
18699,212.543
18700,212.554
18701,212.569
18702,212.590
18703,212.605
18704,212.625
18705,212.634
18706,212.644
18707,212.673
18708,212.682
18709,212.692
18710,212.701
18711,212.730
18712,212.748
18713,212.766
18714,212.790
18715,212.808
18716,212.827
18717,212.853
18718,212.887
18719,212.912
18720,212.928
18721,212.944
18722,212.959
18723,212.975
18724,213.001
18725,213.033
18726,213.048
18727,213.062
18728,213.079
18729,213.100
18730,213.114
18731,213.132
18732,213.150
18733,213.173
18734,213.197
18735,213.208
18736,213.220
18737,213.230
18738,213.243
18739,213.259
18740,213.271
18741,213.281
18742,213.310
18743,213.348
18744,213.357
18745,213.368
18746,213.377
18747,213.387
18748,213.396
18749,213.407
18750,213.423
18751,213.448
18752,213.457
18753,213.467
18754,213.476
18755,213.486
18756,213.501
18757,213.520
18758,213.529
18759,213.544
18760,213.569
18761,213.587
18762,213.597
18763,213.612
18764,213.621
18765,213.630
18766,213.639
18767,213.650
18768,213.658
18769,213.673
18770,213.698
18771,213.707
18772,213.717
18773,213.728
18774,213.737
18775,213.752
18776,213.773
18777,213.782
18778,213.797
18779,213.823
18780,213.843
18781,213.860
18782,213.881
18783,213.890
18784,213.904
18785,213.921
18786,213.947
18787,213.966
18788,213.984
18789,214.005
18790,214.015
18791,214.026
18792,214.037
18793,214.053
18794,214.073
18795,214.098
18796,214.136
18797,214.168
18798,214.186
18799,214.214
18800,214.248
18801,214.264
18802,214.287
18803,214.317
18804,214.333
18805,214.348
18806,214.365
18807,214.386
18808,214.407
18809,214.422
18810,214.432
18811,214.443
18812,214.460
18813,214.481
18814,214.501
18815,214.525
18816,214.553
18817,214.567
18818,214.582
18819,214.593
18820,214.604
18821,214.622
18822,214.651
18823,214.673
18824,214.686
18825,214.703
18826,214.712
18827,214.722
18828,214.738
18829,214.760
18830,214.775
18831,214.796
18832,214.813
18833,214.834
18834,214.844
18835,214.860
18836,214.886
18837,214.906
18838,214.916
18839,214.926
18840,214.955
18841,215.009
18842,215.018
18843,215.028
18844,215.076
18845,215.095
18846,215.105
18847,215.114
18848,215.129
18849,215.149
18850,215.164
18851,215.173
18852,215.183
18853,215.193
18854,215.203
18855,215.233
18856,215.243
18857,215.253
18858,215.263
18859,215.292
18860,215.302
18861,215.312
18862,215.323
18863,215.333
18864,215.388
18865,215.439
18866,215.458
18867,215.513
18868,215.546
18869,215.605
18870,215.634
18871,215.650
18872,215.728
18873,215.766
18874,215.788
18875,215.811
18876,215.832
18877,215.887
18878,215.913
18879,215.931
18880,215.951
18881,215.972
18882,215.993
18883,216.010
18884,216.023
18885,216.033
18886,216.039
18887,216.046
18888,216.056
18889,216.067
18890,216.077
18891,216.087
18892,216.096
18893,216.105
18894,216.115
18895,216.126
18896,216.169
18897,216.178
18898,216.188
18899,216.231
18900,216.240
18901,216.250
18902,216.260
18903,216.286
18904,216.299
18905,216.309
18906,216.359
18907,216.377
18908,216.390
18909,216.403
18910,216.439
18911,216.454
18912,216.467
18913,216.475
18914,216.482
18915,216.488
18916,216.527
18917,216.536
18918,216.545
18919,216.586
18920,216.596
18921,216.605
18922,216.656
18923,216.673
18924,216.687
18925,216.723
18926,216.738
18927,216.751
18928,216.760
18929,216.766
18930,216.772
18931,216.782
18932,216.791
18933,216.800
18934,216.811
18935,216.820
18936,216.829
18937,216.839
18938,216.850
18939,216.892
18940,216.902
18941,216.911
18942,216.955
18943,216.975
18944,216.997
18945,217.020
18946,217.063
18947,217.084
18948,217.098
18949,217.164
18950,217.189
18951,217.209
18952,217.255
18953,217.274
18954,217.292
18955,217.305
18956,217.313
18957,217.322
18958,217.337
18959,217.356
18960,217.373
18961,217.391
18962,217.401
18963,217.411
18964,217.422
18965,217.434
18966,217.475
18967,217.486
18968,217.496
18969,217.535
18970,217.544
18971,217.553
18972,217.562
18973,217.586
18974,217.597
18975,217.606
18976,217.656
18977,217.672
18978,217.686
18979,217.721
18980,217.736
18981,217.749
18982,217.766
18983,217.778
18984,217.794
18985,217.805
18986,217.814
18987,217.823
18988,217.833
18989,217.843
18990,217.852
18991,217.861
18992,217.873
18993,217.881
18994,217.887
18995,217.893
18996,217.903
18997,217.916
18998,217.925
18999,217.940
19000,217.953
19001,217.962
19002,217.968
19003,217.974
19004,217.983
19005,217.993
19006,218.001
19007,218.013
19008,218.025
19009,218.034
19010,218.043
19011,218.052
19012,218.063
19013,218.077
19014,218.090
19015,218.101
19016,218.115
19017,218.127
19018,218.140
19019,218.151
19020,218.161
19021,218.170
19022,218.179
19023,218.189
19024,218.233
19025,218.248
19026,218.260
19027,218.307
19028,218.324
19029,218.342
19030,218.359
19031,218.398
19032,218.419
19033,218.435
19034,218.453
19035,218.473
19036,218.544
19037,218.572
19038,218.593
19039,218.614
19040,218.661
19041,218.684
19042,218.707
19043,218.724
19044,218.736
19045,218.748
19046,218.764
19047,218.778
19048,218.794
19049,218.807
19050,218.820
19051,218.826
19052,218.833
19053,218.840
19054,218.846
19055,218.852
19056,218.866
19057,218.877
19058,218.886
19059,218.901
19060,218.934
19061,218.969
19062,218.983
19063,218.995
19064,219.013
19065,219.024
19066,219.042
19067,219.049
19068,219.063
19069,219.072
19070,219.082
19071,219.091
19072,219.104
19073,219.122
19074,219.130
19075,219.143
19076,219.153
19077,219.163
19078,219.172
19079,219.183
19080,219.201
19081,219.207
19082,219.251
19083,219.261
19084,219.272
19085,219.282
19086,219.324
19087,219.330
19088,219.336
19089,219.348
19090,219.367
19091,219.374
19092,219.387
19093,219.410
19094,219.415
19095,219.422
19096,219.427
19097,219.439
19098,219.456
19099,219.463
19100,219.478
19101,219.487
19102,219.497
19103,219.507
19104,219.518
19105,219.530
19106,219.536
19107,219.542
19108,219.548
19109,219.554
19110,219.567
19111,219.573
19112,219.580
19113,219.585
19114,219.598
19115,219.603
19116,219.609
19117,219.615
19118,219.626
19119,219.643
19120,219.649
19121,219.669
19122,219.685
19123,219.703
19124,219.721
19125,219.739
19126,219.757
19127,219.777
19128,219.796
19129,219.804
19130,219.813
19131,219.823
19132,219.840
19133,219.860
19134,219.883
19135,219.897
19136,219.913
19137,219.928
19138,219.942
19139,219.961
19140,219.980
19141,220.007
19142,220.038
19143,220.053
19144,220.069
19145,220.087
19146,220.097
19147,220.111
19148,220.116
19149,220.123
19150,220.128
19151,220.135
19152,220.149
19153,220.154
19154,220.160
19155,220.171
19156,220.186
19157,220.200
19158,220.206
19159,220.212
19160,220.222
19161,220.237
19162,220.248
19163,220.267
19164,220.273
19165,220.283
19166,220.288
19167,220.294
19168,220.300
19169,220.307
19170,220.313
19171,220.325
19172,220.331
19173,220.337
19174,220.343
19175,220.349
19176,220.360
19177,220.378
19178,220.385
19179,220.398
19180,220.420
19181,220.426
19182,220.432
19183,220.438
19184,220.448
19185,220.466
19186,220.472
19187,220.486
19188,220.505
19189,220.515
19190,220.529
19191,220.538
19192,220.548
19193,220.558
19194,220.571
19195,220.577
19196,220.584
19197,220.590
19198,220.604
19199,220.609
19200,220.616
19201,220.622
19202,220.634
19203,220.652
19204,220.658
19205,220.672
19206,220.678
19207,220.684
19208,220.691
19209,220.705
19210,220.714
19211,220.724
19212,220.735
19213,220.747
19214,220.761
19215,220.778
19216,220.796
19217,220.815
19218,220.827
19219,220.842
19220,220.860
19221,220.871
19222,220.884
19223,220.891
19224,220.897
19225,220.902
19226,220.907
19227,220.927
19228,220.935
19229,220.946
19230,220.967
19231,220.976
19232,220.987
19233,220.999
19234,221.018
19235,221.048
19236,221.059
19237,221.074
19238,221.102
19239,221.112
19240,221.132
19241,221.147
19242,221.164
19243,221.181
19244,221.196
19245,221.213
19246,221.234
19247,221.249
19248,221.266
19249,221.285
19250,221.305
19251,221.320
19252,221.339
19253,221.355
19254,221.362
19255,221.370
19256,221.377
19257,221.393
19258,221.399
19259,221.407
19260,221.413
19261,221.431
19262,221.438
19263,221.445
19264,221.458
19265,221.480
19266,221.488
19267,221.503
19268,221.523
19269,221.533
19270,221.547
19271,221.553
19272,221.559
19273,221.573
19274,221.580
19275,221.586
19276,221.593
19277,221.599
19278,221.605
19279,221.620
19280,221.627
19281,221.633
19282,221.640
19283,221.656
19284,221.676
19285,221.691
19286,221.700
19287,221.710
19288,221.720
19289,221.732
19290,221.746
19291,221.769
19292,221.779
19293,221.793
19294,221.816
19295,221.822
19296,221.829
19297,221.836
19298,221.852
19299,221.859
19300,221.866
19301,221.873
19302,221.885
19303,221.908
19304,221.917
19305,221.932
19306,221.956
19307,221.963
19308,221.970
19309,221.977
19310,221.992
19311,222.015
19312,222.025
19313,222.033
19314,222.048
19315,222.068
19316,222.085
19317,222.092
19318,222.099
19319,222.105
19320,222.119
19321,222.126
19322,222.132
19323,222.146
19324,222.167
19325,222.174
19326,222.188
19327,222.195
19328,222.202
19329,222.209
19330,222.216
19331,222.230
19332,222.236
19333,222.242
19334,222.255
19335,222.263
19336,222.273
19337,222.294
19338,222.305
19339,222.313
19340,222.325
19341,222.335
19342,222.347
19343,222.375
19344,222.403
19345,222.426
19346,222.452
19347,222.469
19348,222.489
19349,222.516
19350,222.531
19351,222.551
19352,222.566
19353,222.580
19354,222.597
19355,222.606
19356,222.617
19357,222.657
19358,222.694
19359,222.712
19360,222.719
19361,222.732
19362,222.737
19363,222.743
19364,222.760
19365,222.782
19366,222.792
19367,222.806
19368,222.826
19369,222.841
19370,222.860
19371,222.870
19372,222.884
19373,222.893
19374,222.902
19375,222.912
19376,222.925
19377,222.935
19378,222.947
19379,222.956
19380,222.971
19381,222.989
19382,223.003
19383,223.022
19384,223.038
19385,223.057
19386,223.072
19387,223.090
19388,223.100
19389,223.114
19390,223.123
19391,223.132
19392,223.141
19393,223.157
19394,223.174
19395,223.184
19396,223.198
19397,223.217
19398,223.231
19399,223.238
19400,223.243
19401,223.258
19402,223.278
19403,223.293
19404,223.315
19405,223.329
19406,223.349
19407,223.357
19408,223.372
19409,223.382
19410,223.392
19411,223.406
19412,223.416
19413,223.425
19414,223.457
19415,223.495
19416,223.504
19417,223.514
19418,223.524
19419,223.535
19420,223.543
19421,223.560
19422,223.575
19423,223.592
19424,223.608
19425,223.623
19426,223.646
19427,223.661
19428,223.668
19429,223.678
19430,223.772
19431,223.798
19432,223.825
19433,223.852
19434,223.877
19435,223.904
19436,223.932
19437,223.979
19438,223.996
19439,224.011
19440,224.022
19441,224.031
19442,224.038
19443,224.083
19444,224.092
19445,224.102
19446,224.143
19447,224.151
19448,224.161
19449,224.170
19450,224.219
19451,224.234
19452,224.271
19453,224.281
19454,224.291
19455,224.300
19456,224.315
19457,224.327
19458,224.335
19459,224.341
19460,224.347
19461,224.385
19462,224.394
19463,224.403
19464,224.442
19465,224.450
19466,224.458
19467,224.467
19468,224.519
19469,224.535
19470,224.571
19471,224.582
19472,224.592
19473,224.602
19474,224.617
19475,224.647
19476,224.663
19477,224.693
19478,224.709
19479,224.742
19480,224.748
19481,224.755
19482,224.761
19483,224.767
19484,224.780
19485,224.817
19486,224.827
19487,224.837
19488,224.867
19489,224.876
19490,224.905
19491,224.919
19492,224.929
19493,224.943
19494,224.958
19495,224.983
19496,225.028
19497,225.038
19498,225.048
19499,225.089
19500,225.108
19501,225.148
19502,225.171
19503,225.210
19504,225.217
19505,225.226
19506,225.235
19507,225.251
19508,225.268
19509,225.287
19510,225.294
19511,225.303
19512,225.311
19513,225.321
19514,225.330
19515,225.339
19516,225.350
19517,225.397
19518,225.408
19519,225.419
19520,225.435
19521,225.444
19522,225.455
19523,225.469
19524,225.480
19525,225.490
19526,225.534
19527,225.544
19528,225.553
19529,225.563
19530,225.572
19531,225.614
19532,225.620
19533,225.627
19534,225.633
19535,225.639
19536,225.651
19537,225.656
19538,225.662
19539,225.668
19540,225.679
19541,225.697
19542,225.706
19543,225.714
19544,225.727
19545,225.737
19546,225.746
19547,225.759
19548,225.776
19549,225.788
19550,225.805
19551,225.816
19552,225.823
19553,225.834
19554,225.841
19555,225.846
19556,225.859
19557,225.868
19558,225.877
19559,225.886
19560,225.900
19561,225.921
19562,225.936
19563,225.956
19564,225.967
19565,225.980
19566,226.001
19567,226.011
19568,226.018
19569,226.030
19570,226.049
19571,226.057
19572,226.069
19573,226.085
19574,226.132
19575,226.143
19576,226.184
19577,226.202
19578,226.218
19579,226.230
19580,226.237
19581,226.243
19582,226.250
19583,226.262
19584,226.278
19585,226.290
19586,226.296
19587,226.302
19588,226.313
19589,226.330
19590,226.340
19591,226.350
19592,226.369
19593,226.387
19594,226.407
19595,226.428
19596,226.443
19597,226.459
19598,226.475
19599,226.493
19600,226.553
19601,226.567
19602,226.583
19603,226.639
19604,226.654
19605,226.671
19606,226.691
19607,226.734
19608,226.748
19609,226.759
19610,226.818
19611,226.836
19612,226.851
19613,226.889
19614,226.905
19615,226.919
19616,226.926
19617,226.933
19618,226.942
19619,226.952
19620,226.958
19621,226.967
19622,227.015
19623,227.025
19624,227.076
19625,227.083
19626,227.090
19627,227.098
19628,227.108
19629,227.115
19630,227.124
19631,227.135
19632,227.144
19633,227.156
19634,227.162
19635,227.169
19636,227.175
19637,227.181
19638,227.187
19639,227.202
19640,227.212
19641,227.222
19642,227.237
19643,227.259
19644,227.280
19645,227.294
19646,227.306
19647,227.326
19648,227.337
19649,227.357
19650,227.364
19651,227.379
19652,227.391
19653,227.402
19654,227.414
19655,227.428
19656,227.449
19657,227.457
19658,227.472
19659,227.483
19660,227.494
19661,227.507
19662,227.518
19663,227.539
19664,227.546
19665,227.597
19666,227.608
19667,227.619
19668,227.630
19669,227.677
19670,227.683
19671,227.690
19672,227.702
19673,227.724
19674,227.732
19675,227.746
19676,227.772
19677,227.781
19678,227.791
19679,227.801
19680,227.819
19681,227.851
19682,227.865
19683,227.888
19684,227.904
19685,227.923
19686,227.940
19687,227.956
19688,227.977
19689,227.986
19690,227.995
19691,228.005
19692,228.017
19693,228.038
19694,228.045
19695,228.056
19696,228.064
19697,228.084
19698,228.092
19699,228.101
19700,228.111
19701,228.130
19702,228.166
19703,228.178
19704,228.195
19705,228.207
19706,228.219
19707,228.234
19708,228.247
19709,228.258
19710,228.276
19711,228.290
19712,228.296
19713,228.303
19714,228.310
19715,228.322
19716,228.340
19717,228.356
19718,228.367
19719,228.378
19720,228.389
19721,228.401
19722,228.417
19723,228.435
19724,228.456
19725,228.477
19726,228.489
19727,228.507
19728,228.530
19729,228.542
19730,228.557
19731,228.564
19732,228.571
19733,228.578
19734,228.585
19735,228.599
19736,228.605
19737,228.611
19738,228.625
19739,228.643
19740,228.659
19741,228.666
19742,228.673
19743,228.683
19744,228.700
19745,228.714
19746,228.736
19747,228.743
19748,228.754
19749,228.760
19750,228.768
19751,228.773
19752,228.780
19753,228.786
19754,228.799
19755,228.805
19756,228.811
19757,228.846
19758,228.847
19759,228.847
19760,228.856
19761,228.864
19762,228.879
19763,228.902
19764,228.908
19765,228.915
19766,228.922
19767,228.934
19768,228.956
19769,228.964
19770,228.981
19771,229.002
19772,229.014
19773,229.029
19774,229.042
19775,229.053
19776,229.064
19777,229.079
19778,229.085
19779,229.092
19780,229.099
19781,229.114
19782,229.120
19783,229.126
19784,229.133
19785,229.154
19786,229.187
19787,229.201
19788,229.224
19789,229.236
19790,229.248
19791,229.260
19792,229.284
19793,229.301
19794,229.321
19795,229.338
19796,229.356
19797,229.381
19798,229.403
19799,229.436
19800,229.467
19801,229.485
19802,229.506
19803,229.540
19804,229.562
19805,229.580
19806,229.587
19807,229.602
19808,229.602
19809,229.610
19810,229.627
19811,229.633
19812,229.640
19813,229.656
19814,229.662
19815,229.670
19816,229.677
19817,229.691
19818,229.711
19819,229.719
19820,229.730
19821,229.750
19822,229.758
19823,229.774
19824,229.784
19825,229.796
19826,229.807
19827,229.818
19828,229.830
19829,229.846
19830,229.857
19831,229.869
19832,229.879
19833,229.890
19834,229.903
19835,229.923
19836,229.938
19837,229.945
19838,229.951
19839,229.958
19840,229.972
19841,229.978
19842,229.985
19843,229.991
19844,230.007
19845,230.014
19846,230.020
19847,230.034
19848,230.057
19849,230.065
19850,230.079
19851,230.099
19852,230.110
19853,230.125
19854,230.131
19855,230.138
19856,230.151
19857,230.158
19858,230.165
19859,230.172
19860,230.178
19861,230.185
19862,230.204
19863,230.211
19864,230.218
19865,230.226
19866,230.245
19867,230.265
19868,230.280
19869,230.291
19870,230.302
19871,230.312
19872,230.323
19873,230.338
19874,230.358
19875,230.369
19876,230.384
19877,230.408
19878,230.414
19879,230.421
19880,230.429
19881,230.445
19882,230.452
19883,230.459
19884,230.465
19885,230.476
19886,230.505
19887,230.522
19888,230.547
19889,230.584
19890,230.595
19891,230.603
19892,230.614
19893,230.636
19894,230.667
19895,230.684
19896,230.698
19897,230.719
19898,230.747
19899,230.770
19900,230.779
19901,230.789
19902,230.798
19903,230.818
19904,230.828
19905,230.836
19906,230.853
19907,230.885
19908,230.902
19909,230.920
19910,230.928
19911,230.935
19912,230.943
19913,230.952
19914,230.974
19915,230.975
19916,230.983
19917,230.999
19918,231.005
19919,231.011
19920,231.018
19921,231.034
19922,231.039
19923,231.046
19924,231.052
19925,231.059
19926,231.074
19927,231.095
19928,231.111
19929,231.131
19930,231.143
19931,231.159
19932,231.181
19933,231.193
19934,231.211
19935,231.226
19936,231.238
19937,231.251
19938,231.257
19939,231.263
19940,231.276
19941,231.297
19942,231.315
19943,231.321
19944,231.333
19945,231.339
19946,231.344
19947,231.359
19948,231.379
19949,231.390
19950,231.405
19951,231.427
19952,231.441
19953,231.459
19954,231.470
19955,231.485
19956,231.504
19957,231.518
19958,231.528
19959,231.539
19960,231.549
19961,231.565
19962,231.575
19963,231.586
19964,231.596
19965,231.611
19966,231.630
19967,231.648
19968,231.667
19969,231.682
19970,231.703
19971,231.717
19972,231.736
19973,231.748
19974,231.762
19975,231.772
19976,231.782
19977,231.795
19978,231.820
19979,231.850
19980,231.869
19981,231.895
19982,231.921
19983,231.940
19984,231.962
19985,231.983
19986,231.998
19987,232.015
19988,232.039
19989,232.066
19990,232.082
19991,232.099
19992,232.122
19993,232.140
19994,232.174
19995,232.183
19996,232.192
19997,232.204
19998,232.222
19999,232.240
20000,232.264
20001,232.284
20002,232.296
20003,232.314
20004,232.327
20005,232.346
20006,232.358
20007,232.380
20008,232.387
20009,232.406
20010,232.416
20011,232.424
20012,232.431
20013,232.449
20014,232.461
20015,232.472
20016,232.486
20017,232.497
20018,232.510
20019,232.516
20020,232.523
20021,232.535
20022,232.552
20023,232.564
20024,232.591
20025,232.613
20026,232.625
20027,232.641
20028,232.654
20029,232.673
20030,232.687
20031,232.694
20032,232.700
20033,232.707
20034,232.713
20035,232.725
20036,232.730
20037,232.736
20038,232.749
20039,232.755
20040,232.761
20041,232.776
20042,232.786
20043,232.797
20044,232.813
20045,232.834
20046,232.850
20047,232.873
20048,232.888
20049,232.911
20050,232.918
20051,232.932
20052,232.943
20053,232.950
20054,232.956
20055,232.967
20056,232.977
20057,232.987
20058,233.003
20059,233.024
20060,233.035
20061,233.053
20062,233.078
20063,233.090
20064,233.101
20065,233.119
20066,233.129
20067,233.139
20068,233.157
20069,233.228
20070,233.303
20071,233.324
20072,233.349
20073,233.366
20074,233.373
20075,233.383
20076,233.481
20077,233.507
20078,233.535
20079,233.566
20080,233.600
20081,233.620
20082,233.638
20083,233.684
20084,233.700
20085,233.715
20086,233.726
20087,233.733
20088,233.739
20089,233.795
20090,233.812
20091,233.857
20092,233.869
20093,233.912
20094,233.924
20095,233.936
20096,233.980
20097,233.992
20098,234.036
20099,234.047
20100,234.057
20101,234.068
20102,234.079
20103,234.094
20104,234.106
20105,234.123
20106,234.130
20107,234.141
20108,234.151
20109,234.159
20110,234.164
20111,234.170
20112,234.182
20113,234.188
20114,234.194
20115,234.199
20116,234.210
20117,234.220
20118,234.230
20119,234.242
20120,234.254
20121,234.264
20122,234.276
20123,234.286
20124,234.297
20125,234.307
20126,234.319
20127,234.387
20128,234.414
20129,234.427
20130,234.441
20131,234.455
20132,234.469
20133,234.483
20134,234.497
20135,234.511
20136,234.525
20137,234.538
20138,234.561
20139,234.586
20140,234.612
20141,234.637
20142,234.663
20143,234.727
20144,234.807
20145,234.835
20146,234.906
20147,234.938
20148,235.012
20149,235.039
20150,235.095
20151,235.119
20152,235.168
20153,235.190
20154,235.243
20155,235.264
20156,235.312
20157,235.334
20158,235.351
20159,235.364
20160,235.376
20161,235.388
20162,235.399
20163,235.448
20164,235.468
20165,235.515
20166,235.578
20167,235.601
20168,235.669
20169,235.693
20170,235.709
20171,235.758
20172,235.780
20173,235.827
20174,235.849
20175,235.899
20176,235.921
20177,235.969
20178,235.988
20179,236.036
20180,236.059
20181,236.105
20182,236.124
20183,236.176
20184,236.212
20185,236.284
20186,236.317
20187,236.342
20188,236.373
20189,236.391
20190,236.416
20191,236.445
20192,236.471
20193,236.487
20194,236.504
20195,236.520
20196,236.538
20197,236.565
20198,236.586
20199,236.601
20200,236.662
20201,236.688
20202,236.702
20203,236.717
20204,236.764
20205,236.784
20206,236.835
20207,236.847
20208,236.858
20209,236.925
20210,236.953
20211,236.969
20212,237.020
20213,237.031
20214,237.042
20215,237.054
20216,237.065
20217,237.076
20218,237.126
20219,237.139
20220,237.152
20221,237.162
20222,237.215
20223,237.237
20224,237.303
20225,237.361
20226,237.382
20227,237.440
20228,237.465
20229,237.479
20230,237.529
20231,237.540
20232,237.552
20233,237.569
20234,237.591
20235,237.604
20236,237.615
20237,237.627
20238,237.644
20239,237.665
20240,237.685
20241,237.702
20242,237.722
20243,237.742
20244,237.826
20245,237.861
20246,237.880
20247,237.943
20248,237.959
20249,237.977
20250,238.000
20251,238.028
20252,238.044
20253,238.062
20254,238.082
20255,238.140
20256,238.165
20257,238.217
20258,238.239
20259,238.290
20260,238.311
20261,238.364
20262,238.387
20263,238.439
20264,238.462
20265,238.512
20266,238.533
20267,238.579
20268,238.600
20269,238.649
20270,238.670
20271,238.719
20272,238.740
20273,238.757
20274,238.768
20275,238.780
20276,238.792
20277,238.803
20278,238.814
20279,238.831
20280,238.859
20281,238.879
20282,238.896
20283,238.925
20284,238.953
20285,238.981
20286,239.010
20287,239.032
20288,239.047
20289,239.058
20290,239.070
20291,239.082
20292,239.095
20293,239.113
20294,239.135
20295,239.188
20296,239.199
20297,239.216
20298,239.233
20299,239.334
20300,239.378
20301,239.404
20302,239.489
20303,239.529
20304,239.553
20305,239.577
20306,239.643
20307,239.687
20308,239.710
20309,239.724
20310,239.739
20311,239.746
20312,239.754
20313,239.760
20314,239.771
20315,239.785
20316,239.798
20317,239.817
20318,239.826
20319,239.838
20320,239.848
20321,239.859
20322,239.869
20323,239.915
20324,239.928
20325,239.993
20326,240.011
20327,240.052
20328,240.065
20329,240.076
20330,240.087
20331,240.103
20332,240.117
20333,240.127
20334,240.134
20335,240.140
20336,240.152
20337,240.168
20338,240.216
20339,240.227
20340,240.269
20341,240.280
20342,240.291
20343,240.308
20344,240.329
20345,240.342
20346,240.356
20347,240.368
20348,240.374
20349,240.382
20350,240.396
20351,240.407
20352,240.414
20353,240.420
20354,240.434
20355,240.445
20356,240.452
20357,240.458
20358,240.471
20359,240.477
20360,240.484
20361,240.490
20362,240.503
20363,240.514
20364,240.527
20365,240.533
20366,240.539
20367,240.545
20368,240.558
20369,240.563
20370,240.570
20371,240.576
20372,240.583
20373,240.595
20374,240.611
20375,240.623
20376,240.643
20377,240.663
20378,240.681
20379,240.745
20380,240.754
20381,240.819
20382,240.829
20383,240.839
20384,240.849
20385,240.858
20386,240.868
20387,240.889
20388,240.906
20389,240.915
20390,240.925
20391,240.987
20392,241.004
20393,241.020
20394,241.100
20395,241.131
20396,241.185
20397,241.199
20398,241.213
20399,241.226
20400,241.237
20401,241.262
20402,241.262
20403,241.275
20404,241.290
20405,241.299
20406,241.305
20407,241.311
20408,241.319
20409,241.329
20410,241.342
20411,241.361
20412,241.373
20413,241.396
20414,241.419
20415,241.437
20416,241.450
20417,241.468
20418,241.481
20419,241.503
20420,241.510
20421,241.517
20422,241.528
20423,241.547
20424,241.560
20425,241.579
20426,241.593
20427,241.599
20428,241.605
20429,241.611
20430,241.618
20431,241.631
20432,241.648
20433,241.656
20434,241.663
20435,241.693
20436,241.738
20437,241.750
20438,241.760
20439,241.776
20440,241.788
20441,241.799
20442,241.811
20443,241.825
20444,241.831
20445,241.838
20446,241.852
20447,241.858
20448,241.865
20449,241.883
20450,241.893
20451,241.905
20452,241.916
20453,241.971
20454,241.983
20455,241.995
20456,242.007
20457,242.076
20458,242.102
20459,242.150
20460,242.170
20461,242.181
20462,242.202
20463,242.230
20464,242.241
20465,242.252
20466,242.263
20467,242.290
20468,242.320
20469,242.346
20470,242.362
20471,242.379
20472,242.399
20473,242.415
20474,242.436
20475,242.444
20476,242.455
20477,242.472
20478,242.494
20479,242.509
20480,242.531
20481,242.546
20482,242.579
20483,242.592
20484,242.600
20485,242.625
20486,242.648
20487,242.666
20488,242.677
20489,242.689
20490,242.700
20491,242.752
20492,242.762
20493,242.775
20494,242.785
20495,242.850
20496,242.877
20497,242.891
20498,242.940
20499,242.961
20500,242.972
20501,242.983
20502,243.000
20503,243.008
20504,243.020
20505,243.026
20506,243.033
20507,243.039
20508,243.049
20509,243.064
20510,243.070
20511,243.083
20512,243.088
20513,243.094
20514,243.106
20515,243.115
20516,243.129
20517,243.139
20518,243.148
20519,243.155
20520,243.166
20521,243.183
20522,243.195
20523,243.213
20524,243.225
20525,243.243
20526,243.255
20527,243.274
20528,243.286
20529,243.292
20530,243.298
20531,243.311
20532,243.316
20533,243.322
20534,243.329
20535,243.343
20536,243.349
20537,243.363
20538,243.370
20539,243.376
20540,243.388
20541,243.405
20542,243.419
20543,243.438
20544,243.444
20545,243.451
20546,243.462
20547,243.477
20548,243.490
20549,243.497
20550,243.504
20551,243.510
20552,243.517
20553,243.523
20554,243.530
20555,243.541
20556,243.559
20557,243.566
20558,243.577
20559,243.596
20560,243.607
20561,243.625
20562,243.661
20563,243.687
20564,243.698
20565,243.709
20566,243.725
20567,243.752
20568,243.768
20569,243.776
20570,243.786
20571,243.805
20572,243.830
20573,243.848
20574,243.858
20575,243.868
20576,243.878
20577,243.887
20578,243.947
20579,243.958
20580,243.966
20581,243.976
20582,244.042
20583,244.061
20584,244.068
20585,244.128
20586,244.148
20587,244.159
20588,244.218
20589,244.237
20590,244.246
20591,244.289
20592,244.304
20593,244.311
20594,244.369
20595,244.389
20596,244.398
20597,244.443
20598,244.461
20599,244.473
20600,244.479
20601,244.485
20602,244.492
20603,244.498
20604,244.511
20605,244.526
20606,244.534
20607,244.545
20608,244.551
20609,244.559
20610,244.566
20611,244.572
20612,244.578
20613,244.591
20614,244.598
20615,244.605
20616,244.612
20617,244.620
20618,244.627
20619,244.634
20620,244.644
20621,244.650
20622,244.656
20623,244.663
20624,244.669
20625,244.679
20626,244.685
20627,244.691
20628,244.698
20629,244.704
20630,244.711
20631,244.717
20632,244.729
20633,244.745
20634,244.756
20635,244.764
20636,244.771
20637,244.777
20638,244.784
20639,244.796
20640,244.815
20641,244.823
20642,244.832
20643,244.846
20644,244.866
20645,244.874
20646,244.882
20647,244.895
20648,244.902
20649,244.909
20650,244.915
20651,244.922
20652,244.929
20653,244.942
20654,244.960
20655,244.973
20656,244.992
20657,244.999
20658,245.012
20659,245.021
20660,245.029
20661,245.036
20662,245.044
20663,245.052
20664,245.059
20665,245.072
20666,245.095
20667,245.109
20668,245.124
20669,245.140
20670,245.154
20671,245.168
20672,245.190
20673,245.201
20674,245.212
20675,245.223
20676,245.235
20677,245.251
20678,245.270
20679,245.287
20680,245.307
20681,245.325
20682,245.347
20683,245.357
20684,245.371
20685,245.388
20686,245.419
20687,245.452
20688,245.461
20689,245.471
20690,245.481
20691,245.491
20692,245.505
20693,245.514
20694,245.526
20695,245.537
20696,245.558
20697,245.581
20698,245.599
20699,245.607
20700,245.616
20701,245.629
20702,245.651
20703,245.675
20704,245.684
20705,245.690
20706,245.702
20707,245.723
20708,245.730
20709,245.738
20710,245.745
20711,245.751
20712,245.764
20713,245.769
20714,245.776
20715,245.781
20716,245.795
20717,245.806
20718,245.816
20719,245.828
20720,245.847
20721,245.855
20722,245.872
20723,245.882
20724,245.893
20725,245.910
20726,245.930
20727,245.940
20728,245.951
20729,246.001
20730,246.020
20731,246.087
20732,246.159
20733,246.212
20734,246.230
20735,246.241
20736,246.257
20737,246.268
20738,246.284
20739,246.300
20740,246.318
20741,246.329
20742,246.345
20743,246.355
20744,246.366
20745,246.377
20746,246.393
20747,246.403
20748,246.414
20749,246.482
20750,246.511
20751,246.525
20752,246.538
20753,246.551
20754,246.570
20755,246.595
20756,246.620
20757,246.645
20758,246.670
20759,246.691
20760,246.714
20761,246.735
20762,246.757
20763,246.779
20764,246.802
20765,246.861
20766,246.946
20767,246.975
20768,247.030
20769,247.052
20770,247.101
20771,247.122
20772,247.172
20773,247.195
20774,247.243
20775,247.265
20776,247.316
20777,247.338
20778,247.386
20779,247.407
20780,247.423
20781,247.433
20782,247.443
20783,247.453
20784,247.462
20785,247.509
20786,247.530
20787,247.577
20788,247.637
20789,247.659
20790,247.726
20791,247.751
20792,247.765
20793,247.813
20794,247.834
20795,247.882
20796,247.902
20797,247.954
20798,247.977
20799,248.024
20800,248.044
20801,248.109
20802,248.145
20803,248.213
20804,248.248
20805,248.319
20806,248.354
20807,248.417
20808,248.443
20809,248.467
20810,248.500
20811,248.523
20812,248.539
20813,248.560
20814,248.578
20815,248.588
20816,248.599
20817,248.611
20818,248.621
20819,248.637
20820,248.647
20821,248.658
20822,248.718
20823,248.744
20824,248.757
20825,248.770
20826,248.821
20827,248.831
20828,248.841
20829,248.852
20830,248.909
20831,248.919
20832,248.930
20833,248.997
20834,249.021
20835,249.035
20836,249.081
20837,249.092
20838,249.104
20839,249.115
20840,249.126
20841,249.137
20842,249.188
20843,249.199
20844,249.211
20845,249.222
20846,249.272
20847,249.293
20848,249.363
20849,249.428
20850,249.439
20851,249.451
20852,249.463
20853,249.515
20854,249.537
20855,249.619
20856,249.659
20857,249.682
20858,249.751
20859,249.766
20860,249.783
20861,249.809
20862,249.842
20863,249.858
20864,249.874
20865,249.890
20866,249.916
20867,249.950
20868,249.971
20869,249.987
20870,250.000
20871,250.018
20872,250.029
20873,250.042
20874,250.054
20875,250.144
20876,250.169
20877,250.182
20878,250.231
20879,250.241
20880,250.252
20881,250.268
20882,250.290
20883,250.301
20884,250.312
20885,250.323
20886,250.339
20887,250.365
20888,250.391
20889,250.449
20890,250.471
20891,250.517
20892,250.537
20893,250.585
20894,250.608
20895,250.657
20896,250.680
20897,250.728
20898,250.750
20899,250.801
20900,250.824
20901,250.871
20902,250.891
20903,250.940
20904,250.962
20905,251.010
20906,251.030
20907,251.047
20908,251.059
20909,251.080
20910,251.100
20911,251.120
20912,251.142
20913,251.171
20914,251.186
20915,251.205
20916,251.233
20917,251.248
20918,251.270
20919,251.287
20920,251.303
20921,251.329
20922,251.368
20923,251.397
20924,251.419
20925,251.448
20926,251.478
20927,251.498
20928,251.522
20929,251.535
20930,251.588
20931,251.599
20932,251.610
20933,251.620
20934,251.691
20935,251.717
20936,251.733
20937,251.780
20938,251.801
20939,251.812
20940,251.878
20941,251.936
20942,251.957
20943,251.968
20944,251.979
20945,251.995
20946,252.015
20947,252.027
20948,252.039
20949,252.058
20950,252.068
20951,252.075
20952,252.090
20953,252.110
20954,252.125
20955,252.145
20956,252.160
20957,252.167
20958,252.174
20959,252.181
20960,252.188
20961,252.203
20962,252.214
20963,252.225
20964,252.236
20965,252.252
20966,252.273
20967,252.294
20968,252.306
20969,252.313
20970,252.328
20971,252.352
20972,252.396
20973,252.402
20974,252.408
20975,252.443
20976,252.460
20977,252.511
20978,252.528
20979,252.595
20980,252.607
20981,252.616
20982,252.629
20983,252.673
20984,252.743
20985,252.816
20986,252.825
20987,252.836
20988,252.846
20989,252.867
20990,252.876
20991,252.885
20992,252.904
20993,252.912
20994,252.922
20995,252.931
20996,252.950
20997,252.973
20998,252.988
20999,252.997
21000,253.011
21001,253.061
21002,253.076
21003,253.088
21004,253.134
21005,253.147
21006,253.202
21007,253.216
21008,253.261
21009,253.274
21010,253.285
21011,253.297
21012,253.345
21013,253.355
21014,253.367
21015,253.377
21016,253.429
21017,253.449
21018,253.481
21019,253.496
21020,253.532
21021,253.538
21022,253.545
21023,253.551
21024,253.599
21025,253.609
21026,253.621
21027,253.631
21028,253.679
21029,253.692
21030,253.737
21031,253.750
21032,253.805
21033,253.819
21034,253.875
21035,253.889
21036,253.901
21037,253.952
21038,253.971
21039,253.982
21040,253.993
21041,254.007
21042,254.043
21043,254.059
21044,254.098
21045,254.118
21046,254.133
21047,254.142
21048,254.157
21049,254.167
21050,254.179
21051,254.202
21052,254.220
21053,254.242
21054,254.256
21055,254.308
21056,254.334
21057,254.386
21058,254.414
21059,254.431
21060,254.451
21061,254.467
21062,254.486
21063,254.511
21064,254.543
21065,254.559
21066,254.574
21067,254.585
21068,254.598
21069,254.610
21070,254.643
21071,254.659
21072,254.694
21073,254.713
21074,254.724
21075,254.734
21076,254.744
21077,254.776
21078,254.788
21079,254.799
21080,254.813
21081,254.819
21082,254.826
21083,254.832
21084,254.846
21085,254.855
21086,254.867
21087,254.876
21088,254.915
21089,254.929
21090,254.972
21091,254.991
21092,255.001
21093,255.013
21094,255.053
21095,255.066
21096,255.109
21097,255.127
21098,255.137
21099,255.148
21100,255.158
21101,255.198
21102,255.213
21103,255.252
21104,255.267
21105,255.310
21106,255.330
21107,255.347
21108,255.362
21109,255.372
21110,255.382
21111,255.392
21112,255.406
21113,255.423
21114,255.433
21115,255.446
21116,255.456
21117,255.466
21118,255.475
21119,255.487
21120,255.514
21121,255.531
21122,255.550
21123,255.576
21124,255.603
21125,255.619
21126,255.636
21127,255.655
21128,255.668
21129,255.687
21130,255.701
21131,255.725
21132,255.750
21133,255.766
21134,255.784
21135,255.798
21136,255.823
21137,255.851
21138,255.867
21139,255.878
21140,255.894
21141,255.912
21142,255.923
21143,255.939
21144,255.958
21145,255.968
21146,255.980
21147,255.990
21148,256.000
21149,256.011
21150,256.021
21151,256.031
21152,256.086
21153,256.134
21154,256.146
21155,256.161
21156,256.171
21157,256.181
21158,256.192
21159,256.201
21160,256.217
21161,256.226
21162,256.236
21163,256.246
21164,256.257
21165,256.268
21166,256.276
21167,256.290
21168,256.307
21169,256.317
21170,256.330
21171,256.335
21172,256.341
21173,256.352
21174,256.372
21175,256.382
21176,256.393
21177,256.403
21178,256.414
21179,256.424
21180,256.434
21181,256.445
21182,256.457
21183,256.469
21184,256.475
21185,256.481
21186,256.487
21187,256.501
21188,256.519
21189,256.529
21190,256.544
21191,256.562
21192,256.572
21193,256.582
21194,256.593
21195,256.625
21196,256.639
21197,256.671
21198,256.682
21199,256.692
21200,256.702
21201,256.720
21202,256.735
21203,256.753
21204,256.773
21205,256.847
21206,256.867
21207,256.925
21208,256.943
21209,257.031
21210,257.068
21211,257.088
21212,257.110
21213,257.135
21214,257.152
21215,257.167
21216,257.182
21217,257.197
21218,257.211
21219,257.227
21220,257.240
21221,257.254
21222,257.267
21223,257.281
21224,257.295
21225,257.342
21226,257.360
21227,257.411
21228,257.431
21229,257.441
21230,257.486
21231,257.505
21232,257.552
21233,257.572
21234,257.583
21235,257.593
21236,257.639
21237,257.658
21238,257.668
21239,257.682
21240,257.700
21241,257.765
21242,257.789
21243,257.804
21244,257.820
21245,257.835
21246,257.899
21247,257.923
21248,257.939
21249,257.987
21250,258.008
21251,258.055
21252,258.074
21253,258.084
21254,258.138
21255,258.168
21256,258.186
21257,258.212
21258,258.241
21259,258.307
21260,258.335
21261,258.351
21262,258.370
21263,258.433
21264,258.460
21265,258.475
21266,258.548
21267,258.573
21268,258.626
21269,258.646
21270,258.696
21271,258.714
21272,258.761
21273,258.780
21274,258.790
21275,258.836
21276,258.855
21277,258.871
21278,258.888
21279,258.898
21280,258.908
21281,258.954
21282,258.973
21283,259.019
21284,259.036
21285,259.083
21286,259.104
21287,259.122
21288,259.170
21289,259.189
21290,259.236
21291,259.255
21292,259.304
21293,259.325
21294,259.336
21295,259.383
21296,259.401
21297,259.417
21298,259.436
21299,259.447
21300,259.457
21301,259.506
21302,259.526
21303,259.573
21304,259.591
21305,259.656
21306,259.694
21307,259.724
21308,259.799
21309,259.830
21310,259.892
21311,259.919
21312,259.942
21313,259.967
21314,259.983
21315,260.009
21316,260.039
21317,260.056
21318,260.077
21319,260.088
21320,260.154
21321,260.178
21322,260.192
21323,260.239
21324,260.258
21325,260.268
21326,260.279
21327,260.328
21328,260.350
21329,260.362
21330,260.409
21331,260.428
21332,260.440
21333,260.490
21334,260.510
21335,260.521
21336,260.532
21337,260.582
21338,260.604
21339,260.614
21340,260.663
21341,260.683
21342,260.695
21343,260.746
21344,260.768
21345,260.778
21346,260.827
21347,260.848
21348,260.899
21349,260.921
21350,260.932
21351,260.979
21352,260.999
21353,261.014
21354,261.033
21355,261.044
21356,261.092
21357,261.124
21358,261.194
21359,261.224
21360,261.292
21361,261.321
21362,261.386
21363,261.415
21364,261.431
21365,261.496
21366,261.525
21367,261.595
21368,261.616
21369,261.630
21370,261.681
21371,261.702
21372,261.761
21373,261.779
21374,261.794
21375,261.799
21376,261.806
21377,261.811
21378,261.818
21379,261.823
21380,261.829
21381,261.835
21382,261.849
21383,261.868
21384,261.882
21385,261.895
21386,261.907
21387,261.918
21388,261.931
21389,261.944
21390,261.988
21391,262.001
21392,262.046
21393,262.059
21394,262.099
21395,262.110
21396,262.121
21397,262.132
21398,262.142
21399,262.153
21400,262.165
21401,262.176
21402,262.187
21403,262.198
21404,262.209
21405,262.220
21406,262.230
21407,262.242
21408,262.256
21409,262.398
21410,262.418
21411,262.433
21412,262.449
21413,262.464
21414,262.479
21415,262.493
21416,262.507
21417,262.648
21418,262.783
21419,262.839
21420,262.899
21421,262.919
21422,262.980
21423,262.995
21424,263.008
21425,263.024
21426,263.036
21427,263.047
21428,263.059
21429,263.074
21430,263.084
21431,263.090
21432,263.095
21433,263.137
21434,263.146
21435,263.192
21436,263.208
21437,263.218
21438,263.228
21439,263.242
21440,263.261
21441,263.311
21442,263.356
21443,263.366
21444,263.376
21445,263.388
21446,263.401
21447,263.413
21448,263.422
21449,263.432
21450,263.440
21451,263.449
21452,263.459
21453,263.503
21454,263.513
21455,263.558
21456,263.563
21457,263.569
21458,263.610
21459,263.621
21460,263.631
21461,263.675
21462,263.687
21463,263.731
21464,263.743
21465,263.754
21466,263.764
21467,263.774
21468,263.785
21469,263.794
21470,263.806
21471,263.854
21472,263.865
21473,263.876
21474,263.920
21475,263.975
21476,263.995
21477,264.013
21478,264.078
21479,264.138
21480,264.156
21481,264.215
21482,264.229
21483,264.246
21484,264.261
21485,264.276
21486,264.291
21487,264.354
21488,264.414
21489,264.427
21490,264.473
21491,264.486
21492,264.497
21493,264.508
21494,264.520
21495,264.539
21496,264.549
21497,264.600
21498,264.615
21499,264.661
21500,264.676
21501,264.687
21502,264.731
21503,264.744
21504,264.754
21505,264.798
21506,264.811
21507,264.822
21508,264.833
21509,264.847
21510,264.890
21511,264.903
21512,264.914
21513,264.923
21514,264.933
21515,264.993
21516,265.012
21517,265.052
21518,265.063
21519,265.073
21520,265.084
21521,265.095
21522,265.107
21523,265.158
21524,265.173
21525,265.219
21526,265.268
21527,265.278
21528,265.289
21529,265.299
21530,265.309
21531,265.319
21532,265.363
21533,265.376
21534,265.393
21535,265.460
21536,265.528
21537,265.548
21538,265.565
21539,265.626
21540,265.648
21541,265.717
21542,265.778
21543,265.798
21544,265.818
21545,265.837
21546,265.852
21547,265.858
21548,265.864
21549,265.872
21550,265.879
21551,265.884
21552,265.890
21553,265.897
21554,265.912
21555,265.932
21556,265.944
21557,265.957
21558,265.968
21559,265.978
21560,265.990
21561,266.003
21562,266.013
21563,266.024
21564,266.035
21565,266.046
21566,266.056
21567,266.100
21568,266.113
21569,266.123
21570,266.164
21571,266.175
21572,266.186
21573,266.197
21574,266.207
21575,266.216
21576,266.228
21577,266.241
21578,266.378
21579,266.397
21580,266.412
21581,266.428
21582,266.443
21583,266.458
21584,266.474
21585,266.489
21586,266.504
21587,266.519
21588,266.607
21589,266.697
21590,266.758
21591,266.826
21592,266.847
21593,266.910
21594,266.929
21595,266.949
21596,266.969
21597,267.031
21598,267.048
21599,267.064
21600,267.129
21601,267.149
21602,267.165
21603,267.215
21604,267.229
21605,267.277
21606,267.290
21607,267.301
21608,267.346
21609,267.359
21610,267.370
21611,267.383
21612,267.393
21613,267.405
21614,267.421
21615,267.431
21616,267.437
21617,267.443
21618,267.486
21619,267.497
21620,267.543
21621,267.560
21622,267.570
21623,267.581
21624,267.594
21625,267.613
21626,267.666
21627,267.682
21628,267.726
21629,267.736
21630,267.746
21631,267.760
21632,267.775
21633,267.788
21634,267.798
21635,267.809
21636,267.818
21637,267.828
21638,267.840
21639,267.888
21640,267.899
21641,267.947
21642,267.954
21643,267.961
21644,268.007
21645,268.020
21646,268.053
21647,268.067
21648,268.115
21649,268.125
21650,268.135
21651,268.183
21652,268.196
21653,268.209
21654,268.219
21655,268.235
21656,268.254
21657,268.276
21658,268.296
21659,268.380
21660,268.409
21661,268.466
21662,268.485
21663,268.504
21664,268.521
21665,268.535
21666,268.545
21667,268.554
21668,268.572
21669,268.590
21670,268.610
21671,268.636
21672,268.655
21673,268.667
21674,268.674
21675,268.681
21676,268.694
21677,268.709
21678,268.721
21679,268.738
21680,268.752
21681,268.759
21682,268.766
21683,268.774
21684,268.783
21685,268.789
21686,268.797
21687,268.847
21688,268.856
21689,268.907
21690,268.913
21691,268.919
21692,268.927
21693,268.934
21694,268.940
21695,268.947
21696,268.957
21697,268.965
21698,268.976
21699,268.992
21700,269.008
21701,269.028
21702,269.042
21703,269.062
21704,269.073
21705,269.083
21706,269.099
21707,269.110
21708,269.132
21709,269.138
21710,269.144
21711,269.156
21712,269.172
21713,269.187
21714,269.207
21715,269.225
21716,269.236
21717,269.252
21718,269.264
21719,269.280
21720,269.292
21721,269.315
21722,269.321
21723,269.328
21724,269.335
21725,269.342
21726,269.348
21727,269.363
21728,269.373
21729,269.384
21730,269.396
21731,269.407
21732,269.419
21733,269.426
21734,269.433
21735,269.444
21736,269.460
21737,269.472
21738,269.498
21739,269.517
21740,269.528
21741,269.544
21742,269.557
21743,269.575
21744,269.588
21745,269.594
21746,269.601
21747,269.608
21748,269.615
21749,269.631
21750,269.637
21751,269.643
21752,269.649
21753,269.660
21754,269.669
21755,269.679
21756,269.689
21757,269.711
21758,269.732
21759,269.751
21760,269.766
21761,269.783
21762,269.846
21763,269.863
21764,269.929
21765,269.944
21766,269.960
21767,269.976
21768,269.993
21769,270.008
21770,270.032
21771,270.112
21772,270.134
21773,270.179
21774,270.194
21775,270.206
21776,270.239
21777,270.253
21778,270.286
21779,270.299
21780,270.312
21781,270.326
21782,270.344
21783,270.366
21784,270.377
21785,270.389
21786,270.401
21787,270.417
21788,270.442
21789,270.461
21790,270.473
21791,270.488
21792,270.508
21793,270.523
21794,270.543
21795,270.559
21796,270.579
21797,270.594
21798,270.614
21799,270.625
21800,270.639
21801,270.653
21802,270.667
21803,270.682
21804,270.693
21805,270.705
21806,270.716
21807,270.779
21808,270.803
21809,270.867
21810,270.889
21811,270.935
21812,270.950
21813,270.995
21814,271.008
21815,271.019
21816,271.031
21817,271.062
21818,271.085
21819,271.131
21820,271.184
21821,271.204
21822,271.221
21823,271.240
21824,271.259
21825,271.275
21826,271.294
21827,271.312
21828,271.327
21829,271.345
21830,271.362
21831,271.378
21832,271.395
21833,271.420
21834,271.453
21835,271.474
21836,271.486
21837,271.500
21838,271.514
21839,271.525
21840,271.537
21841,271.548
21842,271.560
21843,271.572
21844,271.583
21845,271.594
21846,271.607
21847,271.619
21848,271.633
21849,271.647
21850,271.658
21851,271.671
21852,271.684
21853,271.697
21854,271.712
21855,271.724
21856,271.736
21857,271.749
21858,271.762
21859,271.775
21860,271.788
21861,271.799
21862,271.810
21863,271.822
21864,271.836
21865,271.847
21866,271.859
21867,271.875
21868,271.919
21869,271.929
21870,271.970
21871,271.980
21872,271.990
21873,272.002
21874,272.016
21875,272.029
21876,272.038
21877,272.049
21878,272.059
21879,272.069
21880,272.079
21881,272.128
21882,272.140
21883,272.189
21884,272.196
21885,272.203
21886,272.249
21887,272.255
21888,272.262
21889,272.268
21890,272.280
21891,272.293
21892,272.310
21893,272.331
21894,272.342
21895,272.355
21896,272.366
21897,272.381
21898,272.415
21899,272.445
21900,272.467
21901,272.492
21902,272.521
21903,272.547
21904,272.575
21905,272.600
21906,272.628
21907,272.654
21908,272.681
21909,272.698
21910,272.715
21911,272.738
21912,272.756
21913,272.773
21914,272.794
21915,272.811
21916,272.826
21917,272.838
21918,272.850
21919,272.864
21920,272.879
21921,272.943
21922,273.012
21923,273.034
21924,273.079
21925,273.092
21926,273.143
21927,273.154
21928,273.165
21929,273.212
21930,273.226
21931,273.240
21932,273.249
21933,273.259
21934,273.270
21935,273.281
21936,273.291
21937,273.303
21938,273.317
21939,273.351
21940,273.365
21941,273.400
21942,273.415
21943,273.448
21944,273.464
21945,273.478
21946,273.493
21947,273.504
21948,273.516
21949,273.527
21950,273.595
21951,273.620
21952,273.634
21953,273.648
21954,273.662
21955,273.675
21956,273.688
21957,273.702
21958,273.716
21959,273.730
21960,273.744
21961,273.758
21962,273.771
21963,273.790
21964,273.815
21965,273.840
21966,273.935
21967,274.017
21968,274.047
21969,274.115
21970,274.143
21971,274.215
21972,274.252
21973,274.307
21974,274.329
21975,274.384
21976,274.407
21977,274.456
21978,274.477
21979,274.527
21980,274.548
21981,274.596
21982,274.616
21983,274.633
21984,274.644
21985,274.654
21986,274.665
21987,274.676
21988,274.725
21989,274.745
21990,274.811
21991,274.835
21992,274.899
21993,274.955
21994,274.975
21995,274.986
21996,274.997
21997,275.013
21998,275.032
21999,275.042
22000,275.058
22001,275.078
22002,275.129
22003,275.148
22004,275.199
22005,275.219
22006,275.230
22007,275.240
22008,275.252
22009,275.266
22010,275.285
22011,275.296
22012,275.306
22013,275.370
22014,275.403
22015,275.473
22016,275.500
22017,275.526
22018,275.553
22019,275.571
22020,275.596
22021,275.624
22022,275.691
22023,275.719
22024,275.814
22025,275.837
22026,275.849
22027,275.862
22028,275.875
22029,275.891
22030,275.912
22031,275.923
22032,275.934
22033,275.986
22034,276.007
22035,276.057
22036,276.076
22037,276.092
22038,276.103
22039,276.115
22040,276.125
22041,276.136
22042,276.148
22043,276.163
22044,276.183
22045,276.243
22046,276.266
22047,276.316
22048,276.336
22049,276.403
22050,276.463
22051,276.484
22052,276.496
22053,276.556
22054,276.580
22055,276.594
22056,276.608
22057,276.623
22058,276.685
22059,276.710
22060,276.725
22061,276.777
22062,276.789
22063,276.800
22064,276.853
22065,276.863
22066,276.874
22067,276.954
22068,276.991
22069,277.018
22070,277.038
22071,277.115
22072,277.149
22073,277.170
22074,277.237
22075,277.267
22076,277.336
22077,277.366
22078,277.418
22079,277.440
22080,277.493
22081,277.514
22082,277.563
22083,277.583
22084,277.632
22085,277.654
22086,277.703
22087,277.723
22088,277.774
22089,277.794
22090,277.842
22091,277.860
22092,277.876
22093,277.895
22094,277.907
22095,277.922
22096,277.980
22097,278.000
22098,278.064
22099,278.126
22100,278.145
22101,278.156
22102,278.218
22103,278.249
22104,278.319
22105,278.345
22106,278.356
22107,278.405
22108,278.463
22109,278.483
22110,278.494
22111,278.504
22112,278.524
22113,278.558
22114,278.579
22115,278.598
22116,278.618
22117,278.641
22118,278.671
22119,278.694
22120,278.722
22121,278.745
22122,278.774
22123,278.793
22124,278.815
22125,278.844
22126,278.860
22127,278.887
22128,278.919
22129,278.938
22130,278.959
22131,278.971
22132,278.984
22133,278.998
22134,279.019
22135,279.035
22136,279.055
22137,279.067
22138,279.082
22139,279.104
22140,279.120
22141,279.139
22142,279.155
22143,279.177
22144,279.192
22145,279.211
22146,279.222
22147,279.291
22148,279.316
22149,279.330
22150,279.343
22151,279.356
22152,279.371
22153,279.386
22154,279.399
22155,279.413
22156,279.426
22157,279.440
22158,279.455
22159,279.470
22160,279.484
22161,279.498
22162,279.512
22163,279.580
22164,279.641
22165,279.661
22166,279.714
22167,279.733
22168,279.786
22169,279.806
22170,279.854
22171,279.873
22172,279.939
22173,279.975
22174,280.047
22175,280.075
22176,280.144
22177,280.175
22178,280.240
22179,280.267
22180,280.291
22181,280.306
22182,280.326
22183,280.345
22184,280.362
22185,280.416
22186,280.438
22187,280.508
22188,280.532
22189,280.599
22190,280.656
22191,280.675
22192,280.685
22193,280.696
22194,280.713
22195,280.733
22196,280.744
22197,280.754
22198,280.769
22199,280.788
22200,280.838
22201,280.859
22202,280.908
22203,280.929
22204,280.977
22205,280.997
22206,281.008
22207,281.060
22208,281.081
22209,281.130
22210,281.149
22211,281.165
22212,281.185
22213,281.196
22214,281.212
22215,281.231
22216,281.281
22217,281.301
22218,281.351
22219,281.370
22220,281.381
22221,281.392
22222,281.407
22223,281.430
22224,281.450
22225,281.469
22226,281.544
22227,281.573
22228,281.638
22229,281.666
22230,281.691
22231,281.708
22232,281.724
22233,281.741
22234,281.759
22235,281.775
22236,281.799
22237,281.832
22238,281.898
22239,281.924
22240,281.977
22241,281.997
22242,282.066
22243,282.124
22244,282.144
22245,282.157
22246,282.217
22247,282.241
22248,282.253
22249,282.266
22250,282.279
22251,282.337
22252,282.360
22253,282.373
22254,282.425
22255,282.436
22256,282.447
22257,282.504
22258,282.516
22259,282.527
22260,282.587
22261,282.610
22262,282.624
22263,282.638
22264,282.697
22265,282.722
22266,282.735
22267,282.787
22268,282.808
22269,282.856
22270,282.876
22271,282.925
22272,282.945
22273,283.012
22274,283.046
22275,283.117
22276,283.147
22277,283.215
22278,283.246
22279,283.311
22280,283.338
22281,283.408
22282,283.442
22283,283.495
22284,283.515
22285,283.583
22286,283.607
22287,283.620
22288,283.633
22289,283.645
22290,283.658
22291,283.671
22292,283.684
22293,283.697
22294,283.711
22295,283.726
22296,283.739
22297,283.753
22298,283.766
22299,283.780
22300,283.794
22301,283.860
22302,283.917
22303,283.936
22304,283.984
22305,284.003
22306,284.013
22307,284.029
22308,284.048
22309,284.062
22310,284.082
22311,284.093
22312,284.163
22313,284.188
22314,284.204
22315,284.254
22316,284.275
22317,284.322
22318,284.340
22319,284.351
22320,284.362
22321,284.413
22322,284.439
22323,284.458
22324,284.534
22325,284.564
22326,284.582
22327,284.608
22328,284.635
22329,284.659
22330,284.688
22331,284.705
22332,284.801
22333,284.844
22334,284.870
22335,284.927
22336,284.950
22337,285.004
22338,285.024
22339,285.035
22340,285.047
22341,285.101
22342,285.124
22343,285.135
22344,285.182
22345,285.201
22346,285.212
22347,285.227
22348,285.245
22349,285.260
22350,285.279
22351,285.289
22352,285.357
22353,285.381
22354,285.396
22355,285.443
22356,285.461
22357,285.512
22358,285.532
22359,285.543
22360,285.590
22361,285.610
22362,285.659
22363,285.678
22364,285.725
22365,285.743
22366,285.759
22367,285.778
22368,285.788
22369,285.803
22370,285.821
22371,285.835
22372,285.857
22373,285.864
22374,285.943
22375,285.988
22376,286.017
22377,286.080
22378,286.109
22379,286.174
22380,286.203
22381,286.220
22382,286.284
22383,286.315
22384,286.378
22385,286.398
22386,286.415
22387,286.435
22388,286.446
22389,286.463
22390,286.481
22391,286.496
22392,286.513
22393,286.524
22394,286.539
22395,286.558
22396,286.568
22397,286.618
22398,286.639
22399,286.650
22400,286.720
22401,286.744
22402,286.759
22403,286.774
22404,286.820
22405,286.839
22406,286.850
22407,286.864
22408,286.883
22409,286.893
22410,286.943
22411,286.963
22412,286.974
22413,287.045
22414,287.072
22415,287.087
22416,287.103
22417,287.151
22418,287.173
22419,287.225
22420,287.246
22421,287.257
22422,287.315
22423,287.340
22424,287.402
22425,287.432
22426,287.461
22427,287.491
22428,287.507
22429,287.532
22430,287.559
22431,287.582
22432,287.610
22433,287.627
22434,287.650
22435,287.675
22436,287.692
22437,287.767
22438,287.793
22439,287.806
22440,287.880
22441,287.907
22442,287.923
22443,287.939
22444,287.988
22445,288.007
22446,288.019
22447,288.034
22448,288.054
22449,288.066
22450,288.119
22451,288.139
22452,288.151
22453,288.221
22454,288.247
22455,288.263
22456,288.278
22457,288.327
22458,288.348
22459,288.399
22460,288.421
22461,288.433
22462,288.483
22463,288.504
22464,288.554
22465,288.574
22466,288.586
22467,288.602
22468,288.622
22469,288.638
22470,288.657
22471,288.668
22472,288.738
22473,288.765
22474,288.781
22475,288.828
22476,288.858
22477,288.932
22478,288.965
22479,288.983
22480,289.049
22481,289.079
22482,289.151
22483,289.181
22484,289.248
22485,289.280
22486,289.346
22487,289.367
22488,289.440
22489,289.468
22490,289.481
22491,289.495
22492,289.509
22493,289.523
22494,289.537
22495,289.551
22496,289.566
22497,289.580
22498,289.593
22499,289.609
22500,289.624
22501,289.638
22502,289.652
22503,289.666
22504,289.734
22505,289.795
22506,289.815
22507,289.866
22508,289.886
22509,289.938
22510,289.959
22511,290.011
22512,290.030
22513,290.083
22514,290.105
22515,290.155
22516,290.174
22517,290.226
22518,290.247
22519,290.296
22520,290.315
22521,290.332
22522,290.343
22523,290.354
22524,290.364
22525,290.379
22526,290.454
22527,290.487
22528,290.584
22529,290.621
22530,290.711
22531,290.787
22532,290.814
22533,290.835
22534,290.855
22535,290.875
22536,290.898
22537,290.911
22538,290.927
22539,290.949
22540,291.004
22541,291.024
22542,291.075
22543,291.094
22544,291.141
22545,291.160
22546,291.176
22547,291.195
22548,291.207
22549,291.218
22550,291.234
22551,291.252
22552,291.301
22553,291.320
22554,291.367
22555,291.386
22556,291.396
22557,291.445
22558,291.465
22559,291.515
22560,291.576
22561,291.597
22562,291.646
22563,291.665
22564,291.681
22565,291.691
22566,291.703
22567,291.714
22568,291.725
22569,291.737
22570,291.752
22571,291.772
22572,291.831
22573,291.853
22574,291.899
22575,291.925
22576,292.020
22577,292.100
22578,292.129
22579,292.149
22580,292.221
22581,292.252
22582,292.271
22583,292.292
22584,292.313
22585,292.386
22586,292.411
22587,292.425
22588,292.477
22589,292.487
22590,292.498
22591,292.547
22592,292.556
22593,292.566
22594,292.622
22595,292.644
22596,292.657
22597,292.671
22598,292.729
22599,292.752
22600,292.766
22601,292.814
22602,292.833
22603,292.884
22604,292.903
22605,292.950
22606,292.969
22607,293.021
22608,293.042
22609,293.090
22610,293.110
22611,293.158
22612,293.178
22613,293.227
22614,293.246
22615,293.296
22616,293.315
22617,293.363
22618,293.381
22619,293.397
22620,293.403
22621,293.409
22622,293.416
22623,293.423
22624,293.429
22625,293.434
22626,293.445
22627,293.464
22628,293.549
22629,293.627
22630,293.659
22631,293.675
22632,293.692
22633,293.710
22634,293.734
22635,293.772
22636,293.800
22637,293.823
22638,293.853
22639,293.875
22640,293.895
22641,293.917
22642,293.934
22643,293.955
22644,293.973
22645,293.994
22646,294.005
22647,294.016
22648,294.031
22649,294.050
22650,294.062
22651,294.073
22652,294.087
22653,294.106
22654,294.117
22655,294.129
22656,294.145
22657,294.164
22658,294.181
22659,294.201
22660,294.212
22661,294.222
22662,294.237
22663,294.256
22664,294.305
22665,294.363
22666,294.424
22667,294.445
22668,294.457
22669,294.468
22670,294.482
22671,294.497
22672,294.509
22673,294.523
22674,294.569
22675,294.585
22676,294.654
22677,294.675
22678,294.721
22679,294.734
22680,294.746
22681,294.758
22682,294.773
22683,294.787
22684,294.973
22685,295.000
22686,295.026
22687,295.055
22688,295.083
22689,295.107
22690,295.132
22691,295.285
22692,295.394
22693,295.443
22694,295.456
22695,295.468
22696,295.482
22697,295.494
22698,295.508
22699,295.573
22700,295.594
22701,295.640
22702,295.659
22703,295.670
22704,295.676
22705,295.682
22706,295.728
22707,295.738
22708,295.787
22709,295.804
22710,295.816
22711,295.830
22712,295.843
22713,295.853
22714,295.862
22715,295.875
22716,295.885
22717,295.895
22718,295.904
22719,295.915
22720,295.925
22721,295.975
22722,295.987
22723,296.035
22724,296.042
22725,296.049
22726,296.096
22727,296.114
22728,296.161
22729,296.173
22730,296.184
22731,296.241
22732,296.298
22733,296.322
22734,296.333
22735,296.344
22736,296.355
22737,296.383
22738,296.425
22739,296.458
22740,296.493
22741,296.521
22742,296.550
22743,296.570
22744,296.595
22745,296.624
22746,296.651
22747,296.684
22748,296.709
22749,296.746
22750,296.769
22751,296.796
22752,296.820
22753,296.832
22754,296.844
22755,296.861
22756,296.881
22757,296.892
22758,296.902
22759,296.913
22760,296.928
22761,296.949
22762,296.960
22763,296.971
22764,296.981
22765,296.996
22766,297.019
22767,297.044
22768,297.064
22769,297.080
22770,297.099
22771,297.110
22772,297.121
22773,297.137
22774,297.158
22775,297.169
22776,297.185
22777,297.207
22778,297.218
22779,297.232
22780,297.249
22781,297.261
22782,297.277
22783,297.289
22784,297.302
22785,297.318
22786,297.369
22787,297.385
22788,297.398
22789,297.445
22790,297.458
22791,297.522
22792,297.537
22793,297.589
22794,297.602
22795,297.613
22796,297.626
22797,297.641
22798,297.690
22799,297.707
22800,297.752
22801,297.769
22802,297.816
22803,297.843
22804,297.864
22805,297.884
22806,297.901
22807,297.981
22808,298.002
22809,298.022
22810,298.086
22811,298.104
22812,298.120
22813,298.140
22814,298.166
22815,298.190
22816,298.212
22817,298.226
22818,298.242
22819,298.260
22820,298.297
22821,298.323
22822,298.357
22823,298.371
22824,298.385
22825,298.396
22826,298.409
22827,298.420
22828,298.431
22829,298.442
22830,298.454
22831,298.466
22832,298.478
22833,298.490
22834,298.501
22835,298.513
22836,298.524
22837,298.537
22838,298.552
22839,298.704
22840,298.724
22841,298.740
22842,298.755
22843,298.771
22844,298.786
22845,298.803
22846,298.820
22847,298.836
22848,298.852
22849,298.955
22850,299.056
22851,299.106
22852,299.119
22853,299.166
22854,299.180
22855,299.194
22856,299.260
22857,299.280
22858,299.349
22859,299.366
22860,299.386
22861,299.406
22862,299.425
22863,299.445
22864,299.467
22865,299.486
22866,299.509
22867,299.526
22868,299.544
22869,299.560
22870,299.585
22871,299.603
22872,299.612
22873,299.625
22874,299.673
22875,299.684
22876,299.738
22877,299.757
22878,299.769
22879,299.780
22880,299.791
22881,299.802
22882,299.815
22883,299.834
22884,299.850
22885,299.864
22886,299.919
22887,299.972
22888,299.984
22889,299.994
22890,300.007
22891,300.019
22892,300.030
22893,300.039
22894,300.050
22895,300.061
22896,300.108
22897,300.118
22898,300.168
22899,300.175
22900,300.182
22901,300.233
22902,300.239
22903,300.246
22904,300.252
22905,300.259
22906,300.266
22907,300.273
22908,300.280
22909,300.288
22910,300.299
22911,300.307
22912,300.318
22913,300.329
22914,300.343
22915,300.356
22916,300.367
22917,300.379
22918,300.392
22919,300.409
22920,300.416
22921,300.423
22922,300.430
22923,300.438
22924,300.455
22925,300.463
22926,300.472
22927,300.480
22928,300.498
22929,300.510
22930,300.521
22931,300.533
22932,300.547
22933,300.558
22934,300.573
22935,300.581
22936,300.588
22937,300.637
22938,300.714
22939,300.725
22940,300.736
22941,300.756
22942,300.779
22943,300.799
22944,300.816
22945,300.831
22946,300.851
22947,300.871
22948,300.889
22949,300.908
22950,300.931
22951,300.948
22952,300.971
22953,300.987
22954,301.012
22955,301.030
22956,301.038
22957,301.048
22958,301.059
22959,301.081
22960,301.111
22961,301.129
22962,301.142
22963,301.160
22964,301.233
22965,301.260
22966,301.274
22967,301.289
22968,301.304
22969,301.318
22970,301.332
22971,301.347
22972,301.361
22973,301.376
22974,301.391
22975,301.407
22976,301.422
22977,301.438
22978,301.454
22979,301.469
22980,301.543
22981,301.607
22982,301.629
22983,301.705
22984,301.732
22985,301.788
22986,301.810
22987,301.868
22988,301.890
22989,301.942
22990,301.961
22991,302.016
22992,302.040
22993,302.090
22994,302.110
22995,302.163
22996,302.184
22997,302.240
22998,302.273
22999,302.304
23000,302.322
23001,302.346
23002,302.365
23003,302.381
23004,302.457
23005,302.489
23006,302.586
23007,302.625
23008,302.729
23009,302.794
23010,302.816
23011,302.829
23012,302.842
23013,302.861
23014,302.882
23015,302.894
23016,302.906
23017,302.922
23018,302.943
23019,302.996
23020,303.018
23021,303.072
23022,303.093
23023,303.146
23024,303.157
23025,303.170
23026,303.181
23027,303.233
23028,303.255
23029,303.306
23030,303.327
23031,303.343
23032,303.364
23033,303.376
23034,303.392
23035,303.412
23036,303.465
23037,303.487
23038,303.538
23039,303.559
23040,303.571
23041,303.583
23042,303.595
23043,303.611
23044,303.632
23045,303.643
23046,303.655
23047,303.707
23048,303.729
23049,303.779
23050,303.799
23051,303.819
23052,303.839
23053,303.858
23054,303.878
23055,303.899
23056,303.919
23057,303.942
23058,303.973
23059,304.054
23060,304.090
23061,304.158
23062,304.188
23063,304.287
23064,304.354
23065,304.377
23066,304.389
23067,304.452
23068,304.475
23069,304.488
23070,304.502
23071,304.516
23072,304.577
23073,304.602
23074,304.617
23075,304.672
23076,304.684
23077,304.695
23078,304.749
23079,304.760
23080,304.772
23081,304.834
23082,304.858
23083,304.871
23084,304.885
23085,304.946
23086,304.971
23087,304.983
23088,305.036
23089,305.058
23090,305.111
23091,305.133
23092,305.183
23093,305.207
23094,305.259
23095,305.279
23096,305.331
23097,305.352
23098,305.402
23099,305.427
23100,305.501
23101,305.534
23102,305.606
23103,305.637
23104,305.704
23105,305.735
23106,305.764
23107,305.796
23108,305.814
23109,305.832
23110,305.853
23111,305.880
23112,305.903
23113,305.921
23114,305.944
23115,305.962
23116,305.983
23117,305.999
23118,306.019
23119,306.035
23120,306.056
23121,306.068
23122,306.082
23123,306.104
23124,306.116
23125,306.128
23126,306.145
23127,306.166
23128,306.178
23129,306.189
23130,306.201
23131,306.213
23132,306.253
23133,306.328
23134,306.395
23135,306.406
23136,306.418
23137,306.430
23138,306.471
23139,306.517
23140,306.534
23141,306.546
23142,306.562
23143,306.575
23144,306.591
23145,306.605
23146,306.611
23147,306.617
23148,306.624
23149,306.636
23150,306.653
23151,306.664
23152,306.682
23153,306.734
23154,306.746
23155,306.794
23156,306.811
23157,306.862
23158,306.913
23159,306.935
23160,306.942
23161,306.956
23162,306.968
23163,306.974
23164,306.984
23165,307.010
23166,307.046
23167,307.075
23168,307.115
23169,307.155
23170,307.188
23171,307.205
23172,307.223
23173,307.240
23174,307.262
23175,307.277
23176,307.295
23177,307.315
23178,307.326
23179,307.335
23180,307.345
23181,307.357
23182,307.378
23183,307.391
23184,307.403
23185,307.411
23186,307.419
23187,307.432
23188,307.444
23189,307.458
23190,307.472
23191,307.481
23192,307.493
23193,307.506
23194,307.517
23195,307.528
23196,307.539
23197,307.552
23198,307.559
23199,307.565
23200,307.572
23201,307.584
23202,307.595
23203,307.606
23204,307.617
23205,307.625
23206,307.636
23207,307.648
23208,307.686
23209,307.725
23210,307.731
23211,307.738
23212,307.745
23213,307.751
23214,307.764
23215,307.770
23216,307.777
23217,307.783
23218,307.796
23219,307.814
23220,307.827
23221,307.849
23222,307.874
23223,307.881
23224,307.888
23225,307.895
23226,307.910
23227,307.921
23228,307.932
23229,307.943
23230,307.955
23231,307.967
23232,308.017
23233,308.029
23234,308.040
23235,308.113
23236,308.113
23237,308.113
23238,308.115
23239,308.128
23240,308.145
23241,308.201
23242,308.269
23243,308.281
23244,308.292
23245,308.309
23246,308.334
23247,308.349
23248,308.356
23249,308.364
23250,308.372
23251,308.386
23252,308.399
23253,308.412
23254,308.431
23255,308.452
23256,308.470
23257,308.493
23258,308.517
23259,308.537
23260,308.557
23261,308.609
23262,308.662
23263,308.683
23264,308.709
23265,308.740
23266,308.765
23267,308.794
23268,308.813
23269,308.850
23270,308.862
23271,308.884
23272,308.908
23273,308.926
23274,308.950
23275,308.963
23276,308.985
23277,309.009
23278,309.021
23279,309.032
23280,309.044
23281,309.056
23282,309.069
23283,309.123
23284,309.139
23285,309.193
23286,309.209
23287,309.261
23288,309.314
23289,309.326
23290,309.338
23291,309.351
23292,309.362
23293,309.374
23294,309.428
23295,309.440
23296,309.453
23297,309.509
23298,309.525
23299,309.579
23300,309.594
23301,309.607
23302,309.619
23303,309.633
23304,309.650
23305,309.708
23306,309.725
23307,309.777
23308,309.794
23309,309.805
23310,309.854
23311,309.871
23312,309.882
23313,309.931
23314,309.948
23315,309.958
23316,309.976
23317,309.996
23318,310.007
23319,310.018
23320,310.038
23321,310.059
23322,310.078
23323,310.098
23324,310.117
23325,310.136
23326,310.154
23327,310.173
23328,310.246
23329,310.263
23330,310.280
23331,310.351
23332,310.372
23333,310.392
23334,310.405
23335,310.443
23336,310.459
23337,310.471
23338,310.543
23339,310.563
23340,310.580
23341,310.628
23342,310.646
23343,310.660
23344,310.672
23345,310.679
23346,310.685
23347,310.697
23348,310.710
23349,310.721
23350,310.735
23351,310.746
23352,310.757
23353,310.769
23354,310.782
23355,310.839
23356,310.850
23357,310.861
23358,310.917
23359,310.928
23360,310.940
23361,310.952
23362,310.988
23363,311.003
23364,311.016
23365,311.090
23366,311.112
23367,311.130
23368,311.179
23369,311.196
23370,311.215
23371,311.238
23372,311.250
23373,311.262
23374,311.275
23375,311.291
23376,311.312
23377,311.329
23378,311.351
23379,311.363
23380,311.379
23381,311.402
23382,311.417
23383,311.446
23384,311.473
23385,311.507
23386,311.534
23387,311.565
23388,311.583
23389,311.681
23390,311.722
23391,311.745
23392,311.768
23393,311.790
23394,311.816
23395,311.844
23396,311.864
23397,311.882
23398,311.899
23399,311.916
23400,311.931
23401,311.948
23402,311.964
23403,311.978
23404,311.993
23405,312.069
23406,312.136
23407,312.158
23408,312.215
23409,312.236
23410,312.292
23411,312.314
23412,312.367
23413,312.388
23414,312.442
23415,312.463
23416,312.516
23417,312.538
23418,312.594
23419,312.617
23420,312.678
23421,312.701
23422,312.718
23423,312.731
23424,312.743
23425,312.756
23426,312.768
23427,312.822
23428,312.844
23429,312.919
23430,312.944
23431,313.026
23432,313.115
23433,313.149
23434,313.166
23435,313.184
23436,313.209
23437,313.242
23438,313.260
23439,313.285
23440,313.314
23441,313.382
23442,313.414
23443,313.486
23444,313.509
23445,313.522
23446,313.535
23447,313.550
23448,313.573
23449,313.585
23450,313.596
23451,313.648
23452,313.669
23453,313.722
23454,313.743
23455,313.759
23456,313.781
23457,313.793
23458,313.805
23459,313.821
23460,313.842
23461,313.895
23462,313.915
23463,313.967
23464,313.988
23465,314.045
23466,314.066
23467,314.078
23468,314.134
23469,314.158
23470,314.212
23471,314.233
23472,314.249
23473,314.260
23474,314.272
23475,314.283
23476,314.296
23477,314.307
23478,314.324
23479,314.344
23480,314.406
23481,314.430
23482,314.483
23483,314.503
23484,314.586
23485,314.680
23486,314.712
23487,314.733
23488,314.817
23489,314.849
23490,314.871
23491,314.893
23492,314.913
23493,315.001
23494,315.040
23495,315.056
23496,315.119
23497,315.132
23498,315.146
23499,315.207
23500,315.219
23501,315.232
23502,315.299
23503,315.325
23504,315.341
23505,315.355
23506,315.426
23507,315.451
23508,315.466
23509,315.524
23510,315.546
23511,315.600
23512,315.621
23513,315.675
23514,315.696
23515,315.754
23516,315.778
23517,315.836
23518,315.858
23519,315.914
23520,315.935
23521,315.992
23522,316.014
23523,316.070
23524,316.092
23525,316.146
23526,316.170
23527,316.186
23528,316.194
23529,316.201
23530,316.209
23531,316.216
23532,316.224
23533,316.231
23534,316.238
23535,316.327
23536,316.416
23537,316.451
23538,316.471
23539,316.490
23540,316.509
23541,316.535
23542,316.576
23543,316.606
23544,316.631
23545,316.663
23546,316.693
23547,316.731
23548,316.751
23549,316.776
23550,316.797
23551,316.821
23552,316.835
23553,316.847
23554,316.864
23555,316.887
23556,316.899
23557,316.912
23558,316.929
23559,316.951
23560,316.962
23561,316.974
23562,316.992
23563,317.015
23564,317.033
23565,317.057
23566,317.069
23567,317.081
23568,317.098
23569,317.119
23570,317.174
23571,317.238
23572,317.303
23573,317.325
23574,317.338
23575,317.350
23576,317.365
23577,317.382
23578,317.394
23579,317.410
23580,317.462
23581,317.477
23582,317.553
23583,317.574
23584,317.623
23585,317.637
23586,317.649
23587,317.661
23588,317.674
23589,317.690
23590,317.892
23591,317.924
23592,317.951
23593,317.977
23594,318.004
23595,318.030
23596,318.057
23597,318.207
23598,318.319
23599,318.370
23600,318.384
23601,318.397
23602,318.411
23603,318.424
23604,318.438
23605,318.512
23606,318.534
23607,318.581
23608,318.598
23609,318.608
23610,318.615
23611,318.621
23612,318.667
23613,318.678
23614,318.727
23615,318.744
23616,318.755
23617,318.769
23618,318.784
23619,318.796
23620,318.807
23621,318.821
23622,318.833
23623,318.845
23624,318.855
23625,318.866
23626,318.878
23627,318.930
23628,318.942
23629,318.996
23630,319.004
23631,319.012
23632,319.061
23633,319.079
23634,319.142
23635,319.201
23636,319.225
23637,319.237
23638,319.249
23639,319.261
23640,319.277
23641,319.304
23642,319.337
23643,319.364
23644,319.406
23645,319.440
23646,319.465
23647,319.499
23648,319.523
23649,319.556
23650,319.583
23651,319.617
23652,319.636
23653,319.660
23654,319.692
23655,319.713
23656,319.734
23657,319.755
23658,319.778
23659,319.792
23660,319.805
23661,319.817
23662,319.836
23663,319.857
23664,319.869
23665,319.881
23666,319.893
23667,319.909
23668,319.934
23669,319.960
23670,319.980
23671,319.997
23672,320.018
23673,320.030
23674,320.042
23675,320.060
23676,320.084
23677,320.096
23678,320.115
23679,320.139
23680,320.153
23681,320.167
23682,320.184
23683,320.198
23684,320.213
23685,320.226
23686,320.279
23687,320.296
23688,320.345
23689,320.360
23690,320.424
23691,320.441
23692,320.496
23693,320.512
23694,320.525
23695,320.578
23696,320.594
23697,320.647
23698,320.661
23699,320.703
23700,320.719
23701,320.734
23702,320.748
23703,320.761
23704,320.774
23705,320.798
23706,320.818
23707,320.841
23708,320.866
23709,320.889
23710,320.911
23711,320.932
23712,320.955
23713,320.974
23714,320.995
23715,321.014
23716,321.032
23717,321.050
23718,321.068
23719,321.088
23720,321.109
23721,321.131
23722,321.156
23723,321.169
23724,321.183
23725,321.198
23726,321.211
23727,321.225
23728,321.240
23729,321.261
23730,321.273
23731,321.290
23732,321.304
23733,321.320
23734,321.493
23735,321.516
23736,321.532
23737,321.549
23738,321.567
23739,321.585
23740,321.601
23741,321.617
23742,321.633
23743,321.737
23744,321.847
23745,321.897
23746,321.912
23747,321.924
23748,321.939
23749,321.954
23750,322.006
23751,322.021
23752,322.070
23753,322.084
23754,322.096
23755,322.109
23756,322.121
23757,322.134
23758,322.149
23759,322.161
23760,322.182
23761,322.199
23762,322.211
23763,322.223
23764,322.290
23765,322.309
23766,322.377
23767,322.403
23768,322.421
23769,322.439
23770,322.461
23771,322.491
23772,322.512
23773,322.529
23774,322.547
23775,322.567
23776,322.592
23777,322.617
23778,322.628
23779,322.641
23780,322.655
23781,322.713
23782,322.725
23783,322.782
23784,322.789
23785,322.796
23786,322.850
23787,322.858
23788,322.865
23789,322.872
23790,322.879
23791,322.887
23792,322.894
23793,322.901
23794,322.909
23795,322.920
23796,322.930
23797,322.942
23798,322.955
23799,322.967
23800,322.979
23801,322.990
23802,323.002
23803,323.016
23804,323.031
23805,323.037
23806,323.044
23807,323.050
23808,323.056
23809,323.069
23810,323.075
23811,323.082
23812,323.089
23813,323.104
23814,323.115
23815,323.125
23816,323.136
23817,323.148
23818,323.159
23819,323.172
23820,323.179
23821,323.186
23822,323.234
23823,323.292
23824,323.299
23825,323.307
23826,323.318
23827,323.332
23828,323.345
23829,323.356
23830,323.368
23831,323.380
23832,323.395
23833,323.408
23834,323.420
23835,323.436
23836,323.447
23837,323.464
23838,323.476
23839,323.493
23840,323.506
23841,323.514
23842,323.521
23843,323.528
23844,323.540
23845,323.561
23846,323.580
23847,323.593
23848,323.610
23849,323.620
23850,323.643
23851,323.660
23852,323.687
23853,323.705
23854,323.733
23855,323.753
23856,323.763
23857,323.774
23858,323.784
23859,323.801
23860,323.826
23861,323.842
23862,323.867
23863,323.965
23864,324.002
23865,324.026
23866,324.055
23867,324.076
23868,324.094
23869,324.111
23870,324.128
23871,324.145
23872,324.161
23873,324.177
23874,324.192
23875,324.208
23876,324.223
23877,324.239
23878,324.254
23879,324.328
23880,324.394
23881,324.415
23882,324.473
23883,324.494
23884,324.551
23885,324.572
23886,324.622
23887,324.643
23888,324.701
23889,324.723
23890,324.779
23891,324.800
23892,324.857
23893,324.879
23894,324.934
23895,324.956
23896,324.974
23897,324.986
23898,324.998
23899,325.009
23900,325.022
23901,325.075
23902,325.096
23903,325.181
23904,325.225
23905,325.330
23906,325.413
23907,325.445
23908,325.464
23909,325.482
23910,325.504
23911,325.533
23912,325.550
23913,325.570
23914,325.597
23915,325.621
23916,325.676
23917,325.698
23918,325.751
23919,325.772
23920,325.823
23921,325.842
23922,325.853
23923,325.906
23924,325.926
23925,325.980
23926,325.999
23927,326.015
23928,326.034
23929,326.045
23930,326.061
23931,326.082
23932,326.134
23933,326.154
23934,326.205
23935,326.224
23936,326.235
23937,326.246
23938,326.261
23939,326.281
23940,326.293
23941,326.304
23942,326.358
23943,326.379
23944,326.431
23945,326.451
23946,326.466
23947,326.478
23948,326.488
23949,326.500
23950,326.511
23951,326.522
23952,326.537
23953,326.556
23954,326.615
23955,326.643
23956,326.714
23957,326.749
23958,326.847
23959,326.925
23960,326.956
23961,326.974
23962,327.053
23963,327.092
23964,327.112
23965,327.127
23966,327.142
23967,327.207
23968,327.232
23969,327.246
23970,327.301
23971,327.313
23972,327.325
23973,327.387
23974,327.399
23975,327.412
23976,327.479
23977,327.501
23978,327.515
23979,327.528
23980,327.589
23981,327.613
23982,327.626
23983,327.678
23984,327.699
23985,327.753
23986,327.774
23987,327.827
23988,327.848
23989,327.902
23990,327.923
23991,327.975
23992,327.995
23993,328.049
23994,328.070
23995,328.122
23996,328.142
23997,328.194
23998,328.215
23999,328.286
24000,328.318
24001,328.341
24002,328.353
24003,328.363
24004,328.373
24005,328.384
24006,328.395
24007,328.406
24008,328.416
24009,328.497
24010,328.575
24011,328.606
24012,328.623
24013,328.641
24014,328.662
24015,328.689
24016,328.719
24017,328.741
24018,328.758
24019,328.779
24020,328.796
24021,328.817
24022,328.833
24023,328.854
24024,328.870
24025,328.891
24026,328.903
24027,328.914
24028,328.931
24029,328.952
24030,328.963
24031,328.974
24032,328.990
24033,329.009
24034,329.020
24035,329.031
24036,329.049
24037,329.069
24038,329.080
24039,329.098
24040,329.119
24041,329.130
24042,329.144
24043,329.160
24044,329.172
24045,329.185
24046,329.197
24047,329.248
24048,329.263
24049,329.338
24050,329.358
24051,329.408
24052,329.423
24053,329.435
24054,329.446
24055,329.496
24056,329.510
24057,329.560
24058,329.574
24059,329.610
24060,329.625
24061,329.637
24062,329.655
24063,329.675
24064,329.698
24065,329.723
24066,329.952
24067,329.980
24068,330.004
24069,330.029
24070,330.061
24071,330.086
24072,330.105
24073,330.213
24074,330.316
24075,330.368
24076,330.382
24077,330.395
24078,330.409
24079,330.421
24080,330.434
24081,330.509
24082,330.529
24083,330.577
24084,330.593
24085,330.603
24086,330.610
24087,330.616
24088,330.670
24089,330.681
24090,330.733
24091,330.750
24092,330.761
24093,330.775
24094,330.790
24095,330.801
24096,330.812
24097,330.825
24098,330.836
24099,330.847
24100,330.857
24101,330.868
24102,330.879
24103,330.930
24104,330.942
24105,330.997
24106,331.004
24107,331.010
24108,331.059
24109,331.070
24110,331.077
24111,331.084
24112,331.094
24113,331.107
24114,331.166
24115,331.191
24116,331.281
24117,331.354
24118,331.377
24119,331.394
24120,331.463
24121,331.486
24122,331.503
24123,331.520
24124,331.571
24125,331.596
24126,331.643
24127,331.658
24128,331.672
24129,331.688
24130,331.700
24131,331.772
24132,331.792
24133,331.808
24134,331.855
24135,331.866
24136,331.877
24137,331.888
24138,331.938
24139,331.953
24140,331.964
24141,332.023
24142,332.040
24143,332.094
24144,332.109
24145,332.121
24146,332.171
24147,332.185
24148,332.197
24149,332.209
24150,332.221
24151,332.233
24152,332.245
24153,332.257
24154,332.269
24155,332.323
24156,332.338
24157,332.410
24158,332.431
24159,332.477
24160,332.493
24161,332.506
24162,332.521
24163,332.582
24164,332.635
24165,332.651
24166,332.662
24167,332.678
24168,332.690
24169,332.696
24170,332.702
24171,332.708
24172,332.726
24173,332.751
24174,332.762
24175,332.782
24176,332.802
24177,332.822
24178,332.843
24179,332.854
24180,332.864
24181,332.874
24182,332.893
24183,332.903
24184,332.912
24185,332.922
24186,332.934
24187,332.951
24188,332.970
24189,332.988
24190,333.010
24191,333.020
24192,333.030
24193,333.041
24194,333.050
24195,333.061
24196,333.079
24197,333.107
24198,333.120
24199,333.138
24200,333.146
24201,333.159
24202,333.179
24203,333.203
24204,333.216
24205,333.227
24206,333.241
24207,333.258
24208,333.282
24209,333.299
24210,333.321
24211,333.338
24212,333.361
24213,333.379
24214,333.403
24215,333.427
24216,333.444
24217,333.456
24218,333.473
24219,333.495
24220,333.506
24221,333.519
24222,333.538
24223,333.561
24224,333.572
24225,333.584
24226,333.595
24227,333.612
24228,333.692
24229,333.765
24230,333.788
24231,333.805
24232,333.859
24233,333.913
24234,333.935
24235,333.942
24236,333.956
24237,333.968
24238,333.975
24239,333.982
24240,333.999
24241,334.021
24242,334.037
24243,334.064
24244,334.089
24245,334.111
24246,334.131
24247,334.134
24248,334.156
24249,334.173
24250,334.197
24251,334.218
24252,334.231
24253,334.244
24254,334.256
24255,334.275
24256,334.293
24257,334.312
24258,334.332
24259,334.345
24260,334.364
24261,334.383
24262,334.404
24263,334.428
24264,334.439
24265,334.450
24266,334.460
24267,334.471
24268,334.489
24269,334.500
24270,334.510
24271,334.523
24272,334.545
24273,334.574
24274,334.588
24275,334.613
24276,334.640
24277,334.648
24278,334.656
24279,334.663
24280,334.676
24281,334.695
24282,334.703
24283,334.714
24284,334.728
24285,334.783
24286,334.797
24287,334.852
24288,334.859
24289,334.865
24290,334.879
24291,334.896
24292,334.909
24293,334.924
24294,334.940
24295,334.952
24296,334.965
24297,335.008
24298,335.023
24299,335.062
24300,335.078
24301,335.158
24302,335.179
24303,335.196
24304,335.250
24305,335.262
24306,335.275
24307,335.288
24308,335.300
24309,335.314
24310,335.332
24311,335.346
24312,335.354
24313,335.362
24314,335.369
24315,335.378
24316,335.390
24317,335.402
24318,335.421
24319,335.433
24320,335.446
24321,335.460
24322,335.474
24323,335.485
24324,335.500
24325,335.507
24326,335.515
24327,335.522
24328,335.535
24329,335.552
24330,335.610
24331,335.685
24332,335.706
24333,335.726
24334,335.755
24335,335.789
24336,335.808
24337,335.818
24338,335.829
24339,335.839
24340,335.857
24341,335.874
24342,335.892
24343,335.913
24344,335.930
24345,335.948
24346,335.965
24347,335.982
24348,336.001
24349,336.031
24350,336.061
24351,336.082
24352,336.105
24353,336.125
24354,336.148
24355,336.164
24356,336.188
24357,336.200
24358,336.207
24359,336.225
24360,336.247
24361,336.264
24362,336.287
24363,336.305
24364,336.329
24365,336.342
24366,336.355
24367,336.368
24368,336.382
24369,336.395
24370,336.412
24371,336.424
24372,336.442
24373,336.454
24374,336.470
24375,336.487
24376,336.509
24377,336.523
24378,336.534
24379,336.542
24380,336.549
24381,336.566
24382,336.588
24383,336.604
24384,336.633
24385,336.658
24386,336.670
24387,336.688
24388,336.699
24389,336.715
24390,336.729
24391,336.737
24392,336.743
24393,336.751
24394,336.758
24395,336.771
24396,336.789
24397,336.799
24398,336.811
24399,336.819
24400,336.831
24401,336.845
24402,336.853
24403,336.860
24404,336.867
24405,336.874
24406,336.889
24407,336.896
24408,336.903
24409,336.910
24410,336.917
24411,336.929
24412,336.942
24413,336.954
24414,336.970
24415,336.981
24416,336.997
24417,337.007
24418,337.029
24419,337.050
24420,337.075
24421,337.102
24422,337.123
24423,337.146
24424,337.172
24425,337.190
24426,337.209
24427,337.235
24428,337.268
24429,337.285
24430,337.310
24431,337.329
24432,337.354
24433,337.364
24434,337.386
24435,337.411
24436,337.431
24437,337.445
24438,337.464
24439,337.478
24440,337.498
24441,337.514
24442,337.523
24443,337.530
24444,337.538
24445,337.548
24446,337.557
24447,337.569
24448,337.581
24449,337.596
24450,337.613
24451,337.626
24452,337.638
24453,337.650
24454,337.662
24455,337.675
24456,337.692
24457,337.706
24458,337.724
24459,337.742
24460,337.764
24461,337.781
24462,337.802
24463,337.810
24464,337.822
24465,337.834
24466,337.846
24467,337.861
24468,337.873
24469,337.887
24470,337.901
24471,337.908
24472,337.916
24473,337.923
24474,337.936
24475,337.943
24476,337.950
24477,337.957
24478,337.966
24479,337.973
24480,337.981
24481,337.993
24482,338.011
24483,338.025
24484,338.036
24485,338.048
24486,338.060
24487,338.068
24488,338.080
24489,338.092
24490,338.106
24491,338.120
24492,338.177
24493,338.190
24494,338.203
24495,338.215
24496,338.270
24497,338.288
24498,338.306
24499,338.328
24500,338.345
24501,338.366
24502,338.381
24503,338.404
24504,338.415
24505,338.428
24506,338.440
24507,338.452
24508,338.467
24509,338.489
24510,338.508
24511,338.549
24512,338.560
24513,338.579
24514,338.599
24515,338.621
24516,338.648
24517,338.666
24518,338.685
24519,338.707
24520,338.729
24521,338.752
24522,338.780
24523,338.799
24524,338.807
24525,338.815
24526,338.824
24527,338.840
24528,338.848
24529,338.857
24530,338.865
24531,338.881
24532,338.888
24533,338.897
24534,338.906
24535,338.914
24536,338.922
24537,338.934
24538,338.947
24539,338.961
24540,338.973
24541,338.984
24542,338.997
24543,339.014
24544,339.027
24545,339.039
24546,339.051
24547,339.109
24548,339.122
24549,339.177
24550,339.196
24551,339.212
24552,339.225
24553,339.233
24554,339.240
24555,339.258
24556,339.283
24557,339.295
24558,339.308
24559,339.320
24560,339.338
24561,339.365
24562,339.390
24563,339.409
24564,339.435
24565,339.456
24566,339.484
24567,339.506
24568,339.533
24569,339.553
24570,339.579
24571,339.593
24572,339.612
24573,339.634
24574,339.647
24575,339.660
24576,339.679
24577,339.703
24578,339.716
24579,339.728
24580,339.741
24581,339.757
24582,339.840
24583,339.953
24584,340.049
24585,340.068
24586,340.087
24587,340.106
24588,340.183
24589,340.276
24590,340.303
24591,340.316
24592,340.334
24593,340.350
24594,340.357
24595,340.365
24596,340.373
24597,340.380
24598,340.394
24599,340.411
24600,340.422
24601,340.435
24602,340.446
24603,340.457
24604,340.471
24605,340.483
24606,340.494
24607,340.505
24608,340.517
24609,340.529
24610,340.542
24611,340.600
24612,340.611
24613,340.622
24614,340.682
24615,340.698
24616,340.736
24617,340.752
24618,340.765
24619,340.841
24620,340.862
24621,340.880
24622,340.932
24623,340.944
24624,340.957
24625,340.970
24626,340.985
24627,341.038
24628,341.050
24629,341.062
24630,341.124
24631,341.142
24632,341.182
24633,341.198
24634,341.274
24635,341.294
24636,341.309
24637,341.383
24638,341.411
24639,341.432
24640,341.453
24641,341.474
24642,341.493
24643,341.513
24644,341.590
24645,341.698
24646,341.783
24647,341.805
24648,341.819
24649,341.879
24650,341.899
24651,341.912
24652,341.927
24653,341.939
24654,341.997
24655,342.008
24656,342.021
24657,342.079
24658,342.096
24659,342.111
24660,342.128
24661,342.140
24662,342.153
24663,342.164
24664,342.178
24665,342.194
24666,342.271
24667,342.295
24668,342.310
24669,342.365
24670,342.387
24671,342.398
24672,342.410
24673,342.422
24674,342.436
24675,342.451
24676,342.463
24677,342.529
24678,342.548
24679,342.614
24680,342.633
24681,342.647
24682,342.702
24683,342.719
24684,342.731
24685,342.744
24686,342.758
24687,342.771
24688,342.782
24689,342.794
24690,342.839
24691,342.859
24692,342.925
24693,342.950
24694,343.012
24695,343.035
24696,343.056
24697,343.076
24698,343.094
24699,343.113
24700,343.133
24701,343.151
24702,343.169
24703,343.187
24704,343.207
24705,343.235
24706,343.260
24707,343.278
24708,343.292
24709,343.307
24710,343.324
24711,343.340
24712,343.359
24713,343.373
24714,343.386
24715,343.400
24716,343.417
24717,343.432
24718,343.450
24719,343.462
24720,343.474
24721,343.486
24722,343.498
24723,343.513
24724,343.527
24725,343.543
24726,343.558
24727,343.573
24728,343.585
24729,343.598
24730,343.610
24731,343.624
24732,343.636
24733,343.650
24734,343.663
24735,343.678
24736,343.692
24737,343.706
24738,343.726
24739,343.750
24740,343.763
24741,343.778
24742,343.790
24743,343.808
24744,343.835
24745,343.857
24746,343.874
24747,343.897
24748,343.909
24749,343.926
24750,343.948
24751,343.966
24752,343.988
24753,344.006
24754,344.029
24755,344.040
24756,344.052
24757,344.070
24758,344.091
24759,344.103
24760,344.123
24761,344.154
24762,344.189
24763,344.211
24764,344.231
24765,344.250
24766,344.272
24767,344.349
24768,344.455
24769,344.549
24770,344.569
24771,344.586
24772,344.599
24773,344.662
24774,344.731
24775,344.751
24776,344.763
24777,344.776
24778,344.790
24779,344.848
24780,344.930
24781,345.004
24782,345.062
24783,345.069
24784,345.075
24785,345.125
24786,345.136
24787,345.187
24788,345.203
24789,345.214
24790,345.229
24791,345.247
24792,345.263
24793,345.273
24794,345.284
24795,345.296
24796,345.310
24797,345.321
24798,345.333
24799,345.344
24800,345.356
24801,345.367
24802,345.423
24803,345.435
24804,345.491
24805,345.497
24806,345.505
24807,345.559
24808,345.565
24809,345.572
24810,345.579
24811,345.586
24812,345.593
24813,345.599
24814,345.606
24815,345.622
24816,345.641
24817,345.654
24818,345.670
24819,345.689
24820,345.731
24821,345.764
24822,345.784
24823,345.808
24824,345.825
24825,345.857
24826,345.878
24827,345.896
24828,345.916
24829,345.935
24830,345.955
24831,345.974
24832,345.992
24833,346.010
24834,346.031
24835,346.058
24836,346.074
24837,346.087
24838,346.100
24839,346.115
24840,346.127
24841,346.140
24842,346.153
24843,346.166
24844,346.180
24845,346.192
24846,346.206
24847,346.219
24848,346.229
24849,346.241
24850,346.253
24851,346.265
24852,346.276
24853,346.289
24854,346.301
24855,346.315
24856,346.328
24857,346.342
24858,346.354
24859,346.366
24860,346.378
24861,346.389
24862,346.401
24863,346.413
24864,346.427
24865,346.440
24866,346.453
24867,346.465
24868,346.477
24869,346.489
24870,346.501
24871,346.514
24872,346.527
24873,346.540
24874,346.552
24875,346.566
24876,346.580
24877,346.592
24878,346.607
24879,346.620
24880,346.633
24881,346.646
24882,346.652
24883,346.660
24884,346.671
24885,346.692
24886,346.699
24887,346.713
24888,346.720
24889,346.727
24890,346.734
24891,346.741
24892,346.752
24893,346.763
24894,346.775
24895,346.787
24896,346.804
24897,346.819
24898,346.839
24899,346.861
24900,346.897
24901,346.917
24902,346.939
24903,346.964
24904,346.984
24905,347.007
24906,347.032
24907,347.061
24908,347.086
24909,347.118
24910,347.136
24911,347.156
24912,347.181
24913,347.193
24914,347.206
24915,347.233
24916,347.269
24917,347.290
24918,347.314
24919,347.335
24920,347.359
24921,347.372
24922,347.388
24923,347.406
24924,347.413
24925,347.421
24926,347.436
24927,347.444
24928,347.451
24929,347.459
24930,347.466
24931,347.473
24932,347.487
24933,347.494
24934,347.501
24935,347.509
24936,347.516
24937,347.528
24938,347.543
24939,347.556
24940,347.573
24941,347.585
24942,347.602
24943,347.612
24944,347.624
24945,347.635
24946,347.650
24947,347.665
24948,347.677
24949,347.691
24950,347.707
24951,347.764
24952,347.822
24953,347.830
24954,347.838
24955,347.845
24956,347.859
24957,347.875
24958,347.888
24959,347.906
24960,347.915
24961,347.927
24962,347.940
24963,347.954
24964,347.969
24965,347.983
24966,347.997
24967,348.009
24968,348.023
24969,348.041
24970,348.054
24971,348.067
24972,348.080
24973,348.092
24974,348.105
24975,348.119
24976,348.133
24977,348.145
24978,348.158
24979,348.174
24980,348.186
24981,348.203
24982,348.213
24983,348.222
24984,348.235
24985,348.247
24986,348.260
24987,348.278
24988,348.307
24989,348.329
24990,348.343
24991,348.355
24992,348.366
24993,348.379
24994,348.398
24995,348.418
24996,348.439
24997,348.459
24998,348.481
24999,348.507
25000,348.534
25001,348.564
25002,348.590
25003,348.627
25004,348.641
25005,348.654
25006,348.668
25007,348.683
25008,348.699
25009,348.713
25010,348.728
25011,348.744
25012,348.752
25013,348.759
25014,348.766
25015,348.780
25016,348.788
25017,348.795
25018,348.802
25019,348.812
25020,348.819
25021,348.826
25022,348.838
25023,348.855
25024,348.868
25025,348.880
25026,348.892
25027,348.905
25028,348.919
25029,348.926
25030,348.934
25031,348.942
25032,348.950
25033,348.964
25034,348.974
25035,348.988
25036,349.002
25037,349.060
25038,349.072
25039,349.085
25040,349.097
25041,349.154
25042,349.173
25043,349.196
25044,349.222
25045,349.241
25046,349.265
25047,349.277
25048,349.293
25049,349.300
25050,349.308
25051,349.315
25052,349.323
25053,349.333
25054,349.345
25055,349.357
25056,349.372
25057,349.388
25058,349.402
25059,349.415
25060,349.433
25061,349.447
25062,349.454
25063,349.461
25064,349.468
25065,349.483
25066,349.490
25067,349.497
25068,349.504
25069,349.519
25070,349.526
25071,349.533
25072,349.540
25073,349.547
25074,349.555
25075,349.565
25076,349.581
25077,349.603
25078,349.623
25079,349.643
25080,349.669
25081,349.691
25082,349.703
25083,349.715
25084,349.742
25085,349.776
25086,349.803
25087,349.848
25088,349.880
25089,349.899
25090,349.922
25091,349.941
25092,349.968
25093,349.993
25094,350.007
25095,350.016
25096,350.025
25097,350.045
25098,350.071
25099,350.085
25100,350.100
25101,350.113
25102,350.131
25103,350.160
25104,350.183
25105,350.201
25106,350.225
25107,350.242
25108,350.264
25109,350.284
25110,350.305
25111,350.323
25112,350.345
25113,350.358
25114,350.377
25115,350.398
25116,350.411
25117,350.423
25118,350.441
25119,350.462
25120,350.474
25121,350.487
25122,350.500
25123,350.565
25124,350.662
25125,350.740
25126,350.807
25127,350.825
25128,350.839
25129,350.847
25130,350.854
25131,350.861
25132,350.868
25133,350.950
25134,350.977
25135,350.993
25136,351.009
25137,351.024
25138,351.042
25139,351.069
25140,351.097
25141,351.124
25142,351.152
25143,351.177
25144,351.203
25145,351.229
25146,351.254
25147,351.280
25148,351.305
25149,351.387
25150,351.424
25151,351.502
25152,351.524
25153,351.590
25154,351.615
25155,351.674
25156,351.695
25157,351.758
25158,351.782
25159,351.842
25160,351.865
25161,351.925
25162,351.948
25163,352.006
25164,352.027
25165,352.087
25166,352.110
25167,352.170
25168,352.192
25169,352.252
25170,352.275
25171,352.337
25172,352.360
25173,352.420
25174,352.442
25175,352.504
25176,352.524
25177,352.585
25178,352.607
25179,352.675
25180,352.702
25181,352.789
25182,352.825
25183,352.855
25184,352.874
25185,352.895
25186,352.915
25187,352.935
25188,352.955
25189,352.983
25190,353.014
25191,353.112
25192,353.155
25193,353.225
25194,353.252
25195,353.344
25196,353.417
25197,353.448
25198,353.466
25199,353.550
25200,353.578
25201,353.594
25202,353.609
25203,353.623
25204,353.698
25205,353.725
25206,353.739
25207,353.801
25208,353.813
25209,353.826
25210,353.889
25211,353.901
25212,353.914
25213,353.987
25214,354.014
25215,354.030
25216,354.044
25217,354.121
25218,354.149
25219,354.165
25220,354.226
25221,354.249
25222,354.309
25223,354.331
25224,354.348
25225,354.370
25226,354.382
25227,354.466
25228,354.502
25229,354.586
25230,354.620
25231,354.697
25232,354.730
25233,354.807
25234,354.840
25235,354.922
25236,354.945
25237,355.009
25238,355.032
25239,355.092
25240,355.113
25241,355.127
25242,355.146
25243,355.161
25244,355.178
25245,355.194
25246,355.211
25247,355.224
25248,355.237
25249,355.294
25250,355.310
25251,355.369
25252,355.385
25253,355.444
25254,355.459
25255,355.500
25256,355.515
25257,355.529
25258,355.543
25259,355.555
25260,355.569
25261,355.585
25262,355.598
25263,355.657
25264,355.719
25265,355.736
25266,355.794
25267,355.811
25268,355.993
25269,356.013
25270,356.029
25271,356.053
25272,356.231
25273,356.397
25274,356.484
25275,356.514
25276,356.530
25277,356.547
25278,356.569
25279,356.595
25280,356.610
25281,356.622
25282,356.635
25283,356.652
25284,356.682
25285,356.704
25286,356.722
25287,356.746
25288,356.764
25289,356.788
25290,356.807
25291,356.830
25292,356.850
25293,356.873
25294,356.886
25295,356.898
25296,356.914
25297,356.937
25298,356.950
25299,356.963
25300,356.981
25301,357.002
25302,357.015
25303,357.027
25304,357.043
25305,357.114
25306,357.204
25307,357.284
25308,357.359
25309,357.382
25310,357.397
25311,357.494
25312,357.524
25313,357.588
25314,357.615
25315,357.638
25316,357.670
25317,357.708
25318,357.731
25319,357.803
25320,357.821
25321,357.892
25322,357.917
25323,357.933
25324,357.951
25325,357.971
25326,357.992
25327,358.011
25328,358.033
25329,358.053
25330,358.072
25331,358.086
25332,358.151
25333,358.165
25334,358.227
25335,358.235
25336,358.243
25337,358.303
25338,358.311
25339,358.319
25340,358.326
25341,358.335
25342,358.344
25343,358.351
25344,358.359
25345,358.375
25346,358.382
25347,358.390
25348,358.397
25349,358.408
25350,358.420
25351,358.433
25352,358.527
25353,358.592
25354,358.599
25355,358.607
25356,358.614
25357,358.621
25358,358.631
25359,358.642
25360,358.657
25361,358.668
25362,358.680
25363,358.692
25364,358.705
25365,358.718
25366,358.733
25367,358.745
25368,358.759
25369,358.819
25370,358.831
25371,358.845
25372,358.910
25373,358.923
25374,358.937
25375,358.951
25376,358.993
25377,359.005
25378,359.018
25379,359.031
25380,359.046
25381,359.062
25382,359.076
25383,359.093
25384,359.179
25385,359.215
25386,359.246
25387,359.319
25388,359.346
25389,359.367
25390,359.389
25391,359.465
25392,359.485
25393,359.504
25394,359.580
25395,359.604
25396,359.632
25397,359.662
25398,359.677
25399,359.693
25400,359.711
25401,359.733
25402,359.747
25403,359.765
25404,359.783
25405,359.798
25406,359.815
25407,359.828
25408,359.841
25409,359.854
25410,359.868
25411,359.881
25412,359.897
25413,359.912
25414,359.930
25415,359.942
25416,359.956
25417,359.970
25418,359.989
25419,360.002
25420,360.017
25421,360.037
25422,360.062
25423,360.076
25424,360.089
25425,360.102
25426,360.119
25427,360.148
25428,360.170
25429,360.189
25430,360.212
25431,360.230
25432,360.253
25433,360.272
25434,360.294
25435,360.312
25436,360.335
25437,360.348
25438,360.361
25439,360.379
25440,360.402
25441,360.415
25442,360.428
25443,360.446
25444,360.467
25445,360.480
25446,360.493
25447,360.506
25448,360.575
25449,360.696
25450,360.801
25451,360.893
25452,360.926
25453,360.944
25454,360.964
25455,360.991
25456,361.022
25457,361.034
25458,361.047
25459,361.109
25460,361.122
25461,361.183
25462,361.202
25463,361.215
25464,361.230
25465,361.250
25466,361.269
25467,361.280
25468,361.291
25469,361.304
25470,361.318
25471,361.331
25472,361.343
25473,361.354
25474,361.366
25475,361.379
25476,361.439
25477,361.452
25478,361.511
25479,361.518
25480,361.525
25481,361.584
25482,361.591
25483,361.599
25484,361.607
25485,361.614
25486,361.622
25487,361.629
25488,361.637
25489,361.649
25490,361.665
25491,361.677
25492,361.693
25493,361.706
25494,361.724
25495,361.737
25496,361.754
25497,361.769
25498,361.776
25499,361.784
25500,361.791
25501,361.799
25502,361.812
25503,361.832
25504,361.840
25505,361.853
25506,361.875
25507,361.884
25508,361.896
25509,361.918
25510,361.926
25511,361.944
25512,361.966
25513,361.978
25514,361.999
25515,362.015
25516,362.036
25517,362.058
25518,362.066
25519,362.087
25520,362.103
25521,362.124
25522,362.149
25523,362.163
25524,362.183
25525,362.218
25526,362.231
25527,362.260
25528,362.294
25529,362.320
25530,362.352
25531,362.363
25532,362.374
25533,362.386
25534,362.403
25535,362.426
25536,362.442
25537,362.466
25538,362.488
25539,362.508
25540,362.533
25541,362.559
25542,362.577
25543,362.592
25544,362.609
25545,362.626
25546,362.642
25547,362.659
25548,362.673
25549,362.687
25550,362.757
25551,362.819
25552,362.834
25553,362.897
25554,362.910
25555,362.924
25556,363.023
25557,363.054
25558,363.072
25559,363.088
25560,363.104
25561,363.120
25562,363.136
25563,363.152
25564,363.168
25565,363.184
25566,363.202
25567,363.219
25568,363.235
25569,363.252
25570,363.270
25571,363.287
25572,363.351
25573,363.374
25574,363.446
25575,363.471
25576,363.486
25577,363.550
25578,363.574
25579,363.636
25580,363.673
25581,363.768
25582,363.806
25583,363.886
25584,363.919
25585,363.946
25586,363.979
25587,363.998
25588,364.024
25589,364.057
25590,364.144
25591,364.172
25592,364.186
25593,364.200
25594,364.266
25595,364.292
25596,364.305
25597,364.368
25598,364.394
25599,364.464
25600,364.488
25601,364.553
25602,364.575
25603,364.638
25604,364.662
25605,364.725
25606,364.747
25607,364.809
25608,364.834
25609,364.899
25610,364.923
25611,364.989
25612,365.013
25613,365.076
25614,365.101
25615,365.177
25616,365.203
25617,365.268
25618,365.292
25619,365.354
25620,365.392
25621,365.483
25622,365.520
25623,365.605
25624,365.637
25625,365.727
25626,365.763
25627,365.785
25628,365.815
25629,365.854
25630,365.922
25631,365.948
25632,365.962
25633,365.977
25634,366.042
25635,366.068
25636,366.081
25637,366.145
25638,366.170
25639,366.185
25640,366.204
25641,366.227
25642,366.289
25643,366.311
25644,366.324
25645,366.338
25646,366.399
25647,366.422
25648,366.435
25649,366.505
25650,366.533
25651,366.602
25652,366.627
25653,366.727
25654,366.760
25655,366.778
25656,366.796
25657,366.814
25658,366.831
25659,366.848
25660,366.867
25661,366.885
25662,366.903
25663,366.922
25664,366.940
25665,366.958
25666,366.989
25667,367.021
25668,367.052
25669,367.151
25670,367.186
25671,367.278
25672,367.315
25673,367.335
25674,367.424
25675,367.460
25676,367.534
25677,367.563
25678,367.576
25679,367.648
25680,367.675
25681,367.740
25682,367.762
25683,367.781
25684,367.805
25685,367.821
25686,367.841
25687,367.863
25688,367.928
25689,367.953
25690,367.966
25691,368.032
25692,368.057
25693,368.070
25694,368.134
25695,368.161
25696,368.232
25697,368.256
25698,368.318
25699,368.342
25700,368.406
25701,368.431
25702,368.493
25703,368.516
25704,368.578
25705,368.601
25706,368.671
25707,368.709
25708,368.809
25709,368.847
25710,368.928
25711,368.963
25712,369.058
25713,369.097
25714,369.184
25715,369.209
25716,369.278
25717,369.304
25718,369.365
25719,369.388
25720,369.459
25721,369.483
25722,369.552
25723,369.576
25724,369.590
25725,369.609
25726,369.632
25727,369.697
25728,369.721
25729,369.734
25730,369.796
25731,369.820
25732,369.833
25733,369.898
25734,369.921
25735,369.934
25736,369.999
25737,370.023
25738,370.091
25739,370.114
25740,370.128
25741,370.195
25742,370.219
25743,370.285
25744,370.308
25745,370.323
25746,370.330
25747,370.338
25748,370.346
25749,370.375
25750,370.410
25751,370.434
25752,370.462
25753,370.489
25754,370.524
25755,370.544
25756,370.660
25757,370.695
25758,370.773
25759,370.804
25760,370.824
25761,370.842
25762,370.857
25763,370.919
25764,370.938
25765,370.998
25766,371.014
25767,371.075
25768,371.094
25769,371.302
25770,371.325
25771,371.445
25772,371.568
25773,371.628
25774,371.648
25775,371.706
25776,371.726
25777,371.786
25778,371.852
25779,371.865
25780,371.879
25781,371.893
25782,371.901
25783,371.910
25784,371.918
25785,372.006
25786,372.079
25787,372.101
25788,372.117
25789,372.131
25790,372.151
25791,372.179
25792,372.269
25793,372.297
25794,372.319
25795,372.431
25796,372.553
25797,372.629
25798,372.643
25799,372.658
25800,372.755
25801,372.790
25802,372.808
25803,372.827
25804,372.844
25805,372.861
25806,372.880
25807,372.901
25808,372.920
25809,372.939
25810,372.957
25811,372.975
25812,372.993
25813,373.011
25814,373.030
25815,373.048
25816,373.141
25817,373.211
25818,373.225
25819,373.239
25820,373.253
25821,373.320
25822,373.344
25823,373.412
25824,373.427
25825,373.441
25826,373.455
25827,373.474
25828,373.498
25829,373.566
25830,373.591
25831,373.655
25832,373.668
25833,373.693
25834,373.718
25835,373.752
25836,373.789
25837,373.881
25838,373.921
25839,374.007
25840,374.029
25841,374.051
25842,374.072
25843,374.105
25844,374.137
25845,374.207
25846,374.232
25847,374.297
25848,374.321
25849,374.335
25850,374.400
25851,374.422
25852,374.491
25853,374.515
25854,374.579
25855,374.592
25856,374.606
25857,374.620
25858,374.632
25859,374.648
25860,374.665
25861,374.688
25862,374.703
25863,374.716
25864,374.732
25865,374.752
25866,374.766
25867,374.780
25868,374.794
25869,374.812
25870,374.837
25871,374.851
25872,374.865
25873,374.879
25874,374.898
25875,374.911
25876,374.925
25877,374.939
25878,374.958
25879,374.980
25880,375.046
25881,375.069
25882,375.137
25883,375.153
25884,375.178
25885,375.202
25886,375.234
25887,375.271
25888,375.360
25889,375.392
25890,375.478
25891,375.498
25892,375.521
25893,375.543
25894,375.576
25895,375.611
25896,375.682
25897,375.707
25898,375.774
25899,375.788
25900,375.802
25901,375.815
25902,375.832
25903,375.855
25904,375.923
25905,375.950
25906,376.017
25907,376.042
25908,376.059
25909,376.076
25910,376.100
25911,376.195
25912,376.269
25913,376.295
25914,376.311
25915,376.324
25916,376.394
25917,376.407
25918,376.421
25919,376.435
25920,376.448
25921,376.517
25922,376.531
25923,376.546
25924,376.636
25925,376.663
25926,376.679
25927,376.744
25928,376.757
25929,376.781
25930,376.806
25931,376.830
25932,376.862
25933,376.883
25934,376.906
25935,376.928
25936,376.950
25937,376.995
25938,376.995
25939,377.027
25940,377.055
25941,377.075
25942,377.106
25943,377.131
25944,377.153
25945,377.169
25946,377.184
25947,377.200
25948,377.219
25949,377.234
25950,377.247
25951,377.262
25952,377.278
25953,377.292
25954,377.306
25955,377.323
25956,377.336
25957,377.350
25958,377.363
25959,377.381
25960,377.395
25961,377.409
25962,377.422
25963,377.439
25964,377.461
25965,377.475
25966,377.494
25967,377.507
25968,377.521
25969,377.534
25970,377.552
25971,377.565
25972,377.578
25973,377.593
25974,377.607
25975,377.620
25976,377.641
25977,377.666
25978,377.681
25979,377.773
25980,377.798
25981,377.815
25982,377.879
25983,377.892
25984,377.905
25985,377.919
25986,377.934
25987,377.950
25988,377.964
25989,377.976
25990,377.990
25991,378.003
25992,378.032
25993,378.067
25994,378.092
25995,378.124
25996,378.144
25997,378.166
25998,378.188
25999,378.215
26000,378.234
26001,378.256
26002,378.279
26003,378.300
26004,378.328
26005,378.349
26006,378.375
26007,378.394
26008,378.413
26009,378.438
26010,378.505
26011,378.530
26012,378.593
26013,378.605
26014,378.619
26015,378.632
26016,378.696
26017,378.719
26018,378.785
26019,378.798
26020,378.811
26021,378.824
26022,378.841
26023,378.862
26024,378.926
26025,378.949
26026,379.009
26027,379.022
26028,379.036
26029,379.050
26030,379.069
26031,379.091
26032,379.154
26033,379.176
26034,379.243
26035,379.256
26036,379.272
26037,379.286
26038,379.304
26039,379.325
26040,379.391
26041,379.413
26042,379.475
26043,379.514
26044,379.539
26045,379.629
26046,379.661
26047,379.752
26048,379.787
26049,379.810
26050,379.836
26051,379.868
26052,379.893
26053,379.924
26054,379.949
26055,379.964
26056,379.981
26057,380.055
26058,380.081
26059,380.146
26060,380.221
26061,380.243
26062,380.257
26063,380.366
26064,380.408
26065,380.426
26066,380.443
26067,380.461
26068,380.479
26069,380.497
26070,380.515
26071,380.533
26072,380.552
26073,380.571
26074,380.591
26075,380.610
26076,380.630
26077,380.650
26078,380.670
26079,380.761
26080,380.833
26081,380.906
26082,380.930
26083,380.997
26084,381.023
26085,381.047
26086,381.135
26087,381.170
26088,381.255
26089,381.289
26090,381.310
26091,381.392
26092,381.426
26093,381.452
26094,381.525
26095,381.549
26096,381.618
26097,381.642
26098,381.704
26099,381.730
26100,381.743
26101,381.761
26102,381.783
26103,381.849
26104,381.873
26105,381.885
26106,381.899
26107,381.966
26108,381.989
26109,382.001
26110,382.064
26111,382.090
26112,382.103
26113,382.167
26114,382.190
26115,382.254
26116,382.277
26117,382.341
26118,382.366
26119,382.380
26120,382.394
26121,382.407
26122,382.423
26123,382.436
26124,382.450
26125,382.463
26126,382.477
26127,382.544
26128,382.570
26129,382.664
26130,382.701
26131,382.723
26132,382.753
26133,382.772
26134,382.793
26135,382.814
26136,382.836
26137,382.956
26138,383.004
26139,383.027
26140,383.092
26141,383.114
26142,383.179
26143,383.202
26144,383.215
26145,383.283
26146,383.307
26147,383.320
26148,383.386
26149,383.408
26150,383.476
26151,383.499
26152,383.510
26153,383.575
26154,383.598
26155,383.611
26156,383.678
26157,383.702
26158,383.802
26159,383.832
26160,383.851
26161,383.915
26162,383.937
26163,384.002
26164,384.025
26165,384.038
26166,384.105
26167,384.129
26168,384.144
26169,384.220
26170,384.256
26171,384.348
26172,384.383
26173,384.403
26174,384.486
26175,384.517
26176,384.537
26177,384.627
26178,384.660
26179,384.727
26180,384.754
26181,384.769
26182,384.785
26183,384.807
26184,384.897
26185,384.982
26186,385.009
26187,385.074
26188,385.096
26189,385.171
26190,385.197
26191,385.260
26192,385.283
26193,385.296
26194,385.366
26195,385.390
26196,385.462
26197,385.486
26198,385.500
26199,385.570
26200,385.595
26201,385.611
26202,385.625
26203,385.645
26204,385.668
26205,385.682
26206,385.695
26207,385.714
26208,385.737
26209,385.751
26210,385.765
26211,385.781
26212,385.813
26213,385.836
26214,385.861
26215,385.886
26216,385.916
26217,385.950
26218,385.972
26219,386.002
26220,386.039
26221,386.062
26222,386.090
26223,386.127
26224,386.154
26225,386.178
26226,386.194
26227,386.267
26228,386.294
26229,386.309
26230,386.376
26231,386.399
26232,386.418
26233,386.442
26234,386.456
26235,386.528
26236,386.553
26237,386.625
26238,386.654
26239,386.737
26240,386.763
26241,386.835
26242,386.858
26243,386.927
26244,386.952
26245,387.025
26246,387.051
26247,387.064
26248,387.131
26249,387.156
26250,387.176
26251,387.200
26252,387.214
26253,387.280
26254,387.304
26255,387.371
26256,387.394
26257,387.505
26258,387.548
26259,387.639
26260,387.671
26261,387.761
26262,387.795
26263,387.818
26264,387.913
26265,387.940
26266,388.012
26267,388.043
26268,388.060
26269,388.128
26270,388.151
26271,388.218
26272,388.242
26273,388.341
26274,388.377
26275,388.396
26276,388.415
26277,388.433
26278,388.451
26279,388.469
26280,388.486
26281,388.504
26282,388.523
26283,388.542
26284,388.562
26285,388.582
26286,388.602
26287,388.622
26288,388.644
26289,388.738
26290,388.816
26291,388.892
26292,388.915
26293,388.983
26294,389.007
26295,389.021
26296,389.126
26297,389.173
26298,389.275
26299,389.314
26300,389.339
26301,389.434
26302,389.469
26303,389.489
26304,389.575
26305,389.598
26306,389.668
26307,389.692
26308,389.704
26309,389.767
26310,389.790
26311,389.804
26312,389.820
26313,389.844
26314,389.911
26315,389.934
26316,389.947
26317,389.960
26318,390.024
26319,390.049
26320,390.062
26321,390.159
26322,390.187
26323,390.206
26324,390.273
26325,390.296
26326,390.358
26327,390.380
26328,390.394
26329,390.413
26330,390.438
26331,390.452
26332,390.470
26333,390.493
26334,390.511
26335,390.536
26336,390.550
26337,390.564
26338,390.624
26339,390.657
26340,390.680
26341,390.769
26342,390.802
26343,390.823
26344,390.904
26345,390.938
26346,391.063
26347,391.112
26348,391.134
26349,391.234
26350,391.264
26351,391.284
26352,391.303
26353,391.366
26354,391.388
26355,391.455
26356,391.480
26357,391.492
26358,391.555
26359,391.578
26360,391.592
26361,391.654
26362,391.678
26363,391.771
26364,391.800
26365,391.819
26366,391.880
26367,391.902
26368,391.966
26369,391.989
26370,392.002
26371,392.070
26372,392.094
26373,392.108
26374,392.170
26375,392.192
26376,392.259
26377,392.298
26378,392.322
26379,392.412
26380,392.444
26381,392.465
26382,392.552
26383,392.585
26384,392.662
26385,392.702
26386,392.726
26387,392.745
26388,392.771
26389,392.867
26390,392.951
26391,392.977
26392,393.039
26393,393.062
26394,393.142
26395,393.167
26396,393.231
26397,393.253
26398,393.266
26399,393.330
26400,393.352
26401,393.423
26402,393.447
26403,393.461
26404,393.528
26405,393.543
26406,393.556
26407,393.575
26408,393.599
26409,393.613
26410,393.626
26411,393.641
26412,393.707
26413,393.731
26414,393.745
26415,393.805
26416,393.827
26417,393.845
26418,393.872
26419,393.896
26420,393.989
26421,394.024
26422,394.106
26423,394.141
26424,394.240
26425,394.277
26426,394.372
26427,394.396
26428,394.467
26429,394.493
26430,394.558
26431,394.582
26432,394.597
26433,394.669
26434,394.693
26435,394.713
26436,394.736
26437,394.750
26438,394.814
26439,394.835
26440,394.898
26441,394.921
26442,394.996
26443,395.021
26444,395.089
26445,395.114
26446,395.180
26447,395.204
26448,395.217
26449,395.282
26450,395.305
26451,395.376
26452,395.401
26453,395.414
26454,395.481
26455,395.504
26456,395.569
26457,395.603
26458,395.692
26459,395.716
26460,395.740
26461,395.763
26462,395.776
26463,395.788
26464,395.800
26465,395.879
26466,395.912
26467,395.931
26468,395.955
26469,395.983
26470,396.009
26471,396.023
26472,396.038
26473,396.053
26474,396.141
26475,396.163
26476,396.220
26477,396.236
26478,396.292
26479,396.304
26480,396.319
26481,396.332
26482,396.389
26483,396.407
26484,396.463
26485,396.701
26486,396.730
26487,396.871
26488,396.934
26489,396.953
26490,397.007
26491,397.106
26492,397.138
26493,397.155
26494,397.178
26495,397.209
26496,397.239
26497,397.270
26498,397.298
26499,397.328
26500,397.355
26501,397.382
26502,397.410
26503,397.436
26504,397.462
26505,397.488
26506,397.520
26507,397.597
26508,397.620
26509,397.689
26510,397.712
26511,397.780
26512,397.803
26513,397.815
26514,397.878
26515,397.900
26516,397.968
26517,397.991
26518,398.005
26519,398.069
26520,398.092
26521,398.105
26522,398.164
26523,398.186
26524,398.253
26525,398.276
26526,398.338
26527,398.360
26528,398.374
26529,398.391
26530,398.413
26531,398.478
26532,398.502
26533,398.514
26534,398.529
26535,398.592
26536,398.614
26537,398.627
26538,398.689
26539,398.717
26540,398.808
26541,398.843
26542,398.925
26543,398.956
26544,398.985
26545,399.016
26546,399.036
26547,399.062
26548,399.094
26549,399.127
26550,399.147
26551,399.163
26552,399.178
26553,399.244
26554,399.267
26555,399.280
26556,399.342
26557,399.364
26558,399.426
26559,399.448
26560,399.462
26561,399.526
26562,399.547
26563,399.608
26564,399.619
26565,399.633
26566,399.645
26567,399.658
26568,399.675
26569,399.697
26570,399.713
26571,399.738
26572,399.756
26573,399.819
26574,399.841
26575,399.854
26576,399.916
26577,399.940
26578,400.000
26579,400.023
26580,400.040
26581,400.062
26582,400.076
26583,400.093
26584,400.115
26585,400.132
26586,400.153
26587,400.175
26588,400.300
26589,400.395
26590,400.425
26591,400.446
26592,400.536
26593,400.569
26594,400.658
26595,400.687
26596,400.756
26597,400.781
26598,400.842
26599,400.864
26600,400.877
26601,400.890
26602,400.906
26603,400.928
26604,400.945
26605,400.957
26606,400.971
26607,400.985
26608,400.998
26609,401.011
26610,401.024
26611,401.088
26612,401.111
26613,401.125
26614,401.189
26615,401.214
26616,401.227
26617,401.240
26618,401.304
26619,401.328
26620,401.342
26621,401.355
26622,401.372
26623,401.395
26624,401.409
26625,401.427
26626,401.440
26627,401.454
26628,401.467
26629,401.481
26630,401.546
26631,401.568
26632,401.582
26633,401.640
26634,401.669
26635,401.726
26636,401.740
26637,401.834
26638,401.873
26639,401.894
26640,401.993
26641,402.032
26642,402.119
26643,402.152
26644,402.173
26645,402.199
26646,402.215
26647,402.234
26648,402.258
26649,402.277
26650,402.300
26651,402.314
26652,402.378
26653,402.400
26654,402.414
26655,402.481
26656,402.506
26657,402.569
26658,402.592
26659,402.606
26660,402.626
26661,402.639
26662,402.653
26663,402.667
26664,402.680
26665,402.694
26666,402.762
26667,402.787
26668,402.802
26669,402.869
26670,402.894
26671,402.907
26672,402.922
26673,402.987
26674,403.011
26675,403.025
26676,403.039
26677,403.057
26678,403.082
26679,403.097
26680,403.117
26681,403.132
26682,403.146
26683,403.172
26684,403.197
26685,403.294
26686,403.330
26687,403.350
26688,403.374
26689,403.459
26690,403.492
26691,403.513
26692,403.606
26693,403.639
26694,403.655
26695,403.723
26696,403.749
26697,403.815
26698,403.839
26699,403.853
26700,403.871
26701,403.894
26702,403.962
26703,403.989
26704,404.005
26705,404.017
26706,404.082
26707,404.107
26708,404.120
26709,404.185
26710,404.208
26711,404.271
26712,404.295
26713,404.362
26714,404.387
26715,404.451
26716,404.473
26717,404.488
26718,404.505
26719,404.515
26720,404.529
26721,404.542
26722,404.556
26723,404.570
26724,404.584
26725,404.732
26726,404.746
26727,404.760
26728,404.773
26729,404.786
26730,404.872
26731,404.897
26732,404.984
26733,405.004
26734,405.026
26735,405.048
26736,405.071
26737,405.164
26738,405.248
26739,405.276
26740,405.349
26741,405.365
26742,405.379
26743,405.443
26744,405.458
26745,405.472
26746,405.486
26747,405.502
26748,405.562
26749,405.577
26750,405.639
26751,405.655
26752,405.670
26753,405.688
26754,405.702
26755,405.715
26756,405.729
26757,405.743
26758,405.763
26759,405.791
26760,405.816
26761,405.880
26762,405.956
26763,405.980
26764,405.999
26765,406.025
26766,406.043
26767,406.058
26768,406.072
26769,406.144
26770,406.164
26771,406.256
26772,406.279
26773,406.297
26774,406.357
26775,406.370
26776,406.385
26777,406.409
26778,406.433
26779,406.459
26780,406.488
26781,406.509
26782,406.534
26783,406.565
26784,406.604
26785,406.626
26786,406.649
26787,406.676
26788,406.719
26789,406.757
26790,406.788
26791,406.813
26792,406.835
26793,406.859
26794,406.874
26795,406.894
26796,406.918
26797,406.936
26798,406.959
26799,407.024
26800,407.108
26801,407.135
26802,407.149
26803,407.164
26804,407.178
26805,407.277
26806,407.307
26807,407.326
26808,407.389
26809,407.402
26810,407.415
26811,407.430
26812,407.450
26813,407.463
26814,407.477
26815,407.491
26816,407.507
26817,407.520
26818,407.534
26819,407.553
26820,407.567
26821,407.582
26822,407.596
26823,407.609
26824,407.623
26825,407.639
26826,407.657
26827,407.671
26828,407.686
26829,407.699
26830,407.764
26831,407.894
26832,407.936
26833,408.015
26834,408.035
26835,408.057
26836,408.079
26837,408.104
26838,408.130
26839,408.151
26840,408.235
26841,408.354
26842,408.423
26843,408.437
26844,408.452
26845,408.466
26846,408.480
26847,408.546
26848,408.613
26849,408.679
26850,408.699
26851,408.715
26852,408.729
26853,408.744
26854,408.758
26855,408.773
26856,408.790
26857,408.799
26858,408.808
26859,408.817
26860,408.831
26861,408.844
26862,408.861
26863,408.871
26864,408.881
26865,408.890
26866,408.909
26867,408.938
26868,408.953
26869,408.968
26870,408.987
26871,409.017
26872,409.042
26873,409.062
26874,409.086
26875,409.108
26876,409.136
26877,409.151
26878,409.166
26879,409.183
26880,409.206
26881,409.224
26882,409.247
26883,409.347
26884,409.388
26885,409.422
26886,409.514
26887,409.549
26888,409.571
26889,409.599
26890,409.618
26891,409.640
26892,409.663
26893,409.683
26894,409.713
26895,409.748
26896,409.774
26897,409.799
26898,409.815
26899,409.831
26900,409.846
26901,409.862
26902,409.881
26903,409.898
26904,409.913
26905,409.978
26906,410.086
26907,410.112
26908,410.132
26909,410.189
26910,410.202
26911,410.214
26912,410.227
26913,410.242
26914,410.255
26915,410.267
26916,410.279
26917,410.292
26918,410.304
26919,410.365
26920,410.433
26921,410.535
26922,410.598
26923,410.612
26924,410.625
26925,410.639
26926,410.652
26927,410.714
26928,410.811
26929,410.872
26930,410.889
26931,410.901
26932,410.922
26933,410.947
26934,411.037
26935,411.124
26936,411.212
26937,411.239
26938,411.260
26939,411.280
26940,411.300
26941,411.324
26942,411.349
26943,411.372
26944,411.386
26945,411.402
26946,411.418
26947,411.436
26948,411.454
26949,411.468
26950,411.482
26951,411.496
26952,411.510
26953,411.523
26954,411.536
26955,411.553
26956,411.574
26957,411.592
26958,411.614
26959,411.633
26960,411.646
26961,411.659
26962,411.673
26963,411.686
26964,411.701
26965,411.709
26966,411.717
26967,411.729
26968,411.736
26969,411.749
26970,411.757
26971,411.764
26972,411.778
26973,411.790
26974,411.803
26975,411.817
26976,411.830
26977,411.843
26978,411.856
26979,411.869
26980,411.884
26981,411.980
26982,412.003
26983,412.068
26984,412.085
26985,412.142
26986,412.150
26987,412.158
26988,412.174
26989,412.182
26990,412.190
26991,412.199
26992,412.207
26993,412.216
26994,412.233
26995,412.245
26996,412.260
26997,412.267
26998,412.276
26999,412.284
27000,412.295
27001,412.322
27002,412.404
27003,412.425
27004,412.542
27005,412.582
27006,412.608
27007,412.634
27008,412.658
27009,412.683
27010,412.713
27011,412.745
27012,412.768
27013,412.788
27014,412.807
27015,412.825
27016,412.845
27017,412.862
27018,412.879
27019,412.897
27020,412.959
27021,412.982
27022,413.049
27023,413.072
27024,413.138
27025,413.161
27026,413.175
27027,413.242
27028,413.267
27029,413.283
27030,413.351
27031,413.374
27032,413.445
27033,413.470
27034,413.486
27035,413.548
27036,413.571
27037,413.636
27038,413.660
27039,413.675
27040,413.740
27041,413.763
27042,413.828
27043,413.850
27044,413.865
27045,413.951
27046,413.988
27047,414.014
27048,414.102
27049,414.134
27050,414.221
27051,414.254
27052,414.275
27053,414.366
27054,414.397
27055,414.467
27056,414.490
27057,414.506
27058,414.570
27059,414.592
27060,414.669
27061,414.695
27062,414.710
27063,414.775
27064,414.798
27065,414.816
27066,414.839
27067,414.853
27068,414.871
27069,414.893
27070,414.979
27071,415.005
27072,415.069
27073,415.093
27074,415.108
27075,415.128
27076,415.151
27077,415.165
27078,415.234
27079,415.260
27080,415.273
27081,415.339
27082,415.362
27083,415.380
27084,415.403
27085,415.417
27086,415.482
27087,415.504
27088,415.592
27089,415.631
27090,415.653
27091,415.740
27092,415.772
27093,415.859
27094,415.890
27095,415.911
27096,416.002
27097,416.032
27098,416.104
27099,416.130
27100,416.146
27101,416.209
27102,416.232
27103,416.246
27104,416.254
27105,416.262
27106,416.270
27107,416.282
27108,416.298
27109,416.307
27110,416.322
27111,416.389
27112,416.402
27113,416.416
27114,416.430
27115,416.438
27116,416.446
27117,416.454
27118,416.516
27119,416.539
27120,416.602
27121,416.617
27122,416.684
27123,416.707
27124,416.722
27125,416.816
27126,416.841
27127,416.904
27128,416.922
27129,416.936
27130,416.953
27131,417.014
27132,417.031
27133,417.250
27134,417.288
27135,417.466
27136,417.647
27137,417.774
27138,417.835
27139,417.853
27140,417.911
27141,417.924
27142,417.984
27143,417.992
27144,418.001
27145,418.009
27146,418.021
27147,418.038
27148,418.050
27149,418.066
27150,418.079
27151,418.095
27152,418.160
27153,418.173
27154,418.186
27155,418.257
27156,418.280
27157,418.297
27158,418.310
27159,418.325
27160,418.338
27161,418.359
27162,418.424
27163,418.438
27164,418.502
27165,418.511
27166,418.520
27167,418.528
27168,418.537
27169,418.551
27170,418.568
27171,418.584
27172,418.592
27173,418.600
27174,418.609
27175,418.622
27176,418.638
27177,418.647
27178,418.660
27179,418.674
27180,418.689
27181,418.703
27182,418.716
27183,418.734
27184,418.747
27185,418.756
27186,418.763
27187,418.770
27188,418.782
27189,418.810
27190,418.839
27191,418.865
27192,418.968
27193,419.099
27194,419.186
27195,419.210
27196,419.231
27197,419.253
27198,419.280
27199,419.393
27200,419.477
27201,419.498
27202,419.560
27203,419.573
27204,419.587
27205,419.603
27206,419.621
27207,419.635
27208,419.649
27209,419.725
27210,419.746
27211,419.810
27212,419.832
27213,419.847
27214,419.860
27215,419.929
27216,419.943
27217,419.956
27218,420.025
27219,420.050
27220,420.065
27221,420.083
27222,420.109
27223,420.126
27224,420.145
27225,420.169
27226,420.188
27227,420.203
27228,420.218
27229,420.233
27230,420.247
27231,420.265
27232,420.290
27233,420.357
27234,420.381
27235,420.448
27236,420.481
27237,420.506
27238,420.538
27239,420.576
27240,420.597
27241,420.620
27242,420.701
27243,420.724
27244,420.743
27245,420.827
27246,420.850
27247,420.873
27248,420.894
27249,420.927
27250,420.988
27251,421.003
27252,421.066
27253,421.075
27254,421.082
27255,421.090
27256,421.104
27257,421.122
27258,421.138
27259,421.157
27260,421.172
27261,421.187
27262,421.198
27263,421.212
27264,421.227
27265,421.243
27266,421.251
27267,421.259
27268,421.266
27269,421.281
27270,421.297
27271,421.311
27272,421.324
27273,421.338
27274,421.351
27275,421.366
27276,421.384
27277,421.397
27278,421.411
27279,421.422
27280,421.434
27281,421.448
27282,421.462
27283,421.469
27284,421.477
27285,421.485
27286,421.492
27287,421.510
27288,421.530
27289,421.549
27290,421.571
27291,421.585
27292,421.599
27293,421.612
27294,421.625
27295,421.639
27296,421.646
27297,421.654
27298,421.661
27299,421.669
27300,421.681
27301,421.698
27302,421.710
27303,421.724
27304,421.737
27305,421.754
27306,421.765
27307,421.781
27308,421.798
27309,421.819
27310,421.834
27311,421.866
27312,421.890
27313,421.915
27314,421.938
27315,421.960
27316,421.982
27317,422.003
27318,422.023
27319,422.049
27320,422.081
27321,422.108
27322,422.138
27323,422.159
27324,422.184
27325,422.217
27326,422.240
27327,422.256
27328,422.272
27329,422.286
27330,422.301
27331,422.320
27332,422.342
27333,422.355
27334,422.368
27335,422.380
27336,422.393
27337,422.411
27338,422.433
27339,422.447
27340,422.459
27341,422.476
27342,422.488
27343,422.504
27344,422.518
27345,422.525
27346,422.533
27347,422.540
27348,422.552
27349,422.570
27350,422.586
27351,422.598
27352,422.610
27353,422.624
27354,422.636
27355,422.649
27356,422.662
27357,422.675
27358,422.692
27359,422.712
27360,422.726
27361,422.746
27362,422.768
27363,422.783
27364,422.802
27365,422.823
27366,422.840
27367,422.861
27368,422.874
27369,422.890
27370,422.907
27371,422.926
27372,422.940
27373,423.035
27374,423.101
27375,423.114
27376,423.127
27377,423.257
27378,423.385
27379,423.472
27380,423.563
27381,423.583
27382,423.605
27383,423.630
27384,423.653
27385,423.748
27386,423.772
27387,423.836
27388,423.854
27389,423.868
27390,423.883
27391,423.897
27392,423.980
27393,424.002
27394,424.064
27395,424.079
27396,424.094
27397,424.111
27398,424.130
27399,424.144
27400,424.158
27401,424.175
27402,424.189
27403,424.202
27404,424.216
27405,424.230
27406,424.246
27407,424.263
27408,424.277
27409,424.291
27410,424.307
27411,424.321
27412,424.335
27413,424.350
27414,424.365
27415,424.384
27416,424.408
27417,424.424
27418,424.527
27419,424.612
27420,424.637
27421,424.651
27422,424.669
27423,424.692
27424,424.706
27425,424.723
27426,424.758
27427,424.782
27428,424.809
27429,424.922
27430,424.963
27431,425.051
27432,425.152
27433,425.186
27434,425.211
27435,425.280
27436,425.299
27437,425.309
27438,425.323
27439,425.337
27440,425.355
27441,425.370
27442,425.385
27443,425.403
27444,425.410
27445,425.419
27446,425.427
27447,425.436
27448,425.445
27449,425.458
27450,425.471
27451,425.485
27452,425.499
27453,425.515
27454,425.531
27455,425.597
27456,425.611
27457,425.624
27458,425.637
27459,425.703
27460,425.717
27461,425.731
27462,425.745
27463,425.759
27464,425.772
27465,425.847
27466,425.915
27467,425.932
27468,425.995
27469,426.011
27470,426.076
27471,426.092
27472,426.154
27473,426.169
27474,426.231
27475,426.248
27476,426.261
27477,426.330
27478,426.345
27479,426.368
27480,426.458
27481,426.484
27482,426.515
27483,426.548
27484,426.571
27485,426.599
27486,426.633
27487,426.665
27488,426.701
27489,426.747
27490,426.747
27491,426.771
27492,426.802
27493,426.838
27494,426.866
27495,426.936
27496,427.015
27497,427.028
27498,427.042
27499,427.061
27500,427.086
27501,427.106
27502,427.131
27503,427.146
27504,427.161
27505,427.174
27506,427.188
27507,427.209
27508,427.224
27509,427.233
27510,427.241
27511,427.261
27512,427.286
27513,427.299
27514,427.313
27515,427.332
27516,427.362
27517,427.388
27518,427.408
27519,427.435
27520,427.456
27521,427.483
27522,427.498
27523,427.518
27524,427.545
27525,427.563
27526,427.588
27527,427.658
27528,427.746
27529,427.771
27530,427.786
27531,427.802
27532,427.947
27533,428.000
27534,428.035
27535,428.123
27536,428.142
27537,428.165
27538,428.183
27539,428.211
27540,428.231
27541,428.253
27542,428.309
27543,428.309
27544,428.317
27545,428.331
27546,428.351
27547,428.364
27548,428.379
27549,428.393
27550,428.406
27551,428.422
27552,428.435
27553,428.503
27554,428.522
27555,428.535
27556,428.549
27557,428.617
27558,428.741
27559,428.768
27560,428.833
27561,428.846
27562,428.860
27563,428.873
27564,428.888
27565,428.901
27566,428.915
27567,428.929
27568,428.945
27569,428.959
27570,428.975
27571,428.994
27572,429.009
27573,429.023
27574,429.037
27575,429.053
27576,429.071
27577,429.085
27578,429.105
27579,429.125
27580,429.139
27581,429.154
27582,429.167
27583,429.181
27584,429.264
27585,429.335
27586,429.350
27587,429.363
27588,429.377
27589,429.399
27590,429.424
27591,429.445
27592,429.466
27593,429.479
27594,429.490
27595,429.502
27596,429.519
27597,429.540
27598,429.559
27599,429.584
27600,429.594
27601,429.607
27602,429.619
27603,429.631
27604,429.654
27605,429.668
27606,429.685
27607,429.702
27608,429.726
27609,429.740
27610,429.759
27611,429.770
27612,429.781
27613,429.790
27614,429.806
27615,429.815
27616,429.824
27617,429.846
27618,429.873
27619,429.887
27620,429.901
27621,429.920
27622,429.950
27623,429.975
27624,429.994
27625,430.018
27626,430.040
27627,430.066
27628,430.081
27629,430.096
27630,430.114
27631,430.137
27632,430.154
27633,430.176
27634,430.239
27635,430.377
27636,430.410
27637,430.432
27638,430.500
27639,430.524
27640,430.538
27641,430.556
27642,430.569
27643,430.582
27644,430.595
27645,430.609
27646,430.621
27647,430.640
27648,430.664
27649,430.679
27650,430.697
27651,430.715
27652,430.738
27653,430.762
27654,430.788
27655,430.812
27656,430.838
27657,430.865
27658,430.886
27659,430.974
27660,431.125
27661,431.170
27662,431.241
27663,431.256
27664,431.270
27665,431.285
27666,431.302
27667,431.315
27668,431.328
27669,431.346
27670,431.358
27671,431.372
27672,431.386
27673,431.400
27674,431.413
27675,431.431
27676,431.450
27677,431.463
27678,431.480
27679,431.499
27680,431.512
27681,431.525
27682,431.541
27683,431.560
27684,431.573
27685,431.586
27686,431.601
27687,431.615
27688,431.632
27689,431.646
27690,431.738
27691,431.808
27692,431.876
27693,431.894
27694,431.907
27695,431.921
27696,431.935
27697,432.000
27698,432.012
27699,432.026
27700,432.038
27701,432.051
27702,432.064
27703,432.078
27704,432.096
27705,432.160
27706,432.254
27707,432.268
27708,432.283
27709,432.297
27710,432.318
27711,432.340
27712,432.362
27713,432.382
27714,432.395
27715,432.408
27716,432.420
27717,432.438
27718,432.459
27719,432.477
27720,432.501
27721,432.512
27722,432.526
27723,432.542
27724,432.557
27725,432.579
27726,432.596
27727,432.615
27728,432.640
27729,432.658
27730,432.680
27731,432.698
27732,432.711
27733,432.724
27734,432.738
27735,432.750
27736,432.764
27737,432.786
27738,432.795
27739,432.809
27740,432.829
27741,432.840
27742,432.853
27743,432.864
27744,432.876
27745,432.891
27746,432.904
27747,432.918
27748,432.934
27749,432.948
27750,432.962
27751,432.975
27752,432.988
27753,433.004
27754,433.123
27755,433.150
27756,433.229
27757,433.293
27758,433.302
27759,433.310
27760,433.328
27761,433.337
27762,433.346
27763,433.355
27764,433.364
27765,433.374
27766,433.392
27767,433.407
27768,433.423
27769,433.432
27770,433.441
27771,433.450
27772,433.463
27773,433.483
27774,433.549
27775,433.563
27776,433.624
27777,433.645
27778,433.669
27779,433.682
27780,433.695
27781,433.720
27782,433.747
27783,433.767
27784,433.792
27785,433.818
27786,433.829
27787,433.840
27788,433.852
27789,433.874
27790,433.896
27791,433.922
27792,433.956
27793,433.976
27794,433.987
27795,433.999
27796,434.010
27797,434.023
27798,434.048
27799,434.079
27800,434.097
27801,434.112
27802,434.127
27803,434.142
27804,434.158
27805,434.175
27806,434.190
27807,434.205
27808,434.212
27809,434.220
27810,434.235
27811,434.243
27812,434.251
27813,434.266
27814,434.275
27815,434.282
27816,434.299
27817,434.309
27818,434.317
27819,434.331
27820,434.338
27821,434.347
27822,434.355
27823,434.372
27824,434.386
27825,434.394
27826,434.402
27827,434.418
27828,434.437
27829,434.452
27830,434.470
27831,434.484
27832,434.498
27833,434.600
27834,434.623
27835,434.641
27836,434.710
27837,434.728
27838,434.743
27839,434.810
27840,434.825
27841,434.839
27842,434.904
27843,434.923
27844,434.939
27845,434.946
27846,434.955
27847,434.962
27848,434.970
27849,434.978
27850,434.992
27851,434.999
27852,435.007
27853,435.022
27854,435.030
27855,435.037
27856,435.051
27857,435.069
27858,435.082
27859,435.095
27860,435.110
27861,435.137
27862,435.162
27863,435.187
27864,435.213
27865,435.225
27866,435.237
27867,435.249
27868,435.272
27869,435.291
27870,435.306
27871,435.319
27872,435.343
27873,435.371
27874,435.393
27875,435.419
27876,435.440
27877,435.464
27878,435.493
27879,435.515
27880,435.531
27881,435.605
27882,435.625
27883,435.641
27884,435.656
27885,435.724
27886,435.743
27887,435.757
27888,435.825
27889,435.842
27890,435.856
27891,435.924
27892,435.944
27893,435.961
27894,435.968
27895,435.976
27896,435.984
27897,435.993
27898,436.061
27899,436.077
27900,436.091
27901,436.106
27902,436.171
27903,436.187
27904,436.200
27905,436.218
27906,436.234
27907,436.248
27908,436.261
27909,436.279
27910,436.295
27911,436.309
27912,436.329
27913,436.344
27914,436.357
27915,436.371
27916,436.385
27917,436.399
27918,436.463
27919,436.479
27920,436.492
27921,436.506
27922,436.573
27923,436.587
27924,436.616
27925,436.644
27926,436.671
27927,436.705
27928,436.726
27929,436.749
27930,436.771
27931,436.792
27932,436.813
27933,436.841
27934,436.867
27935,436.888
27936,436.917
27937,436.939
27938,436.966
27939,436.992
27940,437.008
27941,437.024
27942,437.038
27943,437.059
27944,437.067
27945,437.075
27946,437.092
27947,437.110
27948,437.125
27949,437.138
27950,437.154
27951,437.167
27952,437.179
27953,437.193
27954,437.207
27955,437.223
27956,437.237
27957,437.245
27958,437.253
27959,437.272
27960,437.297
27961,437.313
27962,437.330
27963,437.343
27964,437.358
27965,437.371
27966,437.386
27967,437.404
27968,437.418
27969,437.432
27970,437.448
27971,437.463
27972,437.477
27973,437.491
27974,437.507
27975,437.521
27976,437.535
27977,437.606
27978,437.623
27979,437.638
27980,437.652
27981,437.749
27982,437.774
27983,437.792
27984,437.856
27985,437.870
27986,437.884
27987,437.952
27988,437.969
27989,437.998
27990,438.028
27991,438.053
27992,438.080
27993,438.206
27994,438.242
27995,438.274
27996,438.350
27997,438.375
27998,438.400
27999,438.430
28000,438.445
28001,438.461
28002,438.477
28003,438.492
28004,438.507
28005,438.530
28006,438.546
28007,438.560
28008,438.574
28009,438.587
28010,438.601
28011,438.620
28012,438.635
28013,438.655
28014,438.676
28015,438.695
28016,438.710
28017,438.725
28018,438.740
28019,438.755
28020,438.771
28021,438.786
28022,438.800
28023,438.814
28024,438.829
28025,438.847
28026,438.869
28027,438.888
28028,438.911
28029,438.925
28030,438.940
28031,438.955
28032,438.970
28033,438.983
28034,438.997
28035,439.013
28036,439.027
28037,439.046
28038,439.070
28039,439.084
28040,439.100
28041,439.114
28042,439.128
28043,439.144
28044,439.156
28045,439.174
28046,439.197
28047,439.210
28048,439.225
28049,439.242
28050,439.264
28051,439.295
28052,439.377
28053,439.465
28054,439.492
28055,439.574
28056,439.594
28057,439.674
28058,439.685
28059,439.697
28060,439.709
28061,439.720
28062,439.731
28063,439.755
28064,439.770
28065,439.785
28066,439.804
28067,439.822
28068,439.840
28069,439.853
28070,439.871
28071,439.887
28072,439.895
28073,439.905
28074,439.913
28075,439.928
28076,439.942
28077,439.956
28078,439.972
28079,439.988
28080,440.002
28081,440.016
28082,440.031
28083,440.046
28084,440.060
28085,440.077
28086,440.091
28087,440.100
28088,440.108
28089,440.127
28090,440.153
28091,440.171
28092,440.188
28093,440.202
28094,440.216
28095,440.230
28096,440.244
28097,440.262
28098,440.276
28099,440.289
28100,440.304
28101,440.320
28102,440.334
28103,440.405
28104,440.425
28105,440.440
28106,440.455
28107,440.516
28108,440.532
28109,440.548
28110,440.567
28111,440.581
28112,440.595
28113,440.693
28114,440.717
28115,440.737
28116,440.812
28117,440.837
28118,440.863
28119,440.889
28120,440.910
28121,440.933
28122,440.956
28123,440.977
28124,440.999
28125,441.031
28126,441.054
28127,441.075
28128,441.096
28129,441.117
28130,441.153
28131,441.179
28132,441.200
28133,441.225
28134,441.242
28135,441.259
28136,441.275
28137,441.293
28138,441.309
28139,441.324
28140,441.339
28141,441.353
28142,441.367
28143,441.382
28144,441.401
28145,441.423
28146,441.444
28147,441.468
28148,441.482
28149,441.496
28150,441.509
28151,441.525
28152,441.538
28153,441.557
28154,441.581
28155,441.594
28156,441.608
28157,441.622
28158,441.635
28159,441.650
28160,441.664
28161,441.683
28162,441.708
28163,441.722
28164,441.736
28165,441.755
28166,441.777
28167,441.791
28168,441.804
28169,441.823
28170,441.887
28171,441.900
28172,441.964
28173,441.971
28174,441.980
28175,441.988
28176,441.996
28177,442.003
28178,442.015
28179,442.023
28180,442.031
28181,442.040
28182,442.054
28183,442.068
28184,442.077
28185,442.085
28186,442.093
28187,442.103
28188,442.116
28189,442.138
28190,442.166
28191,442.193
28192,442.216
28193,442.228
28194,442.241
28195,442.255
28196,442.267
28197,442.287
28198,442.308
28199,442.331
28200,442.353
28201,442.377
28202,442.396
28203,442.409
28204,442.421
28205,442.444
28206,442.474
28207,442.558
28208,442.575
28209,442.591
28210,442.605
28211,442.711
28212,442.736
28213,442.756
28214,442.816
28215,442.834
28216,442.847
28217,442.868
28218,442.884
28219,442.899
28220,442.912
28221,442.926
28222,442.939
28223,442.953
28224,442.967
28225,442.981
28226,442.996
28227,443.010
28228,443.024
28229,443.040
28230,443.054
28231,443.068
28232,443.080
28233,443.096
28234,443.110
28235,443.125
28236,443.139
28237,443.152
28238,443.172
28239,443.185
28240,443.204
28241,443.218
28242,443.232
28243,443.246
28244,443.261
28245,443.277
28246,443.292
28247,443.303
28248,443.313
28249,443.321
28250,443.333
28251,443.351
28252,443.365
28253,443.384
28254,443.393
28255,443.408
28256,443.416
28257,443.425
28258,443.434
28259,443.442
28260,443.455
28261,443.473
28262,443.490
28263,443.518
28264,443.535
28265,443.559
28266,443.584
28267,443.612
28268,443.634
28269,443.651
28270,443.671
28271,443.693
28272,443.715
28273,443.727
28274,443.740
28275,443.754
28276,443.776
28277,443.796
28278,443.807
28279,443.818
28280,443.836
28281,443.866
28282,443.884
28283,443.901
28284,443.916
28285,443.925
28286,443.934
28287,443.943
28288,443.957
28289,443.977
28290,443.988
28291,444.001
28292,444.019
28293,444.032
28294,444.040
28295,444.049
28296,444.064
28297,444.082
28298,444.100
28299,444.118
28300,444.131
28301,444.145
28302,444.245
28303,444.269
28304,444.288
28305,444.350
28306,444.368
28307,444.437
28308,444.452
28309,444.465
28310,444.479
28311,444.548
28312,444.563
28313,444.577
28314,444.592
28315,444.607
28316,444.621
28317,444.637
28318,444.650
28319,444.664
28320,444.679
28321,444.694
28322,444.708
28323,444.723
28324,444.737
28325,444.751
28326,444.765
28327,444.779
28328,444.794
28329,444.811
28330,444.824
28331,444.839
28332,444.855
28333,444.869
28334,444.880
28335,444.908
28336,444.934
28337,444.947
28338,444.961
28339,444.985
28340,445.008
28341,445.022
28342,445.034
28343,445.060
28344,445.086
28345,445.110
28346,445.130
28347,445.153
28348,445.174
28349,445.195
28350,445.217
28351,445.351
28352,445.378
28353,445.399
28354,445.463
28355,445.479
28356,445.494
28357,445.515
28358,445.533
28359,445.551
28360,445.570
28361,445.586
28362,445.599
28363,445.607
28364,445.615
28365,445.631
28366,445.651
28367,445.666
28368,445.679
28369,445.693
28370,445.706
28371,445.803
28372,445.826
28373,445.885
28374,445.900
28375,445.914
28376,445.933
28377,445.949
28378,445.968
28379,445.988
28380,446.006
28381,446.028
28382,446.046
28383,446.069
28384,446.084
28385,446.093
28386,446.101
28387,446.117
28388,446.132
28389,446.141
28390,446.150
28391,446.165
28392,446.183
28393,446.249
28394,446.265
28395,446.278
28396,446.291
28397,446.306
28398,446.423
28399,446.464
28400,446.552
28401,446.577
28402,446.600
28403,446.630
28404,446.650
28405,446.674
28406,446.697
28407,446.727
28408,446.749
28409,446.775
28410,446.799
28411,446.823
28412,446.838
28413,446.854
28414,446.871
28415,446.887
28416,446.902
28417,446.919
28418,446.934
28419,446.949
28420,446.963
28421,446.977
28422,446.991
28423,447.005
28424,447.017
28425,447.090
28426,447.110
28427,447.125
28428,447.140
28429,447.157
28430,447.173
28431,447.239
28432,447.259
28433,447.279
28434,447.304
28435,447.321
28436,447.329
28437,447.337
28438,447.355
28439,447.378
28440,447.392
28441,447.411
28442,447.424
28443,447.444
28444,447.458
28445,447.478
28446,447.493
28447,447.511
28448,447.522
28449,447.537
28450,447.552
28451,447.567
28452,447.583
28453,447.591
28454,447.599
28455,447.607
28456,447.615
28457,447.623
28458,447.641
28459,447.655
28460,447.668
28461,447.682
28462,447.695
28463,447.710
28464,447.717
28465,447.726
28466,447.734
28467,447.747
28468,447.768
28469,447.792
28470,447.821
28471,447.847
28472,447.872
28473,447.907
28474,447.942
28475,447.966
28476,448.100
28477,448.135
28478,448.221
28479,448.260
28480,448.286
28481,448.304
28482,448.324
28483,448.341
28484,448.360
28485,448.376
28486,448.391
28487,448.457
28488,448.475
28489,448.538
28490,448.555
28491,448.620
28492,448.639
28493,448.853
28494,448.876
28495,449.005
28496,449.139
28497,449.206
28498,449.225
28499,449.286
28500,449.307
28501,449.369
28502,449.442
28503,449.455
28504,449.469
28505,449.483
28506,449.497
28507,449.514
28508,449.531
28509,449.668
28510,449.752
28511,449.772
28512,449.786
28513,449.799
28514,449.820
28515,449.831
28516,449.843
28517,449.863
28518,449.890
28519,449.901
28520,449.912
28521,449.949
28522,449.984
28523,450.002
28524,450.017
28525,450.026
28526,450.036
28527,450.053
28528,450.072
28529,450.094
28530,450.111
28531,450.125
28532,450.224
28533,450.247
28534,450.267
28535,450.330
28536,450.346
28537,450.359
28538,450.373
28539,450.392
28540,450.405
28541,450.422
28542,450.441
28543,450.463
28544,450.477
28545,450.492
28546,450.507
28547,450.517
28548,450.530
28549,450.544
28550,450.561
28551,450.577
28552,450.591
28553,450.605
28554,450.616
28555,450.629
28556,450.643
28557,450.657
28558,450.674
28559,450.682
28560,450.690
28561,450.697
28562,450.705
28563,450.712
28564,450.720
28565,450.735
28566,450.742
28567,450.751
28568,450.758
28569,450.767
28570,450.780
28571,450.794
28572,450.810
28573,450.826
28574,450.839
28575,450.847
28576,450.855
28577,450.922
28578,450.941
28579,451.014
28580,451.041
28581,451.066
28582,451.080
28583,451.094
28584,451.108
28585,451.129
28586,451.141
28587,451.155
28588,451.169
28589,451.182
28590,451.195
28591,451.213
28592,451.236
28593,451.258
28594,451.279
28595,451.292
28596,451.303
28597,451.326
28598,451.350
28599,451.385
28600,451.413
28601,451.517
28602,451.542
28603,451.563
28604,451.624
28605,451.640
28606,451.654
28607,451.667
28608,451.686
28609,451.700
28610,451.717
28611,451.736
28612,451.759
28613,451.774
28614,451.788
28615,451.803
28616,451.811
28617,451.824
28618,451.833
28619,451.846
28620,451.859
28621,451.873
28622,451.891
28623,451.899
28624,451.906
28625,451.914
28626,451.927
28627,451.934
28628,451.942
28629,451.950
28630,451.957
28631,451.965
28632,451.977
28633,451.995
28634,452.007
28635,452.024
28636,452.033
28637,452.046
28638,452.060
28639,452.074
28640,452.091
28641,452.099
28642,452.107
28643,452.116
28644,452.133
28645,452.151
28646,452.164
28647,452.265
28648,452.332
28649,452.350
28650,452.364
28651,452.378
28652,452.392
28653,452.470
28654,452.501
28655,452.599
28656,452.625
28657,452.648
28658,452.777
28659,452.865
28660,452.892
28661,452.918
28662,452.944
28663,452.964
28664,453.039
28665,453.059
28666,453.165
28667,453.197
28668,453.216
28669,453.235
28670,453.254
28671,453.273
28672,453.293
28673,453.313
28674,453.348
28675,453.350
28676,453.375
28677,453.388
28678,453.407
28679,453.425
28680,453.445
28681,453.465
28682,453.543
28683,453.570
28684,453.585
28685,453.661
28686,453.686
28687,453.763
28688,453.790
28689,453.805
28690,453.875
28691,453.898
28692,453.974
28693,454.000
28694,454.015
28695,454.029
28696,454.135
28697,454.176
28698,454.269
28699,454.302
28700,454.396
28701,454.435
28702,454.456
28703,454.552
28704,454.584
28705,454.607
28706,454.632
28707,454.647
28708,454.724
28709,454.751
28710,454.822
28711,454.846
28712,454.862
28713,454.877
28714,454.951
28715,454.977
28716,455.050
28717,455.076
28718,455.148
28719,455.174
28720,455.246
28721,455.271
28722,455.342
28723,455.367
28724,455.439
28725,455.464
28726,455.538
28727,455.563
28728,455.638
28729,455.663
28730,455.734
28731,455.758
28732,455.849
28733,455.891
28734,455.992
28735,456.027
28736,456.124
28737,456.160
28738,456.250
28739,456.284
28740,456.385
28741,456.415
28742,456.490
28743,456.518
28744,456.533
28745,456.604
28746,456.631
28747,456.651
28748,456.677
28749,456.694
28750,456.770
28751,456.795
28752,456.867
28753,456.892
28754,456.907
28755,456.978
28756,457.003
28757,457.017
28758,457.089
28759,457.115
28760,457.194
28761,457.219
28762,457.234
28763,457.249
28764,457.325
28765,457.350
28766,457.423
28767,457.449
28768,457.548
28769,457.566
28770,457.688
28771,457.831
28772,457.858
28773,457.987
28774,458.114
28775,458.134
28776,458.231
28777,458.249
28778,458.258
28779,458.268
28780,458.277
28781,458.286
28782,458.305
28783,458.331
28784,458.346
28785,458.361
28786,458.376
28787,458.390
28788,458.411
28789,458.490
28790,458.506
28791,458.570
28792,458.587
28793,458.600
28794,458.618
28795,458.630
28796,458.647
28797,458.662
28798,458.670
28799,458.678
28800,458.691
28801,458.708
28802,458.718
28803,458.731
28804,458.745
28805,458.760
28806,458.775
28807,458.791
28808,458.808
28809,458.823
28810,458.832
28811,458.842
28812,458.852
28813,458.867
28814,458.883
28815,458.898
28816,458.916
28817,458.927
28818,458.937
28819,458.946
28820,458.955
28821,458.972
28822,458.985
28823,458.995
28824,459.004
28825,459.020
28826,459.038
28827,459.053
28828,459.072
28829,459.094
28830,459.122
28831,459.157
28832,459.195
28833,459.222
28834,459.245
28835,459.260
28836,459.276
28837,459.291
28838,459.314
28839,459.343
28840,459.375
28841,459.408
28842,459.432
28843,459.453
28844,459.480
28845,459.495
28846,459.513
28847,459.531
28848,459.554
28849,459.572
28850,459.589
28851,459.606
28852,459.627
28853,459.644
28854,459.661
28855,459.672
28856,459.686
28857,459.701
28858,459.715
28859,459.724
28860,459.732
28861,459.745
28862,459.765
28863,459.775
28864,459.790
28865,459.804
28866,459.818
28867,459.834
28868,459.850
28869,459.865
28870,459.880
28871,459.890
28872,459.900
28873,459.910
28874,459.925
28875,459.942
28876,459.957
28877,459.975
28878,459.984
28879,459.994
28880,460.005
28881,460.016
28882,460.035
28883,460.050
28884,460.061
28885,460.072
28886,460.090
28887,460.111
28888,460.127
28889,460.148
28890,460.162
28891,460.181
28892,460.203
28893,460.228
28894,460.244
28895,460.259
28896,460.269
28897,460.280
28898,460.290
28899,460.303
28900,460.322
28901,460.343
28902,460.366
28903,460.381
28904,460.397
28905,460.411
28906,460.420
28907,460.428
28908,460.460
28909,460.491
28910,460.516
28911,460.542
28912,460.563
28913,460.590
28914,460.617
28915,460.642
28916,460.658
28917,460.680
28918,460.702
28919,460.723
28920,460.734
28921,460.747
28922,460.768
28923,460.793
28924,460.807
28925,460.831
28926,460.855
28927,460.870
28928,460.888
28929,460.905
28930,460.921
28931,460.936
28932,460.947
28933,460.958
28934,460.968
28935,460.983
28936,460.999
28937,461.017
28938,461.032
28939,461.042
28940,461.051
28941,461.061
28942,461.071
28943,461.086
28944,461.096
28945,461.106
28946,461.116
28947,461.137
28948,461.160
28949,461.175
28950,461.188
28951,461.208
28952,461.219
28953,461.233
28954,461.246
28955,461.261
28956,461.276
28957,461.295
28958,461.314
28959,461.337
28960,461.352
28961,461.366
28962,461.380
28963,461.394
28964,461.410
28965,461.427
28966,461.442
28967,461.459
28968,461.501
28969,461.501
28970,461.503
28971,461.518
28972,461.533
28973,461.551
28974,461.564
28975,461.582
28976,461.594
28977,461.612
28978,461.626
28979,461.644
28980,461.654
28981,461.664
28982,461.681
28983,461.700
28984,461.721
28985,461.744
28986,461.757
28987,461.786
28988,461.817
28989,461.853
28990,461.875
28991,461.902
28992,461.934
28993,461.968
28994,461.998
28995,462.025
28996,462.048
28997,462.069
28998,462.091
28999,462.118
29000,462.148
29001,462.174
29002,462.192
29003,462.212
29004,462.232
29005,462.248
29006,462.268
29007,462.287
29008,462.301
29009,462.321
29010,462.339
29011,462.354
29012,462.369
29013,462.384
29014,462.399
29015,462.416
29016,462.433
29017,462.448
29018,462.464
29019,462.479
29020,462.495
29021,462.509
29022,462.526
29023,462.607
29024,462.626
29025,462.699
29026,462.717
29027,462.733
29028,462.748
29029,462.765
29030,462.783
29031,462.801
29032,462.815
29033,462.833
29034,462.848
29035,462.865
29036,462.880
29037,462.897
29038,462.917
29039,462.935
29040,462.951
29041,462.967
29042,462.983
29043,463.000
29044,463.018
29045,463.037
29046,463.053
29047,463.071
29048,463.087
29049,463.105
29050,463.117
29051,463.145
29052,463.172
29053,463.203
29054,463.233
29055,463.261
29056,463.283
29057,463.309
29058,463.408
29059,463.433
29060,463.519
29061,463.552
29062,463.578
29063,463.600
29064,463.616
29065,463.633
29066,463.652
29067,463.672
29068,463.747
29069,463.821
29070,463.841
29071,463.856
29072,463.870
29073,463.884
29074,463.959
29075,464.039
29076,464.115
29077,464.136
29078,464.152
29079,464.168
29080,464.183
29081,464.198
29082,464.268
29083,464.343
29084,464.423
29085,464.443
29086,464.459
29087,464.476
29088,464.496
29089,464.512
29090,464.533
29091,464.557
29092,464.579
29093,464.595
29094,464.618
29095,464.640
29096,464.658
29097,464.680
29098,464.696
29099,464.714
29100,464.736
29101,464.749
29102,464.774
29103,464.802
29104,464.828
29105,464.856
29106,464.882
29107,464.914
29108,464.939
29109,464.966
29110,464.988
29111,465.013
29112,465.041
29113,465.063
29114,465.089
29115,465.123
29116,465.157
29117,465.182
29118,465.204
29119,465.221
29120,465.239
29121,465.260
29122,465.343
29123,465.364
29124,465.380
29125,465.395
29126,465.470
29127,465.490
29128,465.511
29129,465.530
29130,465.547
29131,465.567
29132,465.580
29133,465.648
29134,465.722
29135,465.791
29136,465.809
29137,465.877
29138,465.951
29139,466.022
29140,466.041
29141,466.057
29142,466.075
29143,466.090
29144,466.105
29145,466.180
29146,466.199
29147,466.215
29148,466.279
29149,466.299
29150,466.312
29151,466.392
29152,466.422
29153,466.516
29154,466.546
29155,466.570
29156,466.596
29157,466.624
29158,466.647
29159,466.675
29160,466.703
29161,466.731
29162,466.757
29163,466.794
29164,466.815
29165,466.833
29166,466.856
29167,466.872
29168,466.896
29169,466.916
29170,466.929
29171,466.944
29172,466.959
29173,466.972
29174,466.986
29175,467.004
29176,467.023
29177,467.037
29178,467.054
29179,467.073
29180,467.088
29181,467.102
29182,467.121
29183,467.136
29184,467.151
29185,467.170
29186,467.184
29187,467.200
29188,467.218
29189,467.231
29190,467.246
29191,467.265
29192,467.343
29193,467.364
29194,467.380
29195,467.395
29196,467.480
29197,467.503
29198,467.521
29199,467.537
29200,467.553
29201,467.631
29202,467.651
29203,467.671
29204,467.691
29205,467.705
29206,467.719
29207,467.734
29208,467.818
29209,467.918
29210,468.013
29211,468.040
29212,468.063
29213,468.092
29214,468.113
29215,468.133
29216,468.155
29217,468.182
29218,468.273
29219,468.294
29220,468.310
29221,468.390
29222,468.411
29223,468.426
29224,468.506
29225,468.525
29226,468.629
29227,468.707
29228,468.727
29229,468.792
29230,468.811
29231,468.827
29232,468.846
29233,468.860
29234,468.874
29235,468.888
29236,468.903
29237,468.922
29238,468.937
29239,468.951
29240,468.966
29241,468.982
29242,469.002
29243,469.015
29244,469.030
29245,469.044
29246,469.062
29247,469.080
29248,469.147
29249,469.222
29250,469.294
29251,469.314
29252,469.329
29253,469.344
29254,469.363
29255,469.377
29256,469.406
29257,469.439
29258,469.473
29259,469.499
29260,469.527
29261,469.556
29262,469.582
29263,469.611
29264,469.634
29265,469.659
29266,469.687
29267,469.709
29268,469.730
29269,469.758
29270,469.788
29271,469.807
29272,469.828
29273,469.844
29274,469.865
29275,469.888
29276,469.906
29277,469.925
29278,469.943
29279,469.962
29280,469.976
29281,470.042
29282,470.114
29283,470.131
29284,470.150
29285,470.168
29286,470.187
29287,470.205
29288,470.218
29289,470.284
29290,470.354
29291,470.371
29292,470.389
29293,470.408
29294,470.427
29295,470.447
29296,470.461
29297,470.475
29298,470.489
29299,470.554
29300,470.625
29301,470.696
29302,470.715
29303,470.780
29304,470.851
29305,470.919
29306,470.946
29307,470.976
29308,471.007
29309,471.101
29310,471.130
29311,471.151
29312,471.241
29313,471.269
29314,471.363
29315,471.401
29316,471.427
29317,471.510
29318,471.530
29319,471.636
29320,471.704
29321,471.723
29322,471.739
29323,471.760
29324,471.776
29325,471.792
29326,471.806
29327,471.821
29328,471.838
29329,471.853
29330,471.870
29331,471.887
29332,471.905
29333,471.923
29334,471.941
29335,471.955
29336,471.970
29337,471.987
29338,472.002
29339,472.021
29340,472.040
29341,472.059
29342,472.073
29343,472.092
29344,472.111
29345,472.127
29346,472.145
29347,472.159
29348,472.175
29349,472.194
29350,472.208
29351,472.222
29352,472.237
29353,472.251
29354,472.266
29355,472.282
29356,472.300
29357,472.313
29358,472.328
29359,472.346
29360,472.360
29361,472.374
29362,472.405
29363,472.428
29364,472.454
29365,472.485
29366,472.506
29367,472.530
29368,472.558
29369,472.580
29370,472.603
29371,472.630
29372,472.659
29373,472.684
29374,472.709
29375,472.742
29376,472.764
29377,472.832
29378,472.905
29379,472.924
29380,472.941
29381,472.959
29382,472.978
29383,472.997
29384,473.011
29385,473.084
29386,473.158
29387,473.228
29388,473.247
29389,473.314
29390,473.381
29391,473.400
29392,473.417
29393,473.435
29394,473.502
29395,473.520
29396,473.534
29397,473.603
29398,473.621
29399,473.700
29400,473.720
29401,473.736
29402,473.815
29403,473.835
29404,473.939
29405,474.007
29406,474.033
29407,474.060
29408,474.091
29409,474.115
29410,474.138
29411,474.160
29412,474.183
29413,474.210
29414,474.233
29415,474.261
29416,474.287
29417,474.314
29418,474.335
29419,474.429
29420,474.451
29421,474.522
29422,474.540
29423,474.609
29424,474.628
29425,474.643
29426,474.662
29427,474.680
29428,474.695
29429,474.713
29430,474.732
29431,474.752
29432,474.766
29433,474.785
29434,474.804
29435,474.820
29436,474.839
29437,474.853
29438,474.872
29439,474.890
29440,474.904
29441,474.917
29442,474.931
29443,474.945
29444,474.959
29445,474.977
29446,474.996
29447,475.010
29448,475.025
29449,475.045
29450,475.061
29451,475.077
29452,475.100
29453,475.119
29454,475.136
29455,475.163
29456,475.180
29457,475.197
29458,475.217
29459,475.234
29460,475.250
29461,475.270
29462,475.352
29463,475.375
29464,475.391
29465,475.416
29466,475.522
29467,475.557
29468,475.580
29469,475.687
29470,475.719
29471,475.747
29472,475.844
29473,475.876
29474,475.911
29475,475.935
29476,476.009
29477,476.030
29478,476.104
29479,476.123
29480,476.192
29481,476.213
29482,476.228
29483,476.244
29484,476.263
29485,476.280
29486,476.301
29487,476.322
29488,476.341
29489,476.356
29490,476.376
29491,476.397
29492,476.414
29493,476.435
29494,476.450
29495,476.467
29496,476.489
29497,476.504
29498,476.519
29499,476.533
29500,476.547
29501,476.563
29502,476.580
29503,476.599
29504,476.614
29505,476.631
29506,476.651
29507,476.667
29508,476.684
29509,476.705
29510,476.720
29511,476.737
29512,476.759
29513,476.773
29514,476.790
29515,476.810
29516,476.824
29517,476.841
29518,476.860
29519,476.881
29520,476.899
29521,476.930
29522,476.960
29523,476.991
29524,477.024
29525,477.046
29526,477.070
29527,477.092
29528,477.120
29529,477.150
29530,477.173
29531,477.286
29532,477.392
29533,477.413
29534,477.436
29535,477.459
29536,477.480
29537,477.504
29538,477.519
29539,477.586
29540,477.659
29541,477.732
29542,477.752
29543,477.831
29544,477.852
29545,477.916
29546,477.935
29547,477.949
29548,477.964
29549,478.032
29550,478.103
29551,478.121
29552,478.142
29553,478.162
29554,478.176
29555,478.246
29556,478.266
29557,478.336
29558,478.357
29559,478.430
29560,478.451
29561,478.467
29562,478.488
29563,478.507
29564,478.522
29565,478.542
29566,478.563
29567,478.581
29568,478.604
29569,478.636
29570,478.670
29571,478.698
29572,478.728
29573,478.751
29574,478.783
29575,478.812
29576,478.835
29577,478.858
29578,478.880
29579,478.902
29580,478.924
29581,478.955
29582,478.986
29583,479.003
29584,479.021
29585,479.041
29586,479.056
29587,479.074
29588,479.094
29589,479.108
29590,479.124
29591,479.142
29592,479.156
29593,479.172
29594,479.193
29595,479.204
29596,479.219
29597,479.239
29598,479.321
29599,479.342
29600,479.358
29601,479.374
29602,479.446
29603,479.466
29604,479.480
29605,479.496
29606,479.515
29607,479.530
29608,479.551
29609,479.570
29610,479.591
29611,479.612
29612,479.684
29613,479.705
29614,479.775
29615,479.794
29616,479.863
29617,479.882
29618,479.896
29619,479.912
29620,479.931
29621,479.946
29622,479.965
29623,479.985
29624,480.004
29625,480.023
29626,480.057
29627,480.090
29628,480.119
29629,480.150
29630,480.174
29631,480.199
29632,480.231
29633,480.253
29634,480.276
29635,480.297
29636,480.318
29637,480.339
29638,480.364
29639,480.401
29640,480.423
29641,480.441
29642,480.463
29643,480.479
29644,480.495
29645,480.517
29646,480.531
29647,480.546
29648,480.565
29649,480.579
29650,480.595
29651,480.615
29652,480.629
29653,480.645
29654,480.664
29655,480.686
29656,480.706
29657,480.725
29658,480.744
29659,480.762
29660,480.782
29661,480.796
29662,480.811
29663,480.825
29664,480.843
29665,480.861
29666,480.875
29667,480.940
29668,481.011
29669,481.031
29670,481.050
29671,481.070
29672,481.090
29673,481.112
29674,481.127
29675,481.142
29676,481.157
29677,481.225
29678,481.295
29679,481.366
29680,481.385
29681,481.459
29682,481.489
29683,481.585
29684,481.616
29685,481.638
29686,481.661
29687,481.688
29688,481.718
29689,481.805
29690,481.896
29691,481.997
29692,482.020
29693,482.037
29694,482.054
29695,482.077
29696,482.093
29697,482.112
29698,482.134
29699,482.154
29700,482.169
29701,482.188
29702,482.208
29703,482.226
29704,482.247
29705,482.263
29706,482.280
29707,482.299
29708,482.313
29709,482.328
29710,482.343
29711,482.358
29712,482.376
29713,482.391
29714,482.410
29715,482.423
29716,482.439
29717,482.457
29718,482.470
29719,482.490
29720,482.509
29721,482.528
29722,482.547
29723,482.566
29724,482.586
29725,482.600
29726,482.614
29727,482.629
29728,482.698
29729,482.769
29730,482.840
29731,482.858
29732,482.936
29733,482.955
29734,483.030
29735,483.061
29736,483.086
29737,483.112
29738,483.140
29739,483.168
29740,483.254
29741,483.347
29742,483.440
29743,483.476
29744,483.501
29745,483.525
29746,483.543
29747,483.563
29748,483.583
29749,483.599
29750,483.617
29751,483.640
29752,483.660
29753,483.676
29754,483.697
29755,483.719
29756,483.737
29757,483.759
29758,483.775
29759,483.798
29760,483.819
29761,483.834
29762,483.849
29763,483.863
29764,483.877
29765,483.891
29766,483.906
29767,483.926
29768,483.945
29769,483.960
29770,483.978
29771,483.993
29772,484.009
29773,484.029
29774,484.044
29775,484.061
29776,484.081
29777,484.097
29778,484.114
29779,484.132
29780,484.147
29781,484.167
29782,484.186
29783,484.206
29784,484.226
29785,484.242
29786,484.315
29787,484.384
29788,484.401
29789,484.421
29790,484.440
29791,484.580
29792,484.630
29793,484.660
29794,484.689
29795,484.719
29796,484.748
29797,484.777
29798,484.805
29799,484.835
29800,484.871
29801,484.891
29802,484.912
29803,484.933
29804,484.954
29805,484.976
29806,484.996
29807,485.015
29808,485.089
29809,485.115
29810,485.133
29811,485.152
29812,485.178
29813,485.192
29814,485.207
29815,485.226
29816,485.244
29817,485.261
29818,485.278
29819,485.298
29820,485.324
29821,485.338
29822,485.353
29823,485.368
29824,485.386
29825,485.401
29826,485.421
29827,485.440
29828,485.467
29829,485.483
29830,485.497
29831,485.516
29832,485.535
29833,485.553
29834,485.570
29835,485.590
29836,485.616
29837,485.631
29838,485.646
29839,485.660
29840,485.680
29841,485.701
29842,485.727
29843,485.743
29844,485.758
29845,485.773
29846,485.800
29847,485.827
29848,485.855
29849,485.886
29850,485.923
29851,485.945
29852,485.968
29853,485.994
29854,486.023
29855,486.050
29856,486.080
29857,486.107
29858,486.152
29859,486.179
29860,486.199
29861,486.217
29862,486.239
29863,486.255
29864,486.274
29865,486.298
29866,486.324
29867,486.340
29868,486.356
29869,486.373
29870,486.394
29871,486.411
29872,486.432
29873,486.454
29874,486.485
29875,486.502
29876,486.517
29877,486.534
29878,486.555
29879,486.572
29880,486.594
29881,486.614
29882,486.641
29883,486.658
29884,486.673
29885,486.691
29886,486.710
29887,486.729
29888,486.751
29889,486.775
29890,486.806
29891,486.822
29892,486.838
29893,486.854
29894,486.874
29895,486.895
29896,486.921
29897,486.936
29898,486.951
29899,486.970
29900,486.989
29901,487.007
29902,487.025
29903,487.044
29904,487.075
29905,487.091
29906,487.107
29907,487.129
29908,487.161
29909,487.192
29910,487.224
29911,487.256
29912,487.296
29913,487.319
29914,487.341
29915,487.366
29916,487.396
29917,487.418
29918,487.447
29919,487.477
29920,487.525
29921,487.552
29922,487.571
29923,487.590
29924,487.611
29925,487.633
29926,487.663
29927,487.681
29928,487.700
29929,487.721
29930,487.747
29931,487.767
29932,487.793
29933,487.867
29934,487.883
29935,487.899
29936,487.914
29937,487.983
29938,487.992
29939,488.002
29940,488.011
29941,488.032
29942,488.042
29943,488.053
29944,488.063
29945,488.072
29946,488.082
29947,488.158
29948,488.172
29949,488.245
29950,488.264
29951,488.279
29952,488.301
29953,488.319
29954,488.334
29955,488.350
29956,488.370
29957,488.395
29958,488.408
29959,488.428
29960,488.448
29961,488.468
29962,488.478
29963,488.488
29964,488.509
29965,488.536
